 
****************************************
Report : area
Design : poly_fir_mult_kernel
Version: O-2018.06-SP5
Date   : Sat May 23 05:39:35 2026
****************************************

Library(s) Used:

    tcbn28hpcplusbwp40p140ssg0p81vm40c_ccs (File: /export1/Library/TN28HPC+/STD_CELL_ext/track9_200824/TSMCHOME/digital/Front_End/timing_power_noise/CCS/tcbn28hpcplusbwp40p140_180a/tcbn28hpcplusbwp40p140ssg0p81vm40c_ccs.db)
    tcbn28hpcplusbwp40p140lvtssg0p81vm40c_ccs (File: /export1/Library/TN28HPC+/STD_CELL_ext/track9_200824/TSMCHOME/digital/Front_End/timing_power_noise/CCS/tcbn28hpcplusbwp40p140lvt_180a/tcbn28hpcplusbwp40p140lvtssg0p81vm40c_ccs.db)
    tcbn28hpcplusbwp40p140hvtssg0p81vm40c_ccs (File: /export1/Library/TN28HPC+/STD_CELL_ext/track9_200824/TSMCHOME/digital/Front_End/timing_power_noise/CCS/tcbn28hpcplusbwp40p140hvt_180a/tcbn28hpcplusbwp40p140hvtssg0p81vm40c_ccs.db)

Number of ports:                       427370
Number of nets:                       2847557
Number of cells:                      1954171
Number of combinational cells:        1853596
Number of sequential cells:             98304
Number of macros/black boxes:               0
Number of buf/inv:                     135299
Number of references:                    2211

Combinational area:            1894502.585812
Buf/Inv area:                    34441.596520
Noncombinational area:          185794.558594
Macro/Black Box area:                0.000000
Net Interconnect area:      undefined  (Wire load has zero net area)

Total cell area:               2080297.144406
Total area:                 undefined

Hierarchical area distribution
------------------------------

                                  Global cell area                Local cell area
                                  ---------------------  --------------------------------- 
Hierarchical cell                 Absolute      Percent  Combi-        Noncombi-    Black-
                                  Total         Total    national      national     boxes   Design
--------------------------------  ------------  -------  ------------  -----------  ------  -----------------------------------------------
poly_fir_mult_kernel              2080297.1444    100.0    69064.8828  185794.5586  0.0000  poly_fir_mult_kernel
DP_OP_8256J2_122_8885               24852.6177      1.2    24852.6177       0.0000  0.0000  poly_fir_mult_kernel_DP_OP_8256J2_122_8885_J2_0
DP_OP_8257J2_123_419                24502.4638      1.2    24502.4638       0.0000  0.0000  poly_fir_mult_kernel_DP_OP_8257J2_123_419_J2_0
DP_OP_8258J2_124_8232               24063.1017      1.2    24063.1017       0.0000  0.0000  poly_fir_mult_kernel_DP_OP_8258J2_124_8232_J2_0
DP_OP_8259J2_125_3562               23708.4118      1.1    23708.4118       0.0000  0.0000  poly_fir_mult_kernel_DP_OP_8259J2_125_3562_J2_0
DP_OP_8260J2_126_5627               23314.1578      1.1    23314.1578       0.0000  0.0000  poly_fir_mult_kernel_DP_OP_8260J2_126_5627_J2_0
DP_OP_8261J2_127_2916               22922.1718      1.1    22922.1718       0.0000  0.0000  poly_fir_mult_kernel_DP_OP_8261J2_127_2916_J2_0
DP_OP_8262J2_128_7457               22511.6638      1.1    22511.6638       0.0000  0.0000  poly_fir_mult_kernel_DP_OP_8262J2_128_7457_J2_0
DP_OP_8263J2_129_6059               22111.9918      1.1    22111.9918       0.0000  0.0000  poly_fir_mult_kernel_DP_OP_8263J2_129_6059_J2_0
DP_OP_8264J2_130_8124               21704.2558      1.0    21704.2558       0.0000  0.0000  poly_fir_mult_kernel_DP_OP_8264J2_130_8124_J2_0
DP_OP_8265J2_131_5413               21338.7298      1.0    21338.7298       0.0000  0.0000  poly_fir_mult_kernel_DP_OP_8265J2_131_5413_J2_0
DP_OP_8266J2_132_9954               20942.3338      1.0    20942.3338       0.0000  0.0000  poly_fir_mult_kernel_DP_OP_8266J2_132_9954_J2_0
DP_OP_8267J2_133_4307               20530.3138      1.0    20530.3138       0.0000  0.0000  poly_fir_mult_kernel_DP_OP_8267J2_133_4307_J2_0
DP_OP_8268J2_134_638                20148.7858      1.0    20148.7858       0.0000  0.0000  poly_fir_mult_kernel_DP_OP_8268J2_134_638_J2_0
DP_OP_8269J2_135_2107               19754.7838      0.9    19754.7838       0.0000  0.0000  poly_fir_mult_kernel_DP_OP_8269J2_135_2107_J2_0
DP_OP_8270J2_136_2415               19356.8758      0.9    19356.8758       0.0000  0.0000  poly_fir_mult_kernel_DP_OP_8270J2_136_2415_J2_0
DP_OP_8271J2_137_6804               18978.2458      0.9    18978.2458       0.0000  0.0000  poly_fir_mult_kernel_DP_OP_8271J2_137_6804_J2_0
DP_OP_8272J2_138_3135               18581.4718      0.9    18581.4718       0.0000  0.0000  poly_fir_mult_kernel_DP_OP_8272J2_138_3135_J2_0
DP_OP_8273J2_139_4604               18199.6918      0.9    18199.6918       0.0000  0.0000  poly_fir_mult_kernel_DP_OP_8273J2_139_4604_J2_0
DP_OP_8274J2_140_4912               17803.7998      0.9    17803.7998       0.0000  0.0000  poly_fir_mult_kernel_DP_OP_8274J2_140_4912_J2_0
DP_OP_8275J2_141_9280               17410.4278      0.8    17410.4278       0.0000  0.0000  poly_fir_mult_kernel_DP_OP_8275J2_141_9280_J2_0
DP_OP_8276J2_142_9844               16996.6438      0.8    16996.6438       0.0000  0.0000  poly_fir_mult_kernel_DP_OP_8276J2_142_9844_J2_0
DP_OP_8277J2_143_7101               16604.5318      0.8    16604.5318       0.0000  0.0000  poly_fir_mult_kernel_DP_OP_8277J2_143_7101_J2_0
DP_OP_8278J2_144_3176               16213.5538      0.8    16213.5538       0.0000  0.0000  poly_fir_mult_kernel_DP_OP_8278J2_144_3176_J2_0
DP_OP_8279J2_145_1810               15831.7738      0.8    15831.7738       0.0000  0.0000  poly_fir_mult_kernel_DP_OP_8279J2_145_1810_J2_0
DP_OP_8280J2_146_2374               15415.8478      0.7    15415.8478       0.0000  0.0000  poly_fir_mult_kernel_DP_OP_8280J2_146_2374_J2_0
DP_OP_8281J2_147_9598               15019.8298      0.7    15019.8298       0.0000  0.0000  poly_fir_mult_kernel_DP_OP_8281J2_147_9598_J2_0
DP_OP_8282J2_148_5673               14640.3179      0.7    14640.3179       0.0000  0.0000  poly_fir_mult_kernel_DP_OP_8282J2_148_5673_J2_0
DP_OP_8283J2_149_58                 14252.9939      0.7    14252.9939       0.0000  0.0000  poly_fir_mult_kernel_DP_OP_8283J2_149_58_J2_0
DP_OP_8284J2_150_4855               13849.5419      0.7    13849.5419       0.0000  0.0000  poly_fir_mult_kernel_DP_OP_8284J2_150_4855_J2_0
DP_OP_8285J2_151_6356               13448.9879      0.6    13448.9879       0.0000  0.0000  poly_fir_mult_kernel_DP_OP_8285J2_151_6356_J2_0
DP_OP_8286J2_152_8165               13066.5779      0.6    13066.5779       0.0000  0.0000  poly_fir_mult_kernel_DP_OP_8286J2_152_8165_J2_0
DP_OP_8287J2_153_2555               12677.7419      0.6    12677.7419       0.0000  0.0000  poly_fir_mult_kernel_DP_OP_8287J2_153_2555_J2_0
DP_OP_8288J2_154_7352               12292.0559      0.6    12292.0559       0.0000  0.0000  poly_fir_mult_kernel_DP_OP_8288J2_154_7352_J2_0
DP_OP_8289J2_155_8853               11899.6919      0.6    11899.6919       0.0000  0.0000  poly_fir_mult_kernel_DP_OP_8289J2_155_8853_J2_0
DP_OP_8290J2_156_695                11504.4299      0.6    11504.4299       0.0000  0.0000  poly_fir_mult_kernel_DP_OP_8290J2_156_695_J2_0
DP_OP_8291J2_157_2029               11111.9399      0.5    11111.9399       0.0000  0.0000  poly_fir_mult_kernel_DP_OP_8291J2_157_2029_J2_0
DP_OP_8292J2_158_4094               10716.6779      0.5    10716.6779       0.0000  0.0000  poly_fir_mult_kernel_DP_OP_8292J2_158_4094_J2_0
DP_OP_8293J2_159_1383               10322.8019      0.5    10322.8019       0.0000  0.0000  poly_fir_mult_kernel_DP_OP_8293J2_159_1383_J2_0
DP_OP_8294J2_160_5924                9930.3119      0.5     9930.3119       0.0000  0.0000  poly_fir_mult_kernel_DP_OP_8294J2_160_5924_J2_0
DP_OP_8295J2_161_4526                9537.6959      0.5     9537.6959       0.0000  0.0000  poly_fir_mult_kernel_DP_OP_8295J2_161_4526_J2_0
DP_OP_8296J2_162_6591                9143.4419      0.4     9143.4419       0.0000  0.0000  poly_fir_mult_kernel_DP_OP_8296J2_162_6591_J2_0
DP_OP_8297J2_163_3880                8745.9119      0.4     8745.9119       0.0000  0.0000  poly_fir_mult_kernel_DP_OP_8297J2_163_3880_J2_0
DP_OP_8298J2_164_8421                8353.0439      0.4     8353.0439       0.0000  0.0000  poly_fir_mult_kernel_DP_OP_8298J2_164_8421_J2_0
DP_OP_8299J2_165_2774                7954.0019      0.4     7954.0019       0.0000  0.0000  poly_fir_mult_kernel_DP_OP_8299J2_165_2774_J2_0
DP_OP_8300J2_166_9072                7567.8119      0.4     7567.8119       0.0000  0.0000  poly_fir_mult_kernel_DP_OP_8300J2_166_9072_J2_0
DP_OP_8301J2_167_446                 7166.2499      0.3     7166.2499       0.0000  0.0000  poly_fir_mult_kernel_DP_OP_8301J2_167_446_J2_0
DP_OP_8302J2_168_1010                6771.8699      0.3     6771.8699       0.0000  0.0000  poly_fir_mult_kernel_DP_OP_8302J2_168_1010_J2_0
DP_OP_8303J2_169_5271                6383.0339      0.3     6383.0339       0.0000  0.0000  poly_fir_mult_kernel_DP_OP_8303J2_169_5271_J2_0
DP_OP_8304J2_170_1602                5988.2759      0.3     5988.2759       0.0000  0.0000  poly_fir_mult_kernel_DP_OP_8304J2_170_1602_J2_0
DP_OP_8305J2_171_2943                5595.0299      0.3     5595.0299       0.0000  0.0000  poly_fir_mult_kernel_DP_OP_8305J2_171_2943_J2_0
DP_OP_8306J2_172_3507                5197.6260      0.2     5197.6260       0.0000  0.0000  poly_fir_mult_kernel_DP_OP_8306J2_172_3507_J2_0
DP_OP_8307J2_173_7747                4802.8680      0.2     4802.8680       0.0000  0.0000  poly_fir_mult_kernel_DP_OP_8307J2_173_7747_J2_0
DP_OP_8308J2_174_8311                4405.4640      0.2     4405.4640       0.0000  0.0000  poly_fir_mult_kernel_DP_OP_8308J2_174_8311_J2_0
DP_OP_8309J2_175_5440                4012.0920      0.2     4012.0920       0.0000  0.0000  poly_fir_mult_kernel_DP_OP_8309J2_175_5440_J2_0
DP_OP_8310J2_176_1771                3617.8380      0.2     3617.8380       0.0000  0.0000  poly_fir_mult_kernel_DP_OP_8310J2_176_1771_J2_0
DP_OP_8311J2_177_277                 3226.6080      0.2     3226.6080       0.0000  0.0000  poly_fir_mult_kernel_DP_OP_8311J2_177_277_J2_0
DP_OP_8312J2_178_841                 2831.4720      0.1     2831.4720       0.0000  0.0000  poly_fir_mult_kernel_DP_OP_8312J2_178_841_J2_0
DP_OP_8313J2_179_7937                2434.9500      0.1     2434.9500       0.0000  0.0000  poly_fir_mult_kernel_DP_OP_8313J2_179_7937_J2_0
DP_OP_8314J2_180_4268                2043.5940      0.1     2043.5940       0.0000  0.0000  poly_fir_mult_kernel_DP_OP_8314J2_180_4268_J2_0
DP_OP_8315J2_181_8492                1647.8280      0.1     1647.8280       0.0000  0.0000  poly_fir_mult_kernel_DP_OP_8315J2_181_8492_J2_0
DP_OP_8316J2_182_3322                1254.9600      0.1     1254.9600       0.0000  0.0000  poly_fir_mult_kernel_DP_OP_8316J2_182_3322_J2_0
DP_OP_8317J2_183_4695                 853.5240      0.0      853.5240       0.0000  0.0000  poly_fir_mult_kernel_DP_OP_8317J2_183_4695_J2_0
DP_OP_8318J2_184_6760                 427.6440      0.0      427.6440       0.0000  0.0000  poly_fir_mult_kernel_DP_OP_8318J2_184_6760_J2_0
mult_x_1                              399.5460      0.0      399.5460       0.0000  0.0000  poly_fir_mult_kernel_DW_mult_uns_J2_2079
mult_x_10                             398.9160      0.0      398.9160       0.0000  0.0000  poly_fir_mult_kernel_DW_mult_uns_J2_2070
mult_x_100                            398.6640      0.0      398.6640       0.0000  0.0000  poly_fir_mult_kernel_DW_mult_uns_J2_1980
mult_x_1000                           398.6640      0.0      398.6640       0.0000  0.0000  poly_fir_mult_kernel_DW_mult_uns_J2_1080
mult_x_1001                           398.6640      0.0      398.6640       0.0000  0.0000  poly_fir_mult_kernel_DW_mult_uns_J2_1079
mult_x_1002                           398.6640      0.0      398.6640       0.0000  0.0000  poly_fir_mult_kernel_DW_mult_uns_J2_1078
mult_x_1003                           398.6640      0.0      398.6640       0.0000  0.0000  poly_fir_mult_kernel_DW_mult_uns_J2_1077
mult_x_1004                           398.6640      0.0      398.6640       0.0000  0.0000  poly_fir_mult_kernel_DW_mult_uns_J2_1076
mult_x_1005                           398.6640      0.0      398.6640       0.0000  0.0000  poly_fir_mult_kernel_DW_mult_uns_J2_1075
mult_x_1006                           399.0420      0.0      399.0420       0.0000  0.0000  poly_fir_mult_kernel_DW_mult_uns_J2_1074
mult_x_1007                           399.1680      0.0      399.1680       0.0000  0.0000  poly_fir_mult_kernel_DW_mult_uns_J2_1073
mult_x_1008                           398.6640      0.0      398.6640       0.0000  0.0000  poly_fir_mult_kernel_DW_mult_uns_J2_1072
mult_x_1009                           398.6640      0.0      398.6640       0.0000  0.0000  poly_fir_mult_kernel_DW_mult_uns_J2_1071
mult_x_101                            398.6640      0.0      398.6640       0.0000  0.0000  poly_fir_mult_kernel_DW_mult_uns_J2_1979
mult_x_1010                           398.9160      0.0      398.9160       0.0000  0.0000  poly_fir_mult_kernel_DW_mult_uns_J2_1070
mult_x_1011                           398.6640      0.0      398.6640       0.0000  0.0000  poly_fir_mult_kernel_DW_mult_uns_J2_1069
mult_x_1012                           398.6640      0.0      398.6640       0.0000  0.0000  poly_fir_mult_kernel_DW_mult_uns_J2_1068
mult_x_1013                           398.6640      0.0      398.6640       0.0000  0.0000  poly_fir_mult_kernel_DW_mult_uns_J2_1067
mult_x_1014                           398.6640      0.0      398.6640       0.0000  0.0000  poly_fir_mult_kernel_DW_mult_uns_J2_1066
mult_x_1015                           398.6640      0.0      398.6640       0.0000  0.0000  poly_fir_mult_kernel_DW_mult_uns_J2_1065
mult_x_1016                           399.5460      0.0      399.5460       0.0000  0.0000  poly_fir_mult_kernel_DW_mult_uns_J2_1064
mult_x_1017                           399.1680      0.0      399.1680       0.0000  0.0000  poly_fir_mult_kernel_DW_mult_uns_J2_1063
mult_x_1018                           398.6640      0.0      398.6640       0.0000  0.0000  poly_fir_mult_kernel_DW_mult_uns_J2_1062
mult_x_1019                           398.9160      0.0      398.9160       0.0000  0.0000  poly_fir_mult_kernel_DW_mult_uns_J2_1061
mult_x_102                            398.7900      0.0      398.7900       0.0000  0.0000  poly_fir_mult_kernel_DW_mult_uns_J2_1978
mult_x_1020                           398.6640      0.0      398.6640       0.0000  0.0000  poly_fir_mult_kernel_DW_mult_uns_J2_1060
mult_x_1021                           398.6640      0.0      398.6640       0.0000  0.0000  poly_fir_mult_kernel_DW_mult_uns_J2_1059
mult_x_1022                           398.6640      0.0      398.6640       0.0000  0.0000  poly_fir_mult_kernel_DW_mult_uns_J2_1058
mult_x_1023                           398.6640      0.0      398.6640       0.0000  0.0000  poly_fir_mult_kernel_DW_mult_uns_J2_1057
mult_x_1024                           398.6640      0.0      398.6640       0.0000  0.0000  poly_fir_mult_kernel_DW_mult_uns_J2_1056
mult_x_1025                           398.6640      0.0      398.6640       0.0000  0.0000  poly_fir_mult_kernel_DW_mult_uns_J2_1055
mult_x_1026                           399.0420      0.0      399.0420       0.0000  0.0000  poly_fir_mult_kernel_DW_mult_uns_J2_1054
mult_x_1027                           398.9160      0.0      398.9160       0.0000  0.0000  poly_fir_mult_kernel_DW_mult_uns_J2_1053
mult_x_1028                           398.6640      0.0      398.6640       0.0000  0.0000  poly_fir_mult_kernel_DW_mult_uns_J2_1052
mult_x_1029                           398.6640      0.0      398.6640       0.0000  0.0000  poly_fir_mult_kernel_DW_mult_uns_J2_1051
mult_x_103                            398.6640      0.0      398.6640       0.0000  0.0000  poly_fir_mult_kernel_DW_mult_uns_J2_1977
mult_x_1030                           398.6640      0.0      398.6640       0.0000  0.0000  poly_fir_mult_kernel_DW_mult_uns_J2_1050
mult_x_1031                           398.9160      0.0      398.9160       0.0000  0.0000  poly_fir_mult_kernel_DW_mult_uns_J2_1049
mult_x_1032                           398.6640      0.0      398.6640       0.0000  0.0000  poly_fir_mult_kernel_DW_mult_uns_J2_1048
mult_x_1033                           398.6640      0.0      398.6640       0.0000  0.0000  poly_fir_mult_kernel_DW_mult_uns_J2_1047
mult_x_1034                           398.6640      0.0      398.6640       0.0000  0.0000  poly_fir_mult_kernel_DW_mult_uns_J2_1046
mult_x_1035                           398.6640      0.0      398.6640       0.0000  0.0000  poly_fir_mult_kernel_DW_mult_uns_J2_1045
mult_x_1036                           398.7900      0.0      398.7900       0.0000  0.0000  poly_fir_mult_kernel_DW_mult_uns_J2_1044
mult_x_1037                           398.6640      0.0      398.6640       0.0000  0.0000  poly_fir_mult_kernel_DW_mult_uns_J2_1043
mult_x_1038                           398.6640      0.0      398.6640       0.0000  0.0000  poly_fir_mult_kernel_DW_mult_uns_J2_1042
mult_x_1039                           398.6640      0.0      398.6640       0.0000  0.0000  poly_fir_mult_kernel_DW_mult_uns_J2_1041
mult_x_104                            398.6640      0.0      398.6640       0.0000  0.0000  poly_fir_mult_kernel_DW_mult_uns_J2_1976
mult_x_1040                           398.6640      0.0      398.6640       0.0000  0.0000  poly_fir_mult_kernel_DW_mult_uns_J2_1040
mult_x_1041                           398.6640      0.0      398.6640       0.0000  0.0000  poly_fir_mult_kernel_DW_mult_uns_J2_1039
mult_x_1042                           398.6640      0.0      398.6640       0.0000  0.0000  poly_fir_mult_kernel_DW_mult_uns_J2_1038
mult_x_1043                           398.6640      0.0      398.6640       0.0000  0.0000  poly_fir_mult_kernel_DW_mult_uns_J2_1037
mult_x_1044                           398.6640      0.0      398.6640       0.0000  0.0000  poly_fir_mult_kernel_DW_mult_uns_J2_1036
mult_x_1045                           398.6640      0.0      398.6640       0.0000  0.0000  poly_fir_mult_kernel_DW_mult_uns_J2_1035
mult_x_1046                           398.6640      0.0      398.6640       0.0000  0.0000  poly_fir_mult_kernel_DW_mult_uns_J2_1034
mult_x_1047                           398.6640      0.0      398.6640       0.0000  0.0000  poly_fir_mult_kernel_DW_mult_uns_J2_1033
mult_x_1048                           398.6640      0.0      398.6640       0.0000  0.0000  poly_fir_mult_kernel_DW_mult_uns_J2_1032
mult_x_1049                           399.2940      0.0      399.2940       0.0000  0.0000  poly_fir_mult_kernel_DW_mult_uns_J2_1031
mult_x_105                            398.6640      0.0      398.6640       0.0000  0.0000  poly_fir_mult_kernel_DW_mult_uns_J2_1975
mult_x_1050                           399.1680      0.0      399.1680       0.0000  0.0000  poly_fir_mult_kernel_DW_mult_uns_J2_1030
mult_x_1051                           398.6640      0.0      398.6640       0.0000  0.0000  poly_fir_mult_kernel_DW_mult_uns_J2_1029
mult_x_1052                           398.6640      0.0      398.6640       0.0000  0.0000  poly_fir_mult_kernel_DW_mult_uns_J2_1028
mult_x_1053                           398.6640      0.0      398.6640       0.0000  0.0000  poly_fir_mult_kernel_DW_mult_uns_J2_1027
mult_x_1054                           398.6640      0.0      398.6640       0.0000  0.0000  poly_fir_mult_kernel_DW_mult_uns_J2_1026
mult_x_1055                           398.6640      0.0      398.6640       0.0000  0.0000  poly_fir_mult_kernel_DW_mult_uns_J2_1025
mult_x_1056                           398.6640      0.0      398.6640       0.0000  0.0000  poly_fir_mult_kernel_DW_mult_uns_J2_1024
mult_x_1057                           398.6640      0.0      398.6640       0.0000  0.0000  poly_fir_mult_kernel_DW_mult_uns_J2_1023
mult_x_1058                           398.9160      0.0      398.9160       0.0000  0.0000  poly_fir_mult_kernel_DW_mult_uns_J2_1022
mult_x_1059                           399.2940      0.0      399.2940       0.0000  0.0000  poly_fir_mult_kernel_DW_mult_uns_J2_1021
mult_x_106                            398.6640      0.0      398.6640       0.0000  0.0000  poly_fir_mult_kernel_DW_mult_uns_J2_1974
mult_x_1060                           399.1680      0.0      399.1680       0.0000  0.0000  poly_fir_mult_kernel_DW_mult_uns_J2_1020
mult_x_1061                           398.9160      0.0      398.9160       0.0000  0.0000  poly_fir_mult_kernel_DW_mult_uns_J2_1019
mult_x_1062                           398.6640      0.0      398.6640       0.0000  0.0000  poly_fir_mult_kernel_DW_mult_uns_J2_1018
mult_x_1063                           398.6640      0.0      398.6640       0.0000  0.0000  poly_fir_mult_kernel_DW_mult_uns_J2_1017
mult_x_1064                           398.9160      0.0      398.9160       0.0000  0.0000  poly_fir_mult_kernel_DW_mult_uns_J2_1016
mult_x_1065                           398.6640      0.0      398.6640       0.0000  0.0000  poly_fir_mult_kernel_DW_mult_uns_J2_1015
mult_x_1066                           398.6640      0.0      398.6640       0.0000  0.0000  poly_fir_mult_kernel_DW_mult_uns_J2_1014
mult_x_1067                           398.6640      0.0      398.6640       0.0000  0.0000  poly_fir_mult_kernel_DW_mult_uns_J2_1013
mult_x_1068                           398.6640      0.0      398.6640       0.0000  0.0000  poly_fir_mult_kernel_DW_mult_uns_J2_1012
mult_x_1069                           399.0420      0.0      399.0420       0.0000  0.0000  poly_fir_mult_kernel_DW_mult_uns_J2_1011
mult_x_107                            398.6640      0.0      398.6640       0.0000  0.0000  poly_fir_mult_kernel_DW_mult_uns_J2_1973
mult_x_1070                           398.9160      0.0      398.9160       0.0000  0.0000  poly_fir_mult_kernel_DW_mult_uns_J2_1010
mult_x_1071                           398.6640      0.0      398.6640       0.0000  0.0000  poly_fir_mult_kernel_DW_mult_uns_J2_1009
mult_x_1072                           398.6640      0.0      398.6640       0.0000  0.0000  poly_fir_mult_kernel_DW_mult_uns_J2_1008
mult_x_1073                           398.9160      0.0      398.9160       0.0000  0.0000  poly_fir_mult_kernel_DW_mult_uns_J2_1007
mult_x_1074                           398.9160      0.0      398.9160       0.0000  0.0000  poly_fir_mult_kernel_DW_mult_uns_J2_1006
mult_x_1075                           398.9160      0.0      398.9160       0.0000  0.0000  poly_fir_mult_kernel_DW_mult_uns_J2_1005
mult_x_1076                           398.9160      0.0      398.9160       0.0000  0.0000  poly_fir_mult_kernel_DW_mult_uns_J2_1004
mult_x_1077                           398.6640      0.0      398.6640       0.0000  0.0000  poly_fir_mult_kernel_DW_mult_uns_J2_1003
mult_x_1078                           398.6640      0.0      398.6640       0.0000  0.0000  poly_fir_mult_kernel_DW_mult_uns_J2_1002
mult_x_1079                           398.7900      0.0      398.7900       0.0000  0.0000  poly_fir_mult_kernel_DW_mult_uns_J2_1001
mult_x_108                            398.6640      0.0      398.6640       0.0000  0.0000  poly_fir_mult_kernel_DW_mult_uns_J2_1972
mult_x_1080                           398.6640      0.0      398.6640       0.0000  0.0000  poly_fir_mult_kernel_DW_mult_uns_J2_1000
mult_x_1081                           398.6640      0.0      398.6640       0.0000  0.0000  poly_fir_mult_kernel_DW_mult_uns_J2_999
mult_x_1082                           398.6640      0.0      398.6640       0.0000  0.0000  poly_fir_mult_kernel_DW_mult_uns_J2_998
mult_x_1083                           398.6640      0.0      398.6640       0.0000  0.0000  poly_fir_mult_kernel_DW_mult_uns_J2_997
mult_x_1084                           398.6640      0.0      398.6640       0.0000  0.0000  poly_fir_mult_kernel_DW_mult_uns_J2_996
mult_x_1085                           398.6640      0.0      398.6640       0.0000  0.0000  poly_fir_mult_kernel_DW_mult_uns_J2_995
mult_x_1086                           398.6640      0.0      398.6640       0.0000  0.0000  poly_fir_mult_kernel_DW_mult_uns_J2_994
mult_x_1087                           398.6640      0.0      398.6640       0.0000  0.0000  poly_fir_mult_kernel_DW_mult_uns_J2_993
mult_x_1088                           398.6640      0.0      398.6640       0.0000  0.0000  poly_fir_mult_kernel_DW_mult_uns_J2_992
mult_x_1089                           398.7900      0.0      398.7900       0.0000  0.0000  poly_fir_mult_kernel_DW_mult_uns_J2_991
mult_x_109                            398.6640      0.0      398.6640       0.0000  0.0000  poly_fir_mult_kernel_DW_mult_uns_J2_1971
mult_x_1090                           398.6640      0.0      398.6640       0.0000  0.0000  poly_fir_mult_kernel_DW_mult_uns_J2_990
mult_x_1091                           399.5460      0.0      399.5460       0.0000  0.0000  poly_fir_mult_kernel_DW_mult_uns_J2_989
mult_x_1092                           399.1680      0.0      399.1680       0.0000  0.0000  poly_fir_mult_kernel_DW_mult_uns_J2_988
mult_x_1093                           398.6640      0.0      398.6640       0.0000  0.0000  poly_fir_mult_kernel_DW_mult_uns_J2_987
mult_x_1094                           398.6640      0.0      398.6640       0.0000  0.0000  poly_fir_mult_kernel_DW_mult_uns_J2_986
mult_x_1095                           398.6640      0.0      398.6640       0.0000  0.0000  poly_fir_mult_kernel_DW_mult_uns_J2_985
mult_x_1096                           398.6640      0.0      398.6640       0.0000  0.0000  poly_fir_mult_kernel_DW_mult_uns_J2_984
mult_x_1097                           398.6640      0.0      398.6640       0.0000  0.0000  poly_fir_mult_kernel_DW_mult_uns_J2_983
mult_x_1098                           398.6640      0.0      398.6640       0.0000  0.0000  poly_fir_mult_kernel_DW_mult_uns_J2_982
mult_x_1099                           398.6640      0.0      398.6640       0.0000  0.0000  poly_fir_mult_kernel_DW_mult_uns_J2_981
mult_x_11                             399.2940      0.0      399.2940       0.0000  0.0000  poly_fir_mult_kernel_DW_mult_uns_J2_2069
mult_x_110                            398.6640      0.0      398.6640       0.0000  0.0000  poly_fir_mult_kernel_DW_mult_uns_J2_1970
mult_x_1100                           398.9160      0.0      398.9160       0.0000  0.0000  poly_fir_mult_kernel_DW_mult_uns_J2_980
mult_x_1101                           399.2940      0.0      399.2940       0.0000  0.0000  poly_fir_mult_kernel_DW_mult_uns_J2_979
mult_x_1102                           399.1680      0.0      399.1680       0.0000  0.0000  poly_fir_mult_kernel_DW_mult_uns_J2_978
mult_x_1103                           398.6640      0.0      398.6640       0.0000  0.0000  poly_fir_mult_kernel_DW_mult_uns_J2_977
mult_x_1104                           398.6640      0.0      398.6640       0.0000  0.0000  poly_fir_mult_kernel_DW_mult_uns_J2_976
mult_x_1105                           398.6640      0.0      398.6640       0.0000  0.0000  poly_fir_mult_kernel_DW_mult_uns_J2_975
mult_x_1106                           398.6640      0.0      398.6640       0.0000  0.0000  poly_fir_mult_kernel_DW_mult_uns_J2_974
mult_x_1107                           398.6640      0.0      398.6640       0.0000  0.0000  poly_fir_mult_kernel_DW_mult_uns_J2_973
mult_x_1108                           398.6640      0.0      398.6640       0.0000  0.0000  poly_fir_mult_kernel_DW_mult_uns_J2_972
mult_x_1109                           398.6640      0.0      398.6640       0.0000  0.0000  poly_fir_mult_kernel_DW_mult_uns_J2_971
mult_x_111                            398.6640      0.0      398.6640       0.0000  0.0000  poly_fir_mult_kernel_DW_mult_uns_J2_1969
mult_x_1110                           398.6640      0.0      398.6640       0.0000  0.0000  poly_fir_mult_kernel_DW_mult_uns_J2_970
mult_x_1111                           399.0420      0.0      399.0420       0.0000  0.0000  poly_fir_mult_kernel_DW_mult_uns_J2_969
mult_x_1112                           398.9160      0.0      398.9160       0.0000  0.0000  poly_fir_mult_kernel_DW_mult_uns_J2_968
mult_x_1113                           398.6640      0.0      398.6640       0.0000  0.0000  poly_fir_mult_kernel_DW_mult_uns_J2_967
mult_x_1114                           398.6640      0.0      398.6640       0.0000  0.0000  poly_fir_mult_kernel_DW_mult_uns_J2_966
mult_x_1115                           398.9160      0.0      398.9160       0.0000  0.0000  poly_fir_mult_kernel_DW_mult_uns_J2_965
mult_x_1116                           398.6640      0.0      398.6640       0.0000  0.0000  poly_fir_mult_kernel_DW_mult_uns_J2_964
mult_x_1117                           398.6640      0.0      398.6640       0.0000  0.0000  poly_fir_mult_kernel_DW_mult_uns_J2_963
mult_x_1118                           398.6640      0.0      398.6640       0.0000  0.0000  poly_fir_mult_kernel_DW_mult_uns_J2_962
mult_x_1119                           398.6640      0.0      398.6640       0.0000  0.0000  poly_fir_mult_kernel_DW_mult_uns_J2_961
mult_x_112                            398.7900      0.0      398.7900       0.0000  0.0000  poly_fir_mult_kernel_DW_mult_uns_J2_1968
mult_x_1120                           398.6640      0.0      398.6640       0.0000  0.0000  poly_fir_mult_kernel_DW_mult_uns_J2_960
mult_x_1121                           398.7900      0.0      398.7900       0.0000  0.0000  poly_fir_mult_kernel_DW_mult_uns_J2_959
mult_x_1122                           398.6640      0.0      398.6640       0.0000  0.0000  poly_fir_mult_kernel_DW_mult_uns_J2_958
mult_x_1123                           398.6640      0.0      398.6640       0.0000  0.0000  poly_fir_mult_kernel_DW_mult_uns_J2_957
mult_x_1124                           398.6640      0.0      398.6640       0.0000  0.0000  poly_fir_mult_kernel_DW_mult_uns_J2_956
mult_x_1125                           398.6640      0.0      398.6640       0.0000  0.0000  poly_fir_mult_kernel_DW_mult_uns_J2_955
mult_x_1126                           398.6640      0.0      398.6640       0.0000  0.0000  poly_fir_mult_kernel_DW_mult_uns_J2_954
mult_x_1127                           398.6640      0.0      398.6640       0.0000  0.0000  poly_fir_mult_kernel_DW_mult_uns_J2_953
mult_x_1128                           398.6640      0.0      398.6640       0.0000  0.0000  poly_fir_mult_kernel_DW_mult_uns_J2_952
mult_x_1129                           398.6640      0.0      398.6640       0.0000  0.0000  poly_fir_mult_kernel_DW_mult_uns_J2_951
mult_x_113                            398.6640      0.0      398.6640       0.0000  0.0000  poly_fir_mult_kernel_DW_mult_uns_J2_1967
mult_x_1130                           398.6640      0.0      398.6640       0.0000  0.0000  poly_fir_mult_kernel_DW_mult_uns_J2_950
mult_x_1131                           398.7900      0.0      398.7900       0.0000  0.0000  poly_fir_mult_kernel_DW_mult_uns_J2_949
mult_x_1132                           398.6640      0.0      398.6640       0.0000  0.0000  poly_fir_mult_kernel_DW_mult_uns_J2_948
mult_x_1133                           398.6640      0.0      398.6640       0.0000  0.0000  poly_fir_mult_kernel_DW_mult_uns_J2_947
mult_x_1134                           398.6640      0.0      398.6640       0.0000  0.0000  poly_fir_mult_kernel_DW_mult_uns_J2_946
mult_x_1135                           398.6640      0.0      398.6640       0.0000  0.0000  poly_fir_mult_kernel_DW_mult_uns_J2_945
mult_x_1136                           398.6640      0.0      398.6640       0.0000  0.0000  poly_fir_mult_kernel_DW_mult_uns_J2_944
mult_x_1137                           398.6640      0.0      398.6640       0.0000  0.0000  poly_fir_mult_kernel_DW_mult_uns_J2_943
mult_x_1138                           398.6640      0.0      398.6640       0.0000  0.0000  poly_fir_mult_kernel_DW_mult_uns_J2_942
mult_x_1139                           398.6640      0.0      398.6640       0.0000  0.0000  poly_fir_mult_kernel_DW_mult_uns_J2_941
mult_x_114                            398.6640      0.0      398.6640       0.0000  0.0000  poly_fir_mult_kernel_DW_mult_uns_J2_1966
mult_x_1140                           398.9160      0.0      398.9160       0.0000  0.0000  poly_fir_mult_kernel_DW_mult_uns_J2_940
mult_x_1141                           398.6640      0.0      398.6640       0.0000  0.0000  poly_fir_mult_kernel_DW_mult_uns_J2_939
mult_x_1142                           399.5460      0.0      399.5460       0.0000  0.0000  poly_fir_mult_kernel_DW_mult_uns_J2_938
mult_x_1143                           399.1680      0.0      399.1680       0.0000  0.0000  poly_fir_mult_kernel_DW_mult_uns_J2_937
mult_x_1144                           398.6640      0.0      398.6640       0.0000  0.0000  poly_fir_mult_kernel_DW_mult_uns_J2_936
mult_x_1145                           398.9160      0.0      398.9160       0.0000  0.0000  poly_fir_mult_kernel_DW_mult_uns_J2_935
mult_x_1146                           398.6640      0.0      398.6640       0.0000  0.0000  poly_fir_mult_kernel_DW_mult_uns_J2_934
mult_x_1147                           398.6640      0.0      398.6640       0.0000  0.0000  poly_fir_mult_kernel_DW_mult_uns_J2_933
mult_x_1148                           398.9160      0.0      398.9160       0.0000  0.0000  poly_fir_mult_kernel_DW_mult_uns_J2_932
mult_x_1149                           398.6640      0.0      398.6640       0.0000  0.0000  poly_fir_mult_kernel_DW_mult_uns_J2_931
mult_x_115                            398.6640      0.0      398.6640       0.0000  0.0000  poly_fir_mult_kernel_DW_mult_uns_J2_1965
mult_x_1150                           398.9160      0.0      398.9160       0.0000  0.0000  poly_fir_mult_kernel_DW_mult_uns_J2_930
mult_x_1151                           398.6640      0.0      398.6640       0.0000  0.0000  poly_fir_mult_kernel_DW_mult_uns_J2_929
mult_x_1152                           399.2940      0.0      399.2940       0.0000  0.0000  poly_fir_mult_kernel_DW_mult_uns_J2_928
mult_x_1153                           399.1680      0.0      399.1680       0.0000  0.0000  poly_fir_mult_kernel_DW_mult_uns_J2_927
mult_x_1154                           398.9160      0.0      398.9160       0.0000  0.0000  poly_fir_mult_kernel_DW_mult_uns_J2_926
mult_x_1155                           398.9160      0.0      398.9160       0.0000  0.0000  poly_fir_mult_kernel_DW_mult_uns_J2_925
mult_x_1156                           398.6640      0.0      398.6640       0.0000  0.0000  poly_fir_mult_kernel_DW_mult_uns_J2_924
mult_x_1157                           398.9160      0.0      398.9160       0.0000  0.0000  poly_fir_mult_kernel_DW_mult_uns_J2_923
mult_x_1158                           398.6640      0.0      398.6640       0.0000  0.0000  poly_fir_mult_kernel_DW_mult_uns_J2_922
mult_x_1159                           398.6640      0.0      398.6640       0.0000  0.0000  poly_fir_mult_kernel_DW_mult_uns_J2_921
mult_x_116                            398.6640      0.0      398.6640       0.0000  0.0000  poly_fir_mult_kernel_DW_mult_uns_J2_1964
mult_x_1160                           398.9160      0.0      398.9160       0.0000  0.0000  poly_fir_mult_kernel_DW_mult_uns_J2_920
mult_x_1161                           398.6640      0.0      398.6640       0.0000  0.0000  poly_fir_mult_kernel_DW_mult_uns_J2_919
mult_x_1162                           399.0420      0.0      399.0420       0.0000  0.0000  poly_fir_mult_kernel_DW_mult_uns_J2_918
mult_x_1163                           398.9160      0.0      398.9160       0.0000  0.0000  poly_fir_mult_kernel_DW_mult_uns_J2_917
mult_x_1164                           398.9160      0.0      398.9160       0.0000  0.0000  poly_fir_mult_kernel_DW_mult_uns_J2_916
mult_x_1165                           398.6640      0.0      398.6640       0.0000  0.0000  poly_fir_mult_kernel_DW_mult_uns_J2_915
mult_x_1166                           398.9160      0.0      398.9160       0.0000  0.0000  poly_fir_mult_kernel_DW_mult_uns_J2_914
mult_x_1167                           398.6640      0.0      398.6640       0.0000  0.0000  poly_fir_mult_kernel_DW_mult_uns_J2_913
mult_x_1168                           398.6640      0.0      398.6640       0.0000  0.0000  poly_fir_mult_kernel_DW_mult_uns_J2_912
mult_x_1169                           398.6640      0.0      398.6640       0.0000  0.0000  poly_fir_mult_kernel_DW_mult_uns_J2_911
mult_x_117                            398.6640      0.0      398.6640       0.0000  0.0000  poly_fir_mult_kernel_DW_mult_uns_J2_1963
mult_x_1170                           398.6640      0.0      398.6640       0.0000  0.0000  poly_fir_mult_kernel_DW_mult_uns_J2_910
mult_x_1171                           398.6640      0.0      398.6640       0.0000  0.0000  poly_fir_mult_kernel_DW_mult_uns_J2_909
mult_x_1172                           398.7900      0.0      398.7900       0.0000  0.0000  poly_fir_mult_kernel_DW_mult_uns_J2_908
mult_x_1173                           398.6640      0.0      398.6640       0.0000  0.0000  poly_fir_mult_kernel_DW_mult_uns_J2_907
mult_x_1174                           398.6640      0.0      398.6640       0.0000  0.0000  poly_fir_mult_kernel_DW_mult_uns_J2_906
mult_x_1175                           398.6640      0.0      398.6640       0.0000  0.0000  poly_fir_mult_kernel_DW_mult_uns_J2_905
mult_x_1176                           398.6640      0.0      398.6640       0.0000  0.0000  poly_fir_mult_kernel_DW_mult_uns_J2_904
mult_x_1177                           398.6640      0.0      398.6640       0.0000  0.0000  poly_fir_mult_kernel_DW_mult_uns_J2_903
mult_x_1178                           398.6640      0.0      398.6640       0.0000  0.0000  poly_fir_mult_kernel_DW_mult_uns_J2_902
mult_x_1179                           398.6640      0.0      398.6640       0.0000  0.0000  poly_fir_mult_kernel_DW_mult_uns_J2_901
mult_x_118                            398.6640      0.0      398.6640       0.0000  0.0000  poly_fir_mult_kernel_DW_mult_uns_J2_1962
mult_x_1180                           398.6640      0.0      398.6640       0.0000  0.0000  poly_fir_mult_kernel_DW_mult_uns_J2_900
mult_x_1181                           398.6640      0.0      398.6640       0.0000  0.0000  poly_fir_mult_kernel_DW_mult_uns_J2_899
mult_x_1182                           399.2940      0.0      399.2940       0.0000  0.0000  poly_fir_mult_kernel_DW_mult_uns_J2_898
mult_x_1183                           399.1680      0.0      399.1680       0.0000  0.0000  poly_fir_mult_kernel_DW_mult_uns_J2_897
mult_x_1184                           398.9160      0.0      398.9160       0.0000  0.0000  poly_fir_mult_kernel_DW_mult_uns_J2_896
mult_x_1185                           398.6640      0.0      398.6640       0.0000  0.0000  poly_fir_mult_kernel_DW_mult_uns_J2_895
mult_x_1186                           398.6640      0.0      398.6640       0.0000  0.0000  poly_fir_mult_kernel_DW_mult_uns_J2_894
mult_x_1187                           398.6640      0.0      398.6640       0.0000  0.0000  poly_fir_mult_kernel_DW_mult_uns_J2_893
mult_x_1188                           398.6640      0.0      398.6640       0.0000  0.0000  poly_fir_mult_kernel_DW_mult_uns_J2_892
mult_x_1189                           398.9160      0.0      398.9160       0.0000  0.0000  poly_fir_mult_kernel_DW_mult_uns_J2_891
mult_x_119                            398.6640      0.0      398.6640       0.0000  0.0000  poly_fir_mult_kernel_DW_mult_uns_J2_1961
mult_x_1190                           398.6640      0.0      398.6640       0.0000  0.0000  poly_fir_mult_kernel_DW_mult_uns_J2_890
mult_x_1191                           398.6640      0.0      398.6640       0.0000  0.0000  poly_fir_mult_kernel_DW_mult_uns_J2_889
mult_x_1192                           399.5460      0.0      399.5460       0.0000  0.0000  poly_fir_mult_kernel_DW_mult_uns_J2_888
mult_x_1193                           399.1680      0.0      399.1680       0.0000  0.0000  poly_fir_mult_kernel_DW_mult_uns_J2_887
mult_x_1194                           398.6640      0.0      398.6640       0.0000  0.0000  poly_fir_mult_kernel_DW_mult_uns_J2_886
mult_x_1195                           398.6640      0.0      398.6640       0.0000  0.0000  poly_fir_mult_kernel_DW_mult_uns_J2_885
mult_x_1196                           398.6640      0.0      398.6640       0.0000  0.0000  poly_fir_mult_kernel_DW_mult_uns_J2_884
mult_x_1197                           398.6640      0.0      398.6640       0.0000  0.0000  poly_fir_mult_kernel_DW_mult_uns_J2_883
mult_x_1198                           398.6640      0.0      398.6640       0.0000  0.0000  poly_fir_mult_kernel_DW_mult_uns_J2_882
mult_x_1199                           398.9160      0.0      398.9160       0.0000  0.0000  poly_fir_mult_kernel_DW_mult_uns_J2_881
mult_x_12                             399.1680      0.0      399.1680       0.0000  0.0000  poly_fir_mult_kernel_DW_mult_uns_J2_2068
mult_x_120                            398.6640      0.0      398.6640       0.0000  0.0000  poly_fir_mult_kernel_DW_mult_uns_J2_1960
mult_x_1200                           398.6640      0.0      398.6640       0.0000  0.0000  poly_fir_mult_kernel_DW_mult_uns_J2_880
mult_x_1201                           398.6640      0.0      398.6640       0.0000  0.0000  poly_fir_mult_kernel_DW_mult_uns_J2_879
mult_x_1202                           399.0420      0.0      399.0420       0.0000  0.0000  poly_fir_mult_kernel_DW_mult_uns_J2_878
mult_x_1203                           398.9160      0.0      398.9160       0.0000  0.0000  poly_fir_mult_kernel_DW_mult_uns_J2_877
mult_x_1204                           398.6640      0.0      398.6640       0.0000  0.0000  poly_fir_mult_kernel_DW_mult_uns_J2_876
mult_x_1205                           398.9160      0.0      398.9160       0.0000  0.0000  poly_fir_mult_kernel_DW_mult_uns_J2_875
mult_x_1206                           398.6640      0.0      398.6640       0.0000  0.0000  poly_fir_mult_kernel_DW_mult_uns_J2_874
mult_x_1207                           398.6640      0.0      398.6640       0.0000  0.0000  poly_fir_mult_kernel_DW_mult_uns_J2_873
mult_x_1208                           398.6640      0.0      398.6640       0.0000  0.0000  poly_fir_mult_kernel_DW_mult_uns_J2_872
mult_x_1209                           398.6640      0.0      398.6640       0.0000  0.0000  poly_fir_mult_kernel_DW_mult_uns_J2_871
mult_x_121                            398.6640      0.0      398.6640       0.0000  0.0000  poly_fir_mult_kernel_DW_mult_uns_J2_1959
mult_x_1210                           398.6640      0.0      398.6640       0.0000  0.0000  poly_fir_mult_kernel_DW_mult_uns_J2_870
mult_x_1211                           398.6640      0.0      398.6640       0.0000  0.0000  poly_fir_mult_kernel_DW_mult_uns_J2_869
mult_x_1212                           398.7900      0.0      398.7900       0.0000  0.0000  poly_fir_mult_kernel_DW_mult_uns_J2_868
mult_x_1213                           398.6640      0.0      398.6640       0.0000  0.0000  poly_fir_mult_kernel_DW_mult_uns_J2_867
mult_x_1214                           398.6640      0.0      398.6640       0.0000  0.0000  poly_fir_mult_kernel_DW_mult_uns_J2_866
mult_x_1215                           398.6640      0.0      398.6640       0.0000  0.0000  poly_fir_mult_kernel_DW_mult_uns_J2_865
mult_x_1216                           398.6640      0.0      398.6640       0.0000  0.0000  poly_fir_mult_kernel_DW_mult_uns_J2_864
mult_x_1217                           398.6640      0.0      398.6640       0.0000  0.0000  poly_fir_mult_kernel_DW_mult_uns_J2_863
mult_x_1218                           398.6640      0.0      398.6640       0.0000  0.0000  poly_fir_mult_kernel_DW_mult_uns_J2_862
mult_x_1219                           398.6640      0.0      398.6640       0.0000  0.0000  poly_fir_mult_kernel_DW_mult_uns_J2_861
mult_x_122                            398.7900      0.0      398.7900       0.0000  0.0000  poly_fir_mult_kernel_DW_mult_uns_J2_1958
mult_x_1220                           398.6640      0.0      398.6640       0.0000  0.0000  poly_fir_mult_kernel_DW_mult_uns_J2_860
mult_x_1221                           399.2940      0.0      399.2940       0.0000  0.0000  poly_fir_mult_kernel_DW_mult_uns_J2_859
mult_x_1222                           399.1680      0.0      399.1680       0.0000  0.0000  poly_fir_mult_kernel_DW_mult_uns_J2_858
mult_x_1223                           398.6640      0.0      398.6640       0.0000  0.0000  poly_fir_mult_kernel_DW_mult_uns_J2_857
mult_x_1224                           398.6640      0.0      398.6640       0.0000  0.0000  poly_fir_mult_kernel_DW_mult_uns_J2_856
mult_x_1225                           398.6640      0.0      398.6640       0.0000  0.0000  poly_fir_mult_kernel_DW_mult_uns_J2_855
mult_x_1226                           398.6640      0.0      398.6640       0.0000  0.0000  poly_fir_mult_kernel_DW_mult_uns_J2_854
mult_x_1227                           398.6640      0.0      398.6640       0.0000  0.0000  poly_fir_mult_kernel_DW_mult_uns_J2_853
mult_x_1228                           398.6640      0.0      398.6640       0.0000  0.0000  poly_fir_mult_kernel_DW_mult_uns_J2_852
mult_x_1229                           398.6640      0.0      398.6640       0.0000  0.0000  poly_fir_mult_kernel_DW_mult_uns_J2_851
mult_x_123                            398.6640      0.0      398.6640       0.0000  0.0000  poly_fir_mult_kernel_DW_mult_uns_J2_1957
mult_x_1230                           398.6640      0.0      398.6640       0.0000  0.0000  poly_fir_mult_kernel_DW_mult_uns_J2_850
mult_x_1231                           399.2940      0.0      399.2940       0.0000  0.0000  poly_fir_mult_kernel_DW_mult_uns_J2_849
mult_x_1232                           399.1680      0.0      399.1680       0.0000  0.0000  poly_fir_mult_kernel_DW_mult_uns_J2_848
mult_x_1233                           398.6640      0.0      398.6640       0.0000  0.0000  poly_fir_mult_kernel_DW_mult_uns_J2_847
mult_x_1234                           398.6640      0.0      398.6640       0.0000  0.0000  poly_fir_mult_kernel_DW_mult_uns_J2_846
mult_x_1235                           398.6640      0.0      398.6640       0.0000  0.0000  poly_fir_mult_kernel_DW_mult_uns_J2_845
mult_x_1236                           398.6640      0.0      398.6640       0.0000  0.0000  poly_fir_mult_kernel_DW_mult_uns_J2_844
mult_x_1237                           398.6640      0.0      398.6640       0.0000  0.0000  poly_fir_mult_kernel_DW_mult_uns_J2_843
mult_x_1238                           398.6640      0.0      398.6640       0.0000  0.0000  poly_fir_mult_kernel_DW_mult_uns_J2_842
mult_x_1239                           398.6640      0.0      398.6640       0.0000  0.0000  poly_fir_mult_kernel_DW_mult_uns_J2_841
mult_x_124                            398.6640      0.0      398.6640       0.0000  0.0000  poly_fir_mult_kernel_DW_mult_uns_J2_1956
mult_x_1240                           398.6640      0.0      398.6640       0.0000  0.0000  poly_fir_mult_kernel_DW_mult_uns_J2_840
mult_x_1241                           399.0420      0.0      399.0420       0.0000  0.0000  poly_fir_mult_kernel_DW_mult_uns_J2_839
mult_x_1242                           398.9160      0.0      398.9160       0.0000  0.0000  poly_fir_mult_kernel_DW_mult_uns_J2_838
mult_x_1243                           398.6640      0.0      398.6640       0.0000  0.0000  poly_fir_mult_kernel_DW_mult_uns_J2_837
mult_x_1244                           398.6640      0.0      398.6640       0.0000  0.0000  poly_fir_mult_kernel_DW_mult_uns_J2_836
mult_x_1245                           398.6640      0.0      398.6640       0.0000  0.0000  poly_fir_mult_kernel_DW_mult_uns_J2_835
mult_x_1246                           398.6640      0.0      398.6640       0.0000  0.0000  poly_fir_mult_kernel_DW_mult_uns_J2_834
mult_x_1247                           398.6640      0.0      398.6640       0.0000  0.0000  poly_fir_mult_kernel_DW_mult_uns_J2_833
mult_x_1248                           398.6640      0.0      398.6640       0.0000  0.0000  poly_fir_mult_kernel_DW_mult_uns_J2_832
mult_x_1249                           398.6640      0.0      398.6640       0.0000  0.0000  poly_fir_mult_kernel_DW_mult_uns_J2_831
mult_x_125                            398.6640      0.0      398.6640       0.0000  0.0000  poly_fir_mult_kernel_DW_mult_uns_J2_1955
mult_x_1250                           398.6640      0.0      398.6640       0.0000  0.0000  poly_fir_mult_kernel_DW_mult_uns_J2_830
mult_x_1251                           398.7900      0.0      398.7900       0.0000  0.0000  poly_fir_mult_kernel_DW_mult_uns_J2_829
mult_x_1252                           398.6640      0.0      398.6640       0.0000  0.0000  poly_fir_mult_kernel_DW_mult_uns_J2_828
mult_x_1253                           398.6640      0.0      398.6640       0.0000  0.0000  poly_fir_mult_kernel_DW_mult_uns_J2_827
mult_x_1254                           398.6640      0.0      398.6640       0.0000  0.0000  poly_fir_mult_kernel_DW_mult_uns_J2_826
mult_x_1255                           398.6640      0.0      398.6640       0.0000  0.0000  poly_fir_mult_kernel_DW_mult_uns_J2_825
mult_x_1256                           398.6640      0.0      398.6640       0.0000  0.0000  poly_fir_mult_kernel_DW_mult_uns_J2_824
mult_x_1257                           398.6640      0.0      398.6640       0.0000  0.0000  poly_fir_mult_kernel_DW_mult_uns_J2_823
mult_x_1258                           398.6640      0.0      398.6640       0.0000  0.0000  poly_fir_mult_kernel_DW_mult_uns_J2_822
mult_x_1259                           398.6640      0.0      398.6640       0.0000  0.0000  poly_fir_mult_kernel_DW_mult_uns_J2_821
mult_x_126                            398.6640      0.0      398.6640       0.0000  0.0000  poly_fir_mult_kernel_DW_mult_uns_J2_1954
mult_x_1260                           398.6640      0.0      398.6640       0.0000  0.0000  poly_fir_mult_kernel_DW_mult_uns_J2_820
mult_x_1261                           398.6640      0.0      398.6640       0.0000  0.0000  poly_fir_mult_kernel_DW_mult_uns_J2_819
mult_x_1262                           398.9160      0.0      398.9160       0.0000  0.0000  poly_fir_mult_kernel_DW_mult_uns_J2_818
mult_x_1263                           398.9160      0.0      398.9160       0.0000  0.0000  poly_fir_mult_kernel_DW_mult_uns_J2_817
mult_x_1264                           398.9160      0.0      398.9160       0.0000  0.0000  poly_fir_mult_kernel_DW_mult_uns_J2_816
mult_x_1265                           398.9160      0.0      398.9160       0.0000  0.0000  poly_fir_mult_kernel_DW_mult_uns_J2_815
mult_x_1266                           398.9160      0.0      398.9160       0.0000  0.0000  poly_fir_mult_kernel_DW_mult_uns_J2_814
mult_x_1267                           398.9160      0.0      398.9160       0.0000  0.0000  poly_fir_mult_kernel_DW_mult_uns_J2_813
mult_x_1268                           398.9160      0.0      398.9160       0.0000  0.0000  poly_fir_mult_kernel_DW_mult_uns_J2_812
mult_x_1269                           399.5460      0.0      399.5460       0.0000  0.0000  poly_fir_mult_kernel_DW_mult_uns_J2_811
mult_x_127                            398.6640      0.0      398.6640       0.0000  0.0000  poly_fir_mult_kernel_DW_mult_uns_J2_1953
mult_x_1270                           399.1680      0.0      399.1680       0.0000  0.0000  poly_fir_mult_kernel_DW_mult_uns_J2_810
mult_x_1271                           398.6640      0.0      398.6640       0.0000  0.0000  poly_fir_mult_kernel_DW_mult_uns_J2_809
mult_x_1272                           398.6640      0.0      398.6640       0.0000  0.0000  poly_fir_mult_kernel_DW_mult_uns_J2_808
mult_x_1273                           398.6640      0.0      398.6640       0.0000  0.0000  poly_fir_mult_kernel_DW_mult_uns_J2_807
mult_x_1274                           398.9160      0.0      398.9160       0.0000  0.0000  poly_fir_mult_kernel_DW_mult_uns_J2_806
mult_x_1275                           398.6640      0.0      398.6640       0.0000  0.0000  poly_fir_mult_kernel_DW_mult_uns_J2_805
mult_x_1276                           398.9160      0.0      398.9160       0.0000  0.0000  poly_fir_mult_kernel_DW_mult_uns_J2_804
mult_x_1277                           398.6640      0.0      398.6640       0.0000  0.0000  poly_fir_mult_kernel_DW_mult_uns_J2_803
mult_x_1278                           398.9160      0.0      398.9160       0.0000  0.0000  poly_fir_mult_kernel_DW_mult_uns_J2_802
mult_x_1279                           399.2940      0.0      399.2940       0.0000  0.0000  poly_fir_mult_kernel_DW_mult_uns_J2_801
mult_x_128                            398.6640      0.0      398.6640       0.0000  0.0000  poly_fir_mult_kernel_DW_mult_uns_J2_1952
mult_x_1280                           399.1680      0.0      399.1680       0.0000  0.0000  poly_fir_mult_kernel_DW_mult_uns_J2_800
mult_x_1281                           398.9160      0.0      398.9160       0.0000  0.0000  poly_fir_mult_kernel_DW_mult_uns_J2_799
mult_x_1282                           398.6640      0.0      398.6640       0.0000  0.0000  poly_fir_mult_kernel_DW_mult_uns_J2_798
mult_x_1283                           398.9160      0.0      398.9160       0.0000  0.0000  poly_fir_mult_kernel_DW_mult_uns_J2_797
mult_x_1284                           398.9160      0.0      398.9160       0.0000  0.0000  poly_fir_mult_kernel_DW_mult_uns_J2_796
mult_x_1285                           398.6640      0.0      398.6640       0.0000  0.0000  poly_fir_mult_kernel_DW_mult_uns_J2_795
mult_x_1286                           398.9160      0.0      398.9160       0.0000  0.0000  poly_fir_mult_kernel_DW_mult_uns_J2_794
mult_x_1287                           398.9160      0.0      398.9160       0.0000  0.0000  poly_fir_mult_kernel_DW_mult_uns_J2_793
mult_x_1288                           398.6640      0.0      398.6640       0.0000  0.0000  poly_fir_mult_kernel_DW_mult_uns_J2_792
mult_x_1289                           399.0420      0.0      399.0420       0.0000  0.0000  poly_fir_mult_kernel_DW_mult_uns_J2_791
mult_x_129                            398.6640      0.0      398.6640       0.0000  0.0000  poly_fir_mult_kernel_DW_mult_uns_J2_1951
mult_x_1290                           398.9160      0.0      398.9160       0.0000  0.0000  poly_fir_mult_kernel_DW_mult_uns_J2_790
mult_x_1291                           398.6640      0.0      398.6640       0.0000  0.0000  poly_fir_mult_kernel_DW_mult_uns_J2_789
mult_x_1292                           398.6640      0.0      398.6640       0.0000  0.0000  poly_fir_mult_kernel_DW_mult_uns_J2_788
mult_x_1293                           398.6640      0.0      398.6640       0.0000  0.0000  poly_fir_mult_kernel_DW_mult_uns_J2_787
mult_x_1294                           398.6640      0.0      398.6640       0.0000  0.0000  poly_fir_mult_kernel_DW_mult_uns_J2_786
mult_x_1295                           398.6640      0.0      398.6640       0.0000  0.0000  poly_fir_mult_kernel_DW_mult_uns_J2_785
mult_x_1296                           398.6640      0.0      398.6640       0.0000  0.0000  poly_fir_mult_kernel_DW_mult_uns_J2_784
mult_x_1297                           398.6640      0.0      398.6640       0.0000  0.0000  poly_fir_mult_kernel_DW_mult_uns_J2_783
mult_x_1298                           398.6640      0.0      398.6640       0.0000  0.0000  poly_fir_mult_kernel_DW_mult_uns_J2_782
mult_x_1299                           398.7900      0.0      398.7900       0.0000  0.0000  poly_fir_mult_kernel_DW_mult_uns_J2_781
mult_x_13                             398.6640      0.0      398.6640       0.0000  0.0000  poly_fir_mult_kernel_DW_mult_uns_J2_2067
mult_x_130                            398.6640      0.0      398.6640       0.0000  0.0000  poly_fir_mult_kernel_DW_mult_uns_J2_1950
mult_x_1300                           398.6640      0.0      398.6640       0.0000  0.0000  poly_fir_mult_kernel_DW_mult_uns_J2_780
mult_x_1301                           398.6640      0.0      398.6640       0.0000  0.0000  poly_fir_mult_kernel_DW_mult_uns_J2_779
mult_x_1302                           398.6640      0.0      398.6640       0.0000  0.0000  poly_fir_mult_kernel_DW_mult_uns_J2_778
mult_x_1303                           398.6640      0.0      398.6640       0.0000  0.0000  poly_fir_mult_kernel_DW_mult_uns_J2_777
mult_x_1304                           398.6640      0.0      398.6640       0.0000  0.0000  poly_fir_mult_kernel_DW_mult_uns_J2_776
mult_x_1305                           398.6640      0.0      398.6640       0.0000  0.0000  poly_fir_mult_kernel_DW_mult_uns_J2_775
mult_x_1306                           399.2940      0.0      399.2940       0.0000  0.0000  poly_fir_mult_kernel_DW_mult_uns_J2_774
mult_x_1307                           399.1680      0.0      399.1680       0.0000  0.0000  poly_fir_mult_kernel_DW_mult_uns_J2_773
mult_x_1308                           398.6640      0.0      398.6640       0.0000  0.0000  poly_fir_mult_kernel_DW_mult_uns_J2_772
mult_x_1309                           398.6640      0.0      398.6640       0.0000  0.0000  poly_fir_mult_kernel_DW_mult_uns_J2_771
mult_x_131                            398.6640      0.0      398.6640       0.0000  0.0000  poly_fir_mult_kernel_DW_mult_uns_J2_1949
mult_x_1310                           398.5380      0.0      398.5380       0.0000  0.0000  poly_fir_mult_kernel_DW_mult_uns_J2_770
mult_x_1311                           398.5380      0.0      398.5380       0.0000  0.0000  poly_fir_mult_kernel_DW_mult_uns_J2_769
mult_x_1312                           398.7900      0.0      398.7900       0.0000  0.0000  poly_fir_mult_kernel_DW_mult_uns_J2_768
mult_x_1313                           398.5380      0.0      398.5380       0.0000  0.0000  poly_fir_mult_kernel_DW_mult_uns_J2_767
mult_x_1314                           398.5380      0.0      398.5380       0.0000  0.0000  poly_fir_mult_kernel_DW_mult_uns_J2_766
mult_x_1315                           398.7900      0.0      398.7900       0.0000  0.0000  poly_fir_mult_kernel_DW_mult_uns_J2_765
mult_x_1316                           399.0420      0.0      399.0420       0.0000  0.0000  poly_fir_mult_kernel_DW_mult_uns_J2_764
mult_x_1317                           399.2940      0.0      399.2940       0.0000  0.0000  poly_fir_mult_kernel_DW_mult_uns_J2_763
mult_x_1318                           398.7900      0.0      398.7900       0.0000  0.0000  poly_fir_mult_kernel_DW_mult_uns_J2_762
mult_x_1319                           398.5380      0.0      398.5380       0.0000  0.0000  poly_fir_mult_kernel_DW_mult_uns_J2_761
mult_x_132                            399.2940      0.0      399.2940       0.0000  0.0000  poly_fir_mult_kernel_DW_mult_uns_J2_1948
mult_x_1320                           398.5380      0.0      398.5380       0.0000  0.0000  poly_fir_mult_kernel_DW_mult_uns_J2_760
mult_x_1321                           398.5380      0.0      398.5380       0.0000  0.0000  poly_fir_mult_kernel_DW_mult_uns_J2_759
mult_x_1322                           398.7900      0.0      398.7900       0.0000  0.0000  poly_fir_mult_kernel_DW_mult_uns_J2_758
mult_x_1323                           398.5380      0.0      398.5380       0.0000  0.0000  poly_fir_mult_kernel_DW_mult_uns_J2_757
mult_x_1324                           398.5380      0.0      398.5380       0.0000  0.0000  poly_fir_mult_kernel_DW_mult_uns_J2_756
mult_x_1325                           398.5380      0.0      398.5380       0.0000  0.0000  poly_fir_mult_kernel_DW_mult_uns_J2_755
mult_x_1326                           399.0420      0.0      399.0420       0.0000  0.0000  poly_fir_mult_kernel_DW_mult_uns_J2_754
mult_x_1327                           398.7900      0.0      398.7900       0.0000  0.0000  poly_fir_mult_kernel_DW_mult_uns_J2_753
mult_x_1328                           398.5380      0.0      398.5380       0.0000  0.0000  poly_fir_mult_kernel_DW_mult_uns_J2_752
mult_x_1329                           398.5380      0.0      398.5380       0.0000  0.0000  poly_fir_mult_kernel_DW_mult_uns_J2_751
mult_x_133                            399.1680      0.0      399.1680       0.0000  0.0000  poly_fir_mult_kernel_DW_mult_uns_J2_1947
mult_x_1330                           398.5380      0.0      398.5380       0.0000  0.0000  poly_fir_mult_kernel_DW_mult_uns_J2_750
mult_x_1331                           398.5380      0.0      398.5380       0.0000  0.0000  poly_fir_mult_kernel_DW_mult_uns_J2_749
mult_x_1332                           398.5380      0.0      398.5380       0.0000  0.0000  poly_fir_mult_kernel_DW_mult_uns_J2_748
mult_x_1333                           398.5380      0.0      398.5380       0.0000  0.0000  poly_fir_mult_kernel_DW_mult_uns_J2_747
mult_x_1334                           398.5380      0.0      398.5380       0.0000  0.0000  poly_fir_mult_kernel_DW_mult_uns_J2_746
mult_x_1335                           398.5380      0.0      398.5380       0.0000  0.0000  poly_fir_mult_kernel_DW_mult_uns_J2_745
mult_x_1336                           398.7900      0.0      398.7900       0.0000  0.0000  poly_fir_mult_kernel_DW_mult_uns_J2_744
mult_x_1337                           398.5380      0.0      398.5380       0.0000  0.0000  poly_fir_mult_kernel_DW_mult_uns_J2_743
mult_x_1338                           398.5380      0.0      398.5380       0.0000  0.0000  poly_fir_mult_kernel_DW_mult_uns_J2_742
mult_x_1339                           398.5380      0.0      398.5380       0.0000  0.0000  poly_fir_mult_kernel_DW_mult_uns_J2_741
mult_x_134                            398.9160      0.0      398.9160       0.0000  0.0000  poly_fir_mult_kernel_DW_mult_uns_J2_1946
mult_x_1340                           398.5380      0.0      398.5380       0.0000  0.0000  poly_fir_mult_kernel_DW_mult_uns_J2_740
mult_x_1341                           398.5380      0.0      398.5380       0.0000  0.0000  poly_fir_mult_kernel_DW_mult_uns_J2_739
mult_x_1342                           399.2940      0.0      399.2940       0.0000  0.0000  poly_fir_mult_kernel_DW_mult_uns_J2_738
mult_x_1343                           399.0420      0.0      399.0420       0.0000  0.0000  poly_fir_mult_kernel_DW_mult_uns_J2_737
mult_x_1344                           398.5380      0.0      398.5380       0.0000  0.0000  poly_fir_mult_kernel_DW_mult_uns_J2_736
mult_x_1345                           398.5380      0.0      398.5380       0.0000  0.0000  poly_fir_mult_kernel_DW_mult_uns_J2_735
mult_x_1346                           398.5380      0.0      398.5380       0.0000  0.0000  poly_fir_mult_kernel_DW_mult_uns_J2_734
mult_x_1347                           398.5380      0.0      398.5380       0.0000  0.0000  poly_fir_mult_kernel_DW_mult_uns_J2_733
mult_x_1348                           398.5380      0.0      398.5380       0.0000  0.0000  poly_fir_mult_kernel_DW_mult_uns_J2_732
mult_x_1349                           398.5380      0.0      398.5380       0.0000  0.0000  poly_fir_mult_kernel_DW_mult_uns_J2_731
mult_x_135                            398.6640      0.0      398.6640       0.0000  0.0000  poly_fir_mult_kernel_DW_mult_uns_J2_1945
mult_x_1350                           398.5380      0.0      398.5380       0.0000  0.0000  poly_fir_mult_kernel_DW_mult_uns_J2_730
mult_x_1351                           398.5380      0.0      398.5380       0.0000  0.0000  poly_fir_mult_kernel_DW_mult_uns_J2_729
mult_x_1352                           399.5460      0.0      399.5460       0.0000  0.0000  poly_fir_mult_kernel_DW_mult_uns_J2_728
mult_x_1353                           399.0420      0.0      399.0420       0.0000  0.0000  poly_fir_mult_kernel_DW_mult_uns_J2_727
mult_x_1354                           398.5380      0.0      398.5380       0.0000  0.0000  poly_fir_mult_kernel_DW_mult_uns_J2_726
mult_x_1355                           398.5380      0.0      398.5380       0.0000  0.0000  poly_fir_mult_kernel_DW_mult_uns_J2_725
mult_x_1356                           398.5380      0.0      398.5380       0.0000  0.0000  poly_fir_mult_kernel_DW_mult_uns_J2_724
mult_x_1357                           398.5380      0.0      398.5380       0.0000  0.0000  poly_fir_mult_kernel_DW_mult_uns_J2_723
mult_x_1358                           398.7900      0.0      398.7900       0.0000  0.0000  poly_fir_mult_kernel_DW_mult_uns_J2_722
mult_x_1359                           398.5380      0.0      398.5380       0.0000  0.0000  poly_fir_mult_kernel_DW_mult_uns_J2_721
mult_x_136                            398.6640      0.0      398.6640       0.0000  0.0000  poly_fir_mult_kernel_DW_mult_uns_J2_1944
mult_x_1360                           398.5380      0.0      398.5380       0.0000  0.0000  poly_fir_mult_kernel_DW_mult_uns_J2_720
mult_x_1361                           398.5380      0.0      398.5380       0.0000  0.0000  poly_fir_mult_kernel_DW_mult_uns_J2_719
mult_x_1362                           399.0420      0.0      399.0420       0.0000  0.0000  poly_fir_mult_kernel_DW_mult_uns_J2_718
mult_x_1363                           398.7900      0.0      398.7900       0.0000  0.0000  poly_fir_mult_kernel_DW_mult_uns_J2_717
mult_x_1364                           398.5380      0.0      398.5380       0.0000  0.0000  poly_fir_mult_kernel_DW_mult_uns_J2_716
mult_x_1365                           398.5380      0.0      398.5380       0.0000  0.0000  poly_fir_mult_kernel_DW_mult_uns_J2_715
mult_x_1366                           398.5380      0.0      398.5380       0.0000  0.0000  poly_fir_mult_kernel_DW_mult_uns_J2_714
mult_x_1367                           398.5380      0.0      398.5380       0.0000  0.0000  poly_fir_mult_kernel_DW_mult_uns_J2_713
mult_x_1368                           398.7900      0.0      398.7900       0.0000  0.0000  poly_fir_mult_kernel_DW_mult_uns_J2_712
mult_x_1369                           398.7900      0.0      398.7900       0.0000  0.0000  poly_fir_mult_kernel_DW_mult_uns_J2_711
mult_x_137                            398.6640      0.0      398.6640       0.0000  0.0000  poly_fir_mult_kernel_DW_mult_uns_J2_1943
mult_x_1370                           398.7900      0.0      398.7900       0.0000  0.0000  poly_fir_mult_kernel_DW_mult_uns_J2_710
mult_x_1371                           398.5380      0.0      398.5380       0.0000  0.0000  poly_fir_mult_kernel_DW_mult_uns_J2_709
mult_x_1372                           398.7900      0.0      398.7900       0.0000  0.0000  poly_fir_mult_kernel_DW_mult_uns_J2_708
mult_x_1373                           398.5380      0.0      398.5380       0.0000  0.0000  poly_fir_mult_kernel_DW_mult_uns_J2_707
mult_x_1374                           398.5380      0.0      398.5380       0.0000  0.0000  poly_fir_mult_kernel_DW_mult_uns_J2_706
mult_x_1375                           398.5380      0.0      398.5380       0.0000  0.0000  poly_fir_mult_kernel_DW_mult_uns_J2_705
mult_x_1376                           398.5380      0.0      398.5380       0.0000  0.0000  poly_fir_mult_kernel_DW_mult_uns_J2_704
mult_x_1377                           398.5380      0.0      398.5380       0.0000  0.0000  poly_fir_mult_kernel_DW_mult_uns_J2_703
mult_x_1378                           399.2940      0.0      399.2940       0.0000  0.0000  poly_fir_mult_kernel_DW_mult_uns_J2_702
mult_x_1379                           398.7900      0.0      398.7900       0.0000  0.0000  poly_fir_mult_kernel_DW_mult_uns_J2_701
mult_x_138                            398.6640      0.0      398.6640       0.0000  0.0000  poly_fir_mult_kernel_DW_mult_uns_J2_1942
mult_x_1380                           398.7900      0.0      398.7900       0.0000  0.0000  poly_fir_mult_kernel_DW_mult_uns_J2_700
mult_x_1381                           398.7900      0.0      398.7900       0.0000  0.0000  poly_fir_mult_kernel_DW_mult_uns_J2_699
mult_x_1382                           398.7900      0.0      398.7900       0.0000  0.0000  poly_fir_mult_kernel_DW_mult_uns_J2_698
mult_x_1383                           398.5380      0.0      398.5380       0.0000  0.0000  poly_fir_mult_kernel_DW_mult_uns_J2_697
mult_x_1384                           398.7900      0.0      398.7900       0.0000  0.0000  poly_fir_mult_kernel_DW_mult_uns_J2_696
mult_x_1385                           398.5380      0.0      398.5380       0.0000  0.0000  poly_fir_mult_kernel_DW_mult_uns_J2_695
mult_x_1386                           398.7900      0.0      398.7900       0.0000  0.0000  poly_fir_mult_kernel_DW_mult_uns_J2_694
mult_x_1387                           399.5460      0.0      399.5460       0.0000  0.0000  poly_fir_mult_kernel_DW_mult_uns_J2_693
mult_x_1388                           399.0420      0.0      399.0420       0.0000  0.0000  poly_fir_mult_kernel_DW_mult_uns_J2_692
mult_x_1389                           398.5380      0.0      398.5380       0.0000  0.0000  poly_fir_mult_kernel_DW_mult_uns_J2_691
mult_x_139                            398.9160      0.0      398.9160       0.0000  0.0000  poly_fir_mult_kernel_DW_mult_uns_J2_1941
mult_x_1390                           398.5380      0.0      398.5380       0.0000  0.0000  poly_fir_mult_kernel_DW_mult_uns_J2_690
mult_x_1391                           398.5380      0.0      398.5380       0.0000  0.0000  poly_fir_mult_kernel_DW_mult_uns_J2_689
mult_x_1392                           398.5380      0.0      398.5380       0.0000  0.0000  poly_fir_mult_kernel_DW_mult_uns_J2_688
mult_x_1393                           398.5380      0.0      398.5380       0.0000  0.0000  poly_fir_mult_kernel_DW_mult_uns_J2_687
mult_x_1394                           398.5380      0.0      398.5380       0.0000  0.0000  poly_fir_mult_kernel_DW_mult_uns_J2_686
mult_x_1395                           398.5380      0.0      398.5380       0.0000  0.0000  poly_fir_mult_kernel_DW_mult_uns_J2_685
mult_x_1396                           398.5380      0.0      398.5380       0.0000  0.0000  poly_fir_mult_kernel_DW_mult_uns_J2_684
mult_x_1397                           399.2940      0.0      399.2940       0.0000  0.0000  poly_fir_mult_kernel_DW_mult_uns_J2_683
mult_x_1398                           398.7900      0.0      398.7900       0.0000  0.0000  poly_fir_mult_kernel_DW_mult_uns_J2_682
mult_x_1399                           398.5380      0.0      398.5380       0.0000  0.0000  poly_fir_mult_kernel_DW_mult_uns_J2_681
mult_x_14                             398.6640      0.0      398.6640       0.0000  0.0000  poly_fir_mult_kernel_DW_mult_uns_J2_2066
mult_x_140                            398.6640      0.0      398.6640       0.0000  0.0000  poly_fir_mult_kernel_DW_mult_uns_J2_1940
mult_x_1400                           398.5380      0.0      398.5380       0.0000  0.0000  poly_fir_mult_kernel_DW_mult_uns_J2_680
mult_x_1401                           398.7900      0.0      398.7900       0.0000  0.0000  poly_fir_mult_kernel_DW_mult_uns_J2_679
mult_x_1402                           398.7900      0.0      398.7900       0.0000  0.0000  poly_fir_mult_kernel_DW_mult_uns_J2_678
mult_x_1403                           398.5380      0.0      398.5380       0.0000  0.0000  poly_fir_mult_kernel_DW_mult_uns_J2_677
mult_x_1404                           398.7900      0.0      398.7900       0.0000  0.0000  poly_fir_mult_kernel_DW_mult_uns_J2_676
mult_x_1405                           398.5380      0.0      398.5380       0.0000  0.0000  poly_fir_mult_kernel_DW_mult_uns_J2_675
mult_x_1406                           398.5380      0.0      398.5380       0.0000  0.0000  poly_fir_mult_kernel_DW_mult_uns_J2_674
mult_x_1407                           398.7900      0.0      398.7900       0.0000  0.0000  poly_fir_mult_kernel_DW_mult_uns_J2_673
mult_x_1408                           398.5380      0.0      398.5380       0.0000  0.0000  poly_fir_mult_kernel_DW_mult_uns_J2_672
mult_x_1409                           398.5380      0.0      398.5380       0.0000  0.0000  poly_fir_mult_kernel_DW_mult_uns_J2_671
mult_x_141                            398.6640      0.0      398.6640       0.0000  0.0000  poly_fir_mult_kernel_DW_mult_uns_J2_1939
mult_x_1410                           398.5380      0.0      398.5380       0.0000  0.0000  poly_fir_mult_kernel_DW_mult_uns_J2_670
mult_x_1411                           398.5380      0.0      398.5380       0.0000  0.0000  poly_fir_mult_kernel_DW_mult_uns_J2_669
mult_x_1412                           398.5380      0.0      398.5380       0.0000  0.0000  poly_fir_mult_kernel_DW_mult_uns_J2_668
mult_x_1413                           398.5380      0.0      398.5380       0.0000  0.0000  poly_fir_mult_kernel_DW_mult_uns_J2_667
mult_x_1414                           398.5380      0.0      398.5380       0.0000  0.0000  poly_fir_mult_kernel_DW_mult_uns_J2_666
mult_x_1415                           398.5380      0.0      398.5380       0.0000  0.0000  poly_fir_mult_kernel_DW_mult_uns_J2_665
mult_x_1416                           398.5380      0.0      398.5380       0.0000  0.0000  poly_fir_mult_kernel_DW_mult_uns_J2_664
mult_x_1417                           398.5380      0.0      398.5380       0.0000  0.0000  poly_fir_mult_kernel_DW_mult_uns_J2_663
mult_x_1418                           398.5380      0.0      398.5380       0.0000  0.0000  poly_fir_mult_kernel_DW_mult_uns_J2_662
mult_x_1419                           398.5380      0.0      398.5380       0.0000  0.0000  poly_fir_mult_kernel_DW_mult_uns_J2_661
mult_x_142                            399.5460      0.0      399.5460       0.0000  0.0000  poly_fir_mult_kernel_DW_mult_uns_J2_1938
mult_x_1420                           398.5380      0.0      398.5380       0.0000  0.0000  poly_fir_mult_kernel_DW_mult_uns_J2_660
mult_x_1421                           399.0420      0.0      399.0420       0.0000  0.0000  poly_fir_mult_kernel_DW_mult_uns_J2_659
mult_x_1422                           399.0420      0.0      399.0420       0.0000  0.0000  poly_fir_mult_kernel_DW_mult_uns_J2_658
mult_x_1423                           398.5380      0.0      398.5380       0.0000  0.0000  poly_fir_mult_kernel_DW_mult_uns_J2_657
mult_x_1424                           398.5380      0.0      398.5380       0.0000  0.0000  poly_fir_mult_kernel_DW_mult_uns_J2_656
mult_x_1425                           398.7900      0.0      398.7900       0.0000  0.0000  poly_fir_mult_kernel_DW_mult_uns_J2_655
mult_x_1426                           398.5380      0.0      398.5380       0.0000  0.0000  poly_fir_mult_kernel_DW_mult_uns_J2_654
mult_x_1427                           398.5380      0.0      398.5380       0.0000  0.0000  poly_fir_mult_kernel_DW_mult_uns_J2_653
mult_x_1428                           398.5380      0.0      398.5380       0.0000  0.0000  poly_fir_mult_kernel_DW_mult_uns_J2_652
mult_x_1429                           398.5380      0.0      398.5380       0.0000  0.0000  poly_fir_mult_kernel_DW_mult_uns_J2_651
mult_x_143                            399.1680      0.0      399.1680       0.0000  0.0000  poly_fir_mult_kernel_DW_mult_uns_J2_1937
mult_x_1430                           398.5380      0.0      398.5380       0.0000  0.0000  poly_fir_mult_kernel_DW_mult_uns_J2_650
mult_x_1431                           399.5460      0.0      399.5460       0.0000  0.0000  poly_fir_mult_kernel_DW_mult_uns_J2_649
mult_x_1432                           399.0420      0.0      399.0420       0.0000  0.0000  poly_fir_mult_kernel_DW_mult_uns_J2_648
mult_x_1433                           398.5380      0.0      398.5380       0.0000  0.0000  poly_fir_mult_kernel_DW_mult_uns_J2_647
mult_x_1434                           398.7900      0.0      398.7900       0.0000  0.0000  poly_fir_mult_kernel_DW_mult_uns_J2_646
mult_x_1435                           398.5380      0.0      398.5380       0.0000  0.0000  poly_fir_mult_kernel_DW_mult_uns_J2_645
mult_x_1436                           398.5380      0.0      398.5380       0.0000  0.0000  poly_fir_mult_kernel_DW_mult_uns_J2_644
mult_x_1437                           398.5380      0.0      398.5380       0.0000  0.0000  poly_fir_mult_kernel_DW_mult_uns_J2_643
mult_x_1438                           398.5380      0.0      398.5380       0.0000  0.0000  poly_fir_mult_kernel_DW_mult_uns_J2_642
mult_x_1439                           398.5380      0.0      398.5380       0.0000  0.0000  poly_fir_mult_kernel_DW_mult_uns_J2_641
mult_x_144                            398.6640      0.0      398.6640       0.0000  0.0000  poly_fir_mult_kernel_DW_mult_uns_J2_1936
mult_x_1440                           398.5380      0.0      398.5380       0.0000  0.0000  poly_fir_mult_kernel_DW_mult_uns_J2_640
mult_x_1441                           399.0420      0.0      399.0420       0.0000  0.0000  poly_fir_mult_kernel_DW_mult_uns_J2_639
mult_x_1442                           398.7900      0.0      398.7900       0.0000  0.0000  poly_fir_mult_kernel_DW_mult_uns_J2_638
mult_x_1443                           398.5380      0.0      398.5380       0.0000  0.0000  poly_fir_mult_kernel_DW_mult_uns_J2_637
mult_x_1444                           398.5380      0.0      398.5380       0.0000  0.0000  poly_fir_mult_kernel_DW_mult_uns_J2_636
mult_x_1445                           398.5380      0.0      398.5380       0.0000  0.0000  poly_fir_mult_kernel_DW_mult_uns_J2_635
mult_x_1446                           398.5380      0.0      398.5380       0.0000  0.0000  poly_fir_mult_kernel_DW_mult_uns_J2_634
mult_x_1447                           398.5380      0.0      398.5380       0.0000  0.0000  poly_fir_mult_kernel_DW_mult_uns_J2_633
mult_x_1448                           398.5380      0.0      398.5380       0.0000  0.0000  poly_fir_mult_kernel_DW_mult_uns_J2_632
mult_x_1449                           398.5380      0.0      398.5380       0.0000  0.0000  poly_fir_mult_kernel_DW_mult_uns_J2_631
mult_x_145                            398.6640      0.0      398.6640       0.0000  0.0000  poly_fir_mult_kernel_DW_mult_uns_J2_1935
mult_x_1450                           398.5380      0.0      398.5380       0.0000  0.0000  poly_fir_mult_kernel_DW_mult_uns_J2_630
mult_x_1451                           398.5380      0.0      398.5380       0.0000  0.0000  poly_fir_mult_kernel_DW_mult_uns_J2_629
mult_x_1452                           398.5380      0.0      398.5380       0.0000  0.0000  poly_fir_mult_kernel_DW_mult_uns_J2_628
mult_x_1453                           398.5380      0.0      398.5380       0.0000  0.0000  poly_fir_mult_kernel_DW_mult_uns_J2_627
mult_x_1454                           399.2940      0.0      399.2940       0.0000  0.0000  poly_fir_mult_kernel_DW_mult_uns_J2_626
mult_x_1455                           399.0420      0.0      399.0420       0.0000  0.0000  poly_fir_mult_kernel_DW_mult_uns_J2_625
mult_x_1456                           398.5380      0.0      398.5380       0.0000  0.0000  poly_fir_mult_kernel_DW_mult_uns_J2_624
mult_x_1457                           398.5380      0.0      398.5380       0.0000  0.0000  poly_fir_mult_kernel_DW_mult_uns_J2_623
mult_x_1458                           398.5380      0.0      398.5380       0.0000  0.0000  poly_fir_mult_kernel_DW_mult_uns_J2_622
mult_x_1459                           398.5380      0.0      398.5380       0.0000  0.0000  poly_fir_mult_kernel_DW_mult_uns_J2_621
mult_x_146                            398.6640      0.0      398.6640       0.0000  0.0000  poly_fir_mult_kernel_DW_mult_uns_J2_1934
mult_x_1460                           398.5380      0.0      398.5380       0.0000  0.0000  poly_fir_mult_kernel_DW_mult_uns_J2_620
mult_x_1461                           398.5380      0.0      398.5380       0.0000  0.0000  poly_fir_mult_kernel_DW_mult_uns_J2_619
mult_x_1462                           398.5380      0.0      398.5380       0.0000  0.0000  poly_fir_mult_kernel_DW_mult_uns_J2_618
mult_x_1463                           398.7900      0.0      398.7900       0.0000  0.0000  poly_fir_mult_kernel_DW_mult_uns_J2_617
mult_x_1464                           399.2940      0.0      399.2940       0.0000  0.0000  poly_fir_mult_kernel_DW_mult_uns_J2_616
mult_x_1465                           399.0420      0.0      399.0420       0.0000  0.0000  poly_fir_mult_kernel_DW_mult_uns_J2_615
mult_x_1466                           398.7900      0.0      398.7900       0.0000  0.0000  poly_fir_mult_kernel_DW_mult_uns_J2_614
mult_x_1467                           398.5380      0.0      398.5380       0.0000  0.0000  poly_fir_mult_kernel_DW_mult_uns_J2_613
mult_x_1468                           398.5380      0.0      398.5380       0.0000  0.0000  poly_fir_mult_kernel_DW_mult_uns_J2_612
mult_x_1469                           398.7900      0.0      398.7900       0.0000  0.0000  poly_fir_mult_kernel_DW_mult_uns_J2_611
mult_x_147                            398.6640      0.0      398.6640       0.0000  0.0000  poly_fir_mult_kernel_DW_mult_uns_J2_1933
mult_x_1470                           398.5380      0.0      398.5380       0.0000  0.0000  poly_fir_mult_kernel_DW_mult_uns_J2_610
mult_x_1471                           398.5380      0.0      398.5380       0.0000  0.0000  poly_fir_mult_kernel_DW_mult_uns_J2_609
mult_x_1472                           398.5380      0.0      398.5380       0.0000  0.0000  poly_fir_mult_kernel_DW_mult_uns_J2_608
mult_x_1473                           398.5380      0.0      398.5380       0.0000  0.0000  poly_fir_mult_kernel_DW_mult_uns_J2_607
mult_x_1474                           399.0420      0.0      399.0420       0.0000  0.0000  poly_fir_mult_kernel_DW_mult_uns_J2_606
mult_x_1475                           398.7900      0.0      398.7900       0.0000  0.0000  poly_fir_mult_kernel_DW_mult_uns_J2_605
mult_x_1476                           398.5380      0.0      398.5380       0.0000  0.0000  poly_fir_mult_kernel_DW_mult_uns_J2_604
mult_x_1477                           398.5380      0.0      398.5380       0.0000  0.0000  poly_fir_mult_kernel_DW_mult_uns_J2_603
mult_x_1478                           398.5380      0.0      398.5380       0.0000  0.0000  poly_fir_mult_kernel_DW_mult_uns_J2_602
mult_x_1479                           398.5380      0.0      398.5380       0.0000  0.0000  poly_fir_mult_kernel_DW_mult_uns_J2_601
mult_x_148                            398.6640      0.0      398.6640       0.0000  0.0000  poly_fir_mult_kernel_DW_mult_uns_J2_1932
mult_x_1480                           398.5380      0.0      398.5380       0.0000  0.0000  poly_fir_mult_kernel_DW_mult_uns_J2_600
mult_x_1481                           398.5380      0.0      398.5380       0.0000  0.0000  poly_fir_mult_kernel_DW_mult_uns_J2_599
mult_x_1482                           398.5380      0.0      398.5380       0.0000  0.0000  poly_fir_mult_kernel_DW_mult_uns_J2_598
mult_x_1483                           398.5380      0.0      398.5380       0.0000  0.0000  poly_fir_mult_kernel_DW_mult_uns_J2_597
mult_x_1484                           398.7900      0.0      398.7900       0.0000  0.0000  poly_fir_mult_kernel_DW_mult_uns_J2_596
mult_x_1485                           398.5380      0.0      398.5380       0.0000  0.0000  poly_fir_mult_kernel_DW_mult_uns_J2_595
mult_x_1486                           399.5460      0.0      399.5460       0.0000  0.0000  poly_fir_mult_kernel_DW_mult_uns_J2_594
mult_x_1487                           399.0420      0.0      399.0420       0.0000  0.0000  poly_fir_mult_kernel_DW_mult_uns_J2_593
mult_x_1488                           398.5380      0.0      398.5380       0.0000  0.0000  poly_fir_mult_kernel_DW_mult_uns_J2_592
mult_x_1489                           398.5380      0.0      398.5380       0.0000  0.0000  poly_fir_mult_kernel_DW_mult_uns_J2_591
mult_x_149                            398.9160      0.0      398.9160       0.0000  0.0000  poly_fir_mult_kernel_DW_mult_uns_J2_1931
mult_x_1490                           398.5380      0.0      398.5380       0.0000  0.0000  poly_fir_mult_kernel_DW_mult_uns_J2_590
mult_x_1491                           398.5380      0.0      398.5380       0.0000  0.0000  poly_fir_mult_kernel_DW_mult_uns_J2_589
mult_x_1492                           398.5380      0.0      398.5380       0.0000  0.0000  poly_fir_mult_kernel_DW_mult_uns_J2_588
mult_x_1493                           398.5380      0.0      398.5380       0.0000  0.0000  poly_fir_mult_kernel_DW_mult_uns_J2_587
mult_x_1494                           398.5380      0.0      398.5380       0.0000  0.0000  poly_fir_mult_kernel_DW_mult_uns_J2_586
mult_x_1495                           398.7900      0.0      398.7900       0.0000  0.0000  poly_fir_mult_kernel_DW_mult_uns_J2_585
mult_x_1496                           399.2940      0.0      399.2940       0.0000  0.0000  poly_fir_mult_kernel_DW_mult_uns_J2_584
mult_x_1497                           399.0420      0.0      399.0420       0.0000  0.0000  poly_fir_mult_kernel_DW_mult_uns_J2_583
mult_x_1498                           398.5380      0.0      398.5380       0.0000  0.0000  poly_fir_mult_kernel_DW_mult_uns_J2_582
mult_x_1499                           398.5380      0.0      398.5380       0.0000  0.0000  poly_fir_mult_kernel_DW_mult_uns_J2_581
mult_x_15                             398.6640      0.0      398.6640       0.0000  0.0000  poly_fir_mult_kernel_DW_mult_uns_J2_2065
mult_x_150                            398.6640      0.0      398.6640       0.0000  0.0000  poly_fir_mult_kernel_DW_mult_uns_J2_1930
mult_x_1500                           398.5380      0.0      398.5380       0.0000  0.0000  poly_fir_mult_kernel_DW_mult_uns_J2_580
mult_x_1501                           398.5380      0.0      398.5380       0.0000  0.0000  poly_fir_mult_kernel_DW_mult_uns_J2_579
mult_x_1502                           398.5380      0.0      398.5380       0.0000  0.0000  poly_fir_mult_kernel_DW_mult_uns_J2_578
mult_x_1503                           398.5380      0.0      398.5380       0.0000  0.0000  poly_fir_mult_kernel_DW_mult_uns_J2_577
mult_x_1504                           398.5380      0.0      398.5380       0.0000  0.0000  poly_fir_mult_kernel_DW_mult_uns_J2_576
mult_x_1505                           398.5380      0.0      398.5380       0.0000  0.0000  poly_fir_mult_kernel_DW_mult_uns_J2_575
mult_x_1506                           399.0420      0.0      399.0420       0.0000  0.0000  poly_fir_mult_kernel_DW_mult_uns_J2_574
mult_x_1507                           398.7900      0.0      398.7900       0.0000  0.0000  poly_fir_mult_kernel_DW_mult_uns_J2_573
mult_x_1508                           398.5380      0.0      398.5380       0.0000  0.0000  poly_fir_mult_kernel_DW_mult_uns_J2_572
mult_x_1509                           398.5380      0.0      398.5380       0.0000  0.0000  poly_fir_mult_kernel_DW_mult_uns_J2_571
mult_x_151                            398.6640      0.0      398.6640       0.0000  0.0000  poly_fir_mult_kernel_DW_mult_uns_J2_1929
mult_x_1510                           398.5380      0.0      398.5380       0.0000  0.0000  poly_fir_mult_kernel_DW_mult_uns_J2_570
mult_x_1511                           398.5380      0.0      398.5380       0.0000  0.0000  poly_fir_mult_kernel_DW_mult_uns_J2_569
mult_x_1512                           398.5380      0.0      398.5380       0.0000  0.0000  poly_fir_mult_kernel_DW_mult_uns_J2_568
mult_x_1513                           398.5380      0.0      398.5380       0.0000  0.0000  poly_fir_mult_kernel_DW_mult_uns_J2_567
mult_x_1514                           398.5380      0.0      398.5380       0.0000  0.0000  poly_fir_mult_kernel_DW_mult_uns_J2_566
mult_x_1515                           398.5380      0.0      398.5380       0.0000  0.0000  poly_fir_mult_kernel_DW_mult_uns_J2_565
mult_x_1516                           398.7900      0.0      398.7900       0.0000  0.0000  poly_fir_mult_kernel_DW_mult_uns_J2_564
mult_x_1517                           398.5380      0.0      398.5380       0.0000  0.0000  poly_fir_mult_kernel_DW_mult_uns_J2_563
mult_x_1518                           398.5380      0.0      398.5380       0.0000  0.0000  poly_fir_mult_kernel_DW_mult_uns_J2_562
mult_x_1519                           398.5380      0.0      398.5380       0.0000  0.0000  poly_fir_mult_kernel_DW_mult_uns_J2_561
mult_x_152                            399.0420      0.0      399.0420       0.0000  0.0000  poly_fir_mult_kernel_DW_mult_uns_J2_1928
mult_x_1520                           398.5380      0.0      398.5380       0.0000  0.0000  poly_fir_mult_kernel_DW_mult_uns_J2_560
mult_x_1521                           398.5380      0.0      398.5380       0.0000  0.0000  poly_fir_mult_kernel_DW_mult_uns_J2_559
mult_x_1522                           398.5380      0.0      398.5380       0.0000  0.0000  poly_fir_mult_kernel_DW_mult_uns_J2_558
mult_x_1523                           398.5380      0.0      398.5380       0.0000  0.0000  poly_fir_mult_kernel_DW_mult_uns_J2_557
mult_x_1524                           398.5380      0.0      398.5380       0.0000  0.0000  poly_fir_mult_kernel_DW_mult_uns_J2_556
mult_x_1525                           398.7900      0.0      398.7900       0.0000  0.0000  poly_fir_mult_kernel_DW_mult_uns_J2_555
mult_x_1526                           398.5380      0.0      398.5380       0.0000  0.0000  poly_fir_mult_kernel_DW_mult_uns_J2_554
mult_x_1527                           399.5460      0.0      399.5460       0.0000  0.0000  poly_fir_mult_kernel_DW_mult_uns_J2_553
mult_x_1528                           399.0420      0.0      399.0420       0.0000  0.0000  poly_fir_mult_kernel_DW_mult_uns_J2_552
mult_x_1529                           398.5380      0.0      398.5380       0.0000  0.0000  poly_fir_mult_kernel_DW_mult_uns_J2_551
mult_x_153                            398.9160      0.0      398.9160       0.0000  0.0000  poly_fir_mult_kernel_DW_mult_uns_J2_1927
mult_x_1530                           398.7900      0.0      398.7900       0.0000  0.0000  poly_fir_mult_kernel_DW_mult_uns_J2_550
mult_x_1531                           398.5380      0.0      398.5380       0.0000  0.0000  poly_fir_mult_kernel_DW_mult_uns_J2_549
mult_x_1532                           398.5380      0.0      398.5380       0.0000  0.0000  poly_fir_mult_kernel_DW_mult_uns_J2_548
mult_x_1533                           398.7900      0.0      398.7900       0.0000  0.0000  poly_fir_mult_kernel_DW_mult_uns_J2_547
mult_x_1534                           398.5380      0.0      398.5380       0.0000  0.0000  poly_fir_mult_kernel_DW_mult_uns_J2_546
mult_x_1535                           398.7900      0.0      398.7900       0.0000  0.0000  poly_fir_mult_kernel_DW_mult_uns_J2_545
mult_x_1536                           398.5380      0.0      398.5380       0.0000  0.0000  poly_fir_mult_kernel_DW_mult_uns_J2_544
mult_x_1537                           399.2940      0.0      399.2940       0.0000  0.0000  poly_fir_mult_kernel_DW_mult_uns_J2_543
mult_x_1538                           399.0420      0.0      399.0420       0.0000  0.0000  poly_fir_mult_kernel_DW_mult_uns_J2_542
mult_x_1539                           398.7900      0.0      398.7900       0.0000  0.0000  poly_fir_mult_kernel_DW_mult_uns_J2_541
mult_x_154                            398.6640      0.0      398.6640       0.0000  0.0000  poly_fir_mult_kernel_DW_mult_uns_J2_1926
mult_x_1540                           398.7900      0.0      398.7900       0.0000  0.0000  poly_fir_mult_kernel_DW_mult_uns_J2_540
mult_x_1541                           398.5380      0.0      398.5380       0.0000  0.0000  poly_fir_mult_kernel_DW_mult_uns_J2_539
mult_x_1542                           398.5380      0.0      398.5380       0.0000  0.0000  poly_fir_mult_kernel_DW_mult_uns_J2_538
mult_x_1543                           398.5380      0.0      398.5380       0.0000  0.0000  poly_fir_mult_kernel_DW_mult_uns_J2_537
mult_x_1544                           398.5380      0.0      398.5380       0.0000  0.0000  poly_fir_mult_kernel_DW_mult_uns_J2_536
mult_x_1545                           398.5380      0.0      398.5380       0.0000  0.0000  poly_fir_mult_kernel_DW_mult_uns_J2_535
mult_x_1546                           398.5380      0.0      398.5380       0.0000  0.0000  poly_fir_mult_kernel_DW_mult_uns_J2_534
mult_x_1547                           398.7900      0.0      398.7900       0.0000  0.0000  poly_fir_mult_kernel_DW_mult_uns_J2_533
mult_x_1548                           398.5380      0.0      398.5380       0.0000  0.0000  poly_fir_mult_kernel_DW_mult_uns_J2_532
mult_x_1549                           398.5380      0.0      398.5380       0.0000  0.0000  poly_fir_mult_kernel_DW_mult_uns_J2_531
mult_x_155                            398.9160      0.0      398.9160       0.0000  0.0000  poly_fir_mult_kernel_DW_mult_uns_J2_1925
mult_x_1550                           398.5380      0.0      398.5380       0.0000  0.0000  poly_fir_mult_kernel_DW_mult_uns_J2_530
mult_x_1551                           398.5380      0.0      398.5380       0.0000  0.0000  poly_fir_mult_kernel_DW_mult_uns_J2_529
mult_x_1552                           398.5380      0.0      398.5380       0.0000  0.0000  poly_fir_mult_kernel_DW_mult_uns_J2_528
mult_x_1553                           398.5380      0.0      398.5380       0.0000  0.0000  poly_fir_mult_kernel_DW_mult_uns_J2_527
mult_x_1554                           398.5380      0.0      398.5380       0.0000  0.0000  poly_fir_mult_kernel_DW_mult_uns_J2_526
mult_x_1555                           398.5380      0.0      398.5380       0.0000  0.0000  poly_fir_mult_kernel_DW_mult_uns_J2_525
mult_x_1556                           398.5380      0.0      398.5380       0.0000  0.0000  poly_fir_mult_kernel_DW_mult_uns_J2_524
mult_x_1557                           399.2940      0.0      399.2940       0.0000  0.0000  poly_fir_mult_kernel_DW_mult_uns_J2_523
mult_x_1558                           399.0420      0.0      399.0420       0.0000  0.0000  poly_fir_mult_kernel_DW_mult_uns_J2_522
mult_x_1559                           398.7900      0.0      398.7900       0.0000  0.0000  poly_fir_mult_kernel_DW_mult_uns_J2_521
mult_x_156                            398.6640      0.0      398.6640       0.0000  0.0000  poly_fir_mult_kernel_DW_mult_uns_J2_1924
mult_x_1560                           398.5380      0.0      398.5380       0.0000  0.0000  poly_fir_mult_kernel_DW_mult_uns_J2_520
mult_x_1561                           398.5380      0.0      398.5380       0.0000  0.0000  poly_fir_mult_kernel_DW_mult_uns_J2_519
mult_x_1562                           398.5380      0.0      398.5380       0.0000  0.0000  poly_fir_mult_kernel_DW_mult_uns_J2_518
mult_x_1563                           398.5380      0.0      398.5380       0.0000  0.0000  poly_fir_mult_kernel_DW_mult_uns_J2_517
mult_x_1564                           398.7900      0.0      398.7900       0.0000  0.0000  poly_fir_mult_kernel_DW_mult_uns_J2_516
mult_x_1565                           398.5380      0.0      398.5380       0.0000  0.0000  poly_fir_mult_kernel_DW_mult_uns_J2_515
mult_x_1566                           398.5380      0.0      398.5380       0.0000  0.0000  poly_fir_mult_kernel_DW_mult_uns_J2_514
mult_x_1567                           399.5460      0.0      399.5460       0.0000  0.0000  poly_fir_mult_kernel_DW_mult_uns_J2_513
mult_x_1568                           399.0420      0.0      399.0420       0.0000  0.0000  poly_fir_mult_kernel_DW_mult_uns_J2_512
mult_x_1569                           398.5380      0.0      398.5380       0.0000  0.0000  poly_fir_mult_kernel_DW_mult_uns_J2_511
mult_x_157                            398.6640      0.0      398.6640       0.0000  0.0000  poly_fir_mult_kernel_DW_mult_uns_J2_1923
mult_x_1570                           398.5380      0.0      398.5380       0.0000  0.0000  poly_fir_mult_kernel_DW_mult_uns_J2_510
mult_x_1571                           398.5380      0.0      398.5380       0.0000  0.0000  poly_fir_mult_kernel_DW_mult_uns_J2_509
mult_x_1572                           398.5380      0.0      398.5380       0.0000  0.0000  poly_fir_mult_kernel_DW_mult_uns_J2_508
mult_x_1573                           398.5380      0.0      398.5380       0.0000  0.0000  poly_fir_mult_kernel_DW_mult_uns_J2_507
mult_x_1574                           398.5380      0.0      398.5380       0.0000  0.0000  poly_fir_mult_kernel_DW_mult_uns_J2_506
mult_x_1575                           398.5380      0.0      398.5380       0.0000  0.0000  poly_fir_mult_kernel_DW_mult_uns_J2_505
mult_x_1576                           398.5380      0.0      398.5380       0.0000  0.0000  poly_fir_mult_kernel_DW_mult_uns_J2_504
mult_x_1577                           398.7900      0.0      398.7900       0.0000  0.0000  poly_fir_mult_kernel_DW_mult_uns_J2_503
mult_x_1578                           398.5380      0.0      398.5380       0.0000  0.0000  poly_fir_mult_kernel_DW_mult_uns_J2_502
mult_x_1579                           398.5380      0.0      398.5380       0.0000  0.0000  poly_fir_mult_kernel_DW_mult_uns_J2_501
mult_x_158                            398.6640      0.0      398.6640       0.0000  0.0000  poly_fir_mult_kernel_DW_mult_uns_J2_1922
mult_x_1580                           398.5380      0.0      398.5380       0.0000  0.0000  poly_fir_mult_kernel_DW_mult_uns_J2_500
mult_x_1581                           398.4120      0.0      398.4120       0.0000  0.0000  poly_fir_mult_kernel_DW_mult_uns_J2_499
mult_x_1582                           398.4120      0.0      398.4120       0.0000  0.0000  poly_fir_mult_kernel_DW_mult_uns_J2_498
mult_x_1583                           398.4120      0.0      398.4120       0.0000  0.0000  poly_fir_mult_kernel_DW_mult_uns_J2_497
mult_x_1584                           398.4120      0.0      398.4120       0.0000  0.0000  poly_fir_mult_kernel_DW_mult_uns_J2_496
mult_x_1585                           398.4120      0.0      398.4120       0.0000  0.0000  poly_fir_mult_kernel_DW_mult_uns_J2_495
mult_x_1586                           399.1680      0.0      399.1680       0.0000  0.0000  poly_fir_mult_kernel_DW_mult_uns_J2_494
mult_x_1587                           398.9160      0.0      398.9160       0.0000  0.0000  poly_fir_mult_kernel_DW_mult_uns_J2_493
mult_x_1588                           398.4120      0.0      398.4120       0.0000  0.0000  poly_fir_mult_kernel_DW_mult_uns_J2_492
mult_x_1589                           398.4120      0.0      398.4120       0.0000  0.0000  poly_fir_mult_kernel_DW_mult_uns_J2_491
mult_x_159                            398.6640      0.0      398.6640       0.0000  0.0000  poly_fir_mult_kernel_DW_mult_uns_J2_1921
mult_x_1590                           398.4120      0.0      398.4120       0.0000  0.0000  poly_fir_mult_kernel_DW_mult_uns_J2_490
mult_x_1591                           398.4120      0.0      398.4120       0.0000  0.0000  poly_fir_mult_kernel_DW_mult_uns_J2_489
mult_x_1592                           398.4120      0.0      398.4120       0.0000  0.0000  poly_fir_mult_kernel_DW_mult_uns_J2_488
mult_x_1593                           398.4120      0.0      398.4120       0.0000  0.0000  poly_fir_mult_kernel_DW_mult_uns_J2_487
mult_x_1594                           398.4120      0.0      398.4120       0.0000  0.0000  poly_fir_mult_kernel_DW_mult_uns_J2_486
mult_x_1595                           398.4120      0.0      398.4120       0.0000  0.0000  poly_fir_mult_kernel_DW_mult_uns_J2_485
mult_x_1596                           399.1680      0.0      399.1680       0.0000  0.0000  poly_fir_mult_kernel_DW_mult_uns_J2_484
mult_x_1597                           398.9160      0.0      398.9160       0.0000  0.0000  poly_fir_mult_kernel_DW_mult_uns_J2_483
mult_x_1598                           398.4120      0.0      398.4120       0.0000  0.0000  poly_fir_mult_kernel_DW_mult_uns_J2_482
mult_x_1599                           398.4120      0.0      398.4120       0.0000  0.0000  poly_fir_mult_kernel_DW_mult_uns_J2_481
mult_x_16                             398.6640      0.0      398.6640       0.0000  0.0000  poly_fir_mult_kernel_DW_mult_uns_J2_2064
mult_x_160                            398.6640      0.0      398.6640       0.0000  0.0000  poly_fir_mult_kernel_DW_mult_uns_J2_1920
mult_x_1600                           398.4120      0.0      398.4120       0.0000  0.0000  poly_fir_mult_kernel_DW_mult_uns_J2_480
mult_x_1601                           398.4120      0.0      398.4120       0.0000  0.0000  poly_fir_mult_kernel_DW_mult_uns_J2_479
mult_x_1602                           398.4120      0.0      398.4120       0.0000  0.0000  poly_fir_mult_kernel_DW_mult_uns_J2_478
mult_x_1603                           398.4120      0.0      398.4120       0.0000  0.0000  poly_fir_mult_kernel_DW_mult_uns_J2_477
mult_x_1604                           398.4120      0.0      398.4120       0.0000  0.0000  poly_fir_mult_kernel_DW_mult_uns_J2_476
mult_x_1605                           398.4120      0.0      398.4120       0.0000  0.0000  poly_fir_mult_kernel_DW_mult_uns_J2_475
mult_x_1606                           398.6640      0.0      398.6640       0.0000  0.0000  poly_fir_mult_kernel_DW_mult_uns_J2_474
mult_x_1607                           398.4120      0.0      398.4120       0.0000  0.0000  poly_fir_mult_kernel_DW_mult_uns_J2_473
mult_x_1608                           398.4120      0.0      398.4120       0.0000  0.0000  poly_fir_mult_kernel_DW_mult_uns_J2_472
mult_x_1609                           398.4120      0.0      398.4120       0.0000  0.0000  poly_fir_mult_kernel_DW_mult_uns_J2_471
mult_x_161                            398.6640      0.0      398.6640       0.0000  0.0000  poly_fir_mult_kernel_DW_mult_uns_J2_1919
mult_x_1610                           398.4120      0.0      398.4120       0.0000  0.0000  poly_fir_mult_kernel_DW_mult_uns_J2_470
mult_x_1611                           398.4120      0.0      398.4120       0.0000  0.0000  poly_fir_mult_kernel_DW_mult_uns_J2_469
mult_x_1612                           398.4120      0.0      398.4120       0.0000  0.0000  poly_fir_mult_kernel_DW_mult_uns_J2_468
mult_x_1613                           398.4120      0.0      398.4120       0.0000  0.0000  poly_fir_mult_kernel_DW_mult_uns_J2_467
mult_x_1614                           398.4120      0.0      398.4120       0.0000  0.0000  poly_fir_mult_kernel_DW_mult_uns_J2_466
mult_x_1615                           398.4120      0.0      398.4120       0.0000  0.0000  poly_fir_mult_kernel_DW_mult_uns_J2_465
mult_x_1616                           398.4120      0.0      398.4120       0.0000  0.0000  poly_fir_mult_kernel_DW_mult_uns_J2_464
mult_x_1617                           398.6640      0.0      398.6640       0.0000  0.0000  poly_fir_mult_kernel_DW_mult_uns_J2_463
mult_x_1618                           398.6640      0.0      398.6640       0.0000  0.0000  poly_fir_mult_kernel_DW_mult_uns_J2_462
mult_x_1619                           398.6640      0.0      398.6640       0.0000  0.0000  poly_fir_mult_kernel_DW_mult_uns_J2_461
mult_x_162                            398.7900      0.0      398.7900       0.0000  0.0000  poly_fir_mult_kernel_DW_mult_uns_J2_1918
mult_x_1620                           398.6640      0.0      398.6640       0.0000  0.0000  poly_fir_mult_kernel_DW_mult_uns_J2_460
mult_x_1621                           398.6640      0.0      398.6640       0.0000  0.0000  poly_fir_mult_kernel_DW_mult_uns_J2_459
mult_x_1622                           398.6640      0.0      398.6640       0.0000  0.0000  poly_fir_mult_kernel_DW_mult_uns_J2_458
mult_x_1623                           398.6640      0.0      398.6640       0.0000  0.0000  poly_fir_mult_kernel_DW_mult_uns_J2_457
mult_x_1624                           399.4200      0.0      399.4200       0.0000  0.0000  poly_fir_mult_kernel_DW_mult_uns_J2_456
mult_x_1625                           398.9160      0.0      398.9160       0.0000  0.0000  poly_fir_mult_kernel_DW_mult_uns_J2_455
mult_x_1626                           398.4120      0.0      398.4120       0.0000  0.0000  poly_fir_mult_kernel_DW_mult_uns_J2_454
mult_x_1627                           398.4120      0.0      398.4120       0.0000  0.0000  poly_fir_mult_kernel_DW_mult_uns_J2_453
mult_x_1628                           398.4120      0.0      398.4120       0.0000  0.0000  poly_fir_mult_kernel_DW_mult_uns_J2_452
mult_x_1629                           398.6640      0.0      398.6640       0.0000  0.0000  poly_fir_mult_kernel_DW_mult_uns_J2_451
mult_x_163                            398.6640      0.0      398.6640       0.0000  0.0000  poly_fir_mult_kernel_DW_mult_uns_J2_1917
mult_x_1630                           398.4120      0.0      398.4120       0.0000  0.0000  poly_fir_mult_kernel_DW_mult_uns_J2_450
mult_x_1631                           398.6640      0.0      398.6640       0.0000  0.0000  poly_fir_mult_kernel_DW_mult_uns_J2_449
mult_x_1632                           398.4120      0.0      398.4120       0.0000  0.0000  poly_fir_mult_kernel_DW_mult_uns_J2_448
mult_x_1633                           398.4120      0.0      398.4120       0.0000  0.0000  poly_fir_mult_kernel_DW_mult_uns_J2_447
mult_x_1634                           398.6640      0.0      398.6640       0.0000  0.0000  poly_fir_mult_kernel_DW_mult_uns_J2_446
mult_x_1635                           398.4120      0.0      398.4120       0.0000  0.0000  poly_fir_mult_kernel_DW_mult_uns_J2_445
mult_x_1636                           398.4120      0.0      398.4120       0.0000  0.0000  poly_fir_mult_kernel_DW_mult_uns_J2_444
mult_x_1637                           398.4120      0.0      398.4120       0.0000  0.0000  poly_fir_mult_kernel_DW_mult_uns_J2_443
mult_x_1638                           398.4120      0.0      398.4120       0.0000  0.0000  poly_fir_mult_kernel_DW_mult_uns_J2_442
mult_x_1639                           398.4120      0.0      398.4120       0.0000  0.0000  poly_fir_mult_kernel_DW_mult_uns_J2_441
mult_x_164                            398.6640      0.0      398.6640       0.0000  0.0000  poly_fir_mult_kernel_DW_mult_uns_J2_1916
mult_x_1640                           398.4120      0.0      398.4120       0.0000  0.0000  poly_fir_mult_kernel_DW_mult_uns_J2_440
mult_x_1641                           398.4120      0.0      398.4120       0.0000  0.0000  poly_fir_mult_kernel_DW_mult_uns_J2_439
mult_x_1642                           398.4120      0.0      398.4120       0.0000  0.0000  poly_fir_mult_kernel_DW_mult_uns_J2_438
mult_x_1643                           398.4120      0.0      398.4120       0.0000  0.0000  poly_fir_mult_kernel_DW_mult_uns_J2_437
mult_x_1644                           398.6640      0.0      398.6640       0.0000  0.0000  poly_fir_mult_kernel_DW_mult_uns_J2_436
mult_x_1645                           398.4120      0.0      398.4120       0.0000  0.0000  poly_fir_mult_kernel_DW_mult_uns_J2_435
mult_x_1646                           398.4120      0.0      398.4120       0.0000  0.0000  poly_fir_mult_kernel_DW_mult_uns_J2_434
mult_x_1647                           398.4120      0.0      398.4120       0.0000  0.0000  poly_fir_mult_kernel_DW_mult_uns_J2_433
mult_x_1648                           398.4120      0.0      398.4120       0.0000  0.0000  poly_fir_mult_kernel_DW_mult_uns_J2_432
mult_x_1649                           398.4120      0.0      398.4120       0.0000  0.0000  poly_fir_mult_kernel_DW_mult_uns_J2_431
mult_x_165                            398.6640      0.0      398.6640       0.0000  0.0000  poly_fir_mult_kernel_DW_mult_uns_J2_1915
mult_x_1650                           398.4120      0.0      398.4120       0.0000  0.0000  poly_fir_mult_kernel_DW_mult_uns_J2_430
mult_x_1651                           399.1680      0.0      399.1680       0.0000  0.0000  poly_fir_mult_kernel_DW_mult_uns_J2_429
mult_x_1652                           398.9160      0.0      398.9160       0.0000  0.0000  poly_fir_mult_kernel_DW_mult_uns_J2_428
mult_x_1653                           398.4120      0.0      398.4120       0.0000  0.0000  poly_fir_mult_kernel_DW_mult_uns_J2_427
mult_x_1654                           398.4120      0.0      398.4120       0.0000  0.0000  poly_fir_mult_kernel_DW_mult_uns_J2_426
mult_x_1655                           398.4120      0.0      398.4120       0.0000  0.0000  poly_fir_mult_kernel_DW_mult_uns_J2_425
mult_x_1656                           398.4120      0.0      398.4120       0.0000  0.0000  poly_fir_mult_kernel_DW_mult_uns_J2_424
mult_x_1657                           398.6640      0.0      398.6640       0.0000  0.0000  poly_fir_mult_kernel_DW_mult_uns_J2_423
mult_x_1658                           398.4120      0.0      398.4120       0.0000  0.0000  poly_fir_mult_kernel_DW_mult_uns_J2_422
mult_x_1659                           398.4120      0.0      398.4120       0.0000  0.0000  poly_fir_mult_kernel_DW_mult_uns_J2_421
mult_x_166                            398.6640      0.0      398.6640       0.0000  0.0000  poly_fir_mult_kernel_DW_mult_uns_J2_1914
mult_x_1660                           398.6640      0.0      398.6640       0.0000  0.0000  poly_fir_mult_kernel_DW_mult_uns_J2_420
mult_x_1661                           398.6640      0.0      398.6640       0.0000  0.0000  poly_fir_mult_kernel_DW_mult_uns_J2_419
mult_x_1662                           398.4120      0.0      398.4120       0.0000  0.0000  poly_fir_mult_kernel_DW_mult_uns_J2_418
mult_x_1663                           398.4120      0.0      398.4120       0.0000  0.0000  poly_fir_mult_kernel_DW_mult_uns_J2_417
mult_x_1664                           398.4120      0.0      398.4120       0.0000  0.0000  poly_fir_mult_kernel_DW_mult_uns_J2_416
mult_x_1665                           398.4120      0.0      398.4120       0.0000  0.0000  poly_fir_mult_kernel_DW_mult_uns_J2_415
mult_x_1666                           398.4120      0.0      398.4120       0.0000  0.0000  poly_fir_mult_kernel_DW_mult_uns_J2_414
mult_x_1667                           398.4120      0.0      398.4120       0.0000  0.0000  poly_fir_mult_kernel_DW_mult_uns_J2_413
mult_x_1668                           398.4120      0.0      398.4120       0.0000  0.0000  poly_fir_mult_kernel_DW_mult_uns_J2_412
mult_x_1669                           398.4120      0.0      398.4120       0.0000  0.0000  poly_fir_mult_kernel_DW_mult_uns_J2_411
mult_x_167                            398.6640      0.0      398.6640       0.0000  0.0000  poly_fir_mult_kernel_DW_mult_uns_J2_1913
mult_x_1670                           398.4120      0.0      398.4120       0.0000  0.0000  poly_fir_mult_kernel_DW_mult_uns_J2_410
mult_x_1671                           398.6640      0.0      398.6640       0.0000  0.0000  poly_fir_mult_kernel_DW_mult_uns_J2_409
mult_x_1672                           398.4120      0.0      398.4120       0.0000  0.0000  poly_fir_mult_kernel_DW_mult_uns_J2_408
mult_x_1673                           398.4120      0.0      398.4120       0.0000  0.0000  poly_fir_mult_kernel_DW_mult_uns_J2_407
mult_x_1674                           398.4120      0.0      398.4120       0.0000  0.0000  poly_fir_mult_kernel_DW_mult_uns_J2_406
mult_x_1675                           398.4120      0.0      398.4120       0.0000  0.0000  poly_fir_mult_kernel_DW_mult_uns_J2_405
mult_x_1676                           398.4120      0.0      398.4120       0.0000  0.0000  poly_fir_mult_kernel_DW_mult_uns_J2_404
mult_x_1677                           399.1680      0.0      399.1680       0.0000  0.0000  poly_fir_mult_kernel_DW_mult_uns_J2_403
mult_x_1678                           398.9160      0.0      398.9160       0.0000  0.0000  poly_fir_mult_kernel_DW_mult_uns_J2_402
mult_x_1679                           398.4120      0.0      398.4120       0.0000  0.0000  poly_fir_mult_kernel_DW_mult_uns_J2_401
mult_x_168                            398.6640      0.0      398.6640       0.0000  0.0000  poly_fir_mult_kernel_DW_mult_uns_J2_1912
mult_x_1680                           398.4120      0.0      398.4120       0.0000  0.0000  poly_fir_mult_kernel_DW_mult_uns_J2_400
mult_x_1681                           398.4120      0.0      398.4120       0.0000  0.0000  poly_fir_mult_kernel_DW_mult_uns_J2_399
mult_x_1682                           398.4120      0.0      398.4120       0.0000  0.0000  poly_fir_mult_kernel_DW_mult_uns_J2_398
mult_x_1683                           398.4120      0.0      398.4120       0.0000  0.0000  poly_fir_mult_kernel_DW_mult_uns_J2_397
mult_x_1684                           398.4120      0.0      398.4120       0.0000  0.0000  poly_fir_mult_kernel_DW_mult_uns_J2_396
mult_x_1685                           398.4120      0.0      398.4120       0.0000  0.0000  poly_fir_mult_kernel_DW_mult_uns_J2_395
mult_x_1686                           398.4120      0.0      398.4120       0.0000  0.0000  poly_fir_mult_kernel_DW_mult_uns_J2_394
mult_x_1687                           399.1680      0.0      399.1680       0.0000  0.0000  poly_fir_mult_kernel_DW_mult_uns_J2_393
mult_x_1688                           398.4120      0.0      398.4120       0.0000  0.0000  poly_fir_mult_kernel_DW_mult_uns_J2_392
mult_x_1689                           398.4120      0.0      398.4120       0.0000  0.0000  poly_fir_mult_kernel_DW_mult_uns_J2_391
mult_x_169                            398.6640      0.0      398.6640       0.0000  0.0000  poly_fir_mult_kernel_DW_mult_uns_J2_1911
mult_x_1690                           398.4120      0.0      398.4120       0.0000  0.0000  poly_fir_mult_kernel_DW_mult_uns_J2_390
mult_x_1691                           398.4120      0.0      398.4120       0.0000  0.0000  poly_fir_mult_kernel_DW_mult_uns_J2_389
mult_x_1692                           398.4120      0.0      398.4120       0.0000  0.0000  poly_fir_mult_kernel_DW_mult_uns_J2_388
mult_x_1693                           398.4120      0.0      398.4120       0.0000  0.0000  poly_fir_mult_kernel_DW_mult_uns_J2_387
mult_x_1694                           398.4120      0.0      398.4120       0.0000  0.0000  poly_fir_mult_kernel_DW_mult_uns_J2_386
mult_x_1695                           398.4120      0.0      398.4120       0.0000  0.0000  poly_fir_mult_kernel_DW_mult_uns_J2_385
mult_x_1696                           398.4120      0.0      398.4120       0.0000  0.0000  poly_fir_mult_kernel_DW_mult_uns_J2_384
mult_x_1697                           398.6640      0.0      398.6640       0.0000  0.0000  poly_fir_mult_kernel_DW_mult_uns_J2_383
mult_x_1698                           398.4120      0.0      398.4120       0.0000  0.0000  poly_fir_mult_kernel_DW_mult_uns_J2_382
mult_x_1699                           398.4120      0.0      398.4120       0.0000  0.0000  poly_fir_mult_kernel_DW_mult_uns_J2_381
mult_x_17                             398.6640      0.0      398.6640       0.0000  0.0000  poly_fir_mult_kernel_DW_mult_uns_J2_2063
mult_x_170                            398.6640      0.0      398.6640       0.0000  0.0000  poly_fir_mult_kernel_DW_mult_uns_J2_1910
mult_x_1700                           398.4120      0.0      398.4120       0.0000  0.0000  poly_fir_mult_kernel_DW_mult_uns_J2_380
mult_x_1701                           398.4120      0.0      398.4120       0.0000  0.0000  poly_fir_mult_kernel_DW_mult_uns_J2_379
mult_x_1702                           398.4120      0.0      398.4120       0.0000  0.0000  poly_fir_mult_kernel_DW_mult_uns_J2_378
mult_x_1703                           399.1680      0.0      399.1680       0.0000  0.0000  poly_fir_mult_kernel_DW_mult_uns_J2_377
mult_x_1704                           398.6640      0.0      398.6640       0.0000  0.0000  poly_fir_mult_kernel_DW_mult_uns_J2_376
mult_x_1705                           398.6640      0.0      398.6640       0.0000  0.0000  poly_fir_mult_kernel_DW_mult_uns_J2_375
mult_x_1706                           398.6640      0.0      398.6640       0.0000  0.0000  poly_fir_mult_kernel_DW_mult_uns_J2_374
mult_x_1707                           398.6640      0.0      398.6640       0.0000  0.0000  poly_fir_mult_kernel_DW_mult_uns_J2_373
mult_x_1708                           398.4120      0.0      398.4120       0.0000  0.0000  poly_fir_mult_kernel_DW_mult_uns_J2_372
mult_x_1709                           398.6640      0.0      398.6640       0.0000  0.0000  poly_fir_mult_kernel_DW_mult_uns_J2_371
mult_x_171                            398.6640      0.0      398.6640       0.0000  0.0000  poly_fir_mult_kernel_DW_mult_uns_J2_1909
mult_x_1710                           398.4120      0.0      398.4120       0.0000  0.0000  poly_fir_mult_kernel_DW_mult_uns_J2_370
mult_x_1711                           398.6640      0.0      398.6640       0.0000  0.0000  poly_fir_mult_kernel_DW_mult_uns_J2_369
mult_x_1712                           399.1680      0.0      399.1680       0.0000  0.0000  poly_fir_mult_kernel_DW_mult_uns_J2_368
mult_x_1713                           398.6640      0.0      398.6640       0.0000  0.0000  poly_fir_mult_kernel_DW_mult_uns_J2_367
mult_x_1714                           398.4120      0.0      398.4120       0.0000  0.0000  poly_fir_mult_kernel_DW_mult_uns_J2_366
mult_x_1715                           398.4120      0.0      398.4120       0.0000  0.0000  poly_fir_mult_kernel_DW_mult_uns_J2_365
mult_x_1716                           398.4120      0.0      398.4120       0.0000  0.0000  poly_fir_mult_kernel_DW_mult_uns_J2_364
mult_x_1717                           398.4120      0.0      398.4120       0.0000  0.0000  poly_fir_mult_kernel_DW_mult_uns_J2_363
mult_x_1718                           398.4120      0.0      398.4120       0.0000  0.0000  poly_fir_mult_kernel_DW_mult_uns_J2_362
mult_x_1719                           398.4120      0.0      398.4120       0.0000  0.0000  poly_fir_mult_kernel_DW_mult_uns_J2_361
mult_x_172                            398.7900      0.0      398.7900       0.0000  0.0000  poly_fir_mult_kernel_DW_mult_uns_J2_1908
mult_x_1720                           398.4120      0.0      398.4120       0.0000  0.0000  poly_fir_mult_kernel_DW_mult_uns_J2_360
mult_x_1721                           398.4120      0.0      398.4120       0.0000  0.0000  poly_fir_mult_kernel_DW_mult_uns_J2_359
mult_x_1722                           398.4120      0.0      398.4120       0.0000  0.0000  poly_fir_mult_kernel_DW_mult_uns_J2_358
mult_x_1723                           398.4120      0.0      398.4120       0.0000  0.0000  poly_fir_mult_kernel_DW_mult_uns_J2_357
mult_x_1724                           398.4120      0.0      398.4120       0.0000  0.0000  poly_fir_mult_kernel_DW_mult_uns_J2_356
mult_x_1725                           398.4120      0.0      398.4120       0.0000  0.0000  poly_fir_mult_kernel_DW_mult_uns_J2_355
mult_x_1726                           398.4120      0.0      398.4120       0.0000  0.0000  poly_fir_mult_kernel_DW_mult_uns_J2_354
mult_x_1727                           398.4120      0.0      398.4120       0.0000  0.0000  poly_fir_mult_kernel_DW_mult_uns_J2_353
mult_x_1728                           398.4120      0.0      398.4120       0.0000  0.0000  poly_fir_mult_kernel_DW_mult_uns_J2_352
mult_x_1729                           398.4120      0.0      398.4120       0.0000  0.0000  poly_fir_mult_kernel_DW_mult_uns_J2_351
mult_x_173                            398.6640      0.0      398.6640       0.0000  0.0000  poly_fir_mult_kernel_DW_mult_uns_J2_1907
mult_x_1730                           398.4120      0.0      398.4120       0.0000  0.0000  poly_fir_mult_kernel_DW_mult_uns_J2_350
mult_x_1731                           398.4120      0.0      398.4120       0.0000  0.0000  poly_fir_mult_kernel_DW_mult_uns_J2_349
mult_x_1732                           398.4120      0.0      398.4120       0.0000  0.0000  poly_fir_mult_kernel_DW_mult_uns_J2_348
mult_x_1733                           398.4120      0.0      398.4120       0.0000  0.0000  poly_fir_mult_kernel_DW_mult_uns_J2_347
mult_x_1734                           398.4120      0.0      398.4120       0.0000  0.0000  poly_fir_mult_kernel_DW_mult_uns_J2_346
mult_x_1735                           398.4120      0.0      398.4120       0.0000  0.0000  poly_fir_mult_kernel_DW_mult_uns_J2_345
mult_x_1736                           398.6640      0.0      398.6640       0.0000  0.0000  poly_fir_mult_kernel_DW_mult_uns_J2_344
mult_x_1737                           398.6640      0.0      398.6640       0.0000  0.0000  poly_fir_mult_kernel_DW_mult_uns_J2_343
mult_x_1738                           398.4120      0.0      398.4120       0.0000  0.0000  poly_fir_mult_kernel_DW_mult_uns_J2_342
mult_x_1739                           398.4120      0.0      398.4120       0.0000  0.0000  poly_fir_mult_kernel_DW_mult_uns_J2_341
mult_x_174                            398.6640      0.0      398.6640       0.0000  0.0000  poly_fir_mult_kernel_DW_mult_uns_J2_1906
mult_x_1740                           398.6640      0.0      398.6640       0.0000  0.0000  poly_fir_mult_kernel_DW_mult_uns_J2_340
mult_x_1741                           398.4120      0.0      398.4120       0.0000  0.0000  poly_fir_mult_kernel_DW_mult_uns_J2_339
mult_x_1742                           398.4120      0.0      398.4120       0.0000  0.0000  poly_fir_mult_kernel_DW_mult_uns_J2_338
mult_x_1743                           398.4120      0.0      398.4120       0.0000  0.0000  poly_fir_mult_kernel_DW_mult_uns_J2_337
mult_x_1744                           398.4120      0.0      398.4120       0.0000  0.0000  poly_fir_mult_kernel_DW_mult_uns_J2_336
mult_x_1745                           398.4120      0.0      398.4120       0.0000  0.0000  poly_fir_mult_kernel_DW_mult_uns_J2_335
mult_x_1746                           398.4120      0.0      398.4120       0.0000  0.0000  poly_fir_mult_kernel_DW_mult_uns_J2_334
mult_x_1747                           398.4120      0.0      398.4120       0.0000  0.0000  poly_fir_mult_kernel_DW_mult_uns_J2_333
mult_x_1748                           398.4120      0.0      398.4120       0.0000  0.0000  poly_fir_mult_kernel_DW_mult_uns_J2_332
mult_x_1749                           398.4120      0.0      398.4120       0.0000  0.0000  poly_fir_mult_kernel_DW_mult_uns_J2_331
mult_x_175                            398.6640      0.0      398.6640       0.0000  0.0000  poly_fir_mult_kernel_DW_mult_uns_J2_1905
mult_x_1750                           398.4120      0.0      398.4120       0.0000  0.0000  poly_fir_mult_kernel_DW_mult_uns_J2_330
mult_x_1751                           398.4120      0.0      398.4120       0.0000  0.0000  poly_fir_mult_kernel_DW_mult_uns_J2_329
mult_x_1752                           398.4120      0.0      398.4120       0.0000  0.0000  poly_fir_mult_kernel_DW_mult_uns_J2_328
mult_x_1753                           398.4120      0.0      398.4120       0.0000  0.0000  poly_fir_mult_kernel_DW_mult_uns_J2_327
mult_x_1754                           398.4120      0.0      398.4120       0.0000  0.0000  poly_fir_mult_kernel_DW_mult_uns_J2_326
mult_x_1755                           398.4120      0.0      398.4120       0.0000  0.0000  poly_fir_mult_kernel_DW_mult_uns_J2_325
mult_x_1756                           398.5380      0.0      398.5380       0.0000  0.0000  poly_fir_mult_kernel_DW_mult_uns_J2_324
mult_x_1757                           398.5380      0.0      398.5380       0.0000  0.0000  poly_fir_mult_kernel_DW_mult_uns_J2_323
mult_x_1758                           398.5380      0.0      398.5380       0.0000  0.0000  poly_fir_mult_kernel_DW_mult_uns_J2_322
mult_x_1759                           399.0420      0.0      399.0420       0.0000  0.0000  poly_fir_mult_kernel_DW_mult_uns_J2_321
mult_x_176                            398.6640      0.0      398.6640       0.0000  0.0000  poly_fir_mult_kernel_DW_mult_uns_J2_1904
mult_x_1760                           398.7900      0.0      398.7900       0.0000  0.0000  poly_fir_mult_kernel_DW_mult_uns_J2_320
mult_x_1761                           398.5380      0.0      398.5380       0.0000  0.0000  poly_fir_mult_kernel_DW_mult_uns_J2_319
mult_x_1762                           398.5380      0.0      398.5380       0.0000  0.0000  poly_fir_mult_kernel_DW_mult_uns_J2_318
mult_x_1763                           398.5380      0.0      398.5380       0.0000  0.0000  poly_fir_mult_kernel_DW_mult_uns_J2_317
mult_x_1764                           398.5380      0.0      398.5380       0.0000  0.0000  poly_fir_mult_kernel_DW_mult_uns_J2_316
mult_x_1765                           398.5380      0.0      398.5380       0.0000  0.0000  poly_fir_mult_kernel_DW_mult_uns_J2_315
mult_x_1766                           398.5380      0.0      398.5380       0.0000  0.0000  poly_fir_mult_kernel_DW_mult_uns_J2_314
mult_x_1767                           398.5380      0.0      398.5380       0.0000  0.0000  poly_fir_mult_kernel_DW_mult_uns_J2_313
mult_x_1768                           398.5380      0.0      398.5380       0.0000  0.0000  poly_fir_mult_kernel_DW_mult_uns_J2_312
mult_x_1769                           398.5380      0.0      398.5380       0.0000  0.0000  poly_fir_mult_kernel_DW_mult_uns_J2_311
mult_x_177                            398.6640      0.0      398.6640       0.0000  0.0000  poly_fir_mult_kernel_DW_mult_uns_J2_1903
mult_x_1770                           398.5380      0.0      398.5380       0.0000  0.0000  poly_fir_mult_kernel_DW_mult_uns_J2_310
mult_x_1771                           398.5380      0.0      398.5380       0.0000  0.0000  poly_fir_mult_kernel_DW_mult_uns_J2_309
mult_x_1772                           398.5380      0.0      398.5380       0.0000  0.0000  poly_fir_mult_kernel_DW_mult_uns_J2_308
mult_x_1773                           398.5380      0.0      398.5380       0.0000  0.0000  poly_fir_mult_kernel_DW_mult_uns_J2_307
mult_x_1774                           398.5380      0.0      398.5380       0.0000  0.0000  poly_fir_mult_kernel_DW_mult_uns_J2_306
mult_x_1775                           398.5380      0.0      398.5380       0.0000  0.0000  poly_fir_mult_kernel_DW_mult_uns_J2_305
mult_x_1776                           398.5380      0.0      398.5380       0.0000  0.0000  poly_fir_mult_kernel_DW_mult_uns_J2_304
mult_x_1777                           398.5380      0.0      398.5380       0.0000  0.0000  poly_fir_mult_kernel_DW_mult_uns_J2_303
mult_x_1778                           398.5380      0.0      398.5380       0.0000  0.0000  poly_fir_mult_kernel_DW_mult_uns_J2_302
mult_x_1779                           398.5380      0.0      398.5380       0.0000  0.0000  poly_fir_mult_kernel_DW_mult_uns_J2_301
mult_x_178                            398.6640      0.0      398.6640       0.0000  0.0000  poly_fir_mult_kernel_DW_mult_uns_J2_1902
mult_x_1780                           398.5380      0.0      398.5380       0.0000  0.0000  poly_fir_mult_kernel_DW_mult_uns_J2_300
mult_x_1781                           399.2940      0.0      399.2940       0.0000  0.0000  poly_fir_mult_kernel_DW_mult_uns_J2_299
mult_x_1782                           399.0420      0.0      399.0420       0.0000  0.0000  poly_fir_mult_kernel_DW_mult_uns_J2_298
mult_x_1783                           398.5380      0.0      398.5380       0.0000  0.0000  poly_fir_mult_kernel_DW_mult_uns_J2_297
mult_x_1784                           398.5380      0.0      398.5380       0.0000  0.0000  poly_fir_mult_kernel_DW_mult_uns_J2_296
mult_x_1785                           398.5380      0.0      398.5380       0.0000  0.0000  poly_fir_mult_kernel_DW_mult_uns_J2_295
mult_x_1786                           398.5380      0.0      398.5380       0.0000  0.0000  poly_fir_mult_kernel_DW_mult_uns_J2_294
mult_x_1787                           398.5380      0.0      398.5380       0.0000  0.0000  poly_fir_mult_kernel_DW_mult_uns_J2_293
mult_x_1788                           398.5380      0.0      398.5380       0.0000  0.0000  poly_fir_mult_kernel_DW_mult_uns_J2_292
mult_x_1789                           398.5380      0.0      398.5380       0.0000  0.0000  poly_fir_mult_kernel_DW_mult_uns_J2_291
mult_x_179                            398.6640      0.0      398.6640       0.0000  0.0000  poly_fir_mult_kernel_DW_mult_uns_J2_1901
mult_x_1790                           398.5380      0.0      398.5380       0.0000  0.0000  poly_fir_mult_kernel_DW_mult_uns_J2_290
mult_x_1791                           398.5380      0.0      398.5380       0.0000  0.0000  poly_fir_mult_kernel_DW_mult_uns_J2_289
mult_x_1792                           398.5380      0.0      398.5380       0.0000  0.0000  poly_fir_mult_kernel_DW_mult_uns_J2_288
mult_x_1793                           398.5380      0.0      398.5380       0.0000  0.0000  poly_fir_mult_kernel_DW_mult_uns_J2_287
mult_x_1794                           398.5380      0.0      398.5380       0.0000  0.0000  poly_fir_mult_kernel_DW_mult_uns_J2_286
mult_x_1795                           398.5380      0.0      398.5380       0.0000  0.0000  poly_fir_mult_kernel_DW_mult_uns_J2_285
mult_x_1796                           398.5380      0.0      398.5380       0.0000  0.0000  poly_fir_mult_kernel_DW_mult_uns_J2_284
mult_x_1797                           398.5380      0.0      398.5380       0.0000  0.0000  poly_fir_mult_kernel_DW_mult_uns_J2_283
mult_x_1798                           398.5380      0.0      398.5380       0.0000  0.0000  poly_fir_mult_kernel_DW_mult_uns_J2_282
mult_x_1799                           398.5380      0.0      398.5380       0.0000  0.0000  poly_fir_mult_kernel_DW_mult_uns_J2_281
mult_x_18                             398.6640      0.0      398.6640       0.0000  0.0000  poly_fir_mult_kernel_DW_mult_uns_J2_2062
mult_x_180                            398.6640      0.0      398.6640       0.0000  0.0000  poly_fir_mult_kernel_DW_mult_uns_J2_1900
mult_x_1800                           398.5380      0.0      398.5380       0.0000  0.0000  poly_fir_mult_kernel_DW_mult_uns_J2_280
mult_x_1801                           398.5380      0.0      398.5380       0.0000  0.0000  poly_fir_mult_kernel_DW_mult_uns_J2_279
mult_x_1802                           398.5380      0.0      398.5380       0.0000  0.0000  poly_fir_mult_kernel_DW_mult_uns_J2_278
mult_x_1803                           398.5380      0.0      398.5380       0.0000  0.0000  poly_fir_mult_kernel_DW_mult_uns_J2_277
mult_x_1804                           398.5380      0.0      398.5380       0.0000  0.0000  poly_fir_mult_kernel_DW_mult_uns_J2_276
mult_x_1805                           398.5380      0.0      398.5380       0.0000  0.0000  poly_fir_mult_kernel_DW_mult_uns_J2_275
mult_x_1806                           398.5380      0.0      398.5380       0.0000  0.0000  poly_fir_mult_kernel_DW_mult_uns_J2_274
mult_x_1807                           398.5380      0.0      398.5380       0.0000  0.0000  poly_fir_mult_kernel_DW_mult_uns_J2_273
mult_x_1808                           398.5380      0.0      398.5380       0.0000  0.0000  poly_fir_mult_kernel_DW_mult_uns_J2_272
mult_x_1809                           398.5380      0.0      398.5380       0.0000  0.0000  poly_fir_mult_kernel_DW_mult_uns_J2_271
mult_x_181                            398.6640      0.0      398.6640       0.0000  0.0000  poly_fir_mult_kernel_DW_mult_uns_J2_1899
mult_x_1810                           398.7900      0.0      398.7900       0.0000  0.0000  poly_fir_mult_kernel_DW_mult_uns_J2_270
mult_x_1811                           398.5380      0.0      398.5380       0.0000  0.0000  poly_fir_mult_kernel_DW_mult_uns_J2_269
mult_x_1812                           398.5380      0.0      398.5380       0.0000  0.0000  poly_fir_mult_kernel_DW_mult_uns_J2_268
mult_x_1813                           398.5380      0.0      398.5380       0.0000  0.0000  poly_fir_mult_kernel_DW_mult_uns_J2_267
mult_x_1814                           398.5380      0.0      398.5380       0.0000  0.0000  poly_fir_mult_kernel_DW_mult_uns_J2_266
mult_x_1815                           398.5380      0.0      398.5380       0.0000  0.0000  poly_fir_mult_kernel_DW_mult_uns_J2_265
mult_x_1816                           398.5380      0.0      398.5380       0.0000  0.0000  poly_fir_mult_kernel_DW_mult_uns_J2_264
mult_x_1817                           398.5380      0.0      398.5380       0.0000  0.0000  poly_fir_mult_kernel_DW_mult_uns_J2_263
mult_x_1818                           398.5380      0.0      398.5380       0.0000  0.0000  poly_fir_mult_kernel_DW_mult_uns_J2_262
mult_x_1819                           398.5380      0.0      398.5380       0.0000  0.0000  poly_fir_mult_kernel_DW_mult_uns_J2_261
mult_x_182                            398.7900      0.0      398.7900       0.0000  0.0000  poly_fir_mult_kernel_DW_mult_uns_J2_1898
mult_x_1820                           398.5380      0.0      398.5380       0.0000  0.0000  poly_fir_mult_kernel_DW_mult_uns_J2_260
mult_x_1821                           398.5380      0.0      398.5380       0.0000  0.0000  poly_fir_mult_kernel_DW_mult_uns_J2_259
mult_x_1822                           398.5380      0.0      398.5380       0.0000  0.0000  poly_fir_mult_kernel_DW_mult_uns_J2_258
mult_x_1823                           398.5380      0.0      398.5380       0.0000  0.0000  poly_fir_mult_kernel_DW_mult_uns_J2_257
mult_x_1824                           398.5380      0.0      398.5380       0.0000  0.0000  poly_fir_mult_kernel_DW_mult_uns_J2_256
mult_x_1825                           398.5380      0.0      398.5380       0.0000  0.0000  poly_fir_mult_kernel_DW_mult_uns_J2_255
mult_x_1826                           398.5380      0.0      398.5380       0.0000  0.0000  poly_fir_mult_kernel_DW_mult_uns_J2_254
mult_x_1827                           398.5380      0.0      398.5380       0.0000  0.0000  poly_fir_mult_kernel_DW_mult_uns_J2_253
mult_x_1828                           398.5380      0.0      398.5380       0.0000  0.0000  poly_fir_mult_kernel_DW_mult_uns_J2_252
mult_x_1829                           398.5380      0.0      398.5380       0.0000  0.0000  poly_fir_mult_kernel_DW_mult_uns_J2_251
mult_x_183                            398.6640      0.0      398.6640       0.0000  0.0000  poly_fir_mult_kernel_DW_mult_uns_J2_1897
mult_x_1830                           398.5380      0.0      398.5380       0.0000  0.0000  poly_fir_mult_kernel_DW_mult_uns_J2_250
mult_x_1831                           398.2860      0.0      398.2860       0.0000  0.0000  poly_fir_mult_kernel_DW_mult_uns_J2_249
mult_x_1832                           398.2860      0.0      398.2860       0.0000  0.0000  poly_fir_mult_kernel_DW_mult_uns_J2_248
mult_x_1833                           398.2860      0.0      398.2860       0.0000  0.0000  poly_fir_mult_kernel_DW_mult_uns_J2_247
mult_x_1834                           398.2860      0.0      398.2860       0.0000  0.0000  poly_fir_mult_kernel_DW_mult_uns_J2_246
mult_x_1835                           398.2860      0.0      398.2860       0.0000  0.0000  poly_fir_mult_kernel_DW_mult_uns_J2_245
mult_x_1836                           398.2860      0.0      398.2860       0.0000  0.0000  poly_fir_mult_kernel_DW_mult_uns_J2_244
mult_x_1837                           398.2860      0.0      398.2860       0.0000  0.0000  poly_fir_mult_kernel_DW_mult_uns_J2_243
mult_x_1838                           398.2860      0.0      398.2860       0.0000  0.0000  poly_fir_mult_kernel_DW_mult_uns_J2_242
mult_x_1839                           398.2860      0.0      398.2860       0.0000  0.0000  poly_fir_mult_kernel_DW_mult_uns_J2_241
mult_x_184                            398.6640      0.0      398.6640       0.0000  0.0000  poly_fir_mult_kernel_DW_mult_uns_J2_1896
mult_x_1840                           398.2860      0.0      398.2860       0.0000  0.0000  poly_fir_mult_kernel_DW_mult_uns_J2_240
mult_x_1841                           398.2860      0.0      398.2860       0.0000  0.0000  poly_fir_mult_kernel_DW_mult_uns_J2_239
mult_x_1842                           398.2860      0.0      398.2860       0.0000  0.0000  poly_fir_mult_kernel_DW_mult_uns_J2_238
mult_x_1843                           398.2860      0.0      398.2860       0.0000  0.0000  poly_fir_mult_kernel_DW_mult_uns_J2_237
mult_x_1844                           398.2860      0.0      398.2860       0.0000  0.0000  poly_fir_mult_kernel_DW_mult_uns_J2_236
mult_x_1845                           398.2860      0.0      398.2860       0.0000  0.0000  poly_fir_mult_kernel_DW_mult_uns_J2_235
mult_x_1846                           398.2860      0.0      398.2860       0.0000  0.0000  poly_fir_mult_kernel_DW_mult_uns_J2_234
mult_x_1847                           398.2860      0.0      398.2860       0.0000  0.0000  poly_fir_mult_kernel_DW_mult_uns_J2_233
mult_x_1848                           398.2860      0.0      398.2860       0.0000  0.0000  poly_fir_mult_kernel_DW_mult_uns_J2_232
mult_x_1849                           398.2860      0.0      398.2860       0.0000  0.0000  poly_fir_mult_kernel_DW_mult_uns_J2_231
mult_x_185                            398.6640      0.0      398.6640       0.0000  0.0000  poly_fir_mult_kernel_DW_mult_uns_J2_1895
mult_x_1850                           398.2860      0.0      398.2860       0.0000  0.0000  poly_fir_mult_kernel_DW_mult_uns_J2_230
mult_x_1851                           398.2860      0.0      398.2860       0.0000  0.0000  poly_fir_mult_kernel_DW_mult_uns_J2_229
mult_x_1852                           398.2860      0.0      398.2860       0.0000  0.0000  poly_fir_mult_kernel_DW_mult_uns_J2_228
mult_x_1853                           398.2860      0.0      398.2860       0.0000  0.0000  poly_fir_mult_kernel_DW_mult_uns_J2_227
mult_x_1854                           398.2860      0.0      398.2860       0.0000  0.0000  poly_fir_mult_kernel_DW_mult_uns_J2_226
mult_x_1855                           398.2860      0.0      398.2860       0.0000  0.0000  poly_fir_mult_kernel_DW_mult_uns_J2_225
mult_x_1856                           398.2860      0.0      398.2860       0.0000  0.0000  poly_fir_mult_kernel_DW_mult_uns_J2_224
mult_x_1857                           398.2860      0.0      398.2860       0.0000  0.0000  poly_fir_mult_kernel_DW_mult_uns_J2_223
mult_x_1858                           398.2860      0.0      398.2860       0.0000  0.0000  poly_fir_mult_kernel_DW_mult_uns_J2_222
mult_x_1859                           398.2860      0.0      398.2860       0.0000  0.0000  poly_fir_mult_kernel_DW_mult_uns_J2_221
mult_x_186                            398.6640      0.0      398.6640       0.0000  0.0000  poly_fir_mult_kernel_DW_mult_uns_J2_1894
mult_x_1860                           398.2860      0.0      398.2860       0.0000  0.0000  poly_fir_mult_kernel_DW_mult_uns_J2_220
mult_x_1861                           398.2860      0.0      398.2860       0.0000  0.0000  poly_fir_mult_kernel_DW_mult_uns_J2_219
mult_x_1862                           398.2860      0.0      398.2860       0.0000  0.0000  poly_fir_mult_kernel_DW_mult_uns_J2_218
mult_x_1863                           398.2860      0.0      398.2860       0.0000  0.0000  poly_fir_mult_kernel_DW_mult_uns_J2_217
mult_x_1864                           398.2860      0.0      398.2860       0.0000  0.0000  poly_fir_mult_kernel_DW_mult_uns_J2_216
mult_x_1865                           398.2860      0.0      398.2860       0.0000  0.0000  poly_fir_mult_kernel_DW_mult_uns_J2_215
mult_x_1866                           398.2860      0.0      398.2860       0.0000  0.0000  poly_fir_mult_kernel_DW_mult_uns_J2_214
mult_x_1867                           398.2860      0.0      398.2860       0.0000  0.0000  poly_fir_mult_kernel_DW_mult_uns_J2_213
mult_x_1868                           398.2860      0.0      398.2860       0.0000  0.0000  poly_fir_mult_kernel_DW_mult_uns_J2_212
mult_x_1869                           398.2860      0.0      398.2860       0.0000  0.0000  poly_fir_mult_kernel_DW_mult_uns_J2_211
mult_x_187                            398.6640      0.0      398.6640       0.0000  0.0000  poly_fir_mult_kernel_DW_mult_uns_J2_1893
mult_x_1870                           398.2860      0.0      398.2860       0.0000  0.0000  poly_fir_mult_kernel_DW_mult_uns_J2_210
mult_x_1871                           398.2860      0.0      398.2860       0.0000  0.0000  poly_fir_mult_kernel_DW_mult_uns_J2_209
mult_x_1872                           398.5380      0.0      398.5380       0.0000  0.0000  poly_fir_mult_kernel_DW_mult_uns_J2_208
mult_x_1873                           398.2860      0.0      398.2860       0.0000  0.0000  poly_fir_mult_kernel_DW_mult_uns_J2_207
mult_x_1874                           398.2860      0.0      398.2860       0.0000  0.0000  poly_fir_mult_kernel_DW_mult_uns_J2_206
mult_x_1875                           398.2860      0.0      398.2860       0.0000  0.0000  poly_fir_mult_kernel_DW_mult_uns_J2_205
mult_x_1876                           398.2860      0.0      398.2860       0.0000  0.0000  poly_fir_mult_kernel_DW_mult_uns_J2_204
mult_x_1877                           398.2860      0.0      398.2860       0.0000  0.0000  poly_fir_mult_kernel_DW_mult_uns_J2_203
mult_x_1878                           398.2860      0.0      398.2860       0.0000  0.0000  poly_fir_mult_kernel_DW_mult_uns_J2_202
mult_x_1879                           398.2860      0.0      398.2860       0.0000  0.0000  poly_fir_mult_kernel_DW_mult_uns_J2_201
mult_x_188                            398.6640      0.0      398.6640       0.0000  0.0000  poly_fir_mult_kernel_DW_mult_uns_J2_1892
mult_x_1880                           398.2860      0.0      398.2860       0.0000  0.0000  poly_fir_mult_kernel_DW_mult_uns_J2_200
mult_x_1881                           398.2860      0.0      398.2860       0.0000  0.0000  poly_fir_mult_kernel_DW_mult_uns_J2_199
mult_x_1882                           398.2860      0.0      398.2860       0.0000  0.0000  poly_fir_mult_kernel_DW_mult_uns_J2_198
mult_x_1883                           398.2860      0.0      398.2860       0.0000  0.0000  poly_fir_mult_kernel_DW_mult_uns_J2_197
mult_x_1884                           398.2860      0.0      398.2860       0.0000  0.0000  poly_fir_mult_kernel_DW_mult_uns_J2_196
mult_x_1885                           398.2860      0.0      398.2860       0.0000  0.0000  poly_fir_mult_kernel_DW_mult_uns_J2_195
mult_x_1886                           398.2860      0.0      398.2860       0.0000  0.0000  poly_fir_mult_kernel_DW_mult_uns_J2_194
mult_x_1887                           398.2860      0.0      398.2860       0.0000  0.0000  poly_fir_mult_kernel_DW_mult_uns_J2_193
mult_x_1888                           398.2860      0.0      398.2860       0.0000  0.0000  poly_fir_mult_kernel_DW_mult_uns_J2_192
mult_x_1889                           398.2860      0.0      398.2860       0.0000  0.0000  poly_fir_mult_kernel_DW_mult_uns_J2_191
mult_x_189                            398.6640      0.0      398.6640       0.0000  0.0000  poly_fir_mult_kernel_DW_mult_uns_J2_1891
mult_x_1890                           398.2860      0.0      398.2860       0.0000  0.0000  poly_fir_mult_kernel_DW_mult_uns_J2_190
mult_x_1891                           398.1600      0.0      398.1600       0.0000  0.0000  poly_fir_mult_kernel_DW_mult_uns_J2_189
mult_x_1892                           398.1600      0.0      398.1600       0.0000  0.0000  poly_fir_mult_kernel_DW_mult_uns_J2_188
mult_x_1893                           398.1600      0.0      398.1600       0.0000  0.0000  poly_fir_mult_kernel_DW_mult_uns_J2_187
mult_x_1894                           398.1600      0.0      398.1600       0.0000  0.0000  poly_fir_mult_kernel_DW_mult_uns_J2_186
mult_x_1895                           398.1600      0.0      398.1600       0.0000  0.0000  poly_fir_mult_kernel_DW_mult_uns_J2_185
mult_x_1896                           398.1600      0.0      398.1600       0.0000  0.0000  poly_fir_mult_kernel_DW_mult_uns_J2_184
mult_x_1897                           398.1600      0.0      398.1600       0.0000  0.0000  poly_fir_mult_kernel_DW_mult_uns_J2_183
mult_x_1898                           398.1600      0.0      398.1600       0.0000  0.0000  poly_fir_mult_kernel_DW_mult_uns_J2_182
mult_x_1899                           398.1600      0.0      398.1600       0.0000  0.0000  poly_fir_mult_kernel_DW_mult_uns_J2_181
mult_x_19                             398.6640      0.0      398.6640       0.0000  0.0000  poly_fir_mult_kernel_DW_mult_uns_J2_2061
mult_x_190                            398.6640      0.0      398.6640       0.0000  0.0000  poly_fir_mult_kernel_DW_mult_uns_J2_1890
mult_x_1900                           398.1600      0.0      398.1600       0.0000  0.0000  poly_fir_mult_kernel_DW_mult_uns_J2_180
mult_x_1901                           398.1600      0.0      398.1600       0.0000  0.0000  poly_fir_mult_kernel_DW_mult_uns_J2_179
mult_x_1902                           398.1600      0.0      398.1600       0.0000  0.0000  poly_fir_mult_kernel_DW_mult_uns_J2_178
mult_x_1903                           398.1600      0.0      398.1600       0.0000  0.0000  poly_fir_mult_kernel_DW_mult_uns_J2_177
mult_x_1904                           398.1600      0.0      398.1600       0.0000  0.0000  poly_fir_mult_kernel_DW_mult_uns_J2_176
mult_x_1905                           398.1600      0.0      398.1600       0.0000  0.0000  poly_fir_mult_kernel_DW_mult_uns_J2_175
mult_x_1906                           398.1600      0.0      398.1600       0.0000  0.0000  poly_fir_mult_kernel_DW_mult_uns_J2_174
mult_x_1907                           398.1600      0.0      398.1600       0.0000  0.0000  poly_fir_mult_kernel_DW_mult_uns_J2_173
mult_x_1908                           398.1600      0.0      398.1600       0.0000  0.0000  poly_fir_mult_kernel_DW_mult_uns_J2_172
mult_x_1909                           398.1600      0.0      398.1600       0.0000  0.0000  poly_fir_mult_kernel_DW_mult_uns_J2_171
mult_x_191                            399.2940      0.0      399.2940       0.0000  0.0000  poly_fir_mult_kernel_DW_mult_uns_J2_1889
mult_x_1910                           398.2860      0.0      398.2860       0.0000  0.0000  poly_fir_mult_kernel_DW_mult_uns_J2_170
mult_x_1911                           398.2860      0.0      398.2860       0.0000  0.0000  poly_fir_mult_kernel_DW_mult_uns_J2_169
mult_x_1912                           398.2860      0.0      398.2860       0.0000  0.0000  poly_fir_mult_kernel_DW_mult_uns_J2_168
mult_x_1913                           398.2860      0.0      398.2860       0.0000  0.0000  poly_fir_mult_kernel_DW_mult_uns_J2_167
mult_x_1914                           398.2860      0.0      398.2860       0.0000  0.0000  poly_fir_mult_kernel_DW_mult_uns_J2_166
mult_x_1915                           398.2860      0.0      398.2860       0.0000  0.0000  poly_fir_mult_kernel_DW_mult_uns_J2_165
mult_x_1916                           398.2860      0.0      398.2860       0.0000  0.0000  poly_fir_mult_kernel_DW_mult_uns_J2_164
mult_x_1917                           398.2860      0.0      398.2860       0.0000  0.0000  poly_fir_mult_kernel_DW_mult_uns_J2_163
mult_x_1918                           398.2860      0.0      398.2860       0.0000  0.0000  poly_fir_mult_kernel_DW_mult_uns_J2_162
mult_x_1919                           398.2860      0.0      398.2860       0.0000  0.0000  poly_fir_mult_kernel_DW_mult_uns_J2_161
mult_x_192                            399.1680      0.0      399.1680       0.0000  0.0000  poly_fir_mult_kernel_DW_mult_uns_J2_1888
mult_x_1920                           398.2860      0.0      398.2860       0.0000  0.0000  poly_fir_mult_kernel_DW_mult_uns_J2_160
mult_x_1921                           398.2860      0.0      398.2860       0.0000  0.0000  poly_fir_mult_kernel_DW_mult_uns_J2_159
mult_x_1922                           398.2860      0.0      398.2860       0.0000  0.0000  poly_fir_mult_kernel_DW_mult_uns_J2_158
mult_x_1923                           398.2860      0.0      398.2860       0.0000  0.0000  poly_fir_mult_kernel_DW_mult_uns_J2_157
mult_x_1924                           398.2860      0.0      398.2860       0.0000  0.0000  poly_fir_mult_kernel_DW_mult_uns_J2_156
mult_x_1925                           398.2860      0.0      398.2860       0.0000  0.0000  poly_fir_mult_kernel_DW_mult_uns_J2_155
mult_x_1926                           398.2860      0.0      398.2860       0.0000  0.0000  poly_fir_mult_kernel_DW_mult_uns_J2_154
mult_x_1927                           398.2860      0.0      398.2860       0.0000  0.0000  poly_fir_mult_kernel_DW_mult_uns_J2_153
mult_x_1928                           398.2860      0.0      398.2860       0.0000  0.0000  poly_fir_mult_kernel_DW_mult_uns_J2_152
mult_x_1929                           398.2860      0.0      398.2860       0.0000  0.0000  poly_fir_mult_kernel_DW_mult_uns_J2_151
mult_x_193                            398.6640      0.0      398.6640       0.0000  0.0000  poly_fir_mult_kernel_DW_mult_uns_J2_1887
mult_x_1930                           398.2860      0.0      398.2860       0.0000  0.0000  poly_fir_mult_kernel_DW_mult_uns_J2_150
mult_x_1931                           398.2860      0.0      398.2860       0.0000  0.0000  poly_fir_mult_kernel_DW_mult_uns_J2_149
mult_x_1932                           398.2860      0.0      398.2860       0.0000  0.0000  poly_fir_mult_kernel_DW_mult_uns_J2_148
mult_x_1933                           398.2860      0.0      398.2860       0.0000  0.0000  poly_fir_mult_kernel_DW_mult_uns_J2_147
mult_x_1934                           398.2860      0.0      398.2860       0.0000  0.0000  poly_fir_mult_kernel_DW_mult_uns_J2_146
mult_x_1935                           398.2860      0.0      398.2860       0.0000  0.0000  poly_fir_mult_kernel_DW_mult_uns_J2_145
mult_x_1936                           398.2860      0.0      398.2860       0.0000  0.0000  poly_fir_mult_kernel_DW_mult_uns_J2_144
mult_x_1937                           398.2860      0.0      398.2860       0.0000  0.0000  poly_fir_mult_kernel_DW_mult_uns_J2_143
mult_x_1938                           398.2860      0.0      398.2860       0.0000  0.0000  poly_fir_mult_kernel_DW_mult_uns_J2_142
mult_x_1939                           398.2860      0.0      398.2860       0.0000  0.0000  poly_fir_mult_kernel_DW_mult_uns_J2_141
mult_x_194                            398.6640      0.0      398.6640       0.0000  0.0000  poly_fir_mult_kernel_DW_mult_uns_J2_1886
mult_x_1940                           398.2860      0.0      398.2860       0.0000  0.0000  poly_fir_mult_kernel_DW_mult_uns_J2_140
mult_x_1941                           398.2860      0.0      398.2860       0.0000  0.0000  poly_fir_mult_kernel_DW_mult_uns_J2_139
mult_x_1942                           398.2860      0.0      398.2860       0.0000  0.0000  poly_fir_mult_kernel_DW_mult_uns_J2_138
mult_x_1943                           398.2860      0.0      398.2860       0.0000  0.0000  poly_fir_mult_kernel_DW_mult_uns_J2_137
mult_x_1944                           398.2860      0.0      398.2860       0.0000  0.0000  poly_fir_mult_kernel_DW_mult_uns_J2_136
mult_x_1945                           398.2860      0.0      398.2860       0.0000  0.0000  poly_fir_mult_kernel_DW_mult_uns_J2_135
mult_x_1946                           398.2860      0.0      398.2860       0.0000  0.0000  poly_fir_mult_kernel_DW_mult_uns_J2_134
mult_x_1947                           398.2860      0.0      398.2860       0.0000  0.0000  poly_fir_mult_kernel_DW_mult_uns_J2_133
mult_x_1948                           398.2860      0.0      398.2860       0.0000  0.0000  poly_fir_mult_kernel_DW_mult_uns_J2_132
mult_x_1949                           398.2860      0.0      398.2860       0.0000  0.0000  poly_fir_mult_kernel_DW_mult_uns_J2_131
mult_x_195                            398.6640      0.0      398.6640       0.0000  0.0000  poly_fir_mult_kernel_DW_mult_uns_J2_1885
mult_x_1950                           398.2860      0.0      398.2860       0.0000  0.0000  poly_fir_mult_kernel_DW_mult_uns_J2_130
mult_x_1951                           398.2860      0.0      398.2860       0.0000  0.0000  poly_fir_mult_kernel_DW_mult_uns_J2_129
mult_x_1952                           398.2860      0.0      398.2860       0.0000  0.0000  poly_fir_mult_kernel_DW_mult_uns_J2_128
mult_x_1953                           398.2860      0.0      398.2860       0.0000  0.0000  poly_fir_mult_kernel_DW_mult_uns_J2_127
mult_x_1954                           398.2860      0.0      398.2860       0.0000  0.0000  poly_fir_mult_kernel_DW_mult_uns_J2_126
mult_x_1955                           398.2860      0.0      398.2860       0.0000  0.0000  poly_fir_mult_kernel_DW_mult_uns_J2_125
mult_x_1956                           398.2860      0.0      398.2860       0.0000  0.0000  poly_fir_mult_kernel_DW_mult_uns_J2_124
mult_x_1957                           398.2860      0.0      398.2860       0.0000  0.0000  poly_fir_mult_kernel_DW_mult_uns_J2_123
mult_x_1958                           398.2860      0.0      398.2860       0.0000  0.0000  poly_fir_mult_kernel_DW_mult_uns_J2_122
mult_x_1959                           398.2860      0.0      398.2860       0.0000  0.0000  poly_fir_mult_kernel_DW_mult_uns_J2_121
mult_x_196                            398.6640      0.0      398.6640       0.0000  0.0000  poly_fir_mult_kernel_DW_mult_uns_J2_1884
mult_x_1960                           398.2860      0.0      398.2860       0.0000  0.0000  poly_fir_mult_kernel_DW_mult_uns_J2_120
mult_x_1961                           398.2860      0.0      398.2860       0.0000  0.0000  poly_fir_mult_kernel_DW_mult_uns_J2_119
mult_x_1962                           398.2860      0.0      398.2860       0.0000  0.0000  poly_fir_mult_kernel_DW_mult_uns_J2_118
mult_x_1963                           398.2860      0.0      398.2860       0.0000  0.0000  poly_fir_mult_kernel_DW_mult_uns_J2_117
mult_x_1964                           398.2860      0.0      398.2860       0.0000  0.0000  poly_fir_mult_kernel_DW_mult_uns_J2_116
mult_x_1965                           398.2860      0.0      398.2860       0.0000  0.0000  poly_fir_mult_kernel_DW_mult_uns_J2_115
mult_x_1966                           398.2860      0.0      398.2860       0.0000  0.0000  poly_fir_mult_kernel_DW_mult_uns_J2_114
mult_x_1967                           398.2860      0.0      398.2860       0.0000  0.0000  poly_fir_mult_kernel_DW_mult_uns_J2_113
mult_x_1968                           398.2860      0.0      398.2860       0.0000  0.0000  poly_fir_mult_kernel_DW_mult_uns_J2_112
mult_x_1969                           398.2860      0.0      398.2860       0.0000  0.0000  poly_fir_mult_kernel_DW_mult_uns_J2_111
mult_x_197                            398.6640      0.0      398.6640       0.0000  0.0000  poly_fir_mult_kernel_DW_mult_uns_J2_1883
mult_x_1970                           398.2860      0.0      398.2860       0.0000  0.0000  poly_fir_mult_kernel_DW_mult_uns_J2_110
mult_x_1971                           398.2860      0.0      398.2860       0.0000  0.0000  poly_fir_mult_kernel_DW_mult_uns_J2_109
mult_x_1972                           398.2860      0.0      398.2860       0.0000  0.0000  poly_fir_mult_kernel_DW_mult_uns_J2_108
mult_x_1973                           398.2860      0.0      398.2860       0.0000  0.0000  poly_fir_mult_kernel_DW_mult_uns_J2_107
mult_x_1974                           398.2860      0.0      398.2860       0.0000  0.0000  poly_fir_mult_kernel_DW_mult_uns_J2_106
mult_x_1975                           398.2860      0.0      398.2860       0.0000  0.0000  poly_fir_mult_kernel_DW_mult_uns_J2_105
mult_x_1976                           398.1600      0.0      398.1600       0.0000  0.0000  poly_fir_mult_kernel_DW_mult_uns_J2_104
mult_x_1977                           398.1600      0.0      398.1600       0.0000  0.0000  poly_fir_mult_kernel_DW_mult_uns_J2_103
mult_x_1978                           398.1600      0.0      398.1600       0.0000  0.0000  poly_fir_mult_kernel_DW_mult_uns_J2_102
mult_x_1979                           398.1600      0.0      398.1600       0.0000  0.0000  poly_fir_mult_kernel_DW_mult_uns_J2_101
mult_x_198                            398.6640      0.0      398.6640       0.0000  0.0000  poly_fir_mult_kernel_DW_mult_uns_J2_1882
mult_x_1980                           398.1600      0.0      398.1600       0.0000  0.0000  poly_fir_mult_kernel_DW_mult_uns_J2_100
mult_x_1981                           398.1600      0.0      398.1600       0.0000  0.0000  poly_fir_mult_kernel_DW_mult_uns_J2_99
mult_x_1982                           398.1600      0.0      398.1600       0.0000  0.0000  poly_fir_mult_kernel_DW_mult_uns_J2_98
mult_x_1983                           398.1600      0.0      398.1600       0.0000  0.0000  poly_fir_mult_kernel_DW_mult_uns_J2_97
mult_x_1984                           398.1600      0.0      398.1600       0.0000  0.0000  poly_fir_mult_kernel_DW_mult_uns_J2_96
mult_x_1985                           398.1600      0.0      398.1600       0.0000  0.0000  poly_fir_mult_kernel_DW_mult_uns_J2_95
mult_x_1986                           398.1600      0.0      398.1600       0.0000  0.0000  poly_fir_mult_kernel_DW_mult_uns_J2_94
mult_x_1987                           398.1600      0.0      398.1600       0.0000  0.0000  poly_fir_mult_kernel_DW_mult_uns_J2_93
mult_x_1988                           398.1600      0.0      398.1600       0.0000  0.0000  poly_fir_mult_kernel_DW_mult_uns_J2_92
mult_x_1989                           398.1600      0.0      398.1600       0.0000  0.0000  poly_fir_mult_kernel_DW_mult_uns_J2_91
mult_x_199                            398.6640      0.0      398.6640       0.0000  0.0000  poly_fir_mult_kernel_DW_mult_uns_J2_1881
mult_x_1990                           398.1600      0.0      398.1600       0.0000  0.0000  poly_fir_mult_kernel_DW_mult_uns_J2_90
mult_x_1991                           398.1600      0.0      398.1600       0.0000  0.0000  poly_fir_mult_kernel_DW_mult_uns_J2_89
mult_x_1992                           398.1600      0.0      398.1600       0.0000  0.0000  poly_fir_mult_kernel_DW_mult_uns_J2_88
mult_x_1993                           398.1600      0.0      398.1600       0.0000  0.0000  poly_fir_mult_kernel_DW_mult_uns_J2_87
mult_x_1994                           398.1600      0.0      398.1600       0.0000  0.0000  poly_fir_mult_kernel_DW_mult_uns_J2_86
mult_x_1995                           398.1600      0.0      398.1600       0.0000  0.0000  poly_fir_mult_kernel_DW_mult_uns_J2_85
mult_x_1996                           398.1600      0.0      398.1600       0.0000  0.0000  poly_fir_mult_kernel_DW_mult_uns_J2_84
mult_x_1997                           398.1600      0.0      398.1600       0.0000  0.0000  poly_fir_mult_kernel_DW_mult_uns_J2_83
mult_x_1998                           398.1600      0.0      398.1600       0.0000  0.0000  poly_fir_mult_kernel_DW_mult_uns_J2_82
mult_x_1999                           398.1600      0.0      398.1600       0.0000  0.0000  poly_fir_mult_kernel_DW_mult_uns_J2_81
mult_x_2                              399.1680      0.0      399.1680       0.0000  0.0000  poly_fir_mult_kernel_DW_mult_uns_J2_2078
mult_x_20                             398.6640      0.0      398.6640       0.0000  0.0000  poly_fir_mult_kernel_DW_mult_uns_J2_2060
mult_x_200                            398.6640      0.0      398.6640       0.0000  0.0000  poly_fir_mult_kernel_DW_mult_uns_J2_1880
mult_x_2000                           398.1600      0.0      398.1600       0.0000  0.0000  poly_fir_mult_kernel_DW_mult_uns_J2_80
mult_x_2001                           398.1600      0.0      398.1600       0.0000  0.0000  poly_fir_mult_kernel_DW_mult_uns_J2_79
mult_x_2002                           398.1600      0.0      398.1600       0.0000  0.0000  poly_fir_mult_kernel_DW_mult_uns_J2_78
mult_x_2003                           398.1600      0.0      398.1600       0.0000  0.0000  poly_fir_mult_kernel_DW_mult_uns_J2_77
mult_x_2004                           398.1600      0.0      398.1600       0.0000  0.0000  poly_fir_mult_kernel_DW_mult_uns_J2_76
mult_x_2005                           398.1600      0.0      398.1600       0.0000  0.0000  poly_fir_mult_kernel_DW_mult_uns_J2_75
mult_x_2006                           398.1600      0.0      398.1600       0.0000  0.0000  poly_fir_mult_kernel_DW_mult_uns_J2_74
mult_x_2007                           398.1600      0.0      398.1600       0.0000  0.0000  poly_fir_mult_kernel_DW_mult_uns_J2_73
mult_x_2008                           398.1600      0.0      398.1600       0.0000  0.0000  poly_fir_mult_kernel_DW_mult_uns_J2_72
mult_x_2009                           398.1600      0.0      398.1600       0.0000  0.0000  poly_fir_mult_kernel_DW_mult_uns_J2_71
mult_x_201                            399.2940      0.0      399.2940       0.0000  0.0000  poly_fir_mult_kernel_DW_mult_uns_J2_1879
mult_x_2010                           398.1600      0.0      398.1600       0.0000  0.0000  poly_fir_mult_kernel_DW_mult_uns_J2_70
mult_x_2011                           398.1600      0.0      398.1600       0.0000  0.0000  poly_fir_mult_kernel_DW_mult_uns_J2_69
mult_x_2012                           398.1600      0.0      398.1600       0.0000  0.0000  poly_fir_mult_kernel_DW_mult_uns_J2_68
mult_x_2013                           398.1600      0.0      398.1600       0.0000  0.0000  poly_fir_mult_kernel_DW_mult_uns_J2_67
mult_x_2014                           398.1600      0.0      398.1600       0.0000  0.0000  poly_fir_mult_kernel_DW_mult_uns_J2_66
mult_x_2015                           398.1600      0.0      398.1600       0.0000  0.0000  poly_fir_mult_kernel_DW_mult_uns_J2_65
mult_x_2016                           398.1600      0.0      398.1600       0.0000  0.0000  poly_fir_mult_kernel_DW_mult_uns_J2_64
mult_x_2017                           398.1600      0.0      398.1600       0.0000  0.0000  poly_fir_mult_kernel_DW_mult_uns_J2_63
mult_x_2018                           398.1600      0.0      398.1600       0.0000  0.0000  poly_fir_mult_kernel_DW_mult_uns_J2_62
mult_x_2019                           398.1600      0.0      398.1600       0.0000  0.0000  poly_fir_mult_kernel_DW_mult_uns_J2_61
mult_x_202                            399.1680      0.0      399.1680       0.0000  0.0000  poly_fir_mult_kernel_DW_mult_uns_J2_1878
mult_x_2020                           398.1600      0.0      398.1600       0.0000  0.0000  poly_fir_mult_kernel_DW_mult_uns_J2_60
mult_x_2021                           398.1600      0.0      398.1600       0.0000  0.0000  poly_fir_mult_kernel_DW_mult_uns_J2_59
mult_x_2022                           398.1600      0.0      398.1600       0.0000  0.0000  poly_fir_mult_kernel_DW_mult_uns_J2_58
mult_x_2023                           398.1600      0.0      398.1600       0.0000  0.0000  poly_fir_mult_kernel_DW_mult_uns_J2_57
mult_x_2024                           398.1600      0.0      398.1600       0.0000  0.0000  poly_fir_mult_kernel_DW_mult_uns_J2_56
mult_x_2025                           398.1600      0.0      398.1600       0.0000  0.0000  poly_fir_mult_kernel_DW_mult_uns_J2_55
mult_x_2026                           398.1600      0.0      398.1600       0.0000  0.0000  poly_fir_mult_kernel_DW_mult_uns_J2_54
mult_x_2027                           398.1600      0.0      398.1600       0.0000  0.0000  poly_fir_mult_kernel_DW_mult_uns_J2_53
mult_x_2028                           398.1600      0.0      398.1600       0.0000  0.0000  poly_fir_mult_kernel_DW_mult_uns_J2_52
mult_x_2029                           398.1600      0.0      398.1600       0.0000  0.0000  poly_fir_mult_kernel_DW_mult_uns_J2_51
mult_x_203                            398.6640      0.0      398.6640       0.0000  0.0000  poly_fir_mult_kernel_DW_mult_uns_J2_1877
mult_x_2030                           398.1600      0.0      398.1600       0.0000  0.0000  poly_fir_mult_kernel_DW_mult_uns_J2_50
mult_x_2031                           398.1600      0.0      398.1600       0.0000  0.0000  poly_fir_mult_kernel_DW_mult_uns_J2_49
mult_x_2032                           398.1600      0.0      398.1600       0.0000  0.0000  poly_fir_mult_kernel_DW_mult_uns_J2_48
mult_x_2033                           398.1600      0.0      398.1600       0.0000  0.0000  poly_fir_mult_kernel_DW_mult_uns_J2_47
mult_x_2034                           398.1600      0.0      398.1600       0.0000  0.0000  poly_fir_mult_kernel_DW_mult_uns_J2_46
mult_x_2035                           398.1600      0.0      398.1600       0.0000  0.0000  poly_fir_mult_kernel_DW_mult_uns_J2_45
mult_x_2036                           398.1600      0.0      398.1600       0.0000  0.0000  poly_fir_mult_kernel_DW_mult_uns_J2_44
mult_x_2037                           398.1600      0.0      398.1600       0.0000  0.0000  poly_fir_mult_kernel_DW_mult_uns_J2_43
mult_x_2038                           398.1600      0.0      398.1600       0.0000  0.0000  poly_fir_mult_kernel_DW_mult_uns_J2_42
mult_x_2039                           398.1600      0.0      398.1600       0.0000  0.0000  poly_fir_mult_kernel_DW_mult_uns_J2_41
mult_x_204                            398.6640      0.0      398.6640       0.0000  0.0000  poly_fir_mult_kernel_DW_mult_uns_J2_1876
mult_x_2040                           398.1600      0.0      398.1600       0.0000  0.0000  poly_fir_mult_kernel_DW_mult_uns_J2_40
mult_x_2041                           398.1600      0.0      398.1600       0.0000  0.0000  poly_fir_mult_kernel_DW_mult_uns_J2_39
mult_x_2042                           398.1600      0.0      398.1600       0.0000  0.0000  poly_fir_mult_kernel_DW_mult_uns_J2_38
mult_x_2043                           398.1600      0.0      398.1600       0.0000  0.0000  poly_fir_mult_kernel_DW_mult_uns_J2_37
mult_x_2044                           398.1600      0.0      398.1600       0.0000  0.0000  poly_fir_mult_kernel_DW_mult_uns_J2_36
mult_x_2045                           398.1600      0.0      398.1600       0.0000  0.0000  poly_fir_mult_kernel_DW_mult_uns_J2_35
mult_x_2046                           398.1600      0.0      398.1600       0.0000  0.0000  poly_fir_mult_kernel_DW_mult_uns_J2_34
mult_x_2047                           398.1600      0.0      398.1600       0.0000  0.0000  poly_fir_mult_kernel_DW_mult_uns_J2_33
mult_x_2048                           398.1600      0.0      398.1600       0.0000  0.0000  poly_fir_mult_kernel_DW_mult_uns_J2_32
mult_x_2049                           398.1600      0.0      398.1600       0.0000  0.0000  poly_fir_mult_kernel_DW_mult_uns_J2_31
mult_x_205                            398.6640      0.0      398.6640       0.0000  0.0000  poly_fir_mult_kernel_DW_mult_uns_J2_1875
mult_x_2050                           398.1600      0.0      398.1600       0.0000  0.0000  poly_fir_mult_kernel_DW_mult_uns_J2_30
mult_x_2051                           398.1600      0.0      398.1600       0.0000  0.0000  poly_fir_mult_kernel_DW_mult_uns_J2_29
mult_x_2052                           398.1600      0.0      398.1600       0.0000  0.0000  poly_fir_mult_kernel_DW_mult_uns_J2_28
mult_x_2053                           398.1600      0.0      398.1600       0.0000  0.0000  poly_fir_mult_kernel_DW_mult_uns_J2_27
mult_x_2054                           398.1600      0.0      398.1600       0.0000  0.0000  poly_fir_mult_kernel_DW_mult_uns_J2_26
mult_x_2055                           398.1600      0.0      398.1600       0.0000  0.0000  poly_fir_mult_kernel_DW_mult_uns_J2_25
mult_x_2056                           398.1600      0.0      398.1600       0.0000  0.0000  poly_fir_mult_kernel_DW_mult_uns_J2_24
mult_x_2057                           398.1600      0.0      398.1600       0.0000  0.0000  poly_fir_mult_kernel_DW_mult_uns_J2_23
mult_x_2058                           398.1600      0.0      398.1600       0.0000  0.0000  poly_fir_mult_kernel_DW_mult_uns_J2_22
mult_x_2059                           398.1600      0.0      398.1600       0.0000  0.0000  poly_fir_mult_kernel_DW_mult_uns_J2_21
mult_x_206                            398.6640      0.0      398.6640       0.0000  0.0000  poly_fir_mult_kernel_DW_mult_uns_J2_1874
mult_x_2060                           398.1600      0.0      398.1600       0.0000  0.0000  poly_fir_mult_kernel_DW_mult_uns_J2_20
mult_x_2061                           398.1600      0.0      398.1600       0.0000  0.0000  poly_fir_mult_kernel_DW_mult_uns_J2_19
mult_x_2062                           398.1600      0.0      398.1600       0.0000  0.0000  poly_fir_mult_kernel_DW_mult_uns_J2_18
mult_x_2063                           398.1600      0.0      398.1600       0.0000  0.0000  poly_fir_mult_kernel_DW_mult_uns_J2_17
mult_x_2064                           398.1600      0.0      398.1600       0.0000  0.0000  poly_fir_mult_kernel_DW_mult_uns_J2_16
mult_x_2065                           398.1600      0.0      398.1600       0.0000  0.0000  poly_fir_mult_kernel_DW_mult_uns_J2_15
mult_x_2066                           398.1600      0.0      398.1600       0.0000  0.0000  poly_fir_mult_kernel_DW_mult_uns_J2_14
mult_x_2067                           398.1600      0.0      398.1600       0.0000  0.0000  poly_fir_mult_kernel_DW_mult_uns_J2_13
mult_x_2068                           398.1600      0.0      398.1600       0.0000  0.0000  poly_fir_mult_kernel_DW_mult_uns_J2_12
mult_x_2069                           398.1600      0.0      398.1600       0.0000  0.0000  poly_fir_mult_kernel_DW_mult_uns_J2_11
mult_x_207                            398.6640      0.0      398.6640       0.0000  0.0000  poly_fir_mult_kernel_DW_mult_uns_J2_1873
mult_x_2070                           398.1600      0.0      398.1600       0.0000  0.0000  poly_fir_mult_kernel_DW_mult_uns_J2_10
mult_x_2071                           398.1600      0.0      398.1600       0.0000  0.0000  poly_fir_mult_kernel_DW_mult_uns_J2_9
mult_x_2072                           398.1600      0.0      398.1600       0.0000  0.0000  poly_fir_mult_kernel_DW_mult_uns_J2_8
mult_x_2073                           398.1600      0.0      398.1600       0.0000  0.0000  poly_fir_mult_kernel_DW_mult_uns_J2_7
mult_x_2074                           398.1600      0.0      398.1600       0.0000  0.0000  poly_fir_mult_kernel_DW_mult_uns_J2_6
mult_x_2075                           398.1600      0.0      398.1600       0.0000  0.0000  poly_fir_mult_kernel_DW_mult_uns_J2_5
mult_x_2076                           398.1600      0.0      398.1600       0.0000  0.0000  poly_fir_mult_kernel_DW_mult_uns_J2_4
mult_x_2077                           398.1600      0.0      398.1600       0.0000  0.0000  poly_fir_mult_kernel_DW_mult_uns_J2_3
mult_x_2078                           398.1600      0.0      398.1600       0.0000  0.0000  poly_fir_mult_kernel_DW_mult_uns_J2_2
mult_x_2079                           398.1600      0.0      398.1600       0.0000  0.0000  poly_fir_mult_kernel_DW_mult_uns_J2_1
mult_x_208                            398.6640      0.0      398.6640       0.0000  0.0000  poly_fir_mult_kernel_DW_mult_uns_J2_1872
mult_x_2080                           398.1600      0.0      398.1600       0.0000  0.0000  poly_fir_mult_kernel_DW_mult_uns_J2_0
mult_x_209                            398.6640      0.0      398.6640       0.0000  0.0000  poly_fir_mult_kernel_DW_mult_uns_J2_1871
mult_x_21                             399.0420      0.0      399.0420       0.0000  0.0000  poly_fir_mult_kernel_DW_mult_uns_J2_2059
mult_x_210                            398.6640      0.0      398.6640       0.0000  0.0000  poly_fir_mult_kernel_DW_mult_uns_J2_1870
mult_x_211                            399.0420      0.0      399.0420       0.0000  0.0000  poly_fir_mult_kernel_DW_mult_uns_J2_1869
mult_x_212                            398.9160      0.0      398.9160       0.0000  0.0000  poly_fir_mult_kernel_DW_mult_uns_J2_1868
mult_x_213                            398.6640      0.0      398.6640       0.0000  0.0000  poly_fir_mult_kernel_DW_mult_uns_J2_1867
mult_x_214                            398.6640      0.0      398.6640       0.0000  0.0000  poly_fir_mult_kernel_DW_mult_uns_J2_1866
mult_x_215                            398.6640      0.0      398.6640       0.0000  0.0000  poly_fir_mult_kernel_DW_mult_uns_J2_1865
mult_x_216                            398.6640      0.0      398.6640       0.0000  0.0000  poly_fir_mult_kernel_DW_mult_uns_J2_1864
mult_x_217                            398.6640      0.0      398.6640       0.0000  0.0000  poly_fir_mult_kernel_DW_mult_uns_J2_1863
mult_x_218                            398.6640      0.0      398.6640       0.0000  0.0000  poly_fir_mult_kernel_DW_mult_uns_J2_1862
mult_x_219                            398.6640      0.0      398.6640       0.0000  0.0000  poly_fir_mult_kernel_DW_mult_uns_J2_1861
mult_x_22                             398.9160      0.0      398.9160       0.0000  0.0000  poly_fir_mult_kernel_DW_mult_uns_J2_2058
mult_x_220                            398.6640      0.0      398.6640       0.0000  0.0000  poly_fir_mult_kernel_DW_mult_uns_J2_1860
mult_x_221                            398.7900      0.0      398.7900       0.0000  0.0000  poly_fir_mult_kernel_DW_mult_uns_J2_1859
mult_x_222                            398.6640      0.0      398.6640       0.0000  0.0000  poly_fir_mult_kernel_DW_mult_uns_J2_1858
mult_x_223                            398.6640      0.0      398.6640       0.0000  0.0000  poly_fir_mult_kernel_DW_mult_uns_J2_1857
mult_x_224                            398.6640      0.0      398.6640       0.0000  0.0000  poly_fir_mult_kernel_DW_mult_uns_J2_1856
mult_x_225                            398.6640      0.0      398.6640       0.0000  0.0000  poly_fir_mult_kernel_DW_mult_uns_J2_1855
mult_x_226                            398.6640      0.0      398.6640       0.0000  0.0000  poly_fir_mult_kernel_DW_mult_uns_J2_1854
mult_x_227                            398.6640      0.0      398.6640       0.0000  0.0000  poly_fir_mult_kernel_DW_mult_uns_J2_1853
mult_x_228                            398.6640      0.0      398.6640       0.0000  0.0000  poly_fir_mult_kernel_DW_mult_uns_J2_1852
mult_x_229                            398.6640      0.0      398.6640       0.0000  0.0000  poly_fir_mult_kernel_DW_mult_uns_J2_1851
mult_x_23                             398.6640      0.0      398.6640       0.0000  0.0000  poly_fir_mult_kernel_DW_mult_uns_J2_2057
mult_x_230                            398.6640      0.0      398.6640       0.0000  0.0000  poly_fir_mult_kernel_DW_mult_uns_J2_1850
mult_x_231                            398.7900      0.0      398.7900       0.0000  0.0000  poly_fir_mult_kernel_DW_mult_uns_J2_1849
mult_x_232                            398.6640      0.0      398.6640       0.0000  0.0000  poly_fir_mult_kernel_DW_mult_uns_J2_1848
mult_x_233                            398.6640      0.0      398.6640       0.0000  0.0000  poly_fir_mult_kernel_DW_mult_uns_J2_1847
mult_x_234                            398.6640      0.0      398.6640       0.0000  0.0000  poly_fir_mult_kernel_DW_mult_uns_J2_1846
mult_x_235                            398.6640      0.0      398.6640       0.0000  0.0000  poly_fir_mult_kernel_DW_mult_uns_J2_1845
mult_x_236                            398.6640      0.0      398.6640       0.0000  0.0000  poly_fir_mult_kernel_DW_mult_uns_J2_1844
mult_x_237                            398.6640      0.0      398.6640       0.0000  0.0000  poly_fir_mult_kernel_DW_mult_uns_J2_1843
mult_x_238                            398.6640      0.0      398.6640       0.0000  0.0000  poly_fir_mult_kernel_DW_mult_uns_J2_1842
mult_x_239                            398.6640      0.0      398.6640       0.0000  0.0000  poly_fir_mult_kernel_DW_mult_uns_J2_1841
mult_x_24                             398.6640      0.0      398.6640       0.0000  0.0000  poly_fir_mult_kernel_DW_mult_uns_J2_2056
mult_x_240                            398.6640      0.0      398.6640       0.0000  0.0000  poly_fir_mult_kernel_DW_mult_uns_J2_1840
mult_x_241                            398.7900      0.0      398.7900       0.0000  0.0000  poly_fir_mult_kernel_DW_mult_uns_J2_1839
mult_x_242                            398.6640      0.0      398.6640       0.0000  0.0000  poly_fir_mult_kernel_DW_mult_uns_J2_1838
mult_x_243                            398.6640      0.0      398.6640       0.0000  0.0000  poly_fir_mult_kernel_DW_mult_uns_J2_1837
mult_x_244                            398.6640      0.0      398.6640       0.0000  0.0000  poly_fir_mult_kernel_DW_mult_uns_J2_1836
mult_x_245                            398.6640      0.0      398.6640       0.0000  0.0000  poly_fir_mult_kernel_DW_mult_uns_J2_1835
mult_x_246                            398.6640      0.0      398.6640       0.0000  0.0000  poly_fir_mult_kernel_DW_mult_uns_J2_1834
mult_x_247                            398.6640      0.0      398.6640       0.0000  0.0000  poly_fir_mult_kernel_DW_mult_uns_J2_1833
mult_x_248                            398.6640      0.0      398.6640       0.0000  0.0000  poly_fir_mult_kernel_DW_mult_uns_J2_1832
mult_x_249                            398.6640      0.0      398.6640       0.0000  0.0000  poly_fir_mult_kernel_DW_mult_uns_J2_1831
mult_x_25                             398.9160      0.0      398.9160       0.0000  0.0000  poly_fir_mult_kernel_DW_mult_uns_J2_2055
mult_x_250                            398.6640      0.0      398.6640       0.0000  0.0000  poly_fir_mult_kernel_DW_mult_uns_J2_1830
mult_x_251                            398.6640      0.0      398.6640       0.0000  0.0000  poly_fir_mult_kernel_DW_mult_uns_J2_1829
mult_x_252                            398.9160      0.0      398.9160       0.0000  0.0000  poly_fir_mult_kernel_DW_mult_uns_J2_1828
mult_x_253                            398.9160      0.0      398.9160       0.0000  0.0000  poly_fir_mult_kernel_DW_mult_uns_J2_1827
mult_x_254                            398.9160      0.0      398.9160       0.0000  0.0000  poly_fir_mult_kernel_DW_mult_uns_J2_1826
mult_x_255                            398.9160      0.0      398.9160       0.0000  0.0000  poly_fir_mult_kernel_DW_mult_uns_J2_1825
mult_x_256                            398.9160      0.0      398.9160       0.0000  0.0000  poly_fir_mult_kernel_DW_mult_uns_J2_1824
mult_x_257                            398.9160      0.0      398.9160       0.0000  0.0000  poly_fir_mult_kernel_DW_mult_uns_J2_1823
mult_x_258                            398.9160      0.0      398.9160       0.0000  0.0000  poly_fir_mult_kernel_DW_mult_uns_J2_1822
mult_x_259                            399.5460      0.0      399.5460       0.0000  0.0000  poly_fir_mult_kernel_DW_mult_uns_J2_1821
mult_x_26                             398.6640      0.0      398.6640       0.0000  0.0000  poly_fir_mult_kernel_DW_mult_uns_J2_2054
mult_x_260                            399.1680      0.0      399.1680       0.0000  0.0000  poly_fir_mult_kernel_DW_mult_uns_J2_1820
mult_x_261                            398.6640      0.0      398.6640       0.0000  0.0000  poly_fir_mult_kernel_DW_mult_uns_J2_1819
mult_x_262                            398.6640      0.0      398.6640       0.0000  0.0000  poly_fir_mult_kernel_DW_mult_uns_J2_1818
mult_x_263                            398.6640      0.0      398.6640       0.0000  0.0000  poly_fir_mult_kernel_DW_mult_uns_J2_1817
mult_x_264                            398.9160      0.0      398.9160       0.0000  0.0000  poly_fir_mult_kernel_DW_mult_uns_J2_1816
mult_x_265                            398.6640      0.0      398.6640       0.0000  0.0000  poly_fir_mult_kernel_DW_mult_uns_J2_1815
mult_x_266                            398.9160      0.0      398.9160       0.0000  0.0000  poly_fir_mult_kernel_DW_mult_uns_J2_1814
mult_x_267                            398.6640      0.0      398.6640       0.0000  0.0000  poly_fir_mult_kernel_DW_mult_uns_J2_1813
mult_x_268                            398.9160      0.0      398.9160       0.0000  0.0000  poly_fir_mult_kernel_DW_mult_uns_J2_1812
mult_x_269                            399.2940      0.0      399.2940       0.0000  0.0000  poly_fir_mult_kernel_DW_mult_uns_J2_1811
mult_x_27                             398.6640      0.0      398.6640       0.0000  0.0000  poly_fir_mult_kernel_DW_mult_uns_J2_2053
mult_x_270                            399.1680      0.0      399.1680       0.0000  0.0000  poly_fir_mult_kernel_DW_mult_uns_J2_1810
mult_x_271                            398.9160      0.0      398.9160       0.0000  0.0000  poly_fir_mult_kernel_DW_mult_uns_J2_1809
mult_x_272                            398.6640      0.0      398.6640       0.0000  0.0000  poly_fir_mult_kernel_DW_mult_uns_J2_1808
mult_x_273                            398.9160      0.0      398.9160       0.0000  0.0000  poly_fir_mult_kernel_DW_mult_uns_J2_1807
mult_x_274                            398.9160      0.0      398.9160       0.0000  0.0000  poly_fir_mult_kernel_DW_mult_uns_J2_1806
mult_x_275                            398.6640      0.0      398.6640       0.0000  0.0000  poly_fir_mult_kernel_DW_mult_uns_J2_1805
mult_x_276                            398.9160      0.0      398.9160       0.0000  0.0000  poly_fir_mult_kernel_DW_mult_uns_J2_1804
mult_x_277                            398.9160      0.0      398.9160       0.0000  0.0000  poly_fir_mult_kernel_DW_mult_uns_J2_1803
mult_x_278                            398.6640      0.0      398.6640       0.0000  0.0000  poly_fir_mult_kernel_DW_mult_uns_J2_1802
mult_x_279                            399.0420      0.0      399.0420       0.0000  0.0000  poly_fir_mult_kernel_DW_mult_uns_J2_1801
mult_x_28                             398.6640      0.0      398.6640       0.0000  0.0000  poly_fir_mult_kernel_DW_mult_uns_J2_2052
mult_x_280                            398.9160      0.0      398.9160       0.0000  0.0000  poly_fir_mult_kernel_DW_mult_uns_J2_1800
mult_x_281                            398.6640      0.0      398.6640       0.0000  0.0000  poly_fir_mult_kernel_DW_mult_uns_J2_1799
mult_x_282                            398.6640      0.0      398.6640       0.0000  0.0000  poly_fir_mult_kernel_DW_mult_uns_J2_1798
mult_x_283                            398.6640      0.0      398.6640       0.0000  0.0000  poly_fir_mult_kernel_DW_mult_uns_J2_1797
mult_x_284                            398.6640      0.0      398.6640       0.0000  0.0000  poly_fir_mult_kernel_DW_mult_uns_J2_1796
mult_x_285                            398.6640      0.0      398.6640       0.0000  0.0000  poly_fir_mult_kernel_DW_mult_uns_J2_1795
mult_x_286                            398.6640      0.0      398.6640       0.0000  0.0000  poly_fir_mult_kernel_DW_mult_uns_J2_1794
mult_x_287                            398.6640      0.0      398.6640       0.0000  0.0000  poly_fir_mult_kernel_DW_mult_uns_J2_1793
mult_x_288                            398.6640      0.0      398.6640       0.0000  0.0000  poly_fir_mult_kernel_DW_mult_uns_J2_1792
mult_x_289                            398.7900      0.0      398.7900       0.0000  0.0000  poly_fir_mult_kernel_DW_mult_uns_J2_1791
mult_x_29                             398.6640      0.0      398.6640       0.0000  0.0000  poly_fir_mult_kernel_DW_mult_uns_J2_2051
mult_x_290                            398.6640      0.0      398.6640       0.0000  0.0000  poly_fir_mult_kernel_DW_mult_uns_J2_1790
mult_x_291                            398.6640      0.0      398.6640       0.0000  0.0000  poly_fir_mult_kernel_DW_mult_uns_J2_1789
mult_x_292                            398.6640      0.0      398.6640       0.0000  0.0000  poly_fir_mult_kernel_DW_mult_uns_J2_1788
mult_x_293                            398.6640      0.0      398.6640       0.0000  0.0000  poly_fir_mult_kernel_DW_mult_uns_J2_1787
mult_x_294                            398.6640      0.0      398.6640       0.0000  0.0000  poly_fir_mult_kernel_DW_mult_uns_J2_1786
mult_x_295                            398.6640      0.0      398.6640       0.0000  0.0000  poly_fir_mult_kernel_DW_mult_uns_J2_1785
mult_x_296                            398.6640      0.0      398.6640       0.0000  0.0000  poly_fir_mult_kernel_DW_mult_uns_J2_1784
mult_x_297                            398.6640      0.0      398.6640       0.0000  0.0000  poly_fir_mult_kernel_DW_mult_uns_J2_1783
mult_x_298                            398.6640      0.0      398.6640       0.0000  0.0000  poly_fir_mult_kernel_DW_mult_uns_J2_1782
mult_x_299                            398.7900      0.0      398.7900       0.0000  0.0000  poly_fir_mult_kernel_DW_mult_uns_J2_1781
mult_x_3                              398.6640      0.0      398.6640       0.0000  0.0000  poly_fir_mult_kernel_DW_mult_uns_J2_2077
mult_x_30                             398.6640      0.0      398.6640       0.0000  0.0000  poly_fir_mult_kernel_DW_mult_uns_J2_2050
mult_x_300                            398.6640      0.0      398.6640       0.0000  0.0000  poly_fir_mult_kernel_DW_mult_uns_J2_1780
mult_x_301                            398.6640      0.0      398.6640       0.0000  0.0000  poly_fir_mult_kernel_DW_mult_uns_J2_1779
mult_x_302                            398.6640      0.0      398.6640       0.0000  0.0000  poly_fir_mult_kernel_DW_mult_uns_J2_1778
mult_x_303                            398.6640      0.0      398.6640       0.0000  0.0000  poly_fir_mult_kernel_DW_mult_uns_J2_1777
mult_x_304                            398.6640      0.0      398.6640       0.0000  0.0000  poly_fir_mult_kernel_DW_mult_uns_J2_1776
mult_x_305                            398.6640      0.0      398.6640       0.0000  0.0000  poly_fir_mult_kernel_DW_mult_uns_J2_1775
mult_x_306                            398.6640      0.0      398.6640       0.0000  0.0000  poly_fir_mult_kernel_DW_mult_uns_J2_1774
mult_x_307                            398.6640      0.0      398.6640       0.0000  0.0000  poly_fir_mult_kernel_DW_mult_uns_J2_1773
mult_x_308                            398.6640      0.0      398.6640       0.0000  0.0000  poly_fir_mult_kernel_DW_mult_uns_J2_1772
mult_x_309                            398.7900      0.0      398.7900       0.0000  0.0000  poly_fir_mult_kernel_DW_mult_uns_J2_1771
mult_x_31                             398.7900      0.0      398.7900       0.0000  0.0000  poly_fir_mult_kernel_DW_mult_uns_J2_2049
mult_x_310                            398.6640      0.0      398.6640       0.0000  0.0000  poly_fir_mult_kernel_DW_mult_uns_J2_1770
mult_x_311                            398.6640      0.0      398.6640       0.0000  0.0000  poly_fir_mult_kernel_DW_mult_uns_J2_1769
mult_x_312                            398.6640      0.0      398.6640       0.0000  0.0000  poly_fir_mult_kernel_DW_mult_uns_J2_1768
mult_x_313                            398.6640      0.0      398.6640       0.0000  0.0000  poly_fir_mult_kernel_DW_mult_uns_J2_1767
mult_x_314                            398.6640      0.0      398.6640       0.0000  0.0000  poly_fir_mult_kernel_DW_mult_uns_J2_1766
mult_x_315                            398.6640      0.0      398.6640       0.0000  0.0000  poly_fir_mult_kernel_DW_mult_uns_J2_1765
mult_x_316                            399.2940      0.0      399.2940       0.0000  0.0000  poly_fir_mult_kernel_DW_mult_uns_J2_1764
mult_x_317                            399.1680      0.0      399.1680       0.0000  0.0000  poly_fir_mult_kernel_DW_mult_uns_J2_1763
mult_x_318                            398.6640      0.0      398.6640       0.0000  0.0000  poly_fir_mult_kernel_DW_mult_uns_J2_1762
mult_x_319                            398.6640      0.0      398.6640       0.0000  0.0000  poly_fir_mult_kernel_DW_mult_uns_J2_1761
mult_x_32                             398.6640      0.0      398.6640       0.0000  0.0000  poly_fir_mult_kernel_DW_mult_uns_J2_2048
mult_x_320                            398.6640      0.0      398.6640       0.0000  0.0000  poly_fir_mult_kernel_DW_mult_uns_J2_1760
mult_x_321                            398.6640      0.0      398.6640       0.0000  0.0000  poly_fir_mult_kernel_DW_mult_uns_J2_1759
mult_x_322                            398.9160      0.0      398.9160       0.0000  0.0000  poly_fir_mult_kernel_DW_mult_uns_J2_1758
mult_x_323                            398.6640      0.0      398.6640       0.0000  0.0000  poly_fir_mult_kernel_DW_mult_uns_J2_1757
mult_x_324                            398.6640      0.0      398.6640       0.0000  0.0000  poly_fir_mult_kernel_DW_mult_uns_J2_1756
mult_x_325                            398.9160      0.0      398.9160       0.0000  0.0000  poly_fir_mult_kernel_DW_mult_uns_J2_1755
mult_x_326                            399.0420      0.0      399.0420       0.0000  0.0000  poly_fir_mult_kernel_DW_mult_uns_J2_1754
mult_x_327                            399.4200      0.0      399.4200       0.0000  0.0000  poly_fir_mult_kernel_DW_mult_uns_J2_1753
mult_x_328                            398.9160      0.0      398.9160       0.0000  0.0000  poly_fir_mult_kernel_DW_mult_uns_J2_1752
mult_x_329                            398.6640      0.0      398.6640       0.0000  0.0000  poly_fir_mult_kernel_DW_mult_uns_J2_1751
mult_x_33                             398.6640      0.0      398.6640       0.0000  0.0000  poly_fir_mult_kernel_DW_mult_uns_J2_2047
mult_x_330                            398.6640      0.0      398.6640       0.0000  0.0000  poly_fir_mult_kernel_DW_mult_uns_J2_1750
mult_x_331                            398.6640      0.0      398.6640       0.0000  0.0000  poly_fir_mult_kernel_DW_mult_uns_J2_1749
mult_x_332                            398.9160      0.0      398.9160       0.0000  0.0000  poly_fir_mult_kernel_DW_mult_uns_J2_1748
mult_x_333                            398.6640      0.0      398.6640       0.0000  0.0000  poly_fir_mult_kernel_DW_mult_uns_J2_1747
mult_x_334                            398.6640      0.0      398.6640       0.0000  0.0000  poly_fir_mult_kernel_DW_mult_uns_J2_1746
mult_x_335                            398.6640      0.0      398.6640       0.0000  0.0000  poly_fir_mult_kernel_DW_mult_uns_J2_1745
mult_x_336                            399.0420      0.0      399.0420       0.0000  0.0000  poly_fir_mult_kernel_DW_mult_uns_J2_1744
mult_x_337                            398.9160      0.0      398.9160       0.0000  0.0000  poly_fir_mult_kernel_DW_mult_uns_J2_1743
mult_x_338                            398.6640      0.0      398.6640       0.0000  0.0000  poly_fir_mult_kernel_DW_mult_uns_J2_1742
mult_x_339                            398.6640      0.0      398.6640       0.0000  0.0000  poly_fir_mult_kernel_DW_mult_uns_J2_1741
mult_x_34                             398.6640      0.0      398.6640       0.0000  0.0000  poly_fir_mult_kernel_DW_mult_uns_J2_2046
mult_x_340                            398.6640      0.0      398.6640       0.0000  0.0000  poly_fir_mult_kernel_DW_mult_uns_J2_1740
mult_x_341                            398.6640      0.0      398.6640       0.0000  0.0000  poly_fir_mult_kernel_DW_mult_uns_J2_1739
mult_x_342                            398.6640      0.0      398.6640       0.0000  0.0000  poly_fir_mult_kernel_DW_mult_uns_J2_1738
mult_x_343                            398.6640      0.0      398.6640       0.0000  0.0000  poly_fir_mult_kernel_DW_mult_uns_J2_1737
mult_x_344                            398.6640      0.0      398.6640       0.0000  0.0000  poly_fir_mult_kernel_DW_mult_uns_J2_1736
mult_x_345                            398.6640      0.0      398.6640       0.0000  0.0000  poly_fir_mult_kernel_DW_mult_uns_J2_1735
mult_x_346                            398.7900      0.0      398.7900       0.0000  0.0000  poly_fir_mult_kernel_DW_mult_uns_J2_1734
mult_x_347                            398.6640      0.0      398.6640       0.0000  0.0000  poly_fir_mult_kernel_DW_mult_uns_J2_1733
mult_x_348                            398.6640      0.0      398.6640       0.0000  0.0000  poly_fir_mult_kernel_DW_mult_uns_J2_1732
mult_x_349                            398.6640      0.0      398.6640       0.0000  0.0000  poly_fir_mult_kernel_DW_mult_uns_J2_1731
mult_x_35                             398.6640      0.0      398.6640       0.0000  0.0000  poly_fir_mult_kernel_DW_mult_uns_J2_2045
mult_x_350                            398.6640      0.0      398.6640       0.0000  0.0000  poly_fir_mult_kernel_DW_mult_uns_J2_1730
mult_x_351                            398.6640      0.0      398.6640       0.0000  0.0000  poly_fir_mult_kernel_DW_mult_uns_J2_1729
mult_x_352                            398.6640      0.0      398.6640       0.0000  0.0000  poly_fir_mult_kernel_DW_mult_uns_J2_1728
mult_x_353                            398.6640      0.0      398.6640       0.0000  0.0000  poly_fir_mult_kernel_DW_mult_uns_J2_1727
mult_x_354                            398.6640      0.0      398.6640       0.0000  0.0000  poly_fir_mult_kernel_DW_mult_uns_J2_1726
mult_x_355                            398.6640      0.0      398.6640       0.0000  0.0000  poly_fir_mult_kernel_DW_mult_uns_J2_1725
mult_x_356                            398.7900      0.0      398.7900       0.0000  0.0000  poly_fir_mult_kernel_DW_mult_uns_J2_1724
mult_x_357                            398.6640      0.0      398.6640       0.0000  0.0000  poly_fir_mult_kernel_DW_mult_uns_J2_1723
mult_x_358                            398.6640      0.0      398.6640       0.0000  0.0000  poly_fir_mult_kernel_DW_mult_uns_J2_1722
mult_x_359                            398.6640      0.0      398.6640       0.0000  0.0000  poly_fir_mult_kernel_DW_mult_uns_J2_1721
mult_x_36                             398.6640      0.0      398.6640       0.0000  0.0000  poly_fir_mult_kernel_DW_mult_uns_J2_2044
mult_x_360                            398.6640      0.0      398.6640       0.0000  0.0000  poly_fir_mult_kernel_DW_mult_uns_J2_1720
mult_x_361                            398.6640      0.0      398.6640       0.0000  0.0000  poly_fir_mult_kernel_DW_mult_uns_J2_1719
mult_x_362                            398.6640      0.0      398.6640       0.0000  0.0000  poly_fir_mult_kernel_DW_mult_uns_J2_1718
mult_x_363                            398.6640      0.0      398.6640       0.0000  0.0000  poly_fir_mult_kernel_DW_mult_uns_J2_1717
mult_x_364                            398.6640      0.0      398.6640       0.0000  0.0000  poly_fir_mult_kernel_DW_mult_uns_J2_1716
mult_x_365                            398.6640      0.0      398.6640       0.0000  0.0000  poly_fir_mult_kernel_DW_mult_uns_J2_1715
mult_x_366                            398.7900      0.0      398.7900       0.0000  0.0000  poly_fir_mult_kernel_DW_mult_uns_J2_1714
mult_x_367                            398.6640      0.0      398.6640       0.0000  0.0000  poly_fir_mult_kernel_DW_mult_uns_J2_1713
mult_x_368                            398.6640      0.0      398.6640       0.0000  0.0000  poly_fir_mult_kernel_DW_mult_uns_J2_1712
mult_x_369                            398.6640      0.0      398.6640       0.0000  0.0000  poly_fir_mult_kernel_DW_mult_uns_J2_1711
mult_x_37                             398.6640      0.0      398.6640       0.0000  0.0000  poly_fir_mult_kernel_DW_mult_uns_J2_2043
mult_x_370                            398.6640      0.0      398.6640       0.0000  0.0000  poly_fir_mult_kernel_DW_mult_uns_J2_1710
mult_x_371                            398.6640      0.0      398.6640       0.0000  0.0000  poly_fir_mult_kernel_DW_mult_uns_J2_1709
mult_x_372                            399.2940      0.0      399.2940       0.0000  0.0000  poly_fir_mult_kernel_DW_mult_uns_J2_1708
mult_x_373                            399.1680      0.0      399.1680       0.0000  0.0000  poly_fir_mult_kernel_DW_mult_uns_J2_1707
mult_x_374                            398.6640      0.0      398.6640       0.0000  0.0000  poly_fir_mult_kernel_DW_mult_uns_J2_1706
mult_x_375                            398.6640      0.0      398.6640       0.0000  0.0000  poly_fir_mult_kernel_DW_mult_uns_J2_1705
mult_x_376                            398.6640      0.0      398.6640       0.0000  0.0000  poly_fir_mult_kernel_DW_mult_uns_J2_1704
mult_x_377                            398.6640      0.0      398.6640       0.0000  0.0000  poly_fir_mult_kernel_DW_mult_uns_J2_1703
mult_x_378                            398.6640      0.0      398.6640       0.0000  0.0000  poly_fir_mult_kernel_DW_mult_uns_J2_1702
mult_x_379                            398.6640      0.0      398.6640       0.0000  0.0000  poly_fir_mult_kernel_DW_mult_uns_J2_1701
mult_x_38                             398.6640      0.0      398.6640       0.0000  0.0000  poly_fir_mult_kernel_DW_mult_uns_J2_2042
mult_x_380                            398.6640      0.0      398.6640       0.0000  0.0000  poly_fir_mult_kernel_DW_mult_uns_J2_1700
mult_x_381                            398.6640      0.0      398.6640       0.0000  0.0000  poly_fir_mult_kernel_DW_mult_uns_J2_1699
mult_x_382                            399.5460      0.0      399.5460       0.0000  0.0000  poly_fir_mult_kernel_DW_mult_uns_J2_1698
mult_x_383                            399.1680      0.0      399.1680       0.0000  0.0000  poly_fir_mult_kernel_DW_mult_uns_J2_1697
mult_x_384                            398.6640      0.0      398.6640       0.0000  0.0000  poly_fir_mult_kernel_DW_mult_uns_J2_1696
mult_x_385                            398.6640      0.0      398.6640       0.0000  0.0000  poly_fir_mult_kernel_DW_mult_uns_J2_1695
mult_x_386                            398.6640      0.0      398.6640       0.0000  0.0000  poly_fir_mult_kernel_DW_mult_uns_J2_1694
mult_x_387                            398.6640      0.0      398.6640       0.0000  0.0000  poly_fir_mult_kernel_DW_mult_uns_J2_1693
mult_x_388                            398.9160      0.0      398.9160       0.0000  0.0000  poly_fir_mult_kernel_DW_mult_uns_J2_1692
mult_x_389                            398.6640      0.0      398.6640       0.0000  0.0000  poly_fir_mult_kernel_DW_mult_uns_J2_1691
mult_x_39                             398.6640      0.0      398.6640       0.0000  0.0000  poly_fir_mult_kernel_DW_mult_uns_J2_2041
mult_x_390                            398.6640      0.0      398.6640       0.0000  0.0000  poly_fir_mult_kernel_DW_mult_uns_J2_1690
mult_x_391                            398.6640      0.0      398.6640       0.0000  0.0000  poly_fir_mult_kernel_DW_mult_uns_J2_1689
mult_x_392                            399.0420      0.0      399.0420       0.0000  0.0000  poly_fir_mult_kernel_DW_mult_uns_J2_1688
mult_x_393                            398.9160      0.0      398.9160       0.0000  0.0000  poly_fir_mult_kernel_DW_mult_uns_J2_1687
mult_x_394                            398.6640      0.0      398.6640       0.0000  0.0000  poly_fir_mult_kernel_DW_mult_uns_J2_1686
mult_x_395                            398.6640      0.0      398.6640       0.0000  0.0000  poly_fir_mult_kernel_DW_mult_uns_J2_1685
mult_x_396                            398.6640      0.0      398.6640       0.0000  0.0000  poly_fir_mult_kernel_DW_mult_uns_J2_1684
mult_x_397                            398.6640      0.0      398.6640       0.0000  0.0000  poly_fir_mult_kernel_DW_mult_uns_J2_1683
mult_x_398                            398.9160      0.0      398.9160       0.0000  0.0000  poly_fir_mult_kernel_DW_mult_uns_J2_1682
mult_x_399                            398.9160      0.0      398.9160       0.0000  0.0000  poly_fir_mult_kernel_DW_mult_uns_J2_1681
mult_x_4                              398.6640      0.0      398.6640       0.0000  0.0000  poly_fir_mult_kernel_DW_mult_uns_J2_2076
mult_x_40                             398.6640      0.0      398.6640       0.0000  0.0000  poly_fir_mult_kernel_DW_mult_uns_J2_2040
mult_x_400                            398.9160      0.0      398.9160       0.0000  0.0000  poly_fir_mult_kernel_DW_mult_uns_J2_1680
mult_x_401                            398.6640      0.0      398.6640       0.0000  0.0000  poly_fir_mult_kernel_DW_mult_uns_J2_1679
mult_x_402                            398.7900      0.0      398.7900       0.0000  0.0000  poly_fir_mult_kernel_DW_mult_uns_J2_1678
mult_x_403                            398.6640      0.0      398.6640       0.0000  0.0000  poly_fir_mult_kernel_DW_mult_uns_J2_1677
mult_x_404                            398.6640      0.0      398.6640       0.0000  0.0000  poly_fir_mult_kernel_DW_mult_uns_J2_1676
mult_x_405                            398.6640      0.0      398.6640       0.0000  0.0000  poly_fir_mult_kernel_DW_mult_uns_J2_1675
mult_x_406                            398.6640      0.0      398.6640       0.0000  0.0000  poly_fir_mult_kernel_DW_mult_uns_J2_1674
mult_x_407                            398.6640      0.0      398.6640       0.0000  0.0000  poly_fir_mult_kernel_DW_mult_uns_J2_1673
mult_x_408                            398.6640      0.0      398.6640       0.0000  0.0000  poly_fir_mult_kernel_DW_mult_uns_J2_1672
mult_x_409                            398.6640      0.0      398.6640       0.0000  0.0000  poly_fir_mult_kernel_DW_mult_uns_J2_1671
mult_x_41                             398.7900      0.0      398.7900       0.0000  0.0000  poly_fir_mult_kernel_DW_mult_uns_J2_2039
mult_x_410                            398.6640      0.0      398.6640       0.0000  0.0000  poly_fir_mult_kernel_DW_mult_uns_J2_1670
mult_x_411                            398.6640      0.0      398.6640       0.0000  0.0000  poly_fir_mult_kernel_DW_mult_uns_J2_1669
mult_x_412                            398.7900      0.0      398.7900       0.0000  0.0000  poly_fir_mult_kernel_DW_mult_uns_J2_1668
mult_x_413                            398.6640      0.0      398.6640       0.0000  0.0000  poly_fir_mult_kernel_DW_mult_uns_J2_1667
mult_x_414                            398.6640      0.0      398.6640       0.0000  0.0000  poly_fir_mult_kernel_DW_mult_uns_J2_1666
mult_x_415                            398.6640      0.0      398.6640       0.0000  0.0000  poly_fir_mult_kernel_DW_mult_uns_J2_1665
mult_x_416                            398.6640      0.0      398.6640       0.0000  0.0000  poly_fir_mult_kernel_DW_mult_uns_J2_1664
mult_x_417                            398.6640      0.0      398.6640       0.0000  0.0000  poly_fir_mult_kernel_DW_mult_uns_J2_1663
mult_x_418                            398.6640      0.0      398.6640       0.0000  0.0000  poly_fir_mult_kernel_DW_mult_uns_J2_1662
mult_x_419                            398.6640      0.0      398.6640       0.0000  0.0000  poly_fir_mult_kernel_DW_mult_uns_J2_1661
mult_x_42                             398.6640      0.0      398.6640       0.0000  0.0000  poly_fir_mult_kernel_DW_mult_uns_J2_2038
mult_x_420                            398.6640      0.0      398.6640       0.0000  0.0000  poly_fir_mult_kernel_DW_mult_uns_J2_1660
mult_x_421                            398.6640      0.0      398.6640       0.0000  0.0000  poly_fir_mult_kernel_DW_mult_uns_J2_1659
mult_x_422                            398.7900      0.0      398.7900       0.0000  0.0000  poly_fir_mult_kernel_DW_mult_uns_J2_1658
mult_x_423                            398.6640      0.0      398.6640       0.0000  0.0000  poly_fir_mult_kernel_DW_mult_uns_J2_1657
mult_x_424                            398.6640      0.0      398.6640       0.0000  0.0000  poly_fir_mult_kernel_DW_mult_uns_J2_1656
mult_x_425                            398.6640      0.0      398.6640       0.0000  0.0000  poly_fir_mult_kernel_DW_mult_uns_J2_1655
mult_x_426                            398.6640      0.0      398.6640       0.0000  0.0000  poly_fir_mult_kernel_DW_mult_uns_J2_1654
mult_x_427                            398.6640      0.0      398.6640       0.0000  0.0000  poly_fir_mult_kernel_DW_mult_uns_J2_1653
mult_x_428                            399.4200      0.0      399.4200       0.0000  0.0000  poly_fir_mult_kernel_DW_mult_uns_J2_1652
mult_x_429                            398.9160      0.0      398.9160       0.0000  0.0000  poly_fir_mult_kernel_DW_mult_uns_J2_1651
mult_x_43                             398.6640      0.0      398.6640       0.0000  0.0000  poly_fir_mult_kernel_DW_mult_uns_J2_2037
mult_x_430                            398.9160      0.0      398.9160       0.0000  0.0000  poly_fir_mult_kernel_DW_mult_uns_J2_1650
mult_x_431                            398.9160      0.0      398.9160       0.0000  0.0000  poly_fir_mult_kernel_DW_mult_uns_J2_1649
mult_x_432                            398.9160      0.0      398.9160       0.0000  0.0000  poly_fir_mult_kernel_DW_mult_uns_J2_1648
mult_x_433                            398.6640      0.0      398.6640       0.0000  0.0000  poly_fir_mult_kernel_DW_mult_uns_J2_1647
mult_x_434                            398.9160      0.0      398.9160       0.0000  0.0000  poly_fir_mult_kernel_DW_mult_uns_J2_1646
mult_x_435                            398.6640      0.0      398.6640       0.0000  0.0000  poly_fir_mult_kernel_DW_mult_uns_J2_1645
mult_x_436                            398.9160      0.0      398.9160       0.0000  0.0000  poly_fir_mult_kernel_DW_mult_uns_J2_1644
mult_x_437                            399.5460      0.0      399.5460       0.0000  0.0000  poly_fir_mult_kernel_DW_mult_uns_J2_1643
mult_x_438                            399.1680      0.0      399.1680       0.0000  0.0000  poly_fir_mult_kernel_DW_mult_uns_J2_1642
mult_x_439                            398.6640      0.0      398.6640       0.0000  0.0000  poly_fir_mult_kernel_DW_mult_uns_J2_1641
mult_x_44                             398.6640      0.0      398.6640       0.0000  0.0000  poly_fir_mult_kernel_DW_mult_uns_J2_2036
mult_x_440                            398.6640      0.0      398.6640       0.0000  0.0000  poly_fir_mult_kernel_DW_mult_uns_J2_1640
mult_x_441                            398.6640      0.0      398.6640       0.0000  0.0000  poly_fir_mult_kernel_DW_mult_uns_J2_1639
mult_x_442                            398.6640      0.0      398.6640       0.0000  0.0000  poly_fir_mult_kernel_DW_mult_uns_J2_1638
mult_x_443                            398.6640      0.0      398.6640       0.0000  0.0000  poly_fir_mult_kernel_DW_mult_uns_J2_1637
mult_x_444                            398.6640      0.0      398.6640       0.0000  0.0000  poly_fir_mult_kernel_DW_mult_uns_J2_1636
mult_x_445                            398.6640      0.0      398.6640       0.0000  0.0000  poly_fir_mult_kernel_DW_mult_uns_J2_1635
mult_x_446                            398.6640      0.0      398.6640       0.0000  0.0000  poly_fir_mult_kernel_DW_mult_uns_J2_1634
mult_x_447                            399.2940      0.0      399.2940       0.0000  0.0000  poly_fir_mult_kernel_DW_mult_uns_J2_1633
mult_x_448                            398.9160      0.0      398.9160       0.0000  0.0000  poly_fir_mult_kernel_DW_mult_uns_J2_1632
mult_x_449                            398.6640      0.0      398.6640       0.0000  0.0000  poly_fir_mult_kernel_DW_mult_uns_J2_1631
mult_x_45                             398.6640      0.0      398.6640       0.0000  0.0000  poly_fir_mult_kernel_DW_mult_uns_J2_2035
mult_x_450                            398.6640      0.0      398.6640       0.0000  0.0000  poly_fir_mult_kernel_DW_mult_uns_J2_1630
mult_x_451                            398.9160      0.0      398.9160       0.0000  0.0000  poly_fir_mult_kernel_DW_mult_uns_J2_1629
mult_x_452                            398.9160      0.0      398.9160       0.0000  0.0000  poly_fir_mult_kernel_DW_mult_uns_J2_1628
mult_x_453                            398.6640      0.0      398.6640       0.0000  0.0000  poly_fir_mult_kernel_DW_mult_uns_J2_1627
mult_x_454                            398.9160      0.0      398.9160       0.0000  0.0000  poly_fir_mult_kernel_DW_mult_uns_J2_1626
mult_x_455                            398.6640      0.0      398.6640       0.0000  0.0000  poly_fir_mult_kernel_DW_mult_uns_J2_1625
mult_x_456                            398.6640      0.0      398.6640       0.0000  0.0000  poly_fir_mult_kernel_DW_mult_uns_J2_1624
mult_x_457                            398.7900      0.0      398.7900       0.0000  0.0000  poly_fir_mult_kernel_DW_mult_uns_J2_1623
mult_x_458                            398.6640      0.0      398.6640       0.0000  0.0000  poly_fir_mult_kernel_DW_mult_uns_J2_1622
mult_x_459                            398.6640      0.0      398.6640       0.0000  0.0000  poly_fir_mult_kernel_DW_mult_uns_J2_1621
mult_x_46                             398.6640      0.0      398.6640       0.0000  0.0000  poly_fir_mult_kernel_DW_mult_uns_J2_2034
mult_x_460                            398.6640      0.0      398.6640       0.0000  0.0000  poly_fir_mult_kernel_DW_mult_uns_J2_1620
mult_x_461                            398.6640      0.0      398.6640       0.0000  0.0000  poly_fir_mult_kernel_DW_mult_uns_J2_1619
mult_x_462                            398.6640      0.0      398.6640       0.0000  0.0000  poly_fir_mult_kernel_DW_mult_uns_J2_1618
mult_x_463                            398.6640      0.0      398.6640       0.0000  0.0000  poly_fir_mult_kernel_DW_mult_uns_J2_1617
mult_x_464                            398.6640      0.0      398.6640       0.0000  0.0000  poly_fir_mult_kernel_DW_mult_uns_J2_1616
mult_x_465                            398.6640      0.0      398.6640       0.0000  0.0000  poly_fir_mult_kernel_DW_mult_uns_J2_1615
mult_x_466                            398.6640      0.0      398.6640       0.0000  0.0000  poly_fir_mult_kernel_DW_mult_uns_J2_1614
mult_x_467                            398.7900      0.0      398.7900       0.0000  0.0000  poly_fir_mult_kernel_DW_mult_uns_J2_1613
mult_x_468                            398.6640      0.0      398.6640       0.0000  0.0000  poly_fir_mult_kernel_DW_mult_uns_J2_1612
mult_x_469                            398.6640      0.0      398.6640       0.0000  0.0000  poly_fir_mult_kernel_DW_mult_uns_J2_1611
mult_x_47                             398.6640      0.0      398.6640       0.0000  0.0000  poly_fir_mult_kernel_DW_mult_uns_J2_2033
mult_x_470                            398.6640      0.0      398.6640       0.0000  0.0000  poly_fir_mult_kernel_DW_mult_uns_J2_1610
mult_x_471                            398.6640      0.0      398.6640       0.0000  0.0000  poly_fir_mult_kernel_DW_mult_uns_J2_1609
mult_x_472                            398.6640      0.0      398.6640       0.0000  0.0000  poly_fir_mult_kernel_DW_mult_uns_J2_1608
mult_x_473                            398.6640      0.0      398.6640       0.0000  0.0000  poly_fir_mult_kernel_DW_mult_uns_J2_1607
mult_x_474                            398.6640      0.0      398.6640       0.0000  0.0000  poly_fir_mult_kernel_DW_mult_uns_J2_1606
mult_x_475                            398.6640      0.0      398.6640       0.0000  0.0000  poly_fir_mult_kernel_DW_mult_uns_J2_1605
mult_x_476                            398.6640      0.0      398.6640       0.0000  0.0000  poly_fir_mult_kernel_DW_mult_uns_J2_1604
mult_x_477                            398.7900      0.0      398.7900       0.0000  0.0000  poly_fir_mult_kernel_DW_mult_uns_J2_1603
mult_x_478                            398.6640      0.0      398.6640       0.0000  0.0000  poly_fir_mult_kernel_DW_mult_uns_J2_1602
mult_x_479                            398.6640      0.0      398.6640       0.0000  0.0000  poly_fir_mult_kernel_DW_mult_uns_J2_1601
mult_x_48                             398.6640      0.0      398.6640       0.0000  0.0000  poly_fir_mult_kernel_DW_mult_uns_J2_2032
mult_x_480                            398.6640      0.0      398.6640       0.0000  0.0000  poly_fir_mult_kernel_DW_mult_uns_J2_1600
mult_x_481                            398.6640      0.0      398.6640       0.0000  0.0000  poly_fir_mult_kernel_DW_mult_uns_J2_1599
mult_x_482                            398.6640      0.0      398.6640       0.0000  0.0000  poly_fir_mult_kernel_DW_mult_uns_J2_1598
mult_x_483                            398.6640      0.0      398.6640       0.0000  0.0000  poly_fir_mult_kernel_DW_mult_uns_J2_1597
mult_x_484                            398.6640      0.0      398.6640       0.0000  0.0000  poly_fir_mult_kernel_DW_mult_uns_J2_1596
mult_x_485                            398.6640      0.0      398.6640       0.0000  0.0000  poly_fir_mult_kernel_DW_mult_uns_J2_1595
mult_x_486                            398.6640      0.0      398.6640       0.0000  0.0000  poly_fir_mult_kernel_DW_mult_uns_J2_1594
mult_x_487                            398.6640      0.0      398.6640       0.0000  0.0000  poly_fir_mult_kernel_DW_mult_uns_J2_1593
mult_x_488                            398.6640      0.0      398.6640       0.0000  0.0000  poly_fir_mult_kernel_DW_mult_uns_J2_1592
mult_x_489                            398.6640      0.0      398.6640       0.0000  0.0000  poly_fir_mult_kernel_DW_mult_uns_J2_1591
mult_x_49                             398.6640      0.0      398.6640       0.0000  0.0000  poly_fir_mult_kernel_DW_mult_uns_J2_2031
mult_x_490                            398.6640      0.0      398.6640       0.0000  0.0000  poly_fir_mult_kernel_DW_mult_uns_J2_1590
mult_x_491                            399.0420      0.0      399.0420       0.0000  0.0000  poly_fir_mult_kernel_DW_mult_uns_J2_1589
mult_x_492                            399.1680      0.0      399.1680       0.0000  0.0000  poly_fir_mult_kernel_DW_mult_uns_J2_1588
mult_x_493                            398.6640      0.0      398.6640       0.0000  0.0000  poly_fir_mult_kernel_DW_mult_uns_J2_1587
mult_x_494                            398.6640      0.0      398.6640       0.0000  0.0000  poly_fir_mult_kernel_DW_mult_uns_J2_1586
mult_x_495                            398.9160      0.0      398.9160       0.0000  0.0000  poly_fir_mult_kernel_DW_mult_uns_J2_1585
mult_x_496                            398.6640      0.0      398.6640       0.0000  0.0000  poly_fir_mult_kernel_DW_mult_uns_J2_1584
mult_x_497                            398.6640      0.0      398.6640       0.0000  0.0000  poly_fir_mult_kernel_DW_mult_uns_J2_1583
mult_x_498                            398.6640      0.0      398.6640       0.0000  0.0000  poly_fir_mult_kernel_DW_mult_uns_J2_1582
mult_x_499                            398.6640      0.0      398.6640       0.0000  0.0000  poly_fir_mult_kernel_DW_mult_uns_J2_1581
mult_x_5                              398.6640      0.0      398.6640       0.0000  0.0000  poly_fir_mult_kernel_DW_mult_uns_J2_2075
mult_x_50                             398.6640      0.0      398.6640       0.0000  0.0000  poly_fir_mult_kernel_DW_mult_uns_J2_2030
mult_x_500                            398.6640      0.0      398.6640       0.0000  0.0000  poly_fir_mult_kernel_DW_mult_uns_J2_1580
mult_x_501                            399.5460      0.0      399.5460       0.0000  0.0000  poly_fir_mult_kernel_DW_mult_uns_J2_1579
mult_x_502                            399.1680      0.0      399.1680       0.0000  0.0000  poly_fir_mult_kernel_DW_mult_uns_J2_1578
mult_x_503                            398.6640      0.0      398.6640       0.0000  0.0000  poly_fir_mult_kernel_DW_mult_uns_J2_1577
mult_x_504                            398.9160      0.0      398.9160       0.0000  0.0000  poly_fir_mult_kernel_DW_mult_uns_J2_1576
mult_x_505                            398.6640      0.0      398.6640       0.0000  0.0000  poly_fir_mult_kernel_DW_mult_uns_J2_1575
mult_x_506                            398.6640      0.0      398.6640       0.0000  0.0000  poly_fir_mult_kernel_DW_mult_uns_J2_1574
mult_x_507                            398.6640      0.0      398.6640       0.0000  0.0000  poly_fir_mult_kernel_DW_mult_uns_J2_1573
mult_x_508                            398.6640      0.0      398.6640       0.0000  0.0000  poly_fir_mult_kernel_DW_mult_uns_J2_1572
mult_x_509                            398.6640      0.0      398.6640       0.0000  0.0000  poly_fir_mult_kernel_DW_mult_uns_J2_1571
mult_x_51                             398.7900      0.0      398.7900       0.0000  0.0000  poly_fir_mult_kernel_DW_mult_uns_J2_2029
mult_x_510                            398.6640      0.0      398.6640       0.0000  0.0000  poly_fir_mult_kernel_DW_mult_uns_J2_1570
mult_x_511                            399.0420      0.0      399.0420       0.0000  0.0000  poly_fir_mult_kernel_DW_mult_uns_J2_1569
mult_x_512                            398.9160      0.0      398.9160       0.0000  0.0000  poly_fir_mult_kernel_DW_mult_uns_J2_1568
mult_x_513                            398.6640      0.0      398.6640       0.0000  0.0000  poly_fir_mult_kernel_DW_mult_uns_J2_1567
mult_x_514                            398.6640      0.0      398.6640       0.0000  0.0000  poly_fir_mult_kernel_DW_mult_uns_J2_1566
mult_x_515                            398.6640      0.0      398.6640       0.0000  0.0000  poly_fir_mult_kernel_DW_mult_uns_J2_1565
mult_x_516                            398.9160      0.0      398.9160       0.0000  0.0000  poly_fir_mult_kernel_DW_mult_uns_J2_1564
mult_x_517                            398.6640      0.0      398.6640       0.0000  0.0000  poly_fir_mult_kernel_DW_mult_uns_J2_1563
mult_x_518                            398.6640      0.0      398.6640       0.0000  0.0000  poly_fir_mult_kernel_DW_mult_uns_J2_1562
mult_x_519                            398.6640      0.0      398.6640       0.0000  0.0000  poly_fir_mult_kernel_DW_mult_uns_J2_1561
mult_x_52                             398.6640      0.0      398.6640       0.0000  0.0000  poly_fir_mult_kernel_DW_mult_uns_J2_2028
mult_x_520                            398.6640      0.0      398.6640       0.0000  0.0000  poly_fir_mult_kernel_DW_mult_uns_J2_1560
mult_x_521                            398.7900      0.0      398.7900       0.0000  0.0000  poly_fir_mult_kernel_DW_mult_uns_J2_1559
mult_x_522                            398.6640      0.0      398.6640       0.0000  0.0000  poly_fir_mult_kernel_DW_mult_uns_J2_1558
mult_x_523                            398.6640      0.0      398.6640       0.0000  0.0000  poly_fir_mult_kernel_DW_mult_uns_J2_1557
mult_x_524                            398.6640      0.0      398.6640       0.0000  0.0000  poly_fir_mult_kernel_DW_mult_uns_J2_1556
mult_x_525                            398.6640      0.0      398.6640       0.0000  0.0000  poly_fir_mult_kernel_DW_mult_uns_J2_1555
mult_x_526                            398.6640      0.0      398.6640       0.0000  0.0000  poly_fir_mult_kernel_DW_mult_uns_J2_1554
mult_x_527                            398.6640      0.0      398.6640       0.0000  0.0000  poly_fir_mult_kernel_DW_mult_uns_J2_1553
mult_x_528                            398.6640      0.0      398.6640       0.0000  0.0000  poly_fir_mult_kernel_DW_mult_uns_J2_1552
mult_x_529                            398.6640      0.0      398.6640       0.0000  0.0000  poly_fir_mult_kernel_DW_mult_uns_J2_1551
mult_x_53                             398.6640      0.0      398.6640       0.0000  0.0000  poly_fir_mult_kernel_DW_mult_uns_J2_2027
mult_x_530                            398.6640      0.0      398.6640       0.0000  0.0000  poly_fir_mult_kernel_DW_mult_uns_J2_1550
mult_x_531                            398.7900      0.0      398.7900       0.0000  0.0000  poly_fir_mult_kernel_DW_mult_uns_J2_1549
mult_x_532                            398.6640      0.0      398.6640       0.0000  0.0000  poly_fir_mult_kernel_DW_mult_uns_J2_1548
mult_x_533                            398.6640      0.0      398.6640       0.0000  0.0000  poly_fir_mult_kernel_DW_mult_uns_J2_1547
mult_x_534                            398.6640      0.0      398.6640       0.0000  0.0000  poly_fir_mult_kernel_DW_mult_uns_J2_1546
mult_x_535                            398.6640      0.0      398.6640       0.0000  0.0000  poly_fir_mult_kernel_DW_mult_uns_J2_1545
mult_x_536                            398.6640      0.0      398.6640       0.0000  0.0000  poly_fir_mult_kernel_DW_mult_uns_J2_1544
mult_x_537                            398.6640      0.0      398.6640       0.0000  0.0000  poly_fir_mult_kernel_DW_mult_uns_J2_1543
mult_x_538                            398.6640      0.0      398.6640       0.0000  0.0000  poly_fir_mult_kernel_DW_mult_uns_J2_1542
mult_x_539                            398.6640      0.0      398.6640       0.0000  0.0000  poly_fir_mult_kernel_DW_mult_uns_J2_1541
mult_x_54                             398.6640      0.0      398.6640       0.0000  0.0000  poly_fir_mult_kernel_DW_mult_uns_J2_2026
mult_x_540                            398.6640      0.0      398.6640       0.0000  0.0000  poly_fir_mult_kernel_DW_mult_uns_J2_1540
mult_x_541                            398.6640      0.0      398.6640       0.0000  0.0000  poly_fir_mult_kernel_DW_mult_uns_J2_1539
mult_x_542                            398.6640      0.0      398.6640       0.0000  0.0000  poly_fir_mult_kernel_DW_mult_uns_J2_1538
mult_x_543                            398.6640      0.0      398.6640       0.0000  0.0000  poly_fir_mult_kernel_DW_mult_uns_J2_1537
mult_x_544                            399.2940      0.0      399.2940       0.0000  0.0000  poly_fir_mult_kernel_DW_mult_uns_J2_1536
mult_x_545                            399.1680      0.0      399.1680       0.0000  0.0000  poly_fir_mult_kernel_DW_mult_uns_J2_1535
mult_x_546                            398.6640      0.0      398.6640       0.0000  0.0000  poly_fir_mult_kernel_DW_mult_uns_J2_1534
mult_x_547                            398.6640      0.0      398.6640       0.0000  0.0000  poly_fir_mult_kernel_DW_mult_uns_J2_1533
mult_x_548                            398.6640      0.0      398.6640       0.0000  0.0000  poly_fir_mult_kernel_DW_mult_uns_J2_1532
mult_x_549                            398.6640      0.0      398.6640       0.0000  0.0000  poly_fir_mult_kernel_DW_mult_uns_J2_1531
mult_x_55                             398.6640      0.0      398.6640       0.0000  0.0000  poly_fir_mult_kernel_DW_mult_uns_J2_2025
mult_x_550                            398.6640      0.0      398.6640       0.0000  0.0000  poly_fir_mult_kernel_DW_mult_uns_J2_1530
mult_x_551                            398.6640      0.0      398.6640       0.0000  0.0000  poly_fir_mult_kernel_DW_mult_uns_J2_1529
mult_x_552                            398.6640      0.0      398.6640       0.0000  0.0000  poly_fir_mult_kernel_DW_mult_uns_J2_1528
mult_x_553                            398.9160      0.0      398.9160       0.0000  0.0000  poly_fir_mult_kernel_DW_mult_uns_J2_1527
mult_x_554                            399.2940      0.0      399.2940       0.0000  0.0000  poly_fir_mult_kernel_DW_mult_uns_J2_1526
mult_x_555                            399.1680      0.0      399.1680       0.0000  0.0000  poly_fir_mult_kernel_DW_mult_uns_J2_1525
mult_x_556                            398.9160      0.0      398.9160       0.0000  0.0000  poly_fir_mult_kernel_DW_mult_uns_J2_1524
mult_x_557                            398.6640      0.0      398.6640       0.0000  0.0000  poly_fir_mult_kernel_DW_mult_uns_J2_1523
mult_x_558                            398.6640      0.0      398.6640       0.0000  0.0000  poly_fir_mult_kernel_DW_mult_uns_J2_1522
mult_x_559                            398.9160      0.0      398.9160       0.0000  0.0000  poly_fir_mult_kernel_DW_mult_uns_J2_1521
mult_x_56                             398.6640      0.0      398.6640       0.0000  0.0000  poly_fir_mult_kernel_DW_mult_uns_J2_2024
mult_x_560                            398.6640      0.0      398.6640       0.0000  0.0000  poly_fir_mult_kernel_DW_mult_uns_J2_1520
mult_x_561                            398.6640      0.0      398.6640       0.0000  0.0000  poly_fir_mult_kernel_DW_mult_uns_J2_1519
mult_x_562                            398.6640      0.0      398.6640       0.0000  0.0000  poly_fir_mult_kernel_DW_mult_uns_J2_1518
mult_x_563                            398.6640      0.0      398.6640       0.0000  0.0000  poly_fir_mult_kernel_DW_mult_uns_J2_1517
mult_x_564                            399.0420      0.0      399.0420       0.0000  0.0000  poly_fir_mult_kernel_DW_mult_uns_J2_1516
mult_x_565                            398.9160      0.0      398.9160       0.0000  0.0000  poly_fir_mult_kernel_DW_mult_uns_J2_1515
mult_x_566                            398.6640      0.0      398.6640       0.0000  0.0000  poly_fir_mult_kernel_DW_mult_uns_J2_1514
mult_x_567                            398.6640      0.0      398.6640       0.0000  0.0000  poly_fir_mult_kernel_DW_mult_uns_J2_1513
mult_x_568                            398.9160      0.0      398.9160       0.0000  0.0000  poly_fir_mult_kernel_DW_mult_uns_J2_1512
mult_x_569                            398.9160      0.0      398.9160       0.0000  0.0000  poly_fir_mult_kernel_DW_mult_uns_J2_1511
mult_x_57                             398.6640      0.0      398.6640       0.0000  0.0000  poly_fir_mult_kernel_DW_mult_uns_J2_2023
mult_x_570                            398.9160      0.0      398.9160       0.0000  0.0000  poly_fir_mult_kernel_DW_mult_uns_J2_1510
mult_x_571                            398.9160      0.0      398.9160       0.0000  0.0000  poly_fir_mult_kernel_DW_mult_uns_J2_1509
mult_x_572                            398.6640      0.0      398.6640       0.0000  0.0000  poly_fir_mult_kernel_DW_mult_uns_J2_1508
mult_x_573                            398.6640      0.0      398.6640       0.0000  0.0000  poly_fir_mult_kernel_DW_mult_uns_J2_1507
mult_x_574                            398.7900      0.0      398.7900       0.0000  0.0000  poly_fir_mult_kernel_DW_mult_uns_J2_1506
mult_x_575                            398.6640      0.0      398.6640       0.0000  0.0000  poly_fir_mult_kernel_DW_mult_uns_J2_1505
mult_x_576                            398.6640      0.0      398.6640       0.0000  0.0000  poly_fir_mult_kernel_DW_mult_uns_J2_1504
mult_x_577                            398.6640      0.0      398.6640       0.0000  0.0000  poly_fir_mult_kernel_DW_mult_uns_J2_1503
mult_x_578                            398.6640      0.0      398.6640       0.0000  0.0000  poly_fir_mult_kernel_DW_mult_uns_J2_1502
mult_x_579                            398.6640      0.0      398.6640       0.0000  0.0000  poly_fir_mult_kernel_DW_mult_uns_J2_1501
mult_x_58                             398.6640      0.0      398.6640       0.0000  0.0000  poly_fir_mult_kernel_DW_mult_uns_J2_2022
mult_x_580                            398.6640      0.0      398.6640       0.0000  0.0000  poly_fir_mult_kernel_DW_mult_uns_J2_1500
mult_x_581                            398.6640      0.0      398.6640       0.0000  0.0000  poly_fir_mult_kernel_DW_mult_uns_J2_1499
mult_x_582                            398.6640      0.0      398.6640       0.0000  0.0000  poly_fir_mult_kernel_DW_mult_uns_J2_1498
mult_x_583                            398.6640      0.0      398.6640       0.0000  0.0000  poly_fir_mult_kernel_DW_mult_uns_J2_1497
mult_x_584                            398.7900      0.0      398.7900       0.0000  0.0000  poly_fir_mult_kernel_DW_mult_uns_J2_1496
mult_x_585                            398.6640      0.0      398.6640       0.0000  0.0000  poly_fir_mult_kernel_DW_mult_uns_J2_1495
mult_x_586                            398.6640      0.0      398.6640       0.0000  0.0000  poly_fir_mult_kernel_DW_mult_uns_J2_1494
mult_x_587                            398.6640      0.0      398.6640       0.0000  0.0000  poly_fir_mult_kernel_DW_mult_uns_J2_1493
mult_x_588                            398.6640      0.0      398.6640       0.0000  0.0000  poly_fir_mult_kernel_DW_mult_uns_J2_1492
mult_x_589                            398.6640      0.0      398.6640       0.0000  0.0000  poly_fir_mult_kernel_DW_mult_uns_J2_1491
mult_x_59                             398.6640      0.0      398.6640       0.0000  0.0000  poly_fir_mult_kernel_DW_mult_uns_J2_2021
mult_x_590                            398.6640      0.0      398.6640       0.0000  0.0000  poly_fir_mult_kernel_DW_mult_uns_J2_1490
mult_x_591                            398.6640      0.0      398.6640       0.0000  0.0000  poly_fir_mult_kernel_DW_mult_uns_J2_1489
mult_x_592                            398.6640      0.0      398.6640       0.0000  0.0000  poly_fir_mult_kernel_DW_mult_uns_J2_1488
mult_x_593                            398.6640      0.0      398.6640       0.0000  0.0000  poly_fir_mult_kernel_DW_mult_uns_J2_1487
mult_x_594                            398.7900      0.0      398.7900       0.0000  0.0000  poly_fir_mult_kernel_DW_mult_uns_J2_1486
mult_x_595                            398.6640      0.0      398.6640       0.0000  0.0000  poly_fir_mult_kernel_DW_mult_uns_J2_1485
mult_x_596                            399.5460      0.0      399.5460       0.0000  0.0000  poly_fir_mult_kernel_DW_mult_uns_J2_1484
mult_x_597                            399.1680      0.0      399.1680       0.0000  0.0000  poly_fir_mult_kernel_DW_mult_uns_J2_1483
mult_x_598                            398.6640      0.0      398.6640       0.0000  0.0000  poly_fir_mult_kernel_DW_mult_uns_J2_1482
mult_x_599                            398.6640      0.0      398.6640       0.0000  0.0000  poly_fir_mult_kernel_DW_mult_uns_J2_1481
mult_x_6                              398.6640      0.0      398.6640       0.0000  0.0000  poly_fir_mult_kernel_DW_mult_uns_J2_2074
mult_x_60                             398.6640      0.0      398.6640       0.0000  0.0000  poly_fir_mult_kernel_DW_mult_uns_J2_2020
mult_x_600                            398.6640      0.0      398.6640       0.0000  0.0000  poly_fir_mult_kernel_DW_mult_uns_J2_1480
mult_x_601                            398.6640      0.0      398.6640       0.0000  0.0000  poly_fir_mult_kernel_DW_mult_uns_J2_1479
mult_x_602                            398.6640      0.0      398.6640       0.0000  0.0000  poly_fir_mult_kernel_DW_mult_uns_J2_1478
mult_x_603                            398.6640      0.0      398.6640       0.0000  0.0000  poly_fir_mult_kernel_DW_mult_uns_J2_1477
mult_x_604                            398.6640      0.0      398.6640       0.0000  0.0000  poly_fir_mult_kernel_DW_mult_uns_J2_1476
mult_x_605                            398.9160      0.0      398.9160       0.0000  0.0000  poly_fir_mult_kernel_DW_mult_uns_J2_1475
mult_x_606                            399.2940      0.0      399.2940       0.0000  0.0000  poly_fir_mult_kernel_DW_mult_uns_J2_1474
mult_x_607                            399.1680      0.0      399.1680       0.0000  0.0000  poly_fir_mult_kernel_DW_mult_uns_J2_1473
mult_x_608                            398.6640      0.0      398.6640       0.0000  0.0000  poly_fir_mult_kernel_DW_mult_uns_J2_1472
mult_x_609                            398.6640      0.0      398.6640       0.0000  0.0000  poly_fir_mult_kernel_DW_mult_uns_J2_1471
mult_x_61                             398.7900      0.0      398.7900       0.0000  0.0000  poly_fir_mult_kernel_DW_mult_uns_J2_2019
mult_x_610                            398.6640      0.0      398.6640       0.0000  0.0000  poly_fir_mult_kernel_DW_mult_uns_J2_1470
mult_x_611                            398.6640      0.0      398.6640       0.0000  0.0000  poly_fir_mult_kernel_DW_mult_uns_J2_1469
mult_x_612                            398.6640      0.0      398.6640       0.0000  0.0000  poly_fir_mult_kernel_DW_mult_uns_J2_1468
mult_x_613                            398.6640      0.0      398.6640       0.0000  0.0000  poly_fir_mult_kernel_DW_mult_uns_J2_1467
mult_x_614                            398.6640      0.0      398.6640       0.0000  0.0000  poly_fir_mult_kernel_DW_mult_uns_J2_1466
mult_x_615                            398.6640      0.0      398.6640       0.0000  0.0000  poly_fir_mult_kernel_DW_mult_uns_J2_1465
mult_x_616                            399.0420      0.0      399.0420       0.0000  0.0000  poly_fir_mult_kernel_DW_mult_uns_J2_1464
mult_x_617                            398.9160      0.0      398.9160       0.0000  0.0000  poly_fir_mult_kernel_DW_mult_uns_J2_1463
mult_x_618                            398.6640      0.0      398.6640       0.0000  0.0000  poly_fir_mult_kernel_DW_mult_uns_J2_1462
mult_x_619                            398.6640      0.0      398.6640       0.0000  0.0000  poly_fir_mult_kernel_DW_mult_uns_J2_1461
mult_x_62                             398.6640      0.0      398.6640       0.0000  0.0000  poly_fir_mult_kernel_DW_mult_uns_J2_2018
mult_x_620                            398.9160      0.0      398.9160       0.0000  0.0000  poly_fir_mult_kernel_DW_mult_uns_J2_1460
mult_x_621                            398.6640      0.0      398.6640       0.0000  0.0000  poly_fir_mult_kernel_DW_mult_uns_J2_1459
mult_x_622                            398.6640      0.0      398.6640       0.0000  0.0000  poly_fir_mult_kernel_DW_mult_uns_J2_1458
mult_x_623                            398.6640      0.0      398.6640       0.0000  0.0000  poly_fir_mult_kernel_DW_mult_uns_J2_1457
mult_x_624                            398.6640      0.0      398.6640       0.0000  0.0000  poly_fir_mult_kernel_DW_mult_uns_J2_1456
mult_x_625                            398.6640      0.0      398.6640       0.0000  0.0000  poly_fir_mult_kernel_DW_mult_uns_J2_1455
mult_x_626                            398.7900      0.0      398.7900       0.0000  0.0000  poly_fir_mult_kernel_DW_mult_uns_J2_1454
mult_x_627                            398.6640      0.0      398.6640       0.0000  0.0000  poly_fir_mult_kernel_DW_mult_uns_J2_1453
mult_x_628                            398.6640      0.0      398.6640       0.0000  0.0000  poly_fir_mult_kernel_DW_mult_uns_J2_1452
mult_x_629                            398.6640      0.0      398.6640       0.0000  0.0000  poly_fir_mult_kernel_DW_mult_uns_J2_1451
mult_x_63                             398.6640      0.0      398.6640       0.0000  0.0000  poly_fir_mult_kernel_DW_mult_uns_J2_2017
mult_x_630                            398.6640      0.0      398.6640       0.0000  0.0000  poly_fir_mult_kernel_DW_mult_uns_J2_1450
mult_x_631                            398.6640      0.0      398.6640       0.0000  0.0000  poly_fir_mult_kernel_DW_mult_uns_J2_1449
mult_x_632                            398.6640      0.0      398.6640       0.0000  0.0000  poly_fir_mult_kernel_DW_mult_uns_J2_1448
mult_x_633                            398.6640      0.0      398.6640       0.0000  0.0000  poly_fir_mult_kernel_DW_mult_uns_J2_1447
mult_x_634                            398.6640      0.0      398.6640       0.0000  0.0000  poly_fir_mult_kernel_DW_mult_uns_J2_1446
mult_x_635                            398.6640      0.0      398.6640       0.0000  0.0000  poly_fir_mult_kernel_DW_mult_uns_J2_1445
mult_x_636                            398.7900      0.0      398.7900       0.0000  0.0000  poly_fir_mult_kernel_DW_mult_uns_J2_1444
mult_x_637                            398.6640      0.0      398.6640       0.0000  0.0000  poly_fir_mult_kernel_DW_mult_uns_J2_1443
mult_x_638                            398.6640      0.0      398.6640       0.0000  0.0000  poly_fir_mult_kernel_DW_mult_uns_J2_1442
mult_x_639                            398.6640      0.0      398.6640       0.0000  0.0000  poly_fir_mult_kernel_DW_mult_uns_J2_1441
mult_x_64                             398.6640      0.0      398.6640       0.0000  0.0000  poly_fir_mult_kernel_DW_mult_uns_J2_2016
mult_x_640                            398.6640      0.0      398.6640       0.0000  0.0000  poly_fir_mult_kernel_DW_mult_uns_J2_1440
mult_x_641                            398.6640      0.0      398.6640       0.0000  0.0000  poly_fir_mult_kernel_DW_mult_uns_J2_1439
mult_x_642                            398.6640      0.0      398.6640       0.0000  0.0000  poly_fir_mult_kernel_DW_mult_uns_J2_1438
mult_x_643                            398.6640      0.0      398.6640       0.0000  0.0000  poly_fir_mult_kernel_DW_mult_uns_J2_1437
mult_x_644                            398.6640      0.0      398.6640       0.0000  0.0000  poly_fir_mult_kernel_DW_mult_uns_J2_1436
mult_x_645                            398.6640      0.0      398.6640       0.0000  0.0000  poly_fir_mult_kernel_DW_mult_uns_J2_1435
mult_x_646                            398.7900      0.0      398.7900       0.0000  0.0000  poly_fir_mult_kernel_DW_mult_uns_J2_1434
mult_x_647                            398.6640      0.0      398.6640       0.0000  0.0000  poly_fir_mult_kernel_DW_mult_uns_J2_1433
mult_x_648                            398.6640      0.0      398.6640       0.0000  0.0000  poly_fir_mult_kernel_DW_mult_uns_J2_1432
mult_x_649                            398.6640      0.0      398.6640       0.0000  0.0000  poly_fir_mult_kernel_DW_mult_uns_J2_1431
mult_x_65                             398.6640      0.0      398.6640       0.0000  0.0000  poly_fir_mult_kernel_DW_mult_uns_J2_2015
mult_x_650                            398.6640      0.0      398.6640       0.0000  0.0000  poly_fir_mult_kernel_DW_mult_uns_J2_1430
mult_x_651                            398.6640      0.0      398.6640       0.0000  0.0000  poly_fir_mult_kernel_DW_mult_uns_J2_1429
mult_x_652                            398.6640      0.0      398.6640       0.0000  0.0000  poly_fir_mult_kernel_DW_mult_uns_J2_1428
mult_x_653                            398.6640      0.0      398.6640       0.0000  0.0000  poly_fir_mult_kernel_DW_mult_uns_J2_1427
mult_x_654                            398.6640      0.0      398.6640       0.0000  0.0000  poly_fir_mult_kernel_DW_mult_uns_J2_1426
mult_x_655                            398.9160      0.0      398.9160       0.0000  0.0000  poly_fir_mult_kernel_DW_mult_uns_J2_1425
mult_x_656                            398.6640      0.0      398.6640       0.0000  0.0000  poly_fir_mult_kernel_DW_mult_uns_J2_1424
mult_x_657                            399.5460      0.0      399.5460       0.0000  0.0000  poly_fir_mult_kernel_DW_mult_uns_J2_1423
mult_x_658                            399.1680      0.0      399.1680       0.0000  0.0000  poly_fir_mult_kernel_DW_mult_uns_J2_1422
mult_x_659                            398.6640      0.0      398.6640       0.0000  0.0000  poly_fir_mult_kernel_DW_mult_uns_J2_1421
mult_x_66                             398.6640      0.0      398.6640       0.0000  0.0000  poly_fir_mult_kernel_DW_mult_uns_J2_2014
mult_x_660                            398.9160      0.0      398.9160       0.0000  0.0000  poly_fir_mult_kernel_DW_mult_uns_J2_1420
mult_x_661                            398.6640      0.0      398.6640       0.0000  0.0000  poly_fir_mult_kernel_DW_mult_uns_J2_1419
mult_x_662                            398.6640      0.0      398.6640       0.0000  0.0000  poly_fir_mult_kernel_DW_mult_uns_J2_1418
mult_x_663                            398.9160      0.0      398.9160       0.0000  0.0000  poly_fir_mult_kernel_DW_mult_uns_J2_1417
mult_x_664                            398.6640      0.0      398.6640       0.0000  0.0000  poly_fir_mult_kernel_DW_mult_uns_J2_1416
mult_x_665                            398.9160      0.0      398.9160       0.0000  0.0000  poly_fir_mult_kernel_DW_mult_uns_J2_1415
mult_x_666                            398.6640      0.0      398.6640       0.0000  0.0000  poly_fir_mult_kernel_DW_mult_uns_J2_1414
mult_x_667                            399.2940      0.0      399.2940       0.0000  0.0000  poly_fir_mult_kernel_DW_mult_uns_J2_1413
mult_x_668                            399.1680      0.0      399.1680       0.0000  0.0000  poly_fir_mult_kernel_DW_mult_uns_J2_1412
mult_x_669                            398.9160      0.0      398.9160       0.0000  0.0000  poly_fir_mult_kernel_DW_mult_uns_J2_1411
mult_x_67                             398.6640      0.0      398.6640       0.0000  0.0000  poly_fir_mult_kernel_DW_mult_uns_J2_2013
mult_x_670                            398.9160      0.0      398.9160       0.0000  0.0000  poly_fir_mult_kernel_DW_mult_uns_J2_1410
mult_x_671                            398.6640      0.0      398.6640       0.0000  0.0000  poly_fir_mult_kernel_DW_mult_uns_J2_1409
mult_x_672                            398.9160      0.0      398.9160       0.0000  0.0000  poly_fir_mult_kernel_DW_mult_uns_J2_1408
mult_x_673                            398.6640      0.0      398.6640       0.0000  0.0000  poly_fir_mult_kernel_DW_mult_uns_J2_1407
mult_x_674                            398.6640      0.0      398.6640       0.0000  0.0000  poly_fir_mult_kernel_DW_mult_uns_J2_1406
mult_x_675                            398.9160      0.0      398.9160       0.0000  0.0000  poly_fir_mult_kernel_DW_mult_uns_J2_1405
mult_x_676                            398.6640      0.0      398.6640       0.0000  0.0000  poly_fir_mult_kernel_DW_mult_uns_J2_1404
mult_x_677                            399.0420      0.0      399.0420       0.0000  0.0000  poly_fir_mult_kernel_DW_mult_uns_J2_1403
mult_x_678                            398.9160      0.0      398.9160       0.0000  0.0000  poly_fir_mult_kernel_DW_mult_uns_J2_1402
mult_x_679                            398.9160      0.0      398.9160       0.0000  0.0000  poly_fir_mult_kernel_DW_mult_uns_J2_1401
mult_x_68                             398.6640      0.0      398.6640       0.0000  0.0000  poly_fir_mult_kernel_DW_mult_uns_J2_2012
mult_x_680                            398.6640      0.0      398.6640       0.0000  0.0000  poly_fir_mult_kernel_DW_mult_uns_J2_1400
mult_x_681                            398.9160      0.0      398.9160       0.0000  0.0000  poly_fir_mult_kernel_DW_mult_uns_J2_1399
mult_x_682                            398.6640      0.0      398.6640       0.0000  0.0000  poly_fir_mult_kernel_DW_mult_uns_J2_1398
mult_x_683                            398.6640      0.0      398.6640       0.0000  0.0000  poly_fir_mult_kernel_DW_mult_uns_J2_1397
mult_x_684                            398.6640      0.0      398.6640       0.0000  0.0000  poly_fir_mult_kernel_DW_mult_uns_J2_1396
mult_x_685                            398.6640      0.0      398.6640       0.0000  0.0000  poly_fir_mult_kernel_DW_mult_uns_J2_1395
mult_x_686                            398.6640      0.0      398.6640       0.0000  0.0000  poly_fir_mult_kernel_DW_mult_uns_J2_1394
mult_x_687                            398.7900      0.0      398.7900       0.0000  0.0000  poly_fir_mult_kernel_DW_mult_uns_J2_1393
mult_x_688                            398.6640      0.0      398.6640       0.0000  0.0000  poly_fir_mult_kernel_DW_mult_uns_J2_1392
mult_x_689                            398.6640      0.0      398.6640       0.0000  0.0000  poly_fir_mult_kernel_DW_mult_uns_J2_1391
mult_x_69                             398.6640      0.0      398.6640       0.0000  0.0000  poly_fir_mult_kernel_DW_mult_uns_J2_2011
mult_x_690                            398.6640      0.0      398.6640       0.0000  0.0000  poly_fir_mult_kernel_DW_mult_uns_J2_1390
mult_x_691                            398.6640      0.0      398.6640       0.0000  0.0000  poly_fir_mult_kernel_DW_mult_uns_J2_1389
mult_x_692                            398.6640      0.0      398.6640       0.0000  0.0000  poly_fir_mult_kernel_DW_mult_uns_J2_1388
mult_x_693                            398.6640      0.0      398.6640       0.0000  0.0000  poly_fir_mult_kernel_DW_mult_uns_J2_1387
mult_x_694                            398.6640      0.0      398.6640       0.0000  0.0000  poly_fir_mult_kernel_DW_mult_uns_J2_1386
mult_x_695                            398.6640      0.0      398.6640       0.0000  0.0000  poly_fir_mult_kernel_DW_mult_uns_J2_1385
mult_x_696                            398.6640      0.0      398.6640       0.0000  0.0000  poly_fir_mult_kernel_DW_mult_uns_J2_1384
mult_x_697                            398.7900      0.0      398.7900       0.0000  0.0000  poly_fir_mult_kernel_DW_mult_uns_J2_1383
mult_x_698                            398.6640      0.0      398.6640       0.0000  0.0000  poly_fir_mult_kernel_DW_mult_uns_J2_1382
mult_x_699                            398.6640      0.0      398.6640       0.0000  0.0000  poly_fir_mult_kernel_DW_mult_uns_J2_1381
mult_x_7                              398.6640      0.0      398.6640       0.0000  0.0000  poly_fir_mult_kernel_DW_mult_uns_J2_2073
mult_x_70                             398.9160      0.0      398.9160       0.0000  0.0000  poly_fir_mult_kernel_DW_mult_uns_J2_2010
mult_x_700                            398.6640      0.0      398.6640       0.0000  0.0000  poly_fir_mult_kernel_DW_mult_uns_J2_1380
mult_x_701                            398.6640      0.0      398.6640       0.0000  0.0000  poly_fir_mult_kernel_DW_mult_uns_J2_1379
mult_x_702                            398.6640      0.0      398.6640       0.0000  0.0000  poly_fir_mult_kernel_DW_mult_uns_J2_1378
mult_x_703                            398.6640      0.0      398.6640       0.0000  0.0000  poly_fir_mult_kernel_DW_mult_uns_J2_1377
mult_x_704                            398.6640      0.0      398.6640       0.0000  0.0000  poly_fir_mult_kernel_DW_mult_uns_J2_1376
mult_x_705                            398.6640      0.0      398.6640       0.0000  0.0000  poly_fir_mult_kernel_DW_mult_uns_J2_1375
mult_x_706                            398.6640      0.0      398.6640       0.0000  0.0000  poly_fir_mult_kernel_DW_mult_uns_J2_1374
mult_x_707                            399.2940      0.0      399.2940       0.0000  0.0000  poly_fir_mult_kernel_DW_mult_uns_J2_1373
mult_x_708                            399.1680      0.0      399.1680       0.0000  0.0000  poly_fir_mult_kernel_DW_mult_uns_J2_1372
mult_x_709                            398.9160      0.0      398.9160       0.0000  0.0000  poly_fir_mult_kernel_DW_mult_uns_J2_1371
mult_x_71                             398.6640      0.0      398.6640       0.0000  0.0000  poly_fir_mult_kernel_DW_mult_uns_J2_2009
mult_x_710                            398.6640      0.0      398.6640       0.0000  0.0000  poly_fir_mult_kernel_DW_mult_uns_J2_1370
mult_x_711                            398.6640      0.0      398.6640       0.0000  0.0000  poly_fir_mult_kernel_DW_mult_uns_J2_1369
mult_x_712                            398.6640      0.0      398.6640       0.0000  0.0000  poly_fir_mult_kernel_DW_mult_uns_J2_1368
mult_x_713                            398.6640      0.0      398.6640       0.0000  0.0000  poly_fir_mult_kernel_DW_mult_uns_J2_1367
mult_x_714                            398.9160      0.0      398.9160       0.0000  0.0000  poly_fir_mult_kernel_DW_mult_uns_J2_1366
mult_x_715                            398.6640      0.0      398.6640       0.0000  0.0000  poly_fir_mult_kernel_DW_mult_uns_J2_1365
mult_x_716                            398.6640      0.0      398.6640       0.0000  0.0000  poly_fir_mult_kernel_DW_mult_uns_J2_1364
mult_x_717                            399.5460      0.0      399.5460       0.0000  0.0000  poly_fir_mult_kernel_DW_mult_uns_J2_1363
mult_x_718                            399.1680      0.0      399.1680       0.0000  0.0000  poly_fir_mult_kernel_DW_mult_uns_J2_1362
mult_x_719                            398.6640      0.0      398.6640       0.0000  0.0000  poly_fir_mult_kernel_DW_mult_uns_J2_1361
mult_x_72                             399.5460      0.0      399.5460       0.0000  0.0000  poly_fir_mult_kernel_DW_mult_uns_J2_2008
mult_x_720                            398.6640      0.0      398.6640       0.0000  0.0000  poly_fir_mult_kernel_DW_mult_uns_J2_1360
mult_x_721                            398.6640      0.0      398.6640       0.0000  0.0000  poly_fir_mult_kernel_DW_mult_uns_J2_1359
mult_x_722                            398.6640      0.0      398.6640       0.0000  0.0000  poly_fir_mult_kernel_DW_mult_uns_J2_1358
mult_x_723                            398.6640      0.0      398.6640       0.0000  0.0000  poly_fir_mult_kernel_DW_mult_uns_J2_1357
mult_x_724                            398.9160      0.0      398.9160       0.0000  0.0000  poly_fir_mult_kernel_DW_mult_uns_J2_1356
mult_x_725                            398.6640      0.0      398.6640       0.0000  0.0000  poly_fir_mult_kernel_DW_mult_uns_J2_1355
mult_x_726                            398.6640      0.0      398.6640       0.0000  0.0000  poly_fir_mult_kernel_DW_mult_uns_J2_1354
mult_x_727                            399.0420      0.0      399.0420       0.0000  0.0000  poly_fir_mult_kernel_DW_mult_uns_J2_1353
mult_x_728                            398.9160      0.0      398.9160       0.0000  0.0000  poly_fir_mult_kernel_DW_mult_uns_J2_1352
mult_x_729                            398.6640      0.0      398.6640       0.0000  0.0000  poly_fir_mult_kernel_DW_mult_uns_J2_1351
mult_x_73                             399.1680      0.0      399.1680       0.0000  0.0000  poly_fir_mult_kernel_DW_mult_uns_J2_2007
mult_x_730                            398.9160      0.0      398.9160       0.0000  0.0000  poly_fir_mult_kernel_DW_mult_uns_J2_1350
mult_x_731                            398.6640      0.0      398.6640       0.0000  0.0000  poly_fir_mult_kernel_DW_mult_uns_J2_1349
mult_x_732                            398.6640      0.0      398.6640       0.0000  0.0000  poly_fir_mult_kernel_DW_mult_uns_J2_1348
mult_x_733                            398.6640      0.0      398.6640       0.0000  0.0000  poly_fir_mult_kernel_DW_mult_uns_J2_1347
mult_x_734                            398.6640      0.0      398.6640       0.0000  0.0000  poly_fir_mult_kernel_DW_mult_uns_J2_1346
mult_x_735                            398.6640      0.0      398.6640       0.0000  0.0000  poly_fir_mult_kernel_DW_mult_uns_J2_1345
mult_x_736                            398.6640      0.0      398.6640       0.0000  0.0000  poly_fir_mult_kernel_DW_mult_uns_J2_1344
mult_x_737                            398.7900      0.0      398.7900       0.0000  0.0000  poly_fir_mult_kernel_DW_mult_uns_J2_1343
mult_x_738                            398.6640      0.0      398.6640       0.0000  0.0000  poly_fir_mult_kernel_DW_mult_uns_J2_1342
mult_x_739                            398.6640      0.0      398.6640       0.0000  0.0000  poly_fir_mult_kernel_DW_mult_uns_J2_1341
mult_x_74                             398.6640      0.0      398.6640       0.0000  0.0000  poly_fir_mult_kernel_DW_mult_uns_J2_2006
mult_x_740                            398.6640      0.0      398.6640       0.0000  0.0000  poly_fir_mult_kernel_DW_mult_uns_J2_1340
mult_x_741                            398.6640      0.0      398.6640       0.0000  0.0000  poly_fir_mult_kernel_DW_mult_uns_J2_1339
mult_x_742                            398.6640      0.0      398.6640       0.0000  0.0000  poly_fir_mult_kernel_DW_mult_uns_J2_1338
mult_x_743                            398.6640      0.0      398.6640       0.0000  0.0000  poly_fir_mult_kernel_DW_mult_uns_J2_1337
mult_x_744                            398.6640      0.0      398.6640       0.0000  0.0000  poly_fir_mult_kernel_DW_mult_uns_J2_1336
mult_x_745                            398.6640      0.0      398.6640       0.0000  0.0000  poly_fir_mult_kernel_DW_mult_uns_J2_1335
mult_x_746                            398.6640      0.0      398.6640       0.0000  0.0000  poly_fir_mult_kernel_DW_mult_uns_J2_1334
mult_x_747                            398.7900      0.0      398.7900       0.0000  0.0000  poly_fir_mult_kernel_DW_mult_uns_J2_1333
mult_x_748                            398.6640      0.0      398.6640       0.0000  0.0000  poly_fir_mult_kernel_DW_mult_uns_J2_1332
mult_x_749                            398.6640      0.0      398.6640       0.0000  0.0000  poly_fir_mult_kernel_DW_mult_uns_J2_1331
mult_x_75                             398.9160      0.0      398.9160       0.0000  0.0000  poly_fir_mult_kernel_DW_mult_uns_J2_2005
mult_x_750                            398.6640      0.0      398.6640       0.0000  0.0000  poly_fir_mult_kernel_DW_mult_uns_J2_1330
mult_x_751                            398.6640      0.0      398.6640       0.0000  0.0000  poly_fir_mult_kernel_DW_mult_uns_J2_1329
mult_x_752                            398.6640      0.0      398.6640       0.0000  0.0000  poly_fir_mult_kernel_DW_mult_uns_J2_1328
mult_x_753                            398.6640      0.0      398.6640       0.0000  0.0000  poly_fir_mult_kernel_DW_mult_uns_J2_1327
mult_x_754                            398.6640      0.0      398.6640       0.0000  0.0000  poly_fir_mult_kernel_DW_mult_uns_J2_1326
mult_x_755                            398.6640      0.0      398.6640       0.0000  0.0000  poly_fir_mult_kernel_DW_mult_uns_J2_1325
mult_x_756                            399.2940      0.0      399.2940       0.0000  0.0000  poly_fir_mult_kernel_DW_mult_uns_J2_1324
mult_x_757                            399.1680      0.0      399.1680       0.0000  0.0000  poly_fir_mult_kernel_DW_mult_uns_J2_1323
mult_x_758                            398.6640      0.0      398.6640       0.0000  0.0000  poly_fir_mult_kernel_DW_mult_uns_J2_1322
mult_x_759                            398.6640      0.0      398.6640       0.0000  0.0000  poly_fir_mult_kernel_DW_mult_uns_J2_1321
mult_x_76                             398.6640      0.0      398.6640       0.0000  0.0000  poly_fir_mult_kernel_DW_mult_uns_J2_2004
mult_x_760                            398.6640      0.0      398.6640       0.0000  0.0000  poly_fir_mult_kernel_DW_mult_uns_J2_1320
mult_x_761                            398.6640      0.0      398.6640       0.0000  0.0000  poly_fir_mult_kernel_DW_mult_uns_J2_1319
mult_x_762                            398.6640      0.0      398.6640       0.0000  0.0000  poly_fir_mult_kernel_DW_mult_uns_J2_1318
mult_x_763                            398.6640      0.0      398.6640       0.0000  0.0000  poly_fir_mult_kernel_DW_mult_uns_J2_1317
mult_x_764                            398.6640      0.0      398.6640       0.0000  0.0000  poly_fir_mult_kernel_DW_mult_uns_J2_1316
mult_x_765                            398.6640      0.0      398.6640       0.0000  0.0000  poly_fir_mult_kernel_DW_mult_uns_J2_1315
mult_x_766                            399.2940      0.0      399.2940       0.0000  0.0000  poly_fir_mult_kernel_DW_mult_uns_J2_1314
mult_x_767                            399.1680      0.0      399.1680       0.0000  0.0000  poly_fir_mult_kernel_DW_mult_uns_J2_1313
mult_x_768                            398.6640      0.0      398.6640       0.0000  0.0000  poly_fir_mult_kernel_DW_mult_uns_J2_1312
mult_x_769                            398.6640      0.0      398.6640       0.0000  0.0000  poly_fir_mult_kernel_DW_mult_uns_J2_1311
mult_x_77                             398.6640      0.0      398.6640       0.0000  0.0000  poly_fir_mult_kernel_DW_mult_uns_J2_2003
mult_x_770                            398.6640      0.0      398.6640       0.0000  0.0000  poly_fir_mult_kernel_DW_mult_uns_J2_1310
mult_x_771                            398.6640      0.0      398.6640       0.0000  0.0000  poly_fir_mult_kernel_DW_mult_uns_J2_1309
mult_x_772                            398.6640      0.0      398.6640       0.0000  0.0000  poly_fir_mult_kernel_DW_mult_uns_J2_1308
mult_x_773                            398.6640      0.0      398.6640       0.0000  0.0000  poly_fir_mult_kernel_DW_mult_uns_J2_1307
mult_x_774                            398.6640      0.0      398.6640       0.0000  0.0000  poly_fir_mult_kernel_DW_mult_uns_J2_1306
mult_x_775                            398.6640      0.0      398.6640       0.0000  0.0000  poly_fir_mult_kernel_DW_mult_uns_J2_1305
mult_x_776                            399.0420      0.0      399.0420       0.0000  0.0000  poly_fir_mult_kernel_DW_mult_uns_J2_1304
mult_x_777                            398.9160      0.0      398.9160       0.0000  0.0000  poly_fir_mult_kernel_DW_mult_uns_J2_1303
mult_x_778                            398.6640      0.0      398.6640       0.0000  0.0000  poly_fir_mult_kernel_DW_mult_uns_J2_1302
mult_x_779                            398.6640      0.0      398.6640       0.0000  0.0000  poly_fir_mult_kernel_DW_mult_uns_J2_1301
mult_x_78                             398.9160      0.0      398.9160       0.0000  0.0000  poly_fir_mult_kernel_DW_mult_uns_J2_2002
mult_x_780                            398.6640      0.0      398.6640       0.0000  0.0000  poly_fir_mult_kernel_DW_mult_uns_J2_1300
mult_x_781                            398.6640      0.0      398.6640       0.0000  0.0000  poly_fir_mult_kernel_DW_mult_uns_J2_1299
mult_x_782                            398.6640      0.0      398.6640       0.0000  0.0000  poly_fir_mult_kernel_DW_mult_uns_J2_1298
mult_x_783                            398.6640      0.0      398.6640       0.0000  0.0000  poly_fir_mult_kernel_DW_mult_uns_J2_1297
mult_x_784                            398.6640      0.0      398.6640       0.0000  0.0000  poly_fir_mult_kernel_DW_mult_uns_J2_1296
mult_x_785                            398.6640      0.0      398.6640       0.0000  0.0000  poly_fir_mult_kernel_DW_mult_uns_J2_1295
mult_x_786                            398.7900      0.0      398.7900       0.0000  0.0000  poly_fir_mult_kernel_DW_mult_uns_J2_1294
mult_x_787                            398.6640      0.0      398.6640       0.0000  0.0000  poly_fir_mult_kernel_DW_mult_uns_J2_1293
mult_x_788                            398.6640      0.0      398.6640       0.0000  0.0000  poly_fir_mult_kernel_DW_mult_uns_J2_1292
mult_x_789                            398.6640      0.0      398.6640       0.0000  0.0000  poly_fir_mult_kernel_DW_mult_uns_J2_1291
mult_x_79                             398.6640      0.0      398.6640       0.0000  0.0000  poly_fir_mult_kernel_DW_mult_uns_J2_2001
mult_x_790                            398.6640      0.0      398.6640       0.0000  0.0000  poly_fir_mult_kernel_DW_mult_uns_J2_1290
mult_x_791                            398.6640      0.0      398.6640       0.0000  0.0000  poly_fir_mult_kernel_DW_mult_uns_J2_1289
mult_x_792                            398.6640      0.0      398.6640       0.0000  0.0000  poly_fir_mult_kernel_DW_mult_uns_J2_1288
mult_x_793                            398.6640      0.0      398.6640       0.0000  0.0000  poly_fir_mult_kernel_DW_mult_uns_J2_1287
mult_x_794                            398.6640      0.0      398.6640       0.0000  0.0000  poly_fir_mult_kernel_DW_mult_uns_J2_1286
mult_x_795                            398.6640      0.0      398.6640       0.0000  0.0000  poly_fir_mult_kernel_DW_mult_uns_J2_1285
mult_x_796                            398.7900      0.0      398.7900       0.0000  0.0000  poly_fir_mult_kernel_DW_mult_uns_J2_1284
mult_x_797                            398.6640      0.0      398.6640       0.0000  0.0000  poly_fir_mult_kernel_DW_mult_uns_J2_1283
mult_x_798                            398.6640      0.0      398.6640       0.0000  0.0000  poly_fir_mult_kernel_DW_mult_uns_J2_1282
mult_x_799                            398.6640      0.0      398.6640       0.0000  0.0000  poly_fir_mult_kernel_DW_mult_uns_J2_1281
mult_x_8                              398.6640      0.0      398.6640       0.0000  0.0000  poly_fir_mult_kernel_DW_mult_uns_J2_2072
mult_x_80                             398.9160      0.0      398.9160       0.0000  0.0000  poly_fir_mult_kernel_DW_mult_uns_J2_2000
mult_x_800                            398.6640      0.0      398.6640       0.0000  0.0000  poly_fir_mult_kernel_DW_mult_uns_J2_1280
mult_x_801                            398.6640      0.0      398.6640       0.0000  0.0000  poly_fir_mult_kernel_DW_mult_uns_J2_1279
mult_x_802                            398.6640      0.0      398.6640       0.0000  0.0000  poly_fir_mult_kernel_DW_mult_uns_J2_1278
mult_x_803                            398.6640      0.0      398.6640       0.0000  0.0000  poly_fir_mult_kernel_DW_mult_uns_J2_1277
mult_x_804                            398.6640      0.0      398.6640       0.0000  0.0000  poly_fir_mult_kernel_DW_mult_uns_J2_1276
mult_x_805                            398.6640      0.0      398.6640       0.0000  0.0000  poly_fir_mult_kernel_DW_mult_uns_J2_1275
mult_x_806                            398.6640      0.0      398.6640       0.0000  0.0000  poly_fir_mult_kernel_DW_mult_uns_J2_1274
mult_x_807                            398.9160      0.0      398.9160       0.0000  0.0000  poly_fir_mult_kernel_DW_mult_uns_J2_1273
mult_x_808                            398.9160      0.0      398.9160       0.0000  0.0000  poly_fir_mult_kernel_DW_mult_uns_J2_1272
mult_x_809                            398.9160      0.0      398.9160       0.0000  0.0000  poly_fir_mult_kernel_DW_mult_uns_J2_1271
mult_x_81                             398.6640      0.0      398.6640       0.0000  0.0000  poly_fir_mult_kernel_DW_mult_uns_J2_1999
mult_x_810                            398.9160      0.0      398.9160       0.0000  0.0000  poly_fir_mult_kernel_DW_mult_uns_J2_1270
mult_x_811                            398.9160      0.0      398.9160       0.0000  0.0000  poly_fir_mult_kernel_DW_mult_uns_J2_1269
mult_x_812                            398.9160      0.0      398.9160       0.0000  0.0000  poly_fir_mult_kernel_DW_mult_uns_J2_1268
mult_x_813                            398.9160      0.0      398.9160       0.0000  0.0000  poly_fir_mult_kernel_DW_mult_uns_J2_1267
mult_x_814                            399.5460      0.0      399.5460       0.0000  0.0000  poly_fir_mult_kernel_DW_mult_uns_J2_1266
mult_x_815                            399.1680      0.0      399.1680       0.0000  0.0000  poly_fir_mult_kernel_DW_mult_uns_J2_1265
mult_x_816                            398.6640      0.0      398.6640       0.0000  0.0000  poly_fir_mult_kernel_DW_mult_uns_J2_1264
mult_x_817                            398.6640      0.0      398.6640       0.0000  0.0000  poly_fir_mult_kernel_DW_mult_uns_J2_1263
mult_x_818                            398.6640      0.0      398.6640       0.0000  0.0000  poly_fir_mult_kernel_DW_mult_uns_J2_1262
mult_x_819                            398.9160      0.0      398.9160       0.0000  0.0000  poly_fir_mult_kernel_DW_mult_uns_J2_1261
mult_x_82                             399.2940      0.0      399.2940       0.0000  0.0000  poly_fir_mult_kernel_DW_mult_uns_J2_1998
mult_x_820                            398.6640      0.0      398.6640       0.0000  0.0000  poly_fir_mult_kernel_DW_mult_uns_J2_1260
mult_x_821                            398.9160      0.0      398.9160       0.0000  0.0000  poly_fir_mult_kernel_DW_mult_uns_J2_1259
mult_x_822                            398.6640      0.0      398.6640       0.0000  0.0000  poly_fir_mult_kernel_DW_mult_uns_J2_1258
mult_x_823                            398.9160      0.0      398.9160       0.0000  0.0000  poly_fir_mult_kernel_DW_mult_uns_J2_1257
mult_x_824                            399.2940      0.0      399.2940       0.0000  0.0000  poly_fir_mult_kernel_DW_mult_uns_J2_1256
mult_x_825                            399.1680      0.0      399.1680       0.0000  0.0000  poly_fir_mult_kernel_DW_mult_uns_J2_1255
mult_x_826                            398.9160      0.0      398.9160       0.0000  0.0000  poly_fir_mult_kernel_DW_mult_uns_J2_1254
mult_x_827                            398.6640      0.0      398.6640       0.0000  0.0000  poly_fir_mult_kernel_DW_mult_uns_J2_1253
mult_x_828                            398.9160      0.0      398.9160       0.0000  0.0000  poly_fir_mult_kernel_DW_mult_uns_J2_1252
mult_x_829                            398.9160      0.0      398.9160       0.0000  0.0000  poly_fir_mult_kernel_DW_mult_uns_J2_1251
mult_x_83                             399.1680      0.0      399.1680       0.0000  0.0000  poly_fir_mult_kernel_DW_mult_uns_J2_1997
mult_x_830                            398.6640      0.0      398.6640       0.0000  0.0000  poly_fir_mult_kernel_DW_mult_uns_J2_1250
mult_x_831                            398.9160      0.0      398.9160       0.0000  0.0000  poly_fir_mult_kernel_DW_mult_uns_J2_1249
mult_x_832                            398.9160      0.0      398.9160       0.0000  0.0000  poly_fir_mult_kernel_DW_mult_uns_J2_1248
mult_x_833                            398.6640      0.0      398.6640       0.0000  0.0000  poly_fir_mult_kernel_DW_mult_uns_J2_1247
mult_x_834                            399.0420      0.0      399.0420       0.0000  0.0000  poly_fir_mult_kernel_DW_mult_uns_J2_1246
mult_x_835                            398.9160      0.0      398.9160       0.0000  0.0000  poly_fir_mult_kernel_DW_mult_uns_J2_1245
mult_x_836                            398.6640      0.0      398.6640       0.0000  0.0000  poly_fir_mult_kernel_DW_mult_uns_J2_1244
mult_x_837                            398.6640      0.0      398.6640       0.0000  0.0000  poly_fir_mult_kernel_DW_mult_uns_J2_1243
mult_x_838                            398.6640      0.0      398.6640       0.0000  0.0000  poly_fir_mult_kernel_DW_mult_uns_J2_1242
mult_x_839                            398.6640      0.0      398.6640       0.0000  0.0000  poly_fir_mult_kernel_DW_mult_uns_J2_1241
mult_x_84                             398.9160      0.0      398.9160       0.0000  0.0000  poly_fir_mult_kernel_DW_mult_uns_J2_1996
mult_x_840                            398.6640      0.0      398.6640       0.0000  0.0000  poly_fir_mult_kernel_DW_mult_uns_J2_1240
mult_x_841                            398.6640      0.0      398.6640       0.0000  0.0000  poly_fir_mult_kernel_DW_mult_uns_J2_1239
mult_x_842                            398.6640      0.0      398.6640       0.0000  0.0000  poly_fir_mult_kernel_DW_mult_uns_J2_1238
mult_x_843                            398.6640      0.0      398.6640       0.0000  0.0000  poly_fir_mult_kernel_DW_mult_uns_J2_1237
mult_x_844                            398.7900      0.0      398.7900       0.0000  0.0000  poly_fir_mult_kernel_DW_mult_uns_J2_1236
mult_x_845                            398.6640      0.0      398.6640       0.0000  0.0000  poly_fir_mult_kernel_DW_mult_uns_J2_1235
mult_x_846                            398.6640      0.0      398.6640       0.0000  0.0000  poly_fir_mult_kernel_DW_mult_uns_J2_1234
mult_x_847                            398.6640      0.0      398.6640       0.0000  0.0000  poly_fir_mult_kernel_DW_mult_uns_J2_1233
mult_x_848                            398.6640      0.0      398.6640       0.0000  0.0000  poly_fir_mult_kernel_DW_mult_uns_J2_1232
mult_x_849                            398.6640      0.0      398.6640       0.0000  0.0000  poly_fir_mult_kernel_DW_mult_uns_J2_1231
mult_x_85                             398.9160      0.0      398.9160       0.0000  0.0000  poly_fir_mult_kernel_DW_mult_uns_J2_1995
mult_x_850                            398.6640      0.0      398.6640       0.0000  0.0000  poly_fir_mult_kernel_DW_mult_uns_J2_1230
mult_x_851                            398.6640      0.0      398.6640       0.0000  0.0000  poly_fir_mult_kernel_DW_mult_uns_J2_1229
mult_x_852                            398.6640      0.0      398.6640       0.0000  0.0000  poly_fir_mult_kernel_DW_mult_uns_J2_1228
mult_x_853                            398.6640      0.0      398.6640       0.0000  0.0000  poly_fir_mult_kernel_DW_mult_uns_J2_1227
mult_x_854                            398.7900      0.0      398.7900       0.0000  0.0000  poly_fir_mult_kernel_DW_mult_uns_J2_1226
mult_x_855                            398.6640      0.0      398.6640       0.0000  0.0000  poly_fir_mult_kernel_DW_mult_uns_J2_1225
mult_x_856                            398.6640      0.0      398.6640       0.0000  0.0000  poly_fir_mult_kernel_DW_mult_uns_J2_1224
mult_x_857                            398.6640      0.0      398.6640       0.0000  0.0000  poly_fir_mult_kernel_DW_mult_uns_J2_1223
mult_x_858                            398.6640      0.0      398.6640       0.0000  0.0000  poly_fir_mult_kernel_DW_mult_uns_J2_1222
mult_x_859                            398.6640      0.0      398.6640       0.0000  0.0000  poly_fir_mult_kernel_DW_mult_uns_J2_1221
mult_x_86                             398.6640      0.0      398.6640       0.0000  0.0000  poly_fir_mult_kernel_DW_mult_uns_J2_1994
mult_x_860                            398.6640      0.0      398.6640       0.0000  0.0000  poly_fir_mult_kernel_DW_mult_uns_J2_1220
mult_x_861                            399.2940      0.0      399.2940       0.0000  0.0000  poly_fir_mult_kernel_DW_mult_uns_J2_1219
mult_x_862                            399.1680      0.0      399.1680       0.0000  0.0000  poly_fir_mult_kernel_DW_mult_uns_J2_1218
mult_x_863                            398.6640      0.0      398.6640       0.0000  0.0000  poly_fir_mult_kernel_DW_mult_uns_J2_1217
mult_x_864                            398.6640      0.0      398.6640       0.0000  0.0000  poly_fir_mult_kernel_DW_mult_uns_J2_1216
mult_x_865                            398.6640      0.0      398.6640       0.0000  0.0000  poly_fir_mult_kernel_DW_mult_uns_J2_1215
mult_x_866                            398.6640      0.0      398.6640       0.0000  0.0000  poly_fir_mult_kernel_DW_mult_uns_J2_1214
mult_x_867                            398.9160      0.0      398.9160       0.0000  0.0000  poly_fir_mult_kernel_DW_mult_uns_J2_1213
mult_x_868                            398.6640      0.0      398.6640       0.0000  0.0000  poly_fir_mult_kernel_DW_mult_uns_J2_1212
mult_x_869                            398.6640      0.0      398.6640       0.0000  0.0000  poly_fir_mult_kernel_DW_mult_uns_J2_1211
mult_x_87                             398.9160      0.0      398.9160       0.0000  0.0000  poly_fir_mult_kernel_DW_mult_uns_J2_1993
mult_x_870                            398.9160      0.0      398.9160       0.0000  0.0000  poly_fir_mult_kernel_DW_mult_uns_J2_1210
mult_x_871                            399.0420      0.0      399.0420       0.0000  0.0000  poly_fir_mult_kernel_DW_mult_uns_J2_1209
mult_x_872                            399.4200      0.0      399.4200       0.0000  0.0000  poly_fir_mult_kernel_DW_mult_uns_J2_1208
mult_x_873                            398.9160      0.0      398.9160       0.0000  0.0000  poly_fir_mult_kernel_DW_mult_uns_J2_1207
mult_x_874                            398.6640      0.0      398.6640       0.0000  0.0000  poly_fir_mult_kernel_DW_mult_uns_J2_1206
mult_x_875                            398.6640      0.0      398.6640       0.0000  0.0000  poly_fir_mult_kernel_DW_mult_uns_J2_1205
mult_x_876                            398.6640      0.0      398.6640       0.0000  0.0000  poly_fir_mult_kernel_DW_mult_uns_J2_1204
mult_x_877                            398.9160      0.0      398.9160       0.0000  0.0000  poly_fir_mult_kernel_DW_mult_uns_J2_1203
mult_x_878                            398.6640      0.0      398.6640       0.0000  0.0000  poly_fir_mult_kernel_DW_mult_uns_J2_1202
mult_x_879                            398.6640      0.0      398.6640       0.0000  0.0000  poly_fir_mult_kernel_DW_mult_uns_J2_1201
mult_x_88                             398.6640      0.0      398.6640       0.0000  0.0000  poly_fir_mult_kernel_DW_mult_uns_J2_1992
mult_x_880                            398.6640      0.0      398.6640       0.0000  0.0000  poly_fir_mult_kernel_DW_mult_uns_J2_1200
mult_x_881                            399.0420      0.0      399.0420       0.0000  0.0000  poly_fir_mult_kernel_DW_mult_uns_J2_1199
mult_x_882                            398.9160      0.0      398.9160       0.0000  0.0000  poly_fir_mult_kernel_DW_mult_uns_J2_1198
mult_x_883                            398.6640      0.0      398.6640       0.0000  0.0000  poly_fir_mult_kernel_DW_mult_uns_J2_1197
mult_x_884                            398.6640      0.0      398.6640       0.0000  0.0000  poly_fir_mult_kernel_DW_mult_uns_J2_1196
mult_x_885                            398.6640      0.0      398.6640       0.0000  0.0000  poly_fir_mult_kernel_DW_mult_uns_J2_1195
mult_x_886                            398.6640      0.0      398.6640       0.0000  0.0000  poly_fir_mult_kernel_DW_mult_uns_J2_1194
mult_x_887                            398.6640      0.0      398.6640       0.0000  0.0000  poly_fir_mult_kernel_DW_mult_uns_J2_1193
mult_x_888                            398.6640      0.0      398.6640       0.0000  0.0000  poly_fir_mult_kernel_DW_mult_uns_J2_1192
mult_x_889                            398.6640      0.0      398.6640       0.0000  0.0000  poly_fir_mult_kernel_DW_mult_uns_J2_1191
mult_x_89                             398.6640      0.0      398.6640       0.0000  0.0000  poly_fir_mult_kernel_DW_mult_uns_J2_1991
mult_x_890                            398.6640      0.0      398.6640       0.0000  0.0000  poly_fir_mult_kernel_DW_mult_uns_J2_1190
mult_x_891                            398.7900      0.0      398.7900       0.0000  0.0000  poly_fir_mult_kernel_DW_mult_uns_J2_1189
mult_x_892                            398.6640      0.0      398.6640       0.0000  0.0000  poly_fir_mult_kernel_DW_mult_uns_J2_1188
mult_x_893                            398.6640      0.0      398.6640       0.0000  0.0000  poly_fir_mult_kernel_DW_mult_uns_J2_1187
mult_x_894                            398.6640      0.0      398.6640       0.0000  0.0000  poly_fir_mult_kernel_DW_mult_uns_J2_1186
mult_x_895                            398.6640      0.0      398.6640       0.0000  0.0000  poly_fir_mult_kernel_DW_mult_uns_J2_1185
mult_x_896                            398.6640      0.0      398.6640       0.0000  0.0000  poly_fir_mult_kernel_DW_mult_uns_J2_1184
mult_x_897                            398.6640      0.0      398.6640       0.0000  0.0000  poly_fir_mult_kernel_DW_mult_uns_J2_1183
mult_x_898                            398.6640      0.0      398.6640       0.0000  0.0000  poly_fir_mult_kernel_DW_mult_uns_J2_1182
mult_x_899                            398.6640      0.0      398.6640       0.0000  0.0000  poly_fir_mult_kernel_DW_mult_uns_J2_1181
mult_x_9                              398.6640      0.0      398.6640       0.0000  0.0000  poly_fir_mult_kernel_DW_mult_uns_J2_2071
mult_x_90                             398.9160      0.0      398.9160       0.0000  0.0000  poly_fir_mult_kernel_DW_mult_uns_J2_1990
mult_x_900                            398.6640      0.0      398.6640       0.0000  0.0000  poly_fir_mult_kernel_DW_mult_uns_J2_1180
mult_x_901                            398.7900      0.0      398.7900       0.0000  0.0000  poly_fir_mult_kernel_DW_mult_uns_J2_1179
mult_x_902                            398.6640      0.0      398.6640       0.0000  0.0000  poly_fir_mult_kernel_DW_mult_uns_J2_1178
mult_x_903                            398.6640      0.0      398.6640       0.0000  0.0000  poly_fir_mult_kernel_DW_mult_uns_J2_1177
mult_x_904                            398.6640      0.0      398.6640       0.0000  0.0000  poly_fir_mult_kernel_DW_mult_uns_J2_1176
mult_x_905                            398.6640      0.0      398.6640       0.0000  0.0000  poly_fir_mult_kernel_DW_mult_uns_J2_1175
mult_x_906                            398.6640      0.0      398.6640       0.0000  0.0000  poly_fir_mult_kernel_DW_mult_uns_J2_1174
mult_x_907                            399.2940      0.0      399.2940       0.0000  0.0000  poly_fir_mult_kernel_DW_mult_uns_J2_1173
mult_x_908                            399.1680      0.0      399.1680       0.0000  0.0000  poly_fir_mult_kernel_DW_mult_uns_J2_1172
mult_x_909                            398.6640      0.0      398.6640       0.0000  0.0000  poly_fir_mult_kernel_DW_mult_uns_J2_1171
mult_x_91                             398.6640      0.0      398.6640       0.0000  0.0000  poly_fir_mult_kernel_DW_mult_uns_J2_1989
mult_x_910                            398.6640      0.0      398.6640       0.0000  0.0000  poly_fir_mult_kernel_DW_mult_uns_J2_1170
mult_x_911                            398.6640      0.0      398.6640       0.0000  0.0000  poly_fir_mult_kernel_DW_mult_uns_J2_1169
mult_x_912                            398.6640      0.0      398.6640       0.0000  0.0000  poly_fir_mult_kernel_DW_mult_uns_J2_1168
mult_x_913                            398.6640      0.0      398.6640       0.0000  0.0000  poly_fir_mult_kernel_DW_mult_uns_J2_1167
mult_x_914                            398.6640      0.0      398.6640       0.0000  0.0000  poly_fir_mult_kernel_DW_mult_uns_J2_1166
mult_x_915                            398.6640      0.0      398.6640       0.0000  0.0000  poly_fir_mult_kernel_DW_mult_uns_J2_1165
mult_x_916                            398.6640      0.0      398.6640       0.0000  0.0000  poly_fir_mult_kernel_DW_mult_uns_J2_1164
mult_x_917                            399.5460      0.0      399.5460       0.0000  0.0000  poly_fir_mult_kernel_DW_mult_uns_J2_1163
mult_x_918                            399.1680      0.0      399.1680       0.0000  0.0000  poly_fir_mult_kernel_DW_mult_uns_J2_1162
mult_x_919                            398.6640      0.0      398.6640       0.0000  0.0000  poly_fir_mult_kernel_DW_mult_uns_J2_1161
mult_x_92                             399.0420      0.0      399.0420       0.0000  0.0000  poly_fir_mult_kernel_DW_mult_uns_J2_1988
mult_x_920                            398.6640      0.0      398.6640       0.0000  0.0000  poly_fir_mult_kernel_DW_mult_uns_J2_1160
mult_x_921                            398.6640      0.0      398.6640       0.0000  0.0000  poly_fir_mult_kernel_DW_mult_uns_J2_1159
mult_x_922                            398.6640      0.0      398.6640       0.0000  0.0000  poly_fir_mult_kernel_DW_mult_uns_J2_1158
mult_x_923                            398.9160      0.0      398.9160       0.0000  0.0000  poly_fir_mult_kernel_DW_mult_uns_J2_1157
mult_x_924                            398.6640      0.0      398.6640       0.0000  0.0000  poly_fir_mult_kernel_DW_mult_uns_J2_1156
mult_x_925                            398.6640      0.0      398.6640       0.0000  0.0000  poly_fir_mult_kernel_DW_mult_uns_J2_1155
mult_x_926                            398.6640      0.0      398.6640       0.0000  0.0000  poly_fir_mult_kernel_DW_mult_uns_J2_1154
mult_x_927                            399.0420      0.0      399.0420       0.0000  0.0000  poly_fir_mult_kernel_DW_mult_uns_J2_1153
mult_x_928                            398.9160      0.0      398.9160       0.0000  0.0000  poly_fir_mult_kernel_DW_mult_uns_J2_1152
mult_x_929                            398.6640      0.0      398.6640       0.0000  0.0000  poly_fir_mult_kernel_DW_mult_uns_J2_1151
mult_x_93                             398.9160      0.0      398.9160       0.0000  0.0000  poly_fir_mult_kernel_DW_mult_uns_J2_1987
mult_x_930                            398.6640      0.0      398.6640       0.0000  0.0000  poly_fir_mult_kernel_DW_mult_uns_J2_1150
mult_x_931                            398.6640      0.0      398.6640       0.0000  0.0000  poly_fir_mult_kernel_DW_mult_uns_J2_1149
mult_x_932                            398.6640      0.0      398.6640       0.0000  0.0000  poly_fir_mult_kernel_DW_mult_uns_J2_1148
mult_x_933                            398.9160      0.0      398.9160       0.0000  0.0000  poly_fir_mult_kernel_DW_mult_uns_J2_1147
mult_x_934                            398.9160      0.0      398.9160       0.0000  0.0000  poly_fir_mult_kernel_DW_mult_uns_J2_1146
mult_x_935                            398.9160      0.0      398.9160       0.0000  0.0000  poly_fir_mult_kernel_DW_mult_uns_J2_1145
mult_x_936                            398.6640      0.0      398.6640       0.0000  0.0000  poly_fir_mult_kernel_DW_mult_uns_J2_1144
mult_x_937                            398.7900      0.0      398.7900       0.0000  0.0000  poly_fir_mult_kernel_DW_mult_uns_J2_1143
mult_x_938                            398.6640      0.0      398.6640       0.0000  0.0000  poly_fir_mult_kernel_DW_mult_uns_J2_1142
mult_x_939                            398.6640      0.0      398.6640       0.0000  0.0000  poly_fir_mult_kernel_DW_mult_uns_J2_1141
mult_x_94                             398.9160      0.0      398.9160       0.0000  0.0000  poly_fir_mult_kernel_DW_mult_uns_J2_1986
mult_x_940                            398.6640      0.0      398.6640       0.0000  0.0000  poly_fir_mult_kernel_DW_mult_uns_J2_1140
mult_x_941                            398.6640      0.0      398.6640       0.0000  0.0000  poly_fir_mult_kernel_DW_mult_uns_J2_1139
mult_x_942                            398.6640      0.0      398.6640       0.0000  0.0000  poly_fir_mult_kernel_DW_mult_uns_J2_1138
mult_x_943                            398.6640      0.0      398.6640       0.0000  0.0000  poly_fir_mult_kernel_DW_mult_uns_J2_1137
mult_x_944                            398.6640      0.0      398.6640       0.0000  0.0000  poly_fir_mult_kernel_DW_mult_uns_J2_1136
mult_x_945                            398.6640      0.0      398.6640       0.0000  0.0000  poly_fir_mult_kernel_DW_mult_uns_J2_1135
mult_x_946                            398.6640      0.0      398.6640       0.0000  0.0000  poly_fir_mult_kernel_DW_mult_uns_J2_1134
mult_x_947                            398.7900      0.0      398.7900       0.0000  0.0000  poly_fir_mult_kernel_DW_mult_uns_J2_1133
mult_x_948                            398.6640      0.0      398.6640       0.0000  0.0000  poly_fir_mult_kernel_DW_mult_uns_J2_1132
mult_x_949                            398.6640      0.0      398.6640       0.0000  0.0000  poly_fir_mult_kernel_DW_mult_uns_J2_1131
mult_x_95                             398.6640      0.0      398.6640       0.0000  0.0000  poly_fir_mult_kernel_DW_mult_uns_J2_1985
mult_x_950                            398.6640      0.0      398.6640       0.0000  0.0000  poly_fir_mult_kernel_DW_mult_uns_J2_1130
mult_x_951                            398.6640      0.0      398.6640       0.0000  0.0000  poly_fir_mult_kernel_DW_mult_uns_J2_1129
mult_x_952                            398.6640      0.0      398.6640       0.0000  0.0000  poly_fir_mult_kernel_DW_mult_uns_J2_1128
mult_x_953                            399.4200      0.0      399.4200       0.0000  0.0000  poly_fir_mult_kernel_DW_mult_uns_J2_1127
mult_x_954                            398.9160      0.0      398.9160       0.0000  0.0000  poly_fir_mult_kernel_DW_mult_uns_J2_1126
mult_x_955                            398.9160      0.0      398.9160       0.0000  0.0000  poly_fir_mult_kernel_DW_mult_uns_J2_1125
mult_x_956                            398.9160      0.0      398.9160       0.0000  0.0000  poly_fir_mult_kernel_DW_mult_uns_J2_1124
mult_x_957                            398.9160      0.0      398.9160       0.0000  0.0000  poly_fir_mult_kernel_DW_mult_uns_J2_1123
mult_x_958                            398.6640      0.0      398.6640       0.0000  0.0000  poly_fir_mult_kernel_DW_mult_uns_J2_1122
mult_x_959                            398.9160      0.0      398.9160       0.0000  0.0000  poly_fir_mult_kernel_DW_mult_uns_J2_1121
mult_x_96                             398.9160      0.0      398.9160       0.0000  0.0000  poly_fir_mult_kernel_DW_mult_uns_J2_1984
mult_x_960                            398.6640      0.0      398.6640       0.0000  0.0000  poly_fir_mult_kernel_DW_mult_uns_J2_1120
mult_x_961                            398.9160      0.0      398.9160       0.0000  0.0000  poly_fir_mult_kernel_DW_mult_uns_J2_1119
mult_x_962                            399.5460      0.0      399.5460       0.0000  0.0000  poly_fir_mult_kernel_DW_mult_uns_J2_1118
mult_x_963                            399.1680      0.0      399.1680       0.0000  0.0000  poly_fir_mult_kernel_DW_mult_uns_J2_1117
mult_x_964                            398.6640      0.0      398.6640       0.0000  0.0000  poly_fir_mult_kernel_DW_mult_uns_J2_1116
mult_x_965                            398.6640      0.0      398.6640       0.0000  0.0000  poly_fir_mult_kernel_DW_mult_uns_J2_1115
mult_x_966                            398.6640      0.0      398.6640       0.0000  0.0000  poly_fir_mult_kernel_DW_mult_uns_J2_1114
mult_x_967                            398.6640      0.0      398.6640       0.0000  0.0000  poly_fir_mult_kernel_DW_mult_uns_J2_1113
mult_x_968                            398.6640      0.0      398.6640       0.0000  0.0000  poly_fir_mult_kernel_DW_mult_uns_J2_1112
mult_x_969                            398.6640      0.0      398.6640       0.0000  0.0000  poly_fir_mult_kernel_DW_mult_uns_J2_1111
mult_x_97                             398.6640      0.0      398.6640       0.0000  0.0000  poly_fir_mult_kernel_DW_mult_uns_J2_1983
mult_x_970                            398.6640      0.0      398.6640       0.0000  0.0000  poly_fir_mult_kernel_DW_mult_uns_J2_1110
mult_x_971                            398.6640      0.0      398.6640       0.0000  0.0000  poly_fir_mult_kernel_DW_mult_uns_J2_1109
mult_x_972                            399.2940      0.0      399.2940       0.0000  0.0000  poly_fir_mult_kernel_DW_mult_uns_J2_1108
mult_x_973                            398.9160      0.0      398.9160       0.0000  0.0000  poly_fir_mult_kernel_DW_mult_uns_J2_1107
mult_x_974                            398.6640      0.0      398.6640       0.0000  0.0000  poly_fir_mult_kernel_DW_mult_uns_J2_1106
mult_x_975                            398.6640      0.0      398.6640       0.0000  0.0000  poly_fir_mult_kernel_DW_mult_uns_J2_1105
mult_x_976                            398.9160      0.0      398.9160       0.0000  0.0000  poly_fir_mult_kernel_DW_mult_uns_J2_1104
mult_x_977                            398.9160      0.0      398.9160       0.0000  0.0000  poly_fir_mult_kernel_DW_mult_uns_J2_1103
mult_x_978                            398.6640      0.0      398.6640       0.0000  0.0000  poly_fir_mult_kernel_DW_mult_uns_J2_1102
mult_x_979                            398.9160      0.0      398.9160       0.0000  0.0000  poly_fir_mult_kernel_DW_mult_uns_J2_1101
mult_x_98                             398.6640      0.0      398.6640       0.0000  0.0000  poly_fir_mult_kernel_DW_mult_uns_J2_1982
mult_x_980                            398.6640      0.0      398.6640       0.0000  0.0000  poly_fir_mult_kernel_DW_mult_uns_J2_1100
mult_x_981                            398.6640      0.0      398.6640       0.0000  0.0000  poly_fir_mult_kernel_DW_mult_uns_J2_1099
mult_x_982                            398.7900      0.0      398.7900       0.0000  0.0000  poly_fir_mult_kernel_DW_mult_uns_J2_1098
mult_x_983                            398.6640      0.0      398.6640       0.0000  0.0000  poly_fir_mult_kernel_DW_mult_uns_J2_1097
mult_x_984                            398.6640      0.0      398.6640       0.0000  0.0000  poly_fir_mult_kernel_DW_mult_uns_J2_1096
mult_x_985                            398.6640      0.0      398.6640       0.0000  0.0000  poly_fir_mult_kernel_DW_mult_uns_J2_1095
mult_x_986                            398.6640      0.0      398.6640       0.0000  0.0000  poly_fir_mult_kernel_DW_mult_uns_J2_1094
mult_x_987                            398.6640      0.0      398.6640       0.0000  0.0000  poly_fir_mult_kernel_DW_mult_uns_J2_1093
mult_x_988                            398.6640      0.0      398.6640       0.0000  0.0000  poly_fir_mult_kernel_DW_mult_uns_J2_1092
mult_x_989                            398.6640      0.0      398.6640       0.0000  0.0000  poly_fir_mult_kernel_DW_mult_uns_J2_1091
mult_x_99                             398.6640      0.0      398.6640       0.0000  0.0000  poly_fir_mult_kernel_DW_mult_uns_J2_1981
mult_x_990                            398.6640      0.0      398.6640       0.0000  0.0000  poly_fir_mult_kernel_DW_mult_uns_J2_1090
mult_x_991                            398.6640      0.0      398.6640       0.0000  0.0000  poly_fir_mult_kernel_DW_mult_uns_J2_1089
mult_x_992                            398.7900      0.0      398.7900       0.0000  0.0000  poly_fir_mult_kernel_DW_mult_uns_J2_1088
mult_x_993                            398.6640      0.0      398.6640       0.0000  0.0000  poly_fir_mult_kernel_DW_mult_uns_J2_1087
mult_x_994                            398.6640      0.0      398.6640       0.0000  0.0000  poly_fir_mult_kernel_DW_mult_uns_J2_1086
mult_x_995                            398.6640      0.0      398.6640       0.0000  0.0000  poly_fir_mult_kernel_DW_mult_uns_J2_1085
mult_x_996                            398.6640      0.0      398.6640       0.0000  0.0000  poly_fir_mult_kernel_DW_mult_uns_J2_1084
mult_x_997                            398.6640      0.0      398.6640       0.0000  0.0000  poly_fir_mult_kernel_DW_mult_uns_J2_1083
mult_x_998                            398.6640      0.0      398.6640       0.0000  0.0000  poly_fir_mult_kernel_DW_mult_uns_J2_1082
mult_x_999                            398.6640      0.0      398.6640       0.0000  0.0000  poly_fir_mult_kernel_DW_mult_uns_J2_1081
unordered_adder                      3089.7719      0.1        0.0000       0.0000  0.0000  unordered_adder_63
unordered_adder/DP_OP_126J3_122_3296    3089.7719     0.1    3089.7719      0.0000  0.0000  unordered_adder_0_DP_OP_126J3_122_3296_J3_0_63
unordered_adder_1                    3089.7719      0.1        0.0000       0.0000  0.0000  unordered_adder_62
unordered_adder_1/DP_OP_126J3_122_3296    3089.7719     0.1    3089.7719      0.0000 0.0000 unordered_adder_0_DP_OP_126J3_122_3296_J3_0_62
unordered_adder_10                   3089.7719      0.1        0.0000       0.0000  0.0000  unordered_adder_53
unordered_adder_10/DP_OP_126J3_122_3296    3089.7719     0.1    3089.7719      0.0000 0.0000 unordered_adder_0_DP_OP_126J3_122_3296_J3_0_53
unordered_adder_11                   3089.7719      0.1        0.0000       0.0000  0.0000  unordered_adder_52
unordered_adder_11/DP_OP_126J3_122_3296    3089.7719     0.1    3089.7719      0.0000 0.0000 unordered_adder_0_DP_OP_126J3_122_3296_J3_0_52
unordered_adder_12                   3089.7719      0.1        0.0000       0.0000  0.0000  unordered_adder_51
unordered_adder_12/DP_OP_126J3_122_3296    3089.7719     0.1    3089.7719      0.0000 0.0000 unordered_adder_0_DP_OP_126J3_122_3296_J3_0_51
unordered_adder_13                   3089.7719      0.1        0.0000       0.0000  0.0000  unordered_adder_50
unordered_adder_13/DP_OP_126J3_122_3296    3089.7719     0.1    3089.7719      0.0000 0.0000 unordered_adder_0_DP_OP_126J3_122_3296_J3_0_50
unordered_adder_14                   3089.7719      0.1        0.0000       0.0000  0.0000  unordered_adder_49
unordered_adder_14/DP_OP_126J3_122_3296    3089.7719     0.1    3089.7719      0.0000 0.0000 unordered_adder_0_DP_OP_126J3_122_3296_J3_0_49
unordered_adder_15                   3089.7719      0.1        0.0000       0.0000  0.0000  unordered_adder_48
unordered_adder_15/DP_OP_126J3_122_3296    3089.7719     0.1    3089.7719      0.0000 0.0000 unordered_adder_0_DP_OP_126J3_122_3296_J3_0_48
unordered_adder_16                   3089.7719      0.1        0.0000       0.0000  0.0000  unordered_adder_47
unordered_adder_16/DP_OP_126J3_122_3296    3089.7719     0.1    3089.7719      0.0000 0.0000 unordered_adder_0_DP_OP_126J3_122_3296_J3_0_47
unordered_adder_17                   3089.7719      0.1        0.0000       0.0000  0.0000  unordered_adder_46
unordered_adder_17/DP_OP_126J3_122_3296    3089.7719     0.1    3089.7719      0.0000 0.0000 unordered_adder_0_DP_OP_126J3_122_3296_J3_0_46
unordered_adder_18                   3089.7719      0.1        0.0000       0.0000  0.0000  unordered_adder_45
unordered_adder_18/DP_OP_126J3_122_3296    3089.7719     0.1    3089.7719      0.0000 0.0000 unordered_adder_0_DP_OP_126J3_122_3296_J3_0_45
unordered_adder_19                   3089.7719      0.1        0.0000       0.0000  0.0000  unordered_adder_44
unordered_adder_19/DP_OP_126J3_122_3296    3089.7719     0.1    3089.7719      0.0000 0.0000 unordered_adder_0_DP_OP_126J3_122_3296_J3_0_44
unordered_adder_2                    3089.7719      0.1        0.0000       0.0000  0.0000  unordered_adder_61
unordered_adder_2/DP_OP_126J3_122_3296    3089.7719     0.1    3089.7719      0.0000 0.0000 unordered_adder_0_DP_OP_126J3_122_3296_J3_0_61
unordered_adder_20                   3089.7719      0.1        0.0000       0.0000  0.0000  unordered_adder_43
unordered_adder_20/DP_OP_126J3_122_3296    3089.7719     0.1    3089.7719      0.0000 0.0000 unordered_adder_0_DP_OP_126J3_122_3296_J3_0_43
unordered_adder_21                   3089.7719      0.1        0.0000       0.0000  0.0000  unordered_adder_42
unordered_adder_21/DP_OP_126J3_122_3296    3089.7719     0.1    3089.7719      0.0000 0.0000 unordered_adder_0_DP_OP_126J3_122_3296_J3_0_42
unordered_adder_22                   3089.7719      0.1        0.0000       0.0000  0.0000  unordered_adder_41
unordered_adder_22/DP_OP_126J3_122_3296    3089.7719     0.1    3089.7719      0.0000 0.0000 unordered_adder_0_DP_OP_126J3_122_3296_J3_0_41
unordered_adder_23                   3089.7719      0.1        0.0000       0.0000  0.0000  unordered_adder_40
unordered_adder_23/DP_OP_126J3_122_3296    3089.7719     0.1    3089.7719      0.0000 0.0000 unordered_adder_0_DP_OP_126J3_122_3296_J3_0_40
unordered_adder_24                   3089.7719      0.1        0.0000       0.0000  0.0000  unordered_adder_39
unordered_adder_24/DP_OP_126J3_122_3296    3089.7719     0.1    3089.7719      0.0000 0.0000 unordered_adder_0_DP_OP_126J3_122_3296_J3_0_39
unordered_adder_25                   3089.7719      0.1        0.0000       0.0000  0.0000  unordered_adder_38
unordered_adder_25/DP_OP_126J3_122_3296    3089.7719     0.1    3089.7719      0.0000 0.0000 unordered_adder_0_DP_OP_126J3_122_3296_J3_0_38
unordered_adder_26                   3089.7719      0.1        0.0000       0.0000  0.0000  unordered_adder_37
unordered_adder_26/DP_OP_126J3_122_3296    3089.7719     0.1    3089.7719      0.0000 0.0000 unordered_adder_0_DP_OP_126J3_122_3296_J3_0_37
unordered_adder_27                   3089.7719      0.1        0.0000       0.0000  0.0000  unordered_adder_36
unordered_adder_27/DP_OP_126J3_122_3296    3089.7719     0.1    3089.7719      0.0000 0.0000 unordered_adder_0_DP_OP_126J3_122_3296_J3_0_36
unordered_adder_28                   3089.7719      0.1        0.0000       0.0000  0.0000  unordered_adder_35
unordered_adder_28/DP_OP_126J3_122_3296    3089.7719     0.1    3089.7719      0.0000 0.0000 unordered_adder_0_DP_OP_126J3_122_3296_J3_0_35
unordered_adder_29                   3089.7719      0.1        0.0000       0.0000  0.0000  unordered_adder_34
unordered_adder_29/DP_OP_126J3_122_3296    3089.7719     0.1    3089.7719      0.0000 0.0000 unordered_adder_0_DP_OP_126J3_122_3296_J3_0_34
unordered_adder_3                    3089.7719      0.1        0.0000       0.0000  0.0000  unordered_adder_60
unordered_adder_3/DP_OP_126J3_122_3296    3089.7719     0.1    3089.7719      0.0000 0.0000 unordered_adder_0_DP_OP_126J3_122_3296_J3_0_60
unordered_adder_30                   3089.7719      0.1        0.0000       0.0000  0.0000  unordered_adder_33
unordered_adder_30/DP_OP_126J3_122_3296    3089.7719     0.1    3089.7719      0.0000 0.0000 unordered_adder_0_DP_OP_126J3_122_3296_J3_0_33
unordered_adder_31                   3089.7719      0.1        0.0000       0.0000  0.0000  unordered_adder_32
unordered_adder_31/DP_OP_126J3_122_3296    3089.7719     0.1    3089.7719      0.0000 0.0000 unordered_adder_0_DP_OP_126J3_122_3296_J3_0_32
unordered_adder_32                   3089.7719      0.1        0.0000       0.0000  0.0000  unordered_adder_31
unordered_adder_32/DP_OP_126J3_122_3296    3089.7719     0.1    3089.7719      0.0000 0.0000 unordered_adder_0_DP_OP_126J3_122_3296_J3_0_31
unordered_adder_33                   3089.7719      0.1        0.0000       0.0000  0.0000  unordered_adder_30
unordered_adder_33/DP_OP_126J3_122_3296    3089.7719     0.1    3089.7719      0.0000 0.0000 unordered_adder_0_DP_OP_126J3_122_3296_J3_0_30
unordered_adder_34                   3089.7719      0.1        0.0000       0.0000  0.0000  unordered_adder_29
unordered_adder_34/DP_OP_126J3_122_3296    3089.7719     0.1    3089.7719      0.0000 0.0000 unordered_adder_0_DP_OP_126J3_122_3296_J3_0_29
unordered_adder_35                   3089.7719      0.1        0.0000       0.0000  0.0000  unordered_adder_28
unordered_adder_35/DP_OP_126J3_122_3296    3089.7719     0.1    3089.7719      0.0000 0.0000 unordered_adder_0_DP_OP_126J3_122_3296_J3_0_28
unordered_adder_36                   3089.7719      0.1        0.0000       0.0000  0.0000  unordered_adder_27
unordered_adder_36/DP_OP_126J3_122_3296    3089.7719     0.1    3089.7719      0.0000 0.0000 unordered_adder_0_DP_OP_126J3_122_3296_J3_0_27
unordered_adder_37                   3089.7719      0.1        0.0000       0.0000  0.0000  unordered_adder_26
unordered_adder_37/DP_OP_126J3_122_3296    3089.7719     0.1    3089.7719      0.0000 0.0000 unordered_adder_0_DP_OP_126J3_122_3296_J3_0_26
unordered_adder_38                   3089.7719      0.1        0.0000       0.0000  0.0000  unordered_adder_25
unordered_adder_38/DP_OP_126J3_122_3296    3089.7719     0.1    3089.7719      0.0000 0.0000 unordered_adder_0_DP_OP_126J3_122_3296_J3_0_25
unordered_adder_39                   3089.7719      0.1        0.0000       0.0000  0.0000  unordered_adder_24
unordered_adder_39/DP_OP_126J3_122_3296    3089.7719     0.1    3089.7719      0.0000 0.0000 unordered_adder_0_DP_OP_126J3_122_3296_J3_0_24
unordered_adder_4                    3089.7719      0.1        0.0000       0.0000  0.0000  unordered_adder_59
unordered_adder_4/DP_OP_126J3_122_3296    3089.7719     0.1    3089.7719      0.0000 0.0000 unordered_adder_0_DP_OP_126J3_122_3296_J3_0_59
unordered_adder_40                   3089.7719      0.1        0.0000       0.0000  0.0000  unordered_adder_23
unordered_adder_40/DP_OP_126J3_122_3296    3089.7719     0.1    3089.7719      0.0000 0.0000 unordered_adder_0_DP_OP_126J3_122_3296_J3_0_23
unordered_adder_41                   3089.7719      0.1        0.0000       0.0000  0.0000  unordered_adder_22
unordered_adder_41/DP_OP_126J3_122_3296    3089.7719     0.1    3089.7719      0.0000 0.0000 unordered_adder_0_DP_OP_126J3_122_3296_J3_0_22
unordered_adder_42                   3089.7719      0.1        0.0000       0.0000  0.0000  unordered_adder_21
unordered_adder_42/DP_OP_126J3_122_3296    3089.7719     0.1    3089.7719      0.0000 0.0000 unordered_adder_0_DP_OP_126J3_122_3296_J3_0_21
unordered_adder_43                   3089.7719      0.1        0.0000       0.0000  0.0000  unordered_adder_20
unordered_adder_43/DP_OP_126J3_122_3296    3089.7719     0.1    3089.7719      0.0000 0.0000 unordered_adder_0_DP_OP_126J3_122_3296_J3_0_20
unordered_adder_44                   3089.7719      0.1        0.0000       0.0000  0.0000  unordered_adder_19
unordered_adder_44/DP_OP_126J3_122_3296    3089.7719     0.1    3089.7719      0.0000 0.0000 unordered_adder_0_DP_OP_126J3_122_3296_J3_0_19
unordered_adder_45                   3089.7719      0.1        0.0000       0.0000  0.0000  unordered_adder_18
unordered_adder_45/DP_OP_126J3_122_3296    3089.7719     0.1    3089.7719      0.0000 0.0000 unordered_adder_0_DP_OP_126J3_122_3296_J3_0_18
unordered_adder_46                   3089.7719      0.1        0.0000       0.0000  0.0000  unordered_adder_17
unordered_adder_46/DP_OP_126J3_122_3296    3089.7719     0.1    3089.7719      0.0000 0.0000 unordered_adder_0_DP_OP_126J3_122_3296_J3_0_17
unordered_adder_47                   3089.7719      0.1        0.0000       0.0000  0.0000  unordered_adder_16
unordered_adder_47/DP_OP_126J3_122_3296    3089.7719     0.1    3089.7719      0.0000 0.0000 unordered_adder_0_DP_OP_126J3_122_3296_J3_0_16
unordered_adder_48                   3089.7719      0.1        0.0000       0.0000  0.0000  unordered_adder_15
unordered_adder_48/DP_OP_126J3_122_3296    3089.7719     0.1    3089.7719      0.0000 0.0000 unordered_adder_0_DP_OP_126J3_122_3296_J3_0_15
unordered_adder_49                   3089.7719      0.1        0.0000       0.0000  0.0000  unordered_adder_14
unordered_adder_49/DP_OP_126J3_122_3296    3089.7719     0.1    3089.7719      0.0000 0.0000 unordered_adder_0_DP_OP_126J3_122_3296_J3_0_14
unordered_adder_5                    3089.7719      0.1        0.0000       0.0000  0.0000  unordered_adder_58
unordered_adder_5/DP_OP_126J3_122_3296    3089.7719     0.1    3089.7719      0.0000 0.0000 unordered_adder_0_DP_OP_126J3_122_3296_J3_0_58
unordered_adder_50                   3089.7719      0.1        0.0000       0.0000  0.0000  unordered_adder_13
unordered_adder_50/DP_OP_126J3_122_3296    3089.7719     0.1    3089.7719      0.0000 0.0000 unordered_adder_0_DP_OP_126J3_122_3296_J3_0_13
unordered_adder_51                   3089.7719      0.1        0.0000       0.0000  0.0000  unordered_adder_12
unordered_adder_51/DP_OP_126J3_122_3296    3089.7719     0.1    3089.7719      0.0000 0.0000 unordered_adder_0_DP_OP_126J3_122_3296_J3_0_12
unordered_adder_52                   3089.7719      0.1        0.0000       0.0000  0.0000  unordered_adder_11
unordered_adder_52/DP_OP_126J3_122_3296    3089.7719     0.1    3089.7719      0.0000 0.0000 unordered_adder_0_DP_OP_126J3_122_3296_J3_0_11
unordered_adder_53                   3089.7719      0.1        0.0000       0.0000  0.0000  unordered_adder_10
unordered_adder_53/DP_OP_126J3_122_3296    3089.7719     0.1    3089.7719      0.0000 0.0000 unordered_adder_0_DP_OP_126J3_122_3296_J3_0_10
unordered_adder_54                   3089.7719      0.1        0.0000       0.0000  0.0000  unordered_adder_9
unordered_adder_54/DP_OP_126J3_122_3296    3089.7719     0.1    3089.7719      0.0000 0.0000 unordered_adder_0_DP_OP_126J3_122_3296_J3_0_9
unordered_adder_55                   3089.7719      0.1        0.0000       0.0000  0.0000  unordered_adder_8
unordered_adder_55/DP_OP_126J3_122_3296    3089.7719     0.1    3089.7719      0.0000 0.0000 unordered_adder_0_DP_OP_126J3_122_3296_J3_0_8
unordered_adder_56                   3089.7719      0.1        0.0000       0.0000  0.0000  unordered_adder_7
unordered_adder_56/DP_OP_126J3_122_3296    3089.7719     0.1    3089.7719      0.0000 0.0000 unordered_adder_0_DP_OP_126J3_122_3296_J3_0_7
unordered_adder_57                   3089.7719      0.1        0.0000       0.0000  0.0000  unordered_adder_6
unordered_adder_57/DP_OP_126J3_122_3296    3089.7719     0.1    3089.7719      0.0000 0.0000 unordered_adder_0_DP_OP_126J3_122_3296_J3_0_6
unordered_adder_58                   3089.7719      0.1        0.0000       0.0000  0.0000  unordered_adder_5
unordered_adder_58/DP_OP_126J3_122_3296    3089.7719     0.1    3089.7719      0.0000 0.0000 unordered_adder_0_DP_OP_126J3_122_3296_J3_0_5
unordered_adder_59                   3089.7719      0.1        0.0000       0.0000  0.0000  unordered_adder_4
unordered_adder_59/DP_OP_126J3_122_3296    3089.7719     0.1    3089.7719      0.0000 0.0000 unordered_adder_0_DP_OP_126J3_122_3296_J3_0_4
unordered_adder_6                    3089.7719      0.1        0.0000       0.0000  0.0000  unordered_adder_57
unordered_adder_6/DP_OP_126J3_122_3296    3089.7719     0.1    3089.7719      0.0000 0.0000 unordered_adder_0_DP_OP_126J3_122_3296_J3_0_57
unordered_adder_60                   3089.7719      0.1        0.0000       0.0000  0.0000  unordered_adder_3
unordered_adder_60/DP_OP_126J3_122_3296    3089.7719     0.1    3089.7719      0.0000 0.0000 unordered_adder_0_DP_OP_126J3_122_3296_J3_0_3
unordered_adder_61                   3089.7719      0.1        0.0000       0.0000  0.0000  unordered_adder_2
unordered_adder_61/DP_OP_126J3_122_3296    3089.7719     0.1    3089.7719      0.0000 0.0000 unordered_adder_0_DP_OP_126J3_122_3296_J3_0_2
unordered_adder_62                   3089.7719      0.1        0.0000       0.0000  0.0000  unordered_adder_1
unordered_adder_62/DP_OP_126J3_122_3296    3089.7719     0.1    3089.7719      0.0000 0.0000 unordered_adder_0_DP_OP_126J3_122_3296_J3_0_1
unordered_adder_63                   3089.7719      0.1        0.0000       0.0000  0.0000  unordered_adder_0
unordered_adder_63/DP_OP_126J3_122_3296    3089.7719     0.1    3089.7719      0.0000 0.0000 unordered_adder_0_DP_OP_126J3_122_3296_J3_0_0
unordered_adder_7                    3089.7719      0.1        0.0000       0.0000  0.0000  unordered_adder_56
unordered_adder_7/DP_OP_126J3_122_3296    3089.7719     0.1    3089.7719      0.0000 0.0000 unordered_adder_0_DP_OP_126J3_122_3296_J3_0_56
unordered_adder_8                    3089.7719      0.1        0.0000       0.0000  0.0000  unordered_adder_55
unordered_adder_8/DP_OP_126J3_122_3296    3089.7719     0.1    3089.7719      0.0000 0.0000 unordered_adder_0_DP_OP_126J3_122_3296_J3_0_55
unordered_adder_9                    3089.7719      0.1        0.0000       0.0000  0.0000  unordered_adder_54
unordered_adder_9/DP_OP_126J3_122_3296    3089.7719     0.1    3089.7719      0.0000 0.0000 unordered_adder_0_DP_OP_126J3_122_3296_J3_0_54
--------------------------------  ------------  -------  ------------  -----------  ------  -----------------------------------------------
Total                                                    1894502.5858  185794.5586  0.0000

1
