 
****************************************
Report : constraint
        -all_violators
        -verbose
Design : poly_fast_split_mult_kernel
Version: O-2018.06-SP5
Date   : Mon Aug 25 17:06:18 2025
****************************************


  Startpoint: REG_reg_23_
              (rising edge-triggered flip-flop clocked by clock_main)
  Endpoint: usint_ext_mult/holdl_delay_reg_23_
            (rising edge-triggered flip-flop clocked by clock_main)
  Path Group: clock_main
  Path Type: min

  Des/Clust/Port     Wire Load Model       Library
  ------------------------------------------------
  poly_fast_split_mult_kernel
                     ZeroWireload          tcbn28hpcplusbwp40p140hvtssg0p81vm40c_ccs
  usint_ext_mult_0_DW_mult_uns_J2_0_80
                     ZeroWireload          tcbn28hpcplusbwp40p140hvtssg0p81vm40c_ccs

  Point                                                   Incr       Path
  --------------------------------------------------------------------------
  clock clock_main (rise edge)                            0.00       0.00
  clock network delay (ideal)                             0.00       0.00
  REG_reg_23_/CP (DFQD1BWP40P140)                         0.00 #     0.00 r
  REG_reg_23_/Q (DFQD1BWP40P140)                          0.06       0.06 r
  usint_ext_mult/mult_x_1/U499/ZN (AOI221D1BWP40P140)     0.01       0.07 f
  usint_ext_mult/mult_x_1/U358/Z (XOR3UD1BWP40P140)       0.02       0.09 f
  usint_ext_mult/U29/ZN (INR2D1BWP40P140)                 0.02       0.11 f
  usint_ext_mult/holdl_delay_reg_23_/D (DFKCNQD1BWP40P140)
                                                          0.00       0.11 f
  data arrival time                                                  0.11

  clock clock_main (rise edge)                            0.00       0.00
  clock network delay (ideal)                             0.00       0.00
  clock uncertainty                                       0.10       0.10
  usint_ext_mult/holdl_delay_reg_23_/CP (DFKCNQD1BWP40P140)
                                                          0.00       0.10 r
  library hold time                                       0.02       0.12
  data required time                                                 0.12
  --------------------------------------------------------------------------
  data required time                                                 0.12
  data arrival time                                                 -0.11
  --------------------------------------------------------------------------
  slack (VIOLATED)                                                  -0.01


  Startpoint: REG_2_reg_23_
              (rising edge-triggered flip-flop clocked by clock_main)
  Endpoint: usint_ext_mult_1/holdl_delay_reg_23_
            (rising edge-triggered flip-flop clocked by clock_main)
  Path Group: clock_main
  Path Type: min

  Des/Clust/Port     Wire Load Model       Library
  ------------------------------------------------
  poly_fast_split_mult_kernel
                     ZeroWireload          tcbn28hpcplusbwp40p140hvtssg0p81vm40c_ccs
  usint_ext_mult_0_DW_mult_uns_J2_0_79
                     ZeroWireload          tcbn28hpcplusbwp40p140hvtssg0p81vm40c_ccs

  Point                                                   Incr       Path
  --------------------------------------------------------------------------
  clock clock_main (rise edge)                            0.00       0.00
  clock network delay (ideal)                             0.00       0.00
  REG_2_reg_23_/CP (DFQD1BWP40P140)                       0.00 #     0.00 r
  REG_2_reg_23_/Q (DFQD1BWP40P140)                        0.06       0.06 r
  usint_ext_mult_1/mult_x_1/U499/ZN (AOI221D1BWP40P140)
                                                          0.01       0.07 f
  usint_ext_mult_1/mult_x_1/U353/Z (XOR3UD1BWP40P140)     0.02       0.09 f
  usint_ext_mult_1/U4/ZN (INR2D1BWP40P140)                0.02       0.11 f
  usint_ext_mult_1/holdl_delay_reg_23_/D (DFKCNQD1BWP40P140)
                                                          0.00       0.11 f
  data arrival time                                                  0.11

  clock clock_main (rise edge)                            0.00       0.00
  clock network delay (ideal)                             0.00       0.00
  clock uncertainty                                       0.10       0.10
  usint_ext_mult_1/holdl_delay_reg_23_/CP (DFKCNQD1BWP40P140)
                                                          0.00       0.10 r
  library hold time                                       0.02       0.12
  data required time                                                 0.12
  --------------------------------------------------------------------------
  data required time                                                 0.12
  data arrival time                                                 -0.11
  --------------------------------------------------------------------------
  slack (VIOLATED)                                                  -0.01


  Startpoint: REG_4_reg_23_
              (rising edge-triggered flip-flop clocked by clock_main)
  Endpoint: usint_ext_mult_2/holdl_delay_reg_23_
            (rising edge-triggered flip-flop clocked by clock_main)
  Path Group: clock_main
  Path Type: min

  Des/Clust/Port     Wire Load Model       Library
  ------------------------------------------------
  poly_fast_split_mult_kernel
                     ZeroWireload          tcbn28hpcplusbwp40p140hvtssg0p81vm40c_ccs
  usint_ext_mult_0_DW_mult_uns_J2_0_78
                     ZeroWireload          tcbn28hpcplusbwp40p140hvtssg0p81vm40c_ccs

  Point                                                   Incr       Path
  --------------------------------------------------------------------------
  clock clock_main (rise edge)                            0.00       0.00
  clock network delay (ideal)                             0.00       0.00
  REG_4_reg_23_/CP (DFQD1BWP40P140)                       0.00 #     0.00 r
  REG_4_reg_23_/Q (DFQD1BWP40P140)                        0.06       0.06 r
  usint_ext_mult_2/mult_x_1/U499/ZN (AOI221D1BWP40P140)
                                                          0.01       0.07 f
  usint_ext_mult_2/mult_x_1/U355/Z (XOR3UD1BWP40P140)     0.02       0.09 f
  usint_ext_mult_2/U4/ZN (INR2D1BWP40P140)                0.02       0.11 f
  usint_ext_mult_2/holdl_delay_reg_23_/D (DFKCNQD1BWP40P140)
                                                          0.00       0.11 f
  data arrival time                                                  0.11

  clock clock_main (rise edge)                            0.00       0.00
  clock network delay (ideal)                             0.00       0.00
  clock uncertainty                                       0.10       0.10
  usint_ext_mult_2/holdl_delay_reg_23_/CP (DFKCNQD1BWP40P140)
                                                          0.00       0.10 r
  library hold time                                       0.02       0.12
  data required time                                                 0.12
  --------------------------------------------------------------------------
  data required time                                                 0.12
  data arrival time                                                 -0.11
  --------------------------------------------------------------------------
  slack (VIOLATED)                                                  -0.01


  Startpoint: REG_6_reg_23_
              (rising edge-triggered flip-flop clocked by clock_main)
  Endpoint: usint_ext_mult_3/holdl_delay_reg_23_
            (rising edge-triggered flip-flop clocked by clock_main)
  Path Group: clock_main
  Path Type: min

  Des/Clust/Port     Wire Load Model       Library
  ------------------------------------------------
  poly_fast_split_mult_kernel
                     ZeroWireload          tcbn28hpcplusbwp40p140hvtssg0p81vm40c_ccs
  usint_ext_mult_0_DW_mult_uns_J2_0_77
                     ZeroWireload          tcbn28hpcplusbwp40p140hvtssg0p81vm40c_ccs

  Point                                                   Incr       Path
  --------------------------------------------------------------------------
  clock clock_main (rise edge)                            0.00       0.00
  clock network delay (ideal)                             0.00       0.00
  REG_6_reg_23_/CP (DFQD1BWP40P140)                       0.00 #     0.00 r
  REG_6_reg_23_/Q (DFQD1BWP40P140)                        0.06       0.06 r
  usint_ext_mult_3/mult_x_1/U497/ZN (AOI221D1BWP40P140)
                                                          0.01       0.07 f
  usint_ext_mult_3/mult_x_1/U359/Z (XOR3UD1BWP40P140)     0.02       0.09 f
  usint_ext_mult_3/U29/ZN (INR2D1BWP40P140)               0.02       0.11 f
  usint_ext_mult_3/holdl_delay_reg_23_/D (DFKCNQD1BWP40P140)
                                                          0.00       0.11 f
  data arrival time                                                  0.11

  clock clock_main (rise edge)                            0.00       0.00
  clock network delay (ideal)                             0.00       0.00
  clock uncertainty                                       0.10       0.10
  usint_ext_mult_3/holdl_delay_reg_23_/CP (DFKCNQD1BWP40P140)
                                                          0.00       0.10 r
  library hold time                                       0.02       0.12
  data required time                                                 0.12
  --------------------------------------------------------------------------
  data required time                                                 0.12
  data arrival time                                                 -0.11
  --------------------------------------------------------------------------
  slack (VIOLATED)                                                  -0.01


  Startpoint: REG_8_reg_23_
              (rising edge-triggered flip-flop clocked by clock_main)
  Endpoint: usint_ext_mult_4/holdl_delay_reg_23_
            (rising edge-triggered flip-flop clocked by clock_main)
  Path Group: clock_main
  Path Type: min

  Des/Clust/Port     Wire Load Model       Library
  ------------------------------------------------
  poly_fast_split_mult_kernel
                     ZeroWireload          tcbn28hpcplusbwp40p140hvtssg0p81vm40c_ccs
  usint_ext_mult_0_DW_mult_uns_J2_0_76
                     ZeroWireload          tcbn28hpcplusbwp40p140hvtssg0p81vm40c_ccs

  Point                                                   Incr       Path
  --------------------------------------------------------------------------
  clock clock_main (rise edge)                            0.00       0.00
  clock network delay (ideal)                             0.00       0.00
  REG_8_reg_23_/CP (DFQD1BWP40P140)                       0.00 #     0.00 r
  REG_8_reg_23_/Q (DFQD1BWP40P140)                        0.06       0.06 r
  usint_ext_mult_4/mult_x_1/U499/ZN (AOI221D1BWP40P140)
                                                          0.01       0.07 f
  usint_ext_mult_4/mult_x_1/U355/Z (XOR3UD1BWP40P140)     0.02       0.09 f
  usint_ext_mult_4/U4/ZN (INR2D1BWP40P140)                0.02       0.11 f
  usint_ext_mult_4/holdl_delay_reg_23_/D (DFKCNQD1BWP40P140)
                                                          0.00       0.11 f
  data arrival time                                                  0.11

  clock clock_main (rise edge)                            0.00       0.00
  clock network delay (ideal)                             0.00       0.00
  clock uncertainty                                       0.10       0.10
  usint_ext_mult_4/holdl_delay_reg_23_/CP (DFKCNQD1BWP40P140)
                                                          0.00       0.10 r
  library hold time                                       0.02       0.12
  data required time                                                 0.12
  --------------------------------------------------------------------------
  data required time                                                 0.12
  data arrival time                                                 -0.11
  --------------------------------------------------------------------------
  slack (VIOLATED)                                                  -0.01


  Startpoint: REG_10_reg_23_
              (rising edge-triggered flip-flop clocked by clock_main)
  Endpoint: usint_ext_mult_5/holdl_delay_reg_23_
            (rising edge-triggered flip-flop clocked by clock_main)
  Path Group: clock_main
  Path Type: min

  Des/Clust/Port     Wire Load Model       Library
  ------------------------------------------------
  poly_fast_split_mult_kernel
                     ZeroWireload          tcbn28hpcplusbwp40p140hvtssg0p81vm40c_ccs
  usint_ext_mult_0_DW_mult_uns_J2_0_75
                     ZeroWireload          tcbn28hpcplusbwp40p140hvtssg0p81vm40c_ccs

  Point                                                   Incr       Path
  --------------------------------------------------------------------------
  clock clock_main (rise edge)                            0.00       0.00
  clock network delay (ideal)                             0.00       0.00
  REG_10_reg_23_/CP (DFQD1BWP40P140)                      0.00 #     0.00 r
  REG_10_reg_23_/Q (DFQD1BWP40P140)                       0.06       0.06 r
  usint_ext_mult_5/mult_x_1/U501/ZN (AOI221D1BWP40P140)
                                                          0.01       0.07 f
  usint_ext_mult_5/mult_x_1/U354/Z (XOR3UD1BWP40P140)     0.02       0.09 f
  usint_ext_mult_5/U5/ZN (INR2D1BWP40P140)                0.02       0.11 f
  usint_ext_mult_5/holdl_delay_reg_23_/D (DFKCNQD1BWP40P140)
                                                          0.00       0.11 f
  data arrival time                                                  0.11

  clock clock_main (rise edge)                            0.00       0.00
  clock network delay (ideal)                             0.00       0.00
  clock uncertainty                                       0.10       0.10
  usint_ext_mult_5/holdl_delay_reg_23_/CP (DFKCNQD1BWP40P140)
                                                          0.00       0.10 r
  library hold time                                       0.02       0.12
  data required time                                                 0.12
  --------------------------------------------------------------------------
  data required time                                                 0.12
  data arrival time                                                 -0.11
  --------------------------------------------------------------------------
  slack (VIOLATED)                                                  -0.01


  Startpoint: REG_12_reg_23_
              (rising edge-triggered flip-flop clocked by clock_main)
  Endpoint: usint_ext_mult_6/holdl_delay_reg_23_
            (rising edge-triggered flip-flop clocked by clock_main)
  Path Group: clock_main
  Path Type: min

  Des/Clust/Port     Wire Load Model       Library
  ------------------------------------------------
  poly_fast_split_mult_kernel
                     ZeroWireload          tcbn28hpcplusbwp40p140hvtssg0p81vm40c_ccs
  usint_ext_mult_0_DW_mult_uns_J2_0_74
                     ZeroWireload          tcbn28hpcplusbwp40p140hvtssg0p81vm40c_ccs

  Point                                                   Incr       Path
  --------------------------------------------------------------------------
  clock clock_main (rise edge)                            0.00       0.00
  clock network delay (ideal)                             0.00       0.00
  REG_12_reg_23_/CP (DFQD1BWP40P140)                      0.00 #     0.00 r
  REG_12_reg_23_/Q (DFQD1BWP40P140)                       0.06       0.06 r
  usint_ext_mult_6/mult_x_1/U499/ZN (AOI221D1BWP40P140)
                                                          0.01       0.07 f
  usint_ext_mult_6/mult_x_1/U356/Z (XOR3UD1BWP40P140)     0.02       0.09 f
  usint_ext_mult_6/U28/ZN (INR2D1BWP40P140)               0.02       0.11 f
  usint_ext_mult_6/holdl_delay_reg_23_/D (DFKCNQD1BWP40P140)
                                                          0.00       0.11 f
  data arrival time                                                  0.11

  clock clock_main (rise edge)                            0.00       0.00
  clock network delay (ideal)                             0.00       0.00
  clock uncertainty                                       0.10       0.10
  usint_ext_mult_6/holdl_delay_reg_23_/CP (DFKCNQD1BWP40P140)
                                                          0.00       0.10 r
  library hold time                                       0.02       0.12
  data required time                                                 0.12
  --------------------------------------------------------------------------
  data required time                                                 0.12
  data arrival time                                                 -0.11
  --------------------------------------------------------------------------
  slack (VIOLATED)                                                  -0.01


  Startpoint: REG_14_reg_23_
              (rising edge-triggered flip-flop clocked by clock_main)
  Endpoint: usint_ext_mult_7/holdl_delay_reg_23_
            (rising edge-triggered flip-flop clocked by clock_main)
  Path Group: clock_main
  Path Type: min

  Des/Clust/Port     Wire Load Model       Library
  ------------------------------------------------
  poly_fast_split_mult_kernel
                     ZeroWireload          tcbn28hpcplusbwp40p140hvtssg0p81vm40c_ccs
  usint_ext_mult_0_DW_mult_uns_J2_0_73
                     ZeroWireload          tcbn28hpcplusbwp40p140hvtssg0p81vm40c_ccs

  Point                                                   Incr       Path
  --------------------------------------------------------------------------
  clock clock_main (rise edge)                            0.00       0.00
  clock network delay (ideal)                             0.00       0.00
  REG_14_reg_23_/CP (DFQD1BWP40P140)                      0.00 #     0.00 r
  REG_14_reg_23_/Q (DFQD1BWP40P140)                       0.06       0.06 r
  usint_ext_mult_7/mult_x_1/U499/ZN (AOI221D1BWP40P140)
                                                          0.01       0.07 f
  usint_ext_mult_7/mult_x_1/U355/Z (XOR3UD1BWP40P140)     0.02       0.09 f
  usint_ext_mult_7/U5/ZN (INR2D1BWP40P140)                0.02       0.11 f
  usint_ext_mult_7/holdl_delay_reg_23_/D (DFKCNQD1BWP40P140)
                                                          0.00       0.11 f
  data arrival time                                                  0.11

  clock clock_main (rise edge)                            0.00       0.00
  clock network delay (ideal)                             0.00       0.00
  clock uncertainty                                       0.10       0.10
  usint_ext_mult_7/holdl_delay_reg_23_/CP (DFKCNQD1BWP40P140)
                                                          0.00       0.10 r
  library hold time                                       0.02       0.12
  data required time                                                 0.12
  --------------------------------------------------------------------------
  data required time                                                 0.12
  data arrival time                                                 -0.11
  --------------------------------------------------------------------------
  slack (VIOLATED)                                                  -0.01


  Startpoint: REG_16_reg_23_
              (rising edge-triggered flip-flop clocked by clock_main)
  Endpoint: usint_ext_mult_8/holdl_delay_reg_23_
            (rising edge-triggered flip-flop clocked by clock_main)
  Path Group: clock_main
  Path Type: min

  Des/Clust/Port     Wire Load Model       Library
  ------------------------------------------------
  poly_fast_split_mult_kernel
                     ZeroWireload          tcbn28hpcplusbwp40p140hvtssg0p81vm40c_ccs
  usint_ext_mult_0_DW_mult_uns_J2_0_72
                     ZeroWireload          tcbn28hpcplusbwp40p140hvtssg0p81vm40c_ccs

  Point                                                   Incr       Path
  --------------------------------------------------------------------------
  clock clock_main (rise edge)                            0.00       0.00
  clock network delay (ideal)                             0.00       0.00
  REG_16_reg_23_/CP (DFQD1BWP40P140)                      0.00 #     0.00 r
  REG_16_reg_23_/Q (DFQD1BWP40P140)                       0.06       0.06 r
  usint_ext_mult_8/mult_x_1/U498/ZN (AOI221D1BWP40P140)
                                                          0.01       0.07 f
  usint_ext_mult_8/mult_x_1/U360/Z (XOR3UD1BWP40P140)     0.02       0.09 f
  usint_ext_mult_8/U5/ZN (INR2D1BWP40P140)                0.02       0.11 f
  usint_ext_mult_8/holdl_delay_reg_23_/D (DFKCNQD1BWP40P140)
                                                          0.00       0.11 f
  data arrival time                                                  0.11

  clock clock_main (rise edge)                            0.00       0.00
  clock network delay (ideal)                             0.00       0.00
  clock uncertainty                                       0.10       0.10
  usint_ext_mult_8/holdl_delay_reg_23_/CP (DFKCNQD1BWP40P140)
                                                          0.00       0.10 r
  library hold time                                       0.02       0.12
  data required time                                                 0.12
  --------------------------------------------------------------------------
  data required time                                                 0.12
  data arrival time                                                 -0.11
  --------------------------------------------------------------------------
  slack (VIOLATED)                                                  -0.01


  Startpoint: REG_18_reg_23_
              (rising edge-triggered flip-flop clocked by clock_main)
  Endpoint: usint_ext_mult_9/holdl_delay_reg_23_
            (rising edge-triggered flip-flop clocked by clock_main)
  Path Group: clock_main
  Path Type: min

  Des/Clust/Port     Wire Load Model       Library
  ------------------------------------------------
  poly_fast_split_mult_kernel
                     ZeroWireload          tcbn28hpcplusbwp40p140hvtssg0p81vm40c_ccs
  usint_ext_mult_0_DW_mult_uns_J2_0_71
                     ZeroWireload          tcbn28hpcplusbwp40p140hvtssg0p81vm40c_ccs

  Point                                                   Incr       Path
  --------------------------------------------------------------------------
  clock clock_main (rise edge)                            0.00       0.00
  clock network delay (ideal)                             0.00       0.00
  REG_18_reg_23_/CP (DFQD1BWP40P140)                      0.00 #     0.00 r
  REG_18_reg_23_/Q (DFQD1BWP40P140)                       0.06       0.06 r
  usint_ext_mult_9/mult_x_1/U501/ZN (AOI221D1BWP40P140)
                                                          0.01       0.07 f
  usint_ext_mult_9/mult_x_1/U355/Z (XOR3UD1BWP40P140)     0.02       0.09 f
  usint_ext_mult_9/U29/ZN (INR2D1BWP40P140)               0.02       0.11 f
  usint_ext_mult_9/holdl_delay_reg_23_/D (DFKCNQD1BWP40P140)
                                                          0.00       0.11 f
  data arrival time                                                  0.11

  clock clock_main (rise edge)                            0.00       0.00
  clock network delay (ideal)                             0.00       0.00
  clock uncertainty                                       0.10       0.10
  usint_ext_mult_9/holdl_delay_reg_23_/CP (DFKCNQD1BWP40P140)
                                                          0.00       0.10 r
  library hold time                                       0.02       0.12
  data required time                                                 0.12
  --------------------------------------------------------------------------
  data required time                                                 0.12
  data arrival time                                                 -0.11
  --------------------------------------------------------------------------
  slack (VIOLATED)                                                  -0.01


  Startpoint: REG_20_reg_23_
              (rising edge-triggered flip-flop clocked by clock_main)
  Endpoint: usint_ext_mult_10/holdl_delay_reg_23_
            (rising edge-triggered flip-flop clocked by clock_main)
  Path Group: clock_main
  Path Type: min

  Des/Clust/Port     Wire Load Model       Library
  ------------------------------------------------
  poly_fast_split_mult_kernel
                     ZeroWireload          tcbn28hpcplusbwp40p140hvtssg0p81vm40c_ccs
  usint_ext_mult_0_DW_mult_uns_J2_0_70
                     ZeroWireload          tcbn28hpcplusbwp40p140hvtssg0p81vm40c_ccs

  Point                                                   Incr       Path
  --------------------------------------------------------------------------
  clock clock_main (rise edge)                            0.00       0.00
  clock network delay (ideal)                             0.00       0.00
  REG_20_reg_23_/CP (DFQD1BWP40P140)                      0.00 #     0.00 r
  REG_20_reg_23_/Q (DFQD1BWP40P140)                       0.06       0.06 r
  usint_ext_mult_10/mult_x_1/U498/ZN (AOI221D1BWP40P140)
                                                          0.01       0.07 f
  usint_ext_mult_10/mult_x_1/U353/Z (XOR3UD1BWP40P140)
                                                          0.02       0.09 f
  usint_ext_mult_10/U4/ZN (INR2D1BWP40P140)               0.02       0.11 f
  usint_ext_mult_10/holdl_delay_reg_23_/D (DFKCNQD1BWP40P140)
                                                          0.00       0.11 f
  data arrival time                                                  0.11

  clock clock_main (rise edge)                            0.00       0.00
  clock network delay (ideal)                             0.00       0.00
  clock uncertainty                                       0.10       0.10
  usint_ext_mult_10/holdl_delay_reg_23_/CP (DFKCNQD1BWP40P140)
                                                          0.00       0.10 r
  library hold time                                       0.02       0.12
  data required time                                                 0.12
  --------------------------------------------------------------------------
  data required time                                                 0.12
  data arrival time                                                 -0.11
  --------------------------------------------------------------------------
  slack (VIOLATED)                                                  -0.01


  Startpoint: REG_22_reg_23_
              (rising edge-triggered flip-flop clocked by clock_main)
  Endpoint: usint_ext_mult_11/holdl_delay_reg_23_
            (rising edge-triggered flip-flop clocked by clock_main)
  Path Group: clock_main
  Path Type: min

  Des/Clust/Port     Wire Load Model       Library
  ------------------------------------------------
  poly_fast_split_mult_kernel
                     ZeroWireload          tcbn28hpcplusbwp40p140hvtssg0p81vm40c_ccs
  usint_ext_mult_0_DW_mult_uns_J2_0_69
                     ZeroWireload          tcbn28hpcplusbwp40p140hvtssg0p81vm40c_ccs

  Point                                                   Incr       Path
  --------------------------------------------------------------------------
  clock clock_main (rise edge)                            0.00       0.00
  clock network delay (ideal)                             0.00       0.00
  REG_22_reg_23_/CP (DFQD1BWP40P140)                      0.00 #     0.00 r
  REG_22_reg_23_/Q (DFQD1BWP40P140)                       0.06       0.06 r
  usint_ext_mult_11/mult_x_1/U504/ZN (AOI221D1BWP40P140)
                                                          0.01       0.07 f
  usint_ext_mult_11/mult_x_1/U360/Z (XOR3UD1BWP40P140)
                                                          0.02       0.09 f
  usint_ext_mult_11/U4/ZN (INR2D1BWP40P140)               0.02       0.11 f
  usint_ext_mult_11/holdl_delay_reg_23_/D (DFKCNQD1BWP40P140)
                                                          0.00       0.11 f
  data arrival time                                                  0.11

  clock clock_main (rise edge)                            0.00       0.00
  clock network delay (ideal)                             0.00       0.00
  clock uncertainty                                       0.10       0.10
  usint_ext_mult_11/holdl_delay_reg_23_/CP (DFKCNQD1BWP40P140)
                                                          0.00       0.10 r
  library hold time                                       0.02       0.12
  data required time                                                 0.12
  --------------------------------------------------------------------------
  data required time                                                 0.12
  data arrival time                                                 -0.11
  --------------------------------------------------------------------------
  slack (VIOLATED)                                                  -0.01


  Startpoint: REG_24_reg_23_
              (rising edge-triggered flip-flop clocked by clock_main)
  Endpoint: usint_ext_mult_12/holdl_delay_reg_23_
            (rising edge-triggered flip-flop clocked by clock_main)
  Path Group: clock_main
  Path Type: min

  Des/Clust/Port     Wire Load Model       Library
  ------------------------------------------------
  poly_fast_split_mult_kernel
                     ZeroWireload          tcbn28hpcplusbwp40p140hvtssg0p81vm40c_ccs
  usint_ext_mult_0_DW_mult_uns_J2_0_68
                     ZeroWireload          tcbn28hpcplusbwp40p140hvtssg0p81vm40c_ccs

  Point                                                   Incr       Path
  --------------------------------------------------------------------------
  clock clock_main (rise edge)                            0.00       0.00
  clock network delay (ideal)                             0.00       0.00
  REG_24_reg_23_/CP (DFQD1BWP40P140)                      0.00 #     0.00 r
  REG_24_reg_23_/Q (DFQD1BWP40P140)                       0.06       0.06 r
  usint_ext_mult_12/mult_x_1/U499/ZN (AOI221D1BWP40P140)
                                                          0.01       0.07 f
  usint_ext_mult_12/mult_x_1/U354/Z (XOR3UD1BWP40P140)
                                                          0.02       0.09 f
  usint_ext_mult_12/U29/ZN (INR2D1BWP40P140)              0.02       0.11 f
  usint_ext_mult_12/holdl_delay_reg_23_/D (DFKCNQD1BWP40P140)
                                                          0.00       0.11 f
  data arrival time                                                  0.11

  clock clock_main (rise edge)                            0.00       0.00
  clock network delay (ideal)                             0.00       0.00
  clock uncertainty                                       0.10       0.10
  usint_ext_mult_12/holdl_delay_reg_23_/CP (DFKCNQD1BWP40P140)
                                                          0.00       0.10 r
  library hold time                                       0.02       0.12
  data required time                                                 0.12
  --------------------------------------------------------------------------
  data required time                                                 0.12
  data arrival time                                                 -0.11
  --------------------------------------------------------------------------
  slack (VIOLATED)                                                  -0.01


  Startpoint: REG_26_reg_23_
              (rising edge-triggered flip-flop clocked by clock_main)
  Endpoint: usint_ext_mult_13/holdl_delay_reg_23_
            (rising edge-triggered flip-flop clocked by clock_main)
  Path Group: clock_main
  Path Type: min

  Des/Clust/Port     Wire Load Model       Library
  ------------------------------------------------
  poly_fast_split_mult_kernel
                     ZeroWireload          tcbn28hpcplusbwp40p140hvtssg0p81vm40c_ccs
  usint_ext_mult_0_DW_mult_uns_J2_0_67
                     ZeroWireload          tcbn28hpcplusbwp40p140hvtssg0p81vm40c_ccs

  Point                                                   Incr       Path
  --------------------------------------------------------------------------
  clock clock_main (rise edge)                            0.00       0.00
  clock network delay (ideal)                             0.00       0.00
  REG_26_reg_23_/CP (DFQD1BWP40P140)                      0.00 #     0.00 r
  REG_26_reg_23_/Q (DFQD1BWP40P140)                       0.06       0.06 r
  usint_ext_mult_13/mult_x_1/U499/ZN (AOI221D1BWP40P140)
                                                          0.01       0.07 f
  usint_ext_mult_13/mult_x_1/U353/Z (XOR3UD1BWP40P140)
                                                          0.02       0.09 f
  usint_ext_mult_13/U4/ZN (INR2D1BWP40P140)               0.02       0.11 f
  usint_ext_mult_13/holdl_delay_reg_23_/D (DFKCNQD1BWP40P140)
                                                          0.00       0.11 f
  data arrival time                                                  0.11

  clock clock_main (rise edge)                            0.00       0.00
  clock network delay (ideal)                             0.00       0.00
  clock uncertainty                                       0.10       0.10
  usint_ext_mult_13/holdl_delay_reg_23_/CP (DFKCNQD1BWP40P140)
                                                          0.00       0.10 r
  library hold time                                       0.02       0.12
  data required time                                                 0.12
  --------------------------------------------------------------------------
  data required time                                                 0.12
  data arrival time                                                 -0.11
  --------------------------------------------------------------------------
  slack (VIOLATED)                                                  -0.01


  Startpoint: REG_28_reg_23_
              (rising edge-triggered flip-flop clocked by clock_main)
  Endpoint: usint_ext_mult_14/holdl_delay_reg_23_
            (rising edge-triggered flip-flop clocked by clock_main)
  Path Group: clock_main
  Path Type: min

  Des/Clust/Port     Wire Load Model       Library
  ------------------------------------------------
  poly_fast_split_mult_kernel
                     ZeroWireload          tcbn28hpcplusbwp40p140hvtssg0p81vm40c_ccs
  usint_ext_mult_0_DW_mult_uns_J2_0_66
                     ZeroWireload          tcbn28hpcplusbwp40p140hvtssg0p81vm40c_ccs

  Point                                                   Incr       Path
  --------------------------------------------------------------------------
  clock clock_main (rise edge)                            0.00       0.00
  clock network delay (ideal)                             0.00       0.00
  REG_28_reg_23_/CP (DFQD1BWP40P140)                      0.00 #     0.00 r
  REG_28_reg_23_/Q (DFQD1BWP40P140)                       0.06       0.06 r
  usint_ext_mult_14/mult_x_1/U504/ZN (AOI221D1BWP40P140)
                                                          0.01       0.07 f
  usint_ext_mult_14/mult_x_1/U361/Z (XOR3UD1BWP40P140)
                                                          0.02       0.09 f
  usint_ext_mult_14/U4/ZN (INR2D1BWP40P140)               0.02       0.11 f
  usint_ext_mult_14/holdl_delay_reg_23_/D (DFKCNQD1BWP40P140)
                                                          0.00       0.11 f
  data arrival time                                                  0.11

  clock clock_main (rise edge)                            0.00       0.00
  clock network delay (ideal)                             0.00       0.00
  clock uncertainty                                       0.10       0.10
  usint_ext_mult_14/holdl_delay_reg_23_/CP (DFKCNQD1BWP40P140)
                                                          0.00       0.10 r
  library hold time                                       0.02       0.12
  data required time                                                 0.12
  --------------------------------------------------------------------------
  data required time                                                 0.12
  data arrival time                                                 -0.11
  --------------------------------------------------------------------------
  slack (VIOLATED)                                                  -0.01


  Startpoint: REG_30_reg_23_
              (rising edge-triggered flip-flop clocked by clock_main)
  Endpoint: usint_ext_mult_15/holdl_delay_reg_23_
            (rising edge-triggered flip-flop clocked by clock_main)
  Path Group: clock_main
  Path Type: min

  Des/Clust/Port     Wire Load Model       Library
  ------------------------------------------------
  poly_fast_split_mult_kernel
                     ZeroWireload          tcbn28hpcplusbwp40p140hvtssg0p81vm40c_ccs
  usint_ext_mult_0_DW_mult_uns_J2_0_65
                     ZeroWireload          tcbn28hpcplusbwp40p140hvtssg0p81vm40c_ccs

  Point                                                   Incr       Path
  --------------------------------------------------------------------------
  clock clock_main (rise edge)                            0.00       0.00
  clock network delay (ideal)                             0.00       0.00
  REG_30_reg_23_/CP (DFQD1BWP40P140)                      0.00 #     0.00 r
  REG_30_reg_23_/Q (DFQD1BWP40P140)                       0.06       0.06 r
  usint_ext_mult_15/mult_x_1/U499/ZN (AOI221D1BWP40P140)
                                                          0.01       0.07 f
  usint_ext_mult_15/mult_x_1/U355/Z (XOR3UD1BWP40P140)
                                                          0.02       0.09 f
  usint_ext_mult_15/U28/ZN (INR2D1BWP40P140)              0.02       0.11 f
  usint_ext_mult_15/holdl_delay_reg_23_/D (DFKCNQD1BWP40P140)
                                                          0.00       0.11 f
  data arrival time                                                  0.11

  clock clock_main (rise edge)                            0.00       0.00
  clock network delay (ideal)                             0.00       0.00
  clock uncertainty                                       0.10       0.10
  usint_ext_mult_15/holdl_delay_reg_23_/CP (DFKCNQD1BWP40P140)
                                                          0.00       0.10 r
  library hold time                                       0.02       0.12
  data required time                                                 0.12
  --------------------------------------------------------------------------
  data required time                                                 0.12
  data arrival time                                                 -0.11
  --------------------------------------------------------------------------
  slack (VIOLATED)                                                  -0.01


  Startpoint: REG_32_reg_23_
              (rising edge-triggered flip-flop clocked by clock_main)
  Endpoint: usint_ext_mult_16/holdl_delay_reg_23_
            (rising edge-triggered flip-flop clocked by clock_main)
  Path Group: clock_main
  Path Type: min

  Des/Clust/Port     Wire Load Model       Library
  ------------------------------------------------
  poly_fast_split_mult_kernel
                     ZeroWireload          tcbn28hpcplusbwp40p140hvtssg0p81vm40c_ccs
  usint_ext_mult_0_DW_mult_uns_J2_0_64
                     ZeroWireload          tcbn28hpcplusbwp40p140hvtssg0p81vm40c_ccs

  Point                                                   Incr       Path
  --------------------------------------------------------------------------
  clock clock_main (rise edge)                            0.00       0.00
  clock network delay (ideal)                             0.00       0.00
  REG_32_reg_23_/CP (DFQD1BWP40P140)                      0.00 #     0.00 r
  REG_32_reg_23_/Q (DFQD1BWP40P140)                       0.06       0.06 r
  usint_ext_mult_16/mult_x_1/U504/ZN (AOI221D1BWP40P140)
                                                          0.01       0.07 f
  usint_ext_mult_16/mult_x_1/U360/Z (XOR3UD1BWP40P140)
                                                          0.02       0.09 f
  usint_ext_mult_16/U5/ZN (INR2D1BWP40P140)               0.02       0.11 f
  usint_ext_mult_16/holdl_delay_reg_23_/D (DFKCNQD1BWP40P140)
                                                          0.00       0.11 f
  data arrival time                                                  0.11

  clock clock_main (rise edge)                            0.00       0.00
  clock network delay (ideal)                             0.00       0.00
  clock uncertainty                                       0.10       0.10
  usint_ext_mult_16/holdl_delay_reg_23_/CP (DFKCNQD1BWP40P140)
                                                          0.00       0.10 r
  library hold time                                       0.02       0.12
  data required time                                                 0.12
  --------------------------------------------------------------------------
  data required time                                                 0.12
  data arrival time                                                 -0.11
  --------------------------------------------------------------------------
  slack (VIOLATED)                                                  -0.01


  Startpoint: REG_34_reg_23_
              (rising edge-triggered flip-flop clocked by clock_main)
  Endpoint: usint_ext_mult_17/holdl_delay_reg_23_
            (rising edge-triggered flip-flop clocked by clock_main)
  Path Group: clock_main
  Path Type: min

  Des/Clust/Port     Wire Load Model       Library
  ------------------------------------------------
  poly_fast_split_mult_kernel
                     ZeroWireload          tcbn28hpcplusbwp40p140hvtssg0p81vm40c_ccs
  usint_ext_mult_0_DW_mult_uns_J2_0_63
                     ZeroWireload          tcbn28hpcplusbwp40p140hvtssg0p81vm40c_ccs

  Point                                                   Incr       Path
  --------------------------------------------------------------------------
  clock clock_main (rise edge)                            0.00       0.00
  clock network delay (ideal)                             0.00       0.00
  REG_34_reg_23_/CP (DFQD1BWP40P140)                      0.00 #     0.00 r
  REG_34_reg_23_/Q (DFQD1BWP40P140)                       0.06       0.06 r
  usint_ext_mult_17/mult_x_1/U499/ZN (AOI221D1BWP40P140)
                                                          0.01       0.07 f
  usint_ext_mult_17/mult_x_1/U356/Z (XOR3UD1BWP40P140)
                                                          0.02       0.09 f
  usint_ext_mult_17/U5/ZN (INR2D1BWP40P140)               0.02       0.11 f
  usint_ext_mult_17/holdl_delay_reg_23_/D (DFKCNQD1BWP40P140)
                                                          0.00       0.11 f
  data arrival time                                                  0.11

  clock clock_main (rise edge)                            0.00       0.00
  clock network delay (ideal)                             0.00       0.00
  clock uncertainty                                       0.10       0.10
  usint_ext_mult_17/holdl_delay_reg_23_/CP (DFKCNQD1BWP40P140)
                                                          0.00       0.10 r
  library hold time                                       0.02       0.12
  data required time                                                 0.12
  --------------------------------------------------------------------------
  data required time                                                 0.12
  data arrival time                                                 -0.11
  --------------------------------------------------------------------------
  slack (VIOLATED)                                                  -0.01


  Startpoint: REG_36_reg_23_
              (rising edge-triggered flip-flop clocked by clock_main)
  Endpoint: usint_ext_mult_18/holdl_delay_reg_23_
            (rising edge-triggered flip-flop clocked by clock_main)
  Path Group: clock_main
  Path Type: min

  Des/Clust/Port     Wire Load Model       Library
  ------------------------------------------------
  poly_fast_split_mult_kernel
                     ZeroWireload          tcbn28hpcplusbwp40p140hvtssg0p81vm40c_ccs
  usint_ext_mult_0_DW_mult_uns_J2_0_62
                     ZeroWireload          tcbn28hpcplusbwp40p140hvtssg0p81vm40c_ccs

  Point                                                   Incr       Path
  --------------------------------------------------------------------------
  clock clock_main (rise edge)                            0.00       0.00
  clock network delay (ideal)                             0.00       0.00
  REG_36_reg_23_/CP (DFQD1BWP40P140)                      0.00 #     0.00 r
  REG_36_reg_23_/Q (DFQD1BWP40P140)                       0.06       0.06 r
  usint_ext_mult_18/mult_x_1/U500/ZN (AOI221D1BWP40P140)
                                                          0.01       0.07 f
  usint_ext_mult_18/mult_x_1/U356/Z (XOR3UD1BWP40P140)
                                                          0.02       0.09 f
  usint_ext_mult_18/U28/ZN (INR2D1BWP40P140)              0.02       0.11 f
  usint_ext_mult_18/holdl_delay_reg_23_/D (DFKCNQD1BWP40P140)
                                                          0.00       0.11 f
  data arrival time                                                  0.11

  clock clock_main (rise edge)                            0.00       0.00
  clock network delay (ideal)                             0.00       0.00
  clock uncertainty                                       0.10       0.10
  usint_ext_mult_18/holdl_delay_reg_23_/CP (DFKCNQD1BWP40P140)
                                                          0.00       0.10 r
  library hold time                                       0.02       0.12
  data required time                                                 0.12
  --------------------------------------------------------------------------
  data required time                                                 0.12
  data arrival time                                                 -0.11
  --------------------------------------------------------------------------
  slack (VIOLATED)                                                  -0.01


  Startpoint: REG_38_reg_23_
              (rising edge-triggered flip-flop clocked by clock_main)
  Endpoint: usint_ext_mult_19/holdl_delay_reg_23_
            (rising edge-triggered flip-flop clocked by clock_main)
  Path Group: clock_main
  Path Type: min

  Des/Clust/Port     Wire Load Model       Library
  ------------------------------------------------
  poly_fast_split_mult_kernel
                     ZeroWireload          tcbn28hpcplusbwp40p140hvtssg0p81vm40c_ccs
  usint_ext_mult_0_DW_mult_uns_J2_0_61
                     ZeroWireload          tcbn28hpcplusbwp40p140hvtssg0p81vm40c_ccs

  Point                                                   Incr       Path
  --------------------------------------------------------------------------
  clock clock_main (rise edge)                            0.00       0.00
  clock network delay (ideal)                             0.00       0.00
  REG_38_reg_23_/CP (DFQD1BWP40P140)                      0.00 #     0.00 r
  REG_38_reg_23_/Q (DFQD1BWP40P140)                       0.06       0.06 r
  usint_ext_mult_19/mult_x_1/U499/ZN (AOI221D1BWP40P140)
                                                          0.01       0.07 f
  usint_ext_mult_19/mult_x_1/U359/Z (XOR3UD1BWP40P140)
                                                          0.02       0.09 f
  usint_ext_mult_19/U5/ZN (INR2D1BWP40P140)               0.02       0.11 f
  usint_ext_mult_19/holdl_delay_reg_23_/D (DFKCNQD1BWP40P140)
                                                          0.00       0.11 f
  data arrival time                                                  0.11

  clock clock_main (rise edge)                            0.00       0.00
  clock network delay (ideal)                             0.00       0.00
  clock uncertainty                                       0.10       0.10
  usint_ext_mult_19/holdl_delay_reg_23_/CP (DFKCNQD1BWP40P140)
                                                          0.00       0.10 r
  library hold time                                       0.02       0.12
  data required time                                                 0.12
  --------------------------------------------------------------------------
  data required time                                                 0.12
  data arrival time                                                 -0.11
  --------------------------------------------------------------------------
  slack (VIOLATED)                                                  -0.01


  Startpoint: REG_40_reg_23_
              (rising edge-triggered flip-flop clocked by clock_main)
  Endpoint: usint_ext_mult_20/holdl_delay_reg_23_
            (rising edge-triggered flip-flop clocked by clock_main)
  Path Group: clock_main
  Path Type: min

  Des/Clust/Port     Wire Load Model       Library
  ------------------------------------------------
  poly_fast_split_mult_kernel
                     ZeroWireload          tcbn28hpcplusbwp40p140hvtssg0p81vm40c_ccs
  usint_ext_mult_0_DW_mult_uns_J2_0_60
                     ZeroWireload          tcbn28hpcplusbwp40p140hvtssg0p81vm40c_ccs

  Point                                                   Incr       Path
  --------------------------------------------------------------------------
  clock clock_main (rise edge)                            0.00       0.00
  clock network delay (ideal)                             0.00       0.00
  REG_40_reg_23_/CP (DFQD1BWP40P140)                      0.00 #     0.00 r
  REG_40_reg_23_/Q (DFQD1BWP40P140)                       0.06       0.06 r
  usint_ext_mult_20/mult_x_1/U499/ZN (AOI221D1BWP40P140)
                                                          0.01       0.07 f
  usint_ext_mult_20/mult_x_1/U351/Z (XOR3UD1BWP40P140)
                                                          0.02       0.09 f
  usint_ext_mult_20/U5/ZN (INR2D1BWP40P140)               0.02       0.11 f
  usint_ext_mult_20/holdl_delay_reg_23_/D (DFKCNQD1BWP40P140)
                                                          0.00       0.11 f
  data arrival time                                                  0.11

  clock clock_main (rise edge)                            0.00       0.00
  clock network delay (ideal)                             0.00       0.00
  clock uncertainty                                       0.10       0.10
  usint_ext_mult_20/holdl_delay_reg_23_/CP (DFKCNQD1BWP40P140)
                                                          0.00       0.10 r
  library hold time                                       0.02       0.12
  data required time                                                 0.12
  --------------------------------------------------------------------------
  data required time                                                 0.12
  data arrival time                                                 -0.11
  --------------------------------------------------------------------------
  slack (VIOLATED)                                                  -0.01


  Startpoint: REG_42_reg_23_
              (rising edge-triggered flip-flop clocked by clock_main)
  Endpoint: usint_ext_mult_21/holdl_delay_reg_23_
            (rising edge-triggered flip-flop clocked by clock_main)
  Path Group: clock_main
  Path Type: min

  Des/Clust/Port     Wire Load Model       Library
  ------------------------------------------------
  poly_fast_split_mult_kernel
                     ZeroWireload          tcbn28hpcplusbwp40p140hvtssg0p81vm40c_ccs
  usint_ext_mult_0_DW_mult_uns_J2_0_59
                     ZeroWireload          tcbn28hpcplusbwp40p140hvtssg0p81vm40c_ccs

  Point                                                   Incr       Path
  --------------------------------------------------------------------------
  clock clock_main (rise edge)                            0.00       0.00
  clock network delay (ideal)                             0.00       0.00
  REG_42_reg_23_/CP (DFQD1BWP40P140)                      0.00 #     0.00 r
  REG_42_reg_23_/Q (DFQD1BWP40P140)                       0.06       0.06 r
  usint_ext_mult_21/mult_x_1/U503/ZN (AOI221D1BWP40P140)
                                                          0.01       0.07 f
  usint_ext_mult_21/mult_x_1/U358/Z (XOR3UD1BWP40P140)
                                                          0.02       0.09 f
  usint_ext_mult_21/U28/ZN (INR2D1BWP40P140)              0.02       0.11 f
  usint_ext_mult_21/holdl_delay_reg_23_/D (DFKCNQD1BWP40P140)
                                                          0.00       0.11 f
  data arrival time                                                  0.11

  clock clock_main (rise edge)                            0.00       0.00
  clock network delay (ideal)                             0.00       0.00
  clock uncertainty                                       0.10       0.10
  usint_ext_mult_21/holdl_delay_reg_23_/CP (DFKCNQD1BWP40P140)
                                                          0.00       0.10 r
  library hold time                                       0.02       0.12
  data required time                                                 0.12
  --------------------------------------------------------------------------
  data required time                                                 0.12
  data arrival time                                                 -0.11
  --------------------------------------------------------------------------
  slack (VIOLATED)                                                  -0.01


  Startpoint: REG_44_reg_23_
              (rising edge-triggered flip-flop clocked by clock_main)
  Endpoint: usint_ext_mult_22/holdl_delay_reg_23_
            (rising edge-triggered flip-flop clocked by clock_main)
  Path Group: clock_main
  Path Type: min

  Des/Clust/Port     Wire Load Model       Library
  ------------------------------------------------
  poly_fast_split_mult_kernel
                     ZeroWireload          tcbn28hpcplusbwp40p140hvtssg0p81vm40c_ccs
  usint_ext_mult_0_DW_mult_uns_J2_0_58
                     ZeroWireload          tcbn28hpcplusbwp40p140hvtssg0p81vm40c_ccs

  Point                                                   Incr       Path
  --------------------------------------------------------------------------
  clock clock_main (rise edge)                            0.00       0.00
  clock network delay (ideal)                             0.00       0.00
  REG_44_reg_23_/CP (DFQD1BWP40P140)                      0.00 #     0.00 r
  REG_44_reg_23_/Q (DFQD1BWP40P140)                       0.06       0.06 r
  usint_ext_mult_22/mult_x_1/U500/ZN (AOI221D1BWP40P140)
                                                          0.01       0.07 f
  usint_ext_mult_22/mult_x_1/U360/Z (XOR3UD1BWP40P140)
                                                          0.02       0.09 f
  usint_ext_mult_22/U5/ZN (INR2D1BWP40P140)               0.02       0.11 f
  usint_ext_mult_22/holdl_delay_reg_23_/D (DFKCNQD1BWP40P140)
                                                          0.00       0.11 f
  data arrival time                                                  0.11

  clock clock_main (rise edge)                            0.00       0.00
  clock network delay (ideal)                             0.00       0.00
  clock uncertainty                                       0.10       0.10
  usint_ext_mult_22/holdl_delay_reg_23_/CP (DFKCNQD1BWP40P140)
                                                          0.00       0.10 r
  library hold time                                       0.02       0.12
  data required time                                                 0.12
  --------------------------------------------------------------------------
  data required time                                                 0.12
  data arrival time                                                 -0.11
  --------------------------------------------------------------------------
  slack (VIOLATED)                                                  -0.01


  Startpoint: REG_46_reg_23_
              (rising edge-triggered flip-flop clocked by clock_main)
  Endpoint: usint_ext_mult_23/holdl_delay_reg_23_
            (rising edge-triggered flip-flop clocked by clock_main)
  Path Group: clock_main
  Path Type: min

  Des/Clust/Port     Wire Load Model       Library
  ------------------------------------------------
  poly_fast_split_mult_kernel
                     ZeroWireload          tcbn28hpcplusbwp40p140hvtssg0p81vm40c_ccs
  usint_ext_mult_0_DW_mult_uns_J2_0_57
                     ZeroWireload          tcbn28hpcplusbwp40p140hvtssg0p81vm40c_ccs

  Point                                                   Incr       Path
  --------------------------------------------------------------------------
  clock clock_main (rise edge)                            0.00       0.00
  clock network delay (ideal)                             0.00       0.00
  REG_46_reg_23_/CP (DFQD1BWP40P140)                      0.00 #     0.00 r
  REG_46_reg_23_/Q (DFQD1BWP40P140)                       0.06       0.06 r
  usint_ext_mult_23/mult_x_1/U499/ZN (AOI221D1BWP40P140)
                                                          0.01       0.07 f
  usint_ext_mult_23/mult_x_1/U353/Z (XOR3UD1BWP40P140)
                                                          0.02       0.09 f
  usint_ext_mult_23/U5/ZN (INR2D1BWP40P140)               0.02       0.11 f
  usint_ext_mult_23/holdl_delay_reg_23_/D (DFKCNQD1BWP40P140)
                                                          0.00       0.11 f
  data arrival time                                                  0.11

  clock clock_main (rise edge)                            0.00       0.00
  clock network delay (ideal)                             0.00       0.00
  clock uncertainty                                       0.10       0.10
  usint_ext_mult_23/holdl_delay_reg_23_/CP (DFKCNQD1BWP40P140)
                                                          0.00       0.10 r
  library hold time                                       0.02       0.12
  data required time                                                 0.12
  --------------------------------------------------------------------------
  data required time                                                 0.12
  data arrival time                                                 -0.11
  --------------------------------------------------------------------------
  slack (VIOLATED)                                                  -0.01


  Startpoint: REG_48_reg_23_
              (rising edge-triggered flip-flop clocked by clock_main)
  Endpoint: usint_ext_mult_24/holdl_delay_reg_23_
            (rising edge-triggered flip-flop clocked by clock_main)
  Path Group: clock_main
  Path Type: min

  Des/Clust/Port     Wire Load Model       Library
  ------------------------------------------------
  poly_fast_split_mult_kernel
                     ZeroWireload          tcbn28hpcplusbwp40p140hvtssg0p81vm40c_ccs
  usint_ext_mult_0_DW_mult_uns_J2_0_56
                     ZeroWireload          tcbn28hpcplusbwp40p140hvtssg0p81vm40c_ccs

  Point                                                   Incr       Path
  --------------------------------------------------------------------------
  clock clock_main (rise edge)                            0.00       0.00
  clock network delay (ideal)                             0.00       0.00
  REG_48_reg_23_/CP (DFQD1BWP40P140)                      0.00 #     0.00 r
  REG_48_reg_23_/Q (DFQD1BWP40P140)                       0.06       0.06 r
  usint_ext_mult_24/mult_x_1/U501/ZN (AOI221D1BWP40P140)
                                                          0.01       0.07 f
  usint_ext_mult_24/mult_x_1/U362/Z (XOR3UD1BWP40P140)
                                                          0.02       0.09 f
  usint_ext_mult_24/U28/ZN (INR2D1BWP40P140)              0.02       0.11 f
  usint_ext_mult_24/holdl_delay_reg_23_/D (DFKCNQD1BWP40P140)
                                                          0.00       0.11 f
  data arrival time                                                  0.11

  clock clock_main (rise edge)                            0.00       0.00
  clock network delay (ideal)                             0.00       0.00
  clock uncertainty                                       0.10       0.10
  usint_ext_mult_24/holdl_delay_reg_23_/CP (DFKCNQD1BWP40P140)
                                                          0.00       0.10 r
  library hold time                                       0.02       0.12
  data required time                                                 0.12
  --------------------------------------------------------------------------
  data required time                                                 0.12
  data arrival time                                                 -0.11
  --------------------------------------------------------------------------
  slack (VIOLATED)                                                  -0.01


  Startpoint: REG_50_reg_23_
              (rising edge-triggered flip-flop clocked by clock_main)
  Endpoint: usint_ext_mult_25/holdl_delay_reg_23_
            (rising edge-triggered flip-flop clocked by clock_main)
  Path Group: clock_main
  Path Type: min

  Des/Clust/Port     Wire Load Model       Library
  ------------------------------------------------
  poly_fast_split_mult_kernel
                     ZeroWireload          tcbn28hpcplusbwp40p140hvtssg0p81vm40c_ccs
  usint_ext_mult_0_DW_mult_uns_J2_0_55
                     ZeroWireload          tcbn28hpcplusbwp40p140hvtssg0p81vm40c_ccs

  Point                                                   Incr       Path
  --------------------------------------------------------------------------
  clock clock_main (rise edge)                            0.00       0.00
  clock network delay (ideal)                             0.00       0.00
  REG_50_reg_23_/CP (DFQD1BWP40P140)                      0.00 #     0.00 r
  REG_50_reg_23_/Q (DFQD1BWP40P140)                       0.06       0.06 r
  usint_ext_mult_25/mult_x_1/U500/ZN (AOI221D1BWP40P140)
                                                          0.01       0.07 f
  usint_ext_mult_25/mult_x_1/U355/Z (XOR3UD1BWP40P140)
                                                          0.02       0.09 f
  usint_ext_mult_25/U5/ZN (INR2D1BWP40P140)               0.02       0.11 f
  usint_ext_mult_25/holdl_delay_reg_23_/D (DFKCNQD1BWP40P140)
                                                          0.00       0.11 f
  data arrival time                                                  0.11

  clock clock_main (rise edge)                            0.00       0.00
  clock network delay (ideal)                             0.00       0.00
  clock uncertainty                                       0.10       0.10
  usint_ext_mult_25/holdl_delay_reg_23_/CP (DFKCNQD1BWP40P140)
                                                          0.00       0.10 r
  library hold time                                       0.02       0.12
  data required time                                                 0.12
  --------------------------------------------------------------------------
  data required time                                                 0.12
  data arrival time                                                 -0.11
  --------------------------------------------------------------------------
  slack (VIOLATED)                                                  -0.01


  Startpoint: REG_52_reg_23_
              (rising edge-triggered flip-flop clocked by clock_main)
  Endpoint: usint_ext_mult_26/holdl_delay_reg_23_
            (rising edge-triggered flip-flop clocked by clock_main)
  Path Group: clock_main
  Path Type: min

  Des/Clust/Port     Wire Load Model       Library
  ------------------------------------------------
  poly_fast_split_mult_kernel
                     ZeroWireload          tcbn28hpcplusbwp40p140hvtssg0p81vm40c_ccs
  usint_ext_mult_0_DW_mult_uns_J2_0_54
                     ZeroWireload          tcbn28hpcplusbwp40p140hvtssg0p81vm40c_ccs

  Point                                                   Incr       Path
  --------------------------------------------------------------------------
  clock clock_main (rise edge)                            0.00       0.00
  clock network delay (ideal)                             0.00       0.00
  REG_52_reg_23_/CP (DFQD1BWP40P140)                      0.00 #     0.00 r
  REG_52_reg_23_/Q (DFQD1BWP40P140)                       0.06       0.06 r
  usint_ext_mult_26/mult_x_1/U504/ZN (AOI221D1BWP40P140)
                                                          0.01       0.07 f
  usint_ext_mult_26/mult_x_1/U357/Z (XOR3UD1BWP40P140)
                                                          0.02       0.09 f
  usint_ext_mult_26/U5/ZN (INR2D1BWP40P140)               0.02       0.11 f
  usint_ext_mult_26/holdl_delay_reg_23_/D (DFKCNQD1BWP40P140)
                                                          0.00       0.11 f
  data arrival time                                                  0.11

  clock clock_main (rise edge)                            0.00       0.00
  clock network delay (ideal)                             0.00       0.00
  clock uncertainty                                       0.10       0.10
  usint_ext_mult_26/holdl_delay_reg_23_/CP (DFKCNQD1BWP40P140)
                                                          0.00       0.10 r
  library hold time                                       0.02       0.12
  data required time                                                 0.12
  --------------------------------------------------------------------------
  data required time                                                 0.12
  data arrival time                                                 -0.11
  --------------------------------------------------------------------------
  slack (VIOLATED)                                                  -0.01


  Startpoint: REG_54_reg_23_
              (rising edge-triggered flip-flop clocked by clock_main)
  Endpoint: usint_ext_mult_27/holdl_delay_reg_23_
            (rising edge-triggered flip-flop clocked by clock_main)
  Path Group: clock_main
  Path Type: min

  Des/Clust/Port     Wire Load Model       Library
  ------------------------------------------------
  poly_fast_split_mult_kernel
                     ZeroWireload          tcbn28hpcplusbwp40p140hvtssg0p81vm40c_ccs
  usint_ext_mult_0_DW_mult_uns_J2_0_53
                     ZeroWireload          tcbn28hpcplusbwp40p140hvtssg0p81vm40c_ccs

  Point                                                   Incr       Path
  --------------------------------------------------------------------------
  clock clock_main (rise edge)                            0.00       0.00
  clock network delay (ideal)                             0.00       0.00
  REG_54_reg_23_/CP (DFQD1BWP40P140)                      0.00 #     0.00 r
  REG_54_reg_23_/Q (DFQD1BWP40P140)                       0.06       0.06 r
  usint_ext_mult_27/mult_x_1/U498/ZN (AOI221D1BWP40P140)
                                                          0.01       0.07 f
  usint_ext_mult_27/mult_x_1/U359/Z (XOR3UD1BWP40P140)
                                                          0.02       0.09 f
  usint_ext_mult_27/U29/ZN (INR2D1BWP40P140)              0.02       0.11 f
  usint_ext_mult_27/holdl_delay_reg_23_/D (DFKCNQD1BWP40P140)
                                                          0.00       0.11 f
  data arrival time                                                  0.11

  clock clock_main (rise edge)                            0.00       0.00
  clock network delay (ideal)                             0.00       0.00
  clock uncertainty                                       0.10       0.10
  usint_ext_mult_27/holdl_delay_reg_23_/CP (DFKCNQD1BWP40P140)
                                                          0.00       0.10 r
  library hold time                                       0.02       0.12
  data required time                                                 0.12
  --------------------------------------------------------------------------
  data required time                                                 0.12
  data arrival time                                                 -0.11
  --------------------------------------------------------------------------
  slack (VIOLATED)                                                  -0.01


  Startpoint: REG_56_reg_23_
              (rising edge-triggered flip-flop clocked by clock_main)
  Endpoint: usint_ext_mult_28/holdl_delay_reg_23_
            (rising edge-triggered flip-flop clocked by clock_main)
  Path Group: clock_main
  Path Type: min

  Des/Clust/Port     Wire Load Model       Library
  ------------------------------------------------
  poly_fast_split_mult_kernel
                     ZeroWireload          tcbn28hpcplusbwp40p140hvtssg0p81vm40c_ccs
  usint_ext_mult_0_DW_mult_uns_J2_0_52
                     ZeroWireload          tcbn28hpcplusbwp40p140hvtssg0p81vm40c_ccs

  Point                                                   Incr       Path
  --------------------------------------------------------------------------
  clock clock_main (rise edge)                            0.00       0.00
  clock network delay (ideal)                             0.00       0.00
  REG_56_reg_23_/CP (DFQD1BWP40P140)                      0.00 #     0.00 r
  REG_56_reg_23_/Q (DFQD1BWP40P140)                       0.06       0.06 r
  usint_ext_mult_28/mult_x_1/U499/ZN (AOI221D1BWP40P140)
                                                          0.01       0.07 f
  usint_ext_mult_28/mult_x_1/U353/Z (XOR3UD1BWP40P140)
                                                          0.02       0.09 f
  usint_ext_mult_28/U4/ZN (INR2D1BWP40P140)               0.02       0.11 f
  usint_ext_mult_28/holdl_delay_reg_23_/D (DFKCNQD1BWP40P140)
                                                          0.00       0.11 f
  data arrival time                                                  0.11

  clock clock_main (rise edge)                            0.00       0.00
  clock network delay (ideal)                             0.00       0.00
  clock uncertainty                                       0.10       0.10
  usint_ext_mult_28/holdl_delay_reg_23_/CP (DFKCNQD1BWP40P140)
                                                          0.00       0.10 r
  library hold time                                       0.02       0.12
  data required time                                                 0.12
  --------------------------------------------------------------------------
  data required time                                                 0.12
  data arrival time                                                 -0.11
  --------------------------------------------------------------------------
  slack (VIOLATED)                                                  -0.01


  Startpoint: REG_58_reg_23_
              (rising edge-triggered flip-flop clocked by clock_main)
  Endpoint: usint_ext_mult_29/holdl_delay_reg_23_
            (rising edge-triggered flip-flop clocked by clock_main)
  Path Group: clock_main
  Path Type: min

  Des/Clust/Port     Wire Load Model       Library
  ------------------------------------------------
  poly_fast_split_mult_kernel
                     ZeroWireload          tcbn28hpcplusbwp40p140hvtssg0p81vm40c_ccs
  usint_ext_mult_0_DW_mult_uns_J2_0_51
                     ZeroWireload          tcbn28hpcplusbwp40p140hvtssg0p81vm40c_ccs

  Point                                                   Incr       Path
  --------------------------------------------------------------------------
  clock clock_main (rise edge)                            0.00       0.00
  clock network delay (ideal)                             0.00       0.00
  REG_58_reg_23_/CP (DFQD1BWP40P140)                      0.00 #     0.00 r
  REG_58_reg_23_/Q (DFQD1BWP40P140)                       0.06       0.06 r
  usint_ext_mult_29/mult_x_1/U501/ZN (AOI221D1BWP40P140)
                                                          0.01       0.07 f
  usint_ext_mult_29/mult_x_1/U353/Z (XOR3UD1BWP40P140)
                                                          0.02       0.09 f
  usint_ext_mult_29/U4/ZN (INR2D1BWP40P140)               0.02       0.11 f
  usint_ext_mult_29/holdl_delay_reg_23_/D (DFKCNQD1BWP40P140)
                                                          0.00       0.11 f
  data arrival time                                                  0.11

  clock clock_main (rise edge)                            0.00       0.00
  clock network delay (ideal)                             0.00       0.00
  clock uncertainty                                       0.10       0.10
  usint_ext_mult_29/holdl_delay_reg_23_/CP (DFKCNQD1BWP40P140)
                                                          0.00       0.10 r
  library hold time                                       0.02       0.12
  data required time                                                 0.12
  --------------------------------------------------------------------------
  data required time                                                 0.12
  data arrival time                                                 -0.11
  --------------------------------------------------------------------------
  slack (VIOLATED)                                                  -0.01


  Startpoint: REG_60_reg_23_
              (rising edge-triggered flip-flop clocked by clock_main)
  Endpoint: usint_ext_mult_30/holdl_delay_reg_23_
            (rising edge-triggered flip-flop clocked by clock_main)
  Path Group: clock_main
  Path Type: min

  Des/Clust/Port     Wire Load Model       Library
  ------------------------------------------------
  poly_fast_split_mult_kernel
                     ZeroWireload          tcbn28hpcplusbwp40p140hvtssg0p81vm40c_ccs
  usint_ext_mult_0_DW_mult_uns_J2_0_50
                     ZeroWireload          tcbn28hpcplusbwp40p140hvtssg0p81vm40c_ccs

  Point                                                   Incr       Path
  --------------------------------------------------------------------------
  clock clock_main (rise edge)                            0.00       0.00
  clock network delay (ideal)                             0.00       0.00
  REG_60_reg_23_/CP (DFQD1BWP40P140)                      0.00 #     0.00 r
  REG_60_reg_23_/Q (DFQD1BWP40P140)                       0.06       0.06 r
  usint_ext_mult_30/mult_x_1/U499/ZN (AOI221D1BWP40P140)
                                                          0.01       0.07 f
  usint_ext_mult_30/mult_x_1/U355/Z (XOR3UD1BWP40P140)
                                                          0.02       0.09 f
  usint_ext_mult_30/U29/ZN (INR2D1BWP40P140)              0.02       0.11 f
  usint_ext_mult_30/holdl_delay_reg_23_/D (DFKCNQD1BWP40P140)
                                                          0.00       0.11 f
  data arrival time                                                  0.11

  clock clock_main (rise edge)                            0.00       0.00
  clock network delay (ideal)                             0.00       0.00
  clock uncertainty                                       0.10       0.10
  usint_ext_mult_30/holdl_delay_reg_23_/CP (DFKCNQD1BWP40P140)
                                                          0.00       0.10 r
  library hold time                                       0.02       0.12
  data required time                                                 0.12
  --------------------------------------------------------------------------
  data required time                                                 0.12
  data arrival time                                                 -0.11
  --------------------------------------------------------------------------
  slack (VIOLATED)                                                  -0.01


  Startpoint: REG_62_reg_23_
              (rising edge-triggered flip-flop clocked by clock_main)
  Endpoint: usint_ext_mult_31/holdl_delay_reg_23_
            (rising edge-triggered flip-flop clocked by clock_main)
  Path Group: clock_main
  Path Type: min

  Des/Clust/Port     Wire Load Model       Library
  ------------------------------------------------
  poly_fast_split_mult_kernel
                     ZeroWireload          tcbn28hpcplusbwp40p140hvtssg0p81vm40c_ccs
  usint_ext_mult_0_DW_mult_uns_J2_0_49
                     ZeroWireload          tcbn28hpcplusbwp40p140hvtssg0p81vm40c_ccs

  Point                                                   Incr       Path
  --------------------------------------------------------------------------
  clock clock_main (rise edge)                            0.00       0.00
  clock network delay (ideal)                             0.00       0.00
  REG_62_reg_23_/CP (DFQD1BWP40P140)                      0.00 #     0.00 r
  REG_62_reg_23_/Q (DFQD1BWP40P140)                       0.06       0.06 r
  usint_ext_mult_31/mult_x_1/U500/ZN (AOI221D1BWP40P140)
                                                          0.01       0.07 f
  usint_ext_mult_31/mult_x_1/U356/Z (XOR3UD1BWP40P140)
                                                          0.02       0.09 f
  usint_ext_mult_31/U4/ZN (INR2D1BWP40P140)               0.02       0.11 f
  usint_ext_mult_31/holdl_delay_reg_23_/D (DFKCNQD1BWP40P140)
                                                          0.00       0.11 f
  data arrival time                                                  0.11

  clock clock_main (rise edge)                            0.00       0.00
  clock network delay (ideal)                             0.00       0.00
  clock uncertainty                                       0.10       0.10
  usint_ext_mult_31/holdl_delay_reg_23_/CP (DFKCNQD1BWP40P140)
                                                          0.00       0.10 r
  library hold time                                       0.02       0.12
  data required time                                                 0.12
  --------------------------------------------------------------------------
  data required time                                                 0.12
  data arrival time                                                 -0.11
  --------------------------------------------------------------------------
  slack (VIOLATED)                                                  -0.01


  Startpoint: REG_64_reg_23_
              (rising edge-triggered flip-flop clocked by clock_main)
  Endpoint: usint_ext_mult_32/holdl_delay_reg_23_
            (rising edge-triggered flip-flop clocked by clock_main)
  Path Group: clock_main
  Path Type: min

  Des/Clust/Port     Wire Load Model       Library
  ------------------------------------------------
  poly_fast_split_mult_kernel
                     ZeroWireload          tcbn28hpcplusbwp40p140hvtssg0p81vm40c_ccs
  usint_ext_mult_0_DW_mult_uns_J2_0_48
                     ZeroWireload          tcbn28hpcplusbwp40p140hvtssg0p81vm40c_ccs

  Point                                                   Incr       Path
  --------------------------------------------------------------------------
  clock clock_main (rise edge)                            0.00       0.00
  clock network delay (ideal)                             0.00       0.00
  REG_64_reg_23_/CP (DFQD1BWP40P140)                      0.00 #     0.00 r
  REG_64_reg_23_/Q (DFQD1BWP40P140)                       0.06       0.06 r
  usint_ext_mult_32/mult_x_1/U498/ZN (AOI221D1BWP40P140)
                                                          0.01       0.07 f
  usint_ext_mult_32/mult_x_1/U353/Z (XOR3UD1BWP40P140)
                                                          0.02       0.09 f
  usint_ext_mult_32/U4/ZN (INR2D1BWP40P140)               0.02       0.11 f
  usint_ext_mult_32/holdl_delay_reg_23_/D (DFKCNQD1BWP40P140)
                                                          0.00       0.11 f
  data arrival time                                                  0.11

  clock clock_main (rise edge)                            0.00       0.00
  clock network delay (ideal)                             0.00       0.00
  clock uncertainty                                       0.10       0.10
  usint_ext_mult_32/holdl_delay_reg_23_/CP (DFKCNQD1BWP40P140)
                                                          0.00       0.10 r
  library hold time                                       0.02       0.12
  data required time                                                 0.12
  --------------------------------------------------------------------------
  data required time                                                 0.12
  data arrival time                                                 -0.11
  --------------------------------------------------------------------------
  slack (VIOLATED)                                                  -0.01


  Startpoint: REG_66_reg_23_
              (rising edge-triggered flip-flop clocked by clock_main)
  Endpoint: usint_ext_mult_33/holdl_delay_reg_23_
            (rising edge-triggered flip-flop clocked by clock_main)
  Path Group: clock_main
  Path Type: min

  Des/Clust/Port     Wire Load Model       Library
  ------------------------------------------------
  poly_fast_split_mult_kernel
                     ZeroWireload          tcbn28hpcplusbwp40p140hvtssg0p81vm40c_ccs
  usint_ext_mult_0_DW_mult_uns_J2_0_47
                     ZeroWireload          tcbn28hpcplusbwp40p140hvtssg0p81vm40c_ccs

  Point                                                   Incr       Path
  --------------------------------------------------------------------------
  clock clock_main (rise edge)                            0.00       0.00
  clock network delay (ideal)                             0.00       0.00
  REG_66_reg_23_/CP (DFQD1BWP40P140)                      0.00 #     0.00 r
  REG_66_reg_23_/Q (DFQD1BWP40P140)                       0.06       0.06 r
  usint_ext_mult_33/mult_x_1/U498/ZN (AOI221D1BWP40P140)
                                                          0.01       0.07 f
  usint_ext_mult_33/mult_x_1/U357/Z (XOR3UD1BWP40P140)
                                                          0.02       0.09 f
  usint_ext_mult_33/U28/ZN (INR2D1BWP40P140)              0.02       0.11 f
  usint_ext_mult_33/holdl_delay_reg_23_/D (DFKCNQD1BWP40P140)
                                                          0.00       0.11 f
  data arrival time                                                  0.11

  clock clock_main (rise edge)                            0.00       0.00
  clock network delay (ideal)                             0.00       0.00
  clock uncertainty                                       0.10       0.10
  usint_ext_mult_33/holdl_delay_reg_23_/CP (DFKCNQD1BWP40P140)
                                                          0.00       0.10 r
  library hold time                                       0.02       0.12
  data required time                                                 0.12
  --------------------------------------------------------------------------
  data required time                                                 0.12
  data arrival time                                                 -0.11
  --------------------------------------------------------------------------
  slack (VIOLATED)                                                  -0.01


  Startpoint: REG_68_reg_23_
              (rising edge-triggered flip-flop clocked by clock_main)
  Endpoint: usint_ext_mult_34/holdl_delay_reg_23_
            (rising edge-triggered flip-flop clocked by clock_main)
  Path Group: clock_main
  Path Type: min

  Des/Clust/Port     Wire Load Model       Library
  ------------------------------------------------
  poly_fast_split_mult_kernel
                     ZeroWireload          tcbn28hpcplusbwp40p140hvtssg0p81vm40c_ccs
  usint_ext_mult_0_DW_mult_uns_J2_0_46
                     ZeroWireload          tcbn28hpcplusbwp40p140hvtssg0p81vm40c_ccs

  Point                                                   Incr       Path
  --------------------------------------------------------------------------
  clock clock_main (rise edge)                            0.00       0.00
  clock network delay (ideal)                             0.00       0.00
  REG_68_reg_23_/CP (DFQD1BWP40P140)                      0.00 #     0.00 r
  REG_68_reg_23_/Q (DFQD1BWP40P140)                       0.06       0.06 r
  usint_ext_mult_34/mult_x_1/U501/ZN (AOI221D1BWP40P140)
                                                          0.01       0.07 f
  usint_ext_mult_34/mult_x_1/U354/Z (XOR3UD1BWP40P140)
                                                          0.02       0.09 f
  usint_ext_mult_34/U5/ZN (INR2D1BWP40P140)               0.02       0.11 f
  usint_ext_mult_34/holdl_delay_reg_23_/D (DFKCNQD1BWP40P140)
                                                          0.00       0.11 f
  data arrival time                                                  0.11

  clock clock_main (rise edge)                            0.00       0.00
  clock network delay (ideal)                             0.00       0.00
  clock uncertainty                                       0.10       0.10
  usint_ext_mult_34/holdl_delay_reg_23_/CP (DFKCNQD1BWP40P140)
                                                          0.00       0.10 r
  library hold time                                       0.02       0.12
  data required time                                                 0.12
  --------------------------------------------------------------------------
  data required time                                                 0.12
  data arrival time                                                 -0.11
  --------------------------------------------------------------------------
  slack (VIOLATED)                                                  -0.01


  Startpoint: REG_70_reg_23_
              (rising edge-triggered flip-flop clocked by clock_main)
  Endpoint: usint_ext_mult_35/holdl_delay_reg_23_
            (rising edge-triggered flip-flop clocked by clock_main)
  Path Group: clock_main
  Path Type: min

  Des/Clust/Port     Wire Load Model       Library
  ------------------------------------------------
  poly_fast_split_mult_kernel
                     ZeroWireload          tcbn28hpcplusbwp40p140hvtssg0p81vm40c_ccs
  usint_ext_mult_0_DW_mult_uns_J2_0_45
                     ZeroWireload          tcbn28hpcplusbwp40p140hvtssg0p81vm40c_ccs

  Point                                                   Incr       Path
  --------------------------------------------------------------------------
  clock clock_main (rise edge)                            0.00       0.00
  clock network delay (ideal)                             0.00       0.00
  REG_70_reg_23_/CP (DFQD1BWP40P140)                      0.00 #     0.00 r
  REG_70_reg_23_/Q (DFQD1BWP40P140)                       0.06       0.06 r
  usint_ext_mult_35/mult_x_1/U499/ZN (AOI221D1BWP40P140)
                                                          0.01       0.07 f
  usint_ext_mult_35/mult_x_1/U358/Z (XOR3UD1BWP40P140)
                                                          0.02       0.09 f
  usint_ext_mult_35/U5/ZN (INR2D1BWP40P140)               0.02       0.11 f
  usint_ext_mult_35/holdl_delay_reg_23_/D (DFKCNQD1BWP40P140)
                                                          0.00       0.11 f
  data arrival time                                                  0.11

  clock clock_main (rise edge)                            0.00       0.00
  clock network delay (ideal)                             0.00       0.00
  clock uncertainty                                       0.10       0.10
  usint_ext_mult_35/holdl_delay_reg_23_/CP (DFKCNQD1BWP40P140)
                                                          0.00       0.10 r
  library hold time                                       0.02       0.12
  data required time                                                 0.12
  --------------------------------------------------------------------------
  data required time                                                 0.12
  data arrival time                                                 -0.11
  --------------------------------------------------------------------------
  slack (VIOLATED)                                                  -0.01


  Startpoint: REG_72_reg_23_
              (rising edge-triggered flip-flop clocked by clock_main)
  Endpoint: usint_ext_mult_36/holdl_delay_reg_23_
            (rising edge-triggered flip-flop clocked by clock_main)
  Path Group: clock_main
  Path Type: min

  Des/Clust/Port     Wire Load Model       Library
  ------------------------------------------------
  poly_fast_split_mult_kernel
                     ZeroWireload          tcbn28hpcplusbwp40p140hvtssg0p81vm40c_ccs
  usint_ext_mult_0_DW_mult_uns_J2_0_44
                     ZeroWireload          tcbn28hpcplusbwp40p140hvtssg0p81vm40c_ccs

  Point                                                   Incr       Path
  --------------------------------------------------------------------------
  clock clock_main (rise edge)                            0.00       0.00
  clock network delay (ideal)                             0.00       0.00
  REG_72_reg_23_/CP (DFQD1BWP40P140)                      0.00 #     0.00 r
  REG_72_reg_23_/Q (DFQD1BWP40P140)                       0.06       0.06 r
  usint_ext_mult_36/mult_x_1/U499/ZN (AOI221D1BWP40P140)
                                                          0.01       0.07 f
  usint_ext_mult_36/mult_x_1/U354/Z (XOR3UD1BWP40P140)
                                                          0.02       0.09 f
  usint_ext_mult_36/U29/ZN (INR2D1BWP40P140)              0.02       0.11 f
  usint_ext_mult_36/holdl_delay_reg_23_/D (DFKCNQD1BWP40P140)
                                                          0.00       0.11 f
  data arrival time                                                  0.11

  clock clock_main (rise edge)                            0.00       0.00
  clock network delay (ideal)                             0.00       0.00
  clock uncertainty                                       0.10       0.10
  usint_ext_mult_36/holdl_delay_reg_23_/CP (DFKCNQD1BWP40P140)
                                                          0.00       0.10 r
  library hold time                                       0.02       0.12
  data required time                                                 0.12
  --------------------------------------------------------------------------
  data required time                                                 0.12
  data arrival time                                                 -0.11
  --------------------------------------------------------------------------
  slack (VIOLATED)                                                  -0.01


  Startpoint: REG_74_reg_23_
              (rising edge-triggered flip-flop clocked by clock_main)
  Endpoint: usint_ext_mult_37/holdl_delay_reg_23_
            (rising edge-triggered flip-flop clocked by clock_main)
  Path Group: clock_main
  Path Type: min

  Des/Clust/Port     Wire Load Model       Library
  ------------------------------------------------
  poly_fast_split_mult_kernel
                     ZeroWireload          tcbn28hpcplusbwp40p140hvtssg0p81vm40c_ccs
  usint_ext_mult_0_DW_mult_uns_J2_0_43
                     ZeroWireload          tcbn28hpcplusbwp40p140hvtssg0p81vm40c_ccs

  Point                                                   Incr       Path
  --------------------------------------------------------------------------
  clock clock_main (rise edge)                            0.00       0.00
  clock network delay (ideal)                             0.00       0.00
  REG_74_reg_23_/CP (DFQD1BWP40P140)                      0.00 #     0.00 r
  REG_74_reg_23_/Q (DFQD1BWP40P140)                       0.06       0.06 r
  usint_ext_mult_37/mult_x_1/U499/ZN (AOI221D1BWP40P140)
                                                          0.01       0.07 f
  usint_ext_mult_37/mult_x_1/U351/Z (XOR3UD1BWP40P140)
                                                          0.02       0.09 f
  usint_ext_mult_37/U4/ZN (INR2D1BWP40P140)               0.02       0.11 f
  usint_ext_mult_37/holdl_delay_reg_23_/D (DFKCNQD1BWP40P140)
                                                          0.00       0.11 f
  data arrival time                                                  0.11

  clock clock_main (rise edge)                            0.00       0.00
  clock network delay (ideal)                             0.00       0.00
  clock uncertainty                                       0.10       0.10
  usint_ext_mult_37/holdl_delay_reg_23_/CP (DFKCNQD1BWP40P140)
                                                          0.00       0.10 r
  library hold time                                       0.02       0.12
  data required time                                                 0.12
  --------------------------------------------------------------------------
  data required time                                                 0.12
  data arrival time                                                 -0.11
  --------------------------------------------------------------------------
  slack (VIOLATED)                                                  -0.01


  Startpoint: REG_76_reg_23_
              (rising edge-triggered flip-flop clocked by clock_main)
  Endpoint: usint_ext_mult_38/holdl_delay_reg_23_
            (rising edge-triggered flip-flop clocked by clock_main)
  Path Group: clock_main
  Path Type: min

  Des/Clust/Port     Wire Load Model       Library
  ------------------------------------------------
  poly_fast_split_mult_kernel
                     ZeroWireload          tcbn28hpcplusbwp40p140hvtssg0p81vm40c_ccs
  usint_ext_mult_0_DW_mult_uns_J2_0_42
                     ZeroWireload          tcbn28hpcplusbwp40p140hvtssg0p81vm40c_ccs

  Point                                                   Incr       Path
  --------------------------------------------------------------------------
  clock clock_main (rise edge)                            0.00       0.00
  clock network delay (ideal)                             0.00       0.00
  REG_76_reg_23_/CP (DFQD1BWP40P140)                      0.00 #     0.00 r
  REG_76_reg_23_/Q (DFQD1BWP40P140)                       0.06       0.06 r
  usint_ext_mult_38/mult_x_1/U504/ZN (AOI221D1BWP40P140)
                                                          0.01       0.07 f
  usint_ext_mult_38/mult_x_1/U362/Z (XOR3UD1BWP40P140)
                                                          0.02       0.09 f
  usint_ext_mult_38/U4/ZN (INR2D1BWP40P140)               0.02       0.11 f
  usint_ext_mult_38/holdl_delay_reg_23_/D (DFKCNQD1BWP40P140)
                                                          0.00       0.11 f
  data arrival time                                                  0.11

  clock clock_main (rise edge)                            0.00       0.00
  clock network delay (ideal)                             0.00       0.00
  clock uncertainty                                       0.10       0.10
  usint_ext_mult_38/holdl_delay_reg_23_/CP (DFKCNQD1BWP40P140)
                                                          0.00       0.10 r
  library hold time                                       0.02       0.12
  data required time                                                 0.12
  --------------------------------------------------------------------------
  data required time                                                 0.12
  data arrival time                                                 -0.11
  --------------------------------------------------------------------------
  slack (VIOLATED)                                                  -0.01


  Startpoint: REG_78_reg_23_
              (rising edge-triggered flip-flop clocked by clock_main)
  Endpoint: usint_ext_mult_39/holdl_delay_reg_23_
            (rising edge-triggered flip-flop clocked by clock_main)
  Path Group: clock_main
  Path Type: min

  Des/Clust/Port     Wire Load Model       Library
  ------------------------------------------------
  poly_fast_split_mult_kernel
                     ZeroWireload          tcbn28hpcplusbwp40p140hvtssg0p81vm40c_ccs
  usint_ext_mult_0_DW_mult_uns_J2_0_41
                     ZeroWireload          tcbn28hpcplusbwp40p140hvtssg0p81vm40c_ccs

  Point                                                   Incr       Path
  --------------------------------------------------------------------------
  clock clock_main (rise edge)                            0.00       0.00
  clock network delay (ideal)                             0.00       0.00
  REG_78_reg_23_/CP (DFQD1BWP40P140)                      0.00 #     0.00 r
  REG_78_reg_23_/Q (DFQD1BWP40P140)                       0.06       0.06 r
  usint_ext_mult_39/mult_x_1/U500/ZN (AOI221D1BWP40P140)
                                                          0.01       0.07 f
  usint_ext_mult_39/mult_x_1/U356/Z (XOR3UD1BWP40P140)
                                                          0.02       0.09 f
  usint_ext_mult_39/U29/ZN (INR2D1BWP40P140)              0.02       0.11 f
  usint_ext_mult_39/holdl_delay_reg_23_/D (DFKCNQD1BWP40P140)
                                                          0.00       0.11 f
  data arrival time                                                  0.11

  clock clock_main (rise edge)                            0.00       0.00
  clock network delay (ideal)                             0.00       0.00
  clock uncertainty                                       0.10       0.10
  usint_ext_mult_39/holdl_delay_reg_23_/CP (DFKCNQD1BWP40P140)
                                                          0.00       0.10 r
  library hold time                                       0.02       0.12
  data required time                                                 0.12
  --------------------------------------------------------------------------
  data required time                                                 0.12
  data arrival time                                                 -0.11
  --------------------------------------------------------------------------
  slack (VIOLATED)                                                  -0.01


  Startpoint: REG_80_reg_23_
              (rising edge-triggered flip-flop clocked by clock_main)
  Endpoint: usint_ext_mult_40/holdl_delay_reg_23_
            (rising edge-triggered flip-flop clocked by clock_main)
  Path Group: clock_main
  Path Type: min

  Des/Clust/Port     Wire Load Model       Library
  ------------------------------------------------
  poly_fast_split_mult_kernel
                     ZeroWireload          tcbn28hpcplusbwp40p140hvtssg0p81vm40c_ccs
  usint_ext_mult_0_DW_mult_uns_J2_0_40
                     ZeroWireload          tcbn28hpcplusbwp40p140hvtssg0p81vm40c_ccs

  Point                                                   Incr       Path
  --------------------------------------------------------------------------
  clock clock_main (rise edge)                            0.00       0.00
  clock network delay (ideal)                             0.00       0.00
  REG_80_reg_23_/CP (DFQD1BWP40P140)                      0.00 #     0.00 r
  REG_80_reg_23_/Q (DFQD1BWP40P140)                       0.06       0.06 r
  usint_ext_mult_40/mult_x_1/U501/ZN (AOI221D1BWP40P140)
                                                          0.01       0.07 f
  usint_ext_mult_40/mult_x_1/U355/Z (XOR3UD1BWP40P140)
                                                          0.02       0.09 f
  usint_ext_mult_40/U4/ZN (INR2D1BWP40P140)               0.02       0.11 f
  usint_ext_mult_40/holdl_delay_reg_23_/D (DFKCNQD1BWP40P140)
                                                          0.00       0.11 f
  data arrival time                                                  0.11

  clock clock_main (rise edge)                            0.00       0.00
  clock network delay (ideal)                             0.00       0.00
  clock uncertainty                                       0.10       0.10
  usint_ext_mult_40/holdl_delay_reg_23_/CP (DFKCNQD1BWP40P140)
                                                          0.00       0.10 r
  library hold time                                       0.02       0.12
  data required time                                                 0.12
  --------------------------------------------------------------------------
  data required time                                                 0.12
  data arrival time                                                 -0.11
  --------------------------------------------------------------------------
  slack (VIOLATED)                                                  -0.01


  Startpoint: REG_82_reg_23_
              (rising edge-triggered flip-flop clocked by clock_main)
  Endpoint: usint_ext_mult_41/holdl_delay_reg_23_
            (rising edge-triggered flip-flop clocked by clock_main)
  Path Group: clock_main
  Path Type: min

  Des/Clust/Port     Wire Load Model       Library
  ------------------------------------------------
  poly_fast_split_mult_kernel
                     ZeroWireload          tcbn28hpcplusbwp40p140hvtssg0p81vm40c_ccs
  usint_ext_mult_0_DW_mult_uns_J2_0_39
                     ZeroWireload          tcbn28hpcplusbwp40p140hvtssg0p81vm40c_ccs

  Point                                                   Incr       Path
  --------------------------------------------------------------------------
  clock clock_main (rise edge)                            0.00       0.00
  clock network delay (ideal)                             0.00       0.00
  REG_82_reg_23_/CP (DFQD1BWP40P140)                      0.00 #     0.00 r
  REG_82_reg_23_/Q (DFQD1BWP40P140)                       0.06       0.06 r
  usint_ext_mult_41/mult_x_1/U503/ZN (AOI221D1BWP40P140)
                                                          0.01       0.07 f
  usint_ext_mult_41/mult_x_1/U355/Z (XOR3UD1BWP40P140)
                                                          0.02       0.09 f
  usint_ext_mult_41/U4/ZN (INR2D1BWP40P140)               0.02       0.11 f
  usint_ext_mult_41/holdl_delay_reg_23_/D (DFKCNQD1BWP40P140)
                                                          0.00       0.11 f
  data arrival time                                                  0.11

  clock clock_main (rise edge)                            0.00       0.00
  clock network delay (ideal)                             0.00       0.00
  clock uncertainty                                       0.10       0.10
  usint_ext_mult_41/holdl_delay_reg_23_/CP (DFKCNQD1BWP40P140)
                                                          0.00       0.10 r
  library hold time                                       0.02       0.12
  data required time                                                 0.12
  --------------------------------------------------------------------------
  data required time                                                 0.12
  data arrival time                                                 -0.11
  --------------------------------------------------------------------------
  slack (VIOLATED)                                                  -0.01


  Startpoint: REG_84_reg_23_
              (rising edge-triggered flip-flop clocked by clock_main)
  Endpoint: usint_ext_mult_42/holdl_delay_reg_23_
            (rising edge-triggered flip-flop clocked by clock_main)
  Path Group: clock_main
  Path Type: min

  Des/Clust/Port     Wire Load Model       Library
  ------------------------------------------------
  poly_fast_split_mult_kernel
                     ZeroWireload          tcbn28hpcplusbwp40p140hvtssg0p81vm40c_ccs
  usint_ext_mult_0_DW_mult_uns_J2_0_38
                     ZeroWireload          tcbn28hpcplusbwp40p140hvtssg0p81vm40c_ccs

  Point                                                   Incr       Path
  --------------------------------------------------------------------------
  clock clock_main (rise edge)                            0.00       0.00
  clock network delay (ideal)                             0.00       0.00
  REG_84_reg_23_/CP (DFQD1BWP40P140)                      0.00 #     0.00 r
  REG_84_reg_23_/Q (DFQD1BWP40P140)                       0.06       0.06 r
  usint_ext_mult_42/mult_x_1/U500/ZN (AOI221D1BWP40P140)
                                                          0.01       0.07 f
  usint_ext_mult_42/mult_x_1/U351/Z (XOR3UD1BWP40P140)
                                                          0.02       0.09 f
  usint_ext_mult_42/U28/ZN (INR2D1BWP40P140)              0.02       0.11 f
  usint_ext_mult_42/holdl_delay_reg_23_/D (DFKCNQD1BWP40P140)
                                                          0.00       0.11 f
  data arrival time                                                  0.11

  clock clock_main (rise edge)                            0.00       0.00
  clock network delay (ideal)                             0.00       0.00
  clock uncertainty                                       0.10       0.10
  usint_ext_mult_42/holdl_delay_reg_23_/CP (DFKCNQD1BWP40P140)
                                                          0.00       0.10 r
  library hold time                                       0.02       0.12
  data required time                                                 0.12
  --------------------------------------------------------------------------
  data required time                                                 0.12
  data arrival time                                                 -0.11
  --------------------------------------------------------------------------
  slack (VIOLATED)                                                  -0.01


  Startpoint: REG_86_reg_23_
              (rising edge-triggered flip-flop clocked by clock_main)
  Endpoint: usint_ext_mult_43/holdl_delay_reg_23_
            (rising edge-triggered flip-flop clocked by clock_main)
  Path Group: clock_main
  Path Type: min

  Des/Clust/Port     Wire Load Model       Library
  ------------------------------------------------
  poly_fast_split_mult_kernel
                     ZeroWireload          tcbn28hpcplusbwp40p140hvtssg0p81vm40c_ccs
  usint_ext_mult_0_DW_mult_uns_J2_0_37
                     ZeroWireload          tcbn28hpcplusbwp40p140hvtssg0p81vm40c_ccs

  Point                                                   Incr       Path
  --------------------------------------------------------------------------
  clock clock_main (rise edge)                            0.00       0.00
  clock network delay (ideal)                             0.00       0.00
  REG_86_reg_23_/CP (DFQD1BWP40P140)                      0.00 #     0.00 r
  REG_86_reg_23_/Q (DFQD1BWP40P140)                       0.06       0.06 r
  usint_ext_mult_43/mult_x_1/U504/ZN (AOI221D1BWP40P140)
                                                          0.01       0.07 f
  usint_ext_mult_43/mult_x_1/U361/Z (XOR3UD1BWP40P140)
                                                          0.02       0.09 f
  usint_ext_mult_43/U5/ZN (INR2D1BWP40P140)               0.02       0.11 f
  usint_ext_mult_43/holdl_delay_reg_23_/D (DFKCNQD1BWP40P140)
                                                          0.00       0.11 f
  data arrival time                                                  0.11

  clock clock_main (rise edge)                            0.00       0.00
  clock network delay (ideal)                             0.00       0.00
  clock uncertainty                                       0.10       0.10
  usint_ext_mult_43/holdl_delay_reg_23_/CP (DFKCNQD1BWP40P140)
                                                          0.00       0.10 r
  library hold time                                       0.02       0.12
  data required time                                                 0.12
  --------------------------------------------------------------------------
  data required time                                                 0.12
  data arrival time                                                 -0.11
  --------------------------------------------------------------------------
  slack (VIOLATED)                                                  -0.01


  Startpoint: REG_88_reg_23_
              (rising edge-triggered flip-flop clocked by clock_main)
  Endpoint: usint_ext_mult_44/holdl_delay_reg_23_
            (rising edge-triggered flip-flop clocked by clock_main)
  Path Group: clock_main
  Path Type: min

  Des/Clust/Port     Wire Load Model       Library
  ------------------------------------------------
  poly_fast_split_mult_kernel
                     ZeroWireload          tcbn28hpcplusbwp40p140hvtssg0p81vm40c_ccs
  usint_ext_mult_0_DW_mult_uns_J2_0_36
                     ZeroWireload          tcbn28hpcplusbwp40p140hvtssg0p81vm40c_ccs

  Point                                                   Incr       Path
  --------------------------------------------------------------------------
  clock clock_main (rise edge)                            0.00       0.00
  clock network delay (ideal)                             0.00       0.00
  REG_88_reg_23_/CP (DFQD1BWP40P140)                      0.00 #     0.00 r
  REG_88_reg_23_/Q (DFQD1BWP40P140)                       0.06       0.06 r
  usint_ext_mult_44/mult_x_1/U499/ZN (AOI221D1BWP40P140)
                                                          0.01       0.07 f
  usint_ext_mult_44/mult_x_1/U359/Z (XOR3UD1BWP40P140)
                                                          0.02       0.09 f
  usint_ext_mult_44/U5/ZN (INR2D1BWP40P140)               0.02       0.11 f
  usint_ext_mult_44/holdl_delay_reg_23_/D (DFKCNQD1BWP40P140)
                                                          0.00       0.11 f
  data arrival time                                                  0.11

  clock clock_main (rise edge)                            0.00       0.00
  clock network delay (ideal)                             0.00       0.00
  clock uncertainty                                       0.10       0.10
  usint_ext_mult_44/holdl_delay_reg_23_/CP (DFKCNQD1BWP40P140)
                                                          0.00       0.10 r
  library hold time                                       0.02       0.12
  data required time                                                 0.12
  --------------------------------------------------------------------------
  data required time                                                 0.12
  data arrival time                                                 -0.11
  --------------------------------------------------------------------------
  slack (VIOLATED)                                                  -0.01


  Startpoint: REG_90_reg_23_
              (rising edge-triggered flip-flop clocked by clock_main)
  Endpoint: usint_ext_mult_45/holdl_delay_reg_23_
            (rising edge-triggered flip-flop clocked by clock_main)
  Path Group: clock_main
  Path Type: min

  Des/Clust/Port     Wire Load Model       Library
  ------------------------------------------------
  poly_fast_split_mult_kernel
                     ZeroWireload          tcbn28hpcplusbwp40p140hvtssg0p81vm40c_ccs
  usint_ext_mult_0_DW_mult_uns_J2_0_35
                     ZeroWireload          tcbn28hpcplusbwp40p140hvtssg0p81vm40c_ccs

  Point                                                   Incr       Path
  --------------------------------------------------------------------------
  clock clock_main (rise edge)                            0.00       0.00
  clock network delay (ideal)                             0.00       0.00
  REG_90_reg_23_/CP (DFQD1BWP40P140)                      0.00 #     0.00 r
  REG_90_reg_23_/Q (DFQD1BWP40P140)                       0.06       0.06 r
  usint_ext_mult_45/mult_x_1/U498/ZN (AOI221D1BWP40P140)
                                                          0.01       0.07 f
  usint_ext_mult_45/mult_x_1/U350/Z (XOR3UD1BWP40P140)
                                                          0.02       0.09 f
  usint_ext_mult_45/U28/ZN (INR2D1BWP40P140)              0.02       0.11 f
  usint_ext_mult_45/holdl_delay_reg_23_/D (DFKCNQD1BWP40P140)
                                                          0.00       0.11 f
  data arrival time                                                  0.11

  clock clock_main (rise edge)                            0.00       0.00
  clock network delay (ideal)                             0.00       0.00
  clock uncertainty                                       0.10       0.10
  usint_ext_mult_45/holdl_delay_reg_23_/CP (DFKCNQD1BWP40P140)
                                                          0.00       0.10 r
  library hold time                                       0.02       0.12
  data required time                                                 0.12
  --------------------------------------------------------------------------
  data required time                                                 0.12
  data arrival time                                                 -0.11
  --------------------------------------------------------------------------
  slack (VIOLATED)                                                  -0.01


  Startpoint: REG_92_reg_23_
              (rising edge-triggered flip-flop clocked by clock_main)
  Endpoint: usint_ext_mult_46/holdl_delay_reg_23_
            (rising edge-triggered flip-flop clocked by clock_main)
  Path Group: clock_main
  Path Type: min

  Des/Clust/Port     Wire Load Model       Library
  ------------------------------------------------
  poly_fast_split_mult_kernel
                     ZeroWireload          tcbn28hpcplusbwp40p140hvtssg0p81vm40c_ccs
  usint_ext_mult_0_DW_mult_uns_J2_0_34
                     ZeroWireload          tcbn28hpcplusbwp40p140hvtssg0p81vm40c_ccs

  Point                                                   Incr       Path
  --------------------------------------------------------------------------
  clock clock_main (rise edge)                            0.00       0.00
  clock network delay (ideal)                             0.00       0.00
  REG_92_reg_23_/CP (DFQD1BWP40P140)                      0.00 #     0.00 r
  REG_92_reg_23_/Q (DFQD1BWP40P140)                       0.06       0.06 r
  usint_ext_mult_46/mult_x_1/U499/ZN (AOI221D1BWP40P140)
                                                          0.01       0.07 f
  usint_ext_mult_46/mult_x_1/U360/Z (XOR3UD1BWP40P140)
                                                          0.02       0.09 f
  usint_ext_mult_46/U5/ZN (INR2D1BWP40P140)               0.02       0.11 f
  usint_ext_mult_46/holdl_delay_reg_23_/D (DFKCNQD1BWP40P140)
                                                          0.00       0.11 f
  data arrival time                                                  0.11

  clock clock_main (rise edge)                            0.00       0.00
  clock network delay (ideal)                             0.00       0.00
  clock uncertainty                                       0.10       0.10
  usint_ext_mult_46/holdl_delay_reg_23_/CP (DFKCNQD1BWP40P140)
                                                          0.00       0.10 r
  library hold time                                       0.02       0.12
  data required time                                                 0.12
  --------------------------------------------------------------------------
  data required time                                                 0.12
  data arrival time                                                 -0.11
  --------------------------------------------------------------------------
  slack (VIOLATED)                                                  -0.01


  Startpoint: REG_94_reg_23_
              (rising edge-triggered flip-flop clocked by clock_main)
  Endpoint: usint_ext_mult_47/holdl_delay_reg_23_
            (rising edge-triggered flip-flop clocked by clock_main)
  Path Group: clock_main
  Path Type: min

  Des/Clust/Port     Wire Load Model       Library
  ------------------------------------------------
  poly_fast_split_mult_kernel
                     ZeroWireload          tcbn28hpcplusbwp40p140hvtssg0p81vm40c_ccs
  usint_ext_mult_0_DW_mult_uns_J2_0_33
                     ZeroWireload          tcbn28hpcplusbwp40p140hvtssg0p81vm40c_ccs

  Point                                                   Incr       Path
  --------------------------------------------------------------------------
  clock clock_main (rise edge)                            0.00       0.00
  clock network delay (ideal)                             0.00       0.00
  REG_94_reg_23_/CP (DFQD1BWP40P140)                      0.00 #     0.00 r
  REG_94_reg_23_/Q (DFQD1BWP40P140)                       0.06       0.06 r
  usint_ext_mult_47/mult_x_1/U499/ZN (AOI221D1BWP40P140)
                                                          0.01       0.07 f
  usint_ext_mult_47/mult_x_1/U355/Z (XOR3UD1BWP40P140)
                                                          0.02       0.09 f
  usint_ext_mult_47/U5/ZN (INR2D1BWP40P140)               0.02       0.11 f
  usint_ext_mult_47/holdl_delay_reg_23_/D (DFKCNQD1BWP40P140)
                                                          0.00       0.11 f
  data arrival time                                                  0.11

  clock clock_main (rise edge)                            0.00       0.00
  clock network delay (ideal)                             0.00       0.00
  clock uncertainty                                       0.10       0.10
  usint_ext_mult_47/holdl_delay_reg_23_/CP (DFKCNQD1BWP40P140)
                                                          0.00       0.10 r
  library hold time                                       0.02       0.12
  data required time                                                 0.12
  --------------------------------------------------------------------------
  data required time                                                 0.12
  data arrival time                                                 -0.11
  --------------------------------------------------------------------------
  slack (VIOLATED)                                                  -0.01


  Startpoint: REG_96_reg_23_
              (rising edge-triggered flip-flop clocked by clock_main)
  Endpoint: usint_ext_mult_48/holdl_delay_reg_23_
            (rising edge-triggered flip-flop clocked by clock_main)
  Path Group: clock_main
  Path Type: min

  Des/Clust/Port     Wire Load Model       Library
  ------------------------------------------------
  poly_fast_split_mult_kernel
                     ZeroWireload          tcbn28hpcplusbwp40p140hvtssg0p81vm40c_ccs
  usint_ext_mult_0_DW_mult_uns_J2_0_32
                     ZeroWireload          tcbn28hpcplusbwp40p140hvtssg0p81vm40c_ccs

  Point                                                   Incr       Path
  --------------------------------------------------------------------------
  clock clock_main (rise edge)                            0.00       0.00
  clock network delay (ideal)                             0.00       0.00
  REG_96_reg_23_/CP (DFQD1BWP40P140)                      0.00 #     0.00 r
  REG_96_reg_23_/Q (DFQD1BWP40P140)                       0.06       0.06 r
  usint_ext_mult_48/mult_x_1/U503/ZN (AOI221D1BWP40P140)
                                                          0.01       0.07 f
  usint_ext_mult_48/mult_x_1/U357/Z (XOR3UD1BWP40P140)
                                                          0.02       0.09 f
  usint_ext_mult_48/U28/ZN (INR2D1BWP40P140)              0.02       0.11 f
  usint_ext_mult_48/holdl_delay_reg_23_/D (DFKCNQD1BWP40P140)
                                                          0.00       0.11 f
  data arrival time                                                  0.11

  clock clock_main (rise edge)                            0.00       0.00
  clock network delay (ideal)                             0.00       0.00
  clock uncertainty                                       0.10       0.10
  usint_ext_mult_48/holdl_delay_reg_23_/CP (DFKCNQD1BWP40P140)
                                                          0.00       0.10 r
  library hold time                                       0.02       0.12
  data required time                                                 0.12
  --------------------------------------------------------------------------
  data required time                                                 0.12
  data arrival time                                                 -0.11
  --------------------------------------------------------------------------
  slack (VIOLATED)                                                  -0.01


  Startpoint: REG_98_reg_23_
              (rising edge-triggered flip-flop clocked by clock_main)
  Endpoint: usint_ext_mult_49/holdl_delay_reg_23_
            (rising edge-triggered flip-flop clocked by clock_main)
  Path Group: clock_main
  Path Type: min

  Des/Clust/Port     Wire Load Model       Library
  ------------------------------------------------
  poly_fast_split_mult_kernel
                     ZeroWireload          tcbn28hpcplusbwp40p140hvtssg0p81vm40c_ccs
  usint_ext_mult_0_DW_mult_uns_J2_0_31
                     ZeroWireload          tcbn28hpcplusbwp40p140hvtssg0p81vm40c_ccs

  Point                                                   Incr       Path
  --------------------------------------------------------------------------
  clock clock_main (rise edge)                            0.00       0.00
  clock network delay (ideal)                             0.00       0.00
  REG_98_reg_23_/CP (DFQD1BWP40P140)                      0.00 #     0.00 r
  REG_98_reg_23_/Q (DFQD1BWP40P140)                       0.06       0.06 r
  usint_ext_mult_49/mult_x_1/U499/ZN (AOI221D1BWP40P140)
                                                          0.01       0.07 f
  usint_ext_mult_49/mult_x_1/U358/Z (XOR3UD1BWP40P140)
                                                          0.02       0.09 f
  usint_ext_mult_49/U5/ZN (INR2D1BWP40P140)               0.02       0.11 f
  usint_ext_mult_49/holdl_delay_reg_23_/D (DFKCNQD1BWP40P140)
                                                          0.00       0.11 f
  data arrival time                                                  0.11

  clock clock_main (rise edge)                            0.00       0.00
  clock network delay (ideal)                             0.00       0.00
  clock uncertainty                                       0.10       0.10
  usint_ext_mult_49/holdl_delay_reg_23_/CP (DFKCNQD1BWP40P140)
                                                          0.00       0.10 r
  library hold time                                       0.02       0.12
  data required time                                                 0.12
  --------------------------------------------------------------------------
  data required time                                                 0.12
  data arrival time                                                 -0.11
  --------------------------------------------------------------------------
  slack (VIOLATED)                                                  -0.01


  Startpoint: REG_100_reg_23_
              (rising edge-triggered flip-flop clocked by clock_main)
  Endpoint: usint_ext_mult_50/holdl_delay_reg_23_
            (rising edge-triggered flip-flop clocked by clock_main)
  Path Group: clock_main
  Path Type: min

  Des/Clust/Port     Wire Load Model       Library
  ------------------------------------------------
  poly_fast_split_mult_kernel
                     ZeroWireload          tcbn28hpcplusbwp40p140hvtssg0p81vm40c_ccs
  usint_ext_mult_0_DW_mult_uns_J2_0_30
                     ZeroWireload          tcbn28hpcplusbwp40p140hvtssg0p81vm40c_ccs

  Point                                                   Incr       Path
  --------------------------------------------------------------------------
  clock clock_main (rise edge)                            0.00       0.00
  clock network delay (ideal)                             0.00       0.00
  REG_100_reg_23_/CP (DFQD1BWP40P140)                     0.00 #     0.00 r
  REG_100_reg_23_/Q (DFQD1BWP40P140)                      0.06       0.06 r
  usint_ext_mult_50/mult_x_1/U501/ZN (AOI221D1BWP40P140)
                                                          0.01       0.07 f
  usint_ext_mult_50/mult_x_1/U357/Z (XOR3UD1BWP40P140)
                                                          0.02       0.09 f
  usint_ext_mult_50/U5/ZN (INR2D1BWP40P140)               0.02       0.11 f
  usint_ext_mult_50/holdl_delay_reg_23_/D (DFKCNQD1BWP40P140)
                                                          0.00       0.11 f
  data arrival time                                                  0.11

  clock clock_main (rise edge)                            0.00       0.00
  clock network delay (ideal)                             0.00       0.00
  clock uncertainty                                       0.10       0.10
  usint_ext_mult_50/holdl_delay_reg_23_/CP (DFKCNQD1BWP40P140)
                                                          0.00       0.10 r
  library hold time                                       0.02       0.12
  data required time                                                 0.12
  --------------------------------------------------------------------------
  data required time                                                 0.12
  data arrival time                                                 -0.11
  --------------------------------------------------------------------------
  slack (VIOLATED)                                                  -0.01


  Startpoint: REG_102_reg_23_
              (rising edge-triggered flip-flop clocked by clock_main)
  Endpoint: usint_ext_mult_51/holdl_delay_reg_23_
            (rising edge-triggered flip-flop clocked by clock_main)
  Path Group: clock_main
  Path Type: min

  Des/Clust/Port     Wire Load Model       Library
  ------------------------------------------------
  poly_fast_split_mult_kernel
                     ZeroWireload          tcbn28hpcplusbwp40p140hvtssg0p81vm40c_ccs
  usint_ext_mult_0_DW_mult_uns_J2_0_29
                     ZeroWireload          tcbn28hpcplusbwp40p140hvtssg0p81vm40c_ccs

  Point                                                   Incr       Path
  --------------------------------------------------------------------------
  clock clock_main (rise edge)                            0.00       0.00
  clock network delay (ideal)                             0.00       0.00
  REG_102_reg_23_/CP (DFQD1BWP40P140)                     0.00 #     0.00 r
  REG_102_reg_23_/Q (DFQD1BWP40P140)                      0.06       0.06 r
  usint_ext_mult_51/mult_x_1/U499/ZN (AOI221D1BWP40P140)
                                                          0.01       0.07 f
  usint_ext_mult_51/mult_x_1/U355/Z (XOR3UD1BWP40P140)
                                                          0.02       0.09 f
  usint_ext_mult_51/U28/ZN (INR2D1BWP40P140)              0.02       0.11 f
  usint_ext_mult_51/holdl_delay_reg_23_/D (DFKCNQD1BWP40P140)
                                                          0.00       0.11 f
  data arrival time                                                  0.11

  clock clock_main (rise edge)                            0.00       0.00
  clock network delay (ideal)                             0.00       0.00
  clock uncertainty                                       0.10       0.10
  usint_ext_mult_51/holdl_delay_reg_23_/CP (DFKCNQD1BWP40P140)
                                                          0.00       0.10 r
  library hold time                                       0.02       0.12
  data required time                                                 0.12
  --------------------------------------------------------------------------
  data required time                                                 0.12
  data arrival time                                                 -0.11
  --------------------------------------------------------------------------
  slack (VIOLATED)                                                  -0.01


  Startpoint: REG_104_reg_23_
              (rising edge-triggered flip-flop clocked by clock_main)
  Endpoint: usint_ext_mult_52/holdl_delay_reg_23_
            (rising edge-triggered flip-flop clocked by clock_main)
  Path Group: clock_main
  Path Type: min

  Des/Clust/Port     Wire Load Model       Library
  ------------------------------------------------
  poly_fast_split_mult_kernel
                     ZeroWireload          tcbn28hpcplusbwp40p140hvtssg0p81vm40c_ccs
  usint_ext_mult_0_DW_mult_uns_J2_0_28
                     ZeroWireload          tcbn28hpcplusbwp40p140hvtssg0p81vm40c_ccs

  Point                                                   Incr       Path
  --------------------------------------------------------------------------
  clock clock_main (rise edge)                            0.00       0.00
  clock network delay (ideal)                             0.00       0.00
  REG_104_reg_23_/CP (DFQD1BWP40P140)                     0.00 #     0.00 r
  REG_104_reg_23_/Q (DFQD1BWP40P140)                      0.06       0.06 r
  usint_ext_mult_52/mult_x_1/U499/ZN (AOI221D1BWP40P140)
                                                          0.01       0.07 f
  usint_ext_mult_52/mult_x_1/U355/Z (XOR3UD1BWP40P140)
                                                          0.02       0.09 f
  usint_ext_mult_52/U5/ZN (INR2D1BWP40P140)               0.02       0.11 f
  usint_ext_mult_52/holdl_delay_reg_23_/D (DFKCNQD1BWP40P140)
                                                          0.00       0.11 f
  data arrival time                                                  0.11

  clock clock_main (rise edge)                            0.00       0.00
  clock network delay (ideal)                             0.00       0.00
  clock uncertainty                                       0.10       0.10
  usint_ext_mult_52/holdl_delay_reg_23_/CP (DFKCNQD1BWP40P140)
                                                          0.00       0.10 r
  library hold time                                       0.02       0.12
  data required time                                                 0.12
  --------------------------------------------------------------------------
  data required time                                                 0.12
  data arrival time                                                 -0.11
  --------------------------------------------------------------------------
  slack (VIOLATED)                                                  -0.01


  Startpoint: REG_106_reg_23_
              (rising edge-triggered flip-flop clocked by clock_main)
  Endpoint: usint_ext_mult_53/holdl_delay_reg_23_
            (rising edge-triggered flip-flop clocked by clock_main)
  Path Group: clock_main
  Path Type: min

  Des/Clust/Port     Wire Load Model       Library
  ------------------------------------------------
  poly_fast_split_mult_kernel
                     ZeroWireload          tcbn28hpcplusbwp40p140hvtssg0p81vm40c_ccs
  usint_ext_mult_0_DW_mult_uns_J2_0_27
                     ZeroWireload          tcbn28hpcplusbwp40p140hvtssg0p81vm40c_ccs

  Point                                                   Incr       Path
  --------------------------------------------------------------------------
  clock clock_main (rise edge)                            0.00       0.00
  clock network delay (ideal)                             0.00       0.00
  REG_106_reg_23_/CP (DFQD1BWP40P140)                     0.00 #     0.00 r
  REG_106_reg_23_/Q (DFQD1BWP40P140)                      0.06       0.06 r
  usint_ext_mult_53/mult_x_1/U504/ZN (AOI221D1BWP40P140)
                                                          0.01       0.07 f
  usint_ext_mult_53/mult_x_1/U358/Z (XOR3UD1BWP40P140)
                                                          0.02       0.09 f
  usint_ext_mult_53/U5/ZN (INR2D1BWP40P140)               0.02       0.11 f
  usint_ext_mult_53/holdl_delay_reg_23_/D (DFKCNQD1BWP40P140)
                                                          0.00       0.11 f
  data arrival time                                                  0.11

  clock clock_main (rise edge)                            0.00       0.00
  clock network delay (ideal)                             0.00       0.00
  clock uncertainty                                       0.10       0.10
  usint_ext_mult_53/holdl_delay_reg_23_/CP (DFKCNQD1BWP40P140)
                                                          0.00       0.10 r
  library hold time                                       0.02       0.12
  data required time                                                 0.12
  --------------------------------------------------------------------------
  data required time                                                 0.12
  data arrival time                                                 -0.11
  --------------------------------------------------------------------------
  slack (VIOLATED)                                                  -0.01


  Startpoint: REG_108_reg_23_
              (rising edge-triggered flip-flop clocked by clock_main)
  Endpoint: usint_ext_mult_54/holdl_delay_reg_23_
            (rising edge-triggered flip-flop clocked by clock_main)
  Path Group: clock_main
  Path Type: min

  Des/Clust/Port     Wire Load Model       Library
  ------------------------------------------------
  poly_fast_split_mult_kernel
                     ZeroWireload          tcbn28hpcplusbwp40p140hvtssg0p81vm40c_ccs
  usint_ext_mult_0_DW_mult_uns_J2_0_26
                     ZeroWireload          tcbn28hpcplusbwp40p140hvtssg0p81vm40c_ccs

  Point                                                   Incr       Path
  --------------------------------------------------------------------------
  clock clock_main (rise edge)                            0.00       0.00
  clock network delay (ideal)                             0.00       0.00
  REG_108_reg_23_/CP (DFQD1BWP40P140)                     0.00 #     0.00 r
  REG_108_reg_23_/Q (DFQD1BWP40P140)                      0.06       0.06 r
  usint_ext_mult_54/mult_x_1/U500/ZN (AOI221D1BWP40P140)
                                                          0.01       0.07 f
  usint_ext_mult_54/mult_x_1/U359/Z (XOR3UD1BWP40P140)
                                                          0.02       0.09 f
  usint_ext_mult_54/U28/ZN (INR2D1BWP40P140)              0.02       0.11 f
  usint_ext_mult_54/holdl_delay_reg_23_/D (DFKCNQD1BWP40P140)
                                                          0.00       0.11 f
  data arrival time                                                  0.11

  clock clock_main (rise edge)                            0.00       0.00
  clock network delay (ideal)                             0.00       0.00
  clock uncertainty                                       0.10       0.10
  usint_ext_mult_54/holdl_delay_reg_23_/CP (DFKCNQD1BWP40P140)
                                                          0.00       0.10 r
  library hold time                                       0.02       0.12
  data required time                                                 0.12
  --------------------------------------------------------------------------
  data required time                                                 0.12
  data arrival time                                                 -0.11
  --------------------------------------------------------------------------
  slack (VIOLATED)                                                  -0.01


  Startpoint: REG_110_reg_23_
              (rising edge-triggered flip-flop clocked by clock_main)
  Endpoint: usint_ext_mult_55/holdl_delay_reg_23_
            (rising edge-triggered flip-flop clocked by clock_main)
  Path Group: clock_main
  Path Type: min

  Des/Clust/Port     Wire Load Model       Library
  ------------------------------------------------
  poly_fast_split_mult_kernel
                     ZeroWireload          tcbn28hpcplusbwp40p140hvtssg0p81vm40c_ccs
  usint_ext_mult_0_DW_mult_uns_J2_0_25
                     ZeroWireload          tcbn28hpcplusbwp40p140hvtssg0p81vm40c_ccs

  Point                                                   Incr       Path
  --------------------------------------------------------------------------
  clock clock_main (rise edge)                            0.00       0.00
  clock network delay (ideal)                             0.00       0.00
  REG_110_reg_23_/CP (DFQD1BWP40P140)                     0.00 #     0.00 r
  REG_110_reg_23_/Q (DFQD1BWP40P140)                      0.06       0.06 r
  usint_ext_mult_55/mult_x_1/U501/ZN (AOI221D1BWP40P140)
                                                          0.01       0.07 f
  usint_ext_mult_55/mult_x_1/U356/Z (XOR3UD1BWP40P140)
                                                          0.02       0.09 f
  usint_ext_mult_55/U5/ZN (INR2D1BWP40P140)               0.02       0.11 f
  usint_ext_mult_55/holdl_delay_reg_23_/D (DFKCNQD1BWP40P140)
                                                          0.00       0.11 f
  data arrival time                                                  0.11

  clock clock_main (rise edge)                            0.00       0.00
  clock network delay (ideal)                             0.00       0.00
  clock uncertainty                                       0.10       0.10
  usint_ext_mult_55/holdl_delay_reg_23_/CP (DFKCNQD1BWP40P140)
                                                          0.00       0.10 r
  library hold time                                       0.02       0.12
  data required time                                                 0.12
  --------------------------------------------------------------------------
  data required time                                                 0.12
  data arrival time                                                 -0.11
  --------------------------------------------------------------------------
  slack (VIOLATED)                                                  -0.01


  Startpoint: REG_112_reg_23_
              (rising edge-triggered flip-flop clocked by clock_main)
  Endpoint: usint_ext_mult_56/holdl_delay_reg_23_
            (rising edge-triggered flip-flop clocked by clock_main)
  Path Group: clock_main
  Path Type: min

  Des/Clust/Port     Wire Load Model       Library
  ------------------------------------------------
  poly_fast_split_mult_kernel
                     ZeroWireload          tcbn28hpcplusbwp40p140hvtssg0p81vm40c_ccs
  usint_ext_mult_0_DW_mult_uns_J2_0_24
                     ZeroWireload          tcbn28hpcplusbwp40p140hvtssg0p81vm40c_ccs

  Point                                                   Incr       Path
  --------------------------------------------------------------------------
  clock clock_main (rise edge)                            0.00       0.00
  clock network delay (ideal)                             0.00       0.00
  REG_112_reg_23_/CP (DFQD1BWP40P140)                     0.00 #     0.00 r
  REG_112_reg_23_/Q (DFQD1BWP40P140)                      0.06       0.06 r
  usint_ext_mult_56/mult_x_1/U498/ZN (AOI221D1BWP40P140)
                                                          0.01       0.07 f
  usint_ext_mult_56/mult_x_1/U359/Z (XOR3UD1BWP40P140)
                                                          0.02       0.09 f
  usint_ext_mult_56/U5/ZN (INR2D1BWP40P140)               0.02       0.11 f
  usint_ext_mult_56/holdl_delay_reg_23_/D (DFKCNQD1BWP40P140)
                                                          0.00       0.11 f
  data arrival time                                                  0.11

  clock clock_main (rise edge)                            0.00       0.00
  clock network delay (ideal)                             0.00       0.00
  clock uncertainty                                       0.10       0.10
  usint_ext_mult_56/holdl_delay_reg_23_/CP (DFKCNQD1BWP40P140)
                                                          0.00       0.10 r
  library hold time                                       0.02       0.12
  data required time                                                 0.12
  --------------------------------------------------------------------------
  data required time                                                 0.12
  data arrival time                                                 -0.11
  --------------------------------------------------------------------------
  slack (VIOLATED)                                                  -0.01


  Startpoint: REG_114_reg_23_
              (rising edge-triggered flip-flop clocked by clock_main)
  Endpoint: usint_ext_mult_57/holdl_delay_reg_23_
            (rising edge-triggered flip-flop clocked by clock_main)
  Path Group: clock_main
  Path Type: min

  Des/Clust/Port     Wire Load Model       Library
  ------------------------------------------------
  poly_fast_split_mult_kernel
                     ZeroWireload          tcbn28hpcplusbwp40p140hvtssg0p81vm40c_ccs
  usint_ext_mult_0_DW_mult_uns_J2_0_23
                     ZeroWireload          tcbn28hpcplusbwp40p140hvtssg0p81vm40c_ccs

  Point                                                   Incr       Path
  --------------------------------------------------------------------------
  clock clock_main (rise edge)                            0.00       0.00
  clock network delay (ideal)                             0.00       0.00
  REG_114_reg_23_/CP (DFQD1BWP40P140)                     0.00 #     0.00 r
  REG_114_reg_23_/Q (DFQD1BWP40P140)                      0.06       0.06 r
  usint_ext_mult_57/mult_x_1/U500/ZN (AOI221D1BWP40P140)
                                                          0.01       0.07 f
  usint_ext_mult_57/mult_x_1/U351/Z (XOR3UD1BWP40P140)
                                                          0.02       0.09 f
  usint_ext_mult_57/U28/ZN (INR2D1BWP40P140)              0.02       0.11 f
  usint_ext_mult_57/holdl_delay_reg_23_/D (DFKCNQD1BWP40P140)
                                                          0.00       0.11 f
  data arrival time                                                  0.11

  clock clock_main (rise edge)                            0.00       0.00
  clock network delay (ideal)                             0.00       0.00
  clock uncertainty                                       0.10       0.10
  usint_ext_mult_57/holdl_delay_reg_23_/CP (DFKCNQD1BWP40P140)
                                                          0.00       0.10 r
  library hold time                                       0.02       0.12
  data required time                                                 0.12
  --------------------------------------------------------------------------
  data required time                                                 0.12
  data arrival time                                                 -0.11
  --------------------------------------------------------------------------
  slack (VIOLATED)                                                  -0.01


  Startpoint: REG_116_reg_23_
              (rising edge-triggered flip-flop clocked by clock_main)
  Endpoint: usint_ext_mult_58/holdl_delay_reg_23_
            (rising edge-triggered flip-flop clocked by clock_main)
  Path Group: clock_main
  Path Type: min

  Des/Clust/Port     Wire Load Model       Library
  ------------------------------------------------
  poly_fast_split_mult_kernel
                     ZeroWireload          tcbn28hpcplusbwp40p140hvtssg0p81vm40c_ccs
  usint_ext_mult_0_DW_mult_uns_J2_0_22
                     ZeroWireload          tcbn28hpcplusbwp40p140hvtssg0p81vm40c_ccs

  Point                                                   Incr       Path
  --------------------------------------------------------------------------
  clock clock_main (rise edge)                            0.00       0.00
  clock network delay (ideal)                             0.00       0.00
  REG_116_reg_23_/CP (DFQD1BWP40P140)                     0.00 #     0.00 r
  REG_116_reg_23_/Q (DFQD1BWP40P140)                      0.06       0.06 r
  usint_ext_mult_58/mult_x_1/U504/ZN (AOI221D1BWP40P140)
                                                          0.01       0.07 f
  usint_ext_mult_58/mult_x_1/U361/Z (XOR3UD1BWP40P140)
                                                          0.02       0.09 f
  usint_ext_mult_58/U5/ZN (INR2D1BWP40P140)               0.02       0.11 f
  usint_ext_mult_58/holdl_delay_reg_23_/D (DFKCNQD1BWP40P140)
                                                          0.00       0.11 f
  data arrival time                                                  0.11

  clock clock_main (rise edge)                            0.00       0.00
  clock network delay (ideal)                             0.00       0.00
  clock uncertainty                                       0.10       0.10
  usint_ext_mult_58/holdl_delay_reg_23_/CP (DFKCNQD1BWP40P140)
                                                          0.00       0.10 r
  library hold time                                       0.02       0.12
  data required time                                                 0.12
  --------------------------------------------------------------------------
  data required time                                                 0.12
  data arrival time                                                 -0.11
  --------------------------------------------------------------------------
  slack (VIOLATED)                                                  -0.01


  Startpoint: REG_118_reg_23_
              (rising edge-triggered flip-flop clocked by clock_main)
  Endpoint: usint_ext_mult_59/holdl_delay_reg_23_
            (rising edge-triggered flip-flop clocked by clock_main)
  Path Group: clock_main
  Path Type: min

  Des/Clust/Port     Wire Load Model       Library
  ------------------------------------------------
  poly_fast_split_mult_kernel
                     ZeroWireload          tcbn28hpcplusbwp40p140hvtssg0p81vm40c_ccs
  usint_ext_mult_0_DW_mult_uns_J2_0_21
                     ZeroWireload          tcbn28hpcplusbwp40p140hvtssg0p81vm40c_ccs

  Point                                                   Incr       Path
  --------------------------------------------------------------------------
  clock clock_main (rise edge)                            0.00       0.00
  clock network delay (ideal)                             0.00       0.00
  REG_118_reg_23_/CP (DFQD1BWP40P140)                     0.00 #     0.00 r
  REG_118_reg_23_/Q (DFQD1BWP40P140)                      0.06       0.06 r
  usint_ext_mult_59/mult_x_1/U499/ZN (AOI221D1BWP40P140)
                                                          0.01       0.07 f
  usint_ext_mult_59/mult_x_1/U359/Z (XOR3UD1BWP40P140)
                                                          0.02       0.09 f
  usint_ext_mult_59/U5/ZN (INR2D1BWP40P140)               0.02       0.11 f
  usint_ext_mult_59/holdl_delay_reg_23_/D (DFKCNQD1BWP40P140)
                                                          0.00       0.11 f
  data arrival time                                                  0.11

  clock clock_main (rise edge)                            0.00       0.00
  clock network delay (ideal)                             0.00       0.00
  clock uncertainty                                       0.10       0.10
  usint_ext_mult_59/holdl_delay_reg_23_/CP (DFKCNQD1BWP40P140)
                                                          0.00       0.10 r
  library hold time                                       0.02       0.12
  data required time                                                 0.12
  --------------------------------------------------------------------------
  data required time                                                 0.12
  data arrival time                                                 -0.11
  --------------------------------------------------------------------------
  slack (VIOLATED)                                                  -0.01


  Startpoint: REG_120_reg_23_
              (rising edge-triggered flip-flop clocked by clock_main)
  Endpoint: usint_ext_mult_60/holdl_delay_reg_23_
            (rising edge-triggered flip-flop clocked by clock_main)
  Path Group: clock_main
  Path Type: min

  Des/Clust/Port     Wire Load Model       Library
  ------------------------------------------------
  poly_fast_split_mult_kernel
                     ZeroWireload          tcbn28hpcplusbwp40p140hvtssg0p81vm40c_ccs
  usint_ext_mult_0_DW_mult_uns_J2_0_20
                     ZeroWireload          tcbn28hpcplusbwp40p140hvtssg0p81vm40c_ccs

  Point                                                   Incr       Path
  --------------------------------------------------------------------------
  clock clock_main (rise edge)                            0.00       0.00
  clock network delay (ideal)                             0.00       0.00
  REG_120_reg_23_/CP (DFQD1BWP40P140)                     0.00 #     0.00 r
  REG_120_reg_23_/Q (DFQD1BWP40P140)                      0.06       0.06 r
  usint_ext_mult_60/mult_x_1/U498/ZN (AOI221D1BWP40P140)
                                                          0.01       0.07 f
  usint_ext_mult_60/mult_x_1/U350/Z (XOR3UD1BWP40P140)
                                                          0.02       0.09 f
  usint_ext_mult_60/U28/ZN (INR2D1BWP40P140)              0.02       0.11 f
  usint_ext_mult_60/holdl_delay_reg_23_/D (DFKCNQD1BWP40P140)
                                                          0.00       0.11 f
  data arrival time                                                  0.11

  clock clock_main (rise edge)                            0.00       0.00
  clock network delay (ideal)                             0.00       0.00
  clock uncertainty                                       0.10       0.10
  usint_ext_mult_60/holdl_delay_reg_23_/CP (DFKCNQD1BWP40P140)
                                                          0.00       0.10 r
  library hold time                                       0.02       0.12
  data required time                                                 0.12
  --------------------------------------------------------------------------
  data required time                                                 0.12
  data arrival time                                                 -0.11
  --------------------------------------------------------------------------
  slack (VIOLATED)                                                  -0.01


  Startpoint: REG_122_reg_23_
              (rising edge-triggered flip-flop clocked by clock_main)
  Endpoint: usint_ext_mult_61/holdl_delay_reg_23_
            (rising edge-triggered flip-flop clocked by clock_main)
  Path Group: clock_main
  Path Type: min

  Des/Clust/Port     Wire Load Model       Library
  ------------------------------------------------
  poly_fast_split_mult_kernel
                     ZeroWireload          tcbn28hpcplusbwp40p140hvtssg0p81vm40c_ccs
  usint_ext_mult_0_DW_mult_uns_J2_0_19
                     ZeroWireload          tcbn28hpcplusbwp40p140hvtssg0p81vm40c_ccs

  Point                                                   Incr       Path
  --------------------------------------------------------------------------
  clock clock_main (rise edge)                            0.00       0.00
  clock network delay (ideal)                             0.00       0.00
  REG_122_reg_23_/CP (DFQD1BWP40P140)                     0.00 #     0.00 r
  REG_122_reg_23_/Q (DFQD1BWP40P140)                      0.06       0.06 r
  usint_ext_mult_61/mult_x_1/U499/ZN (AOI221D1BWP40P140)
                                                          0.01       0.07 f
  usint_ext_mult_61/mult_x_1/U360/Z (XOR3UD1BWP40P140)
                                                          0.02       0.09 f
  usint_ext_mult_61/U5/ZN (INR2D1BWP40P140)               0.02       0.11 f
  usint_ext_mult_61/holdl_delay_reg_23_/D (DFKCNQD1BWP40P140)
                                                          0.00       0.11 f
  data arrival time                                                  0.11

  clock clock_main (rise edge)                            0.00       0.00
  clock network delay (ideal)                             0.00       0.00
  clock uncertainty                                       0.10       0.10
  usint_ext_mult_61/holdl_delay_reg_23_/CP (DFKCNQD1BWP40P140)
                                                          0.00       0.10 r
  library hold time                                       0.02       0.12
  data required time                                                 0.12
  --------------------------------------------------------------------------
  data required time                                                 0.12
  data arrival time                                                 -0.11
  --------------------------------------------------------------------------
  slack (VIOLATED)                                                  -0.01


  Startpoint: REG_124_reg_23_
              (rising edge-triggered flip-flop clocked by clock_main)
  Endpoint: usint_ext_mult_62/holdl_delay_reg_23_
            (rising edge-triggered flip-flop clocked by clock_main)
  Path Group: clock_main
  Path Type: min

  Des/Clust/Port     Wire Load Model       Library
  ------------------------------------------------
  poly_fast_split_mult_kernel
                     ZeroWireload          tcbn28hpcplusbwp40p140hvtssg0p81vm40c_ccs
  usint_ext_mult_0_DW_mult_uns_J2_0_18
                     ZeroWireload          tcbn28hpcplusbwp40p140hvtssg0p81vm40c_ccs

  Point                                                   Incr       Path
  --------------------------------------------------------------------------
  clock clock_main (rise edge)                            0.00       0.00
  clock network delay (ideal)                             0.00       0.00
  REG_124_reg_23_/CP (DFQD1BWP40P140)                     0.00 #     0.00 r
  REG_124_reg_23_/Q (DFQD1BWP40P140)                      0.06       0.06 r
  usint_ext_mult_62/mult_x_1/U499/ZN (AOI221D1BWP40P140)
                                                          0.01       0.07 f
  usint_ext_mult_62/mult_x_1/U355/Z (XOR3UD1BWP40P140)
                                                          0.02       0.09 f
  usint_ext_mult_62/U5/ZN (INR2D1BWP40P140)               0.02       0.11 f
  usint_ext_mult_62/holdl_delay_reg_23_/D (DFKCNQD1BWP40P140)
                                                          0.00       0.11 f
  data arrival time                                                  0.11

  clock clock_main (rise edge)                            0.00       0.00
  clock network delay (ideal)                             0.00       0.00
  clock uncertainty                                       0.10       0.10
  usint_ext_mult_62/holdl_delay_reg_23_/CP (DFKCNQD1BWP40P140)
                                                          0.00       0.10 r
  library hold time                                       0.02       0.12
  data required time                                                 0.12
  --------------------------------------------------------------------------
  data required time                                                 0.12
  data arrival time                                                 -0.11
  --------------------------------------------------------------------------
  slack (VIOLATED)                                                  -0.01


  Startpoint: REG_126_reg_23_
              (rising edge-triggered flip-flop clocked by clock_main)
  Endpoint: usint_ext_mult_63/holdl_delay_reg_23_
            (rising edge-triggered flip-flop clocked by clock_main)
  Path Group: clock_main
  Path Type: min

  Des/Clust/Port     Wire Load Model       Library
  ------------------------------------------------
  poly_fast_split_mult_kernel
                     ZeroWireload          tcbn28hpcplusbwp40p140hvtssg0p81vm40c_ccs
  usint_ext_mult_0_DW_mult_uns_J2_0_17
                     ZeroWireload          tcbn28hpcplusbwp40p140hvtssg0p81vm40c_ccs

  Point                                                   Incr       Path
  --------------------------------------------------------------------------
  clock clock_main (rise edge)                            0.00       0.00
  clock network delay (ideal)                             0.00       0.00
  REG_126_reg_23_/CP (DFQD1BWP40P140)                     0.00 #     0.00 r
  REG_126_reg_23_/Q (DFQD1BWP40P140)                      0.06       0.06 r
  usint_ext_mult_63/mult_x_1/U503/ZN (AOI221D1BWP40P140)
                                                          0.01       0.07 f
  usint_ext_mult_63/mult_x_1/U357/Z (XOR3UD1BWP40P140)
                                                          0.02       0.09 f
  usint_ext_mult_63/U28/ZN (INR2D1BWP40P140)              0.02       0.11 f
  usint_ext_mult_63/holdl_delay_reg_23_/D (DFKCNQD1BWP40P140)
                                                          0.00       0.11 f
  data arrival time                                                  0.11

  clock clock_main (rise edge)                            0.00       0.00
  clock network delay (ideal)                             0.00       0.00
  clock uncertainty                                       0.10       0.10
  usint_ext_mult_63/holdl_delay_reg_23_/CP (DFKCNQD1BWP40P140)
                                                          0.00       0.10 r
  library hold time                                       0.02       0.12
  data required time                                                 0.12
  --------------------------------------------------------------------------
  data required time                                                 0.12
  data arrival time                                                 -0.11
  --------------------------------------------------------------------------
  slack (VIOLATED)                                                  -0.01


  Startpoint: REG_128_reg_23_
              (rising edge-triggered flip-flop clocked by clock_main)
  Endpoint: usint_ext_mult_64/holdl_delay_reg_23_
            (rising edge-triggered flip-flop clocked by clock_main)
  Path Group: clock_main
  Path Type: min

  Des/Clust/Port     Wire Load Model       Library
  ------------------------------------------------
  poly_fast_split_mult_kernel
                     ZeroWireload          tcbn28hpcplusbwp40p140hvtssg0p81vm40c_ccs
  usint_ext_mult_0_DW_mult_uns_J2_0_16
                     ZeroWireload          tcbn28hpcplusbwp40p140hvtssg0p81vm40c_ccs

  Point                                                   Incr       Path
  --------------------------------------------------------------------------
  clock clock_main (rise edge)                            0.00       0.00
  clock network delay (ideal)                             0.00       0.00
  REG_128_reg_23_/CP (DFQD1BWP40P140)                     0.00 #     0.00 r
  REG_128_reg_23_/Q (DFQD1BWP40P140)                      0.06       0.06 r
  usint_ext_mult_64/mult_x_1/U499/ZN (AOI221D1BWP40P140)
                                                          0.01       0.07 f
  usint_ext_mult_64/mult_x_1/U358/Z (XOR3UD1BWP40P140)
                                                          0.02       0.09 f
  usint_ext_mult_64/U5/ZN (INR2D1BWP40P140)               0.02       0.11 f
  usint_ext_mult_64/holdl_delay_reg_23_/D (DFKCNQD1BWP40P140)
                                                          0.00       0.11 f
  data arrival time                                                  0.11

  clock clock_main (rise edge)                            0.00       0.00
  clock network delay (ideal)                             0.00       0.00
  clock uncertainty                                       0.10       0.10
  usint_ext_mult_64/holdl_delay_reg_23_/CP (DFKCNQD1BWP40P140)
                                                          0.00       0.10 r
  library hold time                                       0.02       0.12
  data required time                                                 0.12
  --------------------------------------------------------------------------
  data required time                                                 0.12
  data arrival time                                                 -0.11
  --------------------------------------------------------------------------
  slack (VIOLATED)                                                  -0.01


  Startpoint: REG_130_reg_23_
              (rising edge-triggered flip-flop clocked by clock_main)
  Endpoint: usint_ext_mult_65/holdl_delay_reg_23_
            (rising edge-triggered flip-flop clocked by clock_main)
  Path Group: clock_main
  Path Type: min

  Des/Clust/Port     Wire Load Model       Library
  ------------------------------------------------
  poly_fast_split_mult_kernel
                     ZeroWireload          tcbn28hpcplusbwp40p140hvtssg0p81vm40c_ccs
  usint_ext_mult_0_DW_mult_uns_J2_0_15
                     ZeroWireload          tcbn28hpcplusbwp40p140hvtssg0p81vm40c_ccs

  Point                                                   Incr       Path
  --------------------------------------------------------------------------
  clock clock_main (rise edge)                            0.00       0.00
  clock network delay (ideal)                             0.00       0.00
  REG_130_reg_23_/CP (DFQD1BWP40P140)                     0.00 #     0.00 r
  REG_130_reg_23_/Q (DFQD1BWP40P140)                      0.06       0.06 r
  usint_ext_mult_65/mult_x_1/U501/ZN (AOI221D1BWP40P140)
                                                          0.01       0.07 f
  usint_ext_mult_65/mult_x_1/U357/Z (XOR3UD1BWP40P140)
                                                          0.02       0.09 f
  usint_ext_mult_65/U5/ZN (INR2D1BWP40P140)               0.02       0.11 f
  usint_ext_mult_65/holdl_delay_reg_23_/D (DFKCNQD1BWP40P140)
                                                          0.00       0.11 f
  data arrival time                                                  0.11

  clock clock_main (rise edge)                            0.00       0.00
  clock network delay (ideal)                             0.00       0.00
  clock uncertainty                                       0.10       0.10
  usint_ext_mult_65/holdl_delay_reg_23_/CP (DFKCNQD1BWP40P140)
                                                          0.00       0.10 r
  library hold time                                       0.02       0.12
  data required time                                                 0.12
  --------------------------------------------------------------------------
  data required time                                                 0.12
  data arrival time                                                 -0.11
  --------------------------------------------------------------------------
  slack (VIOLATED)                                                  -0.01


  Startpoint: REG_132_reg_23_
              (rising edge-triggered flip-flop clocked by clock_main)
  Endpoint: usint_ext_mult_66/holdl_delay_reg_23_
            (rising edge-triggered flip-flop clocked by clock_main)
  Path Group: clock_main
  Path Type: min

  Des/Clust/Port     Wire Load Model       Library
  ------------------------------------------------
  poly_fast_split_mult_kernel
                     ZeroWireload          tcbn28hpcplusbwp40p140hvtssg0p81vm40c_ccs
  usint_ext_mult_0_DW_mult_uns_J2_0_14
                     ZeroWireload          tcbn28hpcplusbwp40p140hvtssg0p81vm40c_ccs

  Point                                                   Incr       Path
  --------------------------------------------------------------------------
  clock clock_main (rise edge)                            0.00       0.00
  clock network delay (ideal)                             0.00       0.00
  REG_132_reg_23_/CP (DFQD1BWP40P140)                     0.00 #     0.00 r
  REG_132_reg_23_/Q (DFQD1BWP40P140)                      0.06       0.06 r
  usint_ext_mult_66/mult_x_1/U499/ZN (AOI221D1BWP40P140)
                                                          0.01       0.07 f
  usint_ext_mult_66/mult_x_1/U355/Z (XOR3UD1BWP40P140)
                                                          0.02       0.09 f
  usint_ext_mult_66/U28/ZN (INR2D1BWP40P140)              0.02       0.11 f
  usint_ext_mult_66/holdl_delay_reg_23_/D (DFKCNQD1BWP40P140)
                                                          0.00       0.11 f
  data arrival time                                                  0.11

  clock clock_main (rise edge)                            0.00       0.00
  clock network delay (ideal)                             0.00       0.00
  clock uncertainty                                       0.10       0.10
  usint_ext_mult_66/holdl_delay_reg_23_/CP (DFKCNQD1BWP40P140)
                                                          0.00       0.10 r
  library hold time                                       0.02       0.12
  data required time                                                 0.12
  --------------------------------------------------------------------------
  data required time                                                 0.12
  data arrival time                                                 -0.11
  --------------------------------------------------------------------------
  slack (VIOLATED)                                                  -0.01


  Startpoint: REG_134_reg_23_
              (rising edge-triggered flip-flop clocked by clock_main)
  Endpoint: usint_ext_mult_67/holdl_delay_reg_23_
            (rising edge-triggered flip-flop clocked by clock_main)
  Path Group: clock_main
  Path Type: min

  Des/Clust/Port     Wire Load Model       Library
  ------------------------------------------------
  poly_fast_split_mult_kernel
                     ZeroWireload          tcbn28hpcplusbwp40p140hvtssg0p81vm40c_ccs
  usint_ext_mult_0_DW_mult_uns_J2_0_13
                     ZeroWireload          tcbn28hpcplusbwp40p140hvtssg0p81vm40c_ccs

  Point                                                   Incr       Path
  --------------------------------------------------------------------------
  clock clock_main (rise edge)                            0.00       0.00
  clock network delay (ideal)                             0.00       0.00
  REG_134_reg_23_/CP (DFQD1BWP40P140)                     0.00 #     0.00 r
  REG_134_reg_23_/Q (DFQD1BWP40P140)                      0.06       0.06 r
  usint_ext_mult_67/mult_x_1/U499/ZN (AOI221D1BWP40P140)
                                                          0.01       0.07 f
  usint_ext_mult_67/mult_x_1/U355/Z (XOR3UD1BWP40P140)
                                                          0.02       0.09 f
  usint_ext_mult_67/U5/ZN (INR2D1BWP40P140)               0.02       0.11 f
  usint_ext_mult_67/holdl_delay_reg_23_/D (DFKCNQD1BWP40P140)
                                                          0.00       0.11 f
  data arrival time                                                  0.11

  clock clock_main (rise edge)                            0.00       0.00
  clock network delay (ideal)                             0.00       0.00
  clock uncertainty                                       0.10       0.10
  usint_ext_mult_67/holdl_delay_reg_23_/CP (DFKCNQD1BWP40P140)
                                                          0.00       0.10 r
  library hold time                                       0.02       0.12
  data required time                                                 0.12
  --------------------------------------------------------------------------
  data required time                                                 0.12
  data arrival time                                                 -0.11
  --------------------------------------------------------------------------
  slack (VIOLATED)                                                  -0.01


  Startpoint: REG_136_reg_23_
              (rising edge-triggered flip-flop clocked by clock_main)
  Endpoint: usint_ext_mult_68/holdl_delay_reg_23_
            (rising edge-triggered flip-flop clocked by clock_main)
  Path Group: clock_main
  Path Type: min

  Des/Clust/Port     Wire Load Model       Library
  ------------------------------------------------
  poly_fast_split_mult_kernel
                     ZeroWireload          tcbn28hpcplusbwp40p140hvtssg0p81vm40c_ccs
  usint_ext_mult_0_DW_mult_uns_J2_0_12
                     ZeroWireload          tcbn28hpcplusbwp40p140hvtssg0p81vm40c_ccs

  Point                                                   Incr       Path
  --------------------------------------------------------------------------
  clock clock_main (rise edge)                            0.00       0.00
  clock network delay (ideal)                             0.00       0.00
  REG_136_reg_23_/CP (DFQD1BWP40P140)                     0.00 #     0.00 r
  REG_136_reg_23_/Q (DFQD1BWP40P140)                      0.06       0.06 r
  usint_ext_mult_68/mult_x_1/U504/ZN (AOI221D1BWP40P140)
                                                          0.01       0.07 f
  usint_ext_mult_68/mult_x_1/U358/Z (XOR3UD1BWP40P140)
                                                          0.02       0.09 f
  usint_ext_mult_68/U5/ZN (INR2D1BWP40P140)               0.02       0.11 f
  usint_ext_mult_68/holdl_delay_reg_23_/D (DFKCNQD1BWP40P140)
                                                          0.00       0.11 f
  data arrival time                                                  0.11

  clock clock_main (rise edge)                            0.00       0.00
  clock network delay (ideal)                             0.00       0.00
  clock uncertainty                                       0.10       0.10
  usint_ext_mult_68/holdl_delay_reg_23_/CP (DFKCNQD1BWP40P140)
                                                          0.00       0.10 r
  library hold time                                       0.02       0.12
  data required time                                                 0.12
  --------------------------------------------------------------------------
  data required time                                                 0.12
  data arrival time                                                 -0.11
  --------------------------------------------------------------------------
  slack (VIOLATED)                                                  -0.01


  Startpoint: REG_138_reg_23_
              (rising edge-triggered flip-flop clocked by clock_main)
  Endpoint: usint_ext_mult_69/holdl_delay_reg_23_
            (rising edge-triggered flip-flop clocked by clock_main)
  Path Group: clock_main
  Path Type: min

  Des/Clust/Port     Wire Load Model       Library
  ------------------------------------------------
  poly_fast_split_mult_kernel
                     ZeroWireload          tcbn28hpcplusbwp40p140hvtssg0p81vm40c_ccs
  usint_ext_mult_0_DW_mult_uns_J2_0_11
                     ZeroWireload          tcbn28hpcplusbwp40p140hvtssg0p81vm40c_ccs

  Point                                                   Incr       Path
  --------------------------------------------------------------------------
  clock clock_main (rise edge)                            0.00       0.00
  clock network delay (ideal)                             0.00       0.00
  REG_138_reg_23_/CP (DFQD1BWP40P140)                     0.00 #     0.00 r
  REG_138_reg_23_/Q (DFQD1BWP40P140)                      0.06       0.06 r
  usint_ext_mult_69/mult_x_1/U500/ZN (AOI221D1BWP40P140)
                                                          0.01       0.07 f
  usint_ext_mult_69/mult_x_1/U359/Z (XOR3UD1BWP40P140)
                                                          0.02       0.09 f
  usint_ext_mult_69/U28/ZN (INR2D1BWP40P140)              0.02       0.11 f
  usint_ext_mult_69/holdl_delay_reg_23_/D (DFKCNQD1BWP40P140)
                                                          0.00       0.11 f
  data arrival time                                                  0.11

  clock clock_main (rise edge)                            0.00       0.00
  clock network delay (ideal)                             0.00       0.00
  clock uncertainty                                       0.10       0.10
  usint_ext_mult_69/holdl_delay_reg_23_/CP (DFKCNQD1BWP40P140)
                                                          0.00       0.10 r
  library hold time                                       0.02       0.12
  data required time                                                 0.12
  --------------------------------------------------------------------------
  data required time                                                 0.12
  data arrival time                                                 -0.11
  --------------------------------------------------------------------------
  slack (VIOLATED)                                                  -0.01


  Startpoint: REG_140_reg_23_
              (rising edge-triggered flip-flop clocked by clock_main)
  Endpoint: usint_ext_mult_70/holdl_delay_reg_23_
            (rising edge-triggered flip-flop clocked by clock_main)
  Path Group: clock_main
  Path Type: min

  Des/Clust/Port     Wire Load Model       Library
  ------------------------------------------------
  poly_fast_split_mult_kernel
                     ZeroWireload          tcbn28hpcplusbwp40p140hvtssg0p81vm40c_ccs
  usint_ext_mult_0_DW_mult_uns_J2_0_10
                     ZeroWireload          tcbn28hpcplusbwp40p140hvtssg0p81vm40c_ccs

  Point                                                   Incr       Path
  --------------------------------------------------------------------------
  clock clock_main (rise edge)                            0.00       0.00
  clock network delay (ideal)                             0.00       0.00
  REG_140_reg_23_/CP (DFQD1BWP40P140)                     0.00 #     0.00 r
  REG_140_reg_23_/Q (DFQD1BWP40P140)                      0.06       0.06 r
  usint_ext_mult_70/mult_x_1/U501/ZN (AOI221D1BWP40P140)
                                                          0.01       0.07 f
  usint_ext_mult_70/mult_x_1/U356/Z (XOR3UD1BWP40P140)
                                                          0.02       0.09 f
  usint_ext_mult_70/U5/ZN (INR2D1BWP40P140)               0.02       0.11 f
  usint_ext_mult_70/holdl_delay_reg_23_/D (DFKCNQD1BWP40P140)
                                                          0.00       0.11 f
  data arrival time                                                  0.11

  clock clock_main (rise edge)                            0.00       0.00
  clock network delay (ideal)                             0.00       0.00
  clock uncertainty                                       0.10       0.10
  usint_ext_mult_70/holdl_delay_reg_23_/CP (DFKCNQD1BWP40P140)
                                                          0.00       0.10 r
  library hold time                                       0.02       0.12
  data required time                                                 0.12
  --------------------------------------------------------------------------
  data required time                                                 0.12
  data arrival time                                                 -0.11
  --------------------------------------------------------------------------
  slack (VIOLATED)                                                  -0.01


  Startpoint: REG_142_reg_23_
              (rising edge-triggered flip-flop clocked by clock_main)
  Endpoint: usint_ext_mult_71/holdl_delay_reg_23_
            (rising edge-triggered flip-flop clocked by clock_main)
  Path Group: clock_main
  Path Type: min

  Des/Clust/Port     Wire Load Model       Library
  ------------------------------------------------
  poly_fast_split_mult_kernel
                     ZeroWireload          tcbn28hpcplusbwp40p140hvtssg0p81vm40c_ccs
  usint_ext_mult_0_DW_mult_uns_J2_0_9
                     ZeroWireload          tcbn28hpcplusbwp40p140hvtssg0p81vm40c_ccs

  Point                                                   Incr       Path
  --------------------------------------------------------------------------
  clock clock_main (rise edge)                            0.00       0.00
  clock network delay (ideal)                             0.00       0.00
  REG_142_reg_23_/CP (DFQD1BWP40P140)                     0.00 #     0.00 r
  REG_142_reg_23_/Q (DFQD1BWP40P140)                      0.06       0.06 r
  usint_ext_mult_71/mult_x_1/U498/ZN (AOI221D1BWP40P140)
                                                          0.01       0.07 f
  usint_ext_mult_71/mult_x_1/U359/Z (XOR3UD1BWP40P140)
                                                          0.02       0.09 f
  usint_ext_mult_71/U5/ZN (INR2D1BWP40P140)               0.02       0.11 f
  usint_ext_mult_71/holdl_delay_reg_23_/D (DFKCNQD1BWP40P140)
                                                          0.00       0.11 f
  data arrival time                                                  0.11

  clock clock_main (rise edge)                            0.00       0.00
  clock network delay (ideal)                             0.00       0.00
  clock uncertainty                                       0.10       0.10
  usint_ext_mult_71/holdl_delay_reg_23_/CP (DFKCNQD1BWP40P140)
                                                          0.00       0.10 r
  library hold time                                       0.02       0.12
  data required time                                                 0.12
  --------------------------------------------------------------------------
  data required time                                                 0.12
  data arrival time                                                 -0.11
  --------------------------------------------------------------------------
  slack (VIOLATED)                                                  -0.01


  Startpoint: REG_144_reg_23_
              (rising edge-triggered flip-flop clocked by clock_main)
  Endpoint: usint_ext_mult_72/holdl_delay_reg_23_
            (rising edge-triggered flip-flop clocked by clock_main)
  Path Group: clock_main
  Path Type: min

  Des/Clust/Port     Wire Load Model       Library
  ------------------------------------------------
  poly_fast_split_mult_kernel
                     ZeroWireload          tcbn28hpcplusbwp40p140hvtssg0p81vm40c_ccs
  usint_ext_mult_0_DW_mult_uns_J2_0_8
                     ZeroWireload          tcbn28hpcplusbwp40p140hvtssg0p81vm40c_ccs

  Point                                                   Incr       Path
  --------------------------------------------------------------------------
  clock clock_main (rise edge)                            0.00       0.00
  clock network delay (ideal)                             0.00       0.00
  REG_144_reg_23_/CP (DFQD1BWP40P140)                     0.00 #     0.00 r
  REG_144_reg_23_/Q (DFQD1BWP40P140)                      0.06       0.06 r
  usint_ext_mult_72/mult_x_1/U500/ZN (AOI221D1BWP40P140)
                                                          0.01       0.07 f
  usint_ext_mult_72/mult_x_1/U351/Z (XOR3UD1BWP40P140)
                                                          0.02       0.09 f
  usint_ext_mult_72/U28/ZN (INR2D1BWP40P140)              0.02       0.11 f
  usint_ext_mult_72/holdl_delay_reg_23_/D (DFKCNQD1BWP40P140)
                                                          0.00       0.11 f
  data arrival time                                                  0.11

  clock clock_main (rise edge)                            0.00       0.00
  clock network delay (ideal)                             0.00       0.00
  clock uncertainty                                       0.10       0.10
  usint_ext_mult_72/holdl_delay_reg_23_/CP (DFKCNQD1BWP40P140)
                                                          0.00       0.10 r
  library hold time                                       0.02       0.12
  data required time                                                 0.12
  --------------------------------------------------------------------------
  data required time                                                 0.12
  data arrival time                                                 -0.11
  --------------------------------------------------------------------------
  slack (VIOLATED)                                                  -0.01


  Startpoint: REG_146_reg_23_
              (rising edge-triggered flip-flop clocked by clock_main)
  Endpoint: usint_ext_mult_73/holdl_delay_reg_23_
            (rising edge-triggered flip-flop clocked by clock_main)
  Path Group: clock_main
  Path Type: min

  Des/Clust/Port     Wire Load Model       Library
  ------------------------------------------------
  poly_fast_split_mult_kernel
                     ZeroWireload          tcbn28hpcplusbwp40p140hvtssg0p81vm40c_ccs
  usint_ext_mult_0_DW_mult_uns_J2_0_7
                     ZeroWireload          tcbn28hpcplusbwp40p140hvtssg0p81vm40c_ccs

  Point                                                   Incr       Path
  --------------------------------------------------------------------------
  clock clock_main (rise edge)                            0.00       0.00
  clock network delay (ideal)                             0.00       0.00
  REG_146_reg_23_/CP (DFQD1BWP40P140)                     0.00 #     0.00 r
  REG_146_reg_23_/Q (DFQD1BWP40P140)                      0.06       0.06 r
  usint_ext_mult_73/mult_x_1/U504/ZN (AOI221D1BWP40P140)
                                                          0.01       0.07 f
  usint_ext_mult_73/mult_x_1/U361/Z (XOR3UD1BWP40P140)
                                                          0.02       0.09 f
  usint_ext_mult_73/U5/ZN (INR2D1BWP40P140)               0.02       0.11 f
  usint_ext_mult_73/holdl_delay_reg_23_/D (DFKCNQD1BWP40P140)
                                                          0.00       0.11 f
  data arrival time                                                  0.11

  clock clock_main (rise edge)                            0.00       0.00
  clock network delay (ideal)                             0.00       0.00
  clock uncertainty                                       0.10       0.10
  usint_ext_mult_73/holdl_delay_reg_23_/CP (DFKCNQD1BWP40P140)
                                                          0.00       0.10 r
  library hold time                                       0.02       0.12
  data required time                                                 0.12
  --------------------------------------------------------------------------
  data required time                                                 0.12
  data arrival time                                                 -0.11
  --------------------------------------------------------------------------
  slack (VIOLATED)                                                  -0.01


  Startpoint: REG_148_reg_23_
              (rising edge-triggered flip-flop clocked by clock_main)
  Endpoint: usint_ext_mult_74/holdl_delay_reg_23_
            (rising edge-triggered flip-flop clocked by clock_main)
  Path Group: clock_main
  Path Type: min

  Des/Clust/Port     Wire Load Model       Library
  ------------------------------------------------
  poly_fast_split_mult_kernel
                     ZeroWireload          tcbn28hpcplusbwp40p140hvtssg0p81vm40c_ccs
  usint_ext_mult_0_DW_mult_uns_J2_0_6
                     ZeroWireload          tcbn28hpcplusbwp40p140hvtssg0p81vm40c_ccs

  Point                                                   Incr       Path
  --------------------------------------------------------------------------
  clock clock_main (rise edge)                            0.00       0.00
  clock network delay (ideal)                             0.00       0.00
  REG_148_reg_23_/CP (DFQD1BWP40P140)                     0.00 #     0.00 r
  REG_148_reg_23_/Q (DFQD1BWP40P140)                      0.06       0.06 r
  usint_ext_mult_74/mult_x_1/U499/ZN (AOI221D1BWP40P140)
                                                          0.01       0.07 f
  usint_ext_mult_74/mult_x_1/U359/Z (XOR3UD1BWP40P140)
                                                          0.02       0.09 f
  usint_ext_mult_74/U5/ZN (INR2D1BWP40P140)               0.02       0.11 f
  usint_ext_mult_74/holdl_delay_reg_23_/D (DFKCNQD1BWP40P140)
                                                          0.00       0.11 f
  data arrival time                                                  0.11

  clock clock_main (rise edge)                            0.00       0.00
  clock network delay (ideal)                             0.00       0.00
  clock uncertainty                                       0.10       0.10
  usint_ext_mult_74/holdl_delay_reg_23_/CP (DFKCNQD1BWP40P140)
                                                          0.00       0.10 r
  library hold time                                       0.02       0.12
  data required time                                                 0.12
  --------------------------------------------------------------------------
  data required time                                                 0.12
  data arrival time                                                 -0.11
  --------------------------------------------------------------------------
  slack (VIOLATED)                                                  -0.01


  Startpoint: REG_150_reg_23_
              (rising edge-triggered flip-flop clocked by clock_main)
  Endpoint: usint_ext_mult_75/holdl_delay_reg_23_
            (rising edge-triggered flip-flop clocked by clock_main)
  Path Group: clock_main
  Path Type: min

  Des/Clust/Port     Wire Load Model       Library
  ------------------------------------------------
  poly_fast_split_mult_kernel
                     ZeroWireload          tcbn28hpcplusbwp40p140hvtssg0p81vm40c_ccs
  usint_ext_mult_0_DW_mult_uns_J2_0_5
                     ZeroWireload          tcbn28hpcplusbwp40p140hvtssg0p81vm40c_ccs

  Point                                                   Incr       Path
  --------------------------------------------------------------------------
  clock clock_main (rise edge)                            0.00       0.00
  clock network delay (ideal)                             0.00       0.00
  REG_150_reg_23_/CP (DFQD1BWP40P140)                     0.00 #     0.00 r
  REG_150_reg_23_/Q (DFQD1BWP40P140)                      0.06       0.06 r
  usint_ext_mult_75/mult_x_1/U498/ZN (AOI221D1BWP40P140)
                                                          0.01       0.07 f
  usint_ext_mult_75/mult_x_1/U350/Z (XOR3UD1BWP40P140)
                                                          0.02       0.09 f
  usint_ext_mult_75/U28/ZN (INR2D1BWP40P140)              0.02       0.11 f
  usint_ext_mult_75/holdl_delay_reg_23_/D (DFKCNQD1BWP40P140)
                                                          0.00       0.11 f
  data arrival time                                                  0.11

  clock clock_main (rise edge)                            0.00       0.00
  clock network delay (ideal)                             0.00       0.00
  clock uncertainty                                       0.10       0.10
  usint_ext_mult_75/holdl_delay_reg_23_/CP (DFKCNQD1BWP40P140)
                                                          0.00       0.10 r
  library hold time                                       0.02       0.12
  data required time                                                 0.12
  --------------------------------------------------------------------------
  data required time                                                 0.12
  data arrival time                                                 -0.11
  --------------------------------------------------------------------------
  slack (VIOLATED)                                                  -0.01


  Startpoint: REG_152_reg_23_
              (rising edge-triggered flip-flop clocked by clock_main)
  Endpoint: usint_ext_mult_76/holdl_delay_reg_23_
            (rising edge-triggered flip-flop clocked by clock_main)
  Path Group: clock_main
  Path Type: min

  Des/Clust/Port     Wire Load Model       Library
  ------------------------------------------------
  poly_fast_split_mult_kernel
                     ZeroWireload          tcbn28hpcplusbwp40p140hvtssg0p81vm40c_ccs
  usint_ext_mult_0_DW_mult_uns_J2_0_4
                     ZeroWireload          tcbn28hpcplusbwp40p140hvtssg0p81vm40c_ccs

  Point                                                   Incr       Path
  --------------------------------------------------------------------------
  clock clock_main (rise edge)                            0.00       0.00
  clock network delay (ideal)                             0.00       0.00
  REG_152_reg_23_/CP (DFQD1BWP40P140)                     0.00 #     0.00 r
  REG_152_reg_23_/Q (DFQD1BWP40P140)                      0.06       0.06 r
  usint_ext_mult_76/mult_x_1/U499/ZN (AOI221D1BWP40P140)
                                                          0.01       0.07 f
  usint_ext_mult_76/mult_x_1/U360/Z (XOR3UD1BWP40P140)
                                                          0.02       0.09 f
  usint_ext_mult_76/U5/ZN (INR2D1BWP40P140)               0.02       0.11 f
  usint_ext_mult_76/holdl_delay_reg_23_/D (DFKCNQD1BWP40P140)
                                                          0.00       0.11 f
  data arrival time                                                  0.11

  clock clock_main (rise edge)                            0.00       0.00
  clock network delay (ideal)                             0.00       0.00
  clock uncertainty                                       0.10       0.10
  usint_ext_mult_76/holdl_delay_reg_23_/CP (DFKCNQD1BWP40P140)
                                                          0.00       0.10 r
  library hold time                                       0.02       0.12
  data required time                                                 0.12
  --------------------------------------------------------------------------
  data required time                                                 0.12
  data arrival time                                                 -0.11
  --------------------------------------------------------------------------
  slack (VIOLATED)                                                  -0.01


  Startpoint: REG_154_reg_23_
              (rising edge-triggered flip-flop clocked by clock_main)
  Endpoint: usint_ext_mult_77/holdl_delay_reg_23_
            (rising edge-triggered flip-flop clocked by clock_main)
  Path Group: clock_main
  Path Type: min

  Des/Clust/Port     Wire Load Model       Library
  ------------------------------------------------
  poly_fast_split_mult_kernel
                     ZeroWireload          tcbn28hpcplusbwp40p140hvtssg0p81vm40c_ccs
  usint_ext_mult_0_DW_mult_uns_J2_0_3
                     ZeroWireload          tcbn28hpcplusbwp40p140hvtssg0p81vm40c_ccs

  Point                                                   Incr       Path
  --------------------------------------------------------------------------
  clock clock_main (rise edge)                            0.00       0.00
  clock network delay (ideal)                             0.00       0.00
  REG_154_reg_23_/CP (DFQD1BWP40P140)                     0.00 #     0.00 r
  REG_154_reg_23_/Q (DFQD1BWP40P140)                      0.06       0.06 r
  usint_ext_mult_77/mult_x_1/U499/ZN (AOI221D1BWP40P140)
                                                          0.01       0.07 f
  usint_ext_mult_77/mult_x_1/U355/Z (XOR3UD1BWP40P140)
                                                          0.02       0.09 f
  usint_ext_mult_77/U5/ZN (INR2D1BWP40P140)               0.02       0.11 f
  usint_ext_mult_77/holdl_delay_reg_23_/D (DFKCNQD1BWP40P140)
                                                          0.00       0.11 f
  data arrival time                                                  0.11

  clock clock_main (rise edge)                            0.00       0.00
  clock network delay (ideal)                             0.00       0.00
  clock uncertainty                                       0.10       0.10
  usint_ext_mult_77/holdl_delay_reg_23_/CP (DFKCNQD1BWP40P140)
                                                          0.00       0.10 r
  library hold time                                       0.02       0.12
  data required time                                                 0.12
  --------------------------------------------------------------------------
  data required time                                                 0.12
  data arrival time                                                 -0.11
  --------------------------------------------------------------------------
  slack (VIOLATED)                                                  -0.01


  Startpoint: REG_156_reg_23_
              (rising edge-triggered flip-flop clocked by clock_main)
  Endpoint: usint_ext_mult_78/holdl_delay_reg_23_
            (rising edge-triggered flip-flop clocked by clock_main)
  Path Group: clock_main
  Path Type: min

  Des/Clust/Port     Wire Load Model       Library
  ------------------------------------------------
  poly_fast_split_mult_kernel
                     ZeroWireload          tcbn28hpcplusbwp40p140hvtssg0p81vm40c_ccs
  usint_ext_mult_0_DW_mult_uns_J2_0_2
                     ZeroWireload          tcbn28hpcplusbwp40p140hvtssg0p81vm40c_ccs

  Point                                                   Incr       Path
  --------------------------------------------------------------------------
  clock clock_main (rise edge)                            0.00       0.00
  clock network delay (ideal)                             0.00       0.00
  REG_156_reg_23_/CP (DFQD1BWP40P140)                     0.00 #     0.00 r
  REG_156_reg_23_/Q (DFQD1BWP40P140)                      0.06       0.06 r
  usint_ext_mult_78/mult_x_1/U503/ZN (AOI221D1BWP40P140)
                                                          0.01       0.07 f
  usint_ext_mult_78/mult_x_1/U357/Z (XOR3UD1BWP40P140)
                                                          0.02       0.09 f
  usint_ext_mult_78/U28/ZN (INR2D1BWP40P140)              0.02       0.11 f
  usint_ext_mult_78/holdl_delay_reg_23_/D (DFKCNQD1BWP40P140)
                                                          0.00       0.11 f
  data arrival time                                                  0.11

  clock clock_main (rise edge)                            0.00       0.00
  clock network delay (ideal)                             0.00       0.00
  clock uncertainty                                       0.10       0.10
  usint_ext_mult_78/holdl_delay_reg_23_/CP (DFKCNQD1BWP40P140)
                                                          0.00       0.10 r
  library hold time                                       0.02       0.12
  data required time                                                 0.12
  --------------------------------------------------------------------------
  data required time                                                 0.12
  data arrival time                                                 -0.11
  --------------------------------------------------------------------------
  slack (VIOLATED)                                                  -0.01


  Startpoint: REG_158_reg_23_
              (rising edge-triggered flip-flop clocked by clock_main)
  Endpoint: usint_ext_mult_79/holdl_delay_reg_23_
            (rising edge-triggered flip-flop clocked by clock_main)
  Path Group: clock_main
  Path Type: min

  Des/Clust/Port     Wire Load Model       Library
  ------------------------------------------------
  poly_fast_split_mult_kernel
                     ZeroWireload          tcbn28hpcplusbwp40p140hvtssg0p81vm40c_ccs
  usint_ext_mult_0_DW_mult_uns_J2_0_1
                     ZeroWireload          tcbn28hpcplusbwp40p140hvtssg0p81vm40c_ccs

  Point                                                   Incr       Path
  --------------------------------------------------------------------------
  clock clock_main (rise edge)                            0.00       0.00
  clock network delay (ideal)                             0.00       0.00
  REG_158_reg_23_/CP (DFQD1BWP40P140)                     0.00 #     0.00 r
  REG_158_reg_23_/Q (DFQD1BWP40P140)                      0.06       0.06 r
  usint_ext_mult_79/mult_x_1/U499/ZN (AOI221D1BWP40P140)
                                                          0.01       0.07 f
  usint_ext_mult_79/mult_x_1/U358/Z (XOR3UD1BWP40P140)
                                                          0.02       0.09 f
  usint_ext_mult_79/U5/ZN (INR2D1BWP40P140)               0.02       0.11 f
  usint_ext_mult_79/holdl_delay_reg_23_/D (DFKCNQD1BWP40P140)
                                                          0.00       0.11 f
  data arrival time                                                  0.11

  clock clock_main (rise edge)                            0.00       0.00
  clock network delay (ideal)                             0.00       0.00
  clock uncertainty                                       0.10       0.10
  usint_ext_mult_79/holdl_delay_reg_23_/CP (DFKCNQD1BWP40P140)
                                                          0.00       0.10 r
  library hold time                                       0.02       0.12
  data required time                                                 0.12
  --------------------------------------------------------------------------
  data required time                                                 0.12
  data arrival time                                                 -0.11
  --------------------------------------------------------------------------
  slack (VIOLATED)                                                  -0.01


  Startpoint: REG_160_reg_23_
              (rising edge-triggered flip-flop clocked by clock_main)
  Endpoint: usint_ext_mult_80/holdl_delay_reg_23_
            (rising edge-triggered flip-flop clocked by clock_main)
  Path Group: clock_main
  Path Type: min

  Des/Clust/Port     Wire Load Model       Library
  ------------------------------------------------
  poly_fast_split_mult_kernel
                     ZeroWireload          tcbn28hpcplusbwp40p140hvtssg0p81vm40c_ccs
  usint_ext_mult_0_DW_mult_uns_J2_0_0
                     ZeroWireload          tcbn28hpcplusbwp40p140hvtssg0p81vm40c_ccs

  Point                                                   Incr       Path
  --------------------------------------------------------------------------
  clock clock_main (rise edge)                            0.00       0.00
  clock network delay (ideal)                             0.00       0.00
  REG_160_reg_23_/CP (DFQD1BWP40P140)                     0.00 #     0.00 r
  REG_160_reg_23_/Q (DFQD1BWP40P140)                      0.06       0.06 r
  usint_ext_mult_80/mult_x_1/U501/ZN (AOI221D1BWP40P140)
                                                          0.01       0.07 f
  usint_ext_mult_80/mult_x_1/U357/Z (XOR3UD1BWP40P140)
                                                          0.02       0.09 f
  usint_ext_mult_80/U5/ZN (INR2D1BWP40P140)               0.02       0.11 f
  usint_ext_mult_80/holdl_delay_reg_23_/D (DFKCNQD1BWP40P140)
                                                          0.00       0.11 f
  data arrival time                                                  0.11

  clock clock_main (rise edge)                            0.00       0.00
  clock network delay (ideal)                             0.00       0.00
  clock uncertainty                                       0.10       0.10
  usint_ext_mult_80/holdl_delay_reg_23_/CP (DFKCNQD1BWP40P140)
                                                          0.00       0.10 r
  library hold time                                       0.02       0.12
  data required time                                                 0.12
  --------------------------------------------------------------------------
  data required time                                                 0.12
  data arrival time                                                 -0.11
  --------------------------------------------------------------------------
  slack (VIOLATED)                                                  -0.01


  Startpoint: REG_reg_15_
              (rising edge-triggered flip-flop clocked by clock_main)
  Endpoint: usint_ext_mult/holdh_delay_reg_15_
            (rising edge-triggered flip-flop clocked by clock_main)
  Path Group: clock_main
  Path Type: min

  Des/Clust/Port     Wire Load Model       Library
  ------------------------------------------------
  poly_fast_split_mult_kernel
                     ZeroWireload          tcbn28hpcplusbwp40p140hvtssg0p81vm40c_ccs
  usint_ext_mult_0_DP_OP_17J2_137_1390_J2_0_80
                     ZeroWireload          tcbn28hpcplusbwp40p140hvtssg0p81vm40c_ccs
  usint_ext_mult_0_DW_mult_uns_J2_0_80
                     ZeroWireload          tcbn28hpcplusbwp40p140hvtssg0p81vm40c_ccs

  Point                                                   Incr       Path
  --------------------------------------------------------------------------
  clock clock_main (rise edge)                            0.00       0.00
  clock network delay (ideal)                             0.00       0.00
  REG_reg_15_/CP (DFQD1BWP40P140)                         0.00 #     0.00 r
  REG_reg_15_/Q (DFQD1BWP40P140)                          0.08       0.08 r
  usint_ext_mult/DP_OP_17J2_137_1390/U290/ZN (MUX2NUD1BWP40P140)
                                                          0.02       0.10 f
  usint_ext_mult/U57/Z (AO22D1BWP40P140LVT)               0.02       0.11 f
  usint_ext_mult/holdh_delay_reg_15_/D (DFKCNQD1BWP40P140)
                                                          0.00       0.11 f
  data arrival time                                                  0.11

  clock clock_main (rise edge)                            0.00       0.00
  clock network delay (ideal)                             0.00       0.00
  clock uncertainty                                       0.10       0.10
  usint_ext_mult/holdh_delay_reg_15_/CP (DFKCNQD1BWP40P140)
                                                          0.00       0.10 r
  library hold time                                       0.02       0.12
  data required time                                                 0.12
  --------------------------------------------------------------------------
  data required time                                                 0.12
  data arrival time                                                 -0.11
  --------------------------------------------------------------------------
  slack (VIOLATED: increase significant digits)                      0.00


  Startpoint: REG_2_reg_15_
              (rising edge-triggered flip-flop clocked by clock_main)
  Endpoint: usint_ext_mult_1/holdh_delay_reg_15_
            (rising edge-triggered flip-flop clocked by clock_main)
  Path Group: clock_main
  Path Type: min

  Des/Clust/Port     Wire Load Model       Library
  ------------------------------------------------
  poly_fast_split_mult_kernel
                     ZeroWireload          tcbn28hpcplusbwp40p140hvtssg0p81vm40c_ccs
  usint_ext_mult_0_DP_OP_17J2_137_1390_J2_0_79
                     ZeroWireload          tcbn28hpcplusbwp40p140hvtssg0p81vm40c_ccs
  usint_ext_mult_0_DW_mult_uns_J2_0_79
                     ZeroWireload          tcbn28hpcplusbwp40p140hvtssg0p81vm40c_ccs

  Point                                                   Incr       Path
  --------------------------------------------------------------------------
  clock clock_main (rise edge)                            0.00       0.00
  clock network delay (ideal)                             0.00       0.00
  REG_2_reg_15_/CP (DFQD1BWP40P140)                       0.00 #     0.00 r
  REG_2_reg_15_/Q (DFQD1BWP40P140)                        0.08       0.08 r
  usint_ext_mult_1/DP_OP_17J2_137_1390/U294/ZN (MUX2NUD1BWP40P140)
                                                          0.02       0.10 f
  usint_ext_mult_1/U57/Z (AO22D1BWP40P140LVT)             0.02       0.11 f
  usint_ext_mult_1/holdh_delay_reg_15_/D (DFKCNQD1BWP40P140)
                                                          0.00       0.11 f
  data arrival time                                                  0.11

  clock clock_main (rise edge)                            0.00       0.00
  clock network delay (ideal)                             0.00       0.00
  clock uncertainty                                       0.10       0.10
  usint_ext_mult_1/holdh_delay_reg_15_/CP (DFKCNQD1BWP40P140)
                                                          0.00       0.10 r
  library hold time                                       0.02       0.12
  data required time                                                 0.12
  --------------------------------------------------------------------------
  data required time                                                 0.12
  data arrival time                                                 -0.11
  --------------------------------------------------------------------------
  slack (VIOLATED: increase significant digits)                      0.00


  Startpoint: REG_4_reg_15_
              (rising edge-triggered flip-flop clocked by clock_main)
  Endpoint: usint_ext_mult_2/holdh_delay_reg_15_
            (rising edge-triggered flip-flop clocked by clock_main)
  Path Group: clock_main
  Path Type: min

  Des/Clust/Port     Wire Load Model       Library
  ------------------------------------------------
  poly_fast_split_mult_kernel
                     ZeroWireload          tcbn28hpcplusbwp40p140hvtssg0p81vm40c_ccs
  usint_ext_mult_0_DP_OP_17J2_137_1390_J2_0_78
                     ZeroWireload          tcbn28hpcplusbwp40p140hvtssg0p81vm40c_ccs
  usint_ext_mult_0_DW_mult_uns_J2_0_78
                     ZeroWireload          tcbn28hpcplusbwp40p140hvtssg0p81vm40c_ccs

  Point                                                   Incr       Path
  --------------------------------------------------------------------------
  clock clock_main (rise edge)                            0.00       0.00
  clock network delay (ideal)                             0.00       0.00
  REG_4_reg_15_/CP (DFQD1BWP40P140)                       0.00 #     0.00 r
  REG_4_reg_15_/Q (DFQD1BWP40P140)                        0.08       0.08 r
  usint_ext_mult_2/DP_OP_17J2_137_1390/U291/ZN (MUX2NUD1BWP40P140)
                                                          0.02       0.10 f
  usint_ext_mult_2/U59/Z (AO22D1BWP40P140LVT)             0.02       0.11 f
  usint_ext_mult_2/holdh_delay_reg_15_/D (DFKCNQD1BWP40P140)
                                                          0.00       0.11 f
  data arrival time                                                  0.11

  clock clock_main (rise edge)                            0.00       0.00
  clock network delay (ideal)                             0.00       0.00
  clock uncertainty                                       0.10       0.10
  usint_ext_mult_2/holdh_delay_reg_15_/CP (DFKCNQD1BWP40P140)
                                                          0.00       0.10 r
  library hold time                                       0.02       0.12
  data required time                                                 0.12
  --------------------------------------------------------------------------
  data required time                                                 0.12
  data arrival time                                                 -0.11
  --------------------------------------------------------------------------
  slack (VIOLATED: increase significant digits)                      0.00


  Startpoint: REG_6_reg_15_
              (rising edge-triggered flip-flop clocked by clock_main)
  Endpoint: usint_ext_mult_3/holdh_delay_reg_15_
            (rising edge-triggered flip-flop clocked by clock_main)
  Path Group: clock_main
  Path Type: min

  Des/Clust/Port     Wire Load Model       Library
  ------------------------------------------------
  poly_fast_split_mult_kernel
                     ZeroWireload          tcbn28hpcplusbwp40p140hvtssg0p81vm40c_ccs
  usint_ext_mult_0_DP_OP_17J2_137_1390_J2_0_77
                     ZeroWireload          tcbn28hpcplusbwp40p140hvtssg0p81vm40c_ccs
  usint_ext_mult_0_DW_mult_uns_J2_0_77
                     ZeroWireload          tcbn28hpcplusbwp40p140hvtssg0p81vm40c_ccs

  Point                                                   Incr       Path
  --------------------------------------------------------------------------
  clock clock_main (rise edge)                            0.00       0.00
  clock network delay (ideal)                             0.00       0.00
  REG_6_reg_15_/CP (DFQD1BWP40P140)                       0.00 #     0.00 r
  REG_6_reg_15_/Q (DFQD1BWP40P140)                        0.08       0.08 r
  usint_ext_mult_3/DP_OP_17J2_137_1390/U293/ZN (MUX2NUD1BWP40P140)
                                                          0.02       0.10 f
  usint_ext_mult_3/U57/Z (AO22D1BWP40P140LVT)             0.02       0.11 f
  usint_ext_mult_3/holdh_delay_reg_15_/D (DFKCNQD1BWP40P140)
                                                          0.00       0.11 f
  data arrival time                                                  0.11

  clock clock_main (rise edge)                            0.00       0.00
  clock network delay (ideal)                             0.00       0.00
  clock uncertainty                                       0.10       0.10
  usint_ext_mult_3/holdh_delay_reg_15_/CP (DFKCNQD1BWP40P140)
                                                          0.00       0.10 r
  library hold time                                       0.02       0.12
  data required time                                                 0.12
  --------------------------------------------------------------------------
  data required time                                                 0.12
  data arrival time                                                 -0.11
  --------------------------------------------------------------------------
  slack (VIOLATED: increase significant digits)                      0.00


  Startpoint: REG_8_reg_15_
              (rising edge-triggered flip-flop clocked by clock_main)
  Endpoint: usint_ext_mult_4/holdh_delay_reg_15_
            (rising edge-triggered flip-flop clocked by clock_main)
  Path Group: clock_main
  Path Type: min

  Des/Clust/Port     Wire Load Model       Library
  ------------------------------------------------
  poly_fast_split_mult_kernel
                     ZeroWireload          tcbn28hpcplusbwp40p140hvtssg0p81vm40c_ccs
  usint_ext_mult_0_DP_OP_17J2_137_1390_J2_0_76
                     ZeroWireload          tcbn28hpcplusbwp40p140hvtssg0p81vm40c_ccs
  usint_ext_mult_0_DW_mult_uns_J2_0_76
                     ZeroWireload          tcbn28hpcplusbwp40p140hvtssg0p81vm40c_ccs

  Point                                                   Incr       Path
  --------------------------------------------------------------------------
  clock clock_main (rise edge)                            0.00       0.00
  clock network delay (ideal)                             0.00       0.00
  REG_8_reg_15_/CP (DFQD1BWP40P140)                       0.00 #     0.00 r
  REG_8_reg_15_/Q (DFQD1BWP40P140)                        0.08       0.08 r
  usint_ext_mult_4/DP_OP_17J2_137_1390/U292/ZN (MUX2NUD1BWP40P140)
                                                          0.02       0.10 f
  usint_ext_mult_4/U57/Z (AO22D1BWP40P140LVT)             0.02       0.11 f
  usint_ext_mult_4/holdh_delay_reg_15_/D (DFKCNQD1BWP40P140)
                                                          0.00       0.11 f
  data arrival time                                                  0.11

  clock clock_main (rise edge)                            0.00       0.00
  clock network delay (ideal)                             0.00       0.00
  clock uncertainty                                       0.10       0.10
  usint_ext_mult_4/holdh_delay_reg_15_/CP (DFKCNQD1BWP40P140)
                                                          0.00       0.10 r
  library hold time                                       0.02       0.12
  data required time                                                 0.12
  --------------------------------------------------------------------------
  data required time                                                 0.12
  data arrival time                                                 -0.11
  --------------------------------------------------------------------------
  slack (VIOLATED: increase significant digits)                      0.00


  Startpoint: REG_10_reg_15_
              (rising edge-triggered flip-flop clocked by clock_main)
  Endpoint: usint_ext_mult_5/holdh_delay_reg_15_
            (rising edge-triggered flip-flop clocked by clock_main)
  Path Group: clock_main
  Path Type: min

  Des/Clust/Port     Wire Load Model       Library
  ------------------------------------------------
  poly_fast_split_mult_kernel
                     ZeroWireload          tcbn28hpcplusbwp40p140hvtssg0p81vm40c_ccs
  usint_ext_mult_0_DP_OP_17J2_137_1390_J2_0_75
                     ZeroWireload          tcbn28hpcplusbwp40p140hvtssg0p81vm40c_ccs
  usint_ext_mult_0_DW_mult_uns_J2_0_75
                     ZeroWireload          tcbn28hpcplusbwp40p140hvtssg0p81vm40c_ccs

  Point                                                   Incr       Path
  --------------------------------------------------------------------------
  clock clock_main (rise edge)                            0.00       0.00
  clock network delay (ideal)                             0.00       0.00
  REG_10_reg_15_/CP (DFQD1BWP40P140)                      0.00 #     0.00 r
  REG_10_reg_15_/Q (DFQD1BWP40P140)                       0.08       0.08 r
  usint_ext_mult_5/DP_OP_17J2_137_1390/U294/ZN (MUX2NUD1BWP40P140)
                                                          0.02       0.10 f
  usint_ext_mult_5/U59/Z (AO22D1BWP40P140LVT)             0.02       0.11 f
  usint_ext_mult_5/holdh_delay_reg_15_/D (DFKCNQD1BWP40P140)
                                                          0.00       0.11 f
  data arrival time                                                  0.11

  clock clock_main (rise edge)                            0.00       0.00
  clock network delay (ideal)                             0.00       0.00
  clock uncertainty                                       0.10       0.10
  usint_ext_mult_5/holdh_delay_reg_15_/CP (DFKCNQD1BWP40P140)
                                                          0.00       0.10 r
  library hold time                                       0.02       0.12
  data required time                                                 0.12
  --------------------------------------------------------------------------
  data required time                                                 0.12
  data arrival time                                                 -0.11
  --------------------------------------------------------------------------
  slack (VIOLATED: increase significant digits)                      0.00


  Startpoint: REG_12_reg_15_
              (rising edge-triggered flip-flop clocked by clock_main)
  Endpoint: usint_ext_mult_6/holdh_delay_reg_15_
            (rising edge-triggered flip-flop clocked by clock_main)
  Path Group: clock_main
  Path Type: min

  Des/Clust/Port     Wire Load Model       Library
  ------------------------------------------------
  poly_fast_split_mult_kernel
                     ZeroWireload          tcbn28hpcplusbwp40p140hvtssg0p81vm40c_ccs
  usint_ext_mult_0_DP_OP_17J2_137_1390_J2_0_74
                     ZeroWireload          tcbn28hpcplusbwp40p140hvtssg0p81vm40c_ccs
  usint_ext_mult_0_DW_mult_uns_J2_0_74
                     ZeroWireload          tcbn28hpcplusbwp40p140hvtssg0p81vm40c_ccs

  Point                                                   Incr       Path
  --------------------------------------------------------------------------
  clock clock_main (rise edge)                            0.00       0.00
  clock network delay (ideal)                             0.00       0.00
  REG_12_reg_15_/CP (DFQD1BWP40P140)                      0.00 #     0.00 r
  REG_12_reg_15_/Q (DFQD1BWP40P140)                       0.08       0.08 r
  usint_ext_mult_6/DP_OP_17J2_137_1390/U294/ZN (MUX2NUD1BWP40P140)
                                                          0.02       0.10 f
  usint_ext_mult_6/U69/Z (AO22D1BWP40P140LVT)             0.02       0.11 f
  usint_ext_mult_6/holdh_delay_reg_15_/D (DFKCNQD1BWP40P140)
                                                          0.00       0.11 f
  data arrival time                                                  0.11

  clock clock_main (rise edge)                            0.00       0.00
  clock network delay (ideal)                             0.00       0.00
  clock uncertainty                                       0.10       0.10
  usint_ext_mult_6/holdh_delay_reg_15_/CP (DFKCNQD1BWP40P140)
                                                          0.00       0.10 r
  library hold time                                       0.02       0.12
  data required time                                                 0.12
  --------------------------------------------------------------------------
  data required time                                                 0.12
  data arrival time                                                 -0.11
  --------------------------------------------------------------------------
  slack (VIOLATED: increase significant digits)                      0.00


  Startpoint: REG_14_reg_15_
              (rising edge-triggered flip-flop clocked by clock_main)
  Endpoint: usint_ext_mult_7/holdh_delay_reg_15_
            (rising edge-triggered flip-flop clocked by clock_main)
  Path Group: clock_main
  Path Type: min

  Des/Clust/Port     Wire Load Model       Library
  ------------------------------------------------
  poly_fast_split_mult_kernel
                     ZeroWireload          tcbn28hpcplusbwp40p140hvtssg0p81vm40c_ccs
  usint_ext_mult_0_DP_OP_17J2_137_1390_J2_0_73
                     ZeroWireload          tcbn28hpcplusbwp40p140hvtssg0p81vm40c_ccs
  usint_ext_mult_0_DW_mult_uns_J2_0_73
                     ZeroWireload          tcbn28hpcplusbwp40p140hvtssg0p81vm40c_ccs

  Point                                                   Incr       Path
  --------------------------------------------------------------------------
  clock clock_main (rise edge)                            0.00       0.00
  clock network delay (ideal)                             0.00       0.00
  REG_14_reg_15_/CP (DFQD1BWP40P140)                      0.00 #     0.00 r
  REG_14_reg_15_/Q (DFQD1BWP40P140)                       0.08       0.08 r
  usint_ext_mult_7/DP_OP_17J2_137_1390/U294/ZN (MUX2NUD1BWP40P140)
                                                          0.02       0.10 f
  usint_ext_mult_7/U69/Z (AO22D1BWP40P140LVT)             0.02       0.11 f
  usint_ext_mult_7/holdh_delay_reg_15_/D (DFKCNQD1BWP40P140)
                                                          0.00       0.11 f
  data arrival time                                                  0.11

  clock clock_main (rise edge)                            0.00       0.00
  clock network delay (ideal)                             0.00       0.00
  clock uncertainty                                       0.10       0.10
  usint_ext_mult_7/holdh_delay_reg_15_/CP (DFKCNQD1BWP40P140)
                                                          0.00       0.10 r
  library hold time                                       0.02       0.12
  data required time                                                 0.12
  --------------------------------------------------------------------------
  data required time                                                 0.12
  data arrival time                                                 -0.11
  --------------------------------------------------------------------------
  slack (VIOLATED: increase significant digits)                      0.00


  Startpoint: REG_16_reg_15_
              (rising edge-triggered flip-flop clocked by clock_main)
  Endpoint: usint_ext_mult_8/holdh_delay_reg_15_
            (rising edge-triggered flip-flop clocked by clock_main)
  Path Group: clock_main
  Path Type: min

  Des/Clust/Port     Wire Load Model       Library
  ------------------------------------------------
  poly_fast_split_mult_kernel
                     ZeroWireload          tcbn28hpcplusbwp40p140hvtssg0p81vm40c_ccs
  usint_ext_mult_0_DP_OP_17J2_137_1390_J2_0_72
                     ZeroWireload          tcbn28hpcplusbwp40p140hvtssg0p81vm40c_ccs
  usint_ext_mult_0_DW_mult_uns_J2_0_72
                     ZeroWireload          tcbn28hpcplusbwp40p140hvtssg0p81vm40c_ccs

  Point                                                   Incr       Path
  --------------------------------------------------------------------------
  clock clock_main (rise edge)                            0.00       0.00
  clock network delay (ideal)                             0.00       0.00
  REG_16_reg_15_/CP (DFQD1BWP40P140)                      0.00 #     0.00 r
  REG_16_reg_15_/Q (DFQD1BWP40P140)                       0.08       0.08 r
  usint_ext_mult_8/DP_OP_17J2_137_1390/U293/ZN (MUX2NUD1BWP40P140)
                                                          0.02       0.10 f
  usint_ext_mult_8/U69/Z (AO22D1BWP40P140LVT)             0.02       0.11 f
  usint_ext_mult_8/holdh_delay_reg_15_/D (DFKCNQD1BWP40P140)
                                                          0.00       0.11 f
  data arrival time                                                  0.11

  clock clock_main (rise edge)                            0.00       0.00
  clock network delay (ideal)                             0.00       0.00
  clock uncertainty                                       0.10       0.10
  usint_ext_mult_8/holdh_delay_reg_15_/CP (DFKCNQD1BWP40P140)
                                                          0.00       0.10 r
  library hold time                                       0.02       0.12
  data required time                                                 0.12
  --------------------------------------------------------------------------
  data required time                                                 0.12
  data arrival time                                                 -0.11
  --------------------------------------------------------------------------
  slack (VIOLATED: increase significant digits)                      0.00


  Startpoint: REG_18_reg_15_
              (rising edge-triggered flip-flop clocked by clock_main)
  Endpoint: usint_ext_mult_9/holdh_delay_reg_15_
            (rising edge-triggered flip-flop clocked by clock_main)
  Path Group: clock_main
  Path Type: min

  Des/Clust/Port     Wire Load Model       Library
  ------------------------------------------------
  poly_fast_split_mult_kernel
                     ZeroWireload          tcbn28hpcplusbwp40p140hvtssg0p81vm40c_ccs
  usint_ext_mult_0_DP_OP_17J2_137_1390_J2_0_71
                     ZeroWireload          tcbn28hpcplusbwp40p140hvtssg0p81vm40c_ccs
  usint_ext_mult_0_DW_mult_uns_J2_0_71
                     ZeroWireload          tcbn28hpcplusbwp40p140hvtssg0p81vm40c_ccs

  Point                                                   Incr       Path
  --------------------------------------------------------------------------
  clock clock_main (rise edge)                            0.00       0.00
  clock network delay (ideal)                             0.00       0.00
  REG_18_reg_15_/CP (DFQD1BWP40P140)                      0.00 #     0.00 r
  REG_18_reg_15_/Q (DFQD1BWP40P140)                       0.08       0.08 r
  usint_ext_mult_9/DP_OP_17J2_137_1390/U294/ZN (MUX2NUD1BWP40P140)
                                                          0.02       0.10 f
  usint_ext_mult_9/U57/Z (AO22D1BWP40P140LVT)             0.02       0.11 f
  usint_ext_mult_9/holdh_delay_reg_15_/D (DFKCNQD1BWP40P140)
                                                          0.00       0.11 f
  data arrival time                                                  0.11

  clock clock_main (rise edge)                            0.00       0.00
  clock network delay (ideal)                             0.00       0.00
  clock uncertainty                                       0.10       0.10
  usint_ext_mult_9/holdh_delay_reg_15_/CP (DFKCNQD1BWP40P140)
                                                          0.00       0.10 r
  library hold time                                       0.02       0.12
  data required time                                                 0.12
  --------------------------------------------------------------------------
  data required time                                                 0.12
  data arrival time                                                 -0.11
  --------------------------------------------------------------------------
  slack (VIOLATED: increase significant digits)                      0.00


  Startpoint: REG_20_reg_15_
              (rising edge-triggered flip-flop clocked by clock_main)
  Endpoint: usint_ext_mult_10/holdh_delay_reg_15_
            (rising edge-triggered flip-flop clocked by clock_main)
  Path Group: clock_main
  Path Type: min

  Des/Clust/Port     Wire Load Model       Library
  ------------------------------------------------
  poly_fast_split_mult_kernel
                     ZeroWireload          tcbn28hpcplusbwp40p140hvtssg0p81vm40c_ccs
  usint_ext_mult_0_DP_OP_17J2_137_1390_J2_0_70
                     ZeroWireload          tcbn28hpcplusbwp40p140hvtssg0p81vm40c_ccs
  usint_ext_mult_0_DW_mult_uns_J2_0_70
                     ZeroWireload          tcbn28hpcplusbwp40p140hvtssg0p81vm40c_ccs

  Point                                                   Incr       Path
  --------------------------------------------------------------------------
  clock clock_main (rise edge)                            0.00       0.00
  clock network delay (ideal)                             0.00       0.00
  REG_20_reg_15_/CP (DFQD1BWP40P140)                      0.00 #     0.00 r
  REG_20_reg_15_/Q (DFQD1BWP40P140)                       0.08       0.08 r
  usint_ext_mult_10/DP_OP_17J2_137_1390/U291/ZN (MUX2NUD1BWP40P140)
                                                          0.02       0.10 f
  usint_ext_mult_10/U57/Z (AO22D1BWP40P140LVT)            0.02       0.11 f
  usint_ext_mult_10/holdh_delay_reg_15_/D (DFKCNQD1BWP40P140)
                                                          0.00       0.11 f
  data arrival time                                                  0.11

  clock clock_main (rise edge)                            0.00       0.00
  clock network delay (ideal)                             0.00       0.00
  clock uncertainty                                       0.10       0.10
  usint_ext_mult_10/holdh_delay_reg_15_/CP (DFKCNQD1BWP40P140)
                                                          0.00       0.10 r
  library hold time                                       0.02       0.12
  data required time                                                 0.12
  --------------------------------------------------------------------------
  data required time                                                 0.12
  data arrival time                                                 -0.11
  --------------------------------------------------------------------------
  slack (VIOLATED: increase significant digits)                      0.00


  Startpoint: REG_22_reg_15_
              (rising edge-triggered flip-flop clocked by clock_main)
  Endpoint: usint_ext_mult_11/holdh_delay_reg_15_
            (rising edge-triggered flip-flop clocked by clock_main)
  Path Group: clock_main
  Path Type: min

  Des/Clust/Port     Wire Load Model       Library
  ------------------------------------------------
  poly_fast_split_mult_kernel
                     ZeroWireload          tcbn28hpcplusbwp40p140hvtssg0p81vm40c_ccs
  usint_ext_mult_0_DP_OP_17J2_137_1390_J2_0_69
                     ZeroWireload          tcbn28hpcplusbwp40p140hvtssg0p81vm40c_ccs
  usint_ext_mult_0_DW_mult_uns_J2_0_69
                     ZeroWireload          tcbn28hpcplusbwp40p140hvtssg0p81vm40c_ccs

  Point                                                   Incr       Path
  --------------------------------------------------------------------------
  clock clock_main (rise edge)                            0.00       0.00
  clock network delay (ideal)                             0.00       0.00
  REG_22_reg_15_/CP (DFQD1BWP40P140)                      0.00 #     0.00 r
  REG_22_reg_15_/Q (DFQD1BWP40P140)                       0.08       0.08 r
  usint_ext_mult_11/DP_OP_17J2_137_1390/U293/ZN (MUX2NUD1BWP40P140)
                                                          0.02       0.10 f
  usint_ext_mult_11/U59/Z (AO22D1BWP40P140LVT)            0.02       0.11 f
  usint_ext_mult_11/holdh_delay_reg_15_/D (DFKCNQD1BWP40P140)
                                                          0.00       0.11 f
  data arrival time                                                  0.11

  clock clock_main (rise edge)                            0.00       0.00
  clock network delay (ideal)                             0.00       0.00
  clock uncertainty                                       0.10       0.10
  usint_ext_mult_11/holdh_delay_reg_15_/CP (DFKCNQD1BWP40P140)
                                                          0.00       0.10 r
  library hold time                                       0.02       0.12
  data required time                                                 0.12
  --------------------------------------------------------------------------
  data required time                                                 0.12
  data arrival time                                                 -0.11
  --------------------------------------------------------------------------
  slack (VIOLATED: increase significant digits)                      0.00


  Startpoint: REG_24_reg_15_
              (rising edge-triggered flip-flop clocked by clock_main)
  Endpoint: usint_ext_mult_12/holdh_delay_reg_15_
            (rising edge-triggered flip-flop clocked by clock_main)
  Path Group: clock_main
  Path Type: min

  Des/Clust/Port     Wire Load Model       Library
  ------------------------------------------------
  poly_fast_split_mult_kernel
                     ZeroWireload          tcbn28hpcplusbwp40p140hvtssg0p81vm40c_ccs
  usint_ext_mult_0_DP_OP_17J2_137_1390_J2_0_68
                     ZeroWireload          tcbn28hpcplusbwp40p140hvtssg0p81vm40c_ccs
  usint_ext_mult_0_DW_mult_uns_J2_0_68
                     ZeroWireload          tcbn28hpcplusbwp40p140hvtssg0p81vm40c_ccs

  Point                                                   Incr       Path
  --------------------------------------------------------------------------
  clock clock_main (rise edge)                            0.00       0.00
  clock network delay (ideal)                             0.00       0.00
  REG_24_reg_15_/CP (DFQD1BWP40P140)                      0.00 #     0.00 r
  REG_24_reg_15_/Q (DFQD1BWP40P140)                       0.08       0.08 r
  usint_ext_mult_12/DP_OP_17J2_137_1390/U292/ZN (MUX2NUD1BWP40P140)
                                                          0.02       0.10 f
  usint_ext_mult_12/U57/Z (AO22D1BWP40P140LVT)            0.02       0.11 f
  usint_ext_mult_12/holdh_delay_reg_15_/D (DFKCNQD1BWP40P140)
                                                          0.00       0.11 f
  data arrival time                                                  0.11

  clock clock_main (rise edge)                            0.00       0.00
  clock network delay (ideal)                             0.00       0.00
  clock uncertainty                                       0.10       0.10
  usint_ext_mult_12/holdh_delay_reg_15_/CP (DFKCNQD1BWP40P140)
                                                          0.00       0.10 r
  library hold time                                       0.02       0.12
  data required time                                                 0.12
  --------------------------------------------------------------------------
  data required time                                                 0.12
  data arrival time                                                 -0.11
  --------------------------------------------------------------------------
  slack (VIOLATED: increase significant digits)                      0.00


  Startpoint: REG_26_reg_15_
              (rising edge-triggered flip-flop clocked by clock_main)
  Endpoint: usint_ext_mult_13/holdh_delay_reg_15_
            (rising edge-triggered flip-flop clocked by clock_main)
  Path Group: clock_main
  Path Type: min

  Des/Clust/Port     Wire Load Model       Library
  ------------------------------------------------
  poly_fast_split_mult_kernel
                     ZeroWireload          tcbn28hpcplusbwp40p140hvtssg0p81vm40c_ccs
  usint_ext_mult_0_DP_OP_17J2_137_1390_J2_0_67
                     ZeroWireload          tcbn28hpcplusbwp40p140hvtssg0p81vm40c_ccs
  usint_ext_mult_0_DW_mult_uns_J2_0_67
                     ZeroWireload          tcbn28hpcplusbwp40p140hvtssg0p81vm40c_ccs

  Point                                                   Incr       Path
  --------------------------------------------------------------------------
  clock clock_main (rise edge)                            0.00       0.00
  clock network delay (ideal)                             0.00       0.00
  REG_26_reg_15_/CP (DFQD1BWP40P140)                      0.00 #     0.00 r
  REG_26_reg_15_/Q (DFQD1BWP40P140)                       0.08       0.08 r
  usint_ext_mult_13/DP_OP_17J2_137_1390/U294/ZN (MUX2NUD1BWP40P140)
                                                          0.02       0.10 f
  usint_ext_mult_13/U57/Z (AO22D1BWP40P140LVT)            0.02       0.11 f
  usint_ext_mult_13/holdh_delay_reg_15_/D (DFKCNQD1BWP40P140)
                                                          0.00       0.11 f
  data arrival time                                                  0.11

  clock clock_main (rise edge)                            0.00       0.00
  clock network delay (ideal)                             0.00       0.00
  clock uncertainty                                       0.10       0.10
  usint_ext_mult_13/holdh_delay_reg_15_/CP (DFKCNQD1BWP40P140)
                                                          0.00       0.10 r
  library hold time                                       0.02       0.12
  data required time                                                 0.12
  --------------------------------------------------------------------------
  data required time                                                 0.12
  data arrival time                                                 -0.11
  --------------------------------------------------------------------------
  slack (VIOLATED: increase significant digits)                      0.00


  Startpoint: REG_28_reg_15_
              (rising edge-triggered flip-flop clocked by clock_main)
  Endpoint: usint_ext_mult_14/holdh_delay_reg_15_
            (rising edge-triggered flip-flop clocked by clock_main)
  Path Group: clock_main
  Path Type: min

  Des/Clust/Port     Wire Load Model       Library
  ------------------------------------------------
  poly_fast_split_mult_kernel
                     ZeroWireload          tcbn28hpcplusbwp40p140hvtssg0p81vm40c_ccs
  usint_ext_mult_0_DP_OP_17J2_137_1390_J2_0_66
                     ZeroWireload          tcbn28hpcplusbwp40p140hvtssg0p81vm40c_ccs
  usint_ext_mult_0_DW_mult_uns_J2_0_66
                     ZeroWireload          tcbn28hpcplusbwp40p140hvtssg0p81vm40c_ccs

  Point                                                   Incr       Path
  --------------------------------------------------------------------------
  clock clock_main (rise edge)                            0.00       0.00
  clock network delay (ideal)                             0.00       0.00
  REG_28_reg_15_/CP (DFQD1BWP40P140)                      0.00 #     0.00 r
  REG_28_reg_15_/Q (DFQD1BWP40P140)                       0.08       0.08 r
  usint_ext_mult_14/DP_OP_17J2_137_1390/U291/ZN (MUX2NUD1BWP40P140)
                                                          0.02       0.10 f
  usint_ext_mult_14/U59/Z (AO22D1BWP40P140LVT)            0.02       0.11 f
  usint_ext_mult_14/holdh_delay_reg_15_/D (DFKCNQD1BWP40P140)
                                                          0.00       0.11 f
  data arrival time                                                  0.11

  clock clock_main (rise edge)                            0.00       0.00
  clock network delay (ideal)                             0.00       0.00
  clock uncertainty                                       0.10       0.10
  usint_ext_mult_14/holdh_delay_reg_15_/CP (DFKCNQD1BWP40P140)
                                                          0.00       0.10 r
  library hold time                                       0.02       0.12
  data required time                                                 0.12
  --------------------------------------------------------------------------
  data required time                                                 0.12
  data arrival time                                                 -0.11
  --------------------------------------------------------------------------
  slack (VIOLATED: increase significant digits)                      0.00


  Startpoint: REG_30_reg_15_
              (rising edge-triggered flip-flop clocked by clock_main)
  Endpoint: usint_ext_mult_15/holdh_delay_reg_15_
            (rising edge-triggered flip-flop clocked by clock_main)
  Path Group: clock_main
  Path Type: min

  Des/Clust/Port     Wire Load Model       Library
  ------------------------------------------------
  poly_fast_split_mult_kernel
                     ZeroWireload          tcbn28hpcplusbwp40p140hvtssg0p81vm40c_ccs
  usint_ext_mult_0_DP_OP_17J2_137_1390_J2_0_65
                     ZeroWireload          tcbn28hpcplusbwp40p140hvtssg0p81vm40c_ccs
  usint_ext_mult_0_DW_mult_uns_J2_0_65
                     ZeroWireload          tcbn28hpcplusbwp40p140hvtssg0p81vm40c_ccs

  Point                                                   Incr       Path
  --------------------------------------------------------------------------
  clock clock_main (rise edge)                            0.00       0.00
  clock network delay (ideal)                             0.00       0.00
  REG_30_reg_15_/CP (DFQD1BWP40P140)                      0.00 #     0.00 r
  REG_30_reg_15_/Q (DFQD1BWP40P140)                       0.08       0.08 r
  usint_ext_mult_15/DP_OP_17J2_137_1390/U295/ZN (MUX2NUD1BWP40P140)
                                                          0.02       0.10 f
  usint_ext_mult_15/U69/Z (AO22D1BWP40P140LVT)            0.02       0.11 f
  usint_ext_mult_15/holdh_delay_reg_15_/D (DFKCNQD1BWP40P140)
                                                          0.00       0.11 f
  data arrival time                                                  0.11

  clock clock_main (rise edge)                            0.00       0.00
  clock network delay (ideal)                             0.00       0.00
  clock uncertainty                                       0.10       0.10
  usint_ext_mult_15/holdh_delay_reg_15_/CP (DFKCNQD1BWP40P140)
                                                          0.00       0.10 r
  library hold time                                       0.02       0.12
  data required time                                                 0.12
  --------------------------------------------------------------------------
  data required time                                                 0.12
  data arrival time                                                 -0.11
  --------------------------------------------------------------------------
  slack (VIOLATED: increase significant digits)                      0.00


  Startpoint: REG_32_reg_15_
              (rising edge-triggered flip-flop clocked by clock_main)
  Endpoint: usint_ext_mult_16/holdh_delay_reg_15_
            (rising edge-triggered flip-flop clocked by clock_main)
  Path Group: clock_main
  Path Type: min

  Des/Clust/Port     Wire Load Model       Library
  ------------------------------------------------
  poly_fast_split_mult_kernel
                     ZeroWireload          tcbn28hpcplusbwp40p140hvtssg0p81vm40c_ccs
  usint_ext_mult_0_DP_OP_17J2_137_1390_J2_0_64
                     ZeroWireload          tcbn28hpcplusbwp40p140hvtssg0p81vm40c_ccs
  usint_ext_mult_0_DW_mult_uns_J2_0_64
                     ZeroWireload          tcbn28hpcplusbwp40p140hvtssg0p81vm40c_ccs

  Point                                                   Incr       Path
  --------------------------------------------------------------------------
  clock clock_main (rise edge)                            0.00       0.00
  clock network delay (ideal)                             0.00       0.00
  REG_32_reg_15_/CP (DFQD1BWP40P140)                      0.00 #     0.00 r
  REG_32_reg_15_/Q (DFQD1BWP40P140)                       0.08       0.08 r
  usint_ext_mult_16/DP_OP_17J2_137_1390/U292/ZN (MUX2NUD1BWP40P140)
                                                          0.02       0.10 f
  usint_ext_mult_16/U69/Z (AO22D1BWP40P140LVT)            0.02       0.11 f
  usint_ext_mult_16/holdh_delay_reg_15_/D (DFKCNQD1BWP40P140)
                                                          0.00       0.11 f
  data arrival time                                                  0.11

  clock clock_main (rise edge)                            0.00       0.00
  clock network delay (ideal)                             0.00       0.00
  clock uncertainty                                       0.10       0.10
  usint_ext_mult_16/holdh_delay_reg_15_/CP (DFKCNQD1BWP40P140)
                                                          0.00       0.10 r
  library hold time                                       0.02       0.12
  data required time                                                 0.12
  --------------------------------------------------------------------------
  data required time                                                 0.12
  data arrival time                                                 -0.11
  --------------------------------------------------------------------------
  slack (VIOLATED: increase significant digits)                      0.00


  Startpoint: REG_34_reg_15_
              (rising edge-triggered flip-flop clocked by clock_main)
  Endpoint: usint_ext_mult_17/holdh_delay_reg_15_
            (rising edge-triggered flip-flop clocked by clock_main)
  Path Group: clock_main
  Path Type: min

  Des/Clust/Port     Wire Load Model       Library
  ------------------------------------------------
  poly_fast_split_mult_kernel
                     ZeroWireload          tcbn28hpcplusbwp40p140hvtssg0p81vm40c_ccs
  usint_ext_mult_0_DP_OP_17J2_137_1390_J2_0_63
                     ZeroWireload          tcbn28hpcplusbwp40p140hvtssg0p81vm40c_ccs
  usint_ext_mult_0_DW_mult_uns_J2_0_63
                     ZeroWireload          tcbn28hpcplusbwp40p140hvtssg0p81vm40c_ccs

  Point                                                   Incr       Path
  --------------------------------------------------------------------------
  clock clock_main (rise edge)                            0.00       0.00
  clock network delay (ideal)                             0.00       0.00
  REG_34_reg_15_/CP (DFQD1BWP40P140)                      0.00 #     0.00 r
  REG_34_reg_15_/Q (DFQD1BWP40P140)                       0.08       0.08 r
  usint_ext_mult_17/DP_OP_17J2_137_1390/U292/ZN (MUX2NUD1BWP40P140)
                                                          0.02       0.10 f
  usint_ext_mult_17/U69/Z (AO22D1BWP40P140LVT)            0.02       0.11 f
  usint_ext_mult_17/holdh_delay_reg_15_/D (DFKCNQD1BWP40P140)
                                                          0.00       0.11 f
  data arrival time                                                  0.11

  clock clock_main (rise edge)                            0.00       0.00
  clock network delay (ideal)                             0.00       0.00
  clock uncertainty                                       0.10       0.10
  usint_ext_mult_17/holdh_delay_reg_15_/CP (DFKCNQD1BWP40P140)
                                                          0.00       0.10 r
  library hold time                                       0.02       0.12
  data required time                                                 0.12
  --------------------------------------------------------------------------
  data required time                                                 0.12
  data arrival time                                                 -0.11
  --------------------------------------------------------------------------
  slack (VIOLATED: increase significant digits)                      0.00


  Startpoint: REG_36_reg_15_
              (rising edge-triggered flip-flop clocked by clock_main)
  Endpoint: usint_ext_mult_18/holdh_delay_reg_15_
            (rising edge-triggered flip-flop clocked by clock_main)
  Path Group: clock_main
  Path Type: min

  Des/Clust/Port     Wire Load Model       Library
  ------------------------------------------------
  poly_fast_split_mult_kernel
                     ZeroWireload          tcbn28hpcplusbwp40p140hvtssg0p81vm40c_ccs
  usint_ext_mult_0_DP_OP_17J2_137_1390_J2_0_62
                     ZeroWireload          tcbn28hpcplusbwp40p140hvtssg0p81vm40c_ccs
  usint_ext_mult_0_DW_mult_uns_J2_0_62
                     ZeroWireload          tcbn28hpcplusbwp40p140hvtssg0p81vm40c_ccs

  Point                                                   Incr       Path
  --------------------------------------------------------------------------
  clock clock_main (rise edge)                            0.00       0.00
  clock network delay (ideal)                             0.00       0.00
  REG_36_reg_15_/CP (DFQD1BWP40P140)                      0.00 #     0.00 r
  REG_36_reg_15_/Q (DFQD1BWP40P140)                       0.08       0.08 r
  usint_ext_mult_18/DP_OP_17J2_137_1390/U292/ZN (MUX2NUD1BWP40P140)
                                                          0.02       0.10 f
  usint_ext_mult_18/U69/Z (AO22D1BWP40P140LVT)            0.02       0.11 f
  usint_ext_mult_18/holdh_delay_reg_15_/D (DFKCNQD1BWP40P140)
                                                          0.00       0.11 f
  data arrival time                                                  0.11

  clock clock_main (rise edge)                            0.00       0.00
  clock network delay (ideal)                             0.00       0.00
  clock uncertainty                                       0.10       0.10
  usint_ext_mult_18/holdh_delay_reg_15_/CP (DFKCNQD1BWP40P140)
                                                          0.00       0.10 r
  library hold time                                       0.02       0.12
  data required time                                                 0.12
  --------------------------------------------------------------------------
  data required time                                                 0.12
  data arrival time                                                 -0.11
  --------------------------------------------------------------------------
  slack (VIOLATED: increase significant digits)                      0.00


  Startpoint: REG_38_reg_15_
              (rising edge-triggered flip-flop clocked by clock_main)
  Endpoint: usint_ext_mult_19/holdh_delay_reg_15_
            (rising edge-triggered flip-flop clocked by clock_main)
  Path Group: clock_main
  Path Type: min

  Des/Clust/Port     Wire Load Model       Library
  ------------------------------------------------
  poly_fast_split_mult_kernel
                     ZeroWireload          tcbn28hpcplusbwp40p140hvtssg0p81vm40c_ccs
  usint_ext_mult_0_DP_OP_17J2_137_1390_J2_0_61
                     ZeroWireload          tcbn28hpcplusbwp40p140hvtssg0p81vm40c_ccs
  usint_ext_mult_0_DW_mult_uns_J2_0_61
                     ZeroWireload          tcbn28hpcplusbwp40p140hvtssg0p81vm40c_ccs

  Point                                                   Incr       Path
  --------------------------------------------------------------------------
  clock clock_main (rise edge)                            0.00       0.00
  clock network delay (ideal)                             0.00       0.00
  REG_38_reg_15_/CP (DFQD1BWP40P140)                      0.00 #     0.00 r
  REG_38_reg_15_/Q (DFQD1BWP40P140)                       0.08       0.08 r
  usint_ext_mult_19/DP_OP_17J2_137_1390/U290/ZN (MUX2NUD1BWP40P140)
                                                          0.02       0.10 f
  usint_ext_mult_19/U69/Z (AO22D1BWP40P140LVT)            0.02       0.11 f
  usint_ext_mult_19/holdh_delay_reg_15_/D (DFKCNQD1BWP40P140)
                                                          0.00       0.11 f
  data arrival time                                                  0.11

  clock clock_main (rise edge)                            0.00       0.00
  clock network delay (ideal)                             0.00       0.00
  clock uncertainty                                       0.10       0.10
  usint_ext_mult_19/holdh_delay_reg_15_/CP (DFKCNQD1BWP40P140)
                                                          0.00       0.10 r
  library hold time                                       0.02       0.12
  data required time                                                 0.12
  --------------------------------------------------------------------------
  data required time                                                 0.12
  data arrival time                                                 -0.11
  --------------------------------------------------------------------------
  slack (VIOLATED: increase significant digits)                      0.00


  Startpoint: REG_40_reg_15_
              (rising edge-triggered flip-flop clocked by clock_main)
  Endpoint: usint_ext_mult_20/holdh_delay_reg_15_
            (rising edge-triggered flip-flop clocked by clock_main)
  Path Group: clock_main
  Path Type: min

  Des/Clust/Port     Wire Load Model       Library
  ------------------------------------------------
  poly_fast_split_mult_kernel
                     ZeroWireload          tcbn28hpcplusbwp40p140hvtssg0p81vm40c_ccs
  usint_ext_mult_0_DP_OP_17J2_137_1390_J2_0_60
                     ZeroWireload          tcbn28hpcplusbwp40p140hvtssg0p81vm40c_ccs
  usint_ext_mult_0_DW_mult_uns_J2_0_60
                     ZeroWireload          tcbn28hpcplusbwp40p140hvtssg0p81vm40c_ccs

  Point                                                   Incr       Path
  --------------------------------------------------------------------------
  clock clock_main (rise edge)                            0.00       0.00
  clock network delay (ideal)                             0.00       0.00
  REG_40_reg_15_/CP (DFQD1BWP40P140)                      0.00 #     0.00 r
  REG_40_reg_15_/Q (DFQD1BWP40P140)                       0.08       0.08 r
  usint_ext_mult_20/DP_OP_17J2_137_1390/U293/ZN (MUX2NUD1BWP40P140)
                                                          0.02       0.10 f
  usint_ext_mult_20/U69/Z (AO22D1BWP40P140LVT)            0.02       0.11 f
  usint_ext_mult_20/holdh_delay_reg_15_/D (DFKCNQD1BWP40P140)
                                                          0.00       0.11 f
  data arrival time                                                  0.11

  clock clock_main (rise edge)                            0.00       0.00
  clock network delay (ideal)                             0.00       0.00
  clock uncertainty                                       0.10       0.10
  usint_ext_mult_20/holdh_delay_reg_15_/CP (DFKCNQD1BWP40P140)
                                                          0.00       0.10 r
  library hold time                                       0.02       0.12
  data required time                                                 0.12
  --------------------------------------------------------------------------
  data required time                                                 0.12
  data arrival time                                                 -0.11
  --------------------------------------------------------------------------
  slack (VIOLATED: increase significant digits)                      0.00


  Startpoint: REG_42_reg_15_
              (rising edge-triggered flip-flop clocked by clock_main)
  Endpoint: usint_ext_mult_21/holdh_delay_reg_15_
            (rising edge-triggered flip-flop clocked by clock_main)
  Path Group: clock_main
  Path Type: min

  Des/Clust/Port     Wire Load Model       Library
  ------------------------------------------------
  poly_fast_split_mult_kernel
                     ZeroWireload          tcbn28hpcplusbwp40p140hvtssg0p81vm40c_ccs
  usint_ext_mult_0_DP_OP_17J2_137_1390_J2_0_59
                     ZeroWireload          tcbn28hpcplusbwp40p140hvtssg0p81vm40c_ccs
  usint_ext_mult_0_DW_mult_uns_J2_0_59
                     ZeroWireload          tcbn28hpcplusbwp40p140hvtssg0p81vm40c_ccs

  Point                                                   Incr       Path
  --------------------------------------------------------------------------
  clock clock_main (rise edge)                            0.00       0.00
  clock network delay (ideal)                             0.00       0.00
  REG_42_reg_15_/CP (DFQD1BWP40P140)                      0.00 #     0.00 r
  REG_42_reg_15_/Q (DFQD1BWP40P140)                       0.08       0.08 r
  usint_ext_mult_21/DP_OP_17J2_137_1390/U295/ZN (MUX2NUD1BWP40P140)
                                                          0.02       0.10 f
  usint_ext_mult_21/U69/Z (AO22D1BWP40P140LVT)            0.02       0.11 f
  usint_ext_mult_21/holdh_delay_reg_15_/D (DFKCNQD1BWP40P140)
                                                          0.00       0.11 f
  data arrival time                                                  0.11

  clock clock_main (rise edge)                            0.00       0.00
  clock network delay (ideal)                             0.00       0.00
  clock uncertainty                                       0.10       0.10
  usint_ext_mult_21/holdh_delay_reg_15_/CP (DFKCNQD1BWP40P140)
                                                          0.00       0.10 r
  library hold time                                       0.02       0.12
  data required time                                                 0.12
  --------------------------------------------------------------------------
  data required time                                                 0.12
  data arrival time                                                 -0.11
  --------------------------------------------------------------------------
  slack (VIOLATED: increase significant digits)                      0.00


  Startpoint: REG_44_reg_15_
              (rising edge-triggered flip-flop clocked by clock_main)
  Endpoint: usint_ext_mult_22/holdh_delay_reg_15_
            (rising edge-triggered flip-flop clocked by clock_main)
  Path Group: clock_main
  Path Type: min

  Des/Clust/Port     Wire Load Model       Library
  ------------------------------------------------
  poly_fast_split_mult_kernel
                     ZeroWireload          tcbn28hpcplusbwp40p140hvtssg0p81vm40c_ccs
  usint_ext_mult_0_DP_OP_17J2_137_1390_J2_0_58
                     ZeroWireload          tcbn28hpcplusbwp40p140hvtssg0p81vm40c_ccs
  usint_ext_mult_0_DW_mult_uns_J2_0_58
                     ZeroWireload          tcbn28hpcplusbwp40p140hvtssg0p81vm40c_ccs

  Point                                                   Incr       Path
  --------------------------------------------------------------------------
  clock clock_main (rise edge)                            0.00       0.00
  clock network delay (ideal)                             0.00       0.00
  REG_44_reg_15_/CP (DFQD1BWP40P140)                      0.00 #     0.00 r
  REG_44_reg_15_/Q (DFQD1BWP40P140)                       0.08       0.08 r
  usint_ext_mult_22/DP_OP_17J2_137_1390/U292/ZN (MUX2NUD1BWP40P140)
                                                          0.02       0.10 f
  usint_ext_mult_22/U69/Z (AO22D1BWP40P140LVT)            0.02       0.11 f
  usint_ext_mult_22/holdh_delay_reg_15_/D (DFKCNQD1BWP40P140)
                                                          0.00       0.11 f
  data arrival time                                                  0.11

  clock clock_main (rise edge)                            0.00       0.00
  clock network delay (ideal)                             0.00       0.00
  clock uncertainty                                       0.10       0.10
  usint_ext_mult_22/holdh_delay_reg_15_/CP (DFKCNQD1BWP40P140)
                                                          0.00       0.10 r
  library hold time                                       0.02       0.12
  data required time                                                 0.12
  --------------------------------------------------------------------------
  data required time                                                 0.12
  data arrival time                                                 -0.11
  --------------------------------------------------------------------------
  slack (VIOLATED: increase significant digits)                      0.00


  Startpoint: REG_46_reg_15_
              (rising edge-triggered flip-flop clocked by clock_main)
  Endpoint: usint_ext_mult_23/holdh_delay_reg_15_
            (rising edge-triggered flip-flop clocked by clock_main)
  Path Group: clock_main
  Path Type: min

  Des/Clust/Port     Wire Load Model       Library
  ------------------------------------------------
  poly_fast_split_mult_kernel
                     ZeroWireload          tcbn28hpcplusbwp40p140hvtssg0p81vm40c_ccs
  usint_ext_mult_0_DP_OP_17J2_137_1390_J2_0_57
                     ZeroWireload          tcbn28hpcplusbwp40p140hvtssg0p81vm40c_ccs
  usint_ext_mult_0_DW_mult_uns_J2_0_57
                     ZeroWireload          tcbn28hpcplusbwp40p140hvtssg0p81vm40c_ccs

  Point                                                   Incr       Path
  --------------------------------------------------------------------------
  clock clock_main (rise edge)                            0.00       0.00
  clock network delay (ideal)                             0.00       0.00
  REG_46_reg_15_/CP (DFQD1BWP40P140)                      0.00 #     0.00 r
  REG_46_reg_15_/Q (DFQD1BWP40P140)                       0.08       0.08 r
  usint_ext_mult_23/DP_OP_17J2_137_1390/U294/ZN (MUX2NUD1BWP40P140)
                                                          0.02       0.10 f
  usint_ext_mult_23/U69/Z (AO22D1BWP40P140LVT)            0.02       0.11 f
  usint_ext_mult_23/holdh_delay_reg_15_/D (DFKCNQD1BWP40P140)
                                                          0.00       0.11 f
  data arrival time                                                  0.11

  clock clock_main (rise edge)                            0.00       0.00
  clock network delay (ideal)                             0.00       0.00
  clock uncertainty                                       0.10       0.10
  usint_ext_mult_23/holdh_delay_reg_15_/CP (DFKCNQD1BWP40P140)
                                                          0.00       0.10 r
  library hold time                                       0.02       0.12
  data required time                                                 0.12
  --------------------------------------------------------------------------
  data required time                                                 0.12
  data arrival time                                                 -0.11
  --------------------------------------------------------------------------
  slack (VIOLATED: increase significant digits)                      0.00


  Startpoint: REG_48_reg_15_
              (rising edge-triggered flip-flop clocked by clock_main)
  Endpoint: usint_ext_mult_24/holdh_delay_reg_15_
            (rising edge-triggered flip-flop clocked by clock_main)
  Path Group: clock_main
  Path Type: min

  Des/Clust/Port     Wire Load Model       Library
  ------------------------------------------------
  poly_fast_split_mult_kernel
                     ZeroWireload          tcbn28hpcplusbwp40p140hvtssg0p81vm40c_ccs
  usint_ext_mult_0_DP_OP_17J2_137_1390_J2_0_56
                     ZeroWireload          tcbn28hpcplusbwp40p140hvtssg0p81vm40c_ccs
  usint_ext_mult_0_DW_mult_uns_J2_0_56
                     ZeroWireload          tcbn28hpcplusbwp40p140hvtssg0p81vm40c_ccs

  Point                                                   Incr       Path
  --------------------------------------------------------------------------
  clock clock_main (rise edge)                            0.00       0.00
  clock network delay (ideal)                             0.00       0.00
  REG_48_reg_15_/CP (DFQD1BWP40P140)                      0.00 #     0.00 r
  REG_48_reg_15_/Q (DFQD1BWP40P140)                       0.08       0.08 r
  usint_ext_mult_24/DP_OP_17J2_137_1390/U294/ZN (MUX2NUD1BWP40P140)
                                                          0.02       0.10 f
  usint_ext_mult_24/U69/Z (AO22D1BWP40P140LVT)            0.02       0.11 f
  usint_ext_mult_24/holdh_delay_reg_15_/D (DFKCNQD1BWP40P140)
                                                          0.00       0.11 f
  data arrival time                                                  0.11

  clock clock_main (rise edge)                            0.00       0.00
  clock network delay (ideal)                             0.00       0.00
  clock uncertainty                                       0.10       0.10
  usint_ext_mult_24/holdh_delay_reg_15_/CP (DFKCNQD1BWP40P140)
                                                          0.00       0.10 r
  library hold time                                       0.02       0.12
  data required time                                                 0.12
  --------------------------------------------------------------------------
  data required time                                                 0.12
  data arrival time                                                 -0.11
  --------------------------------------------------------------------------
  slack (VIOLATED: increase significant digits)                      0.00


  Startpoint: REG_50_reg_15_
              (rising edge-triggered flip-flop clocked by clock_main)
  Endpoint: usint_ext_mult_25/holdh_delay_reg_15_
            (rising edge-triggered flip-flop clocked by clock_main)
  Path Group: clock_main
  Path Type: min

  Des/Clust/Port     Wire Load Model       Library
  ------------------------------------------------
  poly_fast_split_mult_kernel
                     ZeroWireload          tcbn28hpcplusbwp40p140hvtssg0p81vm40c_ccs
  usint_ext_mult_0_DP_OP_17J2_137_1390_J2_0_55
                     ZeroWireload          tcbn28hpcplusbwp40p140hvtssg0p81vm40c_ccs
  usint_ext_mult_0_DW_mult_uns_J2_0_55
                     ZeroWireload          tcbn28hpcplusbwp40p140hvtssg0p81vm40c_ccs

  Point                                                   Incr       Path
  --------------------------------------------------------------------------
  clock clock_main (rise edge)                            0.00       0.00
  clock network delay (ideal)                             0.00       0.00
  REG_50_reg_15_/CP (DFQD1BWP40P140)                      0.00 #     0.00 r
  REG_50_reg_15_/Q (DFQD1BWP40P140)                       0.08       0.08 r
  usint_ext_mult_25/DP_OP_17J2_137_1390/U292/ZN (MUX2NUD1BWP40P140)
                                                          0.02       0.10 f
  usint_ext_mult_25/U69/Z (AO22D1BWP40P140LVT)            0.02       0.11 f
  usint_ext_mult_25/holdh_delay_reg_15_/D (DFKCNQD1BWP40P140)
                                                          0.00       0.11 f
  data arrival time                                                  0.11

  clock clock_main (rise edge)                            0.00       0.00
  clock network delay (ideal)                             0.00       0.00
  clock uncertainty                                       0.10       0.10
  usint_ext_mult_25/holdh_delay_reg_15_/CP (DFKCNQD1BWP40P140)
                                                          0.00       0.10 r
  library hold time                                       0.02       0.12
  data required time                                                 0.12
  --------------------------------------------------------------------------
  data required time                                                 0.12
  data arrival time                                                 -0.11
  --------------------------------------------------------------------------
  slack (VIOLATED: increase significant digits)                      0.00


  Startpoint: REG_52_reg_15_
              (rising edge-triggered flip-flop clocked by clock_main)
  Endpoint: usint_ext_mult_26/holdh_delay_reg_15_
            (rising edge-triggered flip-flop clocked by clock_main)
  Path Group: clock_main
  Path Type: min

  Des/Clust/Port     Wire Load Model       Library
  ------------------------------------------------
  poly_fast_split_mult_kernel
                     ZeroWireload          tcbn28hpcplusbwp40p140hvtssg0p81vm40c_ccs
  usint_ext_mult_0_DP_OP_17J2_137_1390_J2_0_54
                     ZeroWireload          tcbn28hpcplusbwp40p140hvtssg0p81vm40c_ccs
  usint_ext_mult_0_DW_mult_uns_J2_0_54
                     ZeroWireload          tcbn28hpcplusbwp40p140hvtssg0p81vm40c_ccs

  Point                                                   Incr       Path
  --------------------------------------------------------------------------
  clock clock_main (rise edge)                            0.00       0.00
  clock network delay (ideal)                             0.00       0.00
  REG_52_reg_15_/CP (DFQD1BWP40P140)                      0.00 #     0.00 r
  REG_52_reg_15_/Q (DFQD1BWP40P140)                       0.08       0.08 r
  usint_ext_mult_26/DP_OP_17J2_137_1390/U294/ZN (MUX2NUD1BWP40P140)
                                                          0.02       0.10 f
  usint_ext_mult_26/U69/Z (AO22D1BWP40P140LVT)            0.02       0.11 f
  usint_ext_mult_26/holdh_delay_reg_15_/D (DFKCNQD1BWP40P140)
                                                          0.00       0.11 f
  data arrival time                                                  0.11

  clock clock_main (rise edge)                            0.00       0.00
  clock network delay (ideal)                             0.00       0.00
  clock uncertainty                                       0.10       0.10
  usint_ext_mult_26/holdh_delay_reg_15_/CP (DFKCNQD1BWP40P140)
                                                          0.00       0.10 r
  library hold time                                       0.02       0.12
  data required time                                                 0.12
  --------------------------------------------------------------------------
  data required time                                                 0.12
  data arrival time                                                 -0.11
  --------------------------------------------------------------------------
  slack (VIOLATED: increase significant digits)                      0.00


  Startpoint: REG_54_reg_15_
              (rising edge-triggered flip-flop clocked by clock_main)
  Endpoint: usint_ext_mult_27/holdh_delay_reg_15_
            (rising edge-triggered flip-flop clocked by clock_main)
  Path Group: clock_main
  Path Type: min

  Des/Clust/Port     Wire Load Model       Library
  ------------------------------------------------
  poly_fast_split_mult_kernel
                     ZeroWireload          tcbn28hpcplusbwp40p140hvtssg0p81vm40c_ccs
  usint_ext_mult_0_DP_OP_17J2_137_1390_J2_0_53
                     ZeroWireload          tcbn28hpcplusbwp40p140hvtssg0p81vm40c_ccs
  usint_ext_mult_0_DW_mult_uns_J2_0_53
                     ZeroWireload          tcbn28hpcplusbwp40p140hvtssg0p81vm40c_ccs

  Point                                                   Incr       Path
  --------------------------------------------------------------------------
  clock clock_main (rise edge)                            0.00       0.00
  clock network delay (ideal)                             0.00       0.00
  REG_54_reg_15_/CP (DFQD1BWP40P140)                      0.00 #     0.00 r
  REG_54_reg_15_/Q (DFQD1BWP40P140)                       0.08       0.08 r
  usint_ext_mult_27/DP_OP_17J2_137_1390/U295/ZN (MUX2NUD1BWP40P140)
                                                          0.02       0.10 f
  usint_ext_mult_27/U57/Z (AO22D1BWP40P140LVT)            0.02       0.11 f
  usint_ext_mult_27/holdh_delay_reg_15_/D (DFKCNQD1BWP40P140)
                                                          0.00       0.11 f
  data arrival time                                                  0.11

  clock clock_main (rise edge)                            0.00       0.00
  clock network delay (ideal)                             0.00       0.00
  clock uncertainty                                       0.10       0.10
  usint_ext_mult_27/holdh_delay_reg_15_/CP (DFKCNQD1BWP40P140)
                                                          0.00       0.10 r
  library hold time                                       0.02       0.12
  data required time                                                 0.12
  --------------------------------------------------------------------------
  data required time                                                 0.12
  data arrival time                                                 -0.11
  --------------------------------------------------------------------------
  slack (VIOLATED: increase significant digits)                      0.00


  Startpoint: REG_56_reg_15_
              (rising edge-triggered flip-flop clocked by clock_main)
  Endpoint: usint_ext_mult_28/holdh_delay_reg_15_
            (rising edge-triggered flip-flop clocked by clock_main)
  Path Group: clock_main
  Path Type: min

  Des/Clust/Port     Wire Load Model       Library
  ------------------------------------------------
  poly_fast_split_mult_kernel
                     ZeroWireload          tcbn28hpcplusbwp40p140hvtssg0p81vm40c_ccs
  usint_ext_mult_0_DP_OP_17J2_137_1390_J2_0_52
                     ZeroWireload          tcbn28hpcplusbwp40p140hvtssg0p81vm40c_ccs
  usint_ext_mult_0_DW_mult_uns_J2_0_52
                     ZeroWireload          tcbn28hpcplusbwp40p140hvtssg0p81vm40c_ccs

  Point                                                   Incr       Path
  --------------------------------------------------------------------------
  clock clock_main (rise edge)                            0.00       0.00
  clock network delay (ideal)                             0.00       0.00
  REG_56_reg_15_/CP (DFQD1BWP40P140)                      0.00 #     0.00 r
  REG_56_reg_15_/Q (DFQD1BWP40P140)                       0.08       0.08 r
  usint_ext_mult_28/DP_OP_17J2_137_1390/U291/ZN (MUX2NUD1BWP40P140)
                                                          0.02       0.10 f
  usint_ext_mult_28/U57/Z (AO22D1BWP40P140LVT)            0.02       0.11 f
  usint_ext_mult_28/holdh_delay_reg_15_/D (DFKCNQD1BWP40P140)
                                                          0.00       0.11 f
  data arrival time                                                  0.11

  clock clock_main (rise edge)                            0.00       0.00
  clock network delay (ideal)                             0.00       0.00
  clock uncertainty                                       0.10       0.10
  usint_ext_mult_28/holdh_delay_reg_15_/CP (DFKCNQD1BWP40P140)
                                                          0.00       0.10 r
  library hold time                                       0.02       0.12
  data required time                                                 0.12
  --------------------------------------------------------------------------
  data required time                                                 0.12
  data arrival time                                                 -0.11
  --------------------------------------------------------------------------
  slack (VIOLATED: increase significant digits)                      0.00


  Startpoint: REG_58_reg_15_
              (rising edge-triggered flip-flop clocked by clock_main)
  Endpoint: usint_ext_mult_29/holdh_delay_reg_15_
            (rising edge-triggered flip-flop clocked by clock_main)
  Path Group: clock_main
  Path Type: min

  Des/Clust/Port     Wire Load Model       Library
  ------------------------------------------------
  poly_fast_split_mult_kernel
                     ZeroWireload          tcbn28hpcplusbwp40p140hvtssg0p81vm40c_ccs
  usint_ext_mult_0_DP_OP_17J2_137_1390_J2_0_51
                     ZeroWireload          tcbn28hpcplusbwp40p140hvtssg0p81vm40c_ccs
  usint_ext_mult_0_DW_mult_uns_J2_0_51
                     ZeroWireload          tcbn28hpcplusbwp40p140hvtssg0p81vm40c_ccs

  Point                                                   Incr       Path
  --------------------------------------------------------------------------
  clock clock_main (rise edge)                            0.00       0.00
  clock network delay (ideal)                             0.00       0.00
  REG_58_reg_15_/CP (DFQD1BWP40P140)                      0.00 #     0.00 r
  REG_58_reg_15_/Q (DFQD1BWP40P140)                       0.08       0.08 r
  usint_ext_mult_29/DP_OP_17J2_137_1390/U292/ZN (MUX2NUD1BWP40P140)
                                                          0.02       0.10 f
  usint_ext_mult_29/U59/Z (AO22D1BWP40P140LVT)            0.02       0.11 f
  usint_ext_mult_29/holdh_delay_reg_15_/D (DFKCNQD1BWP40P140)
                                                          0.00       0.11 f
  data arrival time                                                  0.11

  clock clock_main (rise edge)                            0.00       0.00
  clock network delay (ideal)                             0.00       0.00
  clock uncertainty                                       0.10       0.10
  usint_ext_mult_29/holdh_delay_reg_15_/CP (DFKCNQD1BWP40P140)
                                                          0.00       0.10 r
  library hold time                                       0.02       0.12
  data required time                                                 0.12
  --------------------------------------------------------------------------
  data required time                                                 0.12
  data arrival time                                                 -0.11
  --------------------------------------------------------------------------
  slack (VIOLATED: increase significant digits)                      0.00


  Startpoint: REG_60_reg_15_
              (rising edge-triggered flip-flop clocked by clock_main)
  Endpoint: usint_ext_mult_30/holdh_delay_reg_15_
            (rising edge-triggered flip-flop clocked by clock_main)
  Path Group: clock_main
  Path Type: min

  Des/Clust/Port     Wire Load Model       Library
  ------------------------------------------------
  poly_fast_split_mult_kernel
                     ZeroWireload          tcbn28hpcplusbwp40p140hvtssg0p81vm40c_ccs
  usint_ext_mult_0_DP_OP_17J2_137_1390_J2_0_50
                     ZeroWireload          tcbn28hpcplusbwp40p140hvtssg0p81vm40c_ccs
  usint_ext_mult_0_DW_mult_uns_J2_0_50
                     ZeroWireload          tcbn28hpcplusbwp40p140hvtssg0p81vm40c_ccs

  Point                                                   Incr       Path
  --------------------------------------------------------------------------
  clock clock_main (rise edge)                            0.00       0.00
  clock network delay (ideal)                             0.00       0.00
  REG_60_reg_15_/CP (DFQD1BWP40P140)                      0.00 #     0.00 r
  REG_60_reg_15_/Q (DFQD1BWP40P140)                       0.08       0.08 r
  usint_ext_mult_30/DP_OP_17J2_137_1390/U291/ZN (MUX2NUD1BWP40P140)
                                                          0.02       0.10 f
  usint_ext_mult_30/U57/Z (AO22D1BWP40P140LVT)            0.02       0.11 f
  usint_ext_mult_30/holdh_delay_reg_15_/D (DFKCNQD1BWP40P140)
                                                          0.00       0.11 f
  data arrival time                                                  0.11

  clock clock_main (rise edge)                            0.00       0.00
  clock network delay (ideal)                             0.00       0.00
  clock uncertainty                                       0.10       0.10
  usint_ext_mult_30/holdh_delay_reg_15_/CP (DFKCNQD1BWP40P140)
                                                          0.00       0.10 r
  library hold time                                       0.02       0.12
  data required time                                                 0.12
  --------------------------------------------------------------------------
  data required time                                                 0.12
  data arrival time                                                 -0.11
  --------------------------------------------------------------------------
  slack (VIOLATED: increase significant digits)                      0.00


  Startpoint: REG_62_reg_15_
              (rising edge-triggered flip-flop clocked by clock_main)
  Endpoint: usint_ext_mult_31/holdh_delay_reg_15_
            (rising edge-triggered flip-flop clocked by clock_main)
  Path Group: clock_main
  Path Type: min

  Des/Clust/Port     Wire Load Model       Library
  ------------------------------------------------
  poly_fast_split_mult_kernel
                     ZeroWireload          tcbn28hpcplusbwp40p140hvtssg0p81vm40c_ccs
  usint_ext_mult_0_DP_OP_17J2_137_1390_J2_0_49
                     ZeroWireload          tcbn28hpcplusbwp40p140hvtssg0p81vm40c_ccs
  usint_ext_mult_0_DW_mult_uns_J2_0_49
                     ZeroWireload          tcbn28hpcplusbwp40p140hvtssg0p81vm40c_ccs

  Point                                                   Incr       Path
  --------------------------------------------------------------------------
  clock clock_main (rise edge)                            0.00       0.00
  clock network delay (ideal)                             0.00       0.00
  REG_62_reg_15_/CP (DFQD1BWP40P140)                      0.00 #     0.00 r
  REG_62_reg_15_/Q (DFQD1BWP40P140)                       0.08       0.08 r
  usint_ext_mult_31/DP_OP_17J2_137_1390/U294/ZN (MUX2NUD1BWP40P140)
                                                          0.02       0.10 f
  usint_ext_mult_31/U57/Z (AO22D1BWP40P140LVT)            0.02       0.11 f
  usint_ext_mult_31/holdh_delay_reg_15_/D (DFKCNQD1BWP40P140)
                                                          0.00       0.11 f
  data arrival time                                                  0.11

  clock clock_main (rise edge)                            0.00       0.00
  clock network delay (ideal)                             0.00       0.00
  clock uncertainty                                       0.10       0.10
  usint_ext_mult_31/holdh_delay_reg_15_/CP (DFKCNQD1BWP40P140)
                                                          0.00       0.10 r
  library hold time                                       0.02       0.12
  data required time                                                 0.12
  --------------------------------------------------------------------------
  data required time                                                 0.12
  data arrival time                                                 -0.11
  --------------------------------------------------------------------------
  slack (VIOLATED: increase significant digits)                      0.00


  Startpoint: REG_64_reg_15_
              (rising edge-triggered flip-flop clocked by clock_main)
  Endpoint: usint_ext_mult_32/holdh_delay_reg_15_
            (rising edge-triggered flip-flop clocked by clock_main)
  Path Group: clock_main
  Path Type: min

  Des/Clust/Port     Wire Load Model       Library
  ------------------------------------------------
  poly_fast_split_mult_kernel
                     ZeroWireload          tcbn28hpcplusbwp40p140hvtssg0p81vm40c_ccs
  usint_ext_mult_0_DP_OP_17J2_137_1390_J2_0_48
                     ZeroWireload          tcbn28hpcplusbwp40p140hvtssg0p81vm40c_ccs
  usint_ext_mult_0_DW_mult_uns_J2_0_48
                     ZeroWireload          tcbn28hpcplusbwp40p140hvtssg0p81vm40c_ccs

  Point                                                   Incr       Path
  --------------------------------------------------------------------------
  clock clock_main (rise edge)                            0.00       0.00
  clock network delay (ideal)                             0.00       0.00
  REG_64_reg_15_/CP (DFQD1BWP40P140)                      0.00 #     0.00 r
  REG_64_reg_15_/Q (DFQD1BWP40P140)                       0.08       0.08 r
  usint_ext_mult_32/DP_OP_17J2_137_1390/U293/ZN (MUX2NUD1BWP40P140)
                                                          0.02       0.10 f
  usint_ext_mult_32/U59/Z (AO22D1BWP40P140LVT)            0.02       0.11 f
  usint_ext_mult_32/holdh_delay_reg_15_/D (DFKCNQD1BWP40P140)
                                                          0.00       0.11 f
  data arrival time                                                  0.11

  clock clock_main (rise edge)                            0.00       0.00
  clock network delay (ideal)                             0.00       0.00
  clock uncertainty                                       0.10       0.10
  usint_ext_mult_32/holdh_delay_reg_15_/CP (DFKCNQD1BWP40P140)
                                                          0.00       0.10 r
  library hold time                                       0.02       0.12
  data required time                                                 0.12
  --------------------------------------------------------------------------
  data required time                                                 0.12
  data arrival time                                                 -0.11
  --------------------------------------------------------------------------
  slack (VIOLATED: increase significant digits)                      0.00


  Startpoint: REG_66_reg_15_
              (rising edge-triggered flip-flop clocked by clock_main)
  Endpoint: usint_ext_mult_33/holdh_delay_reg_15_
            (rising edge-triggered flip-flop clocked by clock_main)
  Path Group: clock_main
  Path Type: min

  Des/Clust/Port     Wire Load Model       Library
  ------------------------------------------------
  poly_fast_split_mult_kernel
                     ZeroWireload          tcbn28hpcplusbwp40p140hvtssg0p81vm40c_ccs
  usint_ext_mult_0_DP_OP_17J2_137_1390_J2_0_47
                     ZeroWireload          tcbn28hpcplusbwp40p140hvtssg0p81vm40c_ccs
  usint_ext_mult_0_DW_mult_uns_J2_0_47
                     ZeroWireload          tcbn28hpcplusbwp40p140hvtssg0p81vm40c_ccs

  Point                                                   Incr       Path
  --------------------------------------------------------------------------
  clock clock_main (rise edge)                            0.00       0.00
  clock network delay (ideal)                             0.00       0.00
  REG_66_reg_15_/CP (DFQD1BWP40P140)                      0.00 #     0.00 r
  REG_66_reg_15_/Q (DFQD1BWP40P140)                       0.08       0.08 r
  usint_ext_mult_33/DP_OP_17J2_137_1390/U293/ZN (MUX2NUD1BWP40P140)
                                                          0.02       0.10 f
  usint_ext_mult_33/U69/Z (AO22D1BWP40P140LVT)            0.02       0.11 f
  usint_ext_mult_33/holdh_delay_reg_15_/D (DFKCNQD1BWP40P140)
                                                          0.00       0.11 f
  data arrival time                                                  0.11

  clock clock_main (rise edge)                            0.00       0.00
  clock network delay (ideal)                             0.00       0.00
  clock uncertainty                                       0.10       0.10
  usint_ext_mult_33/holdh_delay_reg_15_/CP (DFKCNQD1BWP40P140)
                                                          0.00       0.10 r
  library hold time                                       0.02       0.12
  data required time                                                 0.12
  --------------------------------------------------------------------------
  data required time                                                 0.12
  data arrival time                                                 -0.11
  --------------------------------------------------------------------------
  slack (VIOLATED: increase significant digits)                      0.00


  Startpoint: REG_68_reg_15_
              (rising edge-triggered flip-flop clocked by clock_main)
  Endpoint: usint_ext_mult_34/holdh_delay_reg_15_
            (rising edge-triggered flip-flop clocked by clock_main)
  Path Group: clock_main
  Path Type: min

  Des/Clust/Port     Wire Load Model       Library
  ------------------------------------------------
  poly_fast_split_mult_kernel
                     ZeroWireload          tcbn28hpcplusbwp40p140hvtssg0p81vm40c_ccs
  usint_ext_mult_0_DP_OP_17J2_137_1390_J2_0_46
                     ZeroWireload          tcbn28hpcplusbwp40p140hvtssg0p81vm40c_ccs
  usint_ext_mult_0_DW_mult_uns_J2_0_46
                     ZeroWireload          tcbn28hpcplusbwp40p140hvtssg0p81vm40c_ccs

  Point                                                   Incr       Path
  --------------------------------------------------------------------------
  clock clock_main (rise edge)                            0.00       0.00
  clock network delay (ideal)                             0.00       0.00
  REG_68_reg_15_/CP (DFQD1BWP40P140)                      0.00 #     0.00 r
  REG_68_reg_15_/Q (DFQD1BWP40P140)                       0.08       0.08 r
  usint_ext_mult_34/DP_OP_17J2_137_1390/U293/ZN (MUX2NUD1BWP40P140)
                                                          0.02       0.10 f
  usint_ext_mult_34/U69/Z (AO22D1BWP40P140LVT)            0.02       0.11 f
  usint_ext_mult_34/holdh_delay_reg_15_/D (DFKCNQD1BWP40P140)
                                                          0.00       0.11 f
  data arrival time                                                  0.11

  clock clock_main (rise edge)                            0.00       0.00
  clock network delay (ideal)                             0.00       0.00
  clock uncertainty                                       0.10       0.10
  usint_ext_mult_34/holdh_delay_reg_15_/CP (DFKCNQD1BWP40P140)
                                                          0.00       0.10 r
  library hold time                                       0.02       0.12
  data required time                                                 0.12
  --------------------------------------------------------------------------
  data required time                                                 0.12
  data arrival time                                                 -0.11
  --------------------------------------------------------------------------
  slack (VIOLATED: increase significant digits)                      0.00


  Startpoint: REG_70_reg_15_
              (rising edge-triggered flip-flop clocked by clock_main)
  Endpoint: usint_ext_mult_35/holdh_delay_reg_15_
            (rising edge-triggered flip-flop clocked by clock_main)
  Path Group: clock_main
  Path Type: min

  Des/Clust/Port     Wire Load Model       Library
  ------------------------------------------------
  poly_fast_split_mult_kernel
                     ZeroWireload          tcbn28hpcplusbwp40p140hvtssg0p81vm40c_ccs
  usint_ext_mult_0_DP_OP_17J2_137_1390_J2_0_45
                     ZeroWireload          tcbn28hpcplusbwp40p140hvtssg0p81vm40c_ccs
  usint_ext_mult_0_DW_mult_uns_J2_0_45
                     ZeroWireload          tcbn28hpcplusbwp40p140hvtssg0p81vm40c_ccs

  Point                                                   Incr       Path
  --------------------------------------------------------------------------
  clock clock_main (rise edge)                            0.00       0.00
  clock network delay (ideal)                             0.00       0.00
  REG_70_reg_15_/CP (DFQD1BWP40P140)                      0.00 #     0.00 r
  REG_70_reg_15_/Q (DFQD1BWP40P140)                       0.08       0.08 r
  usint_ext_mult_35/DP_OP_17J2_137_1390/U290/ZN (MUX2NUD1BWP40P140)
                                                          0.02       0.10 f
  usint_ext_mult_35/U69/Z (AO22D1BWP40P140LVT)            0.02       0.11 f
  usint_ext_mult_35/holdh_delay_reg_15_/D (DFKCNQD1BWP40P140)
                                                          0.00       0.11 f
  data arrival time                                                  0.11

  clock clock_main (rise edge)                            0.00       0.00
  clock network delay (ideal)                             0.00       0.00
  clock uncertainty                                       0.10       0.10
  usint_ext_mult_35/holdh_delay_reg_15_/CP (DFKCNQD1BWP40P140)
                                                          0.00       0.10 r
  library hold time                                       0.02       0.12
  data required time                                                 0.12
  --------------------------------------------------------------------------
  data required time                                                 0.12
  data arrival time                                                 -0.11
  --------------------------------------------------------------------------
  slack (VIOLATED: increase significant digits)                      0.00


  Startpoint: REG_72_reg_15_
              (rising edge-triggered flip-flop clocked by clock_main)
  Endpoint: usint_ext_mult_36/holdh_delay_reg_15_
            (rising edge-triggered flip-flop clocked by clock_main)
  Path Group: clock_main
  Path Type: min

  Des/Clust/Port     Wire Load Model       Library
  ------------------------------------------------
  poly_fast_split_mult_kernel
                     ZeroWireload          tcbn28hpcplusbwp40p140hvtssg0p81vm40c_ccs
  usint_ext_mult_0_DP_OP_17J2_137_1390_J2_0_44
                     ZeroWireload          tcbn28hpcplusbwp40p140hvtssg0p81vm40c_ccs
  usint_ext_mult_0_DW_mult_uns_J2_0_44
                     ZeroWireload          tcbn28hpcplusbwp40p140hvtssg0p81vm40c_ccs

  Point                                                   Incr       Path
  --------------------------------------------------------------------------
  clock clock_main (rise edge)                            0.00       0.00
  clock network delay (ideal)                             0.00       0.00
  REG_72_reg_15_/CP (DFQD1BWP40P140)                      0.00 #     0.00 r
  REG_72_reg_15_/Q (DFQD1BWP40P140)                       0.08       0.08 r
  usint_ext_mult_36/DP_OP_17J2_137_1390/U294/ZN (MUX2NUD1BWP40P140)
                                                          0.02       0.10 f
  usint_ext_mult_36/U57/Z (AO22D1BWP40P140LVT)            0.02       0.11 f
  usint_ext_mult_36/holdh_delay_reg_15_/D (DFKCNQD1BWP40P140)
                                                          0.00       0.11 f
  data arrival time                                                  0.11

  clock clock_main (rise edge)                            0.00       0.00
  clock network delay (ideal)                             0.00       0.00
  clock uncertainty                                       0.10       0.10
  usint_ext_mult_36/holdh_delay_reg_15_/CP (DFKCNQD1BWP40P140)
                                                          0.00       0.10 r
  library hold time                                       0.02       0.12
  data required time                                                 0.12
  --------------------------------------------------------------------------
  data required time                                                 0.12
  data arrival time                                                 -0.11
  --------------------------------------------------------------------------
  slack (VIOLATED: increase significant digits)                      0.00


  Startpoint: REG_74_reg_15_
              (rising edge-triggered flip-flop clocked by clock_main)
  Endpoint: usint_ext_mult_37/holdh_delay_reg_15_
            (rising edge-triggered flip-flop clocked by clock_main)
  Path Group: clock_main
  Path Type: min

  Des/Clust/Port     Wire Load Model       Library
  ------------------------------------------------
  poly_fast_split_mult_kernel
                     ZeroWireload          tcbn28hpcplusbwp40p140hvtssg0p81vm40c_ccs
  usint_ext_mult_0_DP_OP_17J2_137_1390_J2_0_43
                     ZeroWireload          tcbn28hpcplusbwp40p140hvtssg0p81vm40c_ccs
  usint_ext_mult_0_DW_mult_uns_J2_0_43
                     ZeroWireload          tcbn28hpcplusbwp40p140hvtssg0p81vm40c_ccs

  Point                                                   Incr       Path
  --------------------------------------------------------------------------
  clock clock_main (rise edge)                            0.00       0.00
  clock network delay (ideal)                             0.00       0.00
  REG_74_reg_15_/CP (DFQD1BWP40P140)                      0.00 #     0.00 r
  REG_74_reg_15_/Q (DFQD1BWP40P140)                       0.08       0.08 r
  usint_ext_mult_37/DP_OP_17J2_137_1390/U291/ZN (MUX2NUD1BWP40P140)
                                                          0.02       0.10 f
  usint_ext_mult_37/U57/Z (AO22D1BWP40P140LVT)            0.02       0.11 f
  usint_ext_mult_37/holdh_delay_reg_15_/D (DFKCNQD1BWP40P140)
                                                          0.00       0.11 f
  data arrival time                                                  0.11

  clock clock_main (rise edge)                            0.00       0.00
  clock network delay (ideal)                             0.00       0.00
  clock uncertainty                                       0.10       0.10
  usint_ext_mult_37/holdh_delay_reg_15_/CP (DFKCNQD1BWP40P140)
                                                          0.00       0.10 r
  library hold time                                       0.02       0.12
  data required time                                                 0.12
  --------------------------------------------------------------------------
  data required time                                                 0.12
  data arrival time                                                 -0.11
  --------------------------------------------------------------------------
  slack (VIOLATED: increase significant digits)                      0.00


  Startpoint: REG_76_reg_15_
              (rising edge-triggered flip-flop clocked by clock_main)
  Endpoint: usint_ext_mult_38/holdh_delay_reg_15_
            (rising edge-triggered flip-flop clocked by clock_main)
  Path Group: clock_main
  Path Type: min

  Des/Clust/Port     Wire Load Model       Library
  ------------------------------------------------
  poly_fast_split_mult_kernel
                     ZeroWireload          tcbn28hpcplusbwp40p140hvtssg0p81vm40c_ccs
  usint_ext_mult_0_DP_OP_17J2_137_1390_J2_0_42
                     ZeroWireload          tcbn28hpcplusbwp40p140hvtssg0p81vm40c_ccs
  usint_ext_mult_0_DW_mult_uns_J2_0_42
                     ZeroWireload          tcbn28hpcplusbwp40p140hvtssg0p81vm40c_ccs

  Point                                                   Incr       Path
  --------------------------------------------------------------------------
  clock clock_main (rise edge)                            0.00       0.00
  clock network delay (ideal)                             0.00       0.00
  REG_76_reg_15_/CP (DFQD1BWP40P140)                      0.00 #     0.00 r
  REG_76_reg_15_/Q (DFQD1BWP40P140)                       0.08       0.08 r
  usint_ext_mult_38/DP_OP_17J2_137_1390/U293/ZN (MUX2NUD1BWP40P140)
                                                          0.02       0.10 f
  usint_ext_mult_38/U59/Z (AO22D1BWP40P140LVT)            0.02       0.11 f
  usint_ext_mult_38/holdh_delay_reg_15_/D (DFKCNQD1BWP40P140)
                                                          0.00       0.11 f
  data arrival time                                                  0.11

  clock clock_main (rise edge)                            0.00       0.00
  clock network delay (ideal)                             0.00       0.00
  clock uncertainty                                       0.10       0.10
  usint_ext_mult_38/holdh_delay_reg_15_/CP (DFKCNQD1BWP40P140)
                                                          0.00       0.10 r
  library hold time                                       0.02       0.12
  data required time                                                 0.12
  --------------------------------------------------------------------------
  data required time                                                 0.12
  data arrival time                                                 -0.11
  --------------------------------------------------------------------------
  slack (VIOLATED: increase significant digits)                      0.00


  Startpoint: REG_78_reg_15_
              (rising edge-triggered flip-flop clocked by clock_main)
  Endpoint: usint_ext_mult_39/holdh_delay_reg_15_
            (rising edge-triggered flip-flop clocked by clock_main)
  Path Group: clock_main
  Path Type: min

  Des/Clust/Port     Wire Load Model       Library
  ------------------------------------------------
  poly_fast_split_mult_kernel
                     ZeroWireload          tcbn28hpcplusbwp40p140hvtssg0p81vm40c_ccs
  usint_ext_mult_0_DP_OP_17J2_137_1390_J2_0_41
                     ZeroWireload          tcbn28hpcplusbwp40p140hvtssg0p81vm40c_ccs
  usint_ext_mult_0_DW_mult_uns_J2_0_41
                     ZeroWireload          tcbn28hpcplusbwp40p140hvtssg0p81vm40c_ccs

  Point                                                   Incr       Path
  --------------------------------------------------------------------------
  clock clock_main (rise edge)                            0.00       0.00
  clock network delay (ideal)                             0.00       0.00
  REG_78_reg_15_/CP (DFQD1BWP40P140)                      0.00 #     0.00 r
  REG_78_reg_15_/Q (DFQD1BWP40P140)                       0.08       0.08 r
  usint_ext_mult_39/DP_OP_17J2_137_1390/U293/ZN (MUX2NUD1BWP40P140)
                                                          0.02       0.10 f
  usint_ext_mult_39/U57/Z (AO22D1BWP40P140LVT)            0.02       0.11 f
  usint_ext_mult_39/holdh_delay_reg_15_/D (DFKCNQD1BWP40P140)
                                                          0.00       0.11 f
  data arrival time                                                  0.11

  clock clock_main (rise edge)                            0.00       0.00
  clock network delay (ideal)                             0.00       0.00
  clock uncertainty                                       0.10       0.10
  usint_ext_mult_39/holdh_delay_reg_15_/CP (DFKCNQD1BWP40P140)
                                                          0.00       0.10 r
  library hold time                                       0.02       0.12
  data required time                                                 0.12
  --------------------------------------------------------------------------
  data required time                                                 0.12
  data arrival time                                                 -0.11
  --------------------------------------------------------------------------
  slack (VIOLATED: increase significant digits)                      0.00


  Startpoint: REG_80_reg_15_
              (rising edge-triggered flip-flop clocked by clock_main)
  Endpoint: usint_ext_mult_40/holdh_delay_reg_15_
            (rising edge-triggered flip-flop clocked by clock_main)
  Path Group: clock_main
  Path Type: min

  Des/Clust/Port     Wire Load Model       Library
  ------------------------------------------------
  poly_fast_split_mult_kernel
                     ZeroWireload          tcbn28hpcplusbwp40p140hvtssg0p81vm40c_ccs
  usint_ext_mult_0_DP_OP_17J2_137_1390_J2_0_40
                     ZeroWireload          tcbn28hpcplusbwp40p140hvtssg0p81vm40c_ccs
  usint_ext_mult_0_DW_mult_uns_J2_0_40
                     ZeroWireload          tcbn28hpcplusbwp40p140hvtssg0p81vm40c_ccs

  Point                                                   Incr       Path
  --------------------------------------------------------------------------
  clock clock_main (rise edge)                            0.00       0.00
  clock network delay (ideal)                             0.00       0.00
  REG_80_reg_15_/CP (DFQD1BWP40P140)                      0.00 #     0.00 r
  REG_80_reg_15_/Q (DFQD1BWP40P140)                       0.08       0.08 r
  usint_ext_mult_40/DP_OP_17J2_137_1390/U291/ZN (MUX2NUD1BWP40P140)
                                                          0.02       0.10 f
  usint_ext_mult_40/U57/Z (AO22D1BWP40P140LVT)            0.02       0.11 f
  usint_ext_mult_40/holdh_delay_reg_15_/D (DFKCNQD1BWP40P140)
                                                          0.00       0.11 f
  data arrival time                                                  0.11

  clock clock_main (rise edge)                            0.00       0.00
  clock network delay (ideal)                             0.00       0.00
  clock uncertainty                                       0.10       0.10
  usint_ext_mult_40/holdh_delay_reg_15_/CP (DFKCNQD1BWP40P140)
                                                          0.00       0.10 r
  library hold time                                       0.02       0.12
  data required time                                                 0.12
  --------------------------------------------------------------------------
  data required time                                                 0.12
  data arrival time                                                 -0.11
  --------------------------------------------------------------------------
  slack (VIOLATED: increase significant digits)                      0.00


  Startpoint: REG_82_reg_15_
              (rising edge-triggered flip-flop clocked by clock_main)
  Endpoint: usint_ext_mult_41/holdh_delay_reg_15_
            (rising edge-triggered flip-flop clocked by clock_main)
  Path Group: clock_main
  Path Type: min

  Des/Clust/Port     Wire Load Model       Library
  ------------------------------------------------
  poly_fast_split_mult_kernel
                     ZeroWireload          tcbn28hpcplusbwp40p140hvtssg0p81vm40c_ccs
  usint_ext_mult_0_DP_OP_17J2_137_1390_J2_0_39
                     ZeroWireload          tcbn28hpcplusbwp40p140hvtssg0p81vm40c_ccs
  usint_ext_mult_0_DW_mult_uns_J2_0_39
                     ZeroWireload          tcbn28hpcplusbwp40p140hvtssg0p81vm40c_ccs

  Point                                                   Incr       Path
  --------------------------------------------------------------------------
  clock clock_main (rise edge)                            0.00       0.00
  clock network delay (ideal)                             0.00       0.00
  REG_82_reg_15_/CP (DFQD1BWP40P140)                      0.00 #     0.00 r
  REG_82_reg_15_/Q (DFQD1BWP40P140)                       0.08       0.08 r
  usint_ext_mult_41/DP_OP_17J2_137_1390/U292/ZN (MUX2NUD1BWP40P140)
                                                          0.02       0.10 f
  usint_ext_mult_41/U59/Z (AO22D1BWP40P140LVT)            0.02       0.11 f
  usint_ext_mult_41/holdh_delay_reg_15_/D (DFKCNQD1BWP40P140)
                                                          0.00       0.11 f
  data arrival time                                                  0.11

  clock clock_main (rise edge)                            0.00       0.00
  clock network delay (ideal)                             0.00       0.00
  clock uncertainty                                       0.10       0.10
  usint_ext_mult_41/holdh_delay_reg_15_/CP (DFKCNQD1BWP40P140)
                                                          0.00       0.10 r
  library hold time                                       0.02       0.12
  data required time                                                 0.12
  --------------------------------------------------------------------------
  data required time                                                 0.12
  data arrival time                                                 -0.11
  --------------------------------------------------------------------------
  slack (VIOLATED: increase significant digits)                      0.00


  Startpoint: REG_84_reg_15_
              (rising edge-triggered flip-flop clocked by clock_main)
  Endpoint: usint_ext_mult_42/holdh_delay_reg_15_
            (rising edge-triggered flip-flop clocked by clock_main)
  Path Group: clock_main
  Path Type: min

  Des/Clust/Port     Wire Load Model       Library
  ------------------------------------------------
  poly_fast_split_mult_kernel
                     ZeroWireload          tcbn28hpcplusbwp40p140hvtssg0p81vm40c_ccs
  usint_ext_mult_0_DP_OP_17J2_137_1390_J2_0_38
                     ZeroWireload          tcbn28hpcplusbwp40p140hvtssg0p81vm40c_ccs
  usint_ext_mult_0_DW_mult_uns_J2_0_38
                     ZeroWireload          tcbn28hpcplusbwp40p140hvtssg0p81vm40c_ccs

  Point                                                   Incr       Path
  --------------------------------------------------------------------------
  clock clock_main (rise edge)                            0.00       0.00
  clock network delay (ideal)                             0.00       0.00
  REG_84_reg_15_/CP (DFQD1BWP40P140)                      0.00 #     0.00 r
  REG_84_reg_15_/Q (DFQD1BWP40P140)                       0.08       0.08 r
  usint_ext_mult_42/DP_OP_17J2_137_1390/U293/ZN (MUX2NUD1BWP40P140)
                                                          0.02       0.10 f
  usint_ext_mult_42/U69/Z (AO22D1BWP40P140LVT)            0.02       0.11 f
  usint_ext_mult_42/holdh_delay_reg_15_/D (DFKCNQD1BWP40P140)
                                                          0.00       0.11 f
  data arrival time                                                  0.11

  clock clock_main (rise edge)                            0.00       0.00
  clock network delay (ideal)                             0.00       0.00
  clock uncertainty                                       0.10       0.10
  usint_ext_mult_42/holdh_delay_reg_15_/CP (DFKCNQD1BWP40P140)
                                                          0.00       0.10 r
  library hold time                                       0.02       0.12
  data required time                                                 0.12
  --------------------------------------------------------------------------
  data required time                                                 0.12
  data arrival time                                                 -0.11
  --------------------------------------------------------------------------
  slack (VIOLATED: increase significant digits)                      0.00


  Startpoint: REG_86_reg_15_
              (rising edge-triggered flip-flop clocked by clock_main)
  Endpoint: usint_ext_mult_43/holdh_delay_reg_15_
            (rising edge-triggered flip-flop clocked by clock_main)
  Path Group: clock_main
  Path Type: min

  Des/Clust/Port     Wire Load Model       Library
  ------------------------------------------------
  poly_fast_split_mult_kernel
                     ZeroWireload          tcbn28hpcplusbwp40p140hvtssg0p81vm40c_ccs
  usint_ext_mult_0_DP_OP_17J2_137_1390_J2_0_37
                     ZeroWireload          tcbn28hpcplusbwp40p140hvtssg0p81vm40c_ccs
  usint_ext_mult_0_DW_mult_uns_J2_0_37
                     ZeroWireload          tcbn28hpcplusbwp40p140hvtssg0p81vm40c_ccs

  Point                                                   Incr       Path
  --------------------------------------------------------------------------
  clock clock_main (rise edge)                            0.00       0.00
  clock network delay (ideal)                             0.00       0.00
  REG_86_reg_15_/CP (DFQD1BWP40P140)                      0.00 #     0.00 r
  REG_86_reg_15_/Q (DFQD1BWP40P140)                       0.08       0.08 r
  usint_ext_mult_43/DP_OP_17J2_137_1390/U293/ZN (MUX2NUD1BWP40P140)
                                                          0.02       0.10 f
  usint_ext_mult_43/U69/Z (AO22D1BWP40P140LVT)            0.02       0.11 f
  usint_ext_mult_43/holdh_delay_reg_15_/D (DFKCNQD1BWP40P140)
                                                          0.00       0.11 f
  data arrival time                                                  0.11

  clock clock_main (rise edge)                            0.00       0.00
  clock network delay (ideal)                             0.00       0.00
  clock uncertainty                                       0.10       0.10
  usint_ext_mult_43/holdh_delay_reg_15_/CP (DFKCNQD1BWP40P140)
                                                          0.00       0.10 r
  library hold time                                       0.02       0.12
  data required time                                                 0.12
  --------------------------------------------------------------------------
  data required time                                                 0.12
  data arrival time                                                 -0.11
  --------------------------------------------------------------------------
  slack (VIOLATED: increase significant digits)                      0.00


  Startpoint: REG_88_reg_15_
              (rising edge-triggered flip-flop clocked by clock_main)
  Endpoint: usint_ext_mult_44/holdh_delay_reg_15_
            (rising edge-triggered flip-flop clocked by clock_main)
  Path Group: clock_main
  Path Type: min

  Des/Clust/Port     Wire Load Model       Library
  ------------------------------------------------
  poly_fast_split_mult_kernel
                     ZeroWireload          tcbn28hpcplusbwp40p140hvtssg0p81vm40c_ccs
  usint_ext_mult_0_DP_OP_17J2_137_1390_J2_0_36
                     ZeroWireload          tcbn28hpcplusbwp40p140hvtssg0p81vm40c_ccs
  usint_ext_mult_0_DW_mult_uns_J2_0_36
                     ZeroWireload          tcbn28hpcplusbwp40p140hvtssg0p81vm40c_ccs

  Point                                                   Incr       Path
  --------------------------------------------------------------------------
  clock clock_main (rise edge)                            0.00       0.00
  clock network delay (ideal)                             0.00       0.00
  REG_88_reg_15_/CP (DFQD1BWP40P140)                      0.00 #     0.00 r
  REG_88_reg_15_/Q (DFQD1BWP40P140)                       0.08       0.08 r
  usint_ext_mult_44/DP_OP_17J2_137_1390/U292/ZN (MUX2NUD1BWP40P140)
                                                          0.02       0.10 f
  usint_ext_mult_44/U69/Z (AO22D1BWP40P140LVT)            0.02       0.11 f
  usint_ext_mult_44/holdh_delay_reg_15_/D (DFKCNQD1BWP40P140)
                                                          0.00       0.11 f
  data arrival time                                                  0.11

  clock clock_main (rise edge)                            0.00       0.00
  clock network delay (ideal)                             0.00       0.00
  clock uncertainty                                       0.10       0.10
  usint_ext_mult_44/holdh_delay_reg_15_/CP (DFKCNQD1BWP40P140)
                                                          0.00       0.10 r
  library hold time                                       0.02       0.12
  data required time                                                 0.12
  --------------------------------------------------------------------------
  data required time                                                 0.12
  data arrival time                                                 -0.11
  --------------------------------------------------------------------------
  slack (VIOLATED: increase significant digits)                      0.00


  Startpoint: REG_90_reg_15_
              (rising edge-triggered flip-flop clocked by clock_main)
  Endpoint: usint_ext_mult_45/holdh_delay_reg_15_
            (rising edge-triggered flip-flop clocked by clock_main)
  Path Group: clock_main
  Path Type: min

  Des/Clust/Port     Wire Load Model       Library
  ------------------------------------------------
  poly_fast_split_mult_kernel
                     ZeroWireload          tcbn28hpcplusbwp40p140hvtssg0p81vm40c_ccs
  usint_ext_mult_0_DP_OP_17J2_137_1390_J2_0_35
                     ZeroWireload          tcbn28hpcplusbwp40p140hvtssg0p81vm40c_ccs
  usint_ext_mult_0_DW_mult_uns_J2_0_35
                     ZeroWireload          tcbn28hpcplusbwp40p140hvtssg0p81vm40c_ccs

  Point                                                   Incr       Path
  --------------------------------------------------------------------------
  clock clock_main (rise edge)                            0.00       0.00
  clock network delay (ideal)                             0.00       0.00
  REG_90_reg_15_/CP (DFQD1BWP40P140)                      0.00 #     0.00 r
  REG_90_reg_15_/Q (DFQD1BWP40P140)                       0.08       0.08 r
  usint_ext_mult_45/DP_OP_17J2_137_1390/U292/ZN (MUX2NUD1BWP40P140)
                                                          0.02       0.10 f
  usint_ext_mult_45/U69/Z (AO22D1BWP40P140LVT)            0.02       0.11 f
  usint_ext_mult_45/holdh_delay_reg_15_/D (DFKCNQD1BWP40P140)
                                                          0.00       0.11 f
  data arrival time                                                  0.11

  clock clock_main (rise edge)                            0.00       0.00
  clock network delay (ideal)                             0.00       0.00
  clock uncertainty                                       0.10       0.10
  usint_ext_mult_45/holdh_delay_reg_15_/CP (DFKCNQD1BWP40P140)
                                                          0.00       0.10 r
  library hold time                                       0.02       0.12
  data required time                                                 0.12
  --------------------------------------------------------------------------
  data required time                                                 0.12
  data arrival time                                                 -0.11
  --------------------------------------------------------------------------
  slack (VIOLATED: increase significant digits)                      0.00


  Startpoint: REG_92_reg_15_
              (rising edge-triggered flip-flop clocked by clock_main)
  Endpoint: usint_ext_mult_46/holdh_delay_reg_15_
            (rising edge-triggered flip-flop clocked by clock_main)
  Path Group: clock_main
  Path Type: min

  Des/Clust/Port     Wire Load Model       Library
  ------------------------------------------------
  poly_fast_split_mult_kernel
                     ZeroWireload          tcbn28hpcplusbwp40p140hvtssg0p81vm40c_ccs
  usint_ext_mult_0_DP_OP_17J2_137_1390_J2_0_34
                     ZeroWireload          tcbn28hpcplusbwp40p140hvtssg0p81vm40c_ccs
  usint_ext_mult_0_DW_mult_uns_J2_0_34
                     ZeroWireload          tcbn28hpcplusbwp40p140hvtssg0p81vm40c_ccs

  Point                                                   Incr       Path
  --------------------------------------------------------------------------
  clock clock_main (rise edge)                            0.00       0.00
  clock network delay (ideal)                             0.00       0.00
  REG_92_reg_15_/CP (DFQD1BWP40P140)                      0.00 #     0.00 r
  REG_92_reg_15_/Q (DFQD1BWP40P140)                       0.08       0.08 r
  usint_ext_mult_46/DP_OP_17J2_137_1390/U294/ZN (MUX2NUD1BWP40P140)
                                                          0.02       0.10 f
  usint_ext_mult_46/U69/Z (AO22D1BWP40P140LVT)            0.02       0.11 f
  usint_ext_mult_46/holdh_delay_reg_15_/D (DFKCNQD1BWP40P140)
                                                          0.00       0.11 f
  data arrival time                                                  0.11

  clock clock_main (rise edge)                            0.00       0.00
  clock network delay (ideal)                             0.00       0.00
  clock uncertainty                                       0.10       0.10
  usint_ext_mult_46/holdh_delay_reg_15_/CP (DFKCNQD1BWP40P140)
                                                          0.00       0.10 r
  library hold time                                       0.02       0.12
  data required time                                                 0.12
  --------------------------------------------------------------------------
  data required time                                                 0.12
  data arrival time                                                 -0.11
  --------------------------------------------------------------------------
  slack (VIOLATED: increase significant digits)                      0.00


  Startpoint: REG_94_reg_15_
              (rising edge-triggered flip-flop clocked by clock_main)
  Endpoint: usint_ext_mult_47/holdh_delay_reg_15_
            (rising edge-triggered flip-flop clocked by clock_main)
  Path Group: clock_main
  Path Type: min

  Des/Clust/Port     Wire Load Model       Library
  ------------------------------------------------
  poly_fast_split_mult_kernel
                     ZeroWireload          tcbn28hpcplusbwp40p140hvtssg0p81vm40c_ccs
  usint_ext_mult_0_DP_OP_17J2_137_1390_J2_0_33
                     ZeroWireload          tcbn28hpcplusbwp40p140hvtssg0p81vm40c_ccs
  usint_ext_mult_0_DW_mult_uns_J2_0_33
                     ZeroWireload          tcbn28hpcplusbwp40p140hvtssg0p81vm40c_ccs

  Point                                                   Incr       Path
  --------------------------------------------------------------------------
  clock clock_main (rise edge)                            0.00       0.00
  clock network delay (ideal)                             0.00       0.00
  REG_94_reg_15_/CP (DFQD1BWP40P140)                      0.00 #     0.00 r
  REG_94_reg_15_/Q (DFQD1BWP40P140)                       0.08       0.08 r
  usint_ext_mult_47/DP_OP_17J2_137_1390/U293/ZN (MUX2NUD1BWP40P140)
                                                          0.02       0.10 f
  usint_ext_mult_47/U69/Z (AO22D1BWP40P140LVT)            0.02       0.11 f
  usint_ext_mult_47/holdh_delay_reg_15_/D (DFKCNQD1BWP40P140)
                                                          0.00       0.11 f
  data arrival time                                                  0.11

  clock clock_main (rise edge)                            0.00       0.00
  clock network delay (ideal)                             0.00       0.00
  clock uncertainty                                       0.10       0.10
  usint_ext_mult_47/holdh_delay_reg_15_/CP (DFKCNQD1BWP40P140)
                                                          0.00       0.10 r
  library hold time                                       0.02       0.12
  data required time                                                 0.12
  --------------------------------------------------------------------------
  data required time                                                 0.12
  data arrival time                                                 -0.11
  --------------------------------------------------------------------------
  slack (VIOLATED: increase significant digits)                      0.00


  Startpoint: REG_96_reg_15_
              (rising edge-triggered flip-flop clocked by clock_main)
  Endpoint: usint_ext_mult_48/holdh_delay_reg_15_
            (rising edge-triggered flip-flop clocked by clock_main)
  Path Group: clock_main
  Path Type: min

  Des/Clust/Port     Wire Load Model       Library
  ------------------------------------------------
  poly_fast_split_mult_kernel
                     ZeroWireload          tcbn28hpcplusbwp40p140hvtssg0p81vm40c_ccs
  usint_ext_mult_0_DP_OP_17J2_137_1390_J2_0_32
                     ZeroWireload          tcbn28hpcplusbwp40p140hvtssg0p81vm40c_ccs
  usint_ext_mult_0_DW_mult_uns_J2_0_32
                     ZeroWireload          tcbn28hpcplusbwp40p140hvtssg0p81vm40c_ccs

  Point                                                   Incr       Path
  --------------------------------------------------------------------------
  clock clock_main (rise edge)                            0.00       0.00
  clock network delay (ideal)                             0.00       0.00
  REG_96_reg_15_/CP (DFQD1BWP40P140)                      0.00 #     0.00 r
  REG_96_reg_15_/Q (DFQD1BWP40P140)                       0.08       0.08 r
  usint_ext_mult_48/DP_OP_17J2_137_1390/U293/ZN (MUX2NUD1BWP40P140)
                                                          0.02       0.10 f
  usint_ext_mult_48/U69/Z (AO22D1BWP40P140LVT)            0.02       0.11 f
  usint_ext_mult_48/holdh_delay_reg_15_/D (DFKCNQD1BWP40P140)
                                                          0.00       0.11 f
  data arrival time                                                  0.11

  clock clock_main (rise edge)                            0.00       0.00
  clock network delay (ideal)                             0.00       0.00
  clock uncertainty                                       0.10       0.10
  usint_ext_mult_48/holdh_delay_reg_15_/CP (DFKCNQD1BWP40P140)
                                                          0.00       0.10 r
  library hold time                                       0.02       0.12
  data required time                                                 0.12
  --------------------------------------------------------------------------
  data required time                                                 0.12
  data arrival time                                                 -0.11
  --------------------------------------------------------------------------
  slack (VIOLATED: increase significant digits)                      0.00


  Startpoint: REG_98_reg_15_
              (rising edge-triggered flip-flop clocked by clock_main)
  Endpoint: usint_ext_mult_49/holdh_delay_reg_15_
            (rising edge-triggered flip-flop clocked by clock_main)
  Path Group: clock_main
  Path Type: min

  Des/Clust/Port     Wire Load Model       Library
  ------------------------------------------------
  poly_fast_split_mult_kernel
                     ZeroWireload          tcbn28hpcplusbwp40p140hvtssg0p81vm40c_ccs
  usint_ext_mult_0_DP_OP_17J2_137_1390_J2_0_31
                     ZeroWireload          tcbn28hpcplusbwp40p140hvtssg0p81vm40c_ccs
  usint_ext_mult_0_DW_mult_uns_J2_0_31
                     ZeroWireload          tcbn28hpcplusbwp40p140hvtssg0p81vm40c_ccs

  Point                                                   Incr       Path
  --------------------------------------------------------------------------
  clock clock_main (rise edge)                            0.00       0.00
  clock network delay (ideal)                             0.00       0.00
  REG_98_reg_15_/CP (DFQD1BWP40P140)                      0.00 #     0.00 r
  REG_98_reg_15_/Q (DFQD1BWP40P140)                       0.08       0.08 r
  usint_ext_mult_49/DP_OP_17J2_137_1390/U292/ZN (MUX2NUD1BWP40P140)
                                                          0.02       0.10 f
  usint_ext_mult_49/U69/Z (AO22D1BWP40P140LVT)            0.02       0.11 f
  usint_ext_mult_49/holdh_delay_reg_15_/D (DFKCNQD1BWP40P140)
                                                          0.00       0.11 f
  data arrival time                                                  0.11

  clock clock_main (rise edge)                            0.00       0.00
  clock network delay (ideal)                             0.00       0.00
  clock uncertainty                                       0.10       0.10
  usint_ext_mult_49/holdh_delay_reg_15_/CP (DFKCNQD1BWP40P140)
                                                          0.00       0.10 r
  library hold time                                       0.02       0.12
  data required time                                                 0.12
  --------------------------------------------------------------------------
  data required time                                                 0.12
  data arrival time                                                 -0.11
  --------------------------------------------------------------------------
  slack (VIOLATED: increase significant digits)                      0.00


  Startpoint: REG_100_reg_15_
              (rising edge-triggered flip-flop clocked by clock_main)
  Endpoint: usint_ext_mult_50/holdh_delay_reg_15_
            (rising edge-triggered flip-flop clocked by clock_main)
  Path Group: clock_main
  Path Type: min

  Des/Clust/Port     Wire Load Model       Library
  ------------------------------------------------
  poly_fast_split_mult_kernel
                     ZeroWireload          tcbn28hpcplusbwp40p140hvtssg0p81vm40c_ccs
  usint_ext_mult_0_DP_OP_17J2_137_1390_J2_0_30
                     ZeroWireload          tcbn28hpcplusbwp40p140hvtssg0p81vm40c_ccs
  usint_ext_mult_0_DW_mult_uns_J2_0_30
                     ZeroWireload          tcbn28hpcplusbwp40p140hvtssg0p81vm40c_ccs

  Point                                                   Incr       Path
  --------------------------------------------------------------------------
  clock clock_main (rise edge)                            0.00       0.00
  clock network delay (ideal)                             0.00       0.00
  REG_100_reg_15_/CP (DFQD1BWP40P140)                     0.00 #     0.00 r
  REG_100_reg_15_/Q (DFQD1BWP40P140)                      0.08       0.08 r
  usint_ext_mult_50/DP_OP_17J2_137_1390/U290/ZN (MUX2NUD1BWP40P140)
                                                          0.02       0.10 f
  usint_ext_mult_50/U69/Z (AO22D1BWP40P140LVT)            0.02       0.11 f
  usint_ext_mult_50/holdh_delay_reg_15_/D (DFKCNQD1BWP40P140)
                                                          0.00       0.11 f
  data arrival time                                                  0.11

  clock clock_main (rise edge)                            0.00       0.00
  clock network delay (ideal)                             0.00       0.00
  clock uncertainty                                       0.10       0.10
  usint_ext_mult_50/holdh_delay_reg_15_/CP (DFKCNQD1BWP40P140)
                                                          0.00       0.10 r
  library hold time                                       0.02       0.12
  data required time                                                 0.12
  --------------------------------------------------------------------------
  data required time                                                 0.12
  data arrival time                                                 -0.11
  --------------------------------------------------------------------------
  slack (VIOLATED: increase significant digits)                      0.00


  Startpoint: REG_102_reg_15_
              (rising edge-triggered flip-flop clocked by clock_main)
  Endpoint: usint_ext_mult_51/holdh_delay_reg_15_
            (rising edge-triggered flip-flop clocked by clock_main)
  Path Group: clock_main
  Path Type: min

  Des/Clust/Port     Wire Load Model       Library
  ------------------------------------------------
  poly_fast_split_mult_kernel
                     ZeroWireload          tcbn28hpcplusbwp40p140hvtssg0p81vm40c_ccs
  usint_ext_mult_0_DP_OP_17J2_137_1390_J2_0_29
                     ZeroWireload          tcbn28hpcplusbwp40p140hvtssg0p81vm40c_ccs
  usint_ext_mult_0_DW_mult_uns_J2_0_29
                     ZeroWireload          tcbn28hpcplusbwp40p140hvtssg0p81vm40c_ccs

  Point                                                   Incr       Path
  --------------------------------------------------------------------------
  clock clock_main (rise edge)                            0.00       0.00
  clock network delay (ideal)                             0.00       0.00
  REG_102_reg_15_/CP (DFQD1BWP40P140)                     0.00 #     0.00 r
  REG_102_reg_15_/Q (DFQD1BWP40P140)                      0.08       0.08 r
  usint_ext_mult_51/DP_OP_17J2_137_1390/U292/ZN (MUX2NUD1BWP40P140)
                                                          0.02       0.10 f
  usint_ext_mult_51/U69/Z (AO22D1BWP40P140LVT)            0.02       0.11 f
  usint_ext_mult_51/holdh_delay_reg_15_/D (DFKCNQD1BWP40P140)
                                                          0.00       0.11 f
  data arrival time                                                  0.11

  clock clock_main (rise edge)                            0.00       0.00
  clock network delay (ideal)                             0.00       0.00
  clock uncertainty                                       0.10       0.10
  usint_ext_mult_51/holdh_delay_reg_15_/CP (DFKCNQD1BWP40P140)
                                                          0.00       0.10 r
  library hold time                                       0.02       0.12
  data required time                                                 0.12
  --------------------------------------------------------------------------
  data required time                                                 0.12
  data arrival time                                                 -0.11
  --------------------------------------------------------------------------
  slack (VIOLATED: increase significant digits)                      0.00


  Startpoint: REG_104_reg_15_
              (rising edge-triggered flip-flop clocked by clock_main)
  Endpoint: usint_ext_mult_52/holdh_delay_reg_15_
            (rising edge-triggered flip-flop clocked by clock_main)
  Path Group: clock_main
  Path Type: min

  Des/Clust/Port     Wire Load Model       Library
  ------------------------------------------------
  poly_fast_split_mult_kernel
                     ZeroWireload          tcbn28hpcplusbwp40p140hvtssg0p81vm40c_ccs
  usint_ext_mult_0_DP_OP_17J2_137_1390_J2_0_28
                     ZeroWireload          tcbn28hpcplusbwp40p140hvtssg0p81vm40c_ccs
  usint_ext_mult_0_DW_mult_uns_J2_0_28
                     ZeroWireload          tcbn28hpcplusbwp40p140hvtssg0p81vm40c_ccs

  Point                                                   Incr       Path
  --------------------------------------------------------------------------
  clock clock_main (rise edge)                            0.00       0.00
  clock network delay (ideal)                             0.00       0.00
  REG_104_reg_15_/CP (DFQD1BWP40P140)                     0.00 #     0.00 r
  REG_104_reg_15_/Q (DFQD1BWP40P140)                      0.08       0.08 r
  usint_ext_mult_52/DP_OP_17J2_137_1390/U295/ZN (MUX2NUD1BWP40P140)
                                                          0.02       0.10 f
  usint_ext_mult_52/U69/Z (AO22D1BWP40P140LVT)            0.02       0.11 f
  usint_ext_mult_52/holdh_delay_reg_15_/D (DFKCNQD1BWP40P140)
                                                          0.00       0.11 f
  data arrival time                                                  0.11

  clock clock_main (rise edge)                            0.00       0.00
  clock network delay (ideal)                             0.00       0.00
  clock uncertainty                                       0.10       0.10
  usint_ext_mult_52/holdh_delay_reg_15_/CP (DFKCNQD1BWP40P140)
                                                          0.00       0.10 r
  library hold time                                       0.02       0.12
  data required time                                                 0.12
  --------------------------------------------------------------------------
  data required time                                                 0.12
  data arrival time                                                 -0.11
  --------------------------------------------------------------------------
  slack (VIOLATED: increase significant digits)                      0.00


  Startpoint: REG_106_reg_15_
              (rising edge-triggered flip-flop clocked by clock_main)
  Endpoint: usint_ext_mult_53/holdh_delay_reg_15_
            (rising edge-triggered flip-flop clocked by clock_main)
  Path Group: clock_main
  Path Type: min

  Des/Clust/Port     Wire Load Model       Library
  ------------------------------------------------
  poly_fast_split_mult_kernel
                     ZeroWireload          tcbn28hpcplusbwp40p140hvtssg0p81vm40c_ccs
  usint_ext_mult_0_DP_OP_17J2_137_1390_J2_0_27
                     ZeroWireload          tcbn28hpcplusbwp40p140hvtssg0p81vm40c_ccs
  usint_ext_mult_0_DW_mult_uns_J2_0_27
                     ZeroWireload          tcbn28hpcplusbwp40p140hvtssg0p81vm40c_ccs

  Point                                                   Incr       Path
  --------------------------------------------------------------------------
  clock clock_main (rise edge)                            0.00       0.00
  clock network delay (ideal)                             0.00       0.00
  REG_106_reg_15_/CP (DFQD1BWP40P140)                     0.00 #     0.00 r
  REG_106_reg_15_/Q (DFQD1BWP40P140)                      0.08       0.08 r
  usint_ext_mult_53/DP_OP_17J2_137_1390/U292/ZN (MUX2NUD1BWP40P140)
                                                          0.02       0.10 f
  usint_ext_mult_53/U69/Z (AO22D1BWP40P140LVT)            0.02       0.11 f
  usint_ext_mult_53/holdh_delay_reg_15_/D (DFKCNQD1BWP40P140)
                                                          0.00       0.11 f
  data arrival time                                                  0.11

  clock clock_main (rise edge)                            0.00       0.00
  clock network delay (ideal)                             0.00       0.00
  clock uncertainty                                       0.10       0.10
  usint_ext_mult_53/holdh_delay_reg_15_/CP (DFKCNQD1BWP40P140)
                                                          0.00       0.10 r
  library hold time                                       0.02       0.12
  data required time                                                 0.12
  --------------------------------------------------------------------------
  data required time                                                 0.12
  data arrival time                                                 -0.11
  --------------------------------------------------------------------------
  slack (VIOLATED: increase significant digits)                      0.00


  Startpoint: REG_108_reg_15_
              (rising edge-triggered flip-flop clocked by clock_main)
  Endpoint: usint_ext_mult_54/holdh_delay_reg_15_
            (rising edge-triggered flip-flop clocked by clock_main)
  Path Group: clock_main
  Path Type: min

  Des/Clust/Port     Wire Load Model       Library
  ------------------------------------------------
  poly_fast_split_mult_kernel
                     ZeroWireload          tcbn28hpcplusbwp40p140hvtssg0p81vm40c_ccs
  usint_ext_mult_0_DP_OP_17J2_137_1390_J2_0_26
                     ZeroWireload          tcbn28hpcplusbwp40p140hvtssg0p81vm40c_ccs
  usint_ext_mult_0_DW_mult_uns_J2_0_26
                     ZeroWireload          tcbn28hpcplusbwp40p140hvtssg0p81vm40c_ccs

  Point                                                   Incr       Path
  --------------------------------------------------------------------------
  clock clock_main (rise edge)                            0.00       0.00
  clock network delay (ideal)                             0.00       0.00
  REG_108_reg_15_/CP (DFQD1BWP40P140)                     0.00 #     0.00 r
  REG_108_reg_15_/Q (DFQD1BWP40P140)                      0.08       0.08 r
  usint_ext_mult_54/DP_OP_17J2_137_1390/U294/ZN (MUX2NUD1BWP40P140)
                                                          0.02       0.10 f
  usint_ext_mult_54/U69/Z (AO22D1BWP40P140LVT)            0.02       0.11 f
  usint_ext_mult_54/holdh_delay_reg_15_/D (DFKCNQD1BWP40P140)
                                                          0.00       0.11 f
  data arrival time                                                  0.11

  clock clock_main (rise edge)                            0.00       0.00
  clock network delay (ideal)                             0.00       0.00
  clock uncertainty                                       0.10       0.10
  usint_ext_mult_54/holdh_delay_reg_15_/CP (DFKCNQD1BWP40P140)
                                                          0.00       0.10 r
  library hold time                                       0.02       0.12
  data required time                                                 0.12
  --------------------------------------------------------------------------
  data required time                                                 0.12
  data arrival time                                                 -0.11
  --------------------------------------------------------------------------
  slack (VIOLATED: increase significant digits)                      0.00


  Startpoint: REG_110_reg_15_
              (rising edge-triggered flip-flop clocked by clock_main)
  Endpoint: usint_ext_mult_55/holdh_delay_reg_15_
            (rising edge-triggered flip-flop clocked by clock_main)
  Path Group: clock_main
  Path Type: min

  Des/Clust/Port     Wire Load Model       Library
  ------------------------------------------------
  poly_fast_split_mult_kernel
                     ZeroWireload          tcbn28hpcplusbwp40p140hvtssg0p81vm40c_ccs
  usint_ext_mult_0_DP_OP_17J2_137_1390_J2_0_25
                     ZeroWireload          tcbn28hpcplusbwp40p140hvtssg0p81vm40c_ccs
  usint_ext_mult_0_DW_mult_uns_J2_0_25
                     ZeroWireload          tcbn28hpcplusbwp40p140hvtssg0p81vm40c_ccs

  Point                                                   Incr       Path
  --------------------------------------------------------------------------
  clock clock_main (rise edge)                            0.00       0.00
  clock network delay (ideal)                             0.00       0.00
  REG_110_reg_15_/CP (DFQD1BWP40P140)                     0.00 #     0.00 r
  REG_110_reg_15_/Q (DFQD1BWP40P140)                      0.08       0.08 r
  usint_ext_mult_55/DP_OP_17J2_137_1390/U295/ZN (MUX2NUD1BWP40P140)
                                                          0.02       0.10 f
  usint_ext_mult_55/U69/Z (AO22D1BWP40P140LVT)            0.02       0.11 f
  usint_ext_mult_55/holdh_delay_reg_15_/D (DFKCNQD1BWP40P140)
                                                          0.00       0.11 f
  data arrival time                                                  0.11

  clock clock_main (rise edge)                            0.00       0.00
  clock network delay (ideal)                             0.00       0.00
  clock uncertainty                                       0.10       0.10
  usint_ext_mult_55/holdh_delay_reg_15_/CP (DFKCNQD1BWP40P140)
                                                          0.00       0.10 r
  library hold time                                       0.02       0.12
  data required time                                                 0.12
  --------------------------------------------------------------------------
  data required time                                                 0.12
  data arrival time                                                 -0.11
  --------------------------------------------------------------------------
  slack (VIOLATED: increase significant digits)                      0.00


  Startpoint: REG_112_reg_15_
              (rising edge-triggered flip-flop clocked by clock_main)
  Endpoint: usint_ext_mult_56/holdh_delay_reg_15_
            (rising edge-triggered flip-flop clocked by clock_main)
  Path Group: clock_main
  Path Type: min

  Des/Clust/Port     Wire Load Model       Library
  ------------------------------------------------
  poly_fast_split_mult_kernel
                     ZeroWireload          tcbn28hpcplusbwp40p140hvtssg0p81vm40c_ccs
  usint_ext_mult_0_DP_OP_17J2_137_1390_J2_0_24
                     ZeroWireload          tcbn28hpcplusbwp40p140hvtssg0p81vm40c_ccs
  usint_ext_mult_0_DW_mult_uns_J2_0_24
                     ZeroWireload          tcbn28hpcplusbwp40p140hvtssg0p81vm40c_ccs

  Point                                                   Incr       Path
  --------------------------------------------------------------------------
  clock clock_main (rise edge)                            0.00       0.00
  clock network delay (ideal)                             0.00       0.00
  REG_112_reg_15_/CP (DFQD1BWP40P140)                     0.00 #     0.00 r
  REG_112_reg_15_/Q (DFQD1BWP40P140)                      0.08       0.08 r
  usint_ext_mult_56/DP_OP_17J2_137_1390/U293/ZN (MUX2NUD1BWP40P140)
                                                          0.02       0.10 f
  usint_ext_mult_56/U69/Z (AO22D1BWP40P140LVT)            0.02       0.11 f
  usint_ext_mult_56/holdh_delay_reg_15_/D (DFKCNQD1BWP40P140)
                                                          0.00       0.11 f
  data arrival time                                                  0.11

  clock clock_main (rise edge)                            0.00       0.00
  clock network delay (ideal)                             0.00       0.00
  clock uncertainty                                       0.10       0.10
  usint_ext_mult_56/holdh_delay_reg_15_/CP (DFKCNQD1BWP40P140)
                                                          0.00       0.10 r
  library hold time                                       0.02       0.12
  data required time                                                 0.12
  --------------------------------------------------------------------------
  data required time                                                 0.12
  data arrival time                                                 -0.11
  --------------------------------------------------------------------------
  slack (VIOLATED: increase significant digits)                      0.00


  Startpoint: REG_114_reg_15_
              (rising edge-triggered flip-flop clocked by clock_main)
  Endpoint: usint_ext_mult_57/holdh_delay_reg_15_
            (rising edge-triggered flip-flop clocked by clock_main)
  Path Group: clock_main
  Path Type: min

  Des/Clust/Port     Wire Load Model       Library
  ------------------------------------------------
  poly_fast_split_mult_kernel
                     ZeroWireload          tcbn28hpcplusbwp40p140hvtssg0p81vm40c_ccs
  usint_ext_mult_0_DP_OP_17J2_137_1390_J2_0_23
                     ZeroWireload          tcbn28hpcplusbwp40p140hvtssg0p81vm40c_ccs
  usint_ext_mult_0_DW_mult_uns_J2_0_23
                     ZeroWireload          tcbn28hpcplusbwp40p140hvtssg0p81vm40c_ccs

  Point                                                   Incr       Path
  --------------------------------------------------------------------------
  clock clock_main (rise edge)                            0.00       0.00
  clock network delay (ideal)                             0.00       0.00
  REG_114_reg_15_/CP (DFQD1BWP40P140)                     0.00 #     0.00 r
  REG_114_reg_15_/Q (DFQD1BWP40P140)                      0.08       0.08 r
  usint_ext_mult_57/DP_OP_17J2_137_1390/U293/ZN (MUX2NUD1BWP40P140)
                                                          0.02       0.10 f
  usint_ext_mult_57/U69/Z (AO22D1BWP40P140LVT)            0.02       0.11 f
  usint_ext_mult_57/holdh_delay_reg_15_/D (DFKCNQD1BWP40P140)
                                                          0.00       0.11 f
  data arrival time                                                  0.11

  clock clock_main (rise edge)                            0.00       0.00
  clock network delay (ideal)                             0.00       0.00
  clock uncertainty                                       0.10       0.10
  usint_ext_mult_57/holdh_delay_reg_15_/CP (DFKCNQD1BWP40P140)
                                                          0.00       0.10 r
  library hold time                                       0.02       0.12
  data required time                                                 0.12
  --------------------------------------------------------------------------
  data required time                                                 0.12
  data arrival time                                                 -0.11
  --------------------------------------------------------------------------
  slack (VIOLATED: increase significant digits)                      0.00


  Startpoint: REG_116_reg_15_
              (rising edge-triggered flip-flop clocked by clock_main)
  Endpoint: usint_ext_mult_58/holdh_delay_reg_15_
            (rising edge-triggered flip-flop clocked by clock_main)
  Path Group: clock_main
  Path Type: min

  Des/Clust/Port     Wire Load Model       Library
  ------------------------------------------------
  poly_fast_split_mult_kernel
                     ZeroWireload          tcbn28hpcplusbwp40p140hvtssg0p81vm40c_ccs
  usint_ext_mult_0_DP_OP_17J2_137_1390_J2_0_22
                     ZeroWireload          tcbn28hpcplusbwp40p140hvtssg0p81vm40c_ccs
  usint_ext_mult_0_DW_mult_uns_J2_0_22
                     ZeroWireload          tcbn28hpcplusbwp40p140hvtssg0p81vm40c_ccs

  Point                                                   Incr       Path
  --------------------------------------------------------------------------
  clock clock_main (rise edge)                            0.00       0.00
  clock network delay (ideal)                             0.00       0.00
  REG_116_reg_15_/CP (DFQD1BWP40P140)                     0.00 #     0.00 r
  REG_116_reg_15_/Q (DFQD1BWP40P140)                      0.08       0.08 r
  usint_ext_mult_58/DP_OP_17J2_137_1390/U293/ZN (MUX2NUD1BWP40P140)
                                                          0.02       0.10 f
  usint_ext_mult_58/U69/Z (AO22D1BWP40P140LVT)            0.02       0.11 f
  usint_ext_mult_58/holdh_delay_reg_15_/D (DFKCNQD1BWP40P140)
                                                          0.00       0.11 f
  data arrival time                                                  0.11

  clock clock_main (rise edge)                            0.00       0.00
  clock network delay (ideal)                             0.00       0.00
  clock uncertainty                                       0.10       0.10
  usint_ext_mult_58/holdh_delay_reg_15_/CP (DFKCNQD1BWP40P140)
                                                          0.00       0.10 r
  library hold time                                       0.02       0.12
  data required time                                                 0.12
  --------------------------------------------------------------------------
  data required time                                                 0.12
  data arrival time                                                 -0.11
  --------------------------------------------------------------------------
  slack (VIOLATED: increase significant digits)                      0.00


  Startpoint: REG_118_reg_15_
              (rising edge-triggered flip-flop clocked by clock_main)
  Endpoint: usint_ext_mult_59/holdh_delay_reg_15_
            (rising edge-triggered flip-flop clocked by clock_main)
  Path Group: clock_main
  Path Type: min

  Des/Clust/Port     Wire Load Model       Library
  ------------------------------------------------
  poly_fast_split_mult_kernel
                     ZeroWireload          tcbn28hpcplusbwp40p140hvtssg0p81vm40c_ccs
  usint_ext_mult_0_DP_OP_17J2_137_1390_J2_0_21
                     ZeroWireload          tcbn28hpcplusbwp40p140hvtssg0p81vm40c_ccs
  usint_ext_mult_0_DW_mult_uns_J2_0_21
                     ZeroWireload          tcbn28hpcplusbwp40p140hvtssg0p81vm40c_ccs

  Point                                                   Incr       Path
  --------------------------------------------------------------------------
  clock clock_main (rise edge)                            0.00       0.00
  clock network delay (ideal)                             0.00       0.00
  REG_118_reg_15_/CP (DFQD1BWP40P140)                     0.00 #     0.00 r
  REG_118_reg_15_/Q (DFQD1BWP40P140)                      0.08       0.08 r
  usint_ext_mult_59/DP_OP_17J2_137_1390/U292/ZN (MUX2NUD1BWP40P140)
                                                          0.02       0.10 f
  usint_ext_mult_59/U69/Z (AO22D1BWP40P140LVT)            0.02       0.11 f
  usint_ext_mult_59/holdh_delay_reg_15_/D (DFKCNQD1BWP40P140)
                                                          0.00       0.11 f
  data arrival time                                                  0.11

  clock clock_main (rise edge)                            0.00       0.00
  clock network delay (ideal)                             0.00       0.00
  clock uncertainty                                       0.10       0.10
  usint_ext_mult_59/holdh_delay_reg_15_/CP (DFKCNQD1BWP40P140)
                                                          0.00       0.10 r
  library hold time                                       0.02       0.12
  data required time                                                 0.12
  --------------------------------------------------------------------------
  data required time                                                 0.12
  data arrival time                                                 -0.11
  --------------------------------------------------------------------------
  slack (VIOLATED: increase significant digits)                      0.00


  Startpoint: REG_120_reg_15_
              (rising edge-triggered flip-flop clocked by clock_main)
  Endpoint: usint_ext_mult_60/holdh_delay_reg_15_
            (rising edge-triggered flip-flop clocked by clock_main)
  Path Group: clock_main
  Path Type: min

  Des/Clust/Port     Wire Load Model       Library
  ------------------------------------------------
  poly_fast_split_mult_kernel
                     ZeroWireload          tcbn28hpcplusbwp40p140hvtssg0p81vm40c_ccs
  usint_ext_mult_0_DP_OP_17J2_137_1390_J2_0_20
                     ZeroWireload          tcbn28hpcplusbwp40p140hvtssg0p81vm40c_ccs
  usint_ext_mult_0_DW_mult_uns_J2_0_20
                     ZeroWireload          tcbn28hpcplusbwp40p140hvtssg0p81vm40c_ccs

  Point                                                   Incr       Path
  --------------------------------------------------------------------------
  clock clock_main (rise edge)                            0.00       0.00
  clock network delay (ideal)                             0.00       0.00
  REG_120_reg_15_/CP (DFQD1BWP40P140)                     0.00 #     0.00 r
  REG_120_reg_15_/Q (DFQD1BWP40P140)                      0.08       0.08 r
  usint_ext_mult_60/DP_OP_17J2_137_1390/U292/ZN (MUX2NUD1BWP40P140)
                                                          0.02       0.10 f
  usint_ext_mult_60/U69/Z (AO22D1BWP40P140LVT)            0.02       0.11 f
  usint_ext_mult_60/holdh_delay_reg_15_/D (DFKCNQD1BWP40P140)
                                                          0.00       0.11 f
  data arrival time                                                  0.11

  clock clock_main (rise edge)                            0.00       0.00
  clock network delay (ideal)                             0.00       0.00
  clock uncertainty                                       0.10       0.10
  usint_ext_mult_60/holdh_delay_reg_15_/CP (DFKCNQD1BWP40P140)
                                                          0.00       0.10 r
  library hold time                                       0.02       0.12
  data required time                                                 0.12
  --------------------------------------------------------------------------
  data required time                                                 0.12
  data arrival time                                                 -0.11
  --------------------------------------------------------------------------
  slack (VIOLATED: increase significant digits)                      0.00


  Startpoint: REG_122_reg_15_
              (rising edge-triggered flip-flop clocked by clock_main)
  Endpoint: usint_ext_mult_61/holdh_delay_reg_15_
            (rising edge-triggered flip-flop clocked by clock_main)
  Path Group: clock_main
  Path Type: min

  Des/Clust/Port     Wire Load Model       Library
  ------------------------------------------------
  poly_fast_split_mult_kernel
                     ZeroWireload          tcbn28hpcplusbwp40p140hvtssg0p81vm40c_ccs
  usint_ext_mult_0_DP_OP_17J2_137_1390_J2_0_19
                     ZeroWireload          tcbn28hpcplusbwp40p140hvtssg0p81vm40c_ccs
  usint_ext_mult_0_DW_mult_uns_J2_0_19
                     ZeroWireload          tcbn28hpcplusbwp40p140hvtssg0p81vm40c_ccs

  Point                                                   Incr       Path
  --------------------------------------------------------------------------
  clock clock_main (rise edge)                            0.00       0.00
  clock network delay (ideal)                             0.00       0.00
  REG_122_reg_15_/CP (DFQD1BWP40P140)                     0.00 #     0.00 r
  REG_122_reg_15_/Q (DFQD1BWP40P140)                      0.08       0.08 r
  usint_ext_mult_61/DP_OP_17J2_137_1390/U294/ZN (MUX2NUD1BWP40P140)
                                                          0.02       0.10 f
  usint_ext_mult_61/U69/Z (AO22D1BWP40P140LVT)            0.02       0.11 f
  usint_ext_mult_61/holdh_delay_reg_15_/D (DFKCNQD1BWP40P140)
                                                          0.00       0.11 f
  data arrival time                                                  0.11

  clock clock_main (rise edge)                            0.00       0.00
  clock network delay (ideal)                             0.00       0.00
  clock uncertainty                                       0.10       0.10
  usint_ext_mult_61/holdh_delay_reg_15_/CP (DFKCNQD1BWP40P140)
                                                          0.00       0.10 r
  library hold time                                       0.02       0.12
  data required time                                                 0.12
  --------------------------------------------------------------------------
  data required time                                                 0.12
  data arrival time                                                 -0.11
  --------------------------------------------------------------------------
  slack (VIOLATED: increase significant digits)                      0.00


  Startpoint: REG_124_reg_15_
              (rising edge-triggered flip-flop clocked by clock_main)
  Endpoint: usint_ext_mult_62/holdh_delay_reg_15_
            (rising edge-triggered flip-flop clocked by clock_main)
  Path Group: clock_main
  Path Type: min

  Des/Clust/Port     Wire Load Model       Library
  ------------------------------------------------
  poly_fast_split_mult_kernel
                     ZeroWireload          tcbn28hpcplusbwp40p140hvtssg0p81vm40c_ccs
  usint_ext_mult_0_DP_OP_17J2_137_1390_J2_0_18
                     ZeroWireload          tcbn28hpcplusbwp40p140hvtssg0p81vm40c_ccs
  usint_ext_mult_0_DW_mult_uns_J2_0_18
                     ZeroWireload          tcbn28hpcplusbwp40p140hvtssg0p81vm40c_ccs

  Point                                                   Incr       Path
  --------------------------------------------------------------------------
  clock clock_main (rise edge)                            0.00       0.00
  clock network delay (ideal)                             0.00       0.00
  REG_124_reg_15_/CP (DFQD1BWP40P140)                     0.00 #     0.00 r
  REG_124_reg_15_/Q (DFQD1BWP40P140)                      0.08       0.08 r
  usint_ext_mult_62/DP_OP_17J2_137_1390/U293/ZN (MUX2NUD1BWP40P140)
                                                          0.02       0.10 f
  usint_ext_mult_62/U69/Z (AO22D1BWP40P140LVT)            0.02       0.11 f
  usint_ext_mult_62/holdh_delay_reg_15_/D (DFKCNQD1BWP40P140)
                                                          0.00       0.11 f
  data arrival time                                                  0.11

  clock clock_main (rise edge)                            0.00       0.00
  clock network delay (ideal)                             0.00       0.00
  clock uncertainty                                       0.10       0.10
  usint_ext_mult_62/holdh_delay_reg_15_/CP (DFKCNQD1BWP40P140)
                                                          0.00       0.10 r
  library hold time                                       0.02       0.12
  data required time                                                 0.12
  --------------------------------------------------------------------------
  data required time                                                 0.12
  data arrival time                                                 -0.11
  --------------------------------------------------------------------------
  slack (VIOLATED: increase significant digits)                      0.00


  Startpoint: REG_126_reg_15_
              (rising edge-triggered flip-flop clocked by clock_main)
  Endpoint: usint_ext_mult_63/holdh_delay_reg_15_
            (rising edge-triggered flip-flop clocked by clock_main)
  Path Group: clock_main
  Path Type: min

  Des/Clust/Port     Wire Load Model       Library
  ------------------------------------------------
  poly_fast_split_mult_kernel
                     ZeroWireload          tcbn28hpcplusbwp40p140hvtssg0p81vm40c_ccs
  usint_ext_mult_0_DP_OP_17J2_137_1390_J2_0_17
                     ZeroWireload          tcbn28hpcplusbwp40p140hvtssg0p81vm40c_ccs
  usint_ext_mult_0_DW_mult_uns_J2_0_17
                     ZeroWireload          tcbn28hpcplusbwp40p140hvtssg0p81vm40c_ccs

  Point                                                   Incr       Path
  --------------------------------------------------------------------------
  clock clock_main (rise edge)                            0.00       0.00
  clock network delay (ideal)                             0.00       0.00
  REG_126_reg_15_/CP (DFQD1BWP40P140)                     0.00 #     0.00 r
  REG_126_reg_15_/Q (DFQD1BWP40P140)                      0.08       0.08 r
  usint_ext_mult_63/DP_OP_17J2_137_1390/U293/ZN (MUX2NUD1BWP40P140)
                                                          0.02       0.10 f
  usint_ext_mult_63/U69/Z (AO22D1BWP40P140LVT)            0.02       0.11 f
  usint_ext_mult_63/holdh_delay_reg_15_/D (DFKCNQD1BWP40P140)
                                                          0.00       0.11 f
  data arrival time                                                  0.11

  clock clock_main (rise edge)                            0.00       0.00
  clock network delay (ideal)                             0.00       0.00
  clock uncertainty                                       0.10       0.10
  usint_ext_mult_63/holdh_delay_reg_15_/CP (DFKCNQD1BWP40P140)
                                                          0.00       0.10 r
  library hold time                                       0.02       0.12
  data required time                                                 0.12
  --------------------------------------------------------------------------
  data required time                                                 0.12
  data arrival time                                                 -0.11
  --------------------------------------------------------------------------
  slack (VIOLATED: increase significant digits)                      0.00


  Startpoint: REG_128_reg_15_
              (rising edge-triggered flip-flop clocked by clock_main)
  Endpoint: usint_ext_mult_64/holdh_delay_reg_15_
            (rising edge-triggered flip-flop clocked by clock_main)
  Path Group: clock_main
  Path Type: min

  Des/Clust/Port     Wire Load Model       Library
  ------------------------------------------------
  poly_fast_split_mult_kernel
                     ZeroWireload          tcbn28hpcplusbwp40p140hvtssg0p81vm40c_ccs
  usint_ext_mult_0_DP_OP_17J2_137_1390_J2_0_16
                     ZeroWireload          tcbn28hpcplusbwp40p140hvtssg0p81vm40c_ccs
  usint_ext_mult_0_DW_mult_uns_J2_0_16
                     ZeroWireload          tcbn28hpcplusbwp40p140hvtssg0p81vm40c_ccs

  Point                                                   Incr       Path
  --------------------------------------------------------------------------
  clock clock_main (rise edge)                            0.00       0.00
  clock network delay (ideal)                             0.00       0.00
  REG_128_reg_15_/CP (DFQD1BWP40P140)                     0.00 #     0.00 r
  REG_128_reg_15_/Q (DFQD1BWP40P140)                      0.08       0.08 r
  usint_ext_mult_64/DP_OP_17J2_137_1390/U292/ZN (MUX2NUD1BWP40P140)
                                                          0.02       0.10 f
  usint_ext_mult_64/U69/Z (AO22D1BWP40P140LVT)            0.02       0.11 f
  usint_ext_mult_64/holdh_delay_reg_15_/D (DFKCNQD1BWP40P140)
                                                          0.00       0.11 f
  data arrival time                                                  0.11

  clock clock_main (rise edge)                            0.00       0.00
  clock network delay (ideal)                             0.00       0.00
  clock uncertainty                                       0.10       0.10
  usint_ext_mult_64/holdh_delay_reg_15_/CP (DFKCNQD1BWP40P140)
                                                          0.00       0.10 r
  library hold time                                       0.02       0.12
  data required time                                                 0.12
  --------------------------------------------------------------------------
  data required time                                                 0.12
  data arrival time                                                 -0.11
  --------------------------------------------------------------------------
  slack (VIOLATED: increase significant digits)                      0.00


  Startpoint: REG_130_reg_15_
              (rising edge-triggered flip-flop clocked by clock_main)
  Endpoint: usint_ext_mult_65/holdh_delay_reg_15_
            (rising edge-triggered flip-flop clocked by clock_main)
  Path Group: clock_main
  Path Type: min

  Des/Clust/Port     Wire Load Model       Library
  ------------------------------------------------
  poly_fast_split_mult_kernel
                     ZeroWireload          tcbn28hpcplusbwp40p140hvtssg0p81vm40c_ccs
  usint_ext_mult_0_DP_OP_17J2_137_1390_J2_0_15
                     ZeroWireload          tcbn28hpcplusbwp40p140hvtssg0p81vm40c_ccs
  usint_ext_mult_0_DW_mult_uns_J2_0_15
                     ZeroWireload          tcbn28hpcplusbwp40p140hvtssg0p81vm40c_ccs

  Point                                                   Incr       Path
  --------------------------------------------------------------------------
  clock clock_main (rise edge)                            0.00       0.00
  clock network delay (ideal)                             0.00       0.00
  REG_130_reg_15_/CP (DFQD1BWP40P140)                     0.00 #     0.00 r
  REG_130_reg_15_/Q (DFQD1BWP40P140)                      0.08       0.08 r
  usint_ext_mult_65/DP_OP_17J2_137_1390/U290/ZN (MUX2NUD1BWP40P140)
                                                          0.02       0.10 f
  usint_ext_mult_65/U69/Z (AO22D1BWP40P140LVT)            0.02       0.11 f
  usint_ext_mult_65/holdh_delay_reg_15_/D (DFKCNQD1BWP40P140)
                                                          0.00       0.11 f
  data arrival time                                                  0.11

  clock clock_main (rise edge)                            0.00       0.00
  clock network delay (ideal)                             0.00       0.00
  clock uncertainty                                       0.10       0.10
  usint_ext_mult_65/holdh_delay_reg_15_/CP (DFKCNQD1BWP40P140)
                                                          0.00       0.10 r
  library hold time                                       0.02       0.12
  data required time                                                 0.12
  --------------------------------------------------------------------------
  data required time                                                 0.12
  data arrival time                                                 -0.11
  --------------------------------------------------------------------------
  slack (VIOLATED: increase significant digits)                      0.00


  Startpoint: REG_132_reg_15_
              (rising edge-triggered flip-flop clocked by clock_main)
  Endpoint: usint_ext_mult_66/holdh_delay_reg_15_
            (rising edge-triggered flip-flop clocked by clock_main)
  Path Group: clock_main
  Path Type: min

  Des/Clust/Port     Wire Load Model       Library
  ------------------------------------------------
  poly_fast_split_mult_kernel
                     ZeroWireload          tcbn28hpcplusbwp40p140hvtssg0p81vm40c_ccs
  usint_ext_mult_0_DP_OP_17J2_137_1390_J2_0_14
                     ZeroWireload          tcbn28hpcplusbwp40p140hvtssg0p81vm40c_ccs
  usint_ext_mult_0_DW_mult_uns_J2_0_14
                     ZeroWireload          tcbn28hpcplusbwp40p140hvtssg0p81vm40c_ccs

  Point                                                   Incr       Path
  --------------------------------------------------------------------------
  clock clock_main (rise edge)                            0.00       0.00
  clock network delay (ideal)                             0.00       0.00
  REG_132_reg_15_/CP (DFQD1BWP40P140)                     0.00 #     0.00 r
  REG_132_reg_15_/Q (DFQD1BWP40P140)                      0.08       0.08 r
  usint_ext_mult_66/DP_OP_17J2_137_1390/U292/ZN (MUX2NUD1BWP40P140)
                                                          0.02       0.10 f
  usint_ext_mult_66/U69/Z (AO22D1BWP40P140LVT)            0.02       0.11 f
  usint_ext_mult_66/holdh_delay_reg_15_/D (DFKCNQD1BWP40P140)
                                                          0.00       0.11 f
  data arrival time                                                  0.11

  clock clock_main (rise edge)                            0.00       0.00
  clock network delay (ideal)                             0.00       0.00
  clock uncertainty                                       0.10       0.10
  usint_ext_mult_66/holdh_delay_reg_15_/CP (DFKCNQD1BWP40P140)
                                                          0.00       0.10 r
  library hold time                                       0.02       0.12
  data required time                                                 0.12
  --------------------------------------------------------------------------
  data required time                                                 0.12
  data arrival time                                                 -0.11
  --------------------------------------------------------------------------
  slack (VIOLATED: increase significant digits)                      0.00


  Startpoint: REG_134_reg_15_
              (rising edge-triggered flip-flop clocked by clock_main)
  Endpoint: usint_ext_mult_67/holdh_delay_reg_15_
            (rising edge-triggered flip-flop clocked by clock_main)
  Path Group: clock_main
  Path Type: min

  Des/Clust/Port     Wire Load Model       Library
  ------------------------------------------------
  poly_fast_split_mult_kernel
                     ZeroWireload          tcbn28hpcplusbwp40p140hvtssg0p81vm40c_ccs
  usint_ext_mult_0_DP_OP_17J2_137_1390_J2_0_13
                     ZeroWireload          tcbn28hpcplusbwp40p140hvtssg0p81vm40c_ccs
  usint_ext_mult_0_DW_mult_uns_J2_0_13
                     ZeroWireload          tcbn28hpcplusbwp40p140hvtssg0p81vm40c_ccs

  Point                                                   Incr       Path
  --------------------------------------------------------------------------
  clock clock_main (rise edge)                            0.00       0.00
  clock network delay (ideal)                             0.00       0.00
  REG_134_reg_15_/CP (DFQD1BWP40P140)                     0.00 #     0.00 r
  REG_134_reg_15_/Q (DFQD1BWP40P140)                      0.08       0.08 r
  usint_ext_mult_67/DP_OP_17J2_137_1390/U295/ZN (MUX2NUD1BWP40P140)
                                                          0.02       0.10 f
  usint_ext_mult_67/U69/Z (AO22D1BWP40P140LVT)            0.02       0.11 f
  usint_ext_mult_67/holdh_delay_reg_15_/D (DFKCNQD1BWP40P140)
                                                          0.00       0.11 f
  data arrival time                                                  0.11

  clock clock_main (rise edge)                            0.00       0.00
  clock network delay (ideal)                             0.00       0.00
  clock uncertainty                                       0.10       0.10
  usint_ext_mult_67/holdh_delay_reg_15_/CP (DFKCNQD1BWP40P140)
                                                          0.00       0.10 r
  library hold time                                       0.02       0.12
  data required time                                                 0.12
  --------------------------------------------------------------------------
  data required time                                                 0.12
  data arrival time                                                 -0.11
  --------------------------------------------------------------------------
  slack (VIOLATED: increase significant digits)                      0.00


  Startpoint: REG_136_reg_15_
              (rising edge-triggered flip-flop clocked by clock_main)
  Endpoint: usint_ext_mult_68/holdh_delay_reg_15_
            (rising edge-triggered flip-flop clocked by clock_main)
  Path Group: clock_main
  Path Type: min

  Des/Clust/Port     Wire Load Model       Library
  ------------------------------------------------
  poly_fast_split_mult_kernel
                     ZeroWireload          tcbn28hpcplusbwp40p140hvtssg0p81vm40c_ccs
  usint_ext_mult_0_DP_OP_17J2_137_1390_J2_0_12
                     ZeroWireload          tcbn28hpcplusbwp40p140hvtssg0p81vm40c_ccs
  usint_ext_mult_0_DW_mult_uns_J2_0_12
                     ZeroWireload          tcbn28hpcplusbwp40p140hvtssg0p81vm40c_ccs

  Point                                                   Incr       Path
  --------------------------------------------------------------------------
  clock clock_main (rise edge)                            0.00       0.00
  clock network delay (ideal)                             0.00       0.00
  REG_136_reg_15_/CP (DFQD1BWP40P140)                     0.00 #     0.00 r
  REG_136_reg_15_/Q (DFQD1BWP40P140)                      0.08       0.08 r
  usint_ext_mult_68/DP_OP_17J2_137_1390/U292/ZN (MUX2NUD1BWP40P140)
                                                          0.02       0.10 f
  usint_ext_mult_68/U69/Z (AO22D1BWP40P140LVT)            0.02       0.11 f
  usint_ext_mult_68/holdh_delay_reg_15_/D (DFKCNQD1BWP40P140)
                                                          0.00       0.11 f
  data arrival time                                                  0.11

  clock clock_main (rise edge)                            0.00       0.00
  clock network delay (ideal)                             0.00       0.00
  clock uncertainty                                       0.10       0.10
  usint_ext_mult_68/holdh_delay_reg_15_/CP (DFKCNQD1BWP40P140)
                                                          0.00       0.10 r
  library hold time                                       0.02       0.12
  data required time                                                 0.12
  --------------------------------------------------------------------------
  data required time                                                 0.12
  data arrival time                                                 -0.11
  --------------------------------------------------------------------------
  slack (VIOLATED: increase significant digits)                      0.00


  Startpoint: REG_138_reg_15_
              (rising edge-triggered flip-flop clocked by clock_main)
  Endpoint: usint_ext_mult_69/holdh_delay_reg_15_
            (rising edge-triggered flip-flop clocked by clock_main)
  Path Group: clock_main
  Path Type: min

  Des/Clust/Port     Wire Load Model       Library
  ------------------------------------------------
  poly_fast_split_mult_kernel
                     ZeroWireload          tcbn28hpcplusbwp40p140hvtssg0p81vm40c_ccs
  usint_ext_mult_0_DP_OP_17J2_137_1390_J2_0_11
                     ZeroWireload          tcbn28hpcplusbwp40p140hvtssg0p81vm40c_ccs
  usint_ext_mult_0_DW_mult_uns_J2_0_11
                     ZeroWireload          tcbn28hpcplusbwp40p140hvtssg0p81vm40c_ccs

  Point                                                   Incr       Path
  --------------------------------------------------------------------------
  clock clock_main (rise edge)                            0.00       0.00
  clock network delay (ideal)                             0.00       0.00
  REG_138_reg_15_/CP (DFQD1BWP40P140)                     0.00 #     0.00 r
  REG_138_reg_15_/Q (DFQD1BWP40P140)                      0.08       0.08 r
  usint_ext_mult_69/DP_OP_17J2_137_1390/U294/ZN (MUX2NUD1BWP40P140)
                                                          0.02       0.10 f
  usint_ext_mult_69/U69/Z (AO22D1BWP40P140LVT)            0.02       0.11 f
  usint_ext_mult_69/holdh_delay_reg_15_/D (DFKCNQD1BWP40P140)
                                                          0.00       0.11 f
  data arrival time                                                  0.11

  clock clock_main (rise edge)                            0.00       0.00
  clock network delay (ideal)                             0.00       0.00
  clock uncertainty                                       0.10       0.10
  usint_ext_mult_69/holdh_delay_reg_15_/CP (DFKCNQD1BWP40P140)
                                                          0.00       0.10 r
  library hold time                                       0.02       0.12
  data required time                                                 0.12
  --------------------------------------------------------------------------
  data required time                                                 0.12
  data arrival time                                                 -0.11
  --------------------------------------------------------------------------
  slack (VIOLATED: increase significant digits)                      0.00


  Startpoint: REG_140_reg_15_
              (rising edge-triggered flip-flop clocked by clock_main)
  Endpoint: usint_ext_mult_70/holdh_delay_reg_15_
            (rising edge-triggered flip-flop clocked by clock_main)
  Path Group: clock_main
  Path Type: min

  Des/Clust/Port     Wire Load Model       Library
  ------------------------------------------------
  poly_fast_split_mult_kernel
                     ZeroWireload          tcbn28hpcplusbwp40p140hvtssg0p81vm40c_ccs
  usint_ext_mult_0_DP_OP_17J2_137_1390_J2_0_10
                     ZeroWireload          tcbn28hpcplusbwp40p140hvtssg0p81vm40c_ccs
  usint_ext_mult_0_DW_mult_uns_J2_0_10
                     ZeroWireload          tcbn28hpcplusbwp40p140hvtssg0p81vm40c_ccs

  Point                                                   Incr       Path
  --------------------------------------------------------------------------
  clock clock_main (rise edge)                            0.00       0.00
  clock network delay (ideal)                             0.00       0.00
  REG_140_reg_15_/CP (DFQD1BWP40P140)                     0.00 #     0.00 r
  REG_140_reg_15_/Q (DFQD1BWP40P140)                      0.08       0.08 r
  usint_ext_mult_70/DP_OP_17J2_137_1390/U295/ZN (MUX2NUD1BWP40P140)
                                                          0.02       0.10 f
  usint_ext_mult_70/U69/Z (AO22D1BWP40P140LVT)            0.02       0.11 f
  usint_ext_mult_70/holdh_delay_reg_15_/D (DFKCNQD1BWP40P140)
                                                          0.00       0.11 f
  data arrival time                                                  0.11

  clock clock_main (rise edge)                            0.00       0.00
  clock network delay (ideal)                             0.00       0.00
  clock uncertainty                                       0.10       0.10
  usint_ext_mult_70/holdh_delay_reg_15_/CP (DFKCNQD1BWP40P140)
                                                          0.00       0.10 r
  library hold time                                       0.02       0.12
  data required time                                                 0.12
  --------------------------------------------------------------------------
  data required time                                                 0.12
  data arrival time                                                 -0.11
  --------------------------------------------------------------------------
  slack (VIOLATED: increase significant digits)                      0.00


  Startpoint: REG_142_reg_15_
              (rising edge-triggered flip-flop clocked by clock_main)
  Endpoint: usint_ext_mult_71/holdh_delay_reg_15_
            (rising edge-triggered flip-flop clocked by clock_main)
  Path Group: clock_main
  Path Type: min

  Des/Clust/Port     Wire Load Model       Library
  ------------------------------------------------
  poly_fast_split_mult_kernel
                     ZeroWireload          tcbn28hpcplusbwp40p140hvtssg0p81vm40c_ccs
  usint_ext_mult_0_DP_OP_17J2_137_1390_J2_0_9
                     ZeroWireload          tcbn28hpcplusbwp40p140hvtssg0p81vm40c_ccs
  usint_ext_mult_0_DW_mult_uns_J2_0_9
                     ZeroWireload          tcbn28hpcplusbwp40p140hvtssg0p81vm40c_ccs

  Point                                                   Incr       Path
  --------------------------------------------------------------------------
  clock clock_main (rise edge)                            0.00       0.00
  clock network delay (ideal)                             0.00       0.00
  REG_142_reg_15_/CP (DFQD1BWP40P140)                     0.00 #     0.00 r
  REG_142_reg_15_/Q (DFQD1BWP40P140)                      0.08       0.08 r
  usint_ext_mult_71/DP_OP_17J2_137_1390/U293/ZN (MUX2NUD1BWP40P140)
                                                          0.02       0.10 f
  usint_ext_mult_71/U69/Z (AO22D1BWP40P140LVT)            0.02       0.11 f
  usint_ext_mult_71/holdh_delay_reg_15_/D (DFKCNQD1BWP40P140)
                                                          0.00       0.11 f
  data arrival time                                                  0.11

  clock clock_main (rise edge)                            0.00       0.00
  clock network delay (ideal)                             0.00       0.00
  clock uncertainty                                       0.10       0.10
  usint_ext_mult_71/holdh_delay_reg_15_/CP (DFKCNQD1BWP40P140)
                                                          0.00       0.10 r
  library hold time                                       0.02       0.12
  data required time                                                 0.12
  --------------------------------------------------------------------------
  data required time                                                 0.12
  data arrival time                                                 -0.11
  --------------------------------------------------------------------------
  slack (VIOLATED: increase significant digits)                      0.00


  Startpoint: REG_144_reg_15_
              (rising edge-triggered flip-flop clocked by clock_main)
  Endpoint: usint_ext_mult_72/holdh_delay_reg_15_
            (rising edge-triggered flip-flop clocked by clock_main)
  Path Group: clock_main
  Path Type: min

  Des/Clust/Port     Wire Load Model       Library
  ------------------------------------------------
  poly_fast_split_mult_kernel
                     ZeroWireload          tcbn28hpcplusbwp40p140hvtssg0p81vm40c_ccs
  usint_ext_mult_0_DP_OP_17J2_137_1390_J2_0_8
                     ZeroWireload          tcbn28hpcplusbwp40p140hvtssg0p81vm40c_ccs
  usint_ext_mult_0_DW_mult_uns_J2_0_8
                     ZeroWireload          tcbn28hpcplusbwp40p140hvtssg0p81vm40c_ccs

  Point                                                   Incr       Path
  --------------------------------------------------------------------------
  clock clock_main (rise edge)                            0.00       0.00
  clock network delay (ideal)                             0.00       0.00
  REG_144_reg_15_/CP (DFQD1BWP40P140)                     0.00 #     0.00 r
  REG_144_reg_15_/Q (DFQD1BWP40P140)                      0.08       0.08 r
  usint_ext_mult_72/DP_OP_17J2_137_1390/U293/ZN (MUX2NUD1BWP40P140)
                                                          0.02       0.10 f
  usint_ext_mult_72/U69/Z (AO22D1BWP40P140LVT)            0.02       0.11 f
  usint_ext_mult_72/holdh_delay_reg_15_/D (DFKCNQD1BWP40P140)
                                                          0.00       0.11 f
  data arrival time                                                  0.11

  clock clock_main (rise edge)                            0.00       0.00
  clock network delay (ideal)                             0.00       0.00
  clock uncertainty                                       0.10       0.10
  usint_ext_mult_72/holdh_delay_reg_15_/CP (DFKCNQD1BWP40P140)
                                                          0.00       0.10 r
  library hold time                                       0.02       0.12
  data required time                                                 0.12
  --------------------------------------------------------------------------
  data required time                                                 0.12
  data arrival time                                                 -0.11
  --------------------------------------------------------------------------
  slack (VIOLATED: increase significant digits)                      0.00


  Startpoint: REG_146_reg_15_
              (rising edge-triggered flip-flop clocked by clock_main)
  Endpoint: usint_ext_mult_73/holdh_delay_reg_15_
            (rising edge-triggered flip-flop clocked by clock_main)
  Path Group: clock_main
  Path Type: min

  Des/Clust/Port     Wire Load Model       Library
  ------------------------------------------------
  poly_fast_split_mult_kernel
                     ZeroWireload          tcbn28hpcplusbwp40p140hvtssg0p81vm40c_ccs
  usint_ext_mult_0_DP_OP_17J2_137_1390_J2_0_7
                     ZeroWireload          tcbn28hpcplusbwp40p140hvtssg0p81vm40c_ccs
  usint_ext_mult_0_DW_mult_uns_J2_0_7
                     ZeroWireload          tcbn28hpcplusbwp40p140hvtssg0p81vm40c_ccs

  Point                                                   Incr       Path
  --------------------------------------------------------------------------
  clock clock_main (rise edge)                            0.00       0.00
  clock network delay (ideal)                             0.00       0.00
  REG_146_reg_15_/CP (DFQD1BWP40P140)                     0.00 #     0.00 r
  REG_146_reg_15_/Q (DFQD1BWP40P140)                      0.08       0.08 r
  usint_ext_mult_73/DP_OP_17J2_137_1390/U293/ZN (MUX2NUD1BWP40P140)
                                                          0.02       0.10 f
  usint_ext_mult_73/U69/Z (AO22D1BWP40P140LVT)            0.02       0.11 f
  usint_ext_mult_73/holdh_delay_reg_15_/D (DFKCNQD1BWP40P140)
                                                          0.00       0.11 f
  data arrival time                                                  0.11

  clock clock_main (rise edge)                            0.00       0.00
  clock network delay (ideal)                             0.00       0.00
  clock uncertainty                                       0.10       0.10
  usint_ext_mult_73/holdh_delay_reg_15_/CP (DFKCNQD1BWP40P140)
                                                          0.00       0.10 r
  library hold time                                       0.02       0.12
  data required time                                                 0.12
  --------------------------------------------------------------------------
  data required time                                                 0.12
  data arrival time                                                 -0.11
  --------------------------------------------------------------------------
  slack (VIOLATED: increase significant digits)                      0.00


  Startpoint: REG_148_reg_15_
              (rising edge-triggered flip-flop clocked by clock_main)
  Endpoint: usint_ext_mult_74/holdh_delay_reg_15_
            (rising edge-triggered flip-flop clocked by clock_main)
  Path Group: clock_main
  Path Type: min

  Des/Clust/Port     Wire Load Model       Library
  ------------------------------------------------
  poly_fast_split_mult_kernel
                     ZeroWireload          tcbn28hpcplusbwp40p140hvtssg0p81vm40c_ccs
  usint_ext_mult_0_DP_OP_17J2_137_1390_J2_0_6
                     ZeroWireload          tcbn28hpcplusbwp40p140hvtssg0p81vm40c_ccs
  usint_ext_mult_0_DW_mult_uns_J2_0_6
                     ZeroWireload          tcbn28hpcplusbwp40p140hvtssg0p81vm40c_ccs

  Point                                                   Incr       Path
  --------------------------------------------------------------------------
  clock clock_main (rise edge)                            0.00       0.00
  clock network delay (ideal)                             0.00       0.00
  REG_148_reg_15_/CP (DFQD1BWP40P140)                     0.00 #     0.00 r
  REG_148_reg_15_/Q (DFQD1BWP40P140)                      0.08       0.08 r
  usint_ext_mult_74/DP_OP_17J2_137_1390/U292/ZN (MUX2NUD1BWP40P140)
                                                          0.02       0.10 f
  usint_ext_mult_74/U69/Z (AO22D1BWP40P140LVT)            0.02       0.11 f
  usint_ext_mult_74/holdh_delay_reg_15_/D (DFKCNQD1BWP40P140)
                                                          0.00       0.11 f
  data arrival time                                                  0.11

  clock clock_main (rise edge)                            0.00       0.00
  clock network delay (ideal)                             0.00       0.00
  clock uncertainty                                       0.10       0.10
  usint_ext_mult_74/holdh_delay_reg_15_/CP (DFKCNQD1BWP40P140)
                                                          0.00       0.10 r
  library hold time                                       0.02       0.12
  data required time                                                 0.12
  --------------------------------------------------------------------------
  data required time                                                 0.12
  data arrival time                                                 -0.11
  --------------------------------------------------------------------------
  slack (VIOLATED: increase significant digits)                      0.00


  Startpoint: REG_150_reg_15_
              (rising edge-triggered flip-flop clocked by clock_main)
  Endpoint: usint_ext_mult_75/holdh_delay_reg_15_
            (rising edge-triggered flip-flop clocked by clock_main)
  Path Group: clock_main
  Path Type: min

  Des/Clust/Port     Wire Load Model       Library
  ------------------------------------------------
  poly_fast_split_mult_kernel
                     ZeroWireload          tcbn28hpcplusbwp40p140hvtssg0p81vm40c_ccs
  usint_ext_mult_0_DP_OP_17J2_137_1390_J2_0_5
                     ZeroWireload          tcbn28hpcplusbwp40p140hvtssg0p81vm40c_ccs
  usint_ext_mult_0_DW_mult_uns_J2_0_5
                     ZeroWireload          tcbn28hpcplusbwp40p140hvtssg0p81vm40c_ccs

  Point                                                   Incr       Path
  --------------------------------------------------------------------------
  clock clock_main (rise edge)                            0.00       0.00
  clock network delay (ideal)                             0.00       0.00
  REG_150_reg_15_/CP (DFQD1BWP40P140)                     0.00 #     0.00 r
  REG_150_reg_15_/Q (DFQD1BWP40P140)                      0.08       0.08 r
  usint_ext_mult_75/DP_OP_17J2_137_1390/U292/ZN (MUX2NUD1BWP40P140)
                                                          0.02       0.10 f
  usint_ext_mult_75/U69/Z (AO22D1BWP40P140LVT)            0.02       0.11 f
  usint_ext_mult_75/holdh_delay_reg_15_/D (DFKCNQD1BWP40P140)
                                                          0.00       0.11 f
  data arrival time                                                  0.11

  clock clock_main (rise edge)                            0.00       0.00
  clock network delay (ideal)                             0.00       0.00
  clock uncertainty                                       0.10       0.10
  usint_ext_mult_75/holdh_delay_reg_15_/CP (DFKCNQD1BWP40P140)
                                                          0.00       0.10 r
  library hold time                                       0.02       0.12
  data required time                                                 0.12
  --------------------------------------------------------------------------
  data required time                                                 0.12
  data arrival time                                                 -0.11
  --------------------------------------------------------------------------
  slack (VIOLATED: increase significant digits)                      0.00


  Startpoint: REG_152_reg_15_
              (rising edge-triggered flip-flop clocked by clock_main)
  Endpoint: usint_ext_mult_76/holdh_delay_reg_15_
            (rising edge-triggered flip-flop clocked by clock_main)
  Path Group: clock_main
  Path Type: min

  Des/Clust/Port     Wire Load Model       Library
  ------------------------------------------------
  poly_fast_split_mult_kernel
                     ZeroWireload          tcbn28hpcplusbwp40p140hvtssg0p81vm40c_ccs
  usint_ext_mult_0_DP_OP_17J2_137_1390_J2_0_4
                     ZeroWireload          tcbn28hpcplusbwp40p140hvtssg0p81vm40c_ccs
  usint_ext_mult_0_DW_mult_uns_J2_0_4
                     ZeroWireload          tcbn28hpcplusbwp40p140hvtssg0p81vm40c_ccs

  Point                                                   Incr       Path
  --------------------------------------------------------------------------
  clock clock_main (rise edge)                            0.00       0.00
  clock network delay (ideal)                             0.00       0.00
  REG_152_reg_15_/CP (DFQD1BWP40P140)                     0.00 #     0.00 r
  REG_152_reg_15_/Q (DFQD1BWP40P140)                      0.08       0.08 r
  usint_ext_mult_76/DP_OP_17J2_137_1390/U294/ZN (MUX2NUD1BWP40P140)
                                                          0.02       0.10 f
  usint_ext_mult_76/U69/Z (AO22D1BWP40P140LVT)            0.02       0.11 f
  usint_ext_mult_76/holdh_delay_reg_15_/D (DFKCNQD1BWP40P140)
                                                          0.00       0.11 f
  data arrival time                                                  0.11

  clock clock_main (rise edge)                            0.00       0.00
  clock network delay (ideal)                             0.00       0.00
  clock uncertainty                                       0.10       0.10
  usint_ext_mult_76/holdh_delay_reg_15_/CP (DFKCNQD1BWP40P140)
                                                          0.00       0.10 r
  library hold time                                       0.02       0.12
  data required time                                                 0.12
  --------------------------------------------------------------------------
  data required time                                                 0.12
  data arrival time                                                 -0.11
  --------------------------------------------------------------------------
  slack (VIOLATED: increase significant digits)                      0.00


  Startpoint: REG_154_reg_15_
              (rising edge-triggered flip-flop clocked by clock_main)
  Endpoint: usint_ext_mult_77/holdh_delay_reg_15_
            (rising edge-triggered flip-flop clocked by clock_main)
  Path Group: clock_main
  Path Type: min

  Des/Clust/Port     Wire Load Model       Library
  ------------------------------------------------
  poly_fast_split_mult_kernel
                     ZeroWireload          tcbn28hpcplusbwp40p140hvtssg0p81vm40c_ccs
  usint_ext_mult_0_DP_OP_17J2_137_1390_J2_0_3
                     ZeroWireload          tcbn28hpcplusbwp40p140hvtssg0p81vm40c_ccs
  usint_ext_mult_0_DW_mult_uns_J2_0_3
                     ZeroWireload          tcbn28hpcplusbwp40p140hvtssg0p81vm40c_ccs

  Point                                                   Incr       Path
  --------------------------------------------------------------------------
  clock clock_main (rise edge)                            0.00       0.00
  clock network delay (ideal)                             0.00       0.00
  REG_154_reg_15_/CP (DFQD1BWP40P140)                     0.00 #     0.00 r
  REG_154_reg_15_/Q (DFQD1BWP40P140)                      0.08       0.08 r
  usint_ext_mult_77/DP_OP_17J2_137_1390/U293/ZN (MUX2NUD1BWP40P140)
                                                          0.02       0.10 f
  usint_ext_mult_77/U69/Z (AO22D1BWP40P140LVT)            0.02       0.11 f
  usint_ext_mult_77/holdh_delay_reg_15_/D (DFKCNQD1BWP40P140)
                                                          0.00       0.11 f
  data arrival time                                                  0.11

  clock clock_main (rise edge)                            0.00       0.00
  clock network delay (ideal)                             0.00       0.00
  clock uncertainty                                       0.10       0.10
  usint_ext_mult_77/holdh_delay_reg_15_/CP (DFKCNQD1BWP40P140)
                                                          0.00       0.10 r
  library hold time                                       0.02       0.12
  data required time                                                 0.12
  --------------------------------------------------------------------------
  data required time                                                 0.12
  data arrival time                                                 -0.11
  --------------------------------------------------------------------------
  slack (VIOLATED: increase significant digits)                      0.00


  Startpoint: REG_156_reg_15_
              (rising edge-triggered flip-flop clocked by clock_main)
  Endpoint: usint_ext_mult_78/holdh_delay_reg_15_
            (rising edge-triggered flip-flop clocked by clock_main)
  Path Group: clock_main
  Path Type: min

  Des/Clust/Port     Wire Load Model       Library
  ------------------------------------------------
  poly_fast_split_mult_kernel
                     ZeroWireload          tcbn28hpcplusbwp40p140hvtssg0p81vm40c_ccs
  usint_ext_mult_0_DP_OP_17J2_137_1390_J2_0_2
                     ZeroWireload          tcbn28hpcplusbwp40p140hvtssg0p81vm40c_ccs
  usint_ext_mult_0_DW_mult_uns_J2_0_2
                     ZeroWireload          tcbn28hpcplusbwp40p140hvtssg0p81vm40c_ccs

  Point                                                   Incr       Path
  --------------------------------------------------------------------------
  clock clock_main (rise edge)                            0.00       0.00
  clock network delay (ideal)                             0.00       0.00
  REG_156_reg_15_/CP (DFQD1BWP40P140)                     0.00 #     0.00 r
  REG_156_reg_15_/Q (DFQD1BWP40P140)                      0.08       0.08 r
  usint_ext_mult_78/DP_OP_17J2_137_1390/U293/ZN (MUX2NUD1BWP40P140)
                                                          0.02       0.10 f
  usint_ext_mult_78/U69/Z (AO22D1BWP40P140LVT)            0.02       0.11 f
  usint_ext_mult_78/holdh_delay_reg_15_/D (DFKCNQD1BWP40P140)
                                                          0.00       0.11 f
  data arrival time                                                  0.11

  clock clock_main (rise edge)                            0.00       0.00
  clock network delay (ideal)                             0.00       0.00
  clock uncertainty                                       0.10       0.10
  usint_ext_mult_78/holdh_delay_reg_15_/CP (DFKCNQD1BWP40P140)
                                                          0.00       0.10 r
  library hold time                                       0.02       0.12
  data required time                                                 0.12
  --------------------------------------------------------------------------
  data required time                                                 0.12
  data arrival time                                                 -0.11
  --------------------------------------------------------------------------
  slack (VIOLATED: increase significant digits)                      0.00


  Startpoint: REG_158_reg_15_
              (rising edge-triggered flip-flop clocked by clock_main)
  Endpoint: usint_ext_mult_79/holdh_delay_reg_15_
            (rising edge-triggered flip-flop clocked by clock_main)
  Path Group: clock_main
  Path Type: min

  Des/Clust/Port     Wire Load Model       Library
  ------------------------------------------------
  poly_fast_split_mult_kernel
                     ZeroWireload          tcbn28hpcplusbwp40p140hvtssg0p81vm40c_ccs
  usint_ext_mult_0_DP_OP_17J2_137_1390_J2_0_1
                     ZeroWireload          tcbn28hpcplusbwp40p140hvtssg0p81vm40c_ccs
  usint_ext_mult_0_DW_mult_uns_J2_0_1
                     ZeroWireload          tcbn28hpcplusbwp40p140hvtssg0p81vm40c_ccs

  Point                                                   Incr       Path
  --------------------------------------------------------------------------
  clock clock_main (rise edge)                            0.00       0.00
  clock network delay (ideal)                             0.00       0.00
  REG_158_reg_15_/CP (DFQD1BWP40P140)                     0.00 #     0.00 r
  REG_158_reg_15_/Q (DFQD1BWP40P140)                      0.08       0.08 r
  usint_ext_mult_79/DP_OP_17J2_137_1390/U292/ZN (MUX2NUD1BWP40P140)
                                                          0.02       0.10 f
  usint_ext_mult_79/U69/Z (AO22D1BWP40P140LVT)            0.02       0.11 f
  usint_ext_mult_79/holdh_delay_reg_15_/D (DFKCNQD1BWP40P140)
                                                          0.00       0.11 f
  data arrival time                                                  0.11

  clock clock_main (rise edge)                            0.00       0.00
  clock network delay (ideal)                             0.00       0.00
  clock uncertainty                                       0.10       0.10
  usint_ext_mult_79/holdh_delay_reg_15_/CP (DFKCNQD1BWP40P140)
                                                          0.00       0.10 r
  library hold time                                       0.02       0.12
  data required time                                                 0.12
  --------------------------------------------------------------------------
  data required time                                                 0.12
  data arrival time                                                 -0.11
  --------------------------------------------------------------------------
  slack (VIOLATED: increase significant digits)                      0.00


  Startpoint: REG_160_reg_15_
              (rising edge-triggered flip-flop clocked by clock_main)
  Endpoint: usint_ext_mult_80/holdh_delay_reg_15_
            (rising edge-triggered flip-flop clocked by clock_main)
  Path Group: clock_main
  Path Type: min

  Des/Clust/Port     Wire Load Model       Library
  ------------------------------------------------
  poly_fast_split_mult_kernel
                     ZeroWireload          tcbn28hpcplusbwp40p140hvtssg0p81vm40c_ccs
  usint_ext_mult_0_DP_OP_17J2_137_1390_J2_0_0
                     ZeroWireload          tcbn28hpcplusbwp40p140hvtssg0p81vm40c_ccs
  usint_ext_mult_0_DW_mult_uns_J2_0_0
                     ZeroWireload          tcbn28hpcplusbwp40p140hvtssg0p81vm40c_ccs

  Point                                                   Incr       Path
  --------------------------------------------------------------------------
  clock clock_main (rise edge)                            0.00       0.00
  clock network delay (ideal)                             0.00       0.00
  REG_160_reg_15_/CP (DFQD1BWP40P140)                     0.00 #     0.00 r
  REG_160_reg_15_/Q (DFQD1BWP40P140)                      0.08       0.08 r
  usint_ext_mult_80/DP_OP_17J2_137_1390/U291/ZN (MUX2NUD1BWP40P140)
                                                          0.02       0.10 f
  usint_ext_mult_80/U69/Z (AO22D1BWP40P140LVT)            0.02       0.11 f
  usint_ext_mult_80/holdh_delay_reg_15_/D (DFKCNQD1BWP40P140)
                                                          0.00       0.11 f
  data arrival time                                                  0.11

  clock clock_main (rise edge)                            0.00       0.00
  clock network delay (ideal)                             0.00       0.00
  clock uncertainty                                       0.10       0.10
  usint_ext_mult_80/holdh_delay_reg_15_/CP (DFKCNQD1BWP40P140)
                                                          0.00       0.10 r
  library hold time                                       0.02       0.12
  data required time                                                 0.12
  --------------------------------------------------------------------------
  data required time                                                 0.12
  data arrival time                                                 -0.11
  --------------------------------------------------------------------------
  slack (VIOLATED: increase significant digits)                      0.00


    Net: io_polyc_0[0]

    Capacitance            0.00
  - min_capacitance        0.00
  ------------------------------
    Slack                  0.00  (VIOLATED: increase significant digits)


    Net: io_polyc_0[1]

    Capacitance            0.00
  - min_capacitance        0.00
  ------------------------------
    Slack                  0.00  (VIOLATED: increase significant digits)


    Net: io_polyc_0[2]

    Capacitance            0.00
  - min_capacitance        0.00
  ------------------------------
    Slack                  0.00  (VIOLATED: increase significant digits)


    Net: io_polyc_0[3]

    Capacitance            0.00
  - min_capacitance        0.00
  ------------------------------
    Slack                  0.00  (VIOLATED: increase significant digits)


    Net: io_polyc_0[4]

    Capacitance            0.00
  - min_capacitance        0.00
  ------------------------------
    Slack                  0.00  (VIOLATED: increase significant digits)


    Net: io_polyc_0[5]

    Capacitance            0.00
  - min_capacitance        0.00
  ------------------------------
    Slack                  0.00  (VIOLATED: increase significant digits)


    Net: io_polyc_0[6]

    Capacitance            0.00
  - min_capacitance        0.00
  ------------------------------
    Slack                  0.00  (VIOLATED: increase significant digits)


    Net: io_polyc_0[7]

    Capacitance            0.00
  - min_capacitance        0.00
  ------------------------------
    Slack                  0.00  (VIOLATED: increase significant digits)


    Net: io_polyc_0[8]

    Capacitance            0.00
  - min_capacitance        0.00
  ------------------------------
    Slack                  0.00  (VIOLATED: increase significant digits)


    Net: io_polyc_0[9]

    Capacitance            0.00
  - min_capacitance        0.00
  ------------------------------
    Slack                  0.00  (VIOLATED: increase significant digits)


    Net: io_polyc_0[10]

    Capacitance            0.00
  - min_capacitance        0.00
  ------------------------------
    Slack                  0.00  (VIOLATED: increase significant digits)


    Net: io_polyc_0[11]

    Capacitance            0.00
  - min_capacitance        0.00
  ------------------------------
    Slack                  0.00  (VIOLATED: increase significant digits)


    Net: io_polyc_0[12]

    Capacitance            0.00
  - min_capacitance        0.00
  ------------------------------
    Slack                  0.00  (VIOLATED: increase significant digits)


    Net: io_polyc_0[13]

    Capacitance            0.00
  - min_capacitance        0.00
  ------------------------------
    Slack                  0.00  (VIOLATED: increase significant digits)


    Net: io_polyc_0[14]

    Capacitance            0.00
  - min_capacitance        0.00
  ------------------------------
    Slack                  0.00  (VIOLATED: increase significant digits)


    Net: io_polyc_0[15]

    Capacitance            0.00
  - min_capacitance        0.00
  ------------------------------
    Slack                  0.00  (VIOLATED: increase significant digits)


    Net: io_polyc_0[16]

    Capacitance            0.00
  - min_capacitance        0.00
  ------------------------------
    Slack                  0.00  (VIOLATED: increase significant digits)


    Net: io_polyc_0[17]

    Capacitance            0.00
  - min_capacitance        0.00
  ------------------------------
    Slack                  0.00  (VIOLATED: increase significant digits)


    Net: io_polyc_0[18]

    Capacitance            0.00
  - min_capacitance        0.00
  ------------------------------
    Slack                  0.00  (VIOLATED: increase significant digits)


    Net: io_polyc_0[19]

    Capacitance            0.00
  - min_capacitance        0.00
  ------------------------------
    Slack                  0.00  (VIOLATED: increase significant digits)


    Net: io_polyc_0[20]

    Capacitance            0.00
  - min_capacitance        0.00
  ------------------------------
    Slack                  0.00  (VIOLATED: increase significant digits)


    Net: io_polyc_0[21]

    Capacitance            0.00
  - min_capacitance        0.00
  ------------------------------
    Slack                  0.00  (VIOLATED: increase significant digits)


    Net: io_polyc_0[22]

    Capacitance            0.00
  - min_capacitance        0.00
  ------------------------------
    Slack                  0.00  (VIOLATED: increase significant digits)


    Net: io_polyc_0[23]

    Capacitance            0.00
  - min_capacitance        0.00
  ------------------------------
    Slack                  0.00  (VIOLATED: increase significant digits)


    Net: io_polyc_1[0]

    Capacitance            0.00
  - min_capacitance        0.00
  ------------------------------
    Slack                  0.00  (VIOLATED: increase significant digits)


    Net: io_polyc_1[1]

    Capacitance            0.00
  - min_capacitance        0.00
  ------------------------------
    Slack                  0.00  (VIOLATED: increase significant digits)


    Net: io_polyc_1[2]

    Capacitance            0.00
  - min_capacitance        0.00
  ------------------------------
    Slack                  0.00  (VIOLATED: increase significant digits)


    Net: io_polyc_1[3]

    Capacitance            0.00
  - min_capacitance        0.00
  ------------------------------
    Slack                  0.00  (VIOLATED: increase significant digits)


    Net: io_polyc_1[4]

    Capacitance            0.00
  - min_capacitance        0.00
  ------------------------------
    Slack                  0.00  (VIOLATED: increase significant digits)


    Net: io_polyc_1[5]

    Capacitance            0.00
  - min_capacitance        0.00
  ------------------------------
    Slack                  0.00  (VIOLATED: increase significant digits)


    Net: io_polyc_1[6]

    Capacitance            0.00
  - min_capacitance        0.00
  ------------------------------
    Slack                  0.00  (VIOLATED: increase significant digits)


    Net: io_polyc_1[7]

    Capacitance            0.00
  - min_capacitance        0.00
  ------------------------------
    Slack                  0.00  (VIOLATED: increase significant digits)


    Net: io_polyc_1[8]

    Capacitance            0.00
  - min_capacitance        0.00
  ------------------------------
    Slack                  0.00  (VIOLATED: increase significant digits)


    Net: io_polyc_1[9]

    Capacitance            0.00
  - min_capacitance        0.00
  ------------------------------
    Slack                  0.00  (VIOLATED: increase significant digits)


    Net: io_polyc_1[10]

    Capacitance            0.00
  - min_capacitance        0.00
  ------------------------------
    Slack                  0.00  (VIOLATED: increase significant digits)


    Net: io_polyc_1[11]

    Capacitance            0.00
  - min_capacitance        0.00
  ------------------------------
    Slack                  0.00  (VIOLATED: increase significant digits)


    Net: io_polyc_1[12]

    Capacitance            0.00
  - min_capacitance        0.00
  ------------------------------
    Slack                  0.00  (VIOLATED: increase significant digits)


    Net: io_polyc_1[13]

    Capacitance            0.00
  - min_capacitance        0.00
  ------------------------------
    Slack                  0.00  (VIOLATED: increase significant digits)


    Net: io_polyc_1[14]

    Capacitance            0.00
  - min_capacitance        0.00
  ------------------------------
    Slack                  0.00  (VIOLATED: increase significant digits)


    Net: io_polyc_1[15]

    Capacitance            0.00
  - min_capacitance        0.00
  ------------------------------
    Slack                  0.00  (VIOLATED: increase significant digits)


    Net: io_polyc_1[16]

    Capacitance            0.00
  - min_capacitance        0.00
  ------------------------------
    Slack                  0.00  (VIOLATED: increase significant digits)


    Net: io_polyc_1[17]

    Capacitance            0.00
  - min_capacitance        0.00
  ------------------------------
    Slack                  0.00  (VIOLATED: increase significant digits)


    Net: io_polyc_1[18]

    Capacitance            0.00
  - min_capacitance        0.00
  ------------------------------
    Slack                  0.00  (VIOLATED: increase significant digits)


    Net: io_polyc_1[19]

    Capacitance            0.00
  - min_capacitance        0.00
  ------------------------------
    Slack                  0.00  (VIOLATED: increase significant digits)


    Net: io_polyc_1[20]

    Capacitance            0.00
  - min_capacitance        0.00
  ------------------------------
    Slack                  0.00  (VIOLATED: increase significant digits)


    Net: io_polyc_1[21]

    Capacitance            0.00
  - min_capacitance        0.00
  ------------------------------
    Slack                  0.00  (VIOLATED: increase significant digits)


    Net: io_polyc_1[22]

    Capacitance            0.00
  - min_capacitance        0.00
  ------------------------------
    Slack                  0.00  (VIOLATED: increase significant digits)


    Net: io_polyc_1[23]

    Capacitance            0.00
  - min_capacitance        0.00
  ------------------------------
    Slack                  0.00  (VIOLATED: increase significant digits)


    Net: io_polyc_2[0]

    Capacitance            0.00
  - min_capacitance        0.00
  ------------------------------
    Slack                  0.00  (VIOLATED: increase significant digits)


    Net: io_polyc_2[1]

    Capacitance            0.00
  - min_capacitance        0.00
  ------------------------------
    Slack                  0.00  (VIOLATED: increase significant digits)


    Net: io_polyc_2[2]

    Capacitance            0.00
  - min_capacitance        0.00
  ------------------------------
    Slack                  0.00  (VIOLATED: increase significant digits)


    Net: io_polyc_2[3]

    Capacitance            0.00
  - min_capacitance        0.00
  ------------------------------
    Slack                  0.00  (VIOLATED: increase significant digits)


    Net: io_polyc_2[4]

    Capacitance            0.00
  - min_capacitance        0.00
  ------------------------------
    Slack                  0.00  (VIOLATED: increase significant digits)


    Net: io_polyc_2[5]

    Capacitance            0.00
  - min_capacitance        0.00
  ------------------------------
    Slack                  0.00  (VIOLATED: increase significant digits)


    Net: io_polyc_2[6]

    Capacitance            0.00
  - min_capacitance        0.00
  ------------------------------
    Slack                  0.00  (VIOLATED: increase significant digits)


    Net: io_polyc_2[7]

    Capacitance            0.00
  - min_capacitance        0.00
  ------------------------------
    Slack                  0.00  (VIOLATED: increase significant digits)


    Net: io_polyc_2[8]

    Capacitance            0.00
  - min_capacitance        0.00
  ------------------------------
    Slack                  0.00  (VIOLATED: increase significant digits)


    Net: io_polyc_2[9]

    Capacitance            0.00
  - min_capacitance        0.00
  ------------------------------
    Slack                  0.00  (VIOLATED: increase significant digits)


    Net: io_polyc_2[10]

    Capacitance            0.00
  - min_capacitance        0.00
  ------------------------------
    Slack                  0.00  (VIOLATED: increase significant digits)


    Net: io_polyc_2[11]

    Capacitance            0.00
  - min_capacitance        0.00
  ------------------------------
    Slack                  0.00  (VIOLATED: increase significant digits)


    Net: io_polyc_2[12]

    Capacitance            0.00
  - min_capacitance        0.00
  ------------------------------
    Slack                  0.00  (VIOLATED: increase significant digits)


    Net: io_polyc_2[13]

    Capacitance            0.00
  - min_capacitance        0.00
  ------------------------------
    Slack                  0.00  (VIOLATED: increase significant digits)


    Net: io_polyc_2[14]

    Capacitance            0.00
  - min_capacitance        0.00
  ------------------------------
    Slack                  0.00  (VIOLATED: increase significant digits)


    Net: io_polyc_2[15]

    Capacitance            0.00
  - min_capacitance        0.00
  ------------------------------
    Slack                  0.00  (VIOLATED: increase significant digits)


    Net: io_polyc_2[16]

    Capacitance            0.00
  - min_capacitance        0.00
  ------------------------------
    Slack                  0.00  (VIOLATED: increase significant digits)


    Net: io_polyc_2[17]

    Capacitance            0.00
  - min_capacitance        0.00
  ------------------------------
    Slack                  0.00  (VIOLATED: increase significant digits)


    Net: io_polyc_2[18]

    Capacitance            0.00
  - min_capacitance        0.00
  ------------------------------
    Slack                  0.00  (VIOLATED: increase significant digits)


    Net: io_polyc_2[19]

    Capacitance            0.00
  - min_capacitance        0.00
  ------------------------------
    Slack                  0.00  (VIOLATED: increase significant digits)


    Net: io_polyc_2[20]

    Capacitance            0.00
  - min_capacitance        0.00
  ------------------------------
    Slack                  0.00  (VIOLATED: increase significant digits)


    Net: io_polyc_2[21]

    Capacitance            0.00
  - min_capacitance        0.00
  ------------------------------
    Slack                  0.00  (VIOLATED: increase significant digits)


    Net: io_polyc_2[22]

    Capacitance            0.00
  - min_capacitance        0.00
  ------------------------------
    Slack                  0.00  (VIOLATED: increase significant digits)


    Net: io_polyc_2[23]

    Capacitance            0.00
  - min_capacitance        0.00
  ------------------------------
    Slack                  0.00  (VIOLATED: increase significant digits)


    Net: io_polyc_3[0]

    Capacitance            0.00
  - min_capacitance        0.00
  ------------------------------
    Slack                  0.00  (VIOLATED: increase significant digits)


    Net: io_polyc_3[1]

    Capacitance            0.00
  - min_capacitance        0.00
  ------------------------------
    Slack                  0.00  (VIOLATED: increase significant digits)


    Net: io_polyc_3[2]

    Capacitance            0.00
  - min_capacitance        0.00
  ------------------------------
    Slack                  0.00  (VIOLATED: increase significant digits)


    Net: io_polyc_3[3]

    Capacitance            0.00
  - min_capacitance        0.00
  ------------------------------
    Slack                  0.00  (VIOLATED: increase significant digits)


    Net: io_polyc_3[4]

    Capacitance            0.00
  - min_capacitance        0.00
  ------------------------------
    Slack                  0.00  (VIOLATED: increase significant digits)


    Net: io_polyc_3[5]

    Capacitance            0.00
  - min_capacitance        0.00
  ------------------------------
    Slack                  0.00  (VIOLATED: increase significant digits)


    Net: io_polyc_3[6]

    Capacitance            0.00
  - min_capacitance        0.00
  ------------------------------
    Slack                  0.00  (VIOLATED: increase significant digits)


    Net: io_polyc_3[7]

    Capacitance            0.00
  - min_capacitance        0.00
  ------------------------------
    Slack                  0.00  (VIOLATED: increase significant digits)


    Net: io_polyc_3[8]

    Capacitance            0.00
  - min_capacitance        0.00
  ------------------------------
    Slack                  0.00  (VIOLATED: increase significant digits)


    Net: io_polyc_3[9]

    Capacitance            0.00
  - min_capacitance        0.00
  ------------------------------
    Slack                  0.00  (VIOLATED: increase significant digits)


    Net: io_polyc_3[10]

    Capacitance            0.00
  - min_capacitance        0.00
  ------------------------------
    Slack                  0.00  (VIOLATED: increase significant digits)


    Net: io_polyc_3[11]

    Capacitance            0.00
  - min_capacitance        0.00
  ------------------------------
    Slack                  0.00  (VIOLATED: increase significant digits)


    Net: io_polyc_3[12]

    Capacitance            0.00
  - min_capacitance        0.00
  ------------------------------
    Slack                  0.00  (VIOLATED: increase significant digits)


    Net: io_polyc_3[13]

    Capacitance            0.00
  - min_capacitance        0.00
  ------------------------------
    Slack                  0.00  (VIOLATED: increase significant digits)


    Net: io_polyc_3[14]

    Capacitance            0.00
  - min_capacitance        0.00
  ------------------------------
    Slack                  0.00  (VIOLATED: increase significant digits)


    Net: io_polyc_3[15]

    Capacitance            0.00
  - min_capacitance        0.00
  ------------------------------
    Slack                  0.00  (VIOLATED: increase significant digits)


    Net: io_polyc_3[16]

    Capacitance            0.00
  - min_capacitance        0.00
  ------------------------------
    Slack                  0.00  (VIOLATED: increase significant digits)


    Net: io_polyc_3[17]

    Capacitance            0.00
  - min_capacitance        0.00
  ------------------------------
    Slack                  0.00  (VIOLATED: increase significant digits)


    Net: io_polyc_3[18]

    Capacitance            0.00
  - min_capacitance        0.00
  ------------------------------
    Slack                  0.00  (VIOLATED: increase significant digits)


    Net: io_polyc_3[19]

    Capacitance            0.00
  - min_capacitance        0.00
  ------------------------------
    Slack                  0.00  (VIOLATED: increase significant digits)


    Net: io_polyc_3[20]

    Capacitance            0.00
  - min_capacitance        0.00
  ------------------------------
    Slack                  0.00  (VIOLATED: increase significant digits)


    Net: io_polyc_3[21]

    Capacitance            0.00
  - min_capacitance        0.00
  ------------------------------
    Slack                  0.00  (VIOLATED: increase significant digits)


    Net: io_polyc_3[22]

    Capacitance            0.00
  - min_capacitance        0.00
  ------------------------------
    Slack                  0.00  (VIOLATED: increase significant digits)


    Net: io_polyc_3[23]

    Capacitance            0.00
  - min_capacitance        0.00
  ------------------------------
    Slack                  0.00  (VIOLATED: increase significant digits)


    Net: io_polyc_4[0]

    Capacitance            0.00
  - min_capacitance        0.00
  ------------------------------
    Slack                  0.00  (VIOLATED: increase significant digits)


    Net: io_polyc_4[1]

    Capacitance            0.00
  - min_capacitance        0.00
  ------------------------------
    Slack                  0.00  (VIOLATED: increase significant digits)


    Net: io_polyc_4[2]

    Capacitance            0.00
  - min_capacitance        0.00
  ------------------------------
    Slack                  0.00  (VIOLATED: increase significant digits)


    Net: io_polyc_4[3]

    Capacitance            0.00
  - min_capacitance        0.00
  ------------------------------
    Slack                  0.00  (VIOLATED: increase significant digits)


    Net: io_polyc_4[4]

    Capacitance            0.00
  - min_capacitance        0.00
  ------------------------------
    Slack                  0.00  (VIOLATED: increase significant digits)


    Net: io_polyc_4[5]

    Capacitance            0.00
  - min_capacitance        0.00
  ------------------------------
    Slack                  0.00  (VIOLATED: increase significant digits)


    Net: io_polyc_4[6]

    Capacitance            0.00
  - min_capacitance        0.00
  ------------------------------
    Slack                  0.00  (VIOLATED: increase significant digits)


    Net: io_polyc_4[7]

    Capacitance            0.00
  - min_capacitance        0.00
  ------------------------------
    Slack                  0.00  (VIOLATED: increase significant digits)


    Net: io_polyc_4[8]

    Capacitance            0.00
  - min_capacitance        0.00
  ------------------------------
    Slack                  0.00  (VIOLATED: increase significant digits)


    Net: io_polyc_4[9]

    Capacitance            0.00
  - min_capacitance        0.00
  ------------------------------
    Slack                  0.00  (VIOLATED: increase significant digits)


    Net: io_polyc_4[10]

    Capacitance            0.00
  - min_capacitance        0.00
  ------------------------------
    Slack                  0.00  (VIOLATED: increase significant digits)


    Net: io_polyc_4[11]

    Capacitance            0.00
  - min_capacitance        0.00
  ------------------------------
    Slack                  0.00  (VIOLATED: increase significant digits)


    Net: io_polyc_4[12]

    Capacitance            0.00
  - min_capacitance        0.00
  ------------------------------
    Slack                  0.00  (VIOLATED: increase significant digits)


    Net: io_polyc_4[13]

    Capacitance            0.00
  - min_capacitance        0.00
  ------------------------------
    Slack                  0.00  (VIOLATED: increase significant digits)


    Net: io_polyc_4[14]

    Capacitance            0.00
  - min_capacitance        0.00
  ------------------------------
    Slack                  0.00  (VIOLATED: increase significant digits)


    Net: io_polyc_4[15]

    Capacitance            0.00
  - min_capacitance        0.00
  ------------------------------
    Slack                  0.00  (VIOLATED: increase significant digits)


    Net: io_polyc_4[16]

    Capacitance            0.00
  - min_capacitance        0.00
  ------------------------------
    Slack                  0.00  (VIOLATED: increase significant digits)


    Net: io_polyc_4[17]

    Capacitance            0.00
  - min_capacitance        0.00
  ------------------------------
    Slack                  0.00  (VIOLATED: increase significant digits)


    Net: io_polyc_4[18]

    Capacitance            0.00
  - min_capacitance        0.00
  ------------------------------
    Slack                  0.00  (VIOLATED: increase significant digits)


    Net: io_polyc_4[19]

    Capacitance            0.00
  - min_capacitance        0.00
  ------------------------------
    Slack                  0.00  (VIOLATED: increase significant digits)


    Net: io_polyc_4[20]

    Capacitance            0.00
  - min_capacitance        0.00
  ------------------------------
    Slack                  0.00  (VIOLATED: increase significant digits)


    Net: io_polyc_4[21]

    Capacitance            0.00
  - min_capacitance        0.00
  ------------------------------
    Slack                  0.00  (VIOLATED: increase significant digits)


    Net: io_polyc_4[22]

    Capacitance            0.00
  - min_capacitance        0.00
  ------------------------------
    Slack                  0.00  (VIOLATED: increase significant digits)


    Net: io_polyc_4[23]

    Capacitance            0.00
  - min_capacitance        0.00
  ------------------------------
    Slack                  0.00  (VIOLATED: increase significant digits)


    Net: io_polyc_5[0]

    Capacitance            0.00
  - min_capacitance        0.00
  ------------------------------
    Slack                  0.00  (VIOLATED: increase significant digits)


    Net: io_polyc_5[1]

    Capacitance            0.00
  - min_capacitance        0.00
  ------------------------------
    Slack                  0.00  (VIOLATED: increase significant digits)


    Net: io_polyc_5[2]

    Capacitance            0.00
  - min_capacitance        0.00
  ------------------------------
    Slack                  0.00  (VIOLATED: increase significant digits)


    Net: io_polyc_5[3]

    Capacitance            0.00
  - min_capacitance        0.00
  ------------------------------
    Slack                  0.00  (VIOLATED: increase significant digits)


    Net: io_polyc_5[4]

    Capacitance            0.00
  - min_capacitance        0.00
  ------------------------------
    Slack                  0.00  (VIOLATED: increase significant digits)


    Net: io_polyc_5[5]

    Capacitance            0.00
  - min_capacitance        0.00
  ------------------------------
    Slack                  0.00  (VIOLATED: increase significant digits)


    Net: io_polyc_5[6]

    Capacitance            0.00
  - min_capacitance        0.00
  ------------------------------
    Slack                  0.00  (VIOLATED: increase significant digits)


    Net: io_polyc_5[7]

    Capacitance            0.00
  - min_capacitance        0.00
  ------------------------------
    Slack                  0.00  (VIOLATED: increase significant digits)


    Net: io_polyc_5[8]

    Capacitance            0.00
  - min_capacitance        0.00
  ------------------------------
    Slack                  0.00  (VIOLATED: increase significant digits)


    Net: io_polyc_5[9]

    Capacitance            0.00
  - min_capacitance        0.00
  ------------------------------
    Slack                  0.00  (VIOLATED: increase significant digits)


    Net: io_polyc_5[10]

    Capacitance            0.00
  - min_capacitance        0.00
  ------------------------------
    Slack                  0.00  (VIOLATED: increase significant digits)


    Net: io_polyc_5[11]

    Capacitance            0.00
  - min_capacitance        0.00
  ------------------------------
    Slack                  0.00  (VIOLATED: increase significant digits)


    Net: io_polyc_5[12]

    Capacitance            0.00
  - min_capacitance        0.00
  ------------------------------
    Slack                  0.00  (VIOLATED: increase significant digits)


    Net: io_polyc_5[13]

    Capacitance            0.00
  - min_capacitance        0.00
  ------------------------------
    Slack                  0.00  (VIOLATED: increase significant digits)


    Net: io_polyc_5[14]

    Capacitance            0.00
  - min_capacitance        0.00
  ------------------------------
    Slack                  0.00  (VIOLATED: increase significant digits)


    Net: io_polyc_5[15]

    Capacitance            0.00
  - min_capacitance        0.00
  ------------------------------
    Slack                  0.00  (VIOLATED: increase significant digits)


    Net: io_polyc_5[16]

    Capacitance            0.00
  - min_capacitance        0.00
  ------------------------------
    Slack                  0.00  (VIOLATED: increase significant digits)


    Net: io_polyc_5[17]

    Capacitance            0.00
  - min_capacitance        0.00
  ------------------------------
    Slack                  0.00  (VIOLATED: increase significant digits)


    Net: io_polyc_5[18]

    Capacitance            0.00
  - min_capacitance        0.00
  ------------------------------
    Slack                  0.00  (VIOLATED: increase significant digits)


    Net: io_polyc_5[19]

    Capacitance            0.00
  - min_capacitance        0.00
  ------------------------------
    Slack                  0.00  (VIOLATED: increase significant digits)


    Net: io_polyc_5[20]

    Capacitance            0.00
  - min_capacitance        0.00
  ------------------------------
    Slack                  0.00  (VIOLATED: increase significant digits)


    Net: io_polyc_5[21]

    Capacitance            0.00
  - min_capacitance        0.00
  ------------------------------
    Slack                  0.00  (VIOLATED: increase significant digits)


    Net: io_polyc_5[22]

    Capacitance            0.00
  - min_capacitance        0.00
  ------------------------------
    Slack                  0.00  (VIOLATED: increase significant digits)


    Net: io_polyc_5[23]

    Capacitance            0.00
  - min_capacitance        0.00
  ------------------------------
    Slack                  0.00  (VIOLATED: increase significant digits)


    Net: io_polyc_6[0]

    Capacitance            0.00
  - min_capacitance        0.00
  ------------------------------
    Slack                  0.00  (VIOLATED: increase significant digits)


    Net: io_polyc_6[1]

    Capacitance            0.00
  - min_capacitance        0.00
  ------------------------------
    Slack                  0.00  (VIOLATED: increase significant digits)


    Net: io_polyc_6[2]

    Capacitance            0.00
  - min_capacitance        0.00
  ------------------------------
    Slack                  0.00  (VIOLATED: increase significant digits)


    Net: io_polyc_6[3]

    Capacitance            0.00
  - min_capacitance        0.00
  ------------------------------
    Slack                  0.00  (VIOLATED: increase significant digits)


    Net: io_polyc_6[4]

    Capacitance            0.00
  - min_capacitance        0.00
  ------------------------------
    Slack                  0.00  (VIOLATED: increase significant digits)


    Net: io_polyc_6[5]

    Capacitance            0.00
  - min_capacitance        0.00
  ------------------------------
    Slack                  0.00  (VIOLATED: increase significant digits)


    Net: io_polyc_6[6]

    Capacitance            0.00
  - min_capacitance        0.00
  ------------------------------
    Slack                  0.00  (VIOLATED: increase significant digits)


    Net: io_polyc_6[7]

    Capacitance            0.00
  - min_capacitance        0.00
  ------------------------------
    Slack                  0.00  (VIOLATED: increase significant digits)


    Net: io_polyc_6[8]

    Capacitance            0.00
  - min_capacitance        0.00
  ------------------------------
    Slack                  0.00  (VIOLATED: increase significant digits)


    Net: io_polyc_6[9]

    Capacitance            0.00
  - min_capacitance        0.00
  ------------------------------
    Slack                  0.00  (VIOLATED: increase significant digits)


    Net: io_polyc_6[10]

    Capacitance            0.00
  - min_capacitance        0.00
  ------------------------------
    Slack                  0.00  (VIOLATED: increase significant digits)


    Net: io_polyc_6[11]

    Capacitance            0.00
  - min_capacitance        0.00
  ------------------------------
    Slack                  0.00  (VIOLATED: increase significant digits)


    Net: io_polyc_6[12]

    Capacitance            0.00
  - min_capacitance        0.00
  ------------------------------
    Slack                  0.00  (VIOLATED: increase significant digits)


    Net: io_polyc_6[13]

    Capacitance            0.00
  - min_capacitance        0.00
  ------------------------------
    Slack                  0.00  (VIOLATED: increase significant digits)


    Net: io_polyc_6[14]

    Capacitance            0.00
  - min_capacitance        0.00
  ------------------------------
    Slack                  0.00  (VIOLATED: increase significant digits)


    Net: io_polyc_6[15]

    Capacitance            0.00
  - min_capacitance        0.00
  ------------------------------
    Slack                  0.00  (VIOLATED: increase significant digits)


    Net: io_polyc_6[16]

    Capacitance            0.00
  - min_capacitance        0.00
  ------------------------------
    Slack                  0.00  (VIOLATED: increase significant digits)


    Net: io_polyc_6[17]

    Capacitance            0.00
  - min_capacitance        0.00
  ------------------------------
    Slack                  0.00  (VIOLATED: increase significant digits)


    Net: io_polyc_6[18]

    Capacitance            0.00
  - min_capacitance        0.00
  ------------------------------
    Slack                  0.00  (VIOLATED: increase significant digits)


    Net: io_polyc_6[19]

    Capacitance            0.00
  - min_capacitance        0.00
  ------------------------------
    Slack                  0.00  (VIOLATED: increase significant digits)


    Net: io_polyc_6[20]

    Capacitance            0.00
  - min_capacitance        0.00
  ------------------------------
    Slack                  0.00  (VIOLATED: increase significant digits)


    Net: io_polyc_6[21]

    Capacitance            0.00
  - min_capacitance        0.00
  ------------------------------
    Slack                  0.00  (VIOLATED: increase significant digits)


    Net: io_polyc_6[22]

    Capacitance            0.00
  - min_capacitance        0.00
  ------------------------------
    Slack                  0.00  (VIOLATED: increase significant digits)


    Net: io_polyc_6[23]

    Capacitance            0.00
  - min_capacitance        0.00
  ------------------------------
    Slack                  0.00  (VIOLATED: increase significant digits)


    Net: io_polyc_7[0]

    Capacitance            0.00
  - min_capacitance        0.00
  ------------------------------
    Slack                  0.00  (VIOLATED: increase significant digits)


    Net: io_polyc_7[1]

    Capacitance            0.00
  - min_capacitance        0.00
  ------------------------------
    Slack                  0.00  (VIOLATED: increase significant digits)


    Net: io_polyc_7[2]

    Capacitance            0.00
  - min_capacitance        0.00
  ------------------------------
    Slack                  0.00  (VIOLATED: increase significant digits)


    Net: io_polyc_7[3]

    Capacitance            0.00
  - min_capacitance        0.00
  ------------------------------
    Slack                  0.00  (VIOLATED: increase significant digits)


    Net: io_polyc_7[4]

    Capacitance            0.00
  - min_capacitance        0.00
  ------------------------------
    Slack                  0.00  (VIOLATED: increase significant digits)


    Net: io_polyc_7[5]

    Capacitance            0.00
  - min_capacitance        0.00
  ------------------------------
    Slack                  0.00  (VIOLATED: increase significant digits)


    Net: io_polyc_7[6]

    Capacitance            0.00
  - min_capacitance        0.00
  ------------------------------
    Slack                  0.00  (VIOLATED: increase significant digits)


    Net: io_polyc_7[7]

    Capacitance            0.00
  - min_capacitance        0.00
  ------------------------------
    Slack                  0.00  (VIOLATED: increase significant digits)


    Net: io_polyc_7[8]

    Capacitance            0.00
  - min_capacitance        0.00
  ------------------------------
    Slack                  0.00  (VIOLATED: increase significant digits)


    Net: io_polyc_7[9]

    Capacitance            0.00
  - min_capacitance        0.00
  ------------------------------
    Slack                  0.00  (VIOLATED: increase significant digits)


    Net: io_polyc_7[10]

    Capacitance            0.00
  - min_capacitance        0.00
  ------------------------------
    Slack                  0.00  (VIOLATED: increase significant digits)


    Net: io_polyc_7[11]

    Capacitance            0.00
  - min_capacitance        0.00
  ------------------------------
    Slack                  0.00  (VIOLATED: increase significant digits)


    Net: io_polyc_7[12]

    Capacitance            0.00
  - min_capacitance        0.00
  ------------------------------
    Slack                  0.00  (VIOLATED: increase significant digits)


    Net: io_polyc_7[13]

    Capacitance            0.00
  - min_capacitance        0.00
  ------------------------------
    Slack                  0.00  (VIOLATED: increase significant digits)


    Net: io_polyc_7[14]

    Capacitance            0.00
  - min_capacitance        0.00
  ------------------------------
    Slack                  0.00  (VIOLATED: increase significant digits)


    Net: io_polyc_7[15]

    Capacitance            0.00
  - min_capacitance        0.00
  ------------------------------
    Slack                  0.00  (VIOLATED: increase significant digits)


    Net: io_polyc_7[16]

    Capacitance            0.00
  - min_capacitance        0.00
  ------------------------------
    Slack                  0.00  (VIOLATED: increase significant digits)


    Net: io_polyc_7[17]

    Capacitance            0.00
  - min_capacitance        0.00
  ------------------------------
    Slack                  0.00  (VIOLATED: increase significant digits)


    Net: io_polyc_7[18]

    Capacitance            0.00
  - min_capacitance        0.00
  ------------------------------
    Slack                  0.00  (VIOLATED: increase significant digits)


    Net: io_polyc_7[19]

    Capacitance            0.00
  - min_capacitance        0.00
  ------------------------------
    Slack                  0.00  (VIOLATED: increase significant digits)


    Net: io_polyc_7[20]

    Capacitance            0.00
  - min_capacitance        0.00
  ------------------------------
    Slack                  0.00  (VIOLATED: increase significant digits)


    Net: io_polyc_7[21]

    Capacitance            0.00
  - min_capacitance        0.00
  ------------------------------
    Slack                  0.00  (VIOLATED: increase significant digits)


    Net: io_polyc_7[22]

    Capacitance            0.00
  - min_capacitance        0.00
  ------------------------------
    Slack                  0.00  (VIOLATED: increase significant digits)


    Net: io_polyc_7[23]

    Capacitance            0.00
  - min_capacitance        0.00
  ------------------------------
    Slack                  0.00  (VIOLATED: increase significant digits)


    Net: io_polyc_8[0]

    Capacitance            0.00
  - min_capacitance        0.00
  ------------------------------
    Slack                  0.00  (VIOLATED: increase significant digits)


    Net: io_polyc_8[1]

    Capacitance            0.00
  - min_capacitance        0.00
  ------------------------------
    Slack                  0.00  (VIOLATED: increase significant digits)


    Net: io_polyc_8[2]

    Capacitance            0.00
  - min_capacitance        0.00
  ------------------------------
    Slack                  0.00  (VIOLATED: increase significant digits)


    Net: io_polyc_8[3]

    Capacitance            0.00
  - min_capacitance        0.00
  ------------------------------
    Slack                  0.00  (VIOLATED: increase significant digits)


    Net: io_polyc_8[4]

    Capacitance            0.00
  - min_capacitance        0.00
  ------------------------------
    Slack                  0.00  (VIOLATED: increase significant digits)


    Net: io_polyc_8[5]

    Capacitance            0.00
  - min_capacitance        0.00
  ------------------------------
    Slack                  0.00  (VIOLATED: increase significant digits)


    Net: io_polyc_8[6]

    Capacitance            0.00
  - min_capacitance        0.00
  ------------------------------
    Slack                  0.00  (VIOLATED: increase significant digits)


    Net: io_polyc_8[7]

    Capacitance            0.00
  - min_capacitance        0.00
  ------------------------------
    Slack                  0.00  (VIOLATED: increase significant digits)


    Net: io_polyc_8[8]

    Capacitance            0.00
  - min_capacitance        0.00
  ------------------------------
    Slack                  0.00  (VIOLATED: increase significant digits)


    Net: io_polyc_8[9]

    Capacitance            0.00
  - min_capacitance        0.00
  ------------------------------
    Slack                  0.00  (VIOLATED: increase significant digits)


    Net: io_polyc_8[10]

    Capacitance            0.00
  - min_capacitance        0.00
  ------------------------------
    Slack                  0.00  (VIOLATED: increase significant digits)


    Net: io_polyc_8[11]

    Capacitance            0.00
  - min_capacitance        0.00
  ------------------------------
    Slack                  0.00  (VIOLATED: increase significant digits)


    Net: io_polyc_8[12]

    Capacitance            0.00
  - min_capacitance        0.00
  ------------------------------
    Slack                  0.00  (VIOLATED: increase significant digits)


    Net: io_polyc_8[13]

    Capacitance            0.00
  - min_capacitance        0.00
  ------------------------------
    Slack                  0.00  (VIOLATED: increase significant digits)


    Net: io_polyc_8[14]

    Capacitance            0.00
  - min_capacitance        0.00
  ------------------------------
    Slack                  0.00  (VIOLATED: increase significant digits)


    Net: io_polyc_8[15]

    Capacitance            0.00
  - min_capacitance        0.00
  ------------------------------
    Slack                  0.00  (VIOLATED: increase significant digits)


    Net: io_polyc_8[16]

    Capacitance            0.00
  - min_capacitance        0.00
  ------------------------------
    Slack                  0.00  (VIOLATED: increase significant digits)


    Net: io_polyc_8[17]

    Capacitance            0.00
  - min_capacitance        0.00
  ------------------------------
    Slack                  0.00  (VIOLATED: increase significant digits)


    Net: io_polyc_8[18]

    Capacitance            0.00
  - min_capacitance        0.00
  ------------------------------
    Slack                  0.00  (VIOLATED: increase significant digits)


    Net: io_polyc_8[19]

    Capacitance            0.00
  - min_capacitance        0.00
  ------------------------------
    Slack                  0.00  (VIOLATED: increase significant digits)


    Net: io_polyc_8[20]

    Capacitance            0.00
  - min_capacitance        0.00
  ------------------------------
    Slack                  0.00  (VIOLATED: increase significant digits)


    Net: io_polyc_8[21]

    Capacitance            0.00
  - min_capacitance        0.00
  ------------------------------
    Slack                  0.00  (VIOLATED: increase significant digits)


    Net: io_polyc_8[22]

    Capacitance            0.00
  - min_capacitance        0.00
  ------------------------------
    Slack                  0.00  (VIOLATED: increase significant digits)


    Net: io_polyc_8[23]

    Capacitance            0.00
  - min_capacitance        0.00
  ------------------------------
    Slack                  0.00  (VIOLATED: increase significant digits)


    Net: io_polyc_9[0]

    Capacitance            0.00
  - min_capacitance        0.00
  ------------------------------
    Slack                  0.00  (VIOLATED: increase significant digits)


    Net: io_polyc_9[1]

    Capacitance            0.00
  - min_capacitance        0.00
  ------------------------------
    Slack                  0.00  (VIOLATED: increase significant digits)


    Net: io_polyc_9[2]

    Capacitance            0.00
  - min_capacitance        0.00
  ------------------------------
    Slack                  0.00  (VIOLATED: increase significant digits)


    Net: io_polyc_9[3]

    Capacitance            0.00
  - min_capacitance        0.00
  ------------------------------
    Slack                  0.00  (VIOLATED: increase significant digits)


    Net: io_polyc_9[4]

    Capacitance            0.00
  - min_capacitance        0.00
  ------------------------------
    Slack                  0.00  (VIOLATED: increase significant digits)


    Net: io_polyc_9[5]

    Capacitance            0.00
  - min_capacitance        0.00
  ------------------------------
    Slack                  0.00  (VIOLATED: increase significant digits)


    Net: io_polyc_9[6]

    Capacitance            0.00
  - min_capacitance        0.00
  ------------------------------
    Slack                  0.00  (VIOLATED: increase significant digits)


    Net: io_polyc_9[7]

    Capacitance            0.00
  - min_capacitance        0.00
  ------------------------------
    Slack                  0.00  (VIOLATED: increase significant digits)


    Net: io_polyc_9[8]

    Capacitance            0.00
  - min_capacitance        0.00
  ------------------------------
    Slack                  0.00  (VIOLATED: increase significant digits)


    Net: io_polyc_9[9]

    Capacitance            0.00
  - min_capacitance        0.00
  ------------------------------
    Slack                  0.00  (VIOLATED: increase significant digits)


    Net: io_polyc_9[10]

    Capacitance            0.00
  - min_capacitance        0.00
  ------------------------------
    Slack                  0.00  (VIOLATED: increase significant digits)


    Net: io_polyc_9[11]

    Capacitance            0.00
  - min_capacitance        0.00
  ------------------------------
    Slack                  0.00  (VIOLATED: increase significant digits)


    Net: io_polyc_9[12]

    Capacitance            0.00
  - min_capacitance        0.00
  ------------------------------
    Slack                  0.00  (VIOLATED: increase significant digits)


    Net: io_polyc_9[13]

    Capacitance            0.00
  - min_capacitance        0.00
  ------------------------------
    Slack                  0.00  (VIOLATED: increase significant digits)


    Net: io_polyc_9[14]

    Capacitance            0.00
  - min_capacitance        0.00
  ------------------------------
    Slack                  0.00  (VIOLATED: increase significant digits)


    Net: io_polyc_9[15]

    Capacitance            0.00
  - min_capacitance        0.00
  ------------------------------
    Slack                  0.00  (VIOLATED: increase significant digits)


    Net: io_polyc_9[16]

    Capacitance            0.00
  - min_capacitance        0.00
  ------------------------------
    Slack                  0.00  (VIOLATED: increase significant digits)


    Net: io_polyc_9[17]

    Capacitance            0.00
  - min_capacitance        0.00
  ------------------------------
    Slack                  0.00  (VIOLATED: increase significant digits)


    Net: io_polyc_9[18]

    Capacitance            0.00
  - min_capacitance        0.00
  ------------------------------
    Slack                  0.00  (VIOLATED: increase significant digits)


    Net: io_polyc_9[19]

    Capacitance            0.00
  - min_capacitance        0.00
  ------------------------------
    Slack                  0.00  (VIOLATED: increase significant digits)


    Net: io_polyc_9[20]

    Capacitance            0.00
  - min_capacitance        0.00
  ------------------------------
    Slack                  0.00  (VIOLATED: increase significant digits)


    Net: io_polyc_9[21]

    Capacitance            0.00
  - min_capacitance        0.00
  ------------------------------
    Slack                  0.00  (VIOLATED: increase significant digits)


    Net: io_polyc_9[22]

    Capacitance            0.00
  - min_capacitance        0.00
  ------------------------------
    Slack                  0.00  (VIOLATED: increase significant digits)


    Net: io_polyc_9[23]

    Capacitance            0.00
  - min_capacitance        0.00
  ------------------------------
    Slack                  0.00  (VIOLATED: increase significant digits)


    Net: io_polyc_10[0]

    Capacitance            0.00
  - min_capacitance        0.00
  ------------------------------
    Slack                  0.00  (VIOLATED: increase significant digits)


    Net: io_polyc_10[1]

    Capacitance            0.00
  - min_capacitance        0.00
  ------------------------------
    Slack                  0.00  (VIOLATED: increase significant digits)


    Net: io_polyc_10[2]

    Capacitance            0.00
  - min_capacitance        0.00
  ------------------------------
    Slack                  0.00  (VIOLATED: increase significant digits)


    Net: io_polyc_10[3]

    Capacitance            0.00
  - min_capacitance        0.00
  ------------------------------
    Slack                  0.00  (VIOLATED: increase significant digits)


    Net: io_polyc_10[4]

    Capacitance            0.00
  - min_capacitance        0.00
  ------------------------------
    Slack                  0.00  (VIOLATED: increase significant digits)


    Net: io_polyc_10[5]

    Capacitance            0.00
  - min_capacitance        0.00
  ------------------------------
    Slack                  0.00  (VIOLATED: increase significant digits)


    Net: io_polyc_10[6]

    Capacitance            0.00
  - min_capacitance        0.00
  ------------------------------
    Slack                  0.00  (VIOLATED: increase significant digits)


    Net: io_polyc_10[7]

    Capacitance            0.00
  - min_capacitance        0.00
  ------------------------------
    Slack                  0.00  (VIOLATED: increase significant digits)


    Net: io_polyc_10[8]

    Capacitance            0.00
  - min_capacitance        0.00
  ------------------------------
    Slack                  0.00  (VIOLATED: increase significant digits)


    Net: io_polyc_10[9]

    Capacitance            0.00
  - min_capacitance        0.00
  ------------------------------
    Slack                  0.00  (VIOLATED: increase significant digits)


    Net: io_polyc_10[10]

    Capacitance            0.00
  - min_capacitance        0.00
  ------------------------------
    Slack                  0.00  (VIOLATED: increase significant digits)


    Net: io_polyc_10[11]

    Capacitance            0.00
  - min_capacitance        0.00
  ------------------------------
    Slack                  0.00  (VIOLATED: increase significant digits)


    Net: io_polyc_10[12]

    Capacitance            0.00
  - min_capacitance        0.00
  ------------------------------
    Slack                  0.00  (VIOLATED: increase significant digits)


    Net: io_polyc_10[13]

    Capacitance            0.00
  - min_capacitance        0.00
  ------------------------------
    Slack                  0.00  (VIOLATED: increase significant digits)


    Net: io_polyc_10[14]

    Capacitance            0.00
  - min_capacitance        0.00
  ------------------------------
    Slack                  0.00  (VIOLATED: increase significant digits)


    Net: io_polyc_10[15]

    Capacitance            0.00
  - min_capacitance        0.00
  ------------------------------
    Slack                  0.00  (VIOLATED: increase significant digits)


    Net: io_polyc_10[16]

    Capacitance            0.00
  - min_capacitance        0.00
  ------------------------------
    Slack                  0.00  (VIOLATED: increase significant digits)


    Net: io_polyc_10[17]

    Capacitance            0.00
  - min_capacitance        0.00
  ------------------------------
    Slack                  0.00  (VIOLATED: increase significant digits)


    Net: io_polyc_10[18]

    Capacitance            0.00
  - min_capacitance        0.00
  ------------------------------
    Slack                  0.00  (VIOLATED: increase significant digits)


    Net: io_polyc_10[19]

    Capacitance            0.00
  - min_capacitance        0.00
  ------------------------------
    Slack                  0.00  (VIOLATED: increase significant digits)


    Net: io_polyc_10[20]

    Capacitance            0.00
  - min_capacitance        0.00
  ------------------------------
    Slack                  0.00  (VIOLATED: increase significant digits)


    Net: io_polyc_10[21]

    Capacitance            0.00
  - min_capacitance        0.00
  ------------------------------
    Slack                  0.00  (VIOLATED: increase significant digits)


    Net: io_polyc_10[22]

    Capacitance            0.00
  - min_capacitance        0.00
  ------------------------------
    Slack                  0.00  (VIOLATED: increase significant digits)


    Net: io_polyc_10[23]

    Capacitance            0.00
  - min_capacitance        0.00
  ------------------------------
    Slack                  0.00  (VIOLATED: increase significant digits)


    Net: io_polyc_11[0]

    Capacitance            0.00
  - min_capacitance        0.00
  ------------------------------
    Slack                  0.00  (VIOLATED: increase significant digits)


    Net: io_polyc_11[1]

    Capacitance            0.00
  - min_capacitance        0.00
  ------------------------------
    Slack                  0.00  (VIOLATED: increase significant digits)


    Net: io_polyc_11[2]

    Capacitance            0.00
  - min_capacitance        0.00
  ------------------------------
    Slack                  0.00  (VIOLATED: increase significant digits)


    Net: io_polyc_11[3]

    Capacitance            0.00
  - min_capacitance        0.00
  ------------------------------
    Slack                  0.00  (VIOLATED: increase significant digits)


    Net: io_polyc_11[4]

    Capacitance            0.00
  - min_capacitance        0.00
  ------------------------------
    Slack                  0.00  (VIOLATED: increase significant digits)


    Net: io_polyc_11[5]

    Capacitance            0.00
  - min_capacitance        0.00
  ------------------------------
    Slack                  0.00  (VIOLATED: increase significant digits)


    Net: io_polyc_11[6]

    Capacitance            0.00
  - min_capacitance        0.00
  ------------------------------
    Slack                  0.00  (VIOLATED: increase significant digits)


    Net: io_polyc_11[7]

    Capacitance            0.00
  - min_capacitance        0.00
  ------------------------------
    Slack                  0.00  (VIOLATED: increase significant digits)


    Net: io_polyc_11[8]

    Capacitance            0.00
  - min_capacitance        0.00
  ------------------------------
    Slack                  0.00  (VIOLATED: increase significant digits)


    Net: io_polyc_11[9]

    Capacitance            0.00
  - min_capacitance        0.00
  ------------------------------
    Slack                  0.00  (VIOLATED: increase significant digits)


    Net: io_polyc_11[10]

    Capacitance            0.00
  - min_capacitance        0.00
  ------------------------------
    Slack                  0.00  (VIOLATED: increase significant digits)


    Net: io_polyc_11[11]

    Capacitance            0.00
  - min_capacitance        0.00
  ------------------------------
    Slack                  0.00  (VIOLATED: increase significant digits)


    Net: io_polyc_11[12]

    Capacitance            0.00
  - min_capacitance        0.00
  ------------------------------
    Slack                  0.00  (VIOLATED: increase significant digits)


    Net: io_polyc_11[13]

    Capacitance            0.00
  - min_capacitance        0.00
  ------------------------------
    Slack                  0.00  (VIOLATED: increase significant digits)


    Net: io_polyc_11[14]

    Capacitance            0.00
  - min_capacitance        0.00
  ------------------------------
    Slack                  0.00  (VIOLATED: increase significant digits)


    Net: io_polyc_11[15]

    Capacitance            0.00
  - min_capacitance        0.00
  ------------------------------
    Slack                  0.00  (VIOLATED: increase significant digits)


    Net: io_polyc_11[16]

    Capacitance            0.00
  - min_capacitance        0.00
  ------------------------------
    Slack                  0.00  (VIOLATED: increase significant digits)


    Net: io_polyc_11[17]

    Capacitance            0.00
  - min_capacitance        0.00
  ------------------------------
    Slack                  0.00  (VIOLATED: increase significant digits)


    Net: io_polyc_11[18]

    Capacitance            0.00
  - min_capacitance        0.00
  ------------------------------
    Slack                  0.00  (VIOLATED: increase significant digits)


    Net: io_polyc_11[19]

    Capacitance            0.00
  - min_capacitance        0.00
  ------------------------------
    Slack                  0.00  (VIOLATED: increase significant digits)


    Net: io_polyc_11[20]

    Capacitance            0.00
  - min_capacitance        0.00
  ------------------------------
    Slack                  0.00  (VIOLATED: increase significant digits)


    Net: io_polyc_11[21]

    Capacitance            0.00
  - min_capacitance        0.00
  ------------------------------
    Slack                  0.00  (VIOLATED: increase significant digits)


    Net: io_polyc_11[22]

    Capacitance            0.00
  - min_capacitance        0.00
  ------------------------------
    Slack                  0.00  (VIOLATED: increase significant digits)


    Net: io_polyc_11[23]

    Capacitance            0.00
  - min_capacitance        0.00
  ------------------------------
    Slack                  0.00  (VIOLATED: increase significant digits)


    Net: io_polyc_12[0]

    Capacitance            0.00
  - min_capacitance        0.00
  ------------------------------
    Slack                  0.00  (VIOLATED: increase significant digits)


    Net: io_polyc_12[1]

    Capacitance            0.00
  - min_capacitance        0.00
  ------------------------------
    Slack                  0.00  (VIOLATED: increase significant digits)


    Net: io_polyc_12[2]

    Capacitance            0.00
  - min_capacitance        0.00
  ------------------------------
    Slack                  0.00  (VIOLATED: increase significant digits)


    Net: io_polyc_12[3]

    Capacitance            0.00
  - min_capacitance        0.00
  ------------------------------
    Slack                  0.00  (VIOLATED: increase significant digits)


    Net: io_polyc_12[4]

    Capacitance            0.00
  - min_capacitance        0.00
  ------------------------------
    Slack                  0.00  (VIOLATED: increase significant digits)


    Net: io_polyc_12[5]

    Capacitance            0.00
  - min_capacitance        0.00
  ------------------------------
    Slack                  0.00  (VIOLATED: increase significant digits)


    Net: io_polyc_12[6]

    Capacitance            0.00
  - min_capacitance        0.00
  ------------------------------
    Slack                  0.00  (VIOLATED: increase significant digits)


    Net: io_polyc_12[7]

    Capacitance            0.00
  - min_capacitance        0.00
  ------------------------------
    Slack                  0.00  (VIOLATED: increase significant digits)


    Net: io_polyc_12[8]

    Capacitance            0.00
  - min_capacitance        0.00
  ------------------------------
    Slack                  0.00  (VIOLATED: increase significant digits)


    Net: io_polyc_12[9]

    Capacitance            0.00
  - min_capacitance        0.00
  ------------------------------
    Slack                  0.00  (VIOLATED: increase significant digits)


    Net: io_polyc_12[10]

    Capacitance            0.00
  - min_capacitance        0.00
  ------------------------------
    Slack                  0.00  (VIOLATED: increase significant digits)


    Net: io_polyc_12[11]

    Capacitance            0.00
  - min_capacitance        0.00
  ------------------------------
    Slack                  0.00  (VIOLATED: increase significant digits)


    Net: io_polyc_12[12]

    Capacitance            0.00
  - min_capacitance        0.00
  ------------------------------
    Slack                  0.00  (VIOLATED: increase significant digits)


    Net: io_polyc_12[13]

    Capacitance            0.00
  - min_capacitance        0.00
  ------------------------------
    Slack                  0.00  (VIOLATED: increase significant digits)


    Net: io_polyc_12[14]

    Capacitance            0.00
  - min_capacitance        0.00
  ------------------------------
    Slack                  0.00  (VIOLATED: increase significant digits)


    Net: io_polyc_12[15]

    Capacitance            0.00
  - min_capacitance        0.00
  ------------------------------
    Slack                  0.00  (VIOLATED: increase significant digits)


    Net: io_polyc_12[16]

    Capacitance            0.00
  - min_capacitance        0.00
  ------------------------------
    Slack                  0.00  (VIOLATED: increase significant digits)


    Net: io_polyc_12[17]

    Capacitance            0.00
  - min_capacitance        0.00
  ------------------------------
    Slack                  0.00  (VIOLATED: increase significant digits)


    Net: io_polyc_12[18]

    Capacitance            0.00
  - min_capacitance        0.00
  ------------------------------
    Slack                  0.00  (VIOLATED: increase significant digits)


    Net: io_polyc_12[19]

    Capacitance            0.00
  - min_capacitance        0.00
  ------------------------------
    Slack                  0.00  (VIOLATED: increase significant digits)


    Net: io_polyc_12[20]

    Capacitance            0.00
  - min_capacitance        0.00
  ------------------------------
    Slack                  0.00  (VIOLATED: increase significant digits)


    Net: io_polyc_12[21]

    Capacitance            0.00
  - min_capacitance        0.00
  ------------------------------
    Slack                  0.00  (VIOLATED: increase significant digits)


    Net: io_polyc_12[22]

    Capacitance            0.00
  - min_capacitance        0.00
  ------------------------------
    Slack                  0.00  (VIOLATED: increase significant digits)


    Net: io_polyc_12[23]

    Capacitance            0.00
  - min_capacitance        0.00
  ------------------------------
    Slack                  0.00  (VIOLATED: increase significant digits)


    Net: io_polyc_13[0]

    Capacitance            0.00
  - min_capacitance        0.00
  ------------------------------
    Slack                  0.00  (VIOLATED: increase significant digits)


    Net: io_polyc_13[1]

    Capacitance            0.00
  - min_capacitance        0.00
  ------------------------------
    Slack                  0.00  (VIOLATED: increase significant digits)


    Net: io_polyc_13[2]

    Capacitance            0.00
  - min_capacitance        0.00
  ------------------------------
    Slack                  0.00  (VIOLATED: increase significant digits)


    Net: io_polyc_13[3]

    Capacitance            0.00
  - min_capacitance        0.00
  ------------------------------
    Slack                  0.00  (VIOLATED: increase significant digits)


    Net: io_polyc_13[4]

    Capacitance            0.00
  - min_capacitance        0.00
  ------------------------------
    Slack                  0.00  (VIOLATED: increase significant digits)


    Net: io_polyc_13[5]

    Capacitance            0.00
  - min_capacitance        0.00
  ------------------------------
    Slack                  0.00  (VIOLATED: increase significant digits)


    Net: io_polyc_13[6]

    Capacitance            0.00
  - min_capacitance        0.00
  ------------------------------
    Slack                  0.00  (VIOLATED: increase significant digits)


    Net: io_polyc_13[7]

    Capacitance            0.00
  - min_capacitance        0.00
  ------------------------------
    Slack                  0.00  (VIOLATED: increase significant digits)


    Net: io_polyc_13[8]

    Capacitance            0.00
  - min_capacitance        0.00
  ------------------------------
    Slack                  0.00  (VIOLATED: increase significant digits)


    Net: io_polyc_13[9]

    Capacitance            0.00
  - min_capacitance        0.00
  ------------------------------
    Slack                  0.00  (VIOLATED: increase significant digits)


    Net: io_polyc_13[10]

    Capacitance            0.00
  - min_capacitance        0.00
  ------------------------------
    Slack                  0.00  (VIOLATED: increase significant digits)


    Net: io_polyc_13[11]

    Capacitance            0.00
  - min_capacitance        0.00
  ------------------------------
    Slack                  0.00  (VIOLATED: increase significant digits)


    Net: io_polyc_13[12]

    Capacitance            0.00
  - min_capacitance        0.00
  ------------------------------
    Slack                  0.00  (VIOLATED: increase significant digits)


    Net: io_polyc_13[13]

    Capacitance            0.00
  - min_capacitance        0.00
  ------------------------------
    Slack                  0.00  (VIOLATED: increase significant digits)


    Net: io_polyc_13[14]

    Capacitance            0.00
  - min_capacitance        0.00
  ------------------------------
    Slack                  0.00  (VIOLATED: increase significant digits)


    Net: io_polyc_13[15]

    Capacitance            0.00
  - min_capacitance        0.00
  ------------------------------
    Slack                  0.00  (VIOLATED: increase significant digits)


    Net: io_polyc_13[16]

    Capacitance            0.00
  - min_capacitance        0.00
  ------------------------------
    Slack                  0.00  (VIOLATED: increase significant digits)


    Net: io_polyc_13[17]

    Capacitance            0.00
  - min_capacitance        0.00
  ------------------------------
    Slack                  0.00  (VIOLATED: increase significant digits)


    Net: io_polyc_13[18]

    Capacitance            0.00
  - min_capacitance        0.00
  ------------------------------
    Slack                  0.00  (VIOLATED: increase significant digits)


    Net: io_polyc_13[19]

    Capacitance            0.00
  - min_capacitance        0.00
  ------------------------------
    Slack                  0.00  (VIOLATED: increase significant digits)


    Net: io_polyc_13[20]

    Capacitance            0.00
  - min_capacitance        0.00
  ------------------------------
    Slack                  0.00  (VIOLATED: increase significant digits)


    Net: io_polyc_13[21]

    Capacitance            0.00
  - min_capacitance        0.00
  ------------------------------
    Slack                  0.00  (VIOLATED: increase significant digits)


    Net: io_polyc_13[22]

    Capacitance            0.00
  - min_capacitance        0.00
  ------------------------------
    Slack                  0.00  (VIOLATED: increase significant digits)


    Net: io_polyc_13[23]

    Capacitance            0.00
  - min_capacitance        0.00
  ------------------------------
    Slack                  0.00  (VIOLATED: increase significant digits)


    Net: io_polyc_14[0]

    Capacitance            0.00
  - min_capacitance        0.00
  ------------------------------
    Slack                  0.00  (VIOLATED: increase significant digits)


    Net: io_polyc_14[1]

    Capacitance            0.00
  - min_capacitance        0.00
  ------------------------------
    Slack                  0.00  (VIOLATED: increase significant digits)


    Net: io_polyc_14[2]

    Capacitance            0.00
  - min_capacitance        0.00
  ------------------------------
    Slack                  0.00  (VIOLATED: increase significant digits)


    Net: io_polyc_14[3]

    Capacitance            0.00
  - min_capacitance        0.00
  ------------------------------
    Slack                  0.00  (VIOLATED: increase significant digits)


    Net: io_polyc_14[4]

    Capacitance            0.00
  - min_capacitance        0.00
  ------------------------------
    Slack                  0.00  (VIOLATED: increase significant digits)


    Net: io_polyc_14[5]

    Capacitance            0.00
  - min_capacitance        0.00
  ------------------------------
    Slack                  0.00  (VIOLATED: increase significant digits)


    Net: io_polyc_14[6]

    Capacitance            0.00
  - min_capacitance        0.00
  ------------------------------
    Slack                  0.00  (VIOLATED: increase significant digits)


    Net: io_polyc_14[7]

    Capacitance            0.00
  - min_capacitance        0.00
  ------------------------------
    Slack                  0.00  (VIOLATED: increase significant digits)


    Net: io_polyc_14[8]

    Capacitance            0.00
  - min_capacitance        0.00
  ------------------------------
    Slack                  0.00  (VIOLATED: increase significant digits)


    Net: io_polyc_14[9]

    Capacitance            0.00
  - min_capacitance        0.00
  ------------------------------
    Slack                  0.00  (VIOLATED: increase significant digits)


    Net: io_polyc_14[10]

    Capacitance            0.00
  - min_capacitance        0.00
  ------------------------------
    Slack                  0.00  (VIOLATED: increase significant digits)


    Net: io_polyc_14[11]

    Capacitance            0.00
  - min_capacitance        0.00
  ------------------------------
    Slack                  0.00  (VIOLATED: increase significant digits)


    Net: io_polyc_14[12]

    Capacitance            0.00
  - min_capacitance        0.00
  ------------------------------
    Slack                  0.00  (VIOLATED: increase significant digits)


    Net: io_polyc_14[13]

    Capacitance            0.00
  - min_capacitance        0.00
  ------------------------------
    Slack                  0.00  (VIOLATED: increase significant digits)


    Net: io_polyc_14[14]

    Capacitance            0.00
  - min_capacitance        0.00
  ------------------------------
    Slack                  0.00  (VIOLATED: increase significant digits)


    Net: io_polyc_14[15]

    Capacitance            0.00
  - min_capacitance        0.00
  ------------------------------
    Slack                  0.00  (VIOLATED: increase significant digits)


    Net: io_polyc_14[16]

    Capacitance            0.00
  - min_capacitance        0.00
  ------------------------------
    Slack                  0.00  (VIOLATED: increase significant digits)


    Net: io_polyc_14[17]

    Capacitance            0.00
  - min_capacitance        0.00
  ------------------------------
    Slack                  0.00  (VIOLATED: increase significant digits)


    Net: io_polyc_14[18]

    Capacitance            0.00
  - min_capacitance        0.00
  ------------------------------
    Slack                  0.00  (VIOLATED: increase significant digits)


    Net: io_polyc_14[19]

    Capacitance            0.00
  - min_capacitance        0.00
  ------------------------------
    Slack                  0.00  (VIOLATED: increase significant digits)


    Net: io_polyc_14[20]

    Capacitance            0.00
  - min_capacitance        0.00
  ------------------------------
    Slack                  0.00  (VIOLATED: increase significant digits)


    Net: io_polyc_14[21]

    Capacitance            0.00
  - min_capacitance        0.00
  ------------------------------
    Slack                  0.00  (VIOLATED: increase significant digits)


    Net: io_polyc_14[22]

    Capacitance            0.00
  - min_capacitance        0.00
  ------------------------------
    Slack                  0.00  (VIOLATED: increase significant digits)


    Net: io_polyc_14[23]

    Capacitance            0.00
  - min_capacitance        0.00
  ------------------------------
    Slack                  0.00  (VIOLATED: increase significant digits)


    Net: io_polyc_15[0]

    Capacitance            0.00
  - min_capacitance        0.00
  ------------------------------
    Slack                  0.00  (VIOLATED: increase significant digits)


    Net: io_polyc_15[1]

    Capacitance            0.00
  - min_capacitance        0.00
  ------------------------------
    Slack                  0.00  (VIOLATED: increase significant digits)


    Net: io_polyc_15[2]

    Capacitance            0.00
  - min_capacitance        0.00
  ------------------------------
    Slack                  0.00  (VIOLATED: increase significant digits)


    Net: io_polyc_15[3]

    Capacitance            0.00
  - min_capacitance        0.00
  ------------------------------
    Slack                  0.00  (VIOLATED: increase significant digits)


    Net: io_polyc_15[4]

    Capacitance            0.00
  - min_capacitance        0.00
  ------------------------------
    Slack                  0.00  (VIOLATED: increase significant digits)


    Net: io_polyc_15[5]

    Capacitance            0.00
  - min_capacitance        0.00
  ------------------------------
    Slack                  0.00  (VIOLATED: increase significant digits)


    Net: io_polyc_15[6]

    Capacitance            0.00
  - min_capacitance        0.00
  ------------------------------
    Slack                  0.00  (VIOLATED: increase significant digits)


    Net: io_polyc_15[7]

    Capacitance            0.00
  - min_capacitance        0.00
  ------------------------------
    Slack                  0.00  (VIOLATED: increase significant digits)


    Net: io_polyc_15[8]

    Capacitance            0.00
  - min_capacitance        0.00
  ------------------------------
    Slack                  0.00  (VIOLATED: increase significant digits)


    Net: io_polyc_15[9]

    Capacitance            0.00
  - min_capacitance        0.00
  ------------------------------
    Slack                  0.00  (VIOLATED: increase significant digits)


    Net: io_polyc_15[10]

    Capacitance            0.00
  - min_capacitance        0.00
  ------------------------------
    Slack                  0.00  (VIOLATED: increase significant digits)


    Net: io_polyc_15[11]

    Capacitance            0.00
  - min_capacitance        0.00
  ------------------------------
    Slack                  0.00  (VIOLATED: increase significant digits)


    Net: io_polyc_15[12]

    Capacitance            0.00
  - min_capacitance        0.00
  ------------------------------
    Slack                  0.00  (VIOLATED: increase significant digits)


    Net: io_polyc_15[13]

    Capacitance            0.00
  - min_capacitance        0.00
  ------------------------------
    Slack                  0.00  (VIOLATED: increase significant digits)


    Net: io_polyc_15[14]

    Capacitance            0.00
  - min_capacitance        0.00
  ------------------------------
    Slack                  0.00  (VIOLATED: increase significant digits)


    Net: io_polyc_15[15]

    Capacitance            0.00
  - min_capacitance        0.00
  ------------------------------
    Slack                  0.00  (VIOLATED: increase significant digits)


    Net: io_polyc_15[16]

    Capacitance            0.00
  - min_capacitance        0.00
  ------------------------------
    Slack                  0.00  (VIOLATED: increase significant digits)


    Net: io_polyc_15[17]

    Capacitance            0.00
  - min_capacitance        0.00
  ------------------------------
    Slack                  0.00  (VIOLATED: increase significant digits)


    Net: io_polyc_15[18]

    Capacitance            0.00
  - min_capacitance        0.00
  ------------------------------
    Slack                  0.00  (VIOLATED: increase significant digits)


    Net: io_polyc_15[19]

    Capacitance            0.00
  - min_capacitance        0.00
  ------------------------------
    Slack                  0.00  (VIOLATED: increase significant digits)


    Net: io_polyc_15[20]

    Capacitance            0.00
  - min_capacitance        0.00
  ------------------------------
    Slack                  0.00  (VIOLATED: increase significant digits)


    Net: io_polyc_15[21]

    Capacitance            0.00
  - min_capacitance        0.00
  ------------------------------
    Slack                  0.00  (VIOLATED: increase significant digits)


    Net: io_polyc_15[22]

    Capacitance            0.00
  - min_capacitance        0.00
  ------------------------------
    Slack                  0.00  (VIOLATED: increase significant digits)


    Net: io_polyc_15[23]

    Capacitance            0.00
  - min_capacitance        0.00
  ------------------------------
    Slack                  0.00  (VIOLATED: increase significant digits)


    Net: n249 (dont_touch)

    Capacitance            0.00
  - min_capacitance        0.00
  ------------------------------
    Slack                  0.00  (VIOLATED: increase significant digits)


    Net: n659 (dont_touch)

    Capacitance            0.00
  - min_capacitance        0.00
  ------------------------------
    Slack                  0.00  (VIOLATED: increase significant digits)


    Net: n660 (dont_touch)

    Capacitance            0.00
  - min_capacitance        0.00
  ------------------------------
    Slack                  0.00  (VIOLATED: increase significant digits)


    Net: usint_ext_mult_2/n10 (dont_touch)

    Capacitance            0.00
  - min_capacitance        0.00
  ------------------------------
    Slack                  0.00  (VIOLATED: increase significant digits)


    Net: usint_ext_mult_5/n10 (dont_touch)

    Capacitance            0.00
  - min_capacitance        0.00
  ------------------------------
    Slack                  0.00  (VIOLATED: increase significant digits)


    Net: usint_ext_mult_6/n35 (dont_touch)

    Capacitance            0.00
  - min_capacitance        0.00
  ------------------------------
    Slack                  0.00  (VIOLATED: increase significant digits)


    Net: usint_ext_mult_7/n35 (dont_touch)

    Capacitance            0.00
  - min_capacitance        0.00
  ------------------------------
    Slack                  0.00  (VIOLATED: increase significant digits)


    Net: usint_ext_mult_8/n35 (dont_touch)

    Capacitance            0.00
  - min_capacitance        0.00
  ------------------------------
    Slack                  0.00  (VIOLATED: increase significant digits)


    Net: usint_ext_mult_11/n10 (dont_touch)

    Capacitance            0.00
  - min_capacitance        0.00
  ------------------------------
    Slack                  0.00  (VIOLATED: increase significant digits)


    Net: usint_ext_mult_14/n10 (dont_touch)

    Capacitance            0.00
  - min_capacitance        0.00
  ------------------------------
    Slack                  0.00  (VIOLATED: increase significant digits)


    Net: usint_ext_mult_15/n35 (dont_touch)

    Capacitance            0.00
  - min_capacitance        0.00
  ------------------------------
    Slack                  0.00  (VIOLATED: increase significant digits)


    Net: usint_ext_mult_16/n35 (dont_touch)

    Capacitance            0.00
  - min_capacitance        0.00
  ------------------------------
    Slack                  0.00  (VIOLATED: increase significant digits)


    Net: usint_ext_mult_17/n35 (dont_touch)

    Capacitance            0.00
  - min_capacitance        0.00
  ------------------------------
    Slack                  0.00  (VIOLATED: increase significant digits)


    Net: usint_ext_mult_18/n35 (dont_touch)

    Capacitance            0.00
  - min_capacitance        0.00
  ------------------------------
    Slack                  0.00  (VIOLATED: increase significant digits)


    Net: usint_ext_mult_19/n35 (dont_touch)

    Capacitance            0.00
  - min_capacitance        0.00
  ------------------------------
    Slack                  0.00  (VIOLATED: increase significant digits)


    Net: usint_ext_mult_20/n35 (dont_touch)

    Capacitance            0.00
  - min_capacitance        0.00
  ------------------------------
    Slack                  0.00  (VIOLATED: increase significant digits)


    Net: usint_ext_mult_21/n35 (dont_touch)

    Capacitance            0.00
  - min_capacitance        0.00
  ------------------------------
    Slack                  0.00  (VIOLATED: increase significant digits)


    Net: usint_ext_mult_22/n35 (dont_touch)

    Capacitance            0.00
  - min_capacitance        0.00
  ------------------------------
    Slack                  0.00  (VIOLATED: increase significant digits)


    Net: usint_ext_mult_23/n35 (dont_touch)

    Capacitance            0.00
  - min_capacitance        0.00
  ------------------------------
    Slack                  0.00  (VIOLATED: increase significant digits)


    Net: usint_ext_mult_24/n35 (dont_touch)

    Capacitance            0.00
  - min_capacitance        0.00
  ------------------------------
    Slack                  0.00  (VIOLATED: increase significant digits)


    Net: usint_ext_mult_25/n35 (dont_touch)

    Capacitance            0.00
  - min_capacitance        0.00
  ------------------------------
    Slack                  0.00  (VIOLATED: increase significant digits)


    Net: usint_ext_mult_26/n35 (dont_touch)

    Capacitance            0.00
  - min_capacitance        0.00
  ------------------------------
    Slack                  0.00  (VIOLATED: increase significant digits)


    Net: usint_ext_mult_29/n10 (dont_touch)

    Capacitance            0.00
  - min_capacitance        0.00
  ------------------------------
    Slack                  0.00  (VIOLATED: increase significant digits)


    Net: usint_ext_mult_32/n10 (dont_touch)

    Capacitance            0.00
  - min_capacitance        0.00
  ------------------------------
    Slack                  0.00  (VIOLATED: increase significant digits)


    Net: usint_ext_mult_33/n35 (dont_touch)

    Capacitance            0.00
  - min_capacitance        0.00
  ------------------------------
    Slack                  0.00  (VIOLATED: increase significant digits)


    Net: usint_ext_mult_34/n35 (dont_touch)

    Capacitance            0.00
  - min_capacitance        0.00
  ------------------------------
    Slack                  0.00  (VIOLATED: increase significant digits)


    Net: usint_ext_mult_35/n35 (dont_touch)

    Capacitance            0.00
  - min_capacitance        0.00
  ------------------------------
    Slack                  0.00  (VIOLATED: increase significant digits)


    Net: usint_ext_mult_38/n10 (dont_touch)

    Capacitance            0.00
  - min_capacitance        0.00
  ------------------------------
    Slack                  0.00  (VIOLATED: increase significant digits)


    Net: usint_ext_mult_41/n10 (dont_touch)

    Capacitance            0.00
  - min_capacitance        0.00
  ------------------------------
    Slack                  0.00  (VIOLATED: increase significant digits)


    Net: usint_ext_mult_42/n35 (dont_touch)

    Capacitance            0.00
  - min_capacitance        0.00
  ------------------------------
    Slack                  0.00  (VIOLATED: increase significant digits)


    Net: usint_ext_mult_43/n35 (dont_touch)

    Capacitance            0.00
  - min_capacitance        0.00
  ------------------------------
    Slack                  0.00  (VIOLATED: increase significant digits)


    Net: usint_ext_mult_44/n35 (dont_touch)

    Capacitance            0.00
  - min_capacitance        0.00
  ------------------------------
    Slack                  0.00  (VIOLATED: increase significant digits)


    Net: usint_ext_mult_45/n35 (dont_touch)

    Capacitance            0.00
  - min_capacitance        0.00
  ------------------------------
    Slack                  0.00  (VIOLATED: increase significant digits)


    Net: usint_ext_mult_46/n35 (dont_touch)

    Capacitance            0.00
  - min_capacitance        0.00
  ------------------------------
    Slack                  0.00  (VIOLATED: increase significant digits)


    Net: usint_ext_mult_47/n35 (dont_touch)

    Capacitance            0.00
  - min_capacitance        0.00
  ------------------------------
    Slack                  0.00  (VIOLATED: increase significant digits)


    Net: usint_ext_mult_48/n35 (dont_touch)

    Capacitance            0.00
  - min_capacitance        0.00
  ------------------------------
    Slack                  0.00  (VIOLATED: increase significant digits)


    Net: usint_ext_mult_49/n35 (dont_touch)

    Capacitance            0.00
  - min_capacitance        0.00
  ------------------------------
    Slack                  0.00  (VIOLATED: increase significant digits)


    Net: usint_ext_mult_50/n35 (dont_touch)

    Capacitance            0.00
  - min_capacitance        0.00
  ------------------------------
    Slack                  0.00  (VIOLATED: increase significant digits)


    Net: usint_ext_mult_51/n35 (dont_touch)

    Capacitance            0.00
  - min_capacitance        0.00
  ------------------------------
    Slack                  0.00  (VIOLATED: increase significant digits)


    Net: usint_ext_mult_52/n35 (dont_touch)

    Capacitance            0.00
  - min_capacitance        0.00
  ------------------------------
    Slack                  0.00  (VIOLATED: increase significant digits)


    Net: usint_ext_mult_53/n35 (dont_touch)

    Capacitance            0.00
  - min_capacitance        0.00
  ------------------------------
    Slack                  0.00  (VIOLATED: increase significant digits)


    Net: usint_ext_mult_54/n35 (dont_touch)

    Capacitance            0.00
  - min_capacitance        0.00
  ------------------------------
    Slack                  0.00  (VIOLATED: increase significant digits)


    Net: usint_ext_mult_55/n35 (dont_touch)

    Capacitance            0.00
  - min_capacitance        0.00
  ------------------------------
    Slack                  0.00  (VIOLATED: increase significant digits)


    Net: usint_ext_mult_56/n35 (dont_touch)

    Capacitance            0.00
  - min_capacitance        0.00
  ------------------------------
    Slack                  0.00  (VIOLATED: increase significant digits)


    Net: usint_ext_mult_57/n35 (dont_touch)

    Capacitance            0.00
  - min_capacitance        0.00
  ------------------------------
    Slack                  0.00  (VIOLATED: increase significant digits)


    Net: usint_ext_mult_58/n35 (dont_touch)

    Capacitance            0.00
  - min_capacitance        0.00
  ------------------------------
    Slack                  0.00  (VIOLATED: increase significant digits)


    Net: usint_ext_mult_59/n35 (dont_touch)

    Capacitance            0.00
  - min_capacitance        0.00
  ------------------------------
    Slack                  0.00  (VIOLATED: increase significant digits)


    Net: usint_ext_mult_60/n35 (dont_touch)

    Capacitance            0.00
  - min_capacitance        0.00
  ------------------------------
    Slack                  0.00  (VIOLATED: increase significant digits)


    Net: usint_ext_mult_61/n35 (dont_touch)

    Capacitance            0.00
  - min_capacitance        0.00
  ------------------------------
    Slack                  0.00  (VIOLATED: increase significant digits)


    Net: usint_ext_mult_62/n35 (dont_touch)

    Capacitance            0.00
  - min_capacitance        0.00
  ------------------------------
    Slack                  0.00  (VIOLATED: increase significant digits)


    Net: usint_ext_mult_63/n35 (dont_touch)

    Capacitance            0.00
  - min_capacitance        0.00
  ------------------------------
    Slack                  0.00  (VIOLATED: increase significant digits)


    Net: usint_ext_mult_64/n35 (dont_touch)

    Capacitance            0.00
  - min_capacitance        0.00
  ------------------------------
    Slack                  0.00  (VIOLATED: increase significant digits)


    Net: usint_ext_mult_65/n35 (dont_touch)

    Capacitance            0.00
  - min_capacitance        0.00
  ------------------------------
    Slack                  0.00  (VIOLATED: increase significant digits)


    Net: usint_ext_mult_66/n35 (dont_touch)

    Capacitance            0.00
  - min_capacitance        0.00
  ------------------------------
    Slack                  0.00  (VIOLATED: increase significant digits)


    Net: usint_ext_mult_67/n35 (dont_touch)

    Capacitance            0.00
  - min_capacitance        0.00
  ------------------------------
    Slack                  0.00  (VIOLATED: increase significant digits)


    Net: usint_ext_mult_68/n35 (dont_touch)

    Capacitance            0.00
  - min_capacitance        0.00
  ------------------------------
    Slack                  0.00  (VIOLATED: increase significant digits)


    Net: usint_ext_mult_69/n35 (dont_touch)

    Capacitance            0.00
  - min_capacitance        0.00
  ------------------------------
    Slack                  0.00  (VIOLATED: increase significant digits)


    Net: usint_ext_mult_70/n35 (dont_touch)

    Capacitance            0.00
  - min_capacitance        0.00
  ------------------------------
    Slack                  0.00  (VIOLATED: increase significant digits)


    Net: usint_ext_mult_71/n35 (dont_touch)

    Capacitance            0.00
  - min_capacitance        0.00
  ------------------------------
    Slack                  0.00  (VIOLATED: increase significant digits)


    Net: usint_ext_mult_72/n35 (dont_touch)

    Capacitance            0.00
  - min_capacitance        0.00
  ------------------------------
    Slack                  0.00  (VIOLATED: increase significant digits)


    Net: usint_ext_mult_73/n35 (dont_touch)

    Capacitance            0.00
  - min_capacitance        0.00
  ------------------------------
    Slack                  0.00  (VIOLATED: increase significant digits)


    Net: usint_ext_mult_74/n35 (dont_touch)

    Capacitance            0.00
  - min_capacitance        0.00
  ------------------------------
    Slack                  0.00  (VIOLATED: increase significant digits)


    Net: usint_ext_mult_75/n35 (dont_touch)

    Capacitance            0.00
  - min_capacitance        0.00
  ------------------------------
    Slack                  0.00  (VIOLATED: increase significant digits)


    Net: usint_ext_mult_76/n35 (dont_touch)

    Capacitance            0.00
  - min_capacitance        0.00
  ------------------------------
    Slack                  0.00  (VIOLATED: increase significant digits)


    Net: usint_ext_mult_77/n35 (dont_touch)

    Capacitance            0.00
  - min_capacitance        0.00
  ------------------------------
    Slack                  0.00  (VIOLATED: increase significant digits)


    Net: usint_ext_mult_78/n35 (dont_touch)

    Capacitance            0.00
  - min_capacitance        0.00
  ------------------------------
    Slack                  0.00  (VIOLATED: increase significant digits)


    Net: usint_ext_mult_79/n35 (dont_touch)

    Capacitance            0.00
  - min_capacitance        0.00
  ------------------------------
    Slack                  0.00  (VIOLATED: increase significant digits)


    Net: usint_ext_mult_80/n35 (dont_touch)

    Capacitance            0.00
  - min_capacitance        0.00
  ------------------------------
    Slack                  0.00  (VIOLATED: increase significant digits)


    Design: poly_fast_split_mult_kernel

    max_leakage_power          0.00
  - Current Leakage Power   3975.68
  ----------------------------------
    Slack                  -3975.68  (VIOLATED)


1
