 
****************************************
check_design summary:
Version:     O-2018.06-SP5
Date:        Sun May 24 06:26:01 2026
****************************************

                   Name                                            Total
--------------------------------------------------------------------------------
Inputs/Outputs                                                   1090
    Unconnected ports (LINT-28)                                    66
    Feedthrough (LINT-29)                                         281
    Shorted outputs (LINT-31)                                     397
    Constant outputs (LINT-52)                                    346

Nets                                                              499
    Unloaded nets (LINT-2)                                        499
--------------------------------------------------------------------------------

Warning: In design 'ToomCook1024', net 'interp1/core_1/net76143' driven by pin 'interp1/core_1/sub_3387/Z_0' has no loads. (LINT-2)
Warning: In design 'ToomCook1024', net 'interp1/core_1/net76142' driven by pin 'interp1/core_1/add_3378/Z_0' has no loads. (LINT-2)
Warning: In design 'ToomCook1024', net 'interp1/core_1/net76141' driven by pin 'interp1/core_1/add_3372/Z_0' has no loads. (LINT-2)
Warning: In design 'ToomCook1024', net 'interp1/core_1/net76140' driven by pin 'interp1/core_1/sub_3368/Z_0' has no loads. (LINT-2)
Warning: In design 'ToomCook1024', net 'interp1/core_1/net76139' driven by pin 'interp1/core_1/sub_3368/Z_1' has no loads. (LINT-2)
Warning: In design 'ToomCook1024', net 'interp1/core_1/net76138' driven by pin 'interp1/core_1/sub_3368/Z_2' has no loads. (LINT-2)
Warning: In design 'ToomCook1024', net 'interp1/core_1/net76137' driven by pin 'interp1/core_1/sub_3336/Z_0' has no loads. (LINT-2)
Warning: In design 'ToomCook1024', net 'interp1/core_2/net80891' driven by pin 'interp1/core_2/sub_3387/Z_0' has no loads. (LINT-2)
Warning: In design 'ToomCook1024', net 'interp1/core_2/net80890' driven by pin 'interp1/core_2/add_3378/Z_0' has no loads. (LINT-2)
Warning: In design 'ToomCook1024', net 'interp1/core_2/net80889' driven by pin 'interp1/core_2/add_3372/Z_0' has no loads. (LINT-2)
Warning: In design 'ToomCook1024', net 'interp1/core_2/net80888' driven by pin 'interp1/core_2/sub_3368/Z_0' has no loads. (LINT-2)
Warning: In design 'ToomCook1024', net 'interp1/core_2/net80887' driven by pin 'interp1/core_2/sub_3368/Z_1' has no loads. (LINT-2)
Warning: In design 'ToomCook1024', net 'interp1/core_2/net80886' driven by pin 'interp1/core_2/sub_3368/Z_2' has no loads. (LINT-2)
Warning: In design 'ToomCook1024', net 'interp1/core_2/net80885' driven by pin 'interp1/core_2/sub_3336/Z_0' has no loads. (LINT-2)
Warning: In design 'ToomCook1024', net 'interp1/core_3/net85639' driven by pin 'interp1/core_3/sub_3387/Z_0' has no loads. (LINT-2)
Warning: In design 'ToomCook1024', net 'interp1/core_3/net85638' driven by pin 'interp1/core_3/add_3378/Z_0' has no loads. (LINT-2)
Warning: In design 'ToomCook1024', net 'interp1/core_3/net85637' driven by pin 'interp1/core_3/add_3372/Z_0' has no loads. (LINT-2)
Warning: In design 'ToomCook1024', net 'interp1/core_3/net85636' driven by pin 'interp1/core_3/sub_3368/Z_0' has no loads. (LINT-2)
Warning: In design 'ToomCook1024', net 'interp1/core_3/net85635' driven by pin 'interp1/core_3/sub_3368/Z_1' has no loads. (LINT-2)
Warning: In design 'ToomCook1024', net 'interp1/core_3/net85634' driven by pin 'interp1/core_3/sub_3368/Z_2' has no loads. (LINT-2)
Warning: In design 'ToomCook1024', net 'interp1/core_3/net85633' driven by pin 'interp1/core_3/sub_3336/Z_0' has no loads. (LINT-2)
Warning: In design 'ToomCook1024', net 'interp1/core_4/net90387' driven by pin 'interp1/core_4/sub_3387/Z_0' has no loads. (LINT-2)
Warning: In design 'ToomCook1024', net 'interp1/core_4/net90386' driven by pin 'interp1/core_4/add_3378/Z_0' has no loads. (LINT-2)
Warning: In design 'ToomCook1024', net 'interp1/core_4/net90385' driven by pin 'interp1/core_4/add_3372/Z_0' has no loads. (LINT-2)
Warning: In design 'ToomCook1024', net 'interp1/core_4/net90384' driven by pin 'interp1/core_4/sub_3368/Z_0' has no loads. (LINT-2)
Warning: In design 'ToomCook1024', net 'interp1/core_4/net90383' driven by pin 'interp1/core_4/sub_3368/Z_1' has no loads. (LINT-2)
Warning: In design 'ToomCook1024', net 'interp1/core_4/net90382' driven by pin 'interp1/core_4/sub_3368/Z_2' has no loads. (LINT-2)
Warning: In design 'ToomCook1024', net 'interp1/core_4/net90381' driven by pin 'interp1/core_4/sub_3336/Z_0' has no loads. (LINT-2)
Warning: In design 'ToomCook1024', net 'interp1/core_5/net95135' driven by pin 'interp1/core_5/sub_3387/Z_0' has no loads. (LINT-2)
Warning: In design 'ToomCook1024', net 'interp1/core_5/net95134' driven by pin 'interp1/core_5/add_3378/Z_0' has no loads. (LINT-2)
Warning: In design 'ToomCook1024', net 'interp1/core_5/net95133' driven by pin 'interp1/core_5/add_3372/Z_0' has no loads. (LINT-2)
Warning: In design 'ToomCook1024', net 'interp1/core_5/net95132' driven by pin 'interp1/core_5/sub_3368/Z_0' has no loads. (LINT-2)
Warning: In design 'ToomCook1024', net 'interp1/core_5/net95131' driven by pin 'interp1/core_5/sub_3368/Z_1' has no loads. (LINT-2)
Warning: In design 'ToomCook1024', net 'interp1/core_5/net95130' driven by pin 'interp1/core_5/sub_3368/Z_2' has no loads. (LINT-2)
Warning: In design 'ToomCook1024', net 'interp1/core_5/net95129' driven by pin 'interp1/core_5/sub_3336/Z_0' has no loads. (LINT-2)
Warning: In design 'ToomCook1024', net 'interp1/core_6/net99883' driven by pin 'interp1/core_6/sub_3387/Z_0' has no loads. (LINT-2)
Warning: In design 'ToomCook1024', net 'interp1/core_6/net99882' driven by pin 'interp1/core_6/add_3378/Z_0' has no loads. (LINT-2)
Warning: In design 'ToomCook1024', net 'interp1/core_6/net99881' driven by pin 'interp1/core_6/add_3372/Z_0' has no loads. (LINT-2)
Warning: In design 'ToomCook1024', net 'interp1/core_6/net99880' driven by pin 'interp1/core_6/sub_3368/Z_0' has no loads. (LINT-2)
Warning: In design 'ToomCook1024', net 'interp1/core_6/net99879' driven by pin 'interp1/core_6/sub_3368/Z_1' has no loads. (LINT-2)
Warning: In design 'ToomCook1024', net 'interp1/core_6/net99878' driven by pin 'interp1/core_6/sub_3368/Z_2' has no loads. (LINT-2)
Warning: In design 'ToomCook1024', net 'interp1/core_6/net99877' driven by pin 'interp1/core_6/sub_3336/Z_0' has no loads. (LINT-2)
Warning: In design 'ToomCook1024', net 'interp1/core_7/net104631' driven by pin 'interp1/core_7/sub_3387/Z_0' has no loads. (LINT-2)
Warning: In design 'ToomCook1024', net 'interp1/core_7/net104630' driven by pin 'interp1/core_7/add_3378/Z_0' has no loads. (LINT-2)
Warning: In design 'ToomCook1024', net 'interp1/core_7/net104629' driven by pin 'interp1/core_7/add_3372/Z_0' has no loads. (LINT-2)
Warning: In design 'ToomCook1024', net 'interp1/core_7/net104628' driven by pin 'interp1/core_7/sub_3368/Z_0' has no loads. (LINT-2)
Warning: In design 'ToomCook1024', net 'interp1/core_7/net104627' driven by pin 'interp1/core_7/sub_3368/Z_1' has no loads. (LINT-2)
Warning: In design 'ToomCook1024', net 'interp1/core_7/net104626' driven by pin 'interp1/core_7/sub_3368/Z_2' has no loads. (LINT-2)
Warning: In design 'ToomCook1024', net 'interp1/core_7/net104625' driven by pin 'interp1/core_7/sub_3336/Z_0' has no loads. (LINT-2)
Warning: In design 'ToomCook1024', net 'interp1/core_8/net109379' driven by pin 'interp1/core_8/sub_3387/Z_0' has no loads. (LINT-2)
Warning: In design 'ToomCook1024', net 'interp1/core_8/net109378' driven by pin 'interp1/core_8/add_3378/Z_0' has no loads. (LINT-2)
Warning: In design 'ToomCook1024', net 'interp1/core_8/net109377' driven by pin 'interp1/core_8/add_3372/Z_0' has no loads. (LINT-2)
Warning: In design 'ToomCook1024', net 'interp1/core_8/net109376' driven by pin 'interp1/core_8/sub_3368/Z_0' has no loads. (LINT-2)
Warning: In design 'ToomCook1024', net 'interp1/core_8/net109375' driven by pin 'interp1/core_8/sub_3368/Z_1' has no loads. (LINT-2)
Warning: In design 'ToomCook1024', net 'interp1/core_8/net109374' driven by pin 'interp1/core_8/sub_3368/Z_2' has no loads. (LINT-2)
Warning: In design 'ToomCook1024', net 'interp1/core_8/net109373' driven by pin 'interp1/core_8/sub_3336/Z_0' has no loads. (LINT-2)
Warning: In design 'ToomCook1024', net 'interp1/core_9/net114127' driven by pin 'interp1/core_9/sub_3387/Z_0' has no loads. (LINT-2)
Warning: In design 'ToomCook1024', net 'interp1/core_9/net114126' driven by pin 'interp1/core_9/add_3378/Z_0' has no loads. (LINT-2)
Warning: In design 'ToomCook1024', net 'interp1/core_9/net114125' driven by pin 'interp1/core_9/add_3372/Z_0' has no loads. (LINT-2)
Warning: In design 'ToomCook1024', net 'interp1/core_9/net114124' driven by pin 'interp1/core_9/sub_3368/Z_0' has no loads. (LINT-2)
Warning: In design 'ToomCook1024', net 'interp1/core_9/net114123' driven by pin 'interp1/core_9/sub_3368/Z_1' has no loads. (LINT-2)
Warning: In design 'ToomCook1024', net 'interp1/core_9/net114122' driven by pin 'interp1/core_9/sub_3368/Z_2' has no loads. (LINT-2)
Warning: In design 'ToomCook1024', net 'interp1/core_9/net114121' driven by pin 'interp1/core_9/sub_3336/Z_0' has no loads. (LINT-2)
Warning: In design 'ToomCook1024', net 'interp1/core_10/net118875' driven by pin 'interp1/core_10/sub_3387/Z_0' has no loads. (LINT-2)
Warning: In design 'ToomCook1024', net 'interp1/core_10/net118874' driven by pin 'interp1/core_10/add_3378/Z_0' has no loads. (LINT-2)
Warning: In design 'ToomCook1024', net 'interp1/core_10/net118873' driven by pin 'interp1/core_10/add_3372/Z_0' has no loads. (LINT-2)
Warning: In design 'ToomCook1024', net 'interp1/core_10/net118872' driven by pin 'interp1/core_10/sub_3368/Z_0' has no loads. (LINT-2)
Warning: In design 'ToomCook1024', net 'interp1/core_10/net118871' driven by pin 'interp1/core_10/sub_3368/Z_1' has no loads. (LINT-2)
Warning: In design 'ToomCook1024', net 'interp1/core_10/net118870' driven by pin 'interp1/core_10/sub_3368/Z_2' has no loads. (LINT-2)
Warning: In design 'ToomCook1024', net 'interp1/core_10/net118869' driven by pin 'interp1/core_10/sub_3336/Z_0' has no loads. (LINT-2)
Warning: In design 'ToomCook1024', net 'interp1/core_11/net123623' driven by pin 'interp1/core_11/sub_3387/Z_0' has no loads. (LINT-2)
Warning: In design 'ToomCook1024', net 'interp1/core_11/net123622' driven by pin 'interp1/core_11/add_3378/Z_0' has no loads. (LINT-2)
Warning: In design 'ToomCook1024', net 'interp1/core_11/net123621' driven by pin 'interp1/core_11/add_3372/Z_0' has no loads. (LINT-2)
Warning: In design 'ToomCook1024', net 'interp1/core_11/net123620' driven by pin 'interp1/core_11/sub_3368/Z_0' has no loads. (LINT-2)
Warning: In design 'ToomCook1024', net 'interp1/core_11/net123619' driven by pin 'interp1/core_11/sub_3368/Z_1' has no loads. (LINT-2)
Warning: In design 'ToomCook1024', net 'interp1/core_11/net123618' driven by pin 'interp1/core_11/sub_3368/Z_2' has no loads. (LINT-2)
Warning: In design 'ToomCook1024', net 'interp1/core_11/net123617' driven by pin 'interp1/core_11/sub_3336/Z_0' has no loads. (LINT-2)
Warning: In design 'ToomCook1024', net 'interp1/core_12/net128371' driven by pin 'interp1/core_12/sub_3387/Z_0' has no loads. (LINT-2)
Warning: In design 'ToomCook1024', net 'interp1/core_12/net128370' driven by pin 'interp1/core_12/add_3378/Z_0' has no loads. (LINT-2)
Warning: In design 'ToomCook1024', net 'interp1/core_12/net128369' driven by pin 'interp1/core_12/add_3372/Z_0' has no loads. (LINT-2)
Warning: In design 'ToomCook1024', net 'interp1/core_12/net128368' driven by pin 'interp1/core_12/sub_3368/Z_0' has no loads. (LINT-2)
Warning: In design 'ToomCook1024', net 'interp1/core_12/net128367' driven by pin 'interp1/core_12/sub_3368/Z_1' has no loads. (LINT-2)
Warning: In design 'ToomCook1024', net 'interp1/core_12/net128366' driven by pin 'interp1/core_12/sub_3368/Z_2' has no loads. (LINT-2)
Warning: In design 'ToomCook1024', net 'interp1/core_12/net128365' driven by pin 'interp1/core_12/sub_3336/Z_0' has no loads. (LINT-2)
Warning: In design 'ToomCook1024', net 'interp1/core_13/net133119' driven by pin 'interp1/core_13/sub_3387/Z_0' has no loads. (LINT-2)
Warning: In design 'ToomCook1024', net 'interp1/core_13/net133118' driven by pin 'interp1/core_13/add_3378/Z_0' has no loads. (LINT-2)
Warning: In design 'ToomCook1024', net 'interp1/core_13/net133117' driven by pin 'interp1/core_13/add_3372/Z_0' has no loads. (LINT-2)
Warning: In design 'ToomCook1024', net 'interp1/core_13/net133116' driven by pin 'interp1/core_13/sub_3368/Z_0' has no loads. (LINT-2)
Warning: In design 'ToomCook1024', net 'interp1/core_13/net133115' driven by pin 'interp1/core_13/sub_3368/Z_1' has no loads. (LINT-2)
Warning: In design 'ToomCook1024', net 'interp1/core_13/net133114' driven by pin 'interp1/core_13/sub_3368/Z_2' has no loads. (LINT-2)
Warning: In design 'ToomCook1024', net 'interp1/core_13/net133113' driven by pin 'interp1/core_13/sub_3336/Z_0' has no loads. (LINT-2)
Warning: In design 'ToomCook1024', net 'interp1/core_14/net137867' driven by pin 'interp1/core_14/sub_3387/Z_0' has no loads. (LINT-2)
Warning: In design 'ToomCook1024', net 'interp1/core_14/net137866' driven by pin 'interp1/core_14/add_3378/Z_0' has no loads. (LINT-2)
Warning: In design 'ToomCook1024', net 'interp1/core_14/net137865' driven by pin 'interp1/core_14/add_3372/Z_0' has no loads. (LINT-2)
Warning: In design 'ToomCook1024', net 'interp1/core_14/net137864' driven by pin 'interp1/core_14/sub_3368/Z_0' has no loads. (LINT-2)
Warning: In design 'ToomCook1024', net 'interp1/core_14/net137863' driven by pin 'interp1/core_14/sub_3368/Z_1' has no loads. (LINT-2)
Warning: In design 'ToomCook1024', net 'interp1/core_14/net137862' driven by pin 'interp1/core_14/sub_3368/Z_2' has no loads. (LINT-2)
Warning: In design 'ToomCook1024', net 'interp1/core_14/net137861' driven by pin 'interp1/core_14/sub_3336/Z_0' has no loads. (LINT-2)
Warning: In design 'ToomCook1024', net 'interp1/core_15/net142615' driven by pin 'interp1/core_15/sub_3387/Z_0' has no loads. (LINT-2)
Warning: In design 'ToomCook1024', net 'interp1/core_15/net142614' driven by pin 'interp1/core_15/add_3378/Z_0' has no loads. (LINT-2)
Warning: In design 'ToomCook1024', net 'interp1/core_15/net142613' driven by pin 'interp1/core_15/add_3372/Z_0' has no loads. (LINT-2)
Warning: In design 'ToomCook1024', net 'interp1/core_15/net142612' driven by pin 'interp1/core_15/sub_3368/Z_0' has no loads. (LINT-2)
Warning: In design 'ToomCook1024', net 'interp1/core_15/net142611' driven by pin 'interp1/core_15/sub_3368/Z_1' has no loads. (LINT-2)
Warning: In design 'ToomCook1024', net 'interp1/core_15/net142610' driven by pin 'interp1/core_15/sub_3368/Z_2' has no loads. (LINT-2)
Warning: In design 'ToomCook1024', net 'interp1/core_15/net142609' driven by pin 'interp1/core_15/sub_3336/Z_0' has no loads. (LINT-2)
Warning: In design 'ToomCook1024', net 'interp2/core_1/net151670' driven by pin 'interp2/core_1/sub_4467/Z_0' has no loads. (LINT-2)
Warning: In design 'ToomCook1024', net 'interp2/core_1/net151669' driven by pin 'interp2/core_1/add_4458/Z_0' has no loads. (LINT-2)
Warning: In design 'ToomCook1024', net 'interp2/core_1/net151668' driven by pin 'interp2/core_1/add_4452/Z_0' has no loads. (LINT-2)
Warning: In design 'ToomCook1024', net 'interp2/core_1/net151667' driven by pin 'interp2/core_1/sub_4448/Z_0' has no loads. (LINT-2)
Warning: In design 'ToomCook1024', net 'interp2/core_1/net151666' driven by pin 'interp2/core_1/sub_4448/Z_1' has no loads. (LINT-2)
Warning: In design 'ToomCook1024', net 'interp2/core_1/net151665' driven by pin 'interp2/core_1/sub_4448/Z_2' has no loads. (LINT-2)
Warning: In design 'ToomCook1024', net 'interp2/core_1/net151664' driven by pin 'interp2/core_1/sub_4416/Z_0' has no loads. (LINT-2)
Warning: In design 'ToomCook1024', net 'interp2/core_2/net155977' driven by pin 'interp2/core_2/sub_4467/Z_0' has no loads. (LINT-2)
Warning: In design 'ToomCook1024', net 'interp2/core_2/net155976' driven by pin 'interp2/core_2/add_4458/Z_0' has no loads. (LINT-2)
Warning: In design 'ToomCook1024', net 'interp2/core_2/net155975' driven by pin 'interp2/core_2/add_4452/Z_0' has no loads. (LINT-2)
Warning: In design 'ToomCook1024', net 'interp2/core_2/net155974' driven by pin 'interp2/core_2/sub_4448/Z_0' has no loads. (LINT-2)
Warning: In design 'ToomCook1024', net 'interp2/core_2/net155973' driven by pin 'interp2/core_2/sub_4448/Z_1' has no loads. (LINT-2)
Warning: In design 'ToomCook1024', net 'interp2/core_2/net155972' driven by pin 'interp2/core_2/sub_4448/Z_2' has no loads. (LINT-2)
Warning: In design 'ToomCook1024', net 'interp2/core_2/net155971' driven by pin 'interp2/core_2/sub_4416/Z_0' has no loads. (LINT-2)
Warning: In design 'ToomCook1024', net 'interp2/core_3/net160284' driven by pin 'interp2/core_3/sub_4467/Z_0' has no loads. (LINT-2)
Warning: In design 'ToomCook1024', net 'interp2/core_3/net160283' driven by pin 'interp2/core_3/add_4458/Z_0' has no loads. (LINT-2)
Warning: In design 'ToomCook1024', net 'interp2/core_3/net160282' driven by pin 'interp2/core_3/add_4452/Z_0' has no loads. (LINT-2)
Warning: In design 'ToomCook1024', net 'interp2/core_3/net160281' driven by pin 'interp2/core_3/sub_4448/Z_0' has no loads. (LINT-2)
Warning: In design 'ToomCook1024', net 'interp2/core_3/net160280' driven by pin 'interp2/core_3/sub_4448/Z_1' has no loads. (LINT-2)
Warning: In design 'ToomCook1024', net 'interp2/core_3/net160279' driven by pin 'interp2/core_3/sub_4448/Z_2' has no loads. (LINT-2)
Warning: In design 'ToomCook1024', net 'interp2/core_3/net160278' driven by pin 'interp2/core_3/sub_4416/Z_0' has no loads. (LINT-2)
Warning: In design 'ToomCook1024', net 'interp2/core_4/net164591' driven by pin 'interp2/core_4/sub_4467/Z_0' has no loads. (LINT-2)
Warning: In design 'ToomCook1024', net 'interp2/core_4/net164590' driven by pin 'interp2/core_4/add_4458/Z_0' has no loads. (LINT-2)
Warning: In design 'ToomCook1024', net 'interp2/core_4/net164589' driven by pin 'interp2/core_4/add_4452/Z_0' has no loads. (LINT-2)
Warning: In design 'ToomCook1024', net 'interp2/core_4/net164588' driven by pin 'interp2/core_4/sub_4448/Z_0' has no loads. (LINT-2)
Warning: In design 'ToomCook1024', net 'interp2/core_4/net164587' driven by pin 'interp2/core_4/sub_4448/Z_1' has no loads. (LINT-2)
Warning: In design 'ToomCook1024', net 'interp2/core_4/net164586' driven by pin 'interp2/core_4/sub_4448/Z_2' has no loads. (LINT-2)
Warning: In design 'ToomCook1024', net 'interp2/core_4/net164585' driven by pin 'interp2/core_4/sub_4416/Z_0' has no loads. (LINT-2)
Warning: In design 'ToomCook1024', net 'interp2/core_5/net168898' driven by pin 'interp2/core_5/sub_4467/Z_0' has no loads. (LINT-2)
Warning: In design 'ToomCook1024', net 'interp2/core_5/net168897' driven by pin 'interp2/core_5/add_4458/Z_0' has no loads. (LINT-2)
Warning: In design 'ToomCook1024', net 'interp2/core_5/net168896' driven by pin 'interp2/core_5/add_4452/Z_0' has no loads. (LINT-2)
Warning: In design 'ToomCook1024', net 'interp2/core_5/net168895' driven by pin 'interp2/core_5/sub_4448/Z_0' has no loads. (LINT-2)
Warning: In design 'ToomCook1024', net 'interp2/core_5/net168894' driven by pin 'interp2/core_5/sub_4448/Z_1' has no loads. (LINT-2)
Warning: In design 'ToomCook1024', net 'interp2/core_5/net168893' driven by pin 'interp2/core_5/sub_4448/Z_2' has no loads. (LINT-2)
Warning: In design 'ToomCook1024', net 'interp2/core_5/net168892' driven by pin 'interp2/core_5/sub_4416/Z_0' has no loads. (LINT-2)
Warning: In design 'ToomCook1024', net 'interp2/core_6/net173205' driven by pin 'interp2/core_6/sub_4467/Z_0' has no loads. (LINT-2)
Warning: In design 'ToomCook1024', net 'interp2/core_6/net173204' driven by pin 'interp2/core_6/add_4458/Z_0' has no loads. (LINT-2)
Warning: In design 'ToomCook1024', net 'interp2/core_6/net173203' driven by pin 'interp2/core_6/add_4452/Z_0' has no loads. (LINT-2)
Warning: In design 'ToomCook1024', net 'interp2/core_6/net173202' driven by pin 'interp2/core_6/sub_4448/Z_0' has no loads. (LINT-2)
Warning: In design 'ToomCook1024', net 'interp2/core_6/net173201' driven by pin 'interp2/core_6/sub_4448/Z_1' has no loads. (LINT-2)
Warning: In design 'ToomCook1024', net 'interp2/core_6/net173200' driven by pin 'interp2/core_6/sub_4448/Z_2' has no loads. (LINT-2)
Warning: In design 'ToomCook1024', net 'interp2/core_6/net173199' driven by pin 'interp2/core_6/sub_4416/Z_0' has no loads. (LINT-2)
Warning: In design 'ToomCook1024', net 'interp2/core_7/net177512' driven by pin 'interp2/core_7/sub_4467/Z_0' has no loads. (LINT-2)
Warning: In design 'ToomCook1024', net 'interp2/core_7/net177511' driven by pin 'interp2/core_7/add_4458/Z_0' has no loads. (LINT-2)
Warning: In design 'ToomCook1024', net 'interp2/core_7/net177510' driven by pin 'interp2/core_7/add_4452/Z_0' has no loads. (LINT-2)
Warning: In design 'ToomCook1024', net 'interp2/core_7/net177509' driven by pin 'interp2/core_7/sub_4448/Z_0' has no loads. (LINT-2)
Warning: In design 'ToomCook1024', net 'interp2/core_7/net177508' driven by pin 'interp2/core_7/sub_4448/Z_1' has no loads. (LINT-2)
Warning: In design 'ToomCook1024', net 'interp2/core_7/net177507' driven by pin 'interp2/core_7/sub_4448/Z_2' has no loads. (LINT-2)
Warning: In design 'ToomCook1024', net 'interp2/core_7/net177506' driven by pin 'interp2/core_7/sub_4416/Z_0' has no loads. (LINT-2)
Warning: In design 'ToomCook1024', net 'interp2/core_8/net181819' driven by pin 'interp2/core_8/sub_4467/Z_0' has no loads. (LINT-2)
Warning: In design 'ToomCook1024', net 'interp2/core_8/net181818' driven by pin 'interp2/core_8/add_4458/Z_0' has no loads. (LINT-2)
Warning: In design 'ToomCook1024', net 'interp2/core_8/net181817' driven by pin 'interp2/core_8/add_4452/Z_0' has no loads. (LINT-2)
Warning: In design 'ToomCook1024', net 'interp2/core_8/net181816' driven by pin 'interp2/core_8/sub_4448/Z_0' has no loads. (LINT-2)
Warning: In design 'ToomCook1024', net 'interp2/core_8/net181815' driven by pin 'interp2/core_8/sub_4448/Z_1' has no loads. (LINT-2)
Warning: In design 'ToomCook1024', net 'interp2/core_8/net181814' driven by pin 'interp2/core_8/sub_4448/Z_2' has no loads. (LINT-2)
Warning: In design 'ToomCook1024', net 'interp2/core_8/net181813' driven by pin 'interp2/core_8/sub_4416/Z_0' has no loads. (LINT-2)
Warning: In design 'ToomCook1024', net 'interp2/core_9/net186126' driven by pin 'interp2/core_9/sub_4467/Z_0' has no loads. (LINT-2)
Warning: In design 'ToomCook1024', net 'interp2/core_9/net186125' driven by pin 'interp2/core_9/add_4458/Z_0' has no loads. (LINT-2)
Warning: In design 'ToomCook1024', net 'interp2/core_9/net186124' driven by pin 'interp2/core_9/add_4452/Z_0' has no loads. (LINT-2)
Warning: In design 'ToomCook1024', net 'interp2/core_9/net186123' driven by pin 'interp2/core_9/sub_4448/Z_0' has no loads. (LINT-2)
Warning: In design 'ToomCook1024', net 'interp2/core_9/net186122' driven by pin 'interp2/core_9/sub_4448/Z_1' has no loads. (LINT-2)
Warning: In design 'ToomCook1024', net 'interp2/core_9/net186121' driven by pin 'interp2/core_9/sub_4448/Z_2' has no loads. (LINT-2)
Warning: In design 'ToomCook1024', net 'interp2/core_9/net186120' driven by pin 'interp2/core_9/sub_4416/Z_0' has no loads. (LINT-2)
Warning: In design 'ToomCook1024', net 'interp2/core_10/net190433' driven by pin 'interp2/core_10/sub_4467/Z_0' has no loads. (LINT-2)
Warning: In design 'ToomCook1024', net 'interp2/core_10/net190432' driven by pin 'interp2/core_10/add_4458/Z_0' has no loads. (LINT-2)
Warning: In design 'ToomCook1024', net 'interp2/core_10/net190431' driven by pin 'interp2/core_10/add_4452/Z_0' has no loads. (LINT-2)
Warning: In design 'ToomCook1024', net 'interp2/core_10/net190430' driven by pin 'interp2/core_10/sub_4448/Z_0' has no loads. (LINT-2)
Warning: In design 'ToomCook1024', net 'interp2/core_10/net190429' driven by pin 'interp2/core_10/sub_4448/Z_1' has no loads. (LINT-2)
Warning: In design 'ToomCook1024', net 'interp2/core_10/net190428' driven by pin 'interp2/core_10/sub_4448/Z_2' has no loads. (LINT-2)
Warning: In design 'ToomCook1024', net 'interp2/core_10/net190427' driven by pin 'interp2/core_10/sub_4416/Z_0' has no loads. (LINT-2)
Warning: In design 'ToomCook1024', net 'interp2/core_11/net194740' driven by pin 'interp2/core_11/sub_4467/Z_0' has no loads. (LINT-2)
Warning: In design 'ToomCook1024', net 'interp2/core_11/net194739' driven by pin 'interp2/core_11/add_4458/Z_0' has no loads. (LINT-2)
Warning: In design 'ToomCook1024', net 'interp2/core_11/net194738' driven by pin 'interp2/core_11/add_4452/Z_0' has no loads. (LINT-2)
Warning: In design 'ToomCook1024', net 'interp2/core_11/net194737' driven by pin 'interp2/core_11/sub_4448/Z_0' has no loads. (LINT-2)
Warning: In design 'ToomCook1024', net 'interp2/core_11/net194736' driven by pin 'interp2/core_11/sub_4448/Z_1' has no loads. (LINT-2)
Warning: In design 'ToomCook1024', net 'interp2/core_11/net194735' driven by pin 'interp2/core_11/sub_4448/Z_2' has no loads. (LINT-2)
Warning: In design 'ToomCook1024', net 'interp2/core_11/net194734' driven by pin 'interp2/core_11/sub_4416/Z_0' has no loads. (LINT-2)
Warning: In design 'ToomCook1024', net 'interp2/core_12/net199047' driven by pin 'interp2/core_12/sub_4467/Z_0' has no loads. (LINT-2)
Warning: In design 'ToomCook1024', net 'interp2/core_12/net199046' driven by pin 'interp2/core_12/add_4458/Z_0' has no loads. (LINT-2)
Warning: In design 'ToomCook1024', net 'interp2/core_12/net199045' driven by pin 'interp2/core_12/add_4452/Z_0' has no loads. (LINT-2)
Warning: In design 'ToomCook1024', net 'interp2/core_12/net199044' driven by pin 'interp2/core_12/sub_4448/Z_0' has no loads. (LINT-2)
Warning: In design 'ToomCook1024', net 'interp2/core_12/net199043' driven by pin 'interp2/core_12/sub_4448/Z_1' has no loads. (LINT-2)
Warning: In design 'ToomCook1024', net 'interp2/core_12/net199042' driven by pin 'interp2/core_12/sub_4448/Z_2' has no loads. (LINT-2)
Warning: In design 'ToomCook1024', net 'interp2/core_12/net199041' driven by pin 'interp2/core_12/sub_4416/Z_0' has no loads. (LINT-2)
Warning: In design 'ToomCook1024', net 'interp2/core_13/net203354' driven by pin 'interp2/core_13/sub_4467/Z_0' has no loads. (LINT-2)
Warning: In design 'ToomCook1024', net 'interp2/core_13/net203353' driven by pin 'interp2/core_13/add_4458/Z_0' has no loads. (LINT-2)
Warning: In design 'ToomCook1024', net 'interp2/core_13/net203352' driven by pin 'interp2/core_13/add_4452/Z_0' has no loads. (LINT-2)
Warning: In design 'ToomCook1024', net 'interp2/core_13/net203351' driven by pin 'interp2/core_13/sub_4448/Z_0' has no loads. (LINT-2)
Warning: In design 'ToomCook1024', net 'interp2/core_13/net203350' driven by pin 'interp2/core_13/sub_4448/Z_1' has no loads. (LINT-2)
Warning: In design 'ToomCook1024', net 'interp2/core_13/net203349' driven by pin 'interp2/core_13/sub_4448/Z_2' has no loads. (LINT-2)
Warning: In design 'ToomCook1024', net 'interp2/core_13/net203348' driven by pin 'interp2/core_13/sub_4416/Z_0' has no loads. (LINT-2)
Warning: In design 'ToomCook1024', net 'interp2/core_14/net207661' driven by pin 'interp2/core_14/sub_4467/Z_0' has no loads. (LINT-2)
Warning: In design 'ToomCook1024', net 'interp2/core_14/net207660' driven by pin 'interp2/core_14/add_4458/Z_0' has no loads. (LINT-2)
Warning: In design 'ToomCook1024', net 'interp2/core_14/net207659' driven by pin 'interp2/core_14/add_4452/Z_0' has no loads. (LINT-2)
Warning: In design 'ToomCook1024', net 'interp2/core_14/net207658' driven by pin 'interp2/core_14/sub_4448/Z_0' has no loads. (LINT-2)
Warning: In design 'ToomCook1024', net 'interp2/core_14/net207657' driven by pin 'interp2/core_14/sub_4448/Z_1' has no loads. (LINT-2)
Warning: In design 'ToomCook1024', net 'interp2/core_14/net207656' driven by pin 'interp2/core_14/sub_4448/Z_2' has no loads. (LINT-2)
Warning: In design 'ToomCook1024', net 'interp2/core_14/net207655' driven by pin 'interp2/core_14/sub_4416/Z_0' has no loads. (LINT-2)
Warning: In design 'ToomCook1024', net 'interp2/core_15/net211968' driven by pin 'interp2/core_15/sub_4467/Z_0' has no loads. (LINT-2)
Warning: In design 'ToomCook1024', net 'interp2/core_15/net211967' driven by pin 'interp2/core_15/add_4458/Z_0' has no loads. (LINT-2)
Warning: In design 'ToomCook1024', net 'interp2/core_15/net211966' driven by pin 'interp2/core_15/add_4452/Z_0' has no loads. (LINT-2)
Warning: In design 'ToomCook1024', net 'interp2/core_15/net211965' driven by pin 'interp2/core_15/sub_4448/Z_0' has no loads. (LINT-2)
Warning: In design 'ToomCook1024', net 'interp2/core_15/net211964' driven by pin 'interp2/core_15/sub_4448/Z_1' has no loads. (LINT-2)
Warning: In design 'ToomCook1024', net 'interp2/core_15/net211963' driven by pin 'interp2/core_15/sub_4448/Z_2' has no loads. (LINT-2)
Warning: In design 'ToomCook1024', net 'interp2/core_15/net211962' driven by pin 'interp2/core_15/sub_4416/Z_0' has no loads. (LINT-2)
Warning: In design 'ToomCook1024', net 'interp3/core_1/net220137' driven by pin 'interp3/core_1/sub_5540/Z_0' has no loads. (LINT-2)
Warning: In design 'ToomCook1024', net 'interp3/core_1/net220136' driven by pin 'interp3/core_1/add_5531/Z_0' has no loads. (LINT-2)
Warning: In design 'ToomCook1024', net 'interp3/core_1/net220135' driven by pin 'interp3/core_1/add_5525/Z_0' has no loads. (LINT-2)
Warning: In design 'ToomCook1024', net 'interp3/core_1/net220134' driven by pin 'interp3/core_1/sub_5521/Z_0' has no loads. (LINT-2)
Warning: In design 'ToomCook1024', net 'interp3/core_1/net220133' driven by pin 'interp3/core_1/sub_5521/Z_1' has no loads. (LINT-2)
Warning: In design 'ToomCook1024', net 'interp3/core_1/net220132' driven by pin 'interp3/core_1/sub_5521/Z_2' has no loads. (LINT-2)
Warning: In design 'ToomCook1024', net 'interp3/core_1/net220131' driven by pin 'interp3/core_1/sub_5489/Z_0' has no loads. (LINT-2)
Warning: In design 'ToomCook1024', net 'interp3/core_2/net223999' driven by pin 'interp3/core_2/sub_5540/Z_0' has no loads. (LINT-2)
Warning: In design 'ToomCook1024', net 'interp3/core_2/net223998' driven by pin 'interp3/core_2/add_5531/Z_0' has no loads. (LINT-2)
Warning: In design 'ToomCook1024', net 'interp3/core_2/net223997' driven by pin 'interp3/core_2/add_5525/Z_0' has no loads. (LINT-2)
Warning: In design 'ToomCook1024', net 'interp3/core_2/net223996' driven by pin 'interp3/core_2/sub_5521/Z_0' has no loads. (LINT-2)
Warning: In design 'ToomCook1024', net 'interp3/core_2/net223995' driven by pin 'interp3/core_2/sub_5521/Z_1' has no loads. (LINT-2)
Warning: In design 'ToomCook1024', net 'interp3/core_2/net223994' driven by pin 'interp3/core_2/sub_5521/Z_2' has no loads. (LINT-2)
Warning: In design 'ToomCook1024', net 'interp3/core_2/net223993' driven by pin 'interp3/core_2/sub_5489/Z_0' has no loads. (LINT-2)
Warning: In design 'ToomCook1024', net 'interp3/core_3/net227861' driven by pin 'interp3/core_3/sub_5540/Z_0' has no loads. (LINT-2)
Warning: In design 'ToomCook1024', net 'interp3/core_3/net227860' driven by pin 'interp3/core_3/add_5531/Z_0' has no loads. (LINT-2)
Warning: In design 'ToomCook1024', net 'interp3/core_3/net227859' driven by pin 'interp3/core_3/add_5525/Z_0' has no loads. (LINT-2)
Warning: In design 'ToomCook1024', net 'interp3/core_3/net227858' driven by pin 'interp3/core_3/sub_5521/Z_0' has no loads. (LINT-2)
Warning: In design 'ToomCook1024', net 'interp3/core_3/net227857' driven by pin 'interp3/core_3/sub_5521/Z_1' has no loads. (LINT-2)
Warning: In design 'ToomCook1024', net 'interp3/core_3/net227856' driven by pin 'interp3/core_3/sub_5521/Z_2' has no loads. (LINT-2)
Warning: In design 'ToomCook1024', net 'interp3/core_3/net227855' driven by pin 'interp3/core_3/sub_5489/Z_0' has no loads. (LINT-2)
Warning: In design 'ToomCook1024', net 'interp3/core_4/net231723' driven by pin 'interp3/core_4/sub_5540/Z_0' has no loads. (LINT-2)
Warning: In design 'ToomCook1024', net 'interp3/core_4/net231722' driven by pin 'interp3/core_4/add_5531/Z_0' has no loads. (LINT-2)
Warning: In design 'ToomCook1024', net 'interp3/core_4/net231721' driven by pin 'interp3/core_4/add_5525/Z_0' has no loads. (LINT-2)
Warning: In design 'ToomCook1024', net 'interp3/core_4/net231720' driven by pin 'interp3/core_4/sub_5521/Z_0' has no loads. (LINT-2)
Warning: In design 'ToomCook1024', net 'interp3/core_4/net231719' driven by pin 'interp3/core_4/sub_5521/Z_1' has no loads. (LINT-2)
Warning: In design 'ToomCook1024', net 'interp3/core_4/net231718' driven by pin 'interp3/core_4/sub_5521/Z_2' has no loads. (LINT-2)
Warning: In design 'ToomCook1024', net 'interp3/core_4/net231717' driven by pin 'interp3/core_4/sub_5489/Z_0' has no loads. (LINT-2)
Warning: In design 'ToomCook1024', net 'interp3/core_5/net235585' driven by pin 'interp3/core_5/sub_5540/Z_0' has no loads. (LINT-2)
Warning: In design 'ToomCook1024', net 'interp3/core_5/net235584' driven by pin 'interp3/core_5/add_5531/Z_0' has no loads. (LINT-2)
Warning: In design 'ToomCook1024', net 'interp3/core_5/net235583' driven by pin 'interp3/core_5/add_5525/Z_0' has no loads. (LINT-2)
Warning: In design 'ToomCook1024', net 'interp3/core_5/net235582' driven by pin 'interp3/core_5/sub_5521/Z_0' has no loads. (LINT-2)
Warning: In design 'ToomCook1024', net 'interp3/core_5/net235581' driven by pin 'interp3/core_5/sub_5521/Z_1' has no loads. (LINT-2)
Warning: In design 'ToomCook1024', net 'interp3/core_5/net235580' driven by pin 'interp3/core_5/sub_5521/Z_2' has no loads. (LINT-2)
Warning: In design 'ToomCook1024', net 'interp3/core_5/net235579' driven by pin 'interp3/core_5/sub_5489/Z_0' has no loads. (LINT-2)
Warning: In design 'ToomCook1024', net 'interp3/core_6/net239447' driven by pin 'interp3/core_6/sub_5540/Z_0' has no loads. (LINT-2)
Warning: In design 'ToomCook1024', net 'interp3/core_6/net239446' driven by pin 'interp3/core_6/add_5531/Z_0' has no loads. (LINT-2)
Warning: In design 'ToomCook1024', net 'interp3/core_6/net239445' driven by pin 'interp3/core_6/add_5525/Z_0' has no loads. (LINT-2)
Warning: In design 'ToomCook1024', net 'interp3/core_6/net239444' driven by pin 'interp3/core_6/sub_5521/Z_0' has no loads. (LINT-2)
Warning: In design 'ToomCook1024', net 'interp3/core_6/net239443' driven by pin 'interp3/core_6/sub_5521/Z_1' has no loads. (LINT-2)
Warning: In design 'ToomCook1024', net 'interp3/core_6/net239442' driven by pin 'interp3/core_6/sub_5521/Z_2' has no loads. (LINT-2)
Warning: In design 'ToomCook1024', net 'interp3/core_6/net239441' driven by pin 'interp3/core_6/sub_5489/Z_0' has no loads. (LINT-2)
Warning: In design 'ToomCook1024', net 'interp3/core_7/net243309' driven by pin 'interp3/core_7/sub_5540/Z_0' has no loads. (LINT-2)
Warning: In design 'ToomCook1024', net 'interp3/core_7/net243308' driven by pin 'interp3/core_7/add_5531/Z_0' has no loads. (LINT-2)
Warning: In design 'ToomCook1024', net 'interp3/core_7/net243307' driven by pin 'interp3/core_7/add_5525/Z_0' has no loads. (LINT-2)
Warning: In design 'ToomCook1024', net 'interp3/core_7/net243306' driven by pin 'interp3/core_7/sub_5521/Z_0' has no loads. (LINT-2)
Warning: In design 'ToomCook1024', net 'interp3/core_7/net243305' driven by pin 'interp3/core_7/sub_5521/Z_1' has no loads. (LINT-2)
Warning: In design 'ToomCook1024', net 'interp3/core_7/net243304' driven by pin 'interp3/core_7/sub_5521/Z_2' has no loads. (LINT-2)
Warning: In design 'ToomCook1024', net 'interp3/core_7/net243303' driven by pin 'interp3/core_7/sub_5489/Z_0' has no loads. (LINT-2)
Warning: In design 'ToomCook1024', net 'interp3/core_8/net247171' driven by pin 'interp3/core_8/sub_5540/Z_0' has no loads. (LINT-2)
Warning: In design 'ToomCook1024', net 'interp3/core_8/net247170' driven by pin 'interp3/core_8/add_5531/Z_0' has no loads. (LINT-2)
Warning: In design 'ToomCook1024', net 'interp3/core_8/net247169' driven by pin 'interp3/core_8/add_5525/Z_0' has no loads. (LINT-2)
Warning: In design 'ToomCook1024', net 'interp3/core_8/net247168' driven by pin 'interp3/core_8/sub_5521/Z_0' has no loads. (LINT-2)
Warning: In design 'ToomCook1024', net 'interp3/core_8/net247167' driven by pin 'interp3/core_8/sub_5521/Z_1' has no loads. (LINT-2)
Warning: In design 'ToomCook1024', net 'interp3/core_8/net247166' driven by pin 'interp3/core_8/sub_5521/Z_2' has no loads. (LINT-2)
Warning: In design 'ToomCook1024', net 'interp3/core_8/net247165' driven by pin 'interp3/core_8/sub_5489/Z_0' has no loads. (LINT-2)
Warning: In design 'ToomCook1024', net 'interp3/core_9/net251033' driven by pin 'interp3/core_9/sub_5540/Z_0' has no loads. (LINT-2)
Warning: In design 'ToomCook1024', net 'interp3/core_9/net251032' driven by pin 'interp3/core_9/add_5531/Z_0' has no loads. (LINT-2)
Warning: In design 'ToomCook1024', net 'interp3/core_9/net251031' driven by pin 'interp3/core_9/add_5525/Z_0' has no loads. (LINT-2)
Warning: In design 'ToomCook1024', net 'interp3/core_9/net251030' driven by pin 'interp3/core_9/sub_5521/Z_0' has no loads. (LINT-2)
Warning: In design 'ToomCook1024', net 'interp3/core_9/net251029' driven by pin 'interp3/core_9/sub_5521/Z_1' has no loads. (LINT-2)
Warning: In design 'ToomCook1024', net 'interp3/core_9/net251028' driven by pin 'interp3/core_9/sub_5521/Z_2' has no loads. (LINT-2)
Warning: In design 'ToomCook1024', net 'interp3/core_9/net251027' driven by pin 'interp3/core_9/sub_5489/Z_0' has no loads. (LINT-2)
Warning: In design 'ToomCook1024', net 'interp3/core_10/net254895' driven by pin 'interp3/core_10/sub_5540/Z_0' has no loads. (LINT-2)
Warning: In design 'ToomCook1024', net 'interp3/core_10/net254894' driven by pin 'interp3/core_10/add_5531/Z_0' has no loads. (LINT-2)
Warning: In design 'ToomCook1024', net 'interp3/core_10/net254893' driven by pin 'interp3/core_10/add_5525/Z_0' has no loads. (LINT-2)
Warning: In design 'ToomCook1024', net 'interp3/core_10/net254892' driven by pin 'interp3/core_10/sub_5521/Z_0' has no loads. (LINT-2)
Warning: In design 'ToomCook1024', net 'interp3/core_10/net254891' driven by pin 'interp3/core_10/sub_5521/Z_1' has no loads. (LINT-2)
Warning: In design 'ToomCook1024', net 'interp3/core_10/net254890' driven by pin 'interp3/core_10/sub_5521/Z_2' has no loads. (LINT-2)
Warning: In design 'ToomCook1024', net 'interp3/core_10/net254889' driven by pin 'interp3/core_10/sub_5489/Z_0' has no loads. (LINT-2)
Warning: In design 'ToomCook1024', net 'interp3/core_11/net258757' driven by pin 'interp3/core_11/sub_5540/Z_0' has no loads. (LINT-2)
Warning: In design 'ToomCook1024', net 'interp3/core_11/net258756' driven by pin 'interp3/core_11/add_5531/Z_0' has no loads. (LINT-2)
Warning: In design 'ToomCook1024', net 'interp3/core_11/net258755' driven by pin 'interp3/core_11/add_5525/Z_0' has no loads. (LINT-2)
Warning: In design 'ToomCook1024', net 'interp3/core_11/net258754' driven by pin 'interp3/core_11/sub_5521/Z_0' has no loads. (LINT-2)
Warning: In design 'ToomCook1024', net 'interp3/core_11/net258753' driven by pin 'interp3/core_11/sub_5521/Z_1' has no loads. (LINT-2)
Warning: In design 'ToomCook1024', net 'interp3/core_11/net258752' driven by pin 'interp3/core_11/sub_5521/Z_2' has no loads. (LINT-2)
Warning: In design 'ToomCook1024', net 'interp3/core_11/net258751' driven by pin 'interp3/core_11/sub_5489/Z_0' has no loads. (LINT-2)
Warning: In design 'ToomCook1024', net 'interp3/core_12/net262619' driven by pin 'interp3/core_12/sub_5540/Z_0' has no loads. (LINT-2)
Warning: In design 'ToomCook1024', net 'interp3/core_12/net262618' driven by pin 'interp3/core_12/add_5531/Z_0' has no loads. (LINT-2)
Warning: In design 'ToomCook1024', net 'interp3/core_12/net262617' driven by pin 'interp3/core_12/add_5525/Z_0' has no loads. (LINT-2)
Warning: In design 'ToomCook1024', net 'interp3/core_12/net262616' driven by pin 'interp3/core_12/sub_5521/Z_0' has no loads. (LINT-2)
Warning: In design 'ToomCook1024', net 'interp3/core_12/net262615' driven by pin 'interp3/core_12/sub_5521/Z_1' has no loads. (LINT-2)
Warning: In design 'ToomCook1024', net 'interp3/core_12/net262614' driven by pin 'interp3/core_12/sub_5521/Z_2' has no loads. (LINT-2)
Warning: In design 'ToomCook1024', net 'interp3/core_12/net262613' driven by pin 'interp3/core_12/sub_5489/Z_0' has no loads. (LINT-2)
Warning: In design 'ToomCook1024', net 'interp3/core_13/net266481' driven by pin 'interp3/core_13/sub_5540/Z_0' has no loads. (LINT-2)
Warning: In design 'ToomCook1024', net 'interp3/core_13/net266480' driven by pin 'interp3/core_13/add_5531/Z_0' has no loads. (LINT-2)
Warning: In design 'ToomCook1024', net 'interp3/core_13/net266479' driven by pin 'interp3/core_13/add_5525/Z_0' has no loads. (LINT-2)
Warning: In design 'ToomCook1024', net 'interp3/core_13/net266478' driven by pin 'interp3/core_13/sub_5521/Z_0' has no loads. (LINT-2)
Warning: In design 'ToomCook1024', net 'interp3/core_13/net266477' driven by pin 'interp3/core_13/sub_5521/Z_1' has no loads. (LINT-2)
Warning: In design 'ToomCook1024', net 'interp3/core_13/net266476' driven by pin 'interp3/core_13/sub_5521/Z_2' has no loads. (LINT-2)
Warning: In design 'ToomCook1024', net 'interp3/core_13/net266475' driven by pin 'interp3/core_13/sub_5489/Z_0' has no loads. (LINT-2)
Warning: In design 'ToomCook1024', net 'interp3/core_14/net270343' driven by pin 'interp3/core_14/sub_5540/Z_0' has no loads. (LINT-2)
Warning: In design 'ToomCook1024', net 'interp3/core_14/net270342' driven by pin 'interp3/core_14/add_5531/Z_0' has no loads. (LINT-2)
Warning: In design 'ToomCook1024', net 'interp3/core_14/net270341' driven by pin 'interp3/core_14/add_5525/Z_0' has no loads. (LINT-2)
Warning: In design 'ToomCook1024', net 'interp3/core_14/net270340' driven by pin 'interp3/core_14/sub_5521/Z_0' has no loads. (LINT-2)
Warning: In design 'ToomCook1024', net 'interp3/core_14/net270339' driven by pin 'interp3/core_14/sub_5521/Z_1' has no loads. (LINT-2)
Warning: In design 'ToomCook1024', net 'interp3/core_14/net270338' driven by pin 'interp3/core_14/sub_5521/Z_2' has no loads. (LINT-2)
Warning: In design 'ToomCook1024', net 'interp3/core_14/net270337' driven by pin 'interp3/core_14/sub_5489/Z_0' has no loads. (LINT-2)
Warning: In design 'ToomCook1024', net 'interp3/core_15/net274205' driven by pin 'interp3/core_15/sub_5540/Z_0' has no loads. (LINT-2)
Warning: In design 'ToomCook1024', net 'interp3/core_15/net274204' driven by pin 'interp3/core_15/add_5531/Z_0' has no loads. (LINT-2)
Warning: In design 'ToomCook1024', net 'interp3/core_15/net274203' driven by pin 'interp3/core_15/add_5525/Z_0' has no loads. (LINT-2)
Warning: In design 'ToomCook1024', net 'interp3/core_15/net274202' driven by pin 'interp3/core_15/sub_5521/Z_0' has no loads. (LINT-2)
Warning: In design 'ToomCook1024', net 'interp3/core_15/net274201' driven by pin 'interp3/core_15/sub_5521/Z_1' has no loads. (LINT-2)
Warning: In design 'ToomCook1024', net 'interp3/core_15/net274200' driven by pin 'interp3/core_15/sub_5521/Z_2' has no loads. (LINT-2)
Warning: In design 'ToomCook1024', net 'interp3/core_15/net274199' driven by pin 'interp3/core_15/sub_5489/Z_0' has no loads. (LINT-2)
Warning: In design 'ToomCook1024', net 'inBRam/GEN_16x512.u_ram/dout_full[512]' driven by pin 'inBRam/GEN_16x512.u_ram/GEN_SRAM_32x96[5].u_sram/Q[32]' has no loads. (LINT-2)
Warning: In design 'ToomCook1024', net 'inBRam/GEN_16x512.u_ram/dout_full[513]' driven by pin 'inBRam/GEN_16x512.u_ram/GEN_SRAM_32x96[5].u_sram/Q[33]' has no loads. (LINT-2)
Warning: In design 'ToomCook1024', net 'inBRam/GEN_16x512.u_ram/dout_full[514]' driven by pin 'inBRam/GEN_16x512.u_ram/GEN_SRAM_32x96[5].u_sram/Q[34]' has no loads. (LINT-2)
Warning: In design 'ToomCook1024', net 'inBRam/GEN_16x512.u_ram/dout_full[515]' driven by pin 'inBRam/GEN_16x512.u_ram/GEN_SRAM_32x96[5].u_sram/Q[35]' has no loads. (LINT-2)
Warning: In design 'ToomCook1024', net 'inBRam/GEN_16x512.u_ram/dout_full[516]' driven by pin 'inBRam/GEN_16x512.u_ram/GEN_SRAM_32x96[5].u_sram/Q[36]' has no loads. (LINT-2)
Warning: In design 'ToomCook1024', net 'inBRam/GEN_16x512.u_ram/dout_full[517]' driven by pin 'inBRam/GEN_16x512.u_ram/GEN_SRAM_32x96[5].u_sram/Q[37]' has no loads. (LINT-2)
Warning: In design 'ToomCook1024', net 'inBRam/GEN_16x512.u_ram/dout_full[518]' driven by pin 'inBRam/GEN_16x512.u_ram/GEN_SRAM_32x96[5].u_sram/Q[38]' has no loads. (LINT-2)
Warning: In design 'ToomCook1024', net 'inBRam/GEN_16x512.u_ram/dout_full[519]' driven by pin 'inBRam/GEN_16x512.u_ram/GEN_SRAM_32x96[5].u_sram/Q[39]' has no loads. (LINT-2)
Warning: In design 'ToomCook1024', net 'inBRam/GEN_16x512.u_ram/dout_full[520]' driven by pin 'inBRam/GEN_16x512.u_ram/GEN_SRAM_32x96[5].u_sram/Q[40]' has no loads. (LINT-2)
Warning: In design 'ToomCook1024', net 'inBRam/GEN_16x512.u_ram/dout_full[521]' driven by pin 'inBRam/GEN_16x512.u_ram/GEN_SRAM_32x96[5].u_sram/Q[41]' has no loads. (LINT-2)
Warning: In design 'ToomCook1024', net 'inBRam/GEN_16x512.u_ram/dout_full[522]' driven by pin 'inBRam/GEN_16x512.u_ram/GEN_SRAM_32x96[5].u_sram/Q[42]' has no loads. (LINT-2)
Warning: In design 'ToomCook1024', net 'inBRam/GEN_16x512.u_ram/dout_full[523]' driven by pin 'inBRam/GEN_16x512.u_ram/GEN_SRAM_32x96[5].u_sram/Q[43]' has no loads. (LINT-2)
Warning: In design 'ToomCook1024', net 'inBRam/GEN_16x512.u_ram/dout_full[524]' driven by pin 'inBRam/GEN_16x512.u_ram/GEN_SRAM_32x96[5].u_sram/Q[44]' has no loads. (LINT-2)
Warning: In design 'ToomCook1024', net 'inBRam/GEN_16x512.u_ram/dout_full[525]' driven by pin 'inBRam/GEN_16x512.u_ram/GEN_SRAM_32x96[5].u_sram/Q[45]' has no loads. (LINT-2)
Warning: In design 'ToomCook1024', net 'inBRam/GEN_16x512.u_ram/dout_full[526]' driven by pin 'inBRam/GEN_16x512.u_ram/GEN_SRAM_32x96[5].u_sram/Q[46]' has no loads. (LINT-2)
Warning: In design 'ToomCook1024', net 'inBRam/GEN_16x512.u_ram/dout_full[527]' driven by pin 'inBRam/GEN_16x512.u_ram/GEN_SRAM_32x96[5].u_sram/Q[47]' has no loads. (LINT-2)
Warning: In design 'ToomCook1024', net 'inBRam/GEN_16x512.u_ram/dout_full[528]' driven by pin 'inBRam/GEN_16x512.u_ram/GEN_SRAM_32x96[5].u_sram/Q[48]' has no loads. (LINT-2)
Warning: In design 'ToomCook1024', net 'inBRam/GEN_16x512.u_ram/dout_full[529]' driven by pin 'inBRam/GEN_16x512.u_ram/GEN_SRAM_32x96[5].u_sram/Q[49]' has no loads. (LINT-2)
Warning: In design 'ToomCook1024', net 'inBRam/GEN_16x512.u_ram/dout_full[530]' driven by pin 'inBRam/GEN_16x512.u_ram/GEN_SRAM_32x96[5].u_sram/Q[50]' has no loads. (LINT-2)
Warning: In design 'ToomCook1024', net 'inBRam/GEN_16x512.u_ram/dout_full[531]' driven by pin 'inBRam/GEN_16x512.u_ram/GEN_SRAM_32x96[5].u_sram/Q[51]' has no loads. (LINT-2)
Warning: In design 'ToomCook1024', net 'inBRam/GEN_16x512.u_ram/dout_full[532]' driven by pin 'inBRam/GEN_16x512.u_ram/GEN_SRAM_32x96[5].u_sram/Q[52]' has no loads. (LINT-2)
Warning: In design 'ToomCook1024', net 'inBRam/GEN_16x512.u_ram/dout_full[533]' driven by pin 'inBRam/GEN_16x512.u_ram/GEN_SRAM_32x96[5].u_sram/Q[53]' has no loads. (LINT-2)
Warning: In design 'ToomCook1024', net 'inBRam/GEN_16x512.u_ram/dout_full[534]' driven by pin 'inBRam/GEN_16x512.u_ram/GEN_SRAM_32x96[5].u_sram/Q[54]' has no loads. (LINT-2)
Warning: In design 'ToomCook1024', net 'inBRam/GEN_16x512.u_ram/dout_full[535]' driven by pin 'inBRam/GEN_16x512.u_ram/GEN_SRAM_32x96[5].u_sram/Q[55]' has no loads. (LINT-2)
Warning: In design 'ToomCook1024', net 'inBRam/GEN_16x512.u_ram/dout_full[536]' driven by pin 'inBRam/GEN_16x512.u_ram/GEN_SRAM_32x96[5].u_sram/Q[56]' has no loads. (LINT-2)
Warning: In design 'ToomCook1024', net 'inBRam/GEN_16x512.u_ram/dout_full[537]' driven by pin 'inBRam/GEN_16x512.u_ram/GEN_SRAM_32x96[5].u_sram/Q[57]' has no loads. (LINT-2)
Warning: In design 'ToomCook1024', net 'inBRam/GEN_16x512.u_ram/dout_full[538]' driven by pin 'inBRam/GEN_16x512.u_ram/GEN_SRAM_32x96[5].u_sram/Q[58]' has no loads. (LINT-2)
Warning: In design 'ToomCook1024', net 'inBRam/GEN_16x512.u_ram/dout_full[539]' driven by pin 'inBRam/GEN_16x512.u_ram/GEN_SRAM_32x96[5].u_sram/Q[59]' has no loads. (LINT-2)
Warning: In design 'ToomCook1024', net 'inBRam/GEN_16x512.u_ram/dout_full[540]' driven by pin 'inBRam/GEN_16x512.u_ram/GEN_SRAM_32x96[5].u_sram/Q[60]' has no loads. (LINT-2)
Warning: In design 'ToomCook1024', net 'inBRam/GEN_16x512.u_ram/dout_full[541]' driven by pin 'inBRam/GEN_16x512.u_ram/GEN_SRAM_32x96[5].u_sram/Q[61]' has no loads. (LINT-2)
Warning: In design 'ToomCook1024', net 'inBRam/GEN_16x512.u_ram/dout_full[542]' driven by pin 'inBRam/GEN_16x512.u_ram/GEN_SRAM_32x96[5].u_sram/Q[62]' has no loads. (LINT-2)
Warning: In design 'ToomCook1024', net 'inBRam/GEN_16x512.u_ram/dout_full[543]' driven by pin 'inBRam/GEN_16x512.u_ram/GEN_SRAM_32x96[5].u_sram/Q[63]' has no loads. (LINT-2)
Warning: In design 'ToomCook1024', net 'inBRam/GEN_16x512.u_ram/dout_full[544]' driven by pin 'inBRam/GEN_16x512.u_ram/GEN_SRAM_32x96[5].u_sram/Q[64]' has no loads. (LINT-2)
Warning: In design 'ToomCook1024', net 'inBRam/GEN_16x512.u_ram/dout_full[545]' driven by pin 'inBRam/GEN_16x512.u_ram/GEN_SRAM_32x96[5].u_sram/Q[65]' has no loads. (LINT-2)
Warning: In design 'ToomCook1024', net 'inBRam/GEN_16x512.u_ram/dout_full[546]' driven by pin 'inBRam/GEN_16x512.u_ram/GEN_SRAM_32x96[5].u_sram/Q[66]' has no loads. (LINT-2)
Warning: In design 'ToomCook1024', net 'inBRam/GEN_16x512.u_ram/dout_full[547]' driven by pin 'inBRam/GEN_16x512.u_ram/GEN_SRAM_32x96[5].u_sram/Q[67]' has no loads. (LINT-2)
Warning: In design 'ToomCook1024', net 'inBRam/GEN_16x512.u_ram/dout_full[548]' driven by pin 'inBRam/GEN_16x512.u_ram/GEN_SRAM_32x96[5].u_sram/Q[68]' has no loads. (LINT-2)
Warning: In design 'ToomCook1024', net 'inBRam/GEN_16x512.u_ram/dout_full[549]' driven by pin 'inBRam/GEN_16x512.u_ram/GEN_SRAM_32x96[5].u_sram/Q[69]' has no loads. (LINT-2)
Warning: In design 'ToomCook1024', net 'inBRam/GEN_16x512.u_ram/dout_full[550]' driven by pin 'inBRam/GEN_16x512.u_ram/GEN_SRAM_32x96[5].u_sram/Q[70]' has no loads. (LINT-2)
Warning: In design 'ToomCook1024', net 'inBRam/GEN_16x512.u_ram/dout_full[551]' driven by pin 'inBRam/GEN_16x512.u_ram/GEN_SRAM_32x96[5].u_sram/Q[71]' has no loads. (LINT-2)
Warning: In design 'ToomCook1024', net 'inBRam/GEN_16x512.u_ram/dout_full[552]' driven by pin 'inBRam/GEN_16x512.u_ram/GEN_SRAM_32x96[5].u_sram/Q[72]' has no loads. (LINT-2)
Warning: In design 'ToomCook1024', net 'inBRam/GEN_16x512.u_ram/dout_full[553]' driven by pin 'inBRam/GEN_16x512.u_ram/GEN_SRAM_32x96[5].u_sram/Q[73]' has no loads. (LINT-2)
Warning: In design 'ToomCook1024', net 'inBRam/GEN_16x512.u_ram/dout_full[554]' driven by pin 'inBRam/GEN_16x512.u_ram/GEN_SRAM_32x96[5].u_sram/Q[74]' has no loads. (LINT-2)
Warning: In design 'ToomCook1024', net 'inBRam/GEN_16x512.u_ram/dout_full[555]' driven by pin 'inBRam/GEN_16x512.u_ram/GEN_SRAM_32x96[5].u_sram/Q[75]' has no loads. (LINT-2)
Warning: In design 'ToomCook1024', net 'inBRam/GEN_16x512.u_ram/dout_full[556]' driven by pin 'inBRam/GEN_16x512.u_ram/GEN_SRAM_32x96[5].u_sram/Q[76]' has no loads. (LINT-2)
Warning: In design 'ToomCook1024', net 'inBRam/GEN_16x512.u_ram/dout_full[557]' driven by pin 'inBRam/GEN_16x512.u_ram/GEN_SRAM_32x96[5].u_sram/Q[77]' has no loads. (LINT-2)
Warning: In design 'ToomCook1024', net 'inBRam/GEN_16x512.u_ram/dout_full[558]' driven by pin 'inBRam/GEN_16x512.u_ram/GEN_SRAM_32x96[5].u_sram/Q[78]' has no loads. (LINT-2)
Warning: In design 'ToomCook1024', net 'inBRam/GEN_16x512.u_ram/dout_full[559]' driven by pin 'inBRam/GEN_16x512.u_ram/GEN_SRAM_32x96[5].u_sram/Q[79]' has no loads. (LINT-2)
Warning: In design 'ToomCook1024', net 'inBRam/GEN_16x512.u_ram/dout_full[560]' driven by pin 'inBRam/GEN_16x512.u_ram/GEN_SRAM_32x96[5].u_sram/Q[80]' has no loads. (LINT-2)
Warning: In design 'ToomCook1024', net 'inBRam/GEN_16x512.u_ram/dout_full[561]' driven by pin 'inBRam/GEN_16x512.u_ram/GEN_SRAM_32x96[5].u_sram/Q[81]' has no loads. (LINT-2)
Warning: In design 'ToomCook1024', net 'inBRam/GEN_16x512.u_ram/dout_full[562]' driven by pin 'inBRam/GEN_16x512.u_ram/GEN_SRAM_32x96[5].u_sram/Q[82]' has no loads. (LINT-2)
Warning: In design 'ToomCook1024', net 'inBRam/GEN_16x512.u_ram/dout_full[563]' driven by pin 'inBRam/GEN_16x512.u_ram/GEN_SRAM_32x96[5].u_sram/Q[83]' has no loads. (LINT-2)
Warning: In design 'ToomCook1024', net 'inBRam/GEN_16x512.u_ram/dout_full[564]' driven by pin 'inBRam/GEN_16x512.u_ram/GEN_SRAM_32x96[5].u_sram/Q[84]' has no loads. (LINT-2)
Warning: In design 'ToomCook1024', net 'inBRam/GEN_16x512.u_ram/dout_full[565]' driven by pin 'inBRam/GEN_16x512.u_ram/GEN_SRAM_32x96[5].u_sram/Q[85]' has no loads. (LINT-2)
Warning: In design 'ToomCook1024', net 'inBRam/GEN_16x512.u_ram/dout_full[566]' driven by pin 'inBRam/GEN_16x512.u_ram/GEN_SRAM_32x96[5].u_sram/Q[86]' has no loads. (LINT-2)
Warning: In design 'ToomCook1024', net 'inBRam/GEN_16x512.u_ram/dout_full[567]' driven by pin 'inBRam/GEN_16x512.u_ram/GEN_SRAM_32x96[5].u_sram/Q[87]' has no loads. (LINT-2)
Warning: In design 'ToomCook1024', net 'inBRam/GEN_16x512.u_ram/dout_full[568]' driven by pin 'inBRam/GEN_16x512.u_ram/GEN_SRAM_32x96[5].u_sram/Q[88]' has no loads. (LINT-2)
Warning: In design 'ToomCook1024', net 'inBRam/GEN_16x512.u_ram/dout_full[569]' driven by pin 'inBRam/GEN_16x512.u_ram/GEN_SRAM_32x96[5].u_sram/Q[89]' has no loads. (LINT-2)
Warning: In design 'ToomCook1024', net 'inBRam/GEN_16x512.u_ram/dout_full[570]' driven by pin 'inBRam/GEN_16x512.u_ram/GEN_SRAM_32x96[5].u_sram/Q[90]' has no loads. (LINT-2)
Warning: In design 'ToomCook1024', net 'inBRam/GEN_16x512.u_ram/dout_full[571]' driven by pin 'inBRam/GEN_16x512.u_ram/GEN_SRAM_32x96[5].u_sram/Q[91]' has no loads. (LINT-2)
Warning: In design 'ToomCook1024', net 'inBRam/GEN_16x512.u_ram/dout_full[572]' driven by pin 'inBRam/GEN_16x512.u_ram/GEN_SRAM_32x96[5].u_sram/Q[92]' has no loads. (LINT-2)
Warning: In design 'ToomCook1024', net 'inBRam/GEN_16x512.u_ram/dout_full[573]' driven by pin 'inBRam/GEN_16x512.u_ram/GEN_SRAM_32x96[5].u_sram/Q[93]' has no loads. (LINT-2)
Warning: In design 'ToomCook1024', net 'inBRam/GEN_16x512.u_ram/dout_full[574]' driven by pin 'inBRam/GEN_16x512.u_ram/GEN_SRAM_32x96[5].u_sram/Q[94]' has no loads. (LINT-2)
Warning: In design 'ToomCook1024', net 'inBRam/GEN_16x512.u_ram/dout_full[575]' driven by pin 'inBRam/GEN_16x512.u_ram/GEN_SRAM_32x96[5].u_sram/Q[95]' has no loads. (LINT-2)
Warning: In design 'ToomCook1024', net 'evalARam_0/GEN_172x624.u_ram/dout_full[624]' driven by pin 'evalARam_0/GEN_172x624.u_ram/GEN_SRAM_256x96[6].u_sram/Q[48]' has no loads. (LINT-2)
Warning: In design 'ToomCook1024', net 'evalARam_0/GEN_172x624.u_ram/dout_full[625]' driven by pin 'evalARam_0/GEN_172x624.u_ram/GEN_SRAM_256x96[6].u_sram/Q[49]' has no loads. (LINT-2)
Warning: In design 'ToomCook1024', net 'evalARam_0/GEN_172x624.u_ram/dout_full[626]' driven by pin 'evalARam_0/GEN_172x624.u_ram/GEN_SRAM_256x96[6].u_sram/Q[50]' has no loads. (LINT-2)
Warning: In design 'ToomCook1024', net 'evalARam_0/GEN_172x624.u_ram/dout_full[627]' driven by pin 'evalARam_0/GEN_172x624.u_ram/GEN_SRAM_256x96[6].u_sram/Q[51]' has no loads. (LINT-2)
Warning: In design 'ToomCook1024', net 'evalARam_0/GEN_172x624.u_ram/dout_full[628]' driven by pin 'evalARam_0/GEN_172x624.u_ram/GEN_SRAM_256x96[6].u_sram/Q[52]' has no loads. (LINT-2)
Warning: In design 'ToomCook1024', net 'evalARam_0/GEN_172x624.u_ram/dout_full[629]' driven by pin 'evalARam_0/GEN_172x624.u_ram/GEN_SRAM_256x96[6].u_sram/Q[53]' has no loads. (LINT-2)
Warning: In design 'ToomCook1024', net 'evalARam_0/GEN_172x624.u_ram/dout_full[630]' driven by pin 'evalARam_0/GEN_172x624.u_ram/GEN_SRAM_256x96[6].u_sram/Q[54]' has no loads. (LINT-2)
Warning: In design 'ToomCook1024', net 'evalARam_0/GEN_172x624.u_ram/dout_full[631]' driven by pin 'evalARam_0/GEN_172x624.u_ram/GEN_SRAM_256x96[6].u_sram/Q[55]' has no loads. (LINT-2)
Warning: In design 'ToomCook1024', net 'evalARam_0/GEN_172x624.u_ram/dout_full[632]' driven by pin 'evalARam_0/GEN_172x624.u_ram/GEN_SRAM_256x96[6].u_sram/Q[56]' has no loads. (LINT-2)
Warning: In design 'ToomCook1024', net 'evalARam_0/GEN_172x624.u_ram/dout_full[633]' driven by pin 'evalARam_0/GEN_172x624.u_ram/GEN_SRAM_256x96[6].u_sram/Q[57]' has no loads. (LINT-2)
Warning: In design 'ToomCook1024', net 'evalARam_0/GEN_172x624.u_ram/dout_full[634]' driven by pin 'evalARam_0/GEN_172x624.u_ram/GEN_SRAM_256x96[6].u_sram/Q[58]' has no loads. (LINT-2)
Warning: In design 'ToomCook1024', net 'evalARam_0/GEN_172x624.u_ram/dout_full[635]' driven by pin 'evalARam_0/GEN_172x624.u_ram/GEN_SRAM_256x96[6].u_sram/Q[59]' has no loads. (LINT-2)
Warning: In design 'ToomCook1024', net 'evalARam_0/GEN_172x624.u_ram/dout_full[636]' driven by pin 'evalARam_0/GEN_172x624.u_ram/GEN_SRAM_256x96[6].u_sram/Q[60]' has no loads. (LINT-2)
Warning: In design 'ToomCook1024', net 'evalARam_0/GEN_172x624.u_ram/dout_full[637]' driven by pin 'evalARam_0/GEN_172x624.u_ram/GEN_SRAM_256x96[6].u_sram/Q[61]' has no loads. (LINT-2)
Warning: In design 'ToomCook1024', net 'evalARam_0/GEN_172x624.u_ram/dout_full[638]' driven by pin 'evalARam_0/GEN_172x624.u_ram/GEN_SRAM_256x96[6].u_sram/Q[62]' has no loads. (LINT-2)
Warning: In design 'ToomCook1024', net 'evalARam_0/GEN_172x624.u_ram/dout_full[639]' driven by pin 'evalARam_0/GEN_172x624.u_ram/GEN_SRAM_256x96[6].u_sram/Q[63]' has no loads. (LINT-2)
Warning: In design 'ToomCook1024', net 'evalARam_0/GEN_172x624.u_ram/dout_full[640]' driven by pin 'evalARam_0/GEN_172x624.u_ram/GEN_SRAM_256x96[6].u_sram/Q[64]' has no loads. (LINT-2)
Warning: In design 'ToomCook1024', net 'evalARam_0/GEN_172x624.u_ram/dout_full[641]' driven by pin 'evalARam_0/GEN_172x624.u_ram/GEN_SRAM_256x96[6].u_sram/Q[65]' has no loads. (LINT-2)
Warning: In design 'ToomCook1024', net 'evalARam_0/GEN_172x624.u_ram/dout_full[642]' driven by pin 'evalARam_0/GEN_172x624.u_ram/GEN_SRAM_256x96[6].u_sram/Q[66]' has no loads. (LINT-2)
Warning: In design 'ToomCook1024', net 'evalARam_0/GEN_172x624.u_ram/dout_full[643]' driven by pin 'evalARam_0/GEN_172x624.u_ram/GEN_SRAM_256x96[6].u_sram/Q[67]' has no loads. (LINT-2)
Warning: In design 'ToomCook1024', net 'evalARam_0/GEN_172x624.u_ram/dout_full[644]' driven by pin 'evalARam_0/GEN_172x624.u_ram/GEN_SRAM_256x96[6].u_sram/Q[68]' has no loads. (LINT-2)
Warning: In design 'ToomCook1024', net 'evalARam_0/GEN_172x624.u_ram/dout_full[645]' driven by pin 'evalARam_0/GEN_172x624.u_ram/GEN_SRAM_256x96[6].u_sram/Q[69]' has no loads. (LINT-2)
Warning: In design 'ToomCook1024', net 'evalARam_0/GEN_172x624.u_ram/dout_full[646]' driven by pin 'evalARam_0/GEN_172x624.u_ram/GEN_SRAM_256x96[6].u_sram/Q[70]' has no loads. (LINT-2)
Warning: In design 'ToomCook1024', net 'evalARam_0/GEN_172x624.u_ram/dout_full[647]' driven by pin 'evalARam_0/GEN_172x624.u_ram/GEN_SRAM_256x96[6].u_sram/Q[71]' has no loads. (LINT-2)
Warning: In design 'ToomCook1024', net 'evalARam_0/GEN_172x624.u_ram/dout_full[648]' driven by pin 'evalARam_0/GEN_172x624.u_ram/GEN_SRAM_256x96[6].u_sram/Q[72]' has no loads. (LINT-2)
Warning: In design 'ToomCook1024', net 'evalARam_0/GEN_172x624.u_ram/dout_full[649]' driven by pin 'evalARam_0/GEN_172x624.u_ram/GEN_SRAM_256x96[6].u_sram/Q[73]' has no loads. (LINT-2)
Warning: In design 'ToomCook1024', net 'evalARam_0/GEN_172x624.u_ram/dout_full[650]' driven by pin 'evalARam_0/GEN_172x624.u_ram/GEN_SRAM_256x96[6].u_sram/Q[74]' has no loads. (LINT-2)
Warning: In design 'ToomCook1024', net 'evalARam_0/GEN_172x624.u_ram/dout_full[651]' driven by pin 'evalARam_0/GEN_172x624.u_ram/GEN_SRAM_256x96[6].u_sram/Q[75]' has no loads. (LINT-2)
Warning: In design 'ToomCook1024', net 'evalARam_0/GEN_172x624.u_ram/dout_full[652]' driven by pin 'evalARam_0/GEN_172x624.u_ram/GEN_SRAM_256x96[6].u_sram/Q[76]' has no loads. (LINT-2)
Warning: In design 'ToomCook1024', net 'evalARam_0/GEN_172x624.u_ram/dout_full[653]' driven by pin 'evalARam_0/GEN_172x624.u_ram/GEN_SRAM_256x96[6].u_sram/Q[77]' has no loads. (LINT-2)
Warning: In design 'ToomCook1024', net 'evalARam_0/GEN_172x624.u_ram/dout_full[654]' driven by pin 'evalARam_0/GEN_172x624.u_ram/GEN_SRAM_256x96[6].u_sram/Q[78]' has no loads. (LINT-2)
Warning: In design 'ToomCook1024', net 'evalARam_0/GEN_172x624.u_ram/dout_full[655]' driven by pin 'evalARam_0/GEN_172x624.u_ram/GEN_SRAM_256x96[6].u_sram/Q[79]' has no loads. (LINT-2)
Warning: In design 'ToomCook1024', net 'evalARam_0/GEN_172x624.u_ram/dout_full[656]' driven by pin 'evalARam_0/GEN_172x624.u_ram/GEN_SRAM_256x96[6].u_sram/Q[80]' has no loads. (LINT-2)
Warning: In design 'ToomCook1024', net 'evalARam_0/GEN_172x624.u_ram/dout_full[657]' driven by pin 'evalARam_0/GEN_172x624.u_ram/GEN_SRAM_256x96[6].u_sram/Q[81]' has no loads. (LINT-2)
Warning: In design 'ToomCook1024', net 'evalARam_0/GEN_172x624.u_ram/dout_full[658]' driven by pin 'evalARam_0/GEN_172x624.u_ram/GEN_SRAM_256x96[6].u_sram/Q[82]' has no loads. (LINT-2)
Warning: In design 'ToomCook1024', net 'evalARam_0/GEN_172x624.u_ram/dout_full[659]' driven by pin 'evalARam_0/GEN_172x624.u_ram/GEN_SRAM_256x96[6].u_sram/Q[83]' has no loads. (LINT-2)
Warning: In design 'ToomCook1024', net 'evalARam_0/GEN_172x624.u_ram/dout_full[660]' driven by pin 'evalARam_0/GEN_172x624.u_ram/GEN_SRAM_256x96[6].u_sram/Q[84]' has no loads. (LINT-2)
Warning: In design 'ToomCook1024', net 'evalARam_0/GEN_172x624.u_ram/dout_full[661]' driven by pin 'evalARam_0/GEN_172x624.u_ram/GEN_SRAM_256x96[6].u_sram/Q[85]' has no loads. (LINT-2)
Warning: In design 'ToomCook1024', net 'evalARam_0/GEN_172x624.u_ram/dout_full[662]' driven by pin 'evalARam_0/GEN_172x624.u_ram/GEN_SRAM_256x96[6].u_sram/Q[86]' has no loads. (LINT-2)
Warning: In design 'ToomCook1024', net 'evalARam_0/GEN_172x624.u_ram/dout_full[663]' driven by pin 'evalARam_0/GEN_172x624.u_ram/GEN_SRAM_256x96[6].u_sram/Q[87]' has no loads. (LINT-2)
Warning: In design 'ToomCook1024', net 'evalARam_0/GEN_172x624.u_ram/dout_full[664]' driven by pin 'evalARam_0/GEN_172x624.u_ram/GEN_SRAM_256x96[6].u_sram/Q[88]' has no loads. (LINT-2)
Warning: In design 'ToomCook1024', net 'evalARam_0/GEN_172x624.u_ram/dout_full[665]' driven by pin 'evalARam_0/GEN_172x624.u_ram/GEN_SRAM_256x96[6].u_sram/Q[89]' has no loads. (LINT-2)
Warning: In design 'ToomCook1024', net 'evalARam_0/GEN_172x624.u_ram/dout_full[666]' driven by pin 'evalARam_0/GEN_172x624.u_ram/GEN_SRAM_256x96[6].u_sram/Q[90]' has no loads. (LINT-2)
Warning: In design 'ToomCook1024', net 'evalARam_0/GEN_172x624.u_ram/dout_full[667]' driven by pin 'evalARam_0/GEN_172x624.u_ram/GEN_SRAM_256x96[6].u_sram/Q[91]' has no loads. (LINT-2)
Warning: In design 'ToomCook1024', net 'evalARam_0/GEN_172x624.u_ram/dout_full[668]' driven by pin 'evalARam_0/GEN_172x624.u_ram/GEN_SRAM_256x96[6].u_sram/Q[92]' has no loads. (LINT-2)
Warning: In design 'ToomCook1024', net 'evalARam_0/GEN_172x624.u_ram/dout_full[669]' driven by pin 'evalARam_0/GEN_172x624.u_ram/GEN_SRAM_256x96[6].u_sram/Q[93]' has no loads. (LINT-2)
Warning: In design 'ToomCook1024', net 'evalARam_0/GEN_172x624.u_ram/dout_full[670]' driven by pin 'evalARam_0/GEN_172x624.u_ram/GEN_SRAM_256x96[6].u_sram/Q[94]' has no loads. (LINT-2)
Warning: In design 'ToomCook1024', net 'evalARam_0/GEN_172x624.u_ram/dout_full[671]' driven by pin 'evalARam_0/GEN_172x624.u_ram/GEN_SRAM_256x96[6].u_sram/Q[95]' has no loads. (LINT-2)
Warning: In design 'ToomCook1024', net 'evalBRam_0/GEN_172x464.u_ram/dout_full[464]' driven by pin 'evalBRam_0/GEN_172x464.u_ram/GEN_SRAM_256x96[4].u_sram/Q[80]' has no loads. (LINT-2)
Warning: In design 'ToomCook1024', net 'evalBRam_0/GEN_172x464.u_ram/dout_full[465]' driven by pin 'evalBRam_0/GEN_172x464.u_ram/GEN_SRAM_256x96[4].u_sram/Q[81]' has no loads. (LINT-2)
Warning: In design 'ToomCook1024', net 'evalBRam_0/GEN_172x464.u_ram/dout_full[466]' driven by pin 'evalBRam_0/GEN_172x464.u_ram/GEN_SRAM_256x96[4].u_sram/Q[82]' has no loads. (LINT-2)
Warning: In design 'ToomCook1024', net 'evalBRam_0/GEN_172x464.u_ram/dout_full[467]' driven by pin 'evalBRam_0/GEN_172x464.u_ram/GEN_SRAM_256x96[4].u_sram/Q[83]' has no loads. (LINT-2)
Warning: In design 'ToomCook1024', net 'evalBRam_0/GEN_172x464.u_ram/dout_full[468]' driven by pin 'evalBRam_0/GEN_172x464.u_ram/GEN_SRAM_256x96[4].u_sram/Q[84]' has no loads. (LINT-2)
Warning: In design 'ToomCook1024', net 'evalBRam_0/GEN_172x464.u_ram/dout_full[469]' driven by pin 'evalBRam_0/GEN_172x464.u_ram/GEN_SRAM_256x96[4].u_sram/Q[85]' has no loads. (LINT-2)
Warning: In design 'ToomCook1024', net 'evalBRam_0/GEN_172x464.u_ram/dout_full[470]' driven by pin 'evalBRam_0/GEN_172x464.u_ram/GEN_SRAM_256x96[4].u_sram/Q[86]' has no loads. (LINT-2)
Warning: In design 'ToomCook1024', net 'evalBRam_0/GEN_172x464.u_ram/dout_full[471]' driven by pin 'evalBRam_0/GEN_172x464.u_ram/GEN_SRAM_256x96[4].u_sram/Q[87]' has no loads. (LINT-2)
Warning: In design 'ToomCook1024', net 'evalBRam_0/GEN_172x464.u_ram/dout_full[472]' driven by pin 'evalBRam_0/GEN_172x464.u_ram/GEN_SRAM_256x96[4].u_sram/Q[88]' has no loads. (LINT-2)
Warning: In design 'ToomCook1024', net 'evalBRam_0/GEN_172x464.u_ram/dout_full[473]' driven by pin 'evalBRam_0/GEN_172x464.u_ram/GEN_SRAM_256x96[4].u_sram/Q[89]' has no loads. (LINT-2)
Warning: In design 'ToomCook1024', net 'evalBRam_0/GEN_172x464.u_ram/dout_full[474]' driven by pin 'evalBRam_0/GEN_172x464.u_ram/GEN_SRAM_256x96[4].u_sram/Q[90]' has no loads. (LINT-2)
Warning: In design 'ToomCook1024', net 'evalBRam_0/GEN_172x464.u_ram/dout_full[475]' driven by pin 'evalBRam_0/GEN_172x464.u_ram/GEN_SRAM_256x96[4].u_sram/Q[91]' has no loads. (LINT-2)
Warning: In design 'ToomCook1024', net 'evalBRam_0/GEN_172x464.u_ram/dout_full[476]' driven by pin 'evalBRam_0/GEN_172x464.u_ram/GEN_SRAM_256x96[4].u_sram/Q[92]' has no loads. (LINT-2)
Warning: In design 'ToomCook1024', net 'evalBRam_0/GEN_172x464.u_ram/dout_full[477]' driven by pin 'evalBRam_0/GEN_172x464.u_ram/GEN_SRAM_256x96[4].u_sram/Q[93]' has no loads. (LINT-2)
Warning: In design 'ToomCook1024', net 'evalBRam_0/GEN_172x464.u_ram/dout_full[478]' driven by pin 'evalBRam_0/GEN_172x464.u_ram/GEN_SRAM_256x96[4].u_sram/Q[94]' has no loads. (LINT-2)
Warning: In design 'ToomCook1024', net 'evalBRam_0/GEN_172x464.u_ram/dout_full[479]' driven by pin 'evalBRam_0/GEN_172x464.u_ram/GEN_SRAM_256x96[4].u_sram/Q[95]' has no loads. (LINT-2)
Warning: In design 'ToomCook1024', net 'interp1/core/net71395' driven by pin 'interp1/core/sub_3387/Z_0' has no loads. (LINT-2)
Warning: In design 'ToomCook1024', net 'interp1/core/net71394' driven by pin 'interp1/core/add_3378/Z_0' has no loads. (LINT-2)
Warning: In design 'ToomCook1024', net 'interp1/core/net71393' driven by pin 'interp1/core/add_3372/Z_0' has no loads. (LINT-2)
Warning: In design 'ToomCook1024', net 'interp1/core/net71392' driven by pin 'interp1/core/sub_3368/Z_0' has no loads. (LINT-2)
Warning: In design 'ToomCook1024', net 'interp1/core/net71391' driven by pin 'interp1/core/sub_3368/Z_1' has no loads. (LINT-2)
Warning: In design 'ToomCook1024', net 'interp1/core/net71390' driven by pin 'interp1/core/sub_3368/Z_2' has no loads. (LINT-2)
Warning: In design 'ToomCook1024', net 'interp1/core/net71389' driven by pin 'interp1/core/sub_3336/Z_0' has no loads. (LINT-2)
Warning: In design 'ToomCook1024', net 'interp2/core/net147363' driven by pin 'interp2/core/sub_4467/Z_0' has no loads. (LINT-2)
Warning: In design 'ToomCook1024', net 'interp2/core/net147362' driven by pin 'interp2/core/add_4458/Z_0' has no loads. (LINT-2)
Warning: In design 'ToomCook1024', net 'interp2/core/net147361' driven by pin 'interp2/core/add_4452/Z_0' has no loads. (LINT-2)
Warning: In design 'ToomCook1024', net 'interp2/core/net147360' driven by pin 'interp2/core/sub_4448/Z_0' has no loads. (LINT-2)
Warning: In design 'ToomCook1024', net 'interp2/core/net147359' driven by pin 'interp2/core/sub_4448/Z_1' has no loads. (LINT-2)
Warning: In design 'ToomCook1024', net 'interp2/core/net147358' driven by pin 'interp2/core/sub_4448/Z_2' has no loads. (LINT-2)
Warning: In design 'ToomCook1024', net 'interp2/core/net147357' driven by pin 'interp2/core/sub_4416/Z_0' has no loads. (LINT-2)
Warning: In design 'ToomCook1024', net 'interp3/core/net216275' driven by pin 'interp3/core/sub_5540/Z_0' has no loads. (LINT-2)
Warning: In design 'ToomCook1024', net 'interp3/core/net216274' driven by pin 'interp3/core/add_5531/Z_0' has no loads. (LINT-2)
Warning: In design 'ToomCook1024', net 'interp3/core/net216273' driven by pin 'interp3/core/add_5525/Z_0' has no loads. (LINT-2)
Warning: In design 'ToomCook1024', net 'interp3/core/net216272' driven by pin 'interp3/core/sub_5521/Z_0' has no loads. (LINT-2)
Warning: In design 'ToomCook1024', net 'interp3/core/net216271' driven by pin 'interp3/core/sub_5521/Z_1' has no loads. (LINT-2)
Warning: In design 'ToomCook1024', net 'interp3/core/net216270' driven by pin 'interp3/core/sub_5521/Z_2' has no loads. (LINT-2)
Warning: In design 'ToomCook1024', net 'interp3/core/net216269' driven by pin 'interp3/core/sub_5489/Z_0' has no loads. (LINT-2)
Warning: In design 'ToomCook1024', net 'core/interp/interp/net858345' driven by pin 'core/interp/interp/sub_2016/Z_0' has no loads. (LINT-2)
Warning: In design 'ToomCook1024', net 'core/interp/interp/net858344' driven by pin 'core/interp/interp/sub_1955/Z_0' has no loads. (LINT-2)
Warning: In design 'ToomCook1024', net 'core/interp/interp/net858343' driven by pin 'core/interp/interp/sub_1894/Z_0' has no loads. (LINT-2)
Warning: In design 'ToomCook1024', net 'core/interp/interp/net858342' driven by pin 'core/interp/interp/sub_1830/Z_0' has no loads. (LINT-2)
Warning: In design 'ToomCook1024', net 'core/interp/interp/net858341' driven by pin 'core/interp/interp/add_2006/Z_0' has no loads. (LINT-2)
Warning: In design 'ToomCook1024', net 'core/interp/interp/net858340' driven by pin 'core/interp/interp/add_2000/Z_0' has no loads. (LINT-2)
Warning: In design 'ToomCook1024', net 'core/interp/interp/net858339' driven by pin 'core/interp/interp/add_1945/Z_0' has no loads. (LINT-2)
Warning: In design 'ToomCook1024', net 'core/interp/interp/net858338' driven by pin 'core/interp/interp/add_1939/Z_0' has no loads. (LINT-2)
Warning: In design 'ToomCook1024', net 'core/interp/interp/net858337' driven by pin 'core/interp/interp/add_1884/Z_0' has no loads. (LINT-2)
Warning: In design 'ToomCook1024', net 'core/interp/interp/net858336' driven by pin 'core/interp/interp/add_1878/Z_0' has no loads. (LINT-2)
Warning: In design 'ToomCook1024', net 'core/interp/interp/net858335' driven by pin 'core/interp/interp/add_1820/Z_0' has no loads. (LINT-2)
Warning: In design 'ToomCook1024', net 'core/interp/interp/net858334' driven by pin 'core/interp/interp/add_1814/Z_0' has no loads. (LINT-2)
Warning: In design 'ToomCook1024', net 'core/interp/interp/net858333' driven by pin 'core/interp/interp/sub_1996/Z_0' has no loads. (LINT-2)
Warning: In design 'ToomCook1024', net 'core/interp/interp/net858332' driven by pin 'core/interp/interp/sub_1996/Z_1' has no loads. (LINT-2)
Warning: In design 'ToomCook1024', net 'core/interp/interp/net858331' driven by pin 'core/interp/interp/sub_1996/Z_2' has no loads. (LINT-2)
Warning: In design 'ToomCook1024', net 'core/interp/interp/net858330' driven by pin 'core/interp/interp/sub_1935/Z_0' has no loads. (LINT-2)
Warning: In design 'ToomCook1024', net 'core/interp/interp/net858329' driven by pin 'core/interp/interp/sub_1935/Z_1' has no loads. (LINT-2)
Warning: In design 'ToomCook1024', net 'core/interp/interp/net858328' driven by pin 'core/interp/interp/sub_1935/Z_2' has no loads. (LINT-2)
Warning: In design 'ToomCook1024', net 'core/interp/interp/net858327' driven by pin 'core/interp/interp/sub_1874/Z_0' has no loads. (LINT-2)
Warning: In design 'ToomCook1024', net 'core/interp/interp/net858326' driven by pin 'core/interp/interp/sub_1874/Z_1' has no loads. (LINT-2)
Warning: In design 'ToomCook1024', net 'core/interp/interp/net858325' driven by pin 'core/interp/interp/sub_1874/Z_2' has no loads. (LINT-2)
Warning: In design 'ToomCook1024', net 'core/interp/interp/net858324' driven by pin 'core/interp/interp/sub_1810/Z_0' has no loads. (LINT-2)
Warning: In design 'ToomCook1024', net 'core/interp/interp/net858323' driven by pin 'core/interp/interp/sub_1810/Z_1' has no loads. (LINT-2)
Warning: In design 'ToomCook1024', net 'core/interp/interp/net858322' driven by pin 'core/interp/interp/sub_1810/Z_2' has no loads. (LINT-2)
Warning: In design 'ToomCook1024', net 'core/interp/interp/net858321' driven by pin 'core/interp/interp/sub_1965/Z_0' has no loads. (LINT-2)
Warning: In design 'ToomCook1024', net 'core/interp/interp/net858320' driven by pin 'core/interp/interp/sub_1904/Z_0' has no loads. (LINT-2)
Warning: In design 'ToomCook1024', net 'core/interp/interp/net858319' driven by pin 'core/interp/interp/sub_1843/Z_0' has no loads. (LINT-2)
Warning: In design 'ToomCook1024', net 'core/interp/interp/net858318' driven by pin 'core/interp/interp/sub_1779/Z_0' has no loads. (LINT-2)
Warning: In design 'ToomCook1024', net 'core/core4_0/interp/interp/net882845' driven by pin 'core/core4_0/interp/interp/sub_1365/Z_0' has no loads. (LINT-2)
Warning: In design 'ToomCook1024', net 'core/core4_0/interp/interp/net882844' driven by pin 'core/core4_0/interp/interp/add_1355/Z_0' has no loads. (LINT-2)
Warning: In design 'ToomCook1024', net 'core/core4_0/interp/interp/net882843' driven by pin 'core/core4_0/interp/interp/add_1349/Z_0' has no loads. (LINT-2)
Warning: In design 'ToomCook1024', net 'core/core4_0/interp/interp/net882842' driven by pin 'core/core4_0/interp/interp/sub_1345/Z_0' has no loads. (LINT-2)
Warning: In design 'ToomCook1024', net 'core/core4_0/interp/interp/net882841' driven by pin 'core/core4_0/interp/interp/sub_1345/Z_1' has no loads. (LINT-2)
Warning: In design 'ToomCook1024', net 'core/core4_0/interp/interp/net882840' driven by pin 'core/core4_0/interp/interp/sub_1345/Z_2' has no loads. (LINT-2)
Warning: In design 'ToomCook1024', net 'core/core4_0/interp/interp/net882839' driven by pin 'core/core4_0/interp/interp/sub_1314/Z_0' has no loads. (LINT-2)
Warning: In design 'InterpStepCore', port 'io_pIn_0[35]' is not connected to any nets. (LINT-28)
Warning: In design 'InterpStepCore', port 'io_pIn_0[34]' is not connected to any nets. (LINT-28)
Warning: In design 'InterpStepCore', port 'io_pIn_0[33]' is not connected to any nets. (LINT-28)
Warning: In design 'InterpStepCore', port 'io_pIn_0[32]' is not connected to any nets. (LINT-28)
Warning: In design 'InterpStepCore', port 'io_pIn_1[35]' is not connected to any nets. (LINT-28)
Warning: In design 'InterpStepCore', port 'io_pIn_1[34]' is not connected to any nets. (LINT-28)
Warning: In design 'InterpStepCore', port 'io_pIn_1[33]' is not connected to any nets. (LINT-28)
Warning: In design 'InterpStepCore', port 'io_pIn_1[32]' is not connected to any nets. (LINT-28)
Warning: In design 'InterpStepCore', port 'io_pIn_2[35]' is not connected to any nets. (LINT-28)
Warning: In design 'InterpStepCore', port 'io_pIn_2[34]' is not connected to any nets. (LINT-28)
Warning: In design 'InterpStepCore', port 'io_pIn_2[33]' is not connected to any nets. (LINT-28)
Warning: In design 'InterpStepCore', port 'io_pIn_3[35]' is not connected to any nets. (LINT-28)
Warning: In design 'InterpStepCore', port 'io_pIn_3[34]' is not connected to any nets. (LINT-28)
Warning: In design 'InterpStepCore', port 'io_pIn_3[33]' is not connected to any nets. (LINT-28)
Warning: In design 'InterpStepCore', port 'io_pIn_4[35]' is not connected to any nets. (LINT-28)
Warning: In design 'InterpStepCore', port 'io_pIn_4[34]' is not connected to any nets. (LINT-28)
Warning: In design 'InterpStepCore', port 'io_pIn_4[33]' is not connected to any nets. (LINT-28)
Warning: In design 'InterpStepCore', port 'io_pIn_5[35]' is not connected to any nets. (LINT-28)
Warning: In design 'InterpStepCore', port 'io_pIn_5[34]' is not connected to any nets. (LINT-28)
Warning: In design 'InterpStepCore', port 'io_pIn_5[33]' is not connected to any nets. (LINT-28)
Warning: In design 'InterpStepCore', port 'io_pIn_6[35]' is not connected to any nets. (LINT-28)
Warning: In design 'InterpStepCore', port 'io_pIn_6[34]' is not connected to any nets. (LINT-28)
Warning: In design 'InterpStepCore', port 'io_pIn_6[33]' is not connected to any nets. (LINT-28)
Warning: In design 'InterpStepCore', port 'io_pIn_6[32]' is not connected to any nets. (LINT-28)
Warning: In design 'InterpStepCore_16', port 'io_pIn_0[32]' is not connected to any nets. (LINT-28)
Warning: In design 'InterpStepCore_16', port 'io_pIn_0[31]' is not connected to any nets. (LINT-28)
Warning: In design 'InterpStepCore_16', port 'io_pIn_0[30]' is not connected to any nets. (LINT-28)
Warning: In design 'InterpStepCore_16', port 'io_pIn_0[29]' is not connected to any nets. (LINT-28)
Warning: In design 'InterpStepCore_16', port 'io_pIn_1[32]' is not connected to any nets. (LINT-28)
Warning: In design 'InterpStepCore_16', port 'io_pIn_1[31]' is not connected to any nets. (LINT-28)
Warning: In design 'InterpStepCore_16', port 'io_pIn_1[30]' is not connected to any nets. (LINT-28)
Warning: In design 'InterpStepCore_16', port 'io_pIn_1[29]' is not connected to any nets. (LINT-28)
Warning: In design 'InterpStepCore_16', port 'io_pIn_2[32]' is not connected to any nets. (LINT-28)
Warning: In design 'InterpStepCore_16', port 'io_pIn_2[31]' is not connected to any nets. (LINT-28)
Warning: In design 'InterpStepCore_16', port 'io_pIn_2[30]' is not connected to any nets. (LINT-28)
Warning: In design 'InterpStepCore_16', port 'io_pIn_3[32]' is not connected to any nets. (LINT-28)
Warning: In design 'InterpStepCore_16', port 'io_pIn_3[31]' is not connected to any nets. (LINT-28)
Warning: In design 'InterpStepCore_16', port 'io_pIn_3[30]' is not connected to any nets. (LINT-28)
Warning: In design 'InterpStepCore_16', port 'io_pIn_4[32]' is not connected to any nets. (LINT-28)
Warning: In design 'InterpStepCore_16', port 'io_pIn_4[31]' is not connected to any nets. (LINT-28)
Warning: In design 'InterpStepCore_16', port 'io_pIn_4[30]' is not connected to any nets. (LINT-28)
Warning: In design 'InterpStepCore_16', port 'io_pIn_5[32]' is not connected to any nets. (LINT-28)
Warning: In design 'InterpStepCore_16', port 'io_pIn_5[31]' is not connected to any nets. (LINT-28)
Warning: In design 'InterpStepCore_16', port 'io_pIn_5[30]' is not connected to any nets. (LINT-28)
Warning: In design 'InterpStepCore_16', port 'io_pIn_6[32]' is not connected to any nets. (LINT-28)
Warning: In design 'InterpStepCore_16', port 'io_pIn_6[31]' is not connected to any nets. (LINT-28)
Warning: In design 'InterpStepCore_16', port 'io_pIn_6[30]' is not connected to any nets. (LINT-28)
Warning: In design 'InterpStepCore_16', port 'io_pIn_6[29]' is not connected to any nets. (LINT-28)
Warning: In design 'InterpStepCore_32', port 'io_pIn_0[26]' is not connected to any nets. (LINT-28)
Warning: In design 'InterpStepCore_32', port 'io_pIn_1[26]' is not connected to any nets. (LINT-28)
Warning: In design 'InterpStepCore_32', port 'io_pIn_6[26]' is not connected to any nets. (LINT-28)
Warning: In design 'InterpolationComb_7', port 'io_w_0[38]' is not connected to any nets. (LINT-28)
Warning: In design 'InterpolationComb_7', port 'io_w_1[38]' is not connected to any nets. (LINT-28)
Warning: In design 'InterpolationComb_7', port 'io_w_2[38]' is not connected to any nets. (LINT-28)
Warning: In design 'InterpolationComb_7', port 'io_w_3[38]' is not connected to any nets. (LINT-28)
Warning: In design 'InterpolationComb_7', port 'io_w_4[38]' is not connected to any nets. (LINT-28)
Warning: In design 'InterpolationComb_7', port 'io_w_5[38]' is not connected to any nets. (LINT-28)
Warning: In design 'InterpolationComb_7', port 'io_w_6[38]' is not connected to any nets. (LINT-28)
Warning: In design 'InterpolationComb_7', port 'io_w_7[38]' is not connected to any nets. (LINT-28)
Warning: In design 'InterpolationComb_7', port 'io_w_24[38]' is not connected to any nets. (LINT-28)
Warning: In design 'InterpolationComb_7', port 'io_w_25[38]' is not connected to any nets. (LINT-28)
Warning: In design 'InterpolationComb_7', port 'io_w_26[38]' is not connected to any nets. (LINT-28)
Warning: In design 'InterpolationComb_7', port 'io_w_27[38]' is not connected to any nets. (LINT-28)
Warning: In design 'InterpolationComb', port 'io_w_0[41]' is not connected to any nets. (LINT-28)
Warning: In design 'InterpolationComb', port 'io_w_1[41]' is not connected to any nets. (LINT-28)
Warning: In design 'InterpolationComb', port 'io_w_6[41]' is not connected to any nets. (LINT-28)
Warning: In design 'Eval_16', input port 'io_in_0[38]' is connected directly to output port 'io_out_6[38]'. (LINT-29)
Warning: In design 'Eval_16', input port 'io_in_0[37]' is connected directly to output port 'io_out_6[37]'. (LINT-29)
Warning: In design 'Eval_16', input port 'io_in_0[36]' is connected directly to output port 'io_out_6[36]'. (LINT-29)
Warning: In design 'Eval_16', input port 'io_in_0[35]' is connected directly to output port 'io_out_6[35]'. (LINT-29)
Warning: In design 'Eval_16', input port 'io_in_0[34]' is connected directly to output port 'io_out_6[34]'. (LINT-29)
Warning: In design 'Eval_16', input port 'io_in_0[33]' is connected directly to output port 'io_out_6[33]'. (LINT-29)
Warning: In design 'Eval_16', input port 'io_in_0[32]' is connected directly to output port 'io_out_6[32]'. (LINT-29)
Warning: In design 'Eval_16', input port 'io_in_0[31]' is connected directly to output port 'io_out_6[31]'. (LINT-29)
Warning: In design 'Eval_16', input port 'io_in_0[30]' is connected directly to output port 'io_out_6[30]'. (LINT-29)
Warning: In design 'Eval_16', input port 'io_in_0[29]' is connected directly to output port 'io_out_6[29]'. (LINT-29)
Warning: In design 'Eval_16', input port 'io_in_0[28]' is connected directly to output port 'io_out_6[28]'. (LINT-29)
Warning: In design 'Eval_16', input port 'io_in_0[27]' is connected directly to output port 'io_out_6[27]'. (LINT-29)
Warning: In design 'Eval_16', input port 'io_in_0[26]' is connected directly to output port 'io_out_6[26]'. (LINT-29)
Warning: In design 'Eval_16', input port 'io_in_0[25]' is connected directly to output port 'io_out_6[25]'. (LINT-29)
Warning: In design 'Eval_16', input port 'io_in_0[24]' is connected directly to output port 'io_out_6[24]'. (LINT-29)
Warning: In design 'Eval_16', input port 'io_in_0[23]' is connected directly to output port 'io_out_6[23]'. (LINT-29)
Warning: In design 'Eval_16', input port 'io_in_0[22]' is connected directly to output port 'io_out_6[22]'. (LINT-29)
Warning: In design 'Eval_16', input port 'io_in_0[21]' is connected directly to output port 'io_out_6[21]'. (LINT-29)
Warning: In design 'Eval_16', input port 'io_in_0[20]' is connected directly to output port 'io_out_6[20]'. (LINT-29)
Warning: In design 'Eval_16', input port 'io_in_0[19]' is connected directly to output port 'io_out_6[19]'. (LINT-29)
Warning: In design 'Eval_16', input port 'io_in_0[18]' is connected directly to output port 'io_out_6[18]'. (LINT-29)
Warning: In design 'Eval_16', input port 'io_in_0[17]' is connected directly to output port 'io_out_6[17]'. (LINT-29)
Warning: In design 'Eval_16', input port 'io_in_0[16]' is connected directly to output port 'io_out_6[16]'. (LINT-29)
Warning: In design 'Eval_16', input port 'io_in_0[15]' is connected directly to output port 'io_out_6[15]'. (LINT-29)
Warning: In design 'Eval_16', input port 'io_in_0[14]' is connected directly to output port 'io_out_6[14]'. (LINT-29)
Warning: In design 'Eval_16', input port 'io_in_0[13]' is connected directly to output port 'io_out_6[13]'. (LINT-29)
Warning: In design 'Eval_16', input port 'io_in_0[12]' is connected directly to output port 'io_out_6[12]'. (LINT-29)
Warning: In design 'Eval_16', input port 'io_in_0[11]' is connected directly to output port 'io_out_6[11]'. (LINT-29)
Warning: In design 'Eval_16', input port 'io_in_0[10]' is connected directly to output port 'io_out_6[10]'. (LINT-29)
Warning: In design 'Eval_16', input port 'io_in_0[9]' is connected directly to output port 'io_out_6[9]'. (LINT-29)
Warning: In design 'Eval_16', input port 'io_in_0[8]' is connected directly to output port 'io_out_6[8]'. (LINT-29)
Warning: In design 'Eval_16', input port 'io_in_0[7]' is connected directly to output port 'io_out_6[7]'. (LINT-29)
Warning: In design 'Eval_16', input port 'io_in_0[6]' is connected directly to output port 'io_out_6[6]'. (LINT-29)
Warning: In design 'Eval_16', input port 'io_in_0[5]' is connected directly to output port 'io_out_6[5]'. (LINT-29)
Warning: In design 'Eval_16', input port 'io_in_0[4]' is connected directly to output port 'io_out_6[4]'. (LINT-29)
Warning: In design 'Eval_16', input port 'io_in_0[3]' is connected directly to output port 'io_out_6[3]'. (LINT-29)
Warning: In design 'Eval_16', input port 'io_in_0[2]' is connected directly to output port 'io_out_6[2]'. (LINT-29)
Warning: In design 'Eval_16', input port 'io_in_0[1]' is connected directly to output port 'io_out_6[1]'. (LINT-29)
Warning: In design 'Eval_16', input port 'io_in_0[0]' is connected directly to output port 'io_out_6[0]'. (LINT-29)
Warning: In design 'Eval_16', input port 'io_in_3[38]' is connected directly to output port 'io_out_0[38]'. (LINT-29)
Warning: In design 'Eval_16', input port 'io_in_3[37]' is connected directly to output port 'io_out_0[37]'. (LINT-29)
Warning: In design 'Eval_16', input port 'io_in_3[36]' is connected directly to output port 'io_out_0[36]'. (LINT-29)
Warning: In design 'Eval_16', input port 'io_in_3[35]' is connected directly to output port 'io_out_0[35]'. (LINT-29)
Warning: In design 'Eval_16', input port 'io_in_3[34]' is connected directly to output port 'io_out_0[34]'. (LINT-29)
Warning: In design 'Eval_16', input port 'io_in_3[33]' is connected directly to output port 'io_out_0[33]'. (LINT-29)
Warning: In design 'Eval_16', input port 'io_in_3[32]' is connected directly to output port 'io_out_0[32]'. (LINT-29)
Warning: In design 'Eval_16', input port 'io_in_3[31]' is connected directly to output port 'io_out_0[31]'. (LINT-29)
Warning: In design 'Eval_16', input port 'io_in_3[30]' is connected directly to output port 'io_out_0[30]'. (LINT-29)
Warning: In design 'Eval_16', input port 'io_in_3[29]' is connected directly to output port 'io_out_0[29]'. (LINT-29)
Warning: In design 'Eval_16', input port 'io_in_3[28]' is connected directly to output port 'io_out_0[28]'. (LINT-29)
Warning: In design 'Eval_16', input port 'io_in_3[27]' is connected directly to output port 'io_out_0[27]'. (LINT-29)
Warning: In design 'Eval_16', input port 'io_in_3[26]' is connected directly to output port 'io_out_0[26]'. (LINT-29)
Warning: In design 'Eval_16', input port 'io_in_3[25]' is connected directly to output port 'io_out_0[25]'. (LINT-29)
Warning: In design 'Eval_16', input port 'io_in_3[24]' is connected directly to output port 'io_out_0[24]'. (LINT-29)
Warning: In design 'Eval_16', input port 'io_in_3[23]' is connected directly to output port 'io_out_0[23]'. (LINT-29)
Warning: In design 'Eval_16', input port 'io_in_3[22]' is connected directly to output port 'io_out_0[22]'. (LINT-29)
Warning: In design 'Eval_16', input port 'io_in_3[21]' is connected directly to output port 'io_out_0[21]'. (LINT-29)
Warning: In design 'Eval_16', input port 'io_in_3[20]' is connected directly to output port 'io_out_0[20]'. (LINT-29)
Warning: In design 'Eval_16', input port 'io_in_3[19]' is connected directly to output port 'io_out_0[19]'. (LINT-29)
Warning: In design 'Eval_16', input port 'io_in_3[18]' is connected directly to output port 'io_out_0[18]'. (LINT-29)
Warning: In design 'Eval_16', input port 'io_in_3[17]' is connected directly to output port 'io_out_0[17]'. (LINT-29)
Warning: In design 'Eval_16', input port 'io_in_3[16]' is connected directly to output port 'io_out_0[16]'. (LINT-29)
Warning: In design 'Eval_16', input port 'io_in_3[15]' is connected directly to output port 'io_out_0[15]'. (LINT-29)
Warning: In design 'Eval_16', input port 'io_in_3[14]' is connected directly to output port 'io_out_0[14]'. (LINT-29)
Warning: In design 'Eval_16', input port 'io_in_3[13]' is connected directly to output port 'io_out_0[13]'. (LINT-29)
Warning: In design 'Eval_16', input port 'io_in_3[12]' is connected directly to output port 'io_out_0[12]'. (LINT-29)
Warning: In design 'Eval_16', input port 'io_in_3[11]' is connected directly to output port 'io_out_0[11]'. (LINT-29)
Warning: In design 'Eval_16', input port 'io_in_3[10]' is connected directly to output port 'io_out_0[10]'. (LINT-29)
Warning: In design 'Eval_16', input port 'io_in_3[9]' is connected directly to output port 'io_out_0[9]'. (LINT-29)
Warning: In design 'Eval_16', input port 'io_in_3[8]' is connected directly to output port 'io_out_0[8]'. (LINT-29)
Warning: In design 'Eval_16', input port 'io_in_3[7]' is connected directly to output port 'io_out_0[7]'. (LINT-29)
Warning: In design 'Eval_16', input port 'io_in_3[6]' is connected directly to output port 'io_out_0[6]'. (LINT-29)
Warning: In design 'Eval_16', input port 'io_in_3[5]' is connected directly to output port 'io_out_0[5]'. (LINT-29)
Warning: In design 'Eval_16', input port 'io_in_3[4]' is connected directly to output port 'io_out_0[4]'. (LINT-29)
Warning: In design 'Eval_16', input port 'io_in_3[3]' is connected directly to output port 'io_out_0[3]'. (LINT-29)
Warning: In design 'Eval_16', input port 'io_in_3[2]' is connected directly to output port 'io_out_0[2]'. (LINT-29)
Warning: In design 'Eval_16', input port 'io_in_3[1]' is connected directly to output port 'io_out_0[1]'. (LINT-29)
Warning: In design 'Eval_16', input port 'io_in_3[0]' is connected directly to output port 'io_out_0[0]'. (LINT-29)
Warning: In design 'Eval_352', input port 'io_in_0[28]' is connected directly to output port 'io_out_6[28]'. (LINT-29)
Warning: In design 'Eval_352', input port 'io_in_0[27]' is connected directly to output port 'io_out_6[27]'. (LINT-29)
Warning: In design 'Eval_352', input port 'io_in_0[26]' is connected directly to output port 'io_out_6[26]'. (LINT-29)
Warning: In design 'Eval_352', input port 'io_in_0[25]' is connected directly to output port 'io_out_6[25]'. (LINT-29)
Warning: In design 'Eval_352', input port 'io_in_0[24]' is connected directly to output port 'io_out_6[24]'. (LINT-29)
Warning: In design 'Eval_352', input port 'io_in_0[23]' is connected directly to output port 'io_out_6[23]'. (LINT-29)
Warning: In design 'Eval_352', input port 'io_in_0[22]' is connected directly to output port 'io_out_6[22]'. (LINT-29)
Warning: In design 'Eval_352', input port 'io_in_0[21]' is connected directly to output port 'io_out_6[21]'. (LINT-29)
Warning: In design 'Eval_352', input port 'io_in_0[20]' is connected directly to output port 'io_out_6[20]'. (LINT-29)
Warning: In design 'Eval_352', input port 'io_in_0[19]' is connected directly to output port 'io_out_6[19]'. (LINT-29)
Warning: In design 'Eval_352', input port 'io_in_0[18]' is connected directly to output port 'io_out_6[18]'. (LINT-29)
Warning: In design 'Eval_352', input port 'io_in_0[17]' is connected directly to output port 'io_out_6[17]'. (LINT-29)
Warning: In design 'Eval_352', input port 'io_in_0[16]' is connected directly to output port 'io_out_6[16]'. (LINT-29)
Warning: In design 'Eval_352', input port 'io_in_0[15]' is connected directly to output port 'io_out_6[15]'. (LINT-29)
Warning: In design 'Eval_352', input port 'io_in_0[14]' is connected directly to output port 'io_out_6[14]'. (LINT-29)
Warning: In design 'Eval_352', input port 'io_in_0[13]' is connected directly to output port 'io_out_6[13]'. (LINT-29)
Warning: In design 'Eval_352', input port 'io_in_0[12]' is connected directly to output port 'io_out_6[12]'. (LINT-29)
Warning: In design 'Eval_352', input port 'io_in_0[11]' is connected directly to output port 'io_out_6[11]'. (LINT-29)
Warning: In design 'Eval_352', input port 'io_in_0[10]' is connected directly to output port 'io_out_6[10]'. (LINT-29)
Warning: In design 'Eval_352', input port 'io_in_0[9]' is connected directly to output port 'io_out_6[9]'. (LINT-29)
Warning: In design 'Eval_352', input port 'io_in_0[8]' is connected directly to output port 'io_out_6[8]'. (LINT-29)
Warning: In design 'Eval_352', input port 'io_in_0[7]' is connected directly to output port 'io_out_6[7]'. (LINT-29)
Warning: In design 'Eval_352', input port 'io_in_0[6]' is connected directly to output port 'io_out_6[6]'. (LINT-29)
Warning: In design 'Eval_352', input port 'io_in_0[5]' is connected directly to output port 'io_out_6[5]'. (LINT-29)
Warning: In design 'Eval_352', input port 'io_in_0[4]' is connected directly to output port 'io_out_6[4]'. (LINT-29)
Warning: In design 'Eval_352', input port 'io_in_0[3]' is connected directly to output port 'io_out_6[3]'. (LINT-29)
Warning: In design 'Eval_352', input port 'io_in_0[2]' is connected directly to output port 'io_out_6[2]'. (LINT-29)
Warning: In design 'Eval_352', input port 'io_in_0[1]' is connected directly to output port 'io_out_6[1]'. (LINT-29)
Warning: In design 'Eval_352', input port 'io_in_0[0]' is connected directly to output port 'io_out_6[0]'. (LINT-29)
Warning: In design 'Eval_352', input port 'io_in_3[28]' is connected directly to output port 'io_out_0[28]'. (LINT-29)
Warning: In design 'Eval_352', input port 'io_in_3[27]' is connected directly to output port 'io_out_0[27]'. (LINT-29)
Warning: In design 'Eval_352', input port 'io_in_3[26]' is connected directly to output port 'io_out_0[26]'. (LINT-29)
Warning: In design 'Eval_352', input port 'io_in_3[25]' is connected directly to output port 'io_out_0[25]'. (LINT-29)
Warning: In design 'Eval_352', input port 'io_in_3[24]' is connected directly to output port 'io_out_0[24]'. (LINT-29)
Warning: In design 'Eval_352', input port 'io_in_3[23]' is connected directly to output port 'io_out_0[23]'. (LINT-29)
Warning: In design 'Eval_352', input port 'io_in_3[22]' is connected directly to output port 'io_out_0[22]'. (LINT-29)
Warning: In design 'Eval_352', input port 'io_in_3[21]' is connected directly to output port 'io_out_0[21]'. (LINT-29)
Warning: In design 'Eval_352', input port 'io_in_3[20]' is connected directly to output port 'io_out_0[20]'. (LINT-29)
Warning: In design 'Eval_352', input port 'io_in_3[19]' is connected directly to output port 'io_out_0[19]'. (LINT-29)
Warning: In design 'Eval_352', input port 'io_in_3[18]' is connected directly to output port 'io_out_0[18]'. (LINT-29)
Warning: In design 'Eval_352', input port 'io_in_3[17]' is connected directly to output port 'io_out_0[17]'. (LINT-29)
Warning: In design 'Eval_352', input port 'io_in_3[16]' is connected directly to output port 'io_out_0[16]'. (LINT-29)
Warning: In design 'Eval_352', input port 'io_in_3[15]' is connected directly to output port 'io_out_0[15]'. (LINT-29)
Warning: In design 'Eval_352', input port 'io_in_3[14]' is connected directly to output port 'io_out_0[14]'. (LINT-29)
Warning: In design 'Eval_352', input port 'io_in_3[13]' is connected directly to output port 'io_out_0[13]'. (LINT-29)
Warning: In design 'Eval_352', input port 'io_in_3[12]' is connected directly to output port 'io_out_0[12]'. (LINT-29)
Warning: In design 'Eval_352', input port 'io_in_3[11]' is connected directly to output port 'io_out_0[11]'. (LINT-29)
Warning: In design 'Eval_352', input port 'io_in_3[10]' is connected directly to output port 'io_out_0[10]'. (LINT-29)
Warning: In design 'Eval_352', input port 'io_in_3[9]' is connected directly to output port 'io_out_0[9]'. (LINT-29)
Warning: In design 'Eval_352', input port 'io_in_3[8]' is connected directly to output port 'io_out_0[8]'. (LINT-29)
Warning: In design 'Eval_352', input port 'io_in_3[7]' is connected directly to output port 'io_out_0[7]'. (LINT-29)
Warning: In design 'Eval_352', input port 'io_in_3[6]' is connected directly to output port 'io_out_0[6]'. (LINT-29)
Warning: In design 'Eval_352', input port 'io_in_3[5]' is connected directly to output port 'io_out_0[5]'. (LINT-29)
Warning: In design 'Eval_352', input port 'io_in_3[4]' is connected directly to output port 'io_out_0[4]'. (LINT-29)
Warning: In design 'Eval_352', input port 'io_in_3[3]' is connected directly to output port 'io_out_0[3]'. (LINT-29)
Warning: In design 'Eval_352', input port 'io_in_3[2]' is connected directly to output port 'io_out_0[2]'. (LINT-29)
Warning: In design 'Eval_352', input port 'io_in_3[1]' is connected directly to output port 'io_out_0[1]'. (LINT-29)
Warning: In design 'Eval_352', input port 'io_in_3[0]' is connected directly to output port 'io_out_0[0]'. (LINT-29)
Warning: In design 'InterpStepCore', input port 'io_pIn_0[29]' is connected directly to output port 'io_nr0[29]'. (LINT-29)
Warning: In design 'InterpStepCore', input port 'io_pIn_0[28]' is connected directly to output port 'io_nr0[28]'. (LINT-29)
Warning: In design 'InterpStepCore', input port 'io_pIn_0[27]' is connected directly to output port 'io_nr0[27]'. (LINT-29)
Warning: In design 'InterpStepCore', input port 'io_pIn_0[26]' is connected directly to output port 'io_nr0[26]'. (LINT-29)
Warning: In design 'InterpStepCore', input port 'io_pIn_0[25]' is connected directly to output port 'io_nr0[25]'. (LINT-29)
Warning: In design 'InterpStepCore', input port 'io_pIn_0[24]' is connected directly to output port 'io_nr0[24]'. (LINT-29)
Warning: In design 'InterpStepCore', input port 'io_pIn_0[23]' is connected directly to output port 'io_nr0[23]'. (LINT-29)
Warning: In design 'InterpStepCore', input port 'io_pIn_0[22]' is connected directly to output port 'io_nr0[22]'. (LINT-29)
Warning: In design 'InterpStepCore', input port 'io_pIn_0[21]' is connected directly to output port 'io_nr0[21]'. (LINT-29)
Warning: In design 'InterpStepCore', input port 'io_pIn_0[20]' is connected directly to output port 'io_nr0[20]'. (LINT-29)
Warning: In design 'InterpStepCore', input port 'io_pIn_0[19]' is connected directly to output port 'io_nr0[19]'. (LINT-29)
Warning: In design 'InterpStepCore', input port 'io_pIn_0[18]' is connected directly to output port 'io_nr0[18]'. (LINT-29)
Warning: In design 'InterpStepCore', input port 'io_pIn_0[17]' is connected directly to output port 'io_nr0[17]'. (LINT-29)
Warning: In design 'InterpStepCore', input port 'io_pIn_0[16]' is connected directly to output port 'io_nr0[16]'. (LINT-29)
Warning: In design 'InterpStepCore', input port 'io_pIn_0[15]' is connected directly to output port 'io_nr0[15]'. (LINT-29)
Warning: In design 'InterpStepCore', input port 'io_pIn_0[14]' is connected directly to output port 'io_nr0[14]'. (LINT-29)
Warning: In design 'InterpStepCore', input port 'io_pIn_0[13]' is connected directly to output port 'io_nr0[13]'. (LINT-29)
Warning: In design 'InterpStepCore', input port 'io_pIn_0[12]' is connected directly to output port 'io_nr0[12]'. (LINT-29)
Warning: In design 'InterpStepCore', input port 'io_pIn_0[11]' is connected directly to output port 'io_nr0[11]'. (LINT-29)
Warning: In design 'InterpStepCore', input port 'io_pIn_0[10]' is connected directly to output port 'io_nr0[10]'. (LINT-29)
Warning: In design 'InterpStepCore', input port 'io_pIn_0[9]' is connected directly to output port 'io_nr0[9]'. (LINT-29)
Warning: In design 'InterpStepCore', input port 'io_pIn_0[8]' is connected directly to output port 'io_nr0[8]'. (LINT-29)
Warning: In design 'InterpStepCore', input port 'io_pIn_0[7]' is connected directly to output port 'io_nr0[7]'. (LINT-29)
Warning: In design 'InterpStepCore', input port 'io_pIn_0[6]' is connected directly to output port 'io_nr0[6]'. (LINT-29)
Warning: In design 'InterpStepCore', input port 'io_pIn_0[5]' is connected directly to output port 'io_nr0[5]'. (LINT-29)
Warning: In design 'InterpStepCore', input port 'io_pIn_0[4]' is connected directly to output port 'io_nr0[4]'. (LINT-29)
Warning: In design 'InterpStepCore', input port 'io_pIn_0[3]' is connected directly to output port 'io_nr0[3]'. (LINT-29)
Warning: In design 'InterpStepCore', input port 'io_pIn_0[2]' is connected directly to output port 'io_nr0[2]'. (LINT-29)
Warning: In design 'InterpStepCore', input port 'io_pIn_0[1]' is connected directly to output port 'io_nr0[1]'. (LINT-29)
Warning: In design 'InterpStepCore', input port 'io_pIn_0[0]' is connected directly to output port 'io_nr0[0]'. (LINT-29)
Warning: In design 'InterpStepCore_16', input port 'io_pIn_0[26]' is connected directly to output port 'io_nr0[26]'. (LINT-29)
Warning: In design 'InterpStepCore_16', input port 'io_pIn_0[25]' is connected directly to output port 'io_nr0[25]'. (LINT-29)
Warning: In design 'InterpStepCore_16', input port 'io_pIn_0[24]' is connected directly to output port 'io_nr0[24]'. (LINT-29)
Warning: In design 'InterpStepCore_16', input port 'io_pIn_0[23]' is connected directly to output port 'io_nr0[23]'. (LINT-29)
Warning: In design 'InterpStepCore_16', input port 'io_pIn_0[22]' is connected directly to output port 'io_nr0[22]'. (LINT-29)
Warning: In design 'InterpStepCore_16', input port 'io_pIn_0[21]' is connected directly to output port 'io_nr0[21]'. (LINT-29)
Warning: In design 'InterpStepCore_16', input port 'io_pIn_0[20]' is connected directly to output port 'io_nr0[20]'. (LINT-29)
Warning: In design 'InterpStepCore_16', input port 'io_pIn_0[19]' is connected directly to output port 'io_nr0[19]'. (LINT-29)
Warning: In design 'InterpStepCore_16', input port 'io_pIn_0[18]' is connected directly to output port 'io_nr0[18]'. (LINT-29)
Warning: In design 'InterpStepCore_16', input port 'io_pIn_0[17]' is connected directly to output port 'io_nr0[17]'. (LINT-29)
Warning: In design 'InterpStepCore_16', input port 'io_pIn_0[16]' is connected directly to output port 'io_nr0[16]'. (LINT-29)
Warning: In design 'InterpStepCore_16', input port 'io_pIn_0[15]' is connected directly to output port 'io_nr0[15]'. (LINT-29)
Warning: In design 'InterpStepCore_16', input port 'io_pIn_0[14]' is connected directly to output port 'io_nr0[14]'. (LINT-29)
Warning: In design 'InterpStepCore_16', input port 'io_pIn_0[13]' is connected directly to output port 'io_nr0[13]'. (LINT-29)
Warning: In design 'InterpStepCore_16', input port 'io_pIn_0[12]' is connected directly to output port 'io_nr0[12]'. (LINT-29)
Warning: In design 'InterpStepCore_16', input port 'io_pIn_0[11]' is connected directly to output port 'io_nr0[11]'. (LINT-29)
Warning: In design 'InterpStepCore_16', input port 'io_pIn_0[10]' is connected directly to output port 'io_nr0[10]'. (LINT-29)
Warning: In design 'InterpStepCore_16', input port 'io_pIn_0[9]' is connected directly to output port 'io_nr0[9]'. (LINT-29)
Warning: In design 'InterpStepCore_16', input port 'io_pIn_0[8]' is connected directly to output port 'io_nr0[8]'. (LINT-29)
Warning: In design 'InterpStepCore_16', input port 'io_pIn_0[7]' is connected directly to output port 'io_nr0[7]'. (LINT-29)
Warning: In design 'InterpStepCore_16', input port 'io_pIn_0[6]' is connected directly to output port 'io_nr0[6]'. (LINT-29)
Warning: In design 'InterpStepCore_16', input port 'io_pIn_0[5]' is connected directly to output port 'io_nr0[5]'. (LINT-29)
Warning: In design 'InterpStepCore_16', input port 'io_pIn_0[4]' is connected directly to output port 'io_nr0[4]'. (LINT-29)
Warning: In design 'InterpStepCore_16', input port 'io_pIn_0[3]' is connected directly to output port 'io_nr0[3]'. (LINT-29)
Warning: In design 'InterpStepCore_16', input port 'io_pIn_0[2]' is connected directly to output port 'io_nr0[2]'. (LINT-29)
Warning: In design 'InterpStepCore_16', input port 'io_pIn_0[1]' is connected directly to output port 'io_nr0[1]'. (LINT-29)
Warning: In design 'InterpStepCore_16', input port 'io_pIn_0[0]' is connected directly to output port 'io_nr0[0]'. (LINT-29)
Warning: In design 'InterpStepCore_32', input port 'io_pIn_0[23]' is connected directly to output port 'io_nr0[23]'. (LINT-29)
Warning: In design 'InterpStepCore_32', input port 'io_pIn_0[22]' is connected directly to output port 'io_nr0[22]'. (LINT-29)
Warning: In design 'InterpStepCore_32', input port 'io_pIn_0[21]' is connected directly to output port 'io_nr0[21]'. (LINT-29)
Warning: In design 'InterpStepCore_32', input port 'io_pIn_0[20]' is connected directly to output port 'io_nr0[20]'. (LINT-29)
Warning: In design 'InterpStepCore_32', input port 'io_pIn_0[19]' is connected directly to output port 'io_nr0[19]'. (LINT-29)
Warning: In design 'InterpStepCore_32', input port 'io_pIn_0[18]' is connected directly to output port 'io_nr0[18]'. (LINT-29)
Warning: In design 'InterpStepCore_32', input port 'io_pIn_0[17]' is connected directly to output port 'io_nr0[17]'. (LINT-29)
Warning: In design 'InterpStepCore_32', input port 'io_pIn_0[16]' is connected directly to output port 'io_nr0[16]'. (LINT-29)
Warning: In design 'InterpStepCore_32', input port 'io_pIn_0[15]' is connected directly to output port 'io_nr0[15]'. (LINT-29)
Warning: In design 'InterpStepCore_32', input port 'io_pIn_0[14]' is connected directly to output port 'io_nr0[14]'. (LINT-29)
Warning: In design 'InterpStepCore_32', input port 'io_pIn_0[13]' is connected directly to output port 'io_nr0[13]'. (LINT-29)
Warning: In design 'InterpStepCore_32', input port 'io_pIn_0[12]' is connected directly to output port 'io_nr0[12]'. (LINT-29)
Warning: In design 'InterpStepCore_32', input port 'io_pIn_0[11]' is connected directly to output port 'io_nr0[11]'. (LINT-29)
Warning: In design 'InterpStepCore_32', input port 'io_pIn_0[10]' is connected directly to output port 'io_nr0[10]'. (LINT-29)
Warning: In design 'InterpStepCore_32', input port 'io_pIn_0[9]' is connected directly to output port 'io_nr0[9]'. (LINT-29)
Warning: In design 'InterpStepCore_32', input port 'io_pIn_0[8]' is connected directly to output port 'io_nr0[8]'. (LINT-29)
Warning: In design 'InterpStepCore_32', input port 'io_pIn_0[7]' is connected directly to output port 'io_nr0[7]'. (LINT-29)
Warning: In design 'InterpStepCore_32', input port 'io_pIn_0[6]' is connected directly to output port 'io_nr0[6]'. (LINT-29)
Warning: In design 'InterpStepCore_32', input port 'io_pIn_0[5]' is connected directly to output port 'io_nr0[5]'. (LINT-29)
Warning: In design 'InterpStepCore_32', input port 'io_pIn_0[4]' is connected directly to output port 'io_nr0[4]'. (LINT-29)
Warning: In design 'InterpStepCore_32', input port 'io_pIn_0[3]' is connected directly to output port 'io_nr0[3]'. (LINT-29)
Warning: In design 'InterpStepCore_32', input port 'io_pIn_0[2]' is connected directly to output port 'io_nr0[2]'. (LINT-29)
Warning: In design 'InterpStepCore_32', input port 'io_pIn_0[1]' is connected directly to output port 'io_nr0[1]'. (LINT-29)
Warning: In design 'InterpStepCore_32', input port 'io_pIn_0[0]' is connected directly to output port 'io_nr0[0]'. (LINT-29)
Warning: In design 'Eval', input port 'io_in_0[23]' is connected directly to output port 'io_out_6[23]'. (LINT-29)
Warning: In design 'Eval', input port 'io_in_0[22]' is connected directly to output port 'io_out_6[22]'. (LINT-29)
Warning: In design 'Eval', input port 'io_in_0[21]' is connected directly to output port 'io_out_6[21]'. (LINT-29)
Warning: In design 'Eval', input port 'io_in_0[20]' is connected directly to output port 'io_out_6[20]'. (LINT-29)
Warning: In design 'Eval', input port 'io_in_0[19]' is connected directly to output port 'io_out_6[19]'. (LINT-29)
Warning: In design 'Eval', input port 'io_in_0[18]' is connected directly to output port 'io_out_6[18]'. (LINT-29)
Warning: In design 'Eval', input port 'io_in_0[17]' is connected directly to output port 'io_out_6[17]'. (LINT-29)
Warning: In design 'Eval', input port 'io_in_0[16]' is connected directly to output port 'io_out_6[16]'. (LINT-29)
Warning: In design 'Eval', input port 'io_in_0[15]' is connected directly to output port 'io_out_6[15]'. (LINT-29)
Warning: In design 'Eval', input port 'io_in_0[14]' is connected directly to output port 'io_out_6[14]'. (LINT-29)
Warning: In design 'Eval', input port 'io_in_0[13]' is connected directly to output port 'io_out_6[13]'. (LINT-29)
Warning: In design 'Eval', input port 'io_in_0[12]' is connected directly to output port 'io_out_6[12]'. (LINT-29)
Warning: In design 'Eval', input port 'io_in_0[11]' is connected directly to output port 'io_out_6[11]'. (LINT-29)
Warning: In design 'Eval', input port 'io_in_0[10]' is connected directly to output port 'io_out_6[10]'. (LINT-29)
Warning: In design 'Eval', input port 'io_in_0[9]' is connected directly to output port 'io_out_6[9]'. (LINT-29)
Warning: In design 'Eval', input port 'io_in_0[8]' is connected directly to output port 'io_out_6[8]'. (LINT-29)
Warning: In design 'Eval', input port 'io_in_0[7]' is connected directly to output port 'io_out_6[7]'. (LINT-29)
Warning: In design 'Eval', input port 'io_in_0[6]' is connected directly to output port 'io_out_6[6]'. (LINT-29)
Warning: In design 'Eval', input port 'io_in_0[5]' is connected directly to output port 'io_out_6[5]'. (LINT-29)
Warning: In design 'Eval', input port 'io_in_0[4]' is connected directly to output port 'io_out_6[4]'. (LINT-29)
Warning: In design 'Eval', input port 'io_in_0[3]' is connected directly to output port 'io_out_6[3]'. (LINT-29)
Warning: In design 'Eval', input port 'io_in_0[2]' is connected directly to output port 'io_out_6[2]'. (LINT-29)
Warning: In design 'Eval', input port 'io_in_0[1]' is connected directly to output port 'io_out_6[1]'. (LINT-29)
Warning: In design 'Eval', input port 'io_in_0[0]' is connected directly to output port 'io_out_6[0]'. (LINT-29)
Warning: In design 'Eval', input port 'io_in_3[23]' is connected directly to output port 'io_out_0[23]'. (LINT-29)
Warning: In design 'Eval', input port 'io_in_3[22]' is connected directly to output port 'io_out_0[22]'. (LINT-29)
Warning: In design 'Eval', input port 'io_in_3[21]' is connected directly to output port 'io_out_0[21]'. (LINT-29)
Warning: In design 'Eval', input port 'io_in_3[20]' is connected directly to output port 'io_out_0[20]'. (LINT-29)
Warning: In design 'Eval', input port 'io_in_3[19]' is connected directly to output port 'io_out_0[19]'. (LINT-29)
Warning: In design 'Eval', input port 'io_in_3[18]' is connected directly to output port 'io_out_0[18]'. (LINT-29)
Warning: In design 'Eval', input port 'io_in_3[17]' is connected directly to output port 'io_out_0[17]'. (LINT-29)
Warning: In design 'Eval', input port 'io_in_3[16]' is connected directly to output port 'io_out_0[16]'. (LINT-29)
Warning: In design 'Eval', input port 'io_in_3[15]' is connected directly to output port 'io_out_0[15]'. (LINT-29)
Warning: In design 'Eval', input port 'io_in_3[14]' is connected directly to output port 'io_out_0[14]'. (LINT-29)
Warning: In design 'Eval', input port 'io_in_3[13]' is connected directly to output port 'io_out_0[13]'. (LINT-29)
Warning: In design 'Eval', input port 'io_in_3[12]' is connected directly to output port 'io_out_0[12]'. (LINT-29)
Warning: In design 'Eval', input port 'io_in_3[11]' is connected directly to output port 'io_out_0[11]'. (LINT-29)
Warning: In design 'Eval', input port 'io_in_3[10]' is connected directly to output port 'io_out_0[10]'. (LINT-29)
Warning: In design 'Eval', input port 'io_in_3[9]' is connected directly to output port 'io_out_0[9]'. (LINT-29)
Warning: In design 'Eval', input port 'io_in_3[8]' is connected directly to output port 'io_out_0[8]'. (LINT-29)
Warning: In design 'Eval', input port 'io_in_3[7]' is connected directly to output port 'io_out_0[7]'. (LINT-29)
Warning: In design 'Eval', input port 'io_in_3[6]' is connected directly to output port 'io_out_0[6]'. (LINT-29)
Warning: In design 'Eval', input port 'io_in_3[5]' is connected directly to output port 'io_out_0[5]'. (LINT-29)
Warning: In design 'Eval', input port 'io_in_3[4]' is connected directly to output port 'io_out_0[4]'. (LINT-29)
Warning: In design 'Eval', input port 'io_in_3[3]' is connected directly to output port 'io_out_0[3]'. (LINT-29)
Warning: In design 'Eval', input port 'io_in_3[2]' is connected directly to output port 'io_out_0[2]'. (LINT-29)
Warning: In design 'Eval', input port 'io_in_3[1]' is connected directly to output port 'io_out_0[1]'. (LINT-29)
Warning: In design 'Eval', input port 'io_in_3[0]' is connected directly to output port 'io_out_0[0]'. (LINT-29)
Warning: In design 'Eval_336', input port 'io_in_0[7]' is connected directly to output port 'io_out_6[7]'. (LINT-29)
Warning: In design 'Eval_336', input port 'io_in_0[6]' is connected directly to output port 'io_out_6[6]'. (LINT-29)
Warning: In design 'Eval_336', input port 'io_in_0[5]' is connected directly to output port 'io_out_6[5]'. (LINT-29)
Warning: In design 'Eval_336', input port 'io_in_0[4]' is connected directly to output port 'io_out_6[4]'. (LINT-29)
Warning: In design 'Eval_336', input port 'io_in_0[3]' is connected directly to output port 'io_out_6[3]'. (LINT-29)
Warning: In design 'Eval_336', input port 'io_in_0[2]' is connected directly to output port 'io_out_6[2]'. (LINT-29)
Warning: In design 'Eval_336', input port 'io_in_0[1]' is connected directly to output port 'io_out_6[1]'. (LINT-29)
Warning: In design 'Eval_336', input port 'io_in_0[0]' is connected directly to output port 'io_out_6[0]'. (LINT-29)
Warning: In design 'Eval_336', input port 'io_in_3[7]' is connected directly to output port 'io_out_0[7]'. (LINT-29)
Warning: In design 'Eval_336', input port 'io_in_3[6]' is connected directly to output port 'io_out_0[6]'. (LINT-29)
Warning: In design 'Eval_336', input port 'io_in_3[5]' is connected directly to output port 'io_out_0[5]'. (LINT-29)
Warning: In design 'Eval_336', input port 'io_in_3[4]' is connected directly to output port 'io_out_0[4]'. (LINT-29)
Warning: In design 'Eval_336', input port 'io_in_3[3]' is connected directly to output port 'io_out_0[3]'. (LINT-29)
Warning: In design 'Eval_336', input port 'io_in_3[2]' is connected directly to output port 'io_out_0[2]'. (LINT-29)
Warning: In design 'Eval_336', input port 'io_in_3[1]' is connected directly to output port 'io_out_0[1]'. (LINT-29)
Warning: In design 'Eval_336', input port 'io_in_3[0]' is connected directly to output port 'io_out_0[0]'. (LINT-29)
Warning: In design 'Interp16ColsStep', output port 'io_out_0[32]' is connected directly to output port 'io_out_63[30]'. (LINT-31)
Warning: In design 'Interp16ColsStep', output port 'io_out_0[32]' is connected directly to output port 'io_out_63[31]'. (LINT-31)
Warning: In design 'Interp16ColsStep', output port 'io_out_0[32]' is connected directly to output port 'io_out_63[32]'. (LINT-31)
Warning: In design 'Interp16ColsStep', output port 'io_out_0[32]' is connected directly to output port 'io_out_62[30]'. (LINT-31)
Warning: In design 'Interp16ColsStep', output port 'io_out_0[32]' is connected directly to output port 'io_out_62[31]'. (LINT-31)
Warning: In design 'Interp16ColsStep', output port 'io_out_0[32]' is connected directly to output port 'io_out_62[32]'. (LINT-31)
Warning: In design 'Interp16ColsStep', output port 'io_out_0[32]' is connected directly to output port 'io_out_61[30]'. (LINT-31)
Warning: In design 'Interp16ColsStep', output port 'io_out_0[32]' is connected directly to output port 'io_out_61[31]'. (LINT-31)
Warning: In design 'Interp16ColsStep', output port 'io_out_0[32]' is connected directly to output port 'io_out_61[32]'. (LINT-31)
Warning: In design 'Interp16ColsStep', output port 'io_out_0[32]' is connected directly to output port 'io_out_60[30]'. (LINT-31)
Warning: In design 'Interp16ColsStep', output port 'io_out_0[32]' is connected directly to output port 'io_out_60[31]'. (LINT-31)
Warning: In design 'Interp16ColsStep', output port 'io_out_0[32]' is connected directly to output port 'io_out_60[32]'. (LINT-31)
Warning: In design 'Interp16ColsStep', output port 'io_out_0[32]' is connected directly to output port 'io_out_59[30]'. (LINT-31)
Warning: In design 'Interp16ColsStep', output port 'io_out_0[32]' is connected directly to output port 'io_out_59[31]'. (LINT-31)
Warning: In design 'Interp16ColsStep', output port 'io_out_0[32]' is connected directly to output port 'io_out_59[32]'. (LINT-31)
Warning: In design 'Interp16ColsStep', output port 'io_out_0[32]' is connected directly to output port 'io_out_58[30]'. (LINT-31)
Warning: In design 'Interp16ColsStep', output port 'io_out_0[32]' is connected directly to output port 'io_out_58[31]'. (LINT-31)
Warning: In design 'Interp16ColsStep', output port 'io_out_0[32]' is connected directly to output port 'io_out_58[32]'. (LINT-31)
Warning: In design 'Interp16ColsStep', output port 'io_out_0[32]' is connected directly to output port 'io_out_57[30]'. (LINT-31)
Warning: In design 'Interp16ColsStep', output port 'io_out_0[32]' is connected directly to output port 'io_out_57[31]'. (LINT-31)
Warning: In design 'Interp16ColsStep', output port 'io_out_0[32]' is connected directly to output port 'io_out_57[32]'. (LINT-31)
Warning: In design 'Interp16ColsStep', output port 'io_out_0[32]' is connected directly to output port 'io_out_56[30]'. (LINT-31)
Warning: In design 'Interp16ColsStep', output port 'io_out_0[32]' is connected directly to output port 'io_out_56[31]'. (LINT-31)
Warning: In design 'Interp16ColsStep', output port 'io_out_0[32]' is connected directly to output port 'io_out_56[32]'. (LINT-31)
Warning: In design 'Interp16ColsStep', output port 'io_out_0[32]' is connected directly to output port 'io_out_55[30]'. (LINT-31)
Warning: In design 'Interp16ColsStep', output port 'io_out_0[32]' is connected directly to output port 'io_out_55[31]'. (LINT-31)
Warning: In design 'Interp16ColsStep', output port 'io_out_0[32]' is connected directly to output port 'io_out_55[32]'. (LINT-31)
Warning: In design 'Interp16ColsStep', output port 'io_out_0[32]' is connected directly to output port 'io_out_54[30]'. (LINT-31)
Warning: In design 'Interp16ColsStep', output port 'io_out_0[32]' is connected directly to output port 'io_out_54[31]'. (LINT-31)
Warning: In design 'Interp16ColsStep', output port 'io_out_0[32]' is connected directly to output port 'io_out_54[32]'. (LINT-31)
Warning: In design 'Interp16ColsStep', output port 'io_out_0[32]' is connected directly to output port 'io_out_53[30]'. (LINT-31)
Warning: In design 'Interp16ColsStep', output port 'io_out_0[32]' is connected directly to output port 'io_out_53[31]'. (LINT-31)
Warning: In design 'Interp16ColsStep', output port 'io_out_0[32]' is connected directly to output port 'io_out_53[32]'. (LINT-31)
Warning: In design 'Interp16ColsStep', output port 'io_out_0[32]' is connected directly to output port 'io_out_52[30]'. (LINT-31)
Warning: In design 'Interp16ColsStep', output port 'io_out_0[32]' is connected directly to output port 'io_out_52[31]'. (LINT-31)
Warning: In design 'Interp16ColsStep', output port 'io_out_0[32]' is connected directly to output port 'io_out_52[32]'. (LINT-31)
Warning: In design 'Interp16ColsStep', output port 'io_out_0[32]' is connected directly to output port 'io_out_51[30]'. (LINT-31)
Warning: In design 'Interp16ColsStep', output port 'io_out_0[32]' is connected directly to output port 'io_out_51[31]'. (LINT-31)
Warning: In design 'Interp16ColsStep', output port 'io_out_0[32]' is connected directly to output port 'io_out_51[32]'. (LINT-31)
Warning: In design 'Interp16ColsStep', output port 'io_out_0[32]' is connected directly to output port 'io_out_50[30]'. (LINT-31)
Warning: In design 'Interp16ColsStep', output port 'io_out_0[32]' is connected directly to output port 'io_out_50[31]'. (LINT-31)
Warning: In design 'Interp16ColsStep', output port 'io_out_0[32]' is connected directly to output port 'io_out_50[32]'. (LINT-31)
Warning: In design 'Interp16ColsStep', output port 'io_out_0[32]' is connected directly to output port 'io_out_49[30]'. (LINT-31)
Warning: In design 'Interp16ColsStep', output port 'io_out_0[32]' is connected directly to output port 'io_out_49[31]'. (LINT-31)
Warning: In design 'Interp16ColsStep', output port 'io_out_0[32]' is connected directly to output port 'io_out_49[32]'. (LINT-31)
Warning: In design 'Interp16ColsStep', output port 'io_out_0[32]' is connected directly to output port 'io_out_48[30]'. (LINT-31)
Warning: In design 'Interp16ColsStep', output port 'io_out_0[32]' is connected directly to output port 'io_out_48[31]'. (LINT-31)
Warning: In design 'Interp16ColsStep', output port 'io_out_0[32]' is connected directly to output port 'io_out_48[32]'. (LINT-31)
Warning: In design 'Interp16ColsStep', output port 'io_out_0[32]' is connected directly to output port 'io_out_47[30]'. (LINT-31)
Warning: In design 'Interp16ColsStep', output port 'io_out_0[32]' is connected directly to output port 'io_out_47[31]'. (LINT-31)
Warning: In design 'Interp16ColsStep', output port 'io_out_0[32]' is connected directly to output port 'io_out_47[32]'. (LINT-31)
Warning: In design 'Interp16ColsStep', output port 'io_out_0[32]' is connected directly to output port 'io_out_46[30]'. (LINT-31)
Warning: In design 'Interp16ColsStep', output port 'io_out_0[32]' is connected directly to output port 'io_out_46[31]'. (LINT-31)
Warning: In design 'Interp16ColsStep', output port 'io_out_0[32]' is connected directly to output port 'io_out_46[32]'. (LINT-31)
Warning: In design 'Interp16ColsStep', output port 'io_out_0[32]' is connected directly to output port 'io_out_45[30]'. (LINT-31)
Warning: In design 'Interp16ColsStep', output port 'io_out_0[32]' is connected directly to output port 'io_out_45[31]'. (LINT-31)
Warning: In design 'Interp16ColsStep', output port 'io_out_0[32]' is connected directly to output port 'io_out_45[32]'. (LINT-31)
Warning: In design 'Interp16ColsStep', output port 'io_out_0[32]' is connected directly to output port 'io_out_44[30]'. (LINT-31)
Warning: In design 'Interp16ColsStep', output port 'io_out_0[32]' is connected directly to output port 'io_out_44[31]'. (LINT-31)
Warning: In design 'Interp16ColsStep', output port 'io_out_0[32]' is connected directly to output port 'io_out_44[32]'. (LINT-31)
Warning: In design 'Interp16ColsStep', output port 'io_out_0[32]' is connected directly to output port 'io_out_43[30]'. (LINT-31)
Warning: In design 'Interp16ColsStep', output port 'io_out_0[32]' is connected directly to output port 'io_out_43[31]'. (LINT-31)
Warning: In design 'Interp16ColsStep', output port 'io_out_0[32]' is connected directly to output port 'io_out_43[32]'. (LINT-31)
Warning: In design 'Interp16ColsStep', output port 'io_out_0[32]' is connected directly to output port 'io_out_42[30]'. (LINT-31)
Warning: In design 'Interp16ColsStep', output port 'io_out_0[32]' is connected directly to output port 'io_out_42[31]'. (LINT-31)
Warning: In design 'Interp16ColsStep', output port 'io_out_0[32]' is connected directly to output port 'io_out_42[32]'. (LINT-31)
Warning: In design 'Interp16ColsStep', output port 'io_out_0[32]' is connected directly to output port 'io_out_41[30]'. (LINT-31)
Warning: In design 'Interp16ColsStep', output port 'io_out_0[32]' is connected directly to output port 'io_out_41[31]'. (LINT-31)
Warning: In design 'Interp16ColsStep', output port 'io_out_0[32]' is connected directly to output port 'io_out_41[32]'. (LINT-31)
Warning: In design 'Interp16ColsStep', output port 'io_out_0[32]' is connected directly to output port 'io_out_40[30]'. (LINT-31)
Warning: In design 'Interp16ColsStep', output port 'io_out_0[32]' is connected directly to output port 'io_out_40[31]'. (LINT-31)
Warning: In design 'Interp16ColsStep', output port 'io_out_0[32]' is connected directly to output port 'io_out_40[32]'. (LINT-31)
Warning: In design 'Interp16ColsStep', output port 'io_out_0[32]' is connected directly to output port 'io_out_39[30]'. (LINT-31)
Warning: In design 'Interp16ColsStep', output port 'io_out_0[32]' is connected directly to output port 'io_out_39[31]'. (LINT-31)
Warning: In design 'Interp16ColsStep', output port 'io_out_0[32]' is connected directly to output port 'io_out_39[32]'. (LINT-31)
Warning: In design 'Interp16ColsStep', output port 'io_out_0[32]' is connected directly to output port 'io_out_38[30]'. (LINT-31)
Warning: In design 'Interp16ColsStep', output port 'io_out_0[32]' is connected directly to output port 'io_out_38[31]'. (LINT-31)
Warning: In design 'Interp16ColsStep', output port 'io_out_0[32]' is connected directly to output port 'io_out_38[32]'. (LINT-31)
Warning: In design 'Interp16ColsStep', output port 'io_out_0[32]' is connected directly to output port 'io_out_37[30]'. (LINT-31)
Warning: In design 'Interp16ColsStep', output port 'io_out_0[32]' is connected directly to output port 'io_out_37[31]'. (LINT-31)
Warning: In design 'Interp16ColsStep', output port 'io_out_0[32]' is connected directly to output port 'io_out_37[32]'. (LINT-31)
Warning: In design 'Interp16ColsStep', output port 'io_out_0[32]' is connected directly to output port 'io_out_36[30]'. (LINT-31)
Warning: In design 'Interp16ColsStep', output port 'io_out_0[32]' is connected directly to output port 'io_out_36[31]'. (LINT-31)
Warning: In design 'Interp16ColsStep', output port 'io_out_0[32]' is connected directly to output port 'io_out_36[32]'. (LINT-31)
Warning: In design 'Interp16ColsStep', output port 'io_out_0[32]' is connected directly to output port 'io_out_35[30]'. (LINT-31)
Warning: In design 'Interp16ColsStep', output port 'io_out_0[32]' is connected directly to output port 'io_out_35[31]'. (LINT-31)
Warning: In design 'Interp16ColsStep', output port 'io_out_0[32]' is connected directly to output port 'io_out_35[32]'. (LINT-31)
Warning: In design 'Interp16ColsStep', output port 'io_out_0[32]' is connected directly to output port 'io_out_34[30]'. (LINT-31)
Warning: In design 'Interp16ColsStep', output port 'io_out_0[32]' is connected directly to output port 'io_out_34[31]'. (LINT-31)
Warning: In design 'Interp16ColsStep', output port 'io_out_0[32]' is connected directly to output port 'io_out_34[32]'. (LINT-31)
Warning: In design 'Interp16ColsStep', output port 'io_out_0[32]' is connected directly to output port 'io_out_33[30]'. (LINT-31)
Warning: In design 'Interp16ColsStep', output port 'io_out_0[32]' is connected directly to output port 'io_out_33[31]'. (LINT-31)
Warning: In design 'Interp16ColsStep', output port 'io_out_0[32]' is connected directly to output port 'io_out_33[32]'. (LINT-31)
Warning: In design 'Interp16ColsStep', output port 'io_out_0[32]' is connected directly to output port 'io_out_32[30]'. (LINT-31)
Warning: In design 'Interp16ColsStep', output port 'io_out_0[32]' is connected directly to output port 'io_out_32[31]'. (LINT-31)
Warning: In design 'Interp16ColsStep', output port 'io_out_0[32]' is connected directly to output port 'io_out_32[32]'. (LINT-31)
Warning: In design 'Interp16ColsStep', output port 'io_out_0[32]' is connected directly to output port 'io_out_31[30]'. (LINT-31)
Warning: In design 'Interp16ColsStep', output port 'io_out_0[32]' is connected directly to output port 'io_out_31[31]'. (LINT-31)
Warning: In design 'Interp16ColsStep', output port 'io_out_0[32]' is connected directly to output port 'io_out_31[32]'. (LINT-31)
Warning: In design 'Interp16ColsStep', output port 'io_out_0[32]' is connected directly to output port 'io_out_30[30]'. (LINT-31)
Warning: In design 'Interp16ColsStep', output port 'io_out_0[32]' is connected directly to output port 'io_out_30[31]'. (LINT-31)
Warning: In design 'Interp16ColsStep', output port 'io_out_0[32]' is connected directly to output port 'io_out_30[32]'. (LINT-31)
Warning: In design 'Interp16ColsStep', output port 'io_out_0[32]' is connected directly to output port 'io_out_29[30]'. (LINT-31)
Warning: In design 'Interp16ColsStep', output port 'io_out_0[32]' is connected directly to output port 'io_out_29[31]'. (LINT-31)
Warning: In design 'Interp16ColsStep', output port 'io_out_0[32]' is connected directly to output port 'io_out_29[32]'. (LINT-31)
Warning: In design 'Interp16ColsStep', output port 'io_out_0[32]' is connected directly to output port 'io_out_28[30]'. (LINT-31)
Warning: In design 'Interp16ColsStep', output port 'io_out_0[32]' is connected directly to output port 'io_out_28[31]'. (LINT-31)
Warning: In design 'Interp16ColsStep', output port 'io_out_0[32]' is connected directly to output port 'io_out_28[32]'. (LINT-31)
Warning: In design 'Interp16ColsStep', output port 'io_out_0[32]' is connected directly to output port 'io_out_27[30]'. (LINT-31)
Warning: In design 'Interp16ColsStep', output port 'io_out_0[32]' is connected directly to output port 'io_out_27[31]'. (LINT-31)
Warning: In design 'Interp16ColsStep', output port 'io_out_0[32]' is connected directly to output port 'io_out_27[32]'. (LINT-31)
Warning: In design 'Interp16ColsStep', output port 'io_out_0[32]' is connected directly to output port 'io_out_26[30]'. (LINT-31)
Warning: In design 'Interp16ColsStep', output port 'io_out_0[32]' is connected directly to output port 'io_out_26[31]'. (LINT-31)
Warning: In design 'Interp16ColsStep', output port 'io_out_0[32]' is connected directly to output port 'io_out_26[32]'. (LINT-31)
Warning: In design 'Interp16ColsStep', output port 'io_out_0[32]' is connected directly to output port 'io_out_25[30]'. (LINT-31)
Warning: In design 'Interp16ColsStep', output port 'io_out_0[32]' is connected directly to output port 'io_out_25[31]'. (LINT-31)
Warning: In design 'Interp16ColsStep', output port 'io_out_0[32]' is connected directly to output port 'io_out_25[32]'. (LINT-31)
Warning: In design 'Interp16ColsStep', output port 'io_out_0[32]' is connected directly to output port 'io_out_24[30]'. (LINT-31)
Warning: In design 'Interp16ColsStep', output port 'io_out_0[32]' is connected directly to output port 'io_out_24[31]'. (LINT-31)
Warning: In design 'Interp16ColsStep', output port 'io_out_0[32]' is connected directly to output port 'io_out_24[32]'. (LINT-31)
Warning: In design 'Interp16ColsStep', output port 'io_out_0[32]' is connected directly to output port 'io_out_23[30]'. (LINT-31)
Warning: In design 'Interp16ColsStep', output port 'io_out_0[32]' is connected directly to output port 'io_out_23[31]'. (LINT-31)
Warning: In design 'Interp16ColsStep', output port 'io_out_0[32]' is connected directly to output port 'io_out_23[32]'. (LINT-31)
Warning: In design 'Interp16ColsStep', output port 'io_out_0[32]' is connected directly to output port 'io_out_22[30]'. (LINT-31)
Warning: In design 'Interp16ColsStep', output port 'io_out_0[32]' is connected directly to output port 'io_out_22[31]'. (LINT-31)
Warning: In design 'Interp16ColsStep', output port 'io_out_0[32]' is connected directly to output port 'io_out_22[32]'. (LINT-31)
Warning: In design 'Interp16ColsStep', output port 'io_out_0[32]' is connected directly to output port 'io_out_21[30]'. (LINT-31)
Warning: In design 'Interp16ColsStep', output port 'io_out_0[32]' is connected directly to output port 'io_out_21[31]'. (LINT-31)
Warning: In design 'Interp16ColsStep', output port 'io_out_0[32]' is connected directly to output port 'io_out_21[32]'. (LINT-31)
Warning: In design 'Interp16ColsStep', output port 'io_out_0[32]' is connected directly to output port 'io_out_20[30]'. (LINT-31)
Warning: In design 'Interp16ColsStep', output port 'io_out_0[32]' is connected directly to output port 'io_out_20[31]'. (LINT-31)
Warning: In design 'Interp16ColsStep', output port 'io_out_0[32]' is connected directly to output port 'io_out_20[32]'. (LINT-31)
Warning: In design 'Interp16ColsStep', output port 'io_out_0[32]' is connected directly to output port 'io_out_19[30]'. (LINT-31)
Warning: In design 'Interp16ColsStep', output port 'io_out_0[32]' is connected directly to output port 'io_out_19[31]'. (LINT-31)
Warning: In design 'Interp16ColsStep', output port 'io_out_0[32]' is connected directly to output port 'io_out_19[32]'. (LINT-31)
Warning: In design 'Interp16ColsStep', output port 'io_out_0[32]' is connected directly to output port 'io_out_18[30]'. (LINT-31)
Warning: In design 'Interp16ColsStep', output port 'io_out_0[32]' is connected directly to output port 'io_out_18[31]'. (LINT-31)
Warning: In design 'Interp16ColsStep', output port 'io_out_0[32]' is connected directly to output port 'io_out_18[32]'. (LINT-31)
Warning: In design 'Interp16ColsStep', output port 'io_out_0[32]' is connected directly to output port 'io_out_17[30]'. (LINT-31)
Warning: In design 'Interp16ColsStep', output port 'io_out_0[32]' is connected directly to output port 'io_out_17[31]'. (LINT-31)
Warning: In design 'Interp16ColsStep', output port 'io_out_0[32]' is connected directly to output port 'io_out_17[32]'. (LINT-31)
Warning: In design 'Interp16ColsStep', output port 'io_out_0[32]' is connected directly to output port 'io_out_16[30]'. (LINT-31)
Warning: In design 'Interp16ColsStep', output port 'io_out_0[32]' is connected directly to output port 'io_out_16[31]'. (LINT-31)
Warning: In design 'Interp16ColsStep', output port 'io_out_0[32]' is connected directly to output port 'io_out_16[32]'. (LINT-31)
Warning: In design 'Interp16ColsStep', output port 'io_out_0[32]' is connected directly to output port 'io_out_15[30]'. (LINT-31)
Warning: In design 'Interp16ColsStep', output port 'io_out_0[32]' is connected directly to output port 'io_out_15[31]'. (LINT-31)
Warning: In design 'Interp16ColsStep', output port 'io_out_0[32]' is connected directly to output port 'io_out_15[32]'. (LINT-31)
Warning: In design 'Interp16ColsStep', output port 'io_out_0[32]' is connected directly to output port 'io_out_14[30]'. (LINT-31)
Warning: In design 'Interp16ColsStep', output port 'io_out_0[32]' is connected directly to output port 'io_out_14[31]'. (LINT-31)
Warning: In design 'Interp16ColsStep', output port 'io_out_0[32]' is connected directly to output port 'io_out_14[32]'. (LINT-31)
Warning: In design 'Interp16ColsStep', output port 'io_out_0[32]' is connected directly to output port 'io_out_13[30]'. (LINT-31)
Warning: In design 'Interp16ColsStep', output port 'io_out_0[32]' is connected directly to output port 'io_out_13[31]'. (LINT-31)
Warning: In design 'Interp16ColsStep', output port 'io_out_0[32]' is connected directly to output port 'io_out_13[32]'. (LINT-31)
Warning: In design 'Interp16ColsStep', output port 'io_out_0[32]' is connected directly to output port 'io_out_12[30]'. (LINT-31)
Warning: In design 'Interp16ColsStep', output port 'io_out_0[32]' is connected directly to output port 'io_out_12[31]'. (LINT-31)
Warning: In design 'Interp16ColsStep', output port 'io_out_0[32]' is connected directly to output port 'io_out_12[32]'. (LINT-31)
Warning: In design 'Interp16ColsStep', output port 'io_out_0[32]' is connected directly to output port 'io_out_11[30]'. (LINT-31)
Warning: In design 'Interp16ColsStep', output port 'io_out_0[32]' is connected directly to output port 'io_out_11[31]'. (LINT-31)
Warning: In design 'Interp16ColsStep', output port 'io_out_0[32]' is connected directly to output port 'io_out_11[32]'. (LINT-31)
Warning: In design 'Interp16ColsStep', output port 'io_out_0[32]' is connected directly to output port 'io_out_10[30]'. (LINT-31)
Warning: In design 'Interp16ColsStep', output port 'io_out_0[32]' is connected directly to output port 'io_out_10[31]'. (LINT-31)
Warning: In design 'Interp16ColsStep', output port 'io_out_0[32]' is connected directly to output port 'io_out_10[32]'. (LINT-31)
Warning: In design 'Interp16ColsStep', output port 'io_out_0[32]' is connected directly to output port 'io_out_9[30]'. (LINT-31)
Warning: In design 'Interp16ColsStep', output port 'io_out_0[32]' is connected directly to output port 'io_out_9[31]'. (LINT-31)
Warning: In design 'Interp16ColsStep', output port 'io_out_0[32]' is connected directly to output port 'io_out_9[32]'. (LINT-31)
Warning: In design 'Interp16ColsStep', output port 'io_out_0[32]' is connected directly to output port 'io_out_8[30]'. (LINT-31)
Warning: In design 'Interp16ColsStep', output port 'io_out_0[32]' is connected directly to output port 'io_out_8[31]'. (LINT-31)
Warning: In design 'Interp16ColsStep', output port 'io_out_0[32]' is connected directly to output port 'io_out_8[32]'. (LINT-31)
Warning: In design 'Interp16ColsStep', output port 'io_out_0[32]' is connected directly to output port 'io_out_7[30]'. (LINT-31)
Warning: In design 'Interp16ColsStep', output port 'io_out_0[32]' is connected directly to output port 'io_out_7[31]'. (LINT-31)
Warning: In design 'Interp16ColsStep', output port 'io_out_0[32]' is connected directly to output port 'io_out_7[32]'. (LINT-31)
Warning: In design 'Interp16ColsStep', output port 'io_out_0[32]' is connected directly to output port 'io_out_6[30]'. (LINT-31)
Warning: In design 'Interp16ColsStep', output port 'io_out_0[32]' is connected directly to output port 'io_out_6[31]'. (LINT-31)
Warning: In design 'Interp16ColsStep', output port 'io_out_0[32]' is connected directly to output port 'io_out_6[32]'. (LINT-31)
Warning: In design 'Interp16ColsStep', output port 'io_out_0[32]' is connected directly to output port 'io_out_5[30]'. (LINT-31)
Warning: In design 'Interp16ColsStep', output port 'io_out_0[32]' is connected directly to output port 'io_out_5[31]'. (LINT-31)
Warning: In design 'Interp16ColsStep', output port 'io_out_0[32]' is connected directly to output port 'io_out_5[32]'. (LINT-31)
Warning: In design 'Interp16ColsStep', output port 'io_out_0[32]' is connected directly to output port 'io_out_4[30]'. (LINT-31)
Warning: In design 'Interp16ColsStep', output port 'io_out_0[32]' is connected directly to output port 'io_out_4[31]'. (LINT-31)
Warning: In design 'Interp16ColsStep', output port 'io_out_0[32]' is connected directly to output port 'io_out_4[32]'. (LINT-31)
Warning: In design 'Interp16ColsStep', output port 'io_out_0[32]' is connected directly to output port 'io_out_3[30]'. (LINT-31)
Warning: In design 'Interp16ColsStep', output port 'io_out_0[32]' is connected directly to output port 'io_out_3[31]'. (LINT-31)
Warning: In design 'Interp16ColsStep', output port 'io_out_0[32]' is connected directly to output port 'io_out_3[32]'. (LINT-31)
Warning: In design 'Interp16ColsStep', output port 'io_out_0[32]' is connected directly to output port 'io_out_2[30]'. (LINT-31)
Warning: In design 'Interp16ColsStep', output port 'io_out_0[32]' is connected directly to output port 'io_out_2[31]'. (LINT-31)
Warning: In design 'Interp16ColsStep', output port 'io_out_0[32]' is connected directly to output port 'io_out_2[32]'. (LINT-31)
Warning: In design 'Interp16ColsStep', output port 'io_out_0[32]' is connected directly to output port 'io_out_1[30]'. (LINT-31)
Warning: In design 'Interp16ColsStep', output port 'io_out_0[32]' is connected directly to output port 'io_out_1[31]'. (LINT-31)
Warning: In design 'Interp16ColsStep', output port 'io_out_0[32]' is connected directly to output port 'io_out_1[32]'. (LINT-31)
Warning: In design 'Interp16ColsStep', output port 'io_out_0[32]' is connected directly to output port 'io_out_0[30]'. (LINT-31)
Warning: In design 'Interp16ColsStep', output port 'io_out_0[32]' is connected directly to output port 'io_out_0[31]'. (LINT-31)
Warning: In design 'Eval', output port 'io_out_0[38]' is connected directly to output port 'io_out_6[24]'. (LINT-31)
Warning: In design 'Eval', output port 'io_out_0[38]' is connected directly to output port 'io_out_6[25]'. (LINT-31)
Warning: In design 'Eval', output port 'io_out_0[38]' is connected directly to output port 'io_out_6[26]'. (LINT-31)
Warning: In design 'Eval', output port 'io_out_0[38]' is connected directly to output port 'io_out_6[27]'. (LINT-31)
Warning: In design 'Eval', output port 'io_out_0[38]' is connected directly to output port 'io_out_6[28]'. (LINT-31)
Warning: In design 'Eval', output port 'io_out_0[38]' is connected directly to output port 'io_out_6[29]'. (LINT-31)
Warning: In design 'Eval', output port 'io_out_0[38]' is connected directly to output port 'io_out_6[30]'. (LINT-31)
Warning: In design 'Eval', output port 'io_out_0[38]' is connected directly to output port 'io_out_6[31]'. (LINT-31)
Warning: In design 'Eval', output port 'io_out_0[38]' is connected directly to output port 'io_out_6[32]'. (LINT-31)
Warning: In design 'Eval', output port 'io_out_0[38]' is connected directly to output port 'io_out_6[33]'. (LINT-31)
Warning: In design 'Eval', output port 'io_out_0[38]' is connected directly to output port 'io_out_6[34]'. (LINT-31)
Warning: In design 'Eval', output port 'io_out_0[38]' is connected directly to output port 'io_out_6[35]'. (LINT-31)
Warning: In design 'Eval', output port 'io_out_0[38]' is connected directly to output port 'io_out_6[36]'. (LINT-31)
Warning: In design 'Eval', output port 'io_out_0[38]' is connected directly to output port 'io_out_6[37]'. (LINT-31)
Warning: In design 'Eval', output port 'io_out_0[38]' is connected directly to output port 'io_out_6[38]'. (LINT-31)
Warning: In design 'Eval', output port 'io_out_0[38]' is connected directly to output port 'io_out_4[29]'. (LINT-31)
Warning: In design 'Eval', output port 'io_out_0[38]' is connected directly to output port 'io_out_4[30]'. (LINT-31)
Warning: In design 'Eval', output port 'io_out_0[38]' is connected directly to output port 'io_out_4[31]'. (LINT-31)
Warning: In design 'Eval', output port 'io_out_0[38]' is connected directly to output port 'io_out_4[32]'. (LINT-31)
Warning: In design 'Eval', output port 'io_out_0[38]' is connected directly to output port 'io_out_4[33]'. (LINT-31)
Warning: In design 'Eval', output port 'io_out_0[38]' is connected directly to output port 'io_out_4[34]'. (LINT-31)
Warning: In design 'Eval', output port 'io_out_0[38]' is connected directly to output port 'io_out_4[35]'. (LINT-31)
Warning: In design 'Eval', output port 'io_out_0[38]' is connected directly to output port 'io_out_4[36]'. (LINT-31)
Warning: In design 'Eval', output port 'io_out_0[38]' is connected directly to output port 'io_out_4[37]'. (LINT-31)
Warning: In design 'Eval', output port 'io_out_0[38]' is connected directly to output port 'io_out_4[38]'. (LINT-31)
Warning: In design 'Eval', output port 'io_out_0[38]' is connected directly to output port 'io_out_2[26]'. (LINT-31)
Warning: In design 'Eval', output port 'io_out_0[38]' is connected directly to output port 'io_out_2[27]'. (LINT-31)
Warning: In design 'Eval', output port 'io_out_0[38]' is connected directly to output port 'io_out_2[28]'. (LINT-31)
Warning: In design 'Eval', output port 'io_out_0[38]' is connected directly to output port 'io_out_2[29]'. (LINT-31)
Warning: In design 'Eval', output port 'io_out_0[38]' is connected directly to output port 'io_out_2[30]'. (LINT-31)
Warning: In design 'Eval', output port 'io_out_0[38]' is connected directly to output port 'io_out_2[31]'. (LINT-31)
Warning: In design 'Eval', output port 'io_out_0[38]' is connected directly to output port 'io_out_2[32]'. (LINT-31)
Warning: In design 'Eval', output port 'io_out_0[38]' is connected directly to output port 'io_out_2[33]'. (LINT-31)
Warning: In design 'Eval', output port 'io_out_0[38]' is connected directly to output port 'io_out_2[34]'. (LINT-31)
Warning: In design 'Eval', output port 'io_out_0[38]' is connected directly to output port 'io_out_2[35]'. (LINT-31)
Warning: In design 'Eval', output port 'io_out_0[38]' is connected directly to output port 'io_out_2[36]'. (LINT-31)
Warning: In design 'Eval', output port 'io_out_0[38]' is connected directly to output port 'io_out_2[37]'. (LINT-31)
Warning: In design 'Eval', output port 'io_out_0[38]' is connected directly to output port 'io_out_2[38]'. (LINT-31)
Warning: In design 'Eval', output port 'io_out_0[38]' is connected directly to output port 'io_out_1[30]'. (LINT-31)
Warning: In design 'Eval', output port 'io_out_0[38]' is connected directly to output port 'io_out_1[31]'. (LINT-31)
Warning: In design 'Eval', output port 'io_out_0[38]' is connected directly to output port 'io_out_1[32]'. (LINT-31)
Warning: In design 'Eval', output port 'io_out_0[38]' is connected directly to output port 'io_out_1[33]'. (LINT-31)
Warning: In design 'Eval', output port 'io_out_0[38]' is connected directly to output port 'io_out_1[34]'. (LINT-31)
Warning: In design 'Eval', output port 'io_out_0[38]' is connected directly to output port 'io_out_1[35]'. (LINT-31)
Warning: In design 'Eval', output port 'io_out_0[38]' is connected directly to output port 'io_out_1[36]'. (LINT-31)
Warning: In design 'Eval', output port 'io_out_0[38]' is connected directly to output port 'io_out_1[37]'. (LINT-31)
Warning: In design 'Eval', output port 'io_out_0[38]' is connected directly to output port 'io_out_1[38]'. (LINT-31)
Warning: In design 'Eval', output port 'io_out_0[38]' is connected directly to output port 'io_out_0[24]'. (LINT-31)
Warning: In design 'Eval', output port 'io_out_0[38]' is connected directly to output port 'io_out_0[25]'. (LINT-31)
Warning: In design 'Eval', output port 'io_out_0[38]' is connected directly to output port 'io_out_0[26]'. (LINT-31)
Warning: In design 'Eval', output port 'io_out_0[38]' is connected directly to output port 'io_out_0[27]'. (LINT-31)
Warning: In design 'Eval', output port 'io_out_0[38]' is connected directly to output port 'io_out_0[28]'. (LINT-31)
Warning: In design 'Eval', output port 'io_out_0[38]' is connected directly to output port 'io_out_0[29]'. (LINT-31)
Warning: In design 'Eval', output port 'io_out_0[38]' is connected directly to output port 'io_out_0[30]'. (LINT-31)
Warning: In design 'Eval', output port 'io_out_0[38]' is connected directly to output port 'io_out_0[31]'. (LINT-31)
Warning: In design 'Eval', output port 'io_out_0[38]' is connected directly to output port 'io_out_0[32]'. (LINT-31)
Warning: In design 'Eval', output port 'io_out_0[38]' is connected directly to output port 'io_out_0[33]'. (LINT-31)
Warning: In design 'Eval', output port 'io_out_0[38]' is connected directly to output port 'io_out_0[34]'. (LINT-31)
Warning: In design 'Eval', output port 'io_out_0[38]' is connected directly to output port 'io_out_0[35]'. (LINT-31)
Warning: In design 'Eval', output port 'io_out_0[38]' is connected directly to output port 'io_out_0[36]'. (LINT-31)
Warning: In design 'Eval', output port 'io_out_0[38]' is connected directly to output port 'io_out_0[37]'. (LINT-31)
Warning: In design 'Eval', output port 'io_out_3[38]' is connected directly to output port 'io_out_3[26]'. (LINT-31)
Warning: In design 'Eval', output port 'io_out_3[38]' is connected directly to output port 'io_out_3[27]'. (LINT-31)
Warning: In design 'Eval', output port 'io_out_3[38]' is connected directly to output port 'io_out_3[28]'. (LINT-31)
Warning: In design 'Eval', output port 'io_out_3[38]' is connected directly to output port 'io_out_3[29]'. (LINT-31)
Warning: In design 'Eval', output port 'io_out_3[38]' is connected directly to output port 'io_out_3[30]'. (LINT-31)
Warning: In design 'Eval', output port 'io_out_3[38]' is connected directly to output port 'io_out_3[31]'. (LINT-31)
Warning: In design 'Eval', output port 'io_out_3[38]' is connected directly to output port 'io_out_3[32]'. (LINT-31)
Warning: In design 'Eval', output port 'io_out_3[38]' is connected directly to output port 'io_out_3[33]'. (LINT-31)
Warning: In design 'Eval', output port 'io_out_3[38]' is connected directly to output port 'io_out_3[34]'. (LINT-31)
Warning: In design 'Eval', output port 'io_out_3[38]' is connected directly to output port 'io_out_3[35]'. (LINT-31)
Warning: In design 'Eval', output port 'io_out_3[38]' is connected directly to output port 'io_out_3[36]'. (LINT-31)
Warning: In design 'Eval', output port 'io_out_3[38]' is connected directly to output port 'io_out_3[37]'. (LINT-31)
Warning: In design 'Eval', output port 'io_out_5[38]' is connected directly to output port 'io_out_5[29]'. (LINT-31)
Warning: In design 'Eval', output port 'io_out_5[38]' is connected directly to output port 'io_out_5[30]'. (LINT-31)
Warning: In design 'Eval', output port 'io_out_5[38]' is connected directly to output port 'io_out_5[31]'. (LINT-31)
Warning: In design 'Eval', output port 'io_out_5[38]' is connected directly to output port 'io_out_5[32]'. (LINT-31)
Warning: In design 'Eval', output port 'io_out_5[38]' is connected directly to output port 'io_out_5[33]'. (LINT-31)
Warning: In design 'Eval', output port 'io_out_5[38]' is connected directly to output port 'io_out_5[34]'. (LINT-31)
Warning: In design 'Eval', output port 'io_out_5[38]' is connected directly to output port 'io_out_5[35]'. (LINT-31)
Warning: In design 'Eval', output port 'io_out_5[38]' is connected directly to output port 'io_out_5[36]'. (LINT-31)
Warning: In design 'Eval', output port 'io_out_5[38]' is connected directly to output port 'io_out_5[37]'. (LINT-31)
Warning: In design 'Eval_336', output port 'io_out_0[28]' is connected directly to output port 'io_out_6[8]'. (LINT-31)
Warning: In design 'Eval_336', output port 'io_out_0[28]' is connected directly to output port 'io_out_6[9]'. (LINT-31)
Warning: In design 'Eval_336', output port 'io_out_0[28]' is connected directly to output port 'io_out_6[10]'. (LINT-31)
Warning: In design 'Eval_336', output port 'io_out_0[28]' is connected directly to output port 'io_out_6[11]'. (LINT-31)
Warning: In design 'Eval_336', output port 'io_out_0[28]' is connected directly to output port 'io_out_6[12]'. (LINT-31)
Warning: In design 'Eval_336', output port 'io_out_0[28]' is connected directly to output port 'io_out_6[13]'. (LINT-31)
Warning: In design 'Eval_336', output port 'io_out_0[28]' is connected directly to output port 'io_out_6[14]'. (LINT-31)
Warning: In design 'Eval_336', output port 'io_out_0[28]' is connected directly to output port 'io_out_6[15]'. (LINT-31)
Warning: In design 'Eval_336', output port 'io_out_0[28]' is connected directly to output port 'io_out_6[16]'. (LINT-31)
Warning: In design 'Eval_336', output port 'io_out_0[28]' is connected directly to output port 'io_out_6[17]'. (LINT-31)
Warning: In design 'Eval_336', output port 'io_out_0[28]' is connected directly to output port 'io_out_6[18]'. (LINT-31)
Warning: In design 'Eval_336', output port 'io_out_0[28]' is connected directly to output port 'io_out_6[19]'. (LINT-31)
Warning: In design 'Eval_336', output port 'io_out_0[28]' is connected directly to output port 'io_out_6[20]'. (LINT-31)
Warning: In design 'Eval_336', output port 'io_out_0[28]' is connected directly to output port 'io_out_6[21]'. (LINT-31)
Warning: In design 'Eval_336', output port 'io_out_0[28]' is connected directly to output port 'io_out_6[22]'. (LINT-31)
Warning: In design 'Eval_336', output port 'io_out_0[28]' is connected directly to output port 'io_out_6[23]'. (LINT-31)
Warning: In design 'Eval_336', output port 'io_out_0[28]' is connected directly to output port 'io_out_6[24]'. (LINT-31)
Warning: In design 'Eval_336', output port 'io_out_0[28]' is connected directly to output port 'io_out_6[25]'. (LINT-31)
Warning: In design 'Eval_336', output port 'io_out_0[28]' is connected directly to output port 'io_out_6[26]'. (LINT-31)
Warning: In design 'Eval_336', output port 'io_out_0[28]' is connected directly to output port 'io_out_6[27]'. (LINT-31)
Warning: In design 'Eval_336', output port 'io_out_0[28]' is connected directly to output port 'io_out_6[28]'. (LINT-31)
Warning: In design 'Eval_336', output port 'io_out_0[28]' is connected directly to output port 'io_out_4[13]'. (LINT-31)
Warning: In design 'Eval_336', output port 'io_out_0[28]' is connected directly to output port 'io_out_4[14]'. (LINT-31)
Warning: In design 'Eval_336', output port 'io_out_0[28]' is connected directly to output port 'io_out_4[15]'. (LINT-31)
Warning: In design 'Eval_336', output port 'io_out_0[28]' is connected directly to output port 'io_out_4[16]'. (LINT-31)
Warning: In design 'Eval_336', output port 'io_out_0[28]' is connected directly to output port 'io_out_4[17]'. (LINT-31)
Warning: In design 'Eval_336', output port 'io_out_0[28]' is connected directly to output port 'io_out_4[18]'. (LINT-31)
Warning: In design 'Eval_336', output port 'io_out_0[28]' is connected directly to output port 'io_out_4[19]'. (LINT-31)
Warning: In design 'Eval_336', output port 'io_out_0[28]' is connected directly to output port 'io_out_4[20]'. (LINT-31)
Warning: In design 'Eval_336', output port 'io_out_0[28]' is connected directly to output port 'io_out_4[21]'. (LINT-31)
Warning: In design 'Eval_336', output port 'io_out_0[28]' is connected directly to output port 'io_out_4[22]'. (LINT-31)
Warning: In design 'Eval_336', output port 'io_out_0[28]' is connected directly to output port 'io_out_4[23]'. (LINT-31)
Warning: In design 'Eval_336', output port 'io_out_0[28]' is connected directly to output port 'io_out_4[24]'. (LINT-31)
Warning: In design 'Eval_336', output port 'io_out_0[28]' is connected directly to output port 'io_out_4[25]'. (LINT-31)
Warning: In design 'Eval_336', output port 'io_out_0[28]' is connected directly to output port 'io_out_4[26]'. (LINT-31)
Warning: In design 'Eval_336', output port 'io_out_0[28]' is connected directly to output port 'io_out_4[27]'. (LINT-31)
Warning: In design 'Eval_336', output port 'io_out_0[28]' is connected directly to output port 'io_out_4[28]'. (LINT-31)
Warning: In design 'Eval_336', output port 'io_out_0[28]' is connected directly to output port 'io_out_2[10]'. (LINT-31)
Warning: In design 'Eval_336', output port 'io_out_0[28]' is connected directly to output port 'io_out_2[11]'. (LINT-31)
Warning: In design 'Eval_336', output port 'io_out_0[28]' is connected directly to output port 'io_out_2[12]'. (LINT-31)
Warning: In design 'Eval_336', output port 'io_out_0[28]' is connected directly to output port 'io_out_2[13]'. (LINT-31)
Warning: In design 'Eval_336', output port 'io_out_0[28]' is connected directly to output port 'io_out_2[14]'. (LINT-31)
Warning: In design 'Eval_336', output port 'io_out_0[28]' is connected directly to output port 'io_out_2[15]'. (LINT-31)
Warning: In design 'Eval_336', output port 'io_out_0[28]' is connected directly to output port 'io_out_2[16]'. (LINT-31)
Warning: In design 'Eval_336', output port 'io_out_0[28]' is connected directly to output port 'io_out_2[17]'. (LINT-31)
Warning: In design 'Eval_336', output port 'io_out_0[28]' is connected directly to output port 'io_out_2[18]'. (LINT-31)
Warning: In design 'Eval_336', output port 'io_out_0[28]' is connected directly to output port 'io_out_2[19]'. (LINT-31)
Warning: In design 'Eval_336', output port 'io_out_0[28]' is connected directly to output port 'io_out_2[20]'. (LINT-31)
Warning: In design 'Eval_336', output port 'io_out_0[28]' is connected directly to output port 'io_out_2[21]'. (LINT-31)
Warning: In design 'Eval_336', output port 'io_out_0[28]' is connected directly to output port 'io_out_2[22]'. (LINT-31)
Warning: In design 'Eval_336', output port 'io_out_0[28]' is connected directly to output port 'io_out_2[23]'. (LINT-31)
Warning: In design 'Eval_336', output port 'io_out_0[28]' is connected directly to output port 'io_out_2[24]'. (LINT-31)
Warning: In design 'Eval_336', output port 'io_out_0[28]' is connected directly to output port 'io_out_2[25]'. (LINT-31)
Warning: In design 'Eval_336', output port 'io_out_0[28]' is connected directly to output port 'io_out_2[26]'. (LINT-31)
Warning: In design 'Eval_336', output port 'io_out_0[28]' is connected directly to output port 'io_out_2[27]'. (LINT-31)
Warning: In design 'Eval_336', output port 'io_out_0[28]' is connected directly to output port 'io_out_2[28]'. (LINT-31)
Warning: In design 'Eval_336', output port 'io_out_0[28]' is connected directly to output port 'io_out_1[14]'. (LINT-31)
Warning: In design 'Eval_336', output port 'io_out_0[28]' is connected directly to output port 'io_out_1[15]'. (LINT-31)
Warning: In design 'Eval_336', output port 'io_out_0[28]' is connected directly to output port 'io_out_1[16]'. (LINT-31)
Warning: In design 'Eval_336', output port 'io_out_0[28]' is connected directly to output port 'io_out_1[17]'. (LINT-31)
Warning: In design 'Eval_336', output port 'io_out_0[28]' is connected directly to output port 'io_out_1[18]'. (LINT-31)
Warning: In design 'Eval_336', output port 'io_out_0[28]' is connected directly to output port 'io_out_1[19]'. (LINT-31)
Warning: In design 'Eval_336', output port 'io_out_0[28]' is connected directly to output port 'io_out_1[20]'. (LINT-31)
Warning: In design 'Eval_336', output port 'io_out_0[28]' is connected directly to output port 'io_out_1[21]'. (LINT-31)
Warning: In design 'Eval_336', output port 'io_out_0[28]' is connected directly to output port 'io_out_1[22]'. (LINT-31)
Warning: In design 'Eval_336', output port 'io_out_0[28]' is connected directly to output port 'io_out_1[23]'. (LINT-31)
Warning: In design 'Eval_336', output port 'io_out_0[28]' is connected directly to output port 'io_out_1[24]'. (LINT-31)
Warning: In design 'Eval_336', output port 'io_out_0[28]' is connected directly to output port 'io_out_1[25]'. (LINT-31)
Warning: In design 'Eval_336', output port 'io_out_0[28]' is connected directly to output port 'io_out_1[26]'. (LINT-31)
Warning: In design 'Eval_336', output port 'io_out_0[28]' is connected directly to output port 'io_out_1[27]'. (LINT-31)
Warning: In design 'Eval_336', output port 'io_out_0[28]' is connected directly to output port 'io_out_1[28]'. (LINT-31)
Warning: In design 'Eval_336', output port 'io_out_0[28]' is connected directly to output port 'io_out_0[8]'. (LINT-31)
Warning: In design 'Eval_336', output port 'io_out_0[28]' is connected directly to output port 'io_out_0[9]'. (LINT-31)
Warning: In design 'Eval_336', output port 'io_out_0[28]' is connected directly to output port 'io_out_0[10]'. (LINT-31)
Warning: In design 'Eval_336', output port 'io_out_0[28]' is connected directly to output port 'io_out_0[11]'. (LINT-31)
Warning: In design 'Eval_336', output port 'io_out_0[28]' is connected directly to output port 'io_out_0[12]'. (LINT-31)
Warning: In design 'Eval_336', output port 'io_out_0[28]' is connected directly to output port 'io_out_0[13]'. (LINT-31)
Warning: In design 'Eval_336', output port 'io_out_0[28]' is connected directly to output port 'io_out_0[14]'. (LINT-31)
Warning: In design 'Eval_336', output port 'io_out_0[28]' is connected directly to output port 'io_out_0[15]'. (LINT-31)
Warning: In design 'Eval_336', output port 'io_out_0[28]' is connected directly to output port 'io_out_0[16]'. (LINT-31)
Warning: In design 'Eval_336', output port 'io_out_0[28]' is connected directly to output port 'io_out_0[17]'. (LINT-31)
Warning: In design 'Eval_336', output port 'io_out_0[28]' is connected directly to output port 'io_out_0[18]'. (LINT-31)
Warning: In design 'Eval_336', output port 'io_out_0[28]' is connected directly to output port 'io_out_0[19]'. (LINT-31)
Warning: In design 'Eval_336', output port 'io_out_0[28]' is connected directly to output port 'io_out_0[20]'. (LINT-31)
Warning: In design 'Eval_336', output port 'io_out_0[28]' is connected directly to output port 'io_out_0[21]'. (LINT-31)
Warning: In design 'Eval_336', output port 'io_out_0[28]' is connected directly to output port 'io_out_0[22]'. (LINT-31)
Warning: In design 'Eval_336', output port 'io_out_0[28]' is connected directly to output port 'io_out_0[23]'. (LINT-31)
Warning: In design 'Eval_336', output port 'io_out_0[28]' is connected directly to output port 'io_out_0[24]'. (LINT-31)
Warning: In design 'Eval_336', output port 'io_out_0[28]' is connected directly to output port 'io_out_0[25]'. (LINT-31)
Warning: In design 'Eval_336', output port 'io_out_0[28]' is connected directly to output port 'io_out_0[26]'. (LINT-31)
Warning: In design 'Eval_336', output port 'io_out_0[28]' is connected directly to output port 'io_out_0[27]'. (LINT-31)
Warning: In design 'Eval_336', output port 'io_out_3[28]' is connected directly to output port 'io_out_3[10]'. (LINT-31)
Warning: In design 'Eval_336', output port 'io_out_3[28]' is connected directly to output port 'io_out_3[11]'. (LINT-31)
Warning: In design 'Eval_336', output port 'io_out_3[28]' is connected directly to output port 'io_out_3[12]'. (LINT-31)
Warning: In design 'Eval_336', output port 'io_out_3[28]' is connected directly to output port 'io_out_3[13]'. (LINT-31)
Warning: In design 'Eval_336', output port 'io_out_3[28]' is connected directly to output port 'io_out_3[14]'. (LINT-31)
Warning: In design 'Eval_336', output port 'io_out_3[28]' is connected directly to output port 'io_out_3[15]'. (LINT-31)
Warning: In design 'Eval_336', output port 'io_out_3[28]' is connected directly to output port 'io_out_3[16]'. (LINT-31)
Warning: In design 'Eval_336', output port 'io_out_3[28]' is connected directly to output port 'io_out_3[17]'. (LINT-31)
Warning: In design 'Eval_336', output port 'io_out_3[28]' is connected directly to output port 'io_out_3[18]'. (LINT-31)
Warning: In design 'Eval_336', output port 'io_out_3[28]' is connected directly to output port 'io_out_3[19]'. (LINT-31)
Warning: In design 'Eval_336', output port 'io_out_3[28]' is connected directly to output port 'io_out_3[20]'. (LINT-31)
Warning: In design 'Eval_336', output port 'io_out_3[28]' is connected directly to output port 'io_out_3[21]'. (LINT-31)
Warning: In design 'Eval_336', output port 'io_out_3[28]' is connected directly to output port 'io_out_3[22]'. (LINT-31)
Warning: In design 'Eval_336', output port 'io_out_3[28]' is connected directly to output port 'io_out_3[23]'. (LINT-31)
Warning: In design 'Eval_336', output port 'io_out_3[28]' is connected directly to output port 'io_out_3[24]'. (LINT-31)
Warning: In design 'Eval_336', output port 'io_out_3[28]' is connected directly to output port 'io_out_3[25]'. (LINT-31)
Warning: In design 'Eval_336', output port 'io_out_3[28]' is connected directly to output port 'io_out_3[26]'. (LINT-31)
Warning: In design 'Eval_336', output port 'io_out_3[28]' is connected directly to output port 'io_out_3[27]'. (LINT-31)
Warning: In design 'Eval_336', output port 'io_out_5[28]' is connected directly to output port 'io_out_5[13]'. (LINT-31)
Warning: In design 'Eval_336', output port 'io_out_5[28]' is connected directly to output port 'io_out_5[14]'. (LINT-31)
Warning: In design 'Eval_336', output port 'io_out_5[28]' is connected directly to output port 'io_out_5[15]'. (LINT-31)
Warning: In design 'Eval_336', output port 'io_out_5[28]' is connected directly to output port 'io_out_5[16]'. (LINT-31)
Warning: In design 'Eval_336', output port 'io_out_5[28]' is connected directly to output port 'io_out_5[17]'. (LINT-31)
Warning: In design 'Eval_336', output port 'io_out_5[28]' is connected directly to output port 'io_out_5[18]'. (LINT-31)
Warning: In design 'Eval_336', output port 'io_out_5[28]' is connected directly to output port 'io_out_5[19]'. (LINT-31)
Warning: In design 'Eval_336', output port 'io_out_5[28]' is connected directly to output port 'io_out_5[20]'. (LINT-31)
Warning: In design 'Eval_336', output port 'io_out_5[28]' is connected directly to output port 'io_out_5[21]'. (LINT-31)
Warning: In design 'Eval_336', output port 'io_out_5[28]' is connected directly to output port 'io_out_5[22]'. (LINT-31)
Warning: In design 'Eval_336', output port 'io_out_5[28]' is connected directly to output port 'io_out_5[23]'. (LINT-31)
Warning: In design 'Eval_336', output port 'io_out_5[28]' is connected directly to output port 'io_out_5[24]'. (LINT-31)
Warning: In design 'Eval_336', output port 'io_out_5[28]' is connected directly to output port 'io_out_5[25]'. (LINT-31)
Warning: In design 'Eval_336', output port 'io_out_5[28]' is connected directly to output port 'io_out_5[26]'. (LINT-31)
Warning: In design 'Eval_336', output port 'io_out_5[28]' is connected directly to output port 'io_out_5[27]'. (LINT-31)
Warning: In design 'Interp16ColsStep', output port 'io_out_0[32]' is connected directly to 'logic 0'. (LINT-52)
Warning: In design 'Interp16ColsStep', output port 'io_out_0[31]' is connected directly to 'logic 0'. (LINT-52)
Warning: In design 'Interp16ColsStep', output port 'io_out_0[30]' is connected directly to 'logic 0'. (LINT-52)
Warning: In design 'Interp16ColsStep', output port 'io_out_1[32]' is connected directly to 'logic 0'. (LINT-52)
Warning: In design 'Interp16ColsStep', output port 'io_out_1[31]' is connected directly to 'logic 0'. (LINT-52)
Warning: In design 'Interp16ColsStep', output port 'io_out_1[30]' is connected directly to 'logic 0'. (LINT-52)
Warning: In design 'Interp16ColsStep', output port 'io_out_2[32]' is connected directly to 'logic 0'. (LINT-52)
Warning: In design 'Interp16ColsStep', output port 'io_out_2[31]' is connected directly to 'logic 0'. (LINT-52)
Warning: In design 'Interp16ColsStep', output port 'io_out_2[30]' is connected directly to 'logic 0'. (LINT-52)
Warning: In design 'Interp16ColsStep', output port 'io_out_3[32]' is connected directly to 'logic 0'. (LINT-52)
Warning: In design 'Interp16ColsStep', output port 'io_out_3[31]' is connected directly to 'logic 0'. (LINT-52)
Warning: In design 'Interp16ColsStep', output port 'io_out_3[30]' is connected directly to 'logic 0'. (LINT-52)
Warning: In design 'Interp16ColsStep', output port 'io_out_4[32]' is connected directly to 'logic 0'. (LINT-52)
Warning: In design 'Interp16ColsStep', output port 'io_out_4[31]' is connected directly to 'logic 0'. (LINT-52)
Warning: In design 'Interp16ColsStep', output port 'io_out_4[30]' is connected directly to 'logic 0'. (LINT-52)
Warning: In design 'Interp16ColsStep', output port 'io_out_5[32]' is connected directly to 'logic 0'. (LINT-52)
Warning: In design 'Interp16ColsStep', output port 'io_out_5[31]' is connected directly to 'logic 0'. (LINT-52)
Warning: In design 'Interp16ColsStep', output port 'io_out_5[30]' is connected directly to 'logic 0'. (LINT-52)
Warning: In design 'Interp16ColsStep', output port 'io_out_6[32]' is connected directly to 'logic 0'. (LINT-52)
Warning: In design 'Interp16ColsStep', output port 'io_out_6[31]' is connected directly to 'logic 0'. (LINT-52)
Warning: In design 'Interp16ColsStep', output port 'io_out_6[30]' is connected directly to 'logic 0'. (LINT-52)
Warning: In design 'Interp16ColsStep', output port 'io_out_7[32]' is connected directly to 'logic 0'. (LINT-52)
Warning: In design 'Interp16ColsStep', output port 'io_out_7[31]' is connected directly to 'logic 0'. (LINT-52)
Warning: In design 'Interp16ColsStep', output port 'io_out_7[30]' is connected directly to 'logic 0'. (LINT-52)
Warning: In design 'Interp16ColsStep', output port 'io_out_8[32]' is connected directly to 'logic 0'. (LINT-52)
Warning: In design 'Interp16ColsStep', output port 'io_out_8[31]' is connected directly to 'logic 0'. (LINT-52)
Warning: In design 'Interp16ColsStep', output port 'io_out_8[30]' is connected directly to 'logic 0'. (LINT-52)
Warning: In design 'Interp16ColsStep', output port 'io_out_9[32]' is connected directly to 'logic 0'. (LINT-52)
Warning: In design 'Interp16ColsStep', output port 'io_out_9[31]' is connected directly to 'logic 0'. (LINT-52)
Warning: In design 'Interp16ColsStep', output port 'io_out_9[30]' is connected directly to 'logic 0'. (LINT-52)
Warning: In design 'Interp16ColsStep', output port 'io_out_10[32]' is connected directly to 'logic 0'. (LINT-52)
Warning: In design 'Interp16ColsStep', output port 'io_out_10[31]' is connected directly to 'logic 0'. (LINT-52)
Warning: In design 'Interp16ColsStep', output port 'io_out_10[30]' is connected directly to 'logic 0'. (LINT-52)
Warning: In design 'Interp16ColsStep', output port 'io_out_11[32]' is connected directly to 'logic 0'. (LINT-52)
Warning: In design 'Interp16ColsStep', output port 'io_out_11[31]' is connected directly to 'logic 0'. (LINT-52)
Warning: In design 'Interp16ColsStep', output port 'io_out_11[30]' is connected directly to 'logic 0'. (LINT-52)
Warning: In design 'Interp16ColsStep', output port 'io_out_12[32]' is connected directly to 'logic 0'. (LINT-52)
Warning: In design 'Interp16ColsStep', output port 'io_out_12[31]' is connected directly to 'logic 0'. (LINT-52)
Warning: In design 'Interp16ColsStep', output port 'io_out_12[30]' is connected directly to 'logic 0'. (LINT-52)
Warning: In design 'Interp16ColsStep', output port 'io_out_13[32]' is connected directly to 'logic 0'. (LINT-52)
Warning: In design 'Interp16ColsStep', output port 'io_out_13[31]' is connected directly to 'logic 0'. (LINT-52)
Warning: In design 'Interp16ColsStep', output port 'io_out_13[30]' is connected directly to 'logic 0'. (LINT-52)
Warning: In design 'Interp16ColsStep', output port 'io_out_14[32]' is connected directly to 'logic 0'. (LINT-52)
Warning: In design 'Interp16ColsStep', output port 'io_out_14[31]' is connected directly to 'logic 0'. (LINT-52)
Warning: In design 'Interp16ColsStep', output port 'io_out_14[30]' is connected directly to 'logic 0'. (LINT-52)
Warning: In design 'Interp16ColsStep', output port 'io_out_15[32]' is connected directly to 'logic 0'. (LINT-52)
Warning: In design 'Interp16ColsStep', output port 'io_out_15[31]' is connected directly to 'logic 0'. (LINT-52)
Warning: In design 'Interp16ColsStep', output port 'io_out_15[30]' is connected directly to 'logic 0'. (LINT-52)
Warning: In design 'Interp16ColsStep', output port 'io_out_16[32]' is connected directly to 'logic 0'. (LINT-52)
Warning: In design 'Interp16ColsStep', output port 'io_out_16[31]' is connected directly to 'logic 0'. (LINT-52)
Warning: In design 'Interp16ColsStep', output port 'io_out_16[30]' is connected directly to 'logic 0'. (LINT-52)
Warning: In design 'Interp16ColsStep', output port 'io_out_17[32]' is connected directly to 'logic 0'. (LINT-52)
Warning: In design 'Interp16ColsStep', output port 'io_out_17[31]' is connected directly to 'logic 0'. (LINT-52)
Warning: In design 'Interp16ColsStep', output port 'io_out_17[30]' is connected directly to 'logic 0'. (LINT-52)
Warning: In design 'Interp16ColsStep', output port 'io_out_18[32]' is connected directly to 'logic 0'. (LINT-52)
Warning: In design 'Interp16ColsStep', output port 'io_out_18[31]' is connected directly to 'logic 0'. (LINT-52)
Warning: In design 'Interp16ColsStep', output port 'io_out_18[30]' is connected directly to 'logic 0'. (LINT-52)
Warning: In design 'Interp16ColsStep', output port 'io_out_19[32]' is connected directly to 'logic 0'. (LINT-52)
Warning: In design 'Interp16ColsStep', output port 'io_out_19[31]' is connected directly to 'logic 0'. (LINT-52)
Warning: In design 'Interp16ColsStep', output port 'io_out_19[30]' is connected directly to 'logic 0'. (LINT-52)
Warning: In design 'Interp16ColsStep', output port 'io_out_20[32]' is connected directly to 'logic 0'. (LINT-52)
Warning: In design 'Interp16ColsStep', output port 'io_out_20[31]' is connected directly to 'logic 0'. (LINT-52)
Warning: In design 'Interp16ColsStep', output port 'io_out_20[30]' is connected directly to 'logic 0'. (LINT-52)
Warning: In design 'Interp16ColsStep', output port 'io_out_21[32]' is connected directly to 'logic 0'. (LINT-52)
Warning: In design 'Interp16ColsStep', output port 'io_out_21[31]' is connected directly to 'logic 0'. (LINT-52)
Warning: In design 'Interp16ColsStep', output port 'io_out_21[30]' is connected directly to 'logic 0'. (LINT-52)
Warning: In design 'Interp16ColsStep', output port 'io_out_22[32]' is connected directly to 'logic 0'. (LINT-52)
Warning: In design 'Interp16ColsStep', output port 'io_out_22[31]' is connected directly to 'logic 0'. (LINT-52)
Warning: In design 'Interp16ColsStep', output port 'io_out_22[30]' is connected directly to 'logic 0'. (LINT-52)
Warning: In design 'Interp16ColsStep', output port 'io_out_23[32]' is connected directly to 'logic 0'. (LINT-52)
Warning: In design 'Interp16ColsStep', output port 'io_out_23[31]' is connected directly to 'logic 0'. (LINT-52)
Warning: In design 'Interp16ColsStep', output port 'io_out_23[30]' is connected directly to 'logic 0'. (LINT-52)
Warning: In design 'Interp16ColsStep', output port 'io_out_24[32]' is connected directly to 'logic 0'. (LINT-52)
Warning: In design 'Interp16ColsStep', output port 'io_out_24[31]' is connected directly to 'logic 0'. (LINT-52)
Warning: In design 'Interp16ColsStep', output port 'io_out_24[30]' is connected directly to 'logic 0'. (LINT-52)
Warning: In design 'Interp16ColsStep', output port 'io_out_25[32]' is connected directly to 'logic 0'. (LINT-52)
Warning: In design 'Interp16ColsStep', output port 'io_out_25[31]' is connected directly to 'logic 0'. (LINT-52)
Warning: In design 'Interp16ColsStep', output port 'io_out_25[30]' is connected directly to 'logic 0'. (LINT-52)
Warning: In design 'Interp16ColsStep', output port 'io_out_26[32]' is connected directly to 'logic 0'. (LINT-52)
Warning: In design 'Interp16ColsStep', output port 'io_out_26[31]' is connected directly to 'logic 0'. (LINT-52)
Warning: In design 'Interp16ColsStep', output port 'io_out_26[30]' is connected directly to 'logic 0'. (LINT-52)
Warning: In design 'Interp16ColsStep', output port 'io_out_27[32]' is connected directly to 'logic 0'. (LINT-52)
Warning: In design 'Interp16ColsStep', output port 'io_out_27[31]' is connected directly to 'logic 0'. (LINT-52)
Warning: In design 'Interp16ColsStep', output port 'io_out_27[30]' is connected directly to 'logic 0'. (LINT-52)
Warning: In design 'Interp16ColsStep', output port 'io_out_28[32]' is connected directly to 'logic 0'. (LINT-52)
Warning: In design 'Interp16ColsStep', output port 'io_out_28[31]' is connected directly to 'logic 0'. (LINT-52)
Warning: In design 'Interp16ColsStep', output port 'io_out_28[30]' is connected directly to 'logic 0'. (LINT-52)
Warning: In design 'Interp16ColsStep', output port 'io_out_29[32]' is connected directly to 'logic 0'. (LINT-52)
Warning: In design 'Interp16ColsStep', output port 'io_out_29[31]' is connected directly to 'logic 0'. (LINT-52)
Warning: In design 'Interp16ColsStep', output port 'io_out_29[30]' is connected directly to 'logic 0'. (LINT-52)
Warning: In design 'Interp16ColsStep', output port 'io_out_30[32]' is connected directly to 'logic 0'. (LINT-52)
Warning: In design 'Interp16ColsStep', output port 'io_out_30[31]' is connected directly to 'logic 0'. (LINT-52)
Warning: In design 'Interp16ColsStep', output port 'io_out_30[30]' is connected directly to 'logic 0'. (LINT-52)
Warning: In design 'Interp16ColsStep', output port 'io_out_31[32]' is connected directly to 'logic 0'. (LINT-52)
Warning: In design 'Interp16ColsStep', output port 'io_out_31[31]' is connected directly to 'logic 0'. (LINT-52)
Warning: In design 'Interp16ColsStep', output port 'io_out_31[30]' is connected directly to 'logic 0'. (LINT-52)
Warning: In design 'Interp16ColsStep', output port 'io_out_32[32]' is connected directly to 'logic 0'. (LINT-52)
Warning: In design 'Interp16ColsStep', output port 'io_out_32[31]' is connected directly to 'logic 0'. (LINT-52)
Warning: In design 'Interp16ColsStep', output port 'io_out_32[30]' is connected directly to 'logic 0'. (LINT-52)
Warning: In design 'Interp16ColsStep', output port 'io_out_33[32]' is connected directly to 'logic 0'. (LINT-52)
Warning: In design 'Interp16ColsStep', output port 'io_out_33[31]' is connected directly to 'logic 0'. (LINT-52)
Warning: In design 'Interp16ColsStep', output port 'io_out_33[30]' is connected directly to 'logic 0'. (LINT-52)
Warning: In design 'Interp16ColsStep', output port 'io_out_34[32]' is connected directly to 'logic 0'. (LINT-52)
Warning: In design 'Interp16ColsStep', output port 'io_out_34[31]' is connected directly to 'logic 0'. (LINT-52)
Warning: In design 'Interp16ColsStep', output port 'io_out_34[30]' is connected directly to 'logic 0'. (LINT-52)
Warning: In design 'Interp16ColsStep', output port 'io_out_35[32]' is connected directly to 'logic 0'. (LINT-52)
Warning: In design 'Interp16ColsStep', output port 'io_out_35[31]' is connected directly to 'logic 0'. (LINT-52)
Warning: In design 'Interp16ColsStep', output port 'io_out_35[30]' is connected directly to 'logic 0'. (LINT-52)
Warning: In design 'Interp16ColsStep', output port 'io_out_36[32]' is connected directly to 'logic 0'. (LINT-52)
Warning: In design 'Interp16ColsStep', output port 'io_out_36[31]' is connected directly to 'logic 0'. (LINT-52)
Warning: In design 'Interp16ColsStep', output port 'io_out_36[30]' is connected directly to 'logic 0'. (LINT-52)
Warning: In design 'Interp16ColsStep', output port 'io_out_37[32]' is connected directly to 'logic 0'. (LINT-52)
Warning: In design 'Interp16ColsStep', output port 'io_out_37[31]' is connected directly to 'logic 0'. (LINT-52)
Warning: In design 'Interp16ColsStep', output port 'io_out_37[30]' is connected directly to 'logic 0'. (LINT-52)
Warning: In design 'Interp16ColsStep', output port 'io_out_38[32]' is connected directly to 'logic 0'. (LINT-52)
Warning: In design 'Interp16ColsStep', output port 'io_out_38[31]' is connected directly to 'logic 0'. (LINT-52)
Warning: In design 'Interp16ColsStep', output port 'io_out_38[30]' is connected directly to 'logic 0'. (LINT-52)
Warning: In design 'Interp16ColsStep', output port 'io_out_39[32]' is connected directly to 'logic 0'. (LINT-52)
Warning: In design 'Interp16ColsStep', output port 'io_out_39[31]' is connected directly to 'logic 0'. (LINT-52)
Warning: In design 'Interp16ColsStep', output port 'io_out_39[30]' is connected directly to 'logic 0'. (LINT-52)
Warning: In design 'Interp16ColsStep', output port 'io_out_40[32]' is connected directly to 'logic 0'. (LINT-52)
Warning: In design 'Interp16ColsStep', output port 'io_out_40[31]' is connected directly to 'logic 0'. (LINT-52)
Warning: In design 'Interp16ColsStep', output port 'io_out_40[30]' is connected directly to 'logic 0'. (LINT-52)
Warning: In design 'Interp16ColsStep', output port 'io_out_41[32]' is connected directly to 'logic 0'. (LINT-52)
Warning: In design 'Interp16ColsStep', output port 'io_out_41[31]' is connected directly to 'logic 0'. (LINT-52)
Warning: In design 'Interp16ColsStep', output port 'io_out_41[30]' is connected directly to 'logic 0'. (LINT-52)
Warning: In design 'Interp16ColsStep', output port 'io_out_42[32]' is connected directly to 'logic 0'. (LINT-52)
Warning: In design 'Interp16ColsStep', output port 'io_out_42[31]' is connected directly to 'logic 0'. (LINT-52)
Warning: In design 'Interp16ColsStep', output port 'io_out_42[30]' is connected directly to 'logic 0'. (LINT-52)
Warning: In design 'Interp16ColsStep', output port 'io_out_43[32]' is connected directly to 'logic 0'. (LINT-52)
Warning: In design 'Interp16ColsStep', output port 'io_out_43[31]' is connected directly to 'logic 0'. (LINT-52)
Warning: In design 'Interp16ColsStep', output port 'io_out_43[30]' is connected directly to 'logic 0'. (LINT-52)
Warning: In design 'Interp16ColsStep', output port 'io_out_44[32]' is connected directly to 'logic 0'. (LINT-52)
Warning: In design 'Interp16ColsStep', output port 'io_out_44[31]' is connected directly to 'logic 0'. (LINT-52)
Warning: In design 'Interp16ColsStep', output port 'io_out_44[30]' is connected directly to 'logic 0'. (LINT-52)
Warning: In design 'Interp16ColsStep', output port 'io_out_45[32]' is connected directly to 'logic 0'. (LINT-52)
Warning: In design 'Interp16ColsStep', output port 'io_out_45[31]' is connected directly to 'logic 0'. (LINT-52)
Warning: In design 'Interp16ColsStep', output port 'io_out_45[30]' is connected directly to 'logic 0'. (LINT-52)
Warning: In design 'Interp16ColsStep', output port 'io_out_46[32]' is connected directly to 'logic 0'. (LINT-52)
Warning: In design 'Interp16ColsStep', output port 'io_out_46[31]' is connected directly to 'logic 0'. (LINT-52)
Warning: In design 'Interp16ColsStep', output port 'io_out_46[30]' is connected directly to 'logic 0'. (LINT-52)
Warning: In design 'Interp16ColsStep', output port 'io_out_47[32]' is connected directly to 'logic 0'. (LINT-52)
Warning: In design 'Interp16ColsStep', output port 'io_out_47[31]' is connected directly to 'logic 0'. (LINT-52)
Warning: In design 'Interp16ColsStep', output port 'io_out_47[30]' is connected directly to 'logic 0'. (LINT-52)
Warning: In design 'Interp16ColsStep', output port 'io_out_48[32]' is connected directly to 'logic 0'. (LINT-52)
Warning: In design 'Interp16ColsStep', output port 'io_out_48[31]' is connected directly to 'logic 0'. (LINT-52)
Warning: In design 'Interp16ColsStep', output port 'io_out_48[30]' is connected directly to 'logic 0'. (LINT-52)
Warning: In design 'Interp16ColsStep', output port 'io_out_49[32]' is connected directly to 'logic 0'. (LINT-52)
Warning: In design 'Interp16ColsStep', output port 'io_out_49[31]' is connected directly to 'logic 0'. (LINT-52)
Warning: In design 'Interp16ColsStep', output port 'io_out_49[30]' is connected directly to 'logic 0'. (LINT-52)
Warning: In design 'Interp16ColsStep', output port 'io_out_50[32]' is connected directly to 'logic 0'. (LINT-52)
Warning: In design 'Interp16ColsStep', output port 'io_out_50[31]' is connected directly to 'logic 0'. (LINT-52)
Warning: In design 'Interp16ColsStep', output port 'io_out_50[30]' is connected directly to 'logic 0'. (LINT-52)
Warning: In design 'Interp16ColsStep', output port 'io_out_51[32]' is connected directly to 'logic 0'. (LINT-52)
Warning: In design 'Interp16ColsStep', output port 'io_out_51[31]' is connected directly to 'logic 0'. (LINT-52)
Warning: In design 'Interp16ColsStep', output port 'io_out_51[30]' is connected directly to 'logic 0'. (LINT-52)
Warning: In design 'Interp16ColsStep', output port 'io_out_52[32]' is connected directly to 'logic 0'. (LINT-52)
Warning: In design 'Interp16ColsStep', output port 'io_out_52[31]' is connected directly to 'logic 0'. (LINT-52)
Warning: In design 'Interp16ColsStep', output port 'io_out_52[30]' is connected directly to 'logic 0'. (LINT-52)
Warning: In design 'Interp16ColsStep', output port 'io_out_53[32]' is connected directly to 'logic 0'. (LINT-52)
Warning: In design 'Interp16ColsStep', output port 'io_out_53[31]' is connected directly to 'logic 0'. (LINT-52)
Warning: In design 'Interp16ColsStep', output port 'io_out_53[30]' is connected directly to 'logic 0'. (LINT-52)
Warning: In design 'Interp16ColsStep', output port 'io_out_54[32]' is connected directly to 'logic 0'. (LINT-52)
Warning: In design 'Interp16ColsStep', output port 'io_out_54[31]' is connected directly to 'logic 0'. (LINT-52)
Warning: In design 'Interp16ColsStep', output port 'io_out_54[30]' is connected directly to 'logic 0'. (LINT-52)
Warning: In design 'Interp16ColsStep', output port 'io_out_55[32]' is connected directly to 'logic 0'. (LINT-52)
Warning: In design 'Interp16ColsStep', output port 'io_out_55[31]' is connected directly to 'logic 0'. (LINT-52)
Warning: In design 'Interp16ColsStep', output port 'io_out_55[30]' is connected directly to 'logic 0'. (LINT-52)
Warning: In design 'Interp16ColsStep', output port 'io_out_56[32]' is connected directly to 'logic 0'. (LINT-52)
Warning: In design 'Interp16ColsStep', output port 'io_out_56[31]' is connected directly to 'logic 0'. (LINT-52)
Warning: In design 'Interp16ColsStep', output port 'io_out_56[30]' is connected directly to 'logic 0'. (LINT-52)
Warning: In design 'Interp16ColsStep', output port 'io_out_57[32]' is connected directly to 'logic 0'. (LINT-52)
Warning: In design 'Interp16ColsStep', output port 'io_out_57[31]' is connected directly to 'logic 0'. (LINT-52)
Warning: In design 'Interp16ColsStep', output port 'io_out_57[30]' is connected directly to 'logic 0'. (LINT-52)
Warning: In design 'Interp16ColsStep', output port 'io_out_58[32]' is connected directly to 'logic 0'. (LINT-52)
Warning: In design 'Interp16ColsStep', output port 'io_out_58[31]' is connected directly to 'logic 0'. (LINT-52)
Warning: In design 'Interp16ColsStep', output port 'io_out_58[30]' is connected directly to 'logic 0'. (LINT-52)
Warning: In design 'Interp16ColsStep', output port 'io_out_59[32]' is connected directly to 'logic 0'. (LINT-52)
Warning: In design 'Interp16ColsStep', output port 'io_out_59[31]' is connected directly to 'logic 0'. (LINT-52)
Warning: In design 'Interp16ColsStep', output port 'io_out_59[30]' is connected directly to 'logic 0'. (LINT-52)
Warning: In design 'Interp16ColsStep', output port 'io_out_60[32]' is connected directly to 'logic 0'. (LINT-52)
Warning: In design 'Interp16ColsStep', output port 'io_out_60[31]' is connected directly to 'logic 0'. (LINT-52)
Warning: In design 'Interp16ColsStep', output port 'io_out_60[30]' is connected directly to 'logic 0'. (LINT-52)
Warning: In design 'Interp16ColsStep', output port 'io_out_61[32]' is connected directly to 'logic 0'. (LINT-52)
Warning: In design 'Interp16ColsStep', output port 'io_out_61[31]' is connected directly to 'logic 0'. (LINT-52)
Warning: In design 'Interp16ColsStep', output port 'io_out_61[30]' is connected directly to 'logic 0'. (LINT-52)
Warning: In design 'Interp16ColsStep', output port 'io_out_62[32]' is connected directly to 'logic 0'. (LINT-52)
Warning: In design 'Interp16ColsStep', output port 'io_out_62[31]' is connected directly to 'logic 0'. (LINT-52)
Warning: In design 'Interp16ColsStep', output port 'io_out_62[30]' is connected directly to 'logic 0'. (LINT-52)
Warning: In design 'Interp16ColsStep', output port 'io_out_63[32]' is connected directly to 'logic 0'. (LINT-52)
Warning: In design 'Interp16ColsStep', output port 'io_out_63[31]' is connected directly to 'logic 0'. (LINT-52)
Warning: In design 'Interp16ColsStep', output port 'io_out_63[30]' is connected directly to 'logic 0'. (LINT-52)
Warning: In design 'Eval', output port 'io_out_0[38]' is connected directly to 'logic 0'. (LINT-52)
Warning: In design 'Eval', output port 'io_out_0[37]' is connected directly to 'logic 0'. (LINT-52)
Warning: In design 'Eval', output port 'io_out_0[36]' is connected directly to 'logic 0'. (LINT-52)
Warning: In design 'Eval', output port 'io_out_0[35]' is connected directly to 'logic 0'. (LINT-52)
Warning: In design 'Eval', output port 'io_out_0[34]' is connected directly to 'logic 0'. (LINT-52)
Warning: In design 'Eval', output port 'io_out_0[33]' is connected directly to 'logic 0'. (LINT-52)
Warning: In design 'Eval', output port 'io_out_0[32]' is connected directly to 'logic 0'. (LINT-52)
Warning: In design 'Eval', output port 'io_out_0[31]' is connected directly to 'logic 0'. (LINT-52)
Warning: In design 'Eval', output port 'io_out_0[30]' is connected directly to 'logic 0'. (LINT-52)
Warning: In design 'Eval', output port 'io_out_0[29]' is connected directly to 'logic 0'. (LINT-52)
Warning: In design 'Eval', output port 'io_out_0[28]' is connected directly to 'logic 0'. (LINT-52)
Warning: In design 'Eval', output port 'io_out_0[27]' is connected directly to 'logic 0'. (LINT-52)
Warning: In design 'Eval', output port 'io_out_0[26]' is connected directly to 'logic 0'. (LINT-52)
Warning: In design 'Eval', output port 'io_out_0[25]' is connected directly to 'logic 0'. (LINT-52)
Warning: In design 'Eval', output port 'io_out_0[24]' is connected directly to 'logic 0'. (LINT-52)
Warning: In design 'Eval', output port 'io_out_1[38]' is connected directly to 'logic 0'. (LINT-52)
Warning: In design 'Eval', output port 'io_out_1[37]' is connected directly to 'logic 0'. (LINT-52)
Warning: In design 'Eval', output port 'io_out_1[36]' is connected directly to 'logic 0'. (LINT-52)
Warning: In design 'Eval', output port 'io_out_1[35]' is connected directly to 'logic 0'. (LINT-52)
Warning: In design 'Eval', output port 'io_out_1[34]' is connected directly to 'logic 0'. (LINT-52)
Warning: In design 'Eval', output port 'io_out_1[33]' is connected directly to 'logic 0'. (LINT-52)
Warning: In design 'Eval', output port 'io_out_1[32]' is connected directly to 'logic 0'. (LINT-52)
Warning: In design 'Eval', output port 'io_out_1[31]' is connected directly to 'logic 0'. (LINT-52)
Warning: In design 'Eval', output port 'io_out_1[30]' is connected directly to 'logic 0'. (LINT-52)
Warning: In design 'Eval', output port 'io_out_2[38]' is connected directly to 'logic 0'. (LINT-52)
Warning: In design 'Eval', output port 'io_out_2[37]' is connected directly to 'logic 0'. (LINT-52)
Warning: In design 'Eval', output port 'io_out_2[36]' is connected directly to 'logic 0'. (LINT-52)
Warning: In design 'Eval', output port 'io_out_2[35]' is connected directly to 'logic 0'. (LINT-52)
Warning: In design 'Eval', output port 'io_out_2[34]' is connected directly to 'logic 0'. (LINT-52)
Warning: In design 'Eval', output port 'io_out_2[33]' is connected directly to 'logic 0'. (LINT-52)
Warning: In design 'Eval', output port 'io_out_2[32]' is connected directly to 'logic 0'. (LINT-52)
Warning: In design 'Eval', output port 'io_out_2[31]' is connected directly to 'logic 0'. (LINT-52)
Warning: In design 'Eval', output port 'io_out_2[30]' is connected directly to 'logic 0'. (LINT-52)
Warning: In design 'Eval', output port 'io_out_2[29]' is connected directly to 'logic 0'. (LINT-52)
Warning: In design 'Eval', output port 'io_out_2[28]' is connected directly to 'logic 0'. (LINT-52)
Warning: In design 'Eval', output port 'io_out_2[27]' is connected directly to 'logic 0'. (LINT-52)
Warning: In design 'Eval', output port 'io_out_2[26]' is connected directly to 'logic 0'. (LINT-52)
Warning: In design 'Eval', output port 'io_out_4[38]' is connected directly to 'logic 0'. (LINT-52)
Warning: In design 'Eval', output port 'io_out_4[37]' is connected directly to 'logic 0'. (LINT-52)
Warning: In design 'Eval', output port 'io_out_4[36]' is connected directly to 'logic 0'. (LINT-52)
Warning: In design 'Eval', output port 'io_out_4[35]' is connected directly to 'logic 0'. (LINT-52)
Warning: In design 'Eval', output port 'io_out_4[34]' is connected directly to 'logic 0'. (LINT-52)
Warning: In design 'Eval', output port 'io_out_4[33]' is connected directly to 'logic 0'. (LINT-52)
Warning: In design 'Eval', output port 'io_out_4[32]' is connected directly to 'logic 0'. (LINT-52)
Warning: In design 'Eval', output port 'io_out_4[31]' is connected directly to 'logic 0'. (LINT-52)
Warning: In design 'Eval', output port 'io_out_4[30]' is connected directly to 'logic 0'. (LINT-52)
Warning: In design 'Eval', output port 'io_out_4[29]' is connected directly to 'logic 0'. (LINT-52)
Warning: In design 'Eval', output port 'io_out_6[38]' is connected directly to 'logic 0'. (LINT-52)
Warning: In design 'Eval', output port 'io_out_6[37]' is connected directly to 'logic 0'. (LINT-52)
Warning: In design 'Eval', output port 'io_out_6[36]' is connected directly to 'logic 0'. (LINT-52)
Warning: In design 'Eval', output port 'io_out_6[35]' is connected directly to 'logic 0'. (LINT-52)
Warning: In design 'Eval', output port 'io_out_6[34]' is connected directly to 'logic 0'. (LINT-52)
Warning: In design 'Eval', output port 'io_out_6[33]' is connected directly to 'logic 0'. (LINT-52)
Warning: In design 'Eval', output port 'io_out_6[32]' is connected directly to 'logic 0'. (LINT-52)
Warning: In design 'Eval', output port 'io_out_6[31]' is connected directly to 'logic 0'. (LINT-52)
Warning: In design 'Eval', output port 'io_out_6[30]' is connected directly to 'logic 0'. (LINT-52)
Warning: In design 'Eval', output port 'io_out_6[29]' is connected directly to 'logic 0'. (LINT-52)
Warning: In design 'Eval', output port 'io_out_6[28]' is connected directly to 'logic 0'. (LINT-52)
Warning: In design 'Eval', output port 'io_out_6[27]' is connected directly to 'logic 0'. (LINT-52)
Warning: In design 'Eval', output port 'io_out_6[26]' is connected directly to 'logic 0'. (LINT-52)
Warning: In design 'Eval', output port 'io_out_6[25]' is connected directly to 'logic 0'. (LINT-52)
Warning: In design 'Eval', output port 'io_out_6[24]' is connected directly to 'logic 0'. (LINT-52)
Warning: In design 'Eval_336', output port 'io_out_0[28]' is connected directly to 'logic 0'. (LINT-52)
Warning: In design 'Eval_336', output port 'io_out_0[27]' is connected directly to 'logic 0'. (LINT-52)
Warning: In design 'Eval_336', output port 'io_out_0[26]' is connected directly to 'logic 0'. (LINT-52)
Warning: In design 'Eval_336', output port 'io_out_0[25]' is connected directly to 'logic 0'. (LINT-52)
Warning: In design 'Eval_336', output port 'io_out_0[24]' is connected directly to 'logic 0'. (LINT-52)
Warning: In design 'Eval_336', output port 'io_out_0[23]' is connected directly to 'logic 0'. (LINT-52)
Warning: In design 'Eval_336', output port 'io_out_0[22]' is connected directly to 'logic 0'. (LINT-52)
Warning: In design 'Eval_336', output port 'io_out_0[21]' is connected directly to 'logic 0'. (LINT-52)
Warning: In design 'Eval_336', output port 'io_out_0[20]' is connected directly to 'logic 0'. (LINT-52)
Warning: In design 'Eval_336', output port 'io_out_0[19]' is connected directly to 'logic 0'. (LINT-52)
Warning: In design 'Eval_336', output port 'io_out_0[18]' is connected directly to 'logic 0'. (LINT-52)
Warning: In design 'Eval_336', output port 'io_out_0[17]' is connected directly to 'logic 0'. (LINT-52)
Warning: In design 'Eval_336', output port 'io_out_0[16]' is connected directly to 'logic 0'. (LINT-52)
Warning: In design 'Eval_336', output port 'io_out_0[15]' is connected directly to 'logic 0'. (LINT-52)
Warning: In design 'Eval_336', output port 'io_out_0[14]' is connected directly to 'logic 0'. (LINT-52)
Warning: In design 'Eval_336', output port 'io_out_0[13]' is connected directly to 'logic 0'. (LINT-52)
Warning: In design 'Eval_336', output port 'io_out_0[12]' is connected directly to 'logic 0'. (LINT-52)
Warning: In design 'Eval_336', output port 'io_out_0[11]' is connected directly to 'logic 0'. (LINT-52)
Warning: In design 'Eval_336', output port 'io_out_0[10]' is connected directly to 'logic 0'. (LINT-52)
Warning: In design 'Eval_336', output port 'io_out_0[9]' is connected directly to 'logic 0'. (LINT-52)
Warning: In design 'Eval_336', output port 'io_out_0[8]' is connected directly to 'logic 0'. (LINT-52)
Warning: In design 'Eval_336', output port 'io_out_1[28]' is connected directly to 'logic 0'. (LINT-52)
Warning: In design 'Eval_336', output port 'io_out_1[27]' is connected directly to 'logic 0'. (LINT-52)
Warning: In design 'Eval_336', output port 'io_out_1[26]' is connected directly to 'logic 0'. (LINT-52)
Warning: In design 'Eval_336', output port 'io_out_1[25]' is connected directly to 'logic 0'. (LINT-52)
Warning: In design 'Eval_336', output port 'io_out_1[24]' is connected directly to 'logic 0'. (LINT-52)
Warning: In design 'Eval_336', output port 'io_out_1[23]' is connected directly to 'logic 0'. (LINT-52)
Warning: In design 'Eval_336', output port 'io_out_1[22]' is connected directly to 'logic 0'. (LINT-52)
Warning: In design 'Eval_336', output port 'io_out_1[21]' is connected directly to 'logic 0'. (LINT-52)
Warning: In design 'Eval_336', output port 'io_out_1[20]' is connected directly to 'logic 0'. (LINT-52)
Warning: In design 'Eval_336', output port 'io_out_1[19]' is connected directly to 'logic 0'. (LINT-52)
Warning: In design 'Eval_336', output port 'io_out_1[18]' is connected directly to 'logic 0'. (LINT-52)
Warning: In design 'Eval_336', output port 'io_out_1[17]' is connected directly to 'logic 0'. (LINT-52)
Warning: In design 'Eval_336', output port 'io_out_1[16]' is connected directly to 'logic 0'. (LINT-52)
Warning: In design 'Eval_336', output port 'io_out_1[15]' is connected directly to 'logic 0'. (LINT-52)
Warning: In design 'Eval_336', output port 'io_out_1[14]' is connected directly to 'logic 0'. (LINT-52)
Warning: In design 'Eval_336', output port 'io_out_2[28]' is connected directly to 'logic 0'. (LINT-52)
Warning: In design 'Eval_336', output port 'io_out_2[27]' is connected directly to 'logic 0'. (LINT-52)
Warning: In design 'Eval_336', output port 'io_out_2[26]' is connected directly to 'logic 0'. (LINT-52)
Warning: In design 'Eval_336', output port 'io_out_2[25]' is connected directly to 'logic 0'. (LINT-52)
Warning: In design 'Eval_336', output port 'io_out_2[24]' is connected directly to 'logic 0'. (LINT-52)
Warning: In design 'Eval_336', output port 'io_out_2[23]' is connected directly to 'logic 0'. (LINT-52)
Warning: In design 'Eval_336', output port 'io_out_2[22]' is connected directly to 'logic 0'. (LINT-52)
Warning: In design 'Eval_336', output port 'io_out_2[21]' is connected directly to 'logic 0'. (LINT-52)
Warning: In design 'Eval_336', output port 'io_out_2[20]' is connected directly to 'logic 0'. (LINT-52)
Warning: In design 'Eval_336', output port 'io_out_2[19]' is connected directly to 'logic 0'. (LINT-52)
Warning: In design 'Eval_336', output port 'io_out_2[18]' is connected directly to 'logic 0'. (LINT-52)
Warning: In design 'Eval_336', output port 'io_out_2[17]' is connected directly to 'logic 0'. (LINT-52)
Warning: In design 'Eval_336', output port 'io_out_2[16]' is connected directly to 'logic 0'. (LINT-52)
Warning: In design 'Eval_336', output port 'io_out_2[15]' is connected directly to 'logic 0'. (LINT-52)
Warning: In design 'Eval_336', output port 'io_out_2[14]' is connected directly to 'logic 0'. (LINT-52)
Warning: In design 'Eval_336', output port 'io_out_2[13]' is connected directly to 'logic 0'. (LINT-52)
Warning: In design 'Eval_336', output port 'io_out_2[12]' is connected directly to 'logic 0'. (LINT-52)
Warning: In design 'Eval_336', output port 'io_out_2[11]' is connected directly to 'logic 0'. (LINT-52)
Warning: In design 'Eval_336', output port 'io_out_2[10]' is connected directly to 'logic 0'. (LINT-52)
Warning: In design 'Eval_336', output port 'io_out_4[28]' is connected directly to 'logic 0'. (LINT-52)
Warning: In design 'Eval_336', output port 'io_out_4[27]' is connected directly to 'logic 0'. (LINT-52)
Warning: In design 'Eval_336', output port 'io_out_4[26]' is connected directly to 'logic 0'. (LINT-52)
Warning: In design 'Eval_336', output port 'io_out_4[25]' is connected directly to 'logic 0'. (LINT-52)
Warning: In design 'Eval_336', output port 'io_out_4[24]' is connected directly to 'logic 0'. (LINT-52)
Warning: In design 'Eval_336', output port 'io_out_4[23]' is connected directly to 'logic 0'. (LINT-52)
Warning: In design 'Eval_336', output port 'io_out_4[22]' is connected directly to 'logic 0'. (LINT-52)
Warning: In design 'Eval_336', output port 'io_out_4[21]' is connected directly to 'logic 0'. (LINT-52)
Warning: In design 'Eval_336', output port 'io_out_4[20]' is connected directly to 'logic 0'. (LINT-52)
Warning: In design 'Eval_336', output port 'io_out_4[19]' is connected directly to 'logic 0'. (LINT-52)
Warning: In design 'Eval_336', output port 'io_out_4[18]' is connected directly to 'logic 0'. (LINT-52)
Warning: In design 'Eval_336', output port 'io_out_4[17]' is connected directly to 'logic 0'. (LINT-52)
Warning: In design 'Eval_336', output port 'io_out_4[16]' is connected directly to 'logic 0'. (LINT-52)
Warning: In design 'Eval_336', output port 'io_out_4[15]' is connected directly to 'logic 0'. (LINT-52)
Warning: In design 'Eval_336', output port 'io_out_4[14]' is connected directly to 'logic 0'. (LINT-52)
Warning: In design 'Eval_336', output port 'io_out_4[13]' is connected directly to 'logic 0'. (LINT-52)
Warning: In design 'Eval_336', output port 'io_out_6[28]' is connected directly to 'logic 0'. (LINT-52)
Warning: In design 'Eval_336', output port 'io_out_6[27]' is connected directly to 'logic 0'. (LINT-52)
Warning: In design 'Eval_336', output port 'io_out_6[26]' is connected directly to 'logic 0'. (LINT-52)
Warning: In design 'Eval_336', output port 'io_out_6[25]' is connected directly to 'logic 0'. (LINT-52)
Warning: In design 'Eval_336', output port 'io_out_6[24]' is connected directly to 'logic 0'. (LINT-52)
Warning: In design 'Eval_336', output port 'io_out_6[23]' is connected directly to 'logic 0'. (LINT-52)
Warning: In design 'Eval_336', output port 'io_out_6[22]' is connected directly to 'logic 0'. (LINT-52)
Warning: In design 'Eval_336', output port 'io_out_6[21]' is connected directly to 'logic 0'. (LINT-52)
Warning: In design 'Eval_336', output port 'io_out_6[20]' is connected directly to 'logic 0'. (LINT-52)
Warning: In design 'Eval_336', output port 'io_out_6[19]' is connected directly to 'logic 0'. (LINT-52)
Warning: In design 'Eval_336', output port 'io_out_6[18]' is connected directly to 'logic 0'. (LINT-52)
Warning: In design 'Eval_336', output port 'io_out_6[17]' is connected directly to 'logic 0'. (LINT-52)
Warning: In design 'Eval_336', output port 'io_out_6[16]' is connected directly to 'logic 0'. (LINT-52)
Warning: In design 'Eval_336', output port 'io_out_6[15]' is connected directly to 'logic 0'. (LINT-52)
Warning: In design 'Eval_336', output port 'io_out_6[14]' is connected directly to 'logic 0'. (LINT-52)
Warning: In design 'Eval_336', output port 'io_out_6[13]' is connected directly to 'logic 0'. (LINT-52)
Warning: In design 'Eval_336', output port 'io_out_6[12]' is connected directly to 'logic 0'. (LINT-52)
Warning: In design 'Eval_336', output port 'io_out_6[11]' is connected directly to 'logic 0'. (LINT-52)
Warning: In design 'Eval_336', output port 'io_out_6[10]' is connected directly to 'logic 0'. (LINT-52)
Warning: In design 'Eval_336', output port 'io_out_6[9]' is connected directly to 'logic 0'. (LINT-52)
Warning: In design 'Eval_336', output port 'io_out_6[8]' is connected directly to 'logic 0'. (LINT-52)
1
