 
****************************************
Report : area
Design : core64_a28_b16_c28
Version: O-2018.06-SP5
Date   : Wed May 13 01:41:42 2026
****************************************

Library(s) Used:

    tcbn28hpcplusbwp40p140lvtssg0p81vm40c_ccs (File: /export1/Library/TN28HPC+/STD_CELL_ext/track9_200824/TSMCHOME/digital/Front_End/timing_power_noise/CCS/tcbn28hpcplusbwp40p140lvt_180a/tcbn28hpcplusbwp40p140lvtssg0p81vm40c_ccs.db)
    tcbn28hpcplusbwp40p140ssg0p81vm40c_ccs (File: /export1/Library/TN28HPC+/STD_CELL_ext/track9_200824/TSMCHOME/digital/Front_End/timing_power_noise/CCS/tcbn28hpcplusbwp40p140_180a/tcbn28hpcplusbwp40p140ssg0p81vm40c_ccs.db)
    tcbn28hpcplusbwp40p140hvtssg0p81vm40c_ccs (File: /export1/Library/TN28HPC+/STD_CELL_ext/track9_200824/TSMCHOME/digital/Front_End/timing_power_noise/CCS/tcbn28hpcplusbwp40p140hvt_180a/tcbn28hpcplusbwp40p140hvtssg0p81vm40c_ccs.db)

Number of ports:                       363794
Number of nets:                       1143887
Number of cells:                       594653
Number of combinational cells:         552697
Number of sequential cells:             34458
Number of macros/black boxes:               0
Number of buf/inv:                      69664
Number of references:                      45

Combinational area:             685663.135722
Buf/Inv area:                    18836.874152
Noncombinational area:           69461.407115
Macro/Black Box area:                0.000000
Net Interconnect area:      undefined  (Wire load has zero net area)

Total cell area:                755124.542837
Total area:                 undefined

Hierarchical area distribution
------------------------------

                                  Global cell area              Local cell area
                                  --------------------  ------------------------------- 
Hierarchical cell                 Absolute     Percent  Combi-       Noncombi-   Black-
                                  Total        Total    national     national    boxes   Design
--------------------------------  -----------  -------  -----------  ----------  ------  ---------------------------------------------------
core64_a28_b16_c28                755124.5428    100.0       2.0160   6904.8001  0.0000  core64_a28_b16_c28
core16_0                           94119.8569     12.5       2.0160   1897.0560  0.0000  core16_6
core16_0/core4_0                   10270.6379      1.4       1.0080    518.1120  0.0000  core4_48
core16_0/core4_0/evalA               718.0740      0.1      22.4280      0.0000  0.0000  Eval_32_48
core16_0/core4_0/evalA/DP_OP_54J25_122_2391    185.9760     0.0    185.9760     0.0000 0.0000 Eval_32_0_DP_OP_54J25_122_2391_J25_0_3
core16_0/core4_0/evalA/DP_OP_55J25_123_3961    251.8740     0.0    251.8740     0.0000 0.0000 Eval_32_0_DP_OP_55J25_123_3961_J25_0_3
core16_0/core4_0/evalA/DP_OP_56J25_124_3269    257.7960     0.0    257.7960     0.0000 0.0000 Eval_32_0_DP_OP_56J25_124_3269_J25_0_3
core16_0/core4_0/evalB               436.5900      0.1      13.3560      0.0000  0.0000  Eval_33_48
core16_0/core4_0/evalB/DP_OP_54J24_125_1607    110.1240     0.0    110.1240     0.0000 0.0000 Eval_33_0_DP_OP_54J24_125_1607_J24_0_3
core16_0/core4_0/evalB/DP_OP_55J24_126_5730    155.1060     0.0    155.1060     0.0000 0.0000 Eval_33_0_DP_OP_55J24_126_5730_J24_0_3
core16_0/core4_0/evalB/DP_OP_56J24_127_8412    158.0040     0.0    158.0040     0.0000 0.0000 Eval_33_0_DP_OP_56J24_127_8412_J24_0_3
core16_0/core4_0/interp             2613.9960      0.3       0.7560    268.1280  0.0000  Interpolation_49
core16_0/core4_0/interp/interp      2345.1120      0.3       0.2520      0.0000  0.0000  InterpolationComb_49
core16_0/core4_0/interp/interp/DP_OP_106J27_122_4023   2344.8600     0.3   2344.8600     0.0000 0.0000 InterpolationComb_0_DP_OP_106J27_122_4023_J27_0_20
core16_0/core4_0/mult_x_1            728.5320      0.1     728.5320      0.0000  0.0000  core4_48_DW_mult_uns_J18_3
core16_0/core4_0/mult_x_2            907.8300      0.1     907.8300      0.0000  0.0000  core4_48_DW_mult_uns_J18_2
core16_0/core4_0/mult_x_3            848.3580      0.1     848.3580      0.0000  0.0000  core4_48_DW_mult_tc_J18_2
core16_0/core4_0/mult_x_4            860.9580      0.1     860.9580      0.0000  0.0000  core4_48_DW_mult_tc_J18_1
core16_0/core4_0/mult_x_5            958.6080      0.1     958.6080      0.0000  0.0000  core4_48_DW_mult_uns_J18_1
core16_0/core4_0/mult_x_6            950.0400      0.1     950.0400      0.0000  0.0000  core4_48_DW_mult_tc_J18_0
core16_0/core4_0/mult_x_7            728.5320      0.1     728.5320      0.0000  0.0000  core4_48_DW_mult_uns_J18_0
core16_0/core4_1                   11553.1919      1.5       1.0080    518.1120  0.0000  core4_47
core16_0/core4_1/evalA               833.4900      0.1      25.5780      0.0000  0.0000  Eval_32_47
core16_0/core4_1/evalA/DP_OP_54J26_126_5395    215.5860     0.0    215.5860     0.0000 0.0000 Eval_32_5_DP_OP_54J26_126_5395_J26_0_3
core16_0/core4_1/evalA/DP_OP_55J26_127_4610    296.6040     0.0    296.6040     0.0000 0.0000 Eval_32_5_DP_OP_55J26_127_4610_J26_0_3
core16_0/core4_1/evalA/DP_OP_56J26_128_7292    295.7220     0.0    295.7220     0.0000 0.0000 Eval_32_5_DP_OP_56J26_128_7292_J26_0_3
core16_0/core4_1/evalB               548.8560      0.1      17.1360      0.0000  0.0000  Eval_33_47
core16_0/core4_1/evalB/DP_OP_54J26_129_3928    145.1520     0.0    145.1520     0.0000 0.0000 Eval_33_5_DP_OP_54J26_129_3928_J26_0_3
core16_0/core4_1/evalB/DP_OP_55J26_130_5326    193.7880     0.0    193.7880     0.0000 0.0000 Eval_33_5_DP_OP_55J26_130_5326_J26_0_3
core16_0/core4_1/evalB/DP_OP_56J26_131_8300    192.7800     0.0    192.7800     0.0000 0.0000 Eval_33_5_DP_OP_56J26_131_8300_J26_0_3
core16_0/core4_1/interp             2613.9960      0.3       0.7560    268.1280  0.0000  Interpolation_48
core16_0/core4_1/interp/interp      2345.1120      0.3       0.2520      0.0000  0.0000  InterpolationComb_48
core16_0/core4_1/interp/interp/DP_OP_106J27_122_4023   2344.8600     0.3   2344.8600     0.0000 0.0000 InterpolationComb_0_DP_OP_106J27_122_4023_J27_0_19
core16_0/core4_1/mult_x_1            903.0420      0.1     903.0420      0.0000  0.0000  core4_5_DW_mult_uns_J31_3_1
core16_0/core4_1/mult_x_2           1036.2240      0.1    1036.2240      0.0000  0.0000  core4_5_DW_mult_uns_J31_2_1
core16_0/core4_1/mult_x_3           1036.4760      0.1    1036.4760      0.0000  0.0000  core4_5_DW_mult_tc_J31_2_1
core16_0/core4_1/mult_x_4           1025.7660      0.1    1025.7660      0.0000  0.0000  core4_5_DW_mult_tc_J31_1_1
core16_0/core4_1/mult_x_5           1051.5960      0.1    1051.5960      0.0000  0.0000  core4_5_DW_mult_uns_J31_1_1
core16_0/core4_1/mult_x_6           1081.5840      0.1    1081.5840      0.0000  0.0000  core4_5_DW_mult_tc_J31_0_1
core16_0/core4_1/mult_x_7            903.0420      0.1     903.0420      0.0000  0.0000  core4_5_DW_mult_uns_J31_0_1
core16_0/core4_2                   10836.5039      1.4       1.0080    518.1120  0.0000  core4_46
core16_0/core4_2/evalA               759.6540      0.1      23.1840      0.0000  0.0000  Eval_32_46
core16_0/core4_2/evalA/DP_OP_53J27_123_3533    195.0480     0.0    195.0480     0.0000 0.0000 Eval_32_1_DP_OP_53J27_123_3533_J27_0_32
core16_0/core4_2/evalA/DP_OP_54J27_124_9398    268.1280     0.0    268.1280     0.0000 0.0000 Eval_32_1_DP_OP_54J27_124_9398_J27_0_32
core16_0/core4_2/evalA/DP_OP_55J27_125_9832    273.2940     0.0    273.2940     0.0000 0.0000 Eval_32_1_DP_OP_55J27_125_9832_J27_0_32
core16_0/core4_2/evalB               467.7120      0.1      14.6160      0.0000  0.0000  Eval_33_46
core16_0/core4_2/evalB/DP_OP_53J24_122_8097    119.4480     0.0    119.4480     0.0000 0.0000 Eval_33_1_DP_OP_53J24_122_8097_J24_0_28
core16_0/core4_2/evalB/DP_OP_54J24_123_1200    165.0600     0.0    165.0600     0.0000 0.0000 Eval_33_1_DP_OP_54J24_123_1200_J24_0_28
core16_0/core4_2/evalB/DP_OP_55J24_124_5184    168.5880     0.0    168.5880     0.0000 0.0000 Eval_33_1_DP_OP_55J24_124_5184_J24_0_28
core16_0/core4_2/interp             2712.4020      0.4       0.7560    276.1920  0.0000  Interpolation_47
core16_0/core4_2/interp/interp      2435.4540      0.3       0.2520      0.0000  0.0000  InterpolationComb_47
core16_0/core4_2/interp/interp/DP_OP_106J26_122_4688   2435.2020     0.3   2435.2020     0.0000 0.0000 InterpolationComb_1_DP_OP_106J26_122_4688_J26_0_27
core16_0/core4_2/mult_x_1            823.6620      0.1     823.6620      0.0000  0.0000  core4_1_DW_mult_tc_J21_6_22
core16_0/core4_2/mult_x_2            936.6840      0.1     936.6840      0.0000  0.0000  core4_1_DW_mult_tc_J21_5_22
core16_0/core4_2/mult_x_3            889.4340      0.1     889.4340      0.0000  0.0000  core4_1_DW_mult_tc_J21_4_22
core16_0/core4_2/mult_x_4            928.9980      0.1     928.9980      0.0000  0.0000  core4_1_DW_mult_tc_J21_3_22
core16_0/core4_2/mult_x_5            961.1280      0.1     961.1280      0.0000  0.0000  core4_1_DW_mult_tc_J21_2_22
core16_0/core4_2/mult_x_6           1010.2680      0.1    1010.2680      0.0000  0.0000  core4_1_DW_mult_tc_J21_1_22
core16_0/core4_2/mult_x_7            827.4420      0.1     827.4420      0.0000  0.0000  core4_1_DW_mult_tc_J21_0_22
core16_0/core4_3                   12019.3918      1.6       0.7560    518.1120  0.0000  core4_45
core16_0/core4_3/evalA               879.8580      0.1      28.2240      0.0000  0.0000  Eval_32_45
core16_0/core4_3/evalA/DP_OP_53J27_123_3533    222.6420     0.0    222.6420     0.0000 0.0000 Eval_32_1_DP_OP_53J27_123_3533_J27_0_31
core16_0/core4_3/evalA/DP_OP_54J27_124_9398    321.1740     0.0    321.1740     0.0000 0.0000 Eval_32_1_DP_OP_54J27_124_9398_J27_0_31
core16_0/core4_3/evalA/DP_OP_55J27_125_9832    307.8180     0.0    307.8180     0.0000 0.0000 Eval_32_1_DP_OP_55J27_125_9832_J27_0_31
core16_0/core4_3/evalB               688.4640      0.1      22.3020      0.0000  0.0000  Eval_33_45
core16_0/core4_3/evalB/DP_OP_53J24_122_8097    175.7700     0.0    175.7700     0.0000 0.0000 Eval_33_1_DP_OP_53J24_122_8097_J24_0_27
core16_0/core4_3/evalB/DP_OP_54J24_123_1200    251.4960     0.0    251.4960     0.0000 0.0000 Eval_33_1_DP_OP_54J24_123_1200_J24_0_27
core16_0/core4_3/evalB/DP_OP_55J24_124_5184    238.8960     0.0    238.8960     0.0000 0.0000 Eval_33_1_DP_OP_55J24_124_5184_J24_0_27
core16_0/core4_3/interp             2712.4020      0.4       0.7560    276.1920  0.0000  Interpolation_46
core16_0/core4_3/interp/interp      2435.4540      0.3       0.2520      0.0000  0.0000  InterpolationComb_46
core16_0/core4_3/interp/interp/DP_OP_106J26_122_4688   2435.2020     0.3   2435.2020     0.0000 0.0000 InterpolationComb_1_DP_OP_106J26_122_4688_J26_0_26
core16_0/core4_3/mult_x_1            830.2140      0.1     830.2140      0.0000  0.0000  core4_1_DW_mult_tc_J21_6_21
core16_0/core4_3/mult_x_2           1077.3000      0.1    1077.3000      0.0000  0.0000  core4_1_DW_mult_tc_J21_5_21
core16_0/core4_3/mult_x_3           1123.4160      0.1    1123.4160      0.0000  0.0000  core4_1_DW_mult_tc_J21_4_21
core16_0/core4_3/mult_x_4           1122.4080      0.1    1122.4080      0.0000  0.0000  core4_1_DW_mult_tc_J21_3_21
core16_0/core4_3/mult_x_5           1118.2500      0.1    1118.2500      0.0000  0.0000  core4_1_DW_mult_tc_J21_2_21
core16_0/core4_3/mult_x_6           1117.9980      0.1    1117.9980      0.0000  0.0000  core4_1_DW_mult_tc_J21_1_21
core16_0/core4_3/mult_x_7            830.2140      0.1     830.2140      0.0000  0.0000  core4_1_DW_mult_tc_J21_0_21
core16_0/core4_4                   11623.4998      1.5       1.0080    518.1120  0.0000  core4_44
core16_0/core4_4/evalA               834.8760      0.1      25.4520      0.0000  0.0000  Eval_32_44
core16_0/core4_4/evalA/DP_OP_54J16_122_2576    216.0900     0.0    216.0900     0.0000 0.0000 Eval_32_2_DP_OP_54J16_122_2576_J16_0_3
core16_0/core4_4/evalA/DP_OP_55J16_123_96    294.0840     0.0    294.0840     0.0000 0.0000 Eval_32_2_DP_OP_55J16_123_96_J16_0_3
core16_0/core4_4/evalA/DP_OP_56J16_124_6698    299.2500     0.0    299.2500     0.0000 0.0000 Eval_32_2_DP_OP_56J16_124_6698_J16_0_3
core16_0/core4_4/evalB               544.1940      0.1      17.1360      0.0000  0.0000  Eval_33_44
core16_0/core4_4/evalB/DP_OP_54J21_125_6473    140.9940     0.0    140.9940     0.0000 0.0000 Eval_33_2_DP_OP_54J21_125_6473_J21_0_3
core16_0/core4_4/evalB/DP_OP_55J21_126_780    189.7560     0.0    189.7560     0.0000 0.0000 Eval_33_2_DP_OP_55J21_126_780_J21_0_3
core16_0/core4_4/evalB/DP_OP_56J21_127_9714    196.3080     0.0    196.3080     0.0000 0.0000 Eval_33_2_DP_OP_56J21_127_9714_J21_0_3
core16_0/core4_4/interp             2712.4020      0.4       0.7560    276.1920  0.0000  Interpolation_45
core16_0/core4_4/interp/interp      2435.4540      0.3       0.2520      0.0000  0.0000  InterpolationComb_45
core16_0/core4_4/interp/interp/DP_OP_106J26_122_4688   2435.2020     0.3   2435.2020     0.0000 0.0000 InterpolationComb_1_DP_OP_106J26_122_4688_J26_0_25
core16_0/core4_4/mult_x_1            921.8160      0.1     921.8160      0.0000  0.0000  core4_2_DW_mult_uns_J33_3_1
core16_0/core4_4/mult_x_2           1047.5640      0.1    1047.5640      0.0000  0.0000  core4_2_DW_mult_uns_J33_2_1
core16_0/core4_4/mult_x_3            985.4460      0.1     985.4460      0.0000  0.0000  core4_2_DW_mult_tc_J33_2_1
core16_0/core4_4/mult_x_4           1010.2680      0.1    1010.2680      0.0000  0.0000  core4_2_DW_mult_tc_J33_1_1
core16_0/core4_4/mult_x_5           1053.7380      0.1    1053.7380      0.0000  0.0000  core4_2_DW_mult_uns_J33_1_1
core16_0/core4_4/mult_x_6           1072.1340      0.1    1072.1340      0.0000  0.0000  core4_2_DW_mult_tc_J33_0_1
core16_0/core4_4/mult_x_7            921.9420      0.1     921.9420      0.0000  0.0000  core4_2_DW_mult_uns_J33_0_1
core16_0/core4_5                   12182.0578      1.6       0.7560    518.1120  0.0000  core4_43
core16_0/core4_5/evalA               880.3620      0.1      28.7280      0.0000  0.0000  Eval_32_43
core16_0/core4_5/evalA/DP_OP_53J27_123_3533    222.6420     0.0    222.6420     0.0000 0.0000 Eval_32_1_DP_OP_53J27_123_3533_J27_0_30
core16_0/core4_5/evalA/DP_OP_54J27_124_9398    321.1740     0.0    321.1740     0.0000 0.0000 Eval_32_1_DP_OP_54J27_124_9398_J27_0_30
core16_0/core4_5/evalA/DP_OP_55J27_125_9832    307.8180     0.0    307.8180     0.0000 0.0000 Eval_32_1_DP_OP_55J27_125_9832_J27_0_30
core16_0/core4_5/evalB               687.0780      0.1      23.1840      0.0000  0.0000  Eval_33_43
core16_0/core4_5/evalB/DP_OP_53J24_122_8097    173.7540     0.0    173.7540     0.0000 0.0000 Eval_33_1_DP_OP_53J24_122_8097_J24_0_26
core16_0/core4_5/evalB/DP_OP_54J24_123_1200    252.8820     0.0    252.8820     0.0000 0.0000 Eval_33_1_DP_OP_54J24_123_1200_J24_0_26
core16_0/core4_5/evalB/DP_OP_55J24_124_5184    237.2580     0.0    237.2580     0.0000 0.0000 Eval_33_1_DP_OP_55J24_124_5184_J24_0_26
core16_0/core4_5/interp             2712.4020      0.4       0.7560    276.1920  0.0000  Interpolation_44
core16_0/core4_5/interp/interp      2435.4540      0.3       0.2520      0.0000  0.0000  InterpolationComb_44
core16_0/core4_5/interp/interp/DP_OP_106J26_122_4688   2435.2020     0.3   2435.2020     0.0000 0.0000 InterpolationComb_1_DP_OP_106J26_122_4688_J26_0_24
core16_0/core4_5/mult_x_1            914.1300      0.1     914.1300      0.0000  0.0000  core4_1_DW_mult_tc_J21_6_20
core16_0/core4_5/mult_x_2           1075.4100      0.1    1075.4100      0.0000  0.0000  core4_1_DW_mult_tc_J21_5_20
core16_0/core4_5/mult_x_3           1119.3840      0.1    1119.3840      0.0000  0.0000  core4_1_DW_mult_tc_J21_4_20
core16_0/core4_5/mult_x_4           1120.2660      0.1    1120.2660      0.0000  0.0000  core4_1_DW_mult_tc_J21_3_20
core16_0/core4_5/mult_x_5           1119.8880      0.1    1119.8880      0.0000  0.0000  core4_1_DW_mult_tc_J21_2_20
core16_0/core4_5/mult_x_6           1120.1400      0.1    1120.1400      0.0000  0.0000  core4_1_DW_mult_tc_J21_1_20
core16_0/core4_5/mult_x_7            914.1300      0.1     914.1300      0.0000  0.0000  core4_1_DW_mult_tc_J21_0_20
core16_0/core4_6                   10280.5919      1.4       1.0080    518.1120  0.0000  core4_42
core16_0/core4_6/evalA               717.9480      0.1      22.3020      0.0000  0.0000  Eval_32_42
core16_0/core4_6/evalA/DP_OP_54J25_122_2391    185.9760     0.0    185.9760     0.0000 0.0000 Eval_32_0_DP_OP_54J25_122_2391_J25_0_2
core16_0/core4_6/evalA/DP_OP_55J25_123_3961    251.8740     0.0    251.8740     0.0000 0.0000 Eval_32_0_DP_OP_55J25_123_3961_J25_0_2
core16_0/core4_6/evalA/DP_OP_56J25_124_3269    257.7960     0.0    257.7960     0.0000 0.0000 Eval_32_0_DP_OP_56J25_124_3269_J25_0_2
core16_0/core4_6/evalB               435.2040      0.1      13.3560      0.0000  0.0000  Eval_33_42
core16_0/core4_6/evalB/DP_OP_54J24_125_1607    110.1240     0.0    110.1240     0.0000 0.0000 Eval_33_0_DP_OP_54J24_125_1607_J24_0_2
core16_0/core4_6/evalB/DP_OP_55J24_126_5730    155.1060     0.0    155.1060     0.0000 0.0000 Eval_33_0_DP_OP_55J24_126_5730_J24_0_2
core16_0/core4_6/evalB/DP_OP_56J24_127_8412    156.6180     0.0    156.6180     0.0000 0.0000 Eval_33_0_DP_OP_56J24_127_8412_J24_0_2
core16_0/core4_6/interp             2613.9960      0.3       0.7560    268.1280  0.0000  Interpolation_43
core16_0/core4_6/interp/interp      2345.1120      0.3       0.2520      0.0000  0.0000  InterpolationComb_43
core16_0/core4_6/interp/interp/DP_OP_106J27_122_4023   2344.8600     0.3   2344.8600     0.0000 0.0000 InterpolationComb_0_DP_OP_106J27_122_4023_J27_0_18
core16_0/core4_6/mult_x_1            728.5320      0.1     728.5320      0.0000  0.0000  core4_42_DW_mult_uns_J17_3
core16_0/core4_6/mult_x_2            908.3340      0.1     908.3340      0.0000  0.0000  core4_42_DW_mult_uns_J17_2
core16_0/core4_6/mult_x_3            847.7280      0.1     847.7280      0.0000  0.0000  core4_42_DW_mult_tc_J17_2
core16_0/core4_6/mult_x_4            862.2180      0.1     862.2180      0.0000  0.0000  core4_42_DW_mult_tc_J17_1
core16_0/core4_6/mult_x_5            961.6320      0.1     961.6320      0.0000  0.0000  core4_42_DW_mult_uns_J17_1
core16_0/core4_6/mult_x_6            957.3480      0.1     957.3480      0.0000  0.0000  core4_42_DW_mult_tc_J17_0
core16_0/core4_6/mult_x_7            728.5320      0.1     728.5320      0.0000  0.0000  core4_42_DW_mult_uns_J17_0
core16_0/evalA                       717.9480      0.1      22.3020      0.0000  0.0000  Eval_32_76
core16_0/evalA/DP_OP_54J29_122_8680    185.9760     0.0    185.9760      0.0000  0.0000  Eval_32_76_DP_OP_54J29_122_8680_J29_0
core16_0/evalA/DP_OP_55J29_123_5431    251.8740     0.0    251.8740      0.0000  0.0000  Eval_32_76_DP_OP_55J29_123_5431_J29_0
core16_0/evalA/DP_OP_56J29_124_4718    257.7960     0.0    257.7960      0.0000  0.0000  Eval_32_76_DP_OP_56J29_124_4718_J29_0
core16_0/evalA_1                     717.3180      0.1      21.6720      0.0000  0.0000  Eval_32_75
core16_0/evalA_1/DP_OP_54J30_122_6359    185.9760     0.0    185.9760     0.0000 0.0000  Eval_32_75_DP_OP_54J30_122_6359_J30_0
core16_0/evalA_1/DP_OP_55J30_123_3729    251.8740     0.0    251.8740     0.0000 0.0000  Eval_32_75_DP_OP_55J30_123_3729_J30_0
core16_0/evalA_1/DP_OP_56J30_124_8771    257.7960     0.0    257.7960     0.0000 0.0000  Eval_32_75_DP_OP_56J30_124_8771_J30_0
core16_0/evalA_2                     717.3180      0.1      21.6720      0.0000  0.0000  Eval_32_74
core16_0/evalA_2/DP_OP_54J32_122_3355    185.9760     0.0    185.9760     0.0000 0.0000  Eval_32_74_DP_OP_54J32_122_3355_J32_0
core16_0/evalA_2/DP_OP_55J32_123_8851    251.8740     0.0    251.8740     0.0000 0.0000  Eval_32_74_DP_OP_55J32_123_8851_J32_0
core16_0/evalA_2/DP_OP_56J32_124_8122    257.7960     0.0    257.7960     0.0000 0.0000  Eval_32_74_DP_OP_56J32_124_8122_J32_0
core16_0/evalA_3                     718.0740      0.1      22.4280      0.0000  0.0000  Eval_32_73
core16_0/evalA_3/DP_OP_54J31_122_1034    185.9760     0.0    185.9760     0.0000 0.0000  Eval_32_73_DP_OP_54J31_122_1034_J31_0
core16_0/evalA_3/DP_OP_55J31_123_9239    251.8740     0.0    251.8740     0.0000 0.0000  Eval_32_73_DP_OP_55J31_123_9239_J31_0
core16_0/evalA_3/DP_OP_56J31_124_4314    257.7960     0.0    257.7960     0.0000 0.0000  Eval_32_73_DP_OP_56J31_124_4314_J31_0
core16_0/evalB                       431.6760      0.1      13.8600      0.0000  0.0000  Eval_33_76
core16_0/evalB/DP_OP_54J15_125_8940    111.0060     0.0    111.0060      0.0000  0.0000  Eval_33_76_DP_OP_54J15_125_8940_J15_0
core16_0/evalB/DP_OP_55J15_126_2438    150.5700     0.0    150.5700      0.0000  0.0000  Eval_33_76_DP_OP_55J15_126_2438_J15_0
core16_0/evalB/DP_OP_56J15_127_2998    156.2400     0.0    156.2400      0.0000  0.0000  Eval_33_76_DP_OP_56J15_127_2998_J15_0
core16_0/evalB_1                     431.1720      0.1      12.6000      0.0000  0.0000  Eval_33_75
core16_0/evalB_1/DP_OP_54J17_125_3069    110.7540     0.0    110.7540     0.0000 0.0000  Eval_33_75_DP_OP_54J17_125_3069_J17_0
core16_0/evalB_1/DP_OP_55J17_126_9650    149.6880     0.0    149.6880     0.0000 0.0000  Eval_33_75_DP_OP_55J17_126_9650_J17_0
core16_0/evalB_1/DP_OP_56J17_127_4471    158.1300     0.0    158.1300     0.0000 0.0000  Eval_33_75_DP_OP_56J17_127_4471_J17_0
core16_0/evalB_2                     437.2200      0.1      12.8520      0.0000  0.0000  Eval_33_74
core16_0/evalB_2/DP_OP_54J16_125_748    112.0140     0.0    112.0140     0.0000  0.0000  Eval_33_74_DP_OP_54J16_125_748_J16_0
core16_0/evalB_2/DP_OP_55J16_126_5842    158.2560     0.0    158.2560     0.0000 0.0000  Eval_33_74_DP_OP_55J16_126_5842_J16_0
core16_0/evalB_2/DP_OP_56J16_127_9577    154.0980     0.0    154.0980     0.0000 0.0000  Eval_33_74_DP_OP_56J16_127_9577_J16_0
core16_0/evalB_3                     429.0300      0.1      13.8600      0.0000  0.0000  Eval_33_73
core16_0/evalB_3/DP_OP_54J18_125_1977    110.7540     0.0    110.7540     0.0000 0.0000  Eval_33_73_DP_OP_54J18_125_1977_J18_0
core16_0/evalB_3/DP_OP_55J18_126_5193    147.9240     0.0    147.9240     0.0000 0.0000  Eval_33_73_DP_OP_55J18_126_5193_J18_0
core16_0/evalB_3/DP_OP_56J18_127_8928    156.4920     0.0    156.4920     0.0000 0.0000  Eval_33_73_DP_OP_56J18_127_8928_J18_0
core16_0/interp                     8855.1539      1.2       0.7560    969.6960  0.0000  Interpolation_7_6
core16_0/interp/interp              7884.7019      1.0       0.2520      0.0000  0.0000  InterpolationComb_7_6
core16_0/interp/interp/DP_OP_421J12_122_4174   7884.4499     1.0   7884.4499     0.0000 0.0000 InterpolationComb_7_0_DP_OP_421J12_122_4174_J12_0_2
core16_1                          100986.8568     13.4       2.0160   1897.0560  0.0000  core16_5
core16_1/core4_0                   11568.1859      1.5       1.0080    517.9860  0.0000  core4_41
core16_1/core4_0/evalA               838.4040      0.1      30.4920      0.0000  0.0000  Eval_32_41
core16_1/core4_0/evalA/DP_OP_54J26_126_5395    215.5860     0.0    215.5860     0.0000 0.0000 Eval_32_5_DP_OP_54J26_126_5395_J26_0_2
core16_1/core4_0/evalA/DP_OP_55J26_127_4610    296.6040     0.0    296.6040     0.0000 0.0000 Eval_32_5_DP_OP_55J26_127_4610_J26_0_2
core16_1/core4_0/evalA/DP_OP_56J26_128_7292    295.7220     0.0    295.7220     0.0000 0.0000 Eval_32_5_DP_OP_56J26_128_7292_J26_0_2
core16_1/core4_0/evalB               552.3840      0.1      17.6400      0.0000  0.0000  Eval_33_41
core16_1/core4_0/evalB/DP_OP_54J26_129_3928    147.6720     0.0    147.6720     0.0000 0.0000 Eval_33_5_DP_OP_54J26_129_3928_J26_0_2
core16_1/core4_0/evalB/DP_OP_55J26_130_5326    193.1580     0.0    193.1580     0.0000 0.0000 Eval_33_5_DP_OP_55J26_130_5326_J26_0_2
core16_1/core4_0/evalB/DP_OP_56J26_131_8300    193.9140     0.0    193.9140     0.0000 0.0000 Eval_33_5_DP_OP_56J26_131_8300_J26_0_2
core16_1/core4_0/interp             2613.9960      0.3       0.7560    268.1280  0.0000  Interpolation_42
core16_1/core4_0/interp/interp      2345.1120      0.3       0.2520      0.0000  0.0000  InterpolationComb_42
core16_1/core4_0/interp/interp/DP_OP_106J27_122_4023   2344.8600     0.3   2344.8600     0.0000 0.0000 InterpolationComb_0_DP_OP_106J27_122_4023_J27_0_17
core16_1/core4_0/mult_x_1            903.0420      0.1     903.0420      0.0000  0.0000  core4_35_DW_mult_uns_J32_3_1
core16_1/core4_0/mult_x_2           1035.9720      0.1    1035.9720      0.0000  0.0000  core4_35_DW_mult_uns_J32_2_1
core16_1/core4_0/mult_x_3           1033.5780      0.1    1033.5780      0.0000  0.0000  core4_35_DW_mult_tc_J32_2_1
core16_1/core4_0/mult_x_4           1021.8600      0.1    1021.8600      0.0000  0.0000  core4_35_DW_mult_tc_J32_1_1
core16_1/core4_0/mult_x_5           1052.7300      0.1    1052.7300      0.0000  0.0000  core4_35_DW_mult_uns_J32_1_1
core16_1/core4_0/mult_x_6           1083.2220      0.1    1083.2220      0.0000  0.0000  core4_35_DW_mult_tc_J32_0_1
core16_1/core4_0/mult_x_7            914.0040      0.1     914.0040      0.0000  0.0000  core4_35_DW_mult_uns_J32_0_1
core16_1/core4_1                   12323.8078      1.6       1.0080    517.8600  0.0000  core4_40
core16_1/core4_1/evalA               880.1100      0.1      28.4760      0.0000  0.0000  Eval_32_40
core16_1/core4_1/evalA/DP_OP_53J27_123_3533    222.6420     0.0    222.6420     0.0000 0.0000 Eval_32_1_DP_OP_53J27_123_3533_J27_0_29
core16_1/core4_1/evalA/DP_OP_54J27_124_9398    321.1740     0.0    321.1740     0.0000 0.0000 Eval_32_1_DP_OP_54J27_124_9398_J27_0_29
core16_1/core4_1/evalA/DP_OP_55J27_125_9832    307.8180     0.0    307.8180     0.0000 0.0000 Eval_32_1_DP_OP_55J27_125_9832_J27_0_29
core16_1/core4_1/evalB               671.2020      0.1      21.7980      0.0000  0.0000  Eval_33_40
core16_1/core4_1/evalB/DP_OP_55J23_122_5594    171.4860     0.0    171.4860     0.0000 0.0000 Eval_33_40_DP_OP_55J23_122_5594_J23_0
core16_1/core4_1/evalB/DP_OP_56J23_123_7996    241.9200     0.0    241.9200     0.0000 0.0000 Eval_33_40_DP_OP_56J23_123_7996_J23_0
core16_1/core4_1/evalB/DP_OP_57J23_124_9698    235.9980     0.0    235.9980     0.0000 0.0000 Eval_33_40_DP_OP_57J23_124_9698_J23_0
core16_1/core4_1/interp             2613.9960      0.3       0.7560    268.1280  0.0000  Interpolation_41
core16_1/core4_1/interp/interp      2345.1120      0.3       0.2520      0.0000  0.0000  InterpolationComb_41
core16_1/core4_1/interp/interp/DP_OP_106J27_122_4023   2344.8600     0.3   2344.8600     0.0000 0.0000 InterpolationComb_0_DP_OP_106J27_122_4023_J27_0_16
core16_1/core4_1/mult_x_1           1037.6100      0.1    1037.6100      0.0000  0.0000  core4_40_DW_mult_uns_J22_1
core16_1/core4_1/mult_x_2           1073.6460      0.1    1073.6460      0.0000  0.0000  core4_40_DW_mult_tc_J22_4
core16_1/core4_1/mult_x_3           1128.3300      0.1    1128.3300      0.0000  0.0000  core4_40_DW_mult_tc_J22_3
core16_1/core4_1/mult_x_4           1121.5260      0.1    1121.5260      0.0000  0.0000  core4_40_DW_mult_tc_J22_2
core16_1/core4_1/mult_x_5           1124.1720      0.1    1124.1720      0.0000  0.0000  core4_40_DW_mult_tc_J22_1
core16_1/core4_1/mult_x_6           1118.2500      0.1    1118.2500      0.0000  0.0000  core4_40_DW_mult_tc_J22_0
core16_1/core4_1/mult_x_7           1036.0980      0.1    1036.0980      0.0000  0.0000  core4_40_DW_mult_uns_J22_0
core16_1/core4_2                   12116.2858      1.6       1.0080    517.9860  0.0000  core4_39
core16_1/core4_2/evalA               876.0780      0.1      27.7200      0.0000  0.0000  Eval_32_39
core16_1/core4_2/evalA/DP_OP_53J27_123_3533    223.7760     0.0    223.7760     0.0000 0.0000 Eval_32_1_DP_OP_53J27_123_3533_J27_0_28
core16_1/core4_2/evalA/DP_OP_54J27_124_9398    317.6460     0.0    317.6460     0.0000 0.0000 Eval_32_1_DP_OP_54J27_124_9398_J27_0_28
core16_1/core4_2/evalA/DP_OP_55J27_125_9832    306.9360     0.0    306.9360     0.0000 0.0000 Eval_32_1_DP_OP_55J27_125_9832_J27_0_28
core16_1/core4_2/evalB               611.2260      0.1      19.4040      0.0000  0.0000  Eval_33_39
core16_1/core4_2/evalB/DP_OP_53J24_122_8097    156.6180     0.0    156.6180     0.0000 0.0000 Eval_33_1_DP_OP_53J24_122_8097_J24_0_25
core16_1/core4_2/evalB/DP_OP_54J24_123_1200    214.7040     0.0    214.7040     0.0000 0.0000 Eval_33_1_DP_OP_54J24_123_1200_J24_0_25
core16_1/core4_2/evalB/DP_OP_55J24_124_5184    220.5000     0.0    220.5000     0.0000 0.0000 Eval_33_1_DP_OP_55J24_124_5184_J24_0_25
core16_1/core4_2/interp             2712.4020      0.4       0.7560    276.1920  0.0000  Interpolation_40
core16_1/core4_2/interp/interp      2435.4540      0.3       0.2520      0.0000  0.0000  InterpolationComb_40
core16_1/core4_2/interp/interp/DP_OP_106J26_122_4688   2435.2020     0.3   2435.2020     0.0000 0.0000 InterpolationComb_1_DP_OP_106J26_122_4688_J26_0_23
core16_1/core4_2/mult_x_1            996.1560      0.1     996.1560      0.0000  0.0000  core4_1_DW_mult_tc_J21_6_19
core16_1/core4_2/mult_x_2           1054.8720      0.1    1054.8720      0.0000  0.0000  core4_1_DW_mult_tc_J21_5_19
core16_1/core4_2/mult_x_3           1055.2500      0.1    1055.2500      0.0000  0.0000  core4_1_DW_mult_tc_J21_4_19
core16_1/core4_2/mult_x_4           1072.5120      0.1    1072.5120      0.0000  0.0000  core4_1_DW_mult_tc_J21_3_19
core16_1/core4_2/mult_x_5           1098.5940      0.1    1098.5940      0.0000  0.0000  core4_1_DW_mult_tc_J21_2_19
core16_1/core4_2/mult_x_6           1121.5260      0.1    1121.5260      0.0000  0.0000  core4_1_DW_mult_tc_J21_1_19
core16_1/core4_2/mult_x_7            998.6760      0.1     998.6760      0.0000  0.0000  core4_1_DW_mult_tc_J21_0_19
core16_1/core4_3                   12328.2178      1.6       0.7560    517.7340  0.0000  core4_38
core16_1/core4_3/evalA               879.8580      0.1      28.2240      0.0000  0.0000  Eval_32_38
core16_1/core4_3/evalA/DP_OP_53J27_123_3533    222.6420     0.0    222.6420     0.0000 0.0000 Eval_32_1_DP_OP_53J27_123_3533_J27_0_27
core16_1/core4_3/evalA/DP_OP_54J27_124_9398    321.1740     0.0    321.1740     0.0000 0.0000 Eval_32_1_DP_OP_54J27_124_9398_J27_0_27
core16_1/core4_3/evalA/DP_OP_55J27_125_9832    307.8180     0.0    307.8180     0.0000 0.0000 Eval_32_1_DP_OP_55J27_125_9832_J27_0_27
core16_1/core4_3/evalB               689.4720      0.1      22.9320      0.0000  0.0000  Eval_33_38
core16_1/core4_3/evalB/DP_OP_53J24_122_8097    175.1400     0.0    175.1400     0.0000 0.0000 Eval_33_1_DP_OP_53J24_122_8097_J24_0_24
core16_1/core4_3/evalB/DP_OP_54J24_123_1200    254.0160     0.0    254.0160     0.0000 0.0000 Eval_33_1_DP_OP_54J24_123_1200_J24_0_24
core16_1/core4_3/evalB/DP_OP_55J24_124_5184    237.3840     0.0    237.3840     0.0000 0.0000 Eval_33_1_DP_OP_55J24_124_5184_J24_0_24
core16_1/core4_3/interp             2712.4020      0.4       0.7560    276.1920  0.0000  Interpolation_39
core16_1/core4_3/interp/interp      2435.4540      0.3       0.2520      0.0000  0.0000  InterpolationComb_39
core16_1/core4_3/interp/interp/DP_OP_106J26_122_4688   2435.2020     0.3   2435.2020     0.0000 0.0000 InterpolationComb_1_DP_OP_106J26_122_4688_J26_0_22
core16_1/core4_3/mult_x_1            982.4220      0.1     982.4220      0.0000  0.0000  core4_1_DW_mult_tc_J21_6_18
core16_1/core4_3/mult_x_2           1076.6700      0.1    1076.6700      0.0000  0.0000  core4_1_DW_mult_tc_J21_5_18
core16_1/core4_3/mult_x_3           1124.4240      0.1    1124.4240      0.0000  0.0000  core4_1_DW_mult_tc_J21_4_18
core16_1/core4_3/mult_x_4           1119.2580      0.1    1119.2580      0.0000  0.0000  core4_1_DW_mult_tc_J21_3_18
core16_1/core4_3/mult_x_5           1121.4000      0.1    1121.4000      0.0000  0.0000  core4_1_DW_mult_tc_J21_2_18
core16_1/core4_3/mult_x_6           1121.2740      0.1    1121.2740      0.0000  0.0000  core4_1_DW_mult_tc_J21_1_18
core16_1/core4_3/mult_x_7            982.5480      0.1     982.5480      0.0000  0.0000  core4_1_DW_mult_tc_J21_0_18
core16_1/core4_4                   12334.6438      1.6       1.0080    517.9860  0.0000  core4_37
core16_1/core4_4/evalA               880.1100      0.1      28.4760      0.0000  0.0000  Eval_32_37
core16_1/core4_4/evalA/DP_OP_53J27_123_3533    222.6420     0.0    222.6420     0.0000 0.0000 Eval_32_1_DP_OP_53J27_123_3533_J27_0_26
core16_1/core4_4/evalA/DP_OP_54J27_124_9398    321.1740     0.0    321.1740     0.0000 0.0000 Eval_32_1_DP_OP_54J27_124_9398_J27_0_26
core16_1/core4_4/evalA/DP_OP_55J27_125_9832    307.8180     0.0    307.8180     0.0000 0.0000 Eval_32_1_DP_OP_55J27_125_9832_J27_0_26
core16_1/core4_4/evalB               660.4920      0.1      20.6640      0.0000  0.0000  Eval_33_37
core16_1/core4_4/evalB/DP_OP_54J22_122_246    168.0840     0.0    168.0840     0.0000 0.0000 Eval_33_19_DP_OP_54J22_122_246_J22_0_1
core16_1/core4_4/evalB/DP_OP_55J22_123_8053    233.7300     0.0    233.7300     0.0000 0.0000 Eval_33_19_DP_OP_55J22_123_8053_J22_0_1
core16_1/core4_4/evalB/DP_OP_56J22_124_8414    238.0140     0.0    238.0140     0.0000 0.0000 Eval_33_19_DP_OP_56J22_124_8414_J22_0_1
core16_1/core4_4/interp             2712.4020      0.4       0.7560    276.1920  0.0000  Interpolation_38
core16_1/core4_4/interp/interp      2435.4540      0.3       0.2520      0.0000  0.0000  InterpolationComb_38
core16_1/core4_4/interp/interp/DP_OP_106J26_122_4688   2435.2020     0.3   2435.2020     0.0000 0.0000 InterpolationComb_1_DP_OP_106J26_122_4688_J26_0_21
core16_1/core4_4/mult_x_1           1012.0320      0.1    1012.0320      0.0000  0.0000  core4_37_DW_mult_uns_J23_1
core16_1/core4_4/mult_x_2           1075.9140      0.1    1075.9140      0.0000  0.0000  core4_37_DW_mult_tc_J23_4
core16_1/core4_4/mult_x_3           1098.8460      0.1    1098.8460      0.0000  0.0000  core4_37_DW_mult_tc_J23_3
core16_1/core4_4/mult_x_4           1121.9040      0.1    1121.9040      0.0000  0.0000  core4_37_DW_mult_tc_J23_2
core16_1/core4_4/mult_x_5           1122.7860      0.1    1122.7860      0.0000  0.0000  core4_37_DW_mult_tc_J23_1
core16_1/core4_4/mult_x_6           1118.2500      0.1    1118.2500      0.0000  0.0000  core4_37_DW_mult_tc_J23_0
core16_1/core4_4/mult_x_7           1012.9140      0.1    1012.9140      0.0000  0.0000  core4_37_DW_mult_uns_J23_0
core16_1/core4_5                   12445.5238      1.6       0.7560    517.8600  0.0000  core4_36
core16_1/core4_5/evalA               880.1100      0.1      28.4760      0.0000  0.0000  Eval_32_36
core16_1/core4_5/evalA/DP_OP_53J27_123_3533    222.6420     0.0    222.6420     0.0000 0.0000 Eval_32_1_DP_OP_53J27_123_3533_J27_0_25
core16_1/core4_5/evalA/DP_OP_54J27_124_9398    321.1740     0.0    321.1740     0.0000 0.0000 Eval_32_1_DP_OP_54J27_124_9398_J27_0_25
core16_1/core4_5/evalA/DP_OP_55J27_125_9832    307.8180     0.0    307.8180     0.0000 0.0000 Eval_32_1_DP_OP_55J27_125_9832_J27_0_25
core16_1/core4_5/evalB               689.7240      0.1      23.1840      0.0000  0.0000  Eval_33_36
core16_1/core4_5/evalB/DP_OP_53J24_122_8097    173.8800     0.0    173.8800     0.0000 0.0000 Eval_33_1_DP_OP_53J24_122_8097_J24_0_23
core16_1/core4_5/evalB/DP_OP_54J24_123_1200    252.8820     0.0    252.8820     0.0000 0.0000 Eval_33_1_DP_OP_54J24_123_1200_J24_0_23
core16_1/core4_5/evalB/DP_OP_55J24_124_5184    239.7780     0.0    239.7780     0.0000 0.0000 Eval_33_1_DP_OP_55J24_124_5184_J24_0_23
core16_1/core4_5/interp             2712.4020      0.4       0.7560    276.1920  0.0000  Interpolation_37
core16_1/core4_5/interp/interp      2435.4540      0.3       0.2520      0.0000  0.0000  InterpolationComb_37
core16_1/core4_5/interp/interp/DP_OP_106J26_122_4688   2435.2020     0.3   2435.2020     0.0000 0.0000 InterpolationComb_1_DP_OP_106J26_122_4688_J26_0_20
core16_1/core4_5/mult_x_1           1039.3740      0.1    1039.3740      0.0000  0.0000  core4_1_DW_mult_tc_J21_6_17
core16_1/core4_5/mult_x_2           1080.1980      0.1    1080.1980      0.0000  0.0000  core4_1_DW_mult_tc_J21_5_17
core16_1/core4_5/mult_x_3           1120.8960      0.1    1120.8960      0.0000  0.0000  core4_1_DW_mult_tc_J21_4_17
core16_1/core4_5/mult_x_4           1121.9040      0.1    1121.9040      0.0000  0.0000  core4_1_DW_mult_tc_J21_3_17
core16_1/core4_5/mult_x_5           1121.7780      0.1    1121.7780      0.0000  0.0000  core4_1_DW_mult_tc_J21_2_17
core16_1/core4_5/mult_x_6           1119.8880      0.1    1119.8880      0.0000  0.0000  core4_1_DW_mult_tc_J21_1_17
core16_1/core4_5/mult_x_7           1040.6340      0.1    1040.6340      0.0000  0.0000  core4_1_DW_mult_tc_J21_0_17
core16_1/core4_6                   11552.1839      1.5       1.0080    518.1120  0.0000  core4_35
core16_1/core4_6/evalA               838.4040      0.1      30.4920      0.0000  0.0000  Eval_32_35
core16_1/core4_6/evalA/DP_OP_54J26_126_5395    215.5860     0.0    215.5860     0.0000 0.0000 Eval_32_5_DP_OP_54J26_126_5395_J26_0_1
core16_1/core4_6/evalA/DP_OP_55J26_127_4610    296.6040     0.0    296.6040     0.0000 0.0000 Eval_32_5_DP_OP_55J26_127_4610_J26_0_1
core16_1/core4_6/evalA/DP_OP_56J26_128_7292    295.7220     0.0    295.7220     0.0000 0.0000 Eval_32_5_DP_OP_56J26_128_7292_J26_0_1
core16_1/core4_6/evalB               549.2340      0.1      17.6400      0.0000  0.0000  Eval_33_35
core16_1/core4_6/evalB/DP_OP_54J26_129_3928    144.9000     0.0    144.9000     0.0000 0.0000 Eval_33_5_DP_OP_54J26_129_3928_J26_0_1
core16_1/core4_6/evalB/DP_OP_55J26_130_5326    193.2840     0.0    193.2840     0.0000 0.0000 Eval_33_5_DP_OP_55J26_130_5326_J26_0_1
core16_1/core4_6/evalB/DP_OP_56J26_131_8300    193.4100     0.0    193.4100     0.0000 0.0000 Eval_33_5_DP_OP_56J26_131_8300_J26_0_1
core16_1/core4_6/interp             2613.9960      0.3       0.7560    268.1280  0.0000  Interpolation_36
core16_1/core4_6/interp/interp      2345.1120      0.3       0.2520      0.0000  0.0000  InterpolationComb_36
core16_1/core4_6/interp/interp/DP_OP_106J27_122_4023   2344.8600     0.3   2344.8600     0.0000 0.0000 InterpolationComb_0_DP_OP_106J27_122_4023_J27_0_15
core16_1/core4_6/mult_x_1            903.0420      0.1     903.0420      0.0000  0.0000  core4_35_DW_mult_uns_J32_3_0
core16_1/core4_6/mult_x_2           1037.4840      0.1    1037.4840      0.0000  0.0000  core4_35_DW_mult_uns_J32_2_0
core16_1/core4_6/mult_x_3           1033.9560      0.1    1033.9560      0.0000  0.0000  core4_35_DW_mult_tc_J32_2_0
core16_1/core4_6/mult_x_4           1019.4660      0.1    1019.4660      0.0000  0.0000  core4_35_DW_mult_tc_J32_1_0
core16_1/core4_6/mult_x_5           1051.5960      0.1    1051.5960      0.0000  0.0000  core4_35_DW_mult_uns_J32_1_0
core16_1/core4_6/mult_x_6           1082.8440      0.1    1082.8440      0.0000  0.0000  core4_35_DW_mult_tc_J32_0_0
core16_1/core4_6/mult_x_7            903.0420      0.1     903.0420      0.0000  0.0000  core4_35_DW_mult_uns_J32_0_0
core16_1/evalA                       838.4040      0.1      30.4920      0.0000  0.0000  Eval_32_72
core16_1/evalA/DP_OP_54J27_126_4175    215.5860     0.0    215.5860      0.0000  0.0000  Eval_32_69_DP_OP_54J27_126_4175_J27_0_3
core16_1/evalA/DP_OP_55J27_127_4830    296.6040     0.0    296.6040      0.0000  0.0000  Eval_32_69_DP_OP_55J27_127_4830_J27_0_3
core16_1/evalA/DP_OP_56J27_128_5833    295.7220     0.0    295.7220      0.0000  0.0000  Eval_32_69_DP_OP_56J27_128_5833_J27_0_3
core16_1/evalA_1                     833.2380      0.1      25.3260      0.0000  0.0000  Eval_32_71
core16_1/evalA_1/DP_OP_54J27_126_4175    215.5860     0.0    215.5860     0.0000 0.0000  Eval_32_69_DP_OP_54J27_126_4175_J27_0_2
core16_1/evalA_1/DP_OP_55J27_127_4830    296.6040     0.0    296.6040     0.0000 0.0000  Eval_32_69_DP_OP_55J27_127_4830_J27_0_2
core16_1/evalA_1/DP_OP_56J27_128_5833    295.7220     0.0    295.7220     0.0000 0.0000  Eval_32_69_DP_OP_56J27_128_5833_J27_0_2
core16_1/evalA_2                     833.2380      0.1      25.3260      0.0000  0.0000  Eval_32_70
core16_1/evalA_2/DP_OP_54J27_126_4175    215.5860     0.0    215.5860     0.0000 0.0000  Eval_32_69_DP_OP_54J27_126_4175_J27_0_1
core16_1/evalA_2/DP_OP_55J27_127_4830    296.6040     0.0    296.6040     0.0000 0.0000  Eval_32_69_DP_OP_55J27_127_4830_J27_0_1
core16_1/evalA_2/DP_OP_56J27_128_5833    295.7220     0.0    295.7220     0.0000 0.0000  Eval_32_69_DP_OP_56J27_128_5833_J27_0_1
core16_1/evalA_3                     838.4040      0.1      30.4920      0.0000  0.0000  Eval_32_69
core16_1/evalA_3/DP_OP_54J27_126_4175    215.5860     0.0    215.5860     0.0000 0.0000  Eval_32_69_DP_OP_54J27_126_4175_J27_0_0
core16_1/evalA_3/DP_OP_55J27_127_4830    296.6040     0.0    296.6040     0.0000 0.0000  Eval_32_69_DP_OP_55J27_127_4830_J27_0_0
core16_1/evalA_3/DP_OP_56J27_128_5833    295.7220     0.0    295.7220     0.0000 0.0000  Eval_32_69_DP_OP_56J27_128_5833_J27_0_0
core16_1/evalB                       552.2580      0.1      17.6400      0.0000  0.0000  Eval_33_72
core16_1/evalB/DP_OP_54J27_129_7985    145.9080     0.0    145.9080      0.0000  0.0000  Eval_33_69_DP_OP_54J27_129_7985_J27_0_3
core16_1/evalB/DP_OP_55J27_130_688    195.0480     0.0     195.0480      0.0000  0.0000  Eval_33_69_DP_OP_55J27_130_688_J27_0_3
core16_1/evalB/DP_OP_56J27_131_8364    193.6620     0.0    193.6620      0.0000  0.0000  Eval_33_69_DP_OP_56J27_131_8364_J27_0_3
core16_1/evalB_1                     551.7540      0.1      16.2540      0.0000  0.0000  Eval_33_71
core16_1/evalB_1/DP_OP_54J27_129_7985    144.2700     0.0    144.2700     0.0000 0.0000  Eval_33_69_DP_OP_54J27_129_7985_J27_0_2
core16_1/evalB_1/DP_OP_55J27_130_688    194.4180     0.0    194.4180     0.0000  0.0000  Eval_33_69_DP_OP_55J27_130_688_J27_0_2
core16_1/evalB_1/DP_OP_56J27_131_8364    196.8120     0.0    196.8120     0.0000 0.0000  Eval_33_69_DP_OP_56J27_131_8364_J27_0_2
core16_1/evalB_2                     556.6680      0.1      16.2540      0.0000  0.0000  Eval_33_70
core16_1/evalB_2/DP_OP_54J27_129_7985    146.1600     0.0    146.1600     0.0000 0.0000  Eval_33_69_DP_OP_54J27_129_7985_J27_0_1
core16_1/evalB_2/DP_OP_55J27_130_688    198.4500     0.0    198.4500     0.0000  0.0000  Eval_33_69_DP_OP_55J27_130_688_J27_0_1
core16_1/evalB_2/DP_OP_56J27_131_8364    195.8040     0.0    195.8040     0.0000 0.0000  Eval_33_69_DP_OP_56J27_131_8364_J27_0_1
core16_1/evalB_3                     559.8180      0.1      17.7660      0.0000  0.0000  Eval_33_69
core16_1/evalB_3/DP_OP_54J27_129_7985    147.1680     0.0    147.1680     0.0000 0.0000  Eval_33_69_DP_OP_54J27_129_7985_J27_0_0
core16_1/evalB_3/DP_OP_55J27_130_688    196.9380     0.0    196.9380     0.0000  0.0000  Eval_33_69_DP_OP_55J27_130_688_J27_0_0
core16_1/evalB_3/DP_OP_56J27_131_8364    197.9460     0.0    197.9460     0.0000 0.0000  Eval_33_69_DP_OP_56J27_131_8364_J27_0_0
core16_1/interp                     8855.1539      1.2       0.7560    969.6960  0.0000  Interpolation_7_5
core16_1/interp/interp              7884.7019      1.0       0.2520      0.0000  0.0000  InterpolationComb_7_5
core16_1/interp/interp/DP_OP_421J12_122_4174   7884.4499     1.0   7884.4499     0.0000 0.0000 InterpolationComb_7_0_DP_OP_421J12_122_4174_J12_0_1
core16_2                           97651.5108     12.9       2.0160   1897.0560  0.0000  core16_4
core16_2/core4_0                   10827.3059      1.4       1.0080    517.9860  0.0000  core4_34
core16_2/core4_0/evalA               765.4500      0.1      23.0580      0.0000  0.0000  Eval_32_34
core16_2/core4_0/evalA/DP_OP_54J18_122_3077    198.8280     0.0    198.8280     0.0000 0.0000 Eval_32_28_DP_OP_54J18_122_3077_J18_0_1
core16_2/core4_0/evalA/DP_OP_55J18_123_9952    268.7580     0.0    268.7580     0.0000 0.0000 Eval_32_28_DP_OP_55J18_123_9952_J18_0_1
core16_2/core4_0/evalA/DP_OP_56J18_124_7035    274.8060     0.0    274.8060     0.0000 0.0000 Eval_32_28_DP_OP_56J18_124_7035_J18_0_1
core16_2/core4_0/evalB               472.7520      0.1      15.3720      0.0000  0.0000  Eval_33_34
core16_2/core4_0/evalB/DP_OP_54J22_125_6887    121.7160     0.0    121.7160     0.0000 0.0000 Eval_33_28_DP_OP_54J22_125_6887_J22_0_1
core16_2/core4_0/evalB/DP_OP_55J22_126_5906    164.4300     0.0    164.4300     0.0000 0.0000 Eval_33_28_DP_OP_55J22_126_5906_J22_0_1
core16_2/core4_0/evalB/DP_OP_56J22_127_896    171.2340     0.0    171.2340     0.0000 0.0000 Eval_33_28_DP_OP_56J22_127_896_J22_0_1
core16_2/core4_0/interp             2613.9960      0.3       0.7560    268.1280  0.0000  Interpolation_35
core16_2/core4_0/interp/interp      2345.1120      0.3       0.2520      0.0000  0.0000  InterpolationComb_35
core16_2/core4_0/interp/interp/DP_OP_106J27_122_4023   2344.8600     0.3   2344.8600     0.0000 0.0000 InterpolationComb_0_DP_OP_106J27_122_4023_J27_0_14
core16_2/core4_0/mult_x_1            829.9620      0.1     829.9620      0.0000  0.0000  core4_28_DW_mult_uns_J15_3_1
core16_2/core4_0/mult_x_2            990.4860      0.1     990.4860      0.0000  0.0000  core4_28_DW_mult_uns_J15_2_1
core16_2/core4_0/mult_x_3            891.3240      0.1     891.3240      0.0000  0.0000  core4_28_DW_mult_tc_J15_2_1
core16_2/core4_0/mult_x_4            927.3600      0.1     927.3600      0.0000  0.0000  core4_28_DW_mult_tc_J15_1_1
core16_2/core4_0/mult_x_5            980.7840      0.1     980.7840      0.0000  0.0000  core4_28_DW_mult_uns_J15_1_1
core16_2/core4_0/mult_x_6           1006.2360      0.1    1006.2360      0.0000  0.0000  core4_28_DW_mult_tc_J15_0_1
core16_2/core4_0/mult_x_7            829.9620      0.1     829.9620      0.0000  0.0000  core4_28_DW_mult_uns_J15_0_1
core16_2/core4_1                   11983.1038      1.6       1.0080    518.1120  0.0000  core4_33
core16_2/core4_1/evalA               864.4860      0.1      26.9640      0.0000  0.0000  Eval_32_33
core16_2/core4_1/evalA/DP_OP_55J26_123_7810    221.3820     0.0    221.3820     0.0000 0.0000 Eval_32_33_DP_OP_55J26_123_7810_J26_0
core16_2/core4_1/evalA/DP_OP_56J26_124_154    311.5980     0.0    311.5980     0.0000 0.0000 Eval_32_33_DP_OP_56J26_124_154_J26_0
core16_2/core4_1/evalA/DP_OP_57J26_125_8419    304.5420     0.0    304.5420     0.0000 0.0000 Eval_32_33_DP_OP_57J26_125_8419_J26_0
core16_2/core4_1/evalB               596.1060      0.1      19.1520      0.0000  0.0000  Eval_33_33
core16_2/core4_1/evalB/DP_OP_54J21_122_3883    155.8620     0.0    155.8620     0.0000 0.0000 Eval_33_33_DP_OP_54J21_122_3883_J21_0
core16_2/core4_1/evalB/DP_OP_55J21_123_5257    209.7900     0.0    209.7900     0.0000 0.0000 Eval_33_33_DP_OP_55J21_123_5257_J21_0
core16_2/core4_1/evalB/DP_OP_56J21_124_1522    211.3020     0.0    211.3020     0.0000 0.0000 Eval_33_33_DP_OP_56J21_124_1522_J21_0
core16_2/core4_1/interp             2613.9960      0.3       0.7560    268.1280  0.0000  Interpolation_34
core16_2/core4_1/interp/interp      2345.1120      0.3       0.2520      0.0000  0.0000  InterpolationComb_34
core16_2/core4_1/interp/interp/DP_OP_106J27_122_4023   2344.8600     0.3   2344.8600     0.0000 0.0000 InterpolationComb_0_DP_OP_106J27_122_4023_J27_0_13
core16_2/core4_1/mult_x_1            991.1160      0.1     991.1160      0.0000  0.0000  core4_33_DW_mult_uns_J29_1
core16_2/core4_1/mult_x_2           1059.0300      0.1    1059.0300      0.0000  0.0000  core4_33_DW_mult_tc_J29_4
core16_2/core4_1/mult_x_3           1053.6120      0.1    1053.6120      0.0000  0.0000  core4_33_DW_mult_tc_J29_3
core16_2/core4_1/mult_x_4           1074.7800      0.1    1074.7800      0.0000  0.0000  core4_33_DW_mult_tc_J29_2
core16_2/core4_1/mult_x_5           1099.7280      0.1    1099.7280      0.0000  0.0000  core4_33_DW_mult_tc_J29_1
core16_2/core4_1/mult_x_6           1118.3760      0.1    1118.3760      0.0000  0.0000  core4_33_DW_mult_tc_J29_0
core16_2/core4_1/mult_x_7            992.7540      0.1     992.7540      0.0000  0.0000  core4_33_DW_mult_uns_J29_0
core16_2/core4_2                   11347.3079      1.5       1.0080    517.8600  0.0000  core4_32
core16_2/core4_2/evalA               807.9120      0.1      24.6960      0.0000  0.0000  Eval_32_32
core16_2/core4_2/evalA/DP_OP_53J27_123_3533    207.9000     0.0    207.9000     0.0000 0.0000 Eval_32_1_DP_OP_53J27_123_3533_J27_0_24
core16_2/core4_2/evalA/DP_OP_54J27_124_9398    285.2640     0.0    285.2640     0.0000 0.0000 Eval_32_1_DP_OP_54J27_124_9398_J27_0_24
core16_2/core4_2/evalA/DP_OP_55J27_125_9832    290.0520     0.0    290.0520     0.0000 0.0000 Eval_32_1_DP_OP_55J27_125_9832_J27_0_24
core16_2/core4_2/evalB               522.6480      0.1      16.1280      0.0000  0.0000  Eval_33_32
core16_2/core4_2/evalB/DP_OP_53J24_122_8097    135.1980     0.0    135.1980     0.0000 0.0000 Eval_33_1_DP_OP_53J24_122_8097_J24_0_22
core16_2/core4_2/evalB/DP_OP_54J24_123_1200    183.8340     0.0    183.8340     0.0000 0.0000 Eval_33_1_DP_OP_54J24_123_1200_J24_0_22
core16_2/core4_2/evalB/DP_OP_55J24_124_5184    187.4880     0.0    187.4880     0.0000 0.0000 Eval_33_1_DP_OP_55J24_124_5184_J24_0_22
core16_2/core4_2/interp             2712.9060      0.4       0.7560    276.1920  0.0000  Interpolation_33
core16_2/core4_2/interp/interp      2435.9580      0.3       0.2520      0.0000  0.0000  InterpolationComb_33
core16_2/core4_2/interp/interp/DP_OP_106J26_122_4688   2435.7060     0.3   2435.7060     0.0000 0.0000 InterpolationComb_1_DP_OP_106J26_122_4688_J26_0_19
core16_2/core4_2/mult_x_1            861.5880      0.1     861.5880      0.0000  0.0000  core4_1_DW_mult_tc_J21_6_16
core16_2/core4_2/mult_x_2            999.1800      0.1     999.1800      0.0000  0.0000  core4_1_DW_mult_tc_J21_5_16
core16_2/core4_2/mult_x_3            962.8920      0.1     962.8920      0.0000  0.0000  core4_1_DW_mult_tc_J21_4_16
core16_2/core4_2/mult_x_4            999.4320      0.1     999.4320      0.0000  0.0000  core4_1_DW_mult_tc_J21_3_16
core16_2/core4_2/mult_x_5           1033.7040      0.1    1033.7040      0.0000  0.0000  core4_1_DW_mult_tc_J21_2_16
core16_2/core4_2/mult_x_6           1066.5900      0.1    1066.5900      0.0000  0.0000  core4_1_DW_mult_tc_J21_1_16
core16_2/core4_2/mult_x_7            861.5880      0.1     861.5880      0.0000  0.0000  core4_1_DW_mult_tc_J21_0_16
core16_2/core4_3                   12151.6918      1.6       0.7560    517.8600  0.0000  core4_31
core16_2/core4_3/evalA               879.8580      0.1      28.2240      0.0000  0.0000  Eval_32_31
core16_2/core4_3/evalA/DP_OP_53J27_123_3533    222.6420     0.0    222.6420     0.0000 0.0000 Eval_32_1_DP_OP_53J27_123_3533_J27_0_23
core16_2/core4_3/evalA/DP_OP_54J27_124_9398    321.1740     0.0    321.1740     0.0000 0.0000 Eval_32_1_DP_OP_54J27_124_9398_J27_0_23
core16_2/core4_3/evalA/DP_OP_55J27_125_9832    307.8180     0.0    307.8180     0.0000 0.0000 Eval_32_1_DP_OP_55J27_125_9832_J27_0_23
core16_2/core4_3/evalB               687.2040      0.1      22.9320      0.0000  0.0000  Eval_33_31
core16_2/core4_3/evalB/DP_OP_53J24_122_8097    173.3760     0.0    173.3760     0.0000 0.0000 Eval_33_1_DP_OP_53J24_122_8097_J24_0_21
core16_2/core4_3/evalB/DP_OP_54J24_123_1200    250.7400     0.0    250.7400     0.0000 0.0000 Eval_33_1_DP_OP_54J24_123_1200_J24_0_21
core16_2/core4_3/evalB/DP_OP_55J24_124_5184    240.1560     0.0    240.1560     0.0000 0.0000 Eval_33_1_DP_OP_55J24_124_5184_J24_0_21
core16_2/core4_3/interp             2712.9060      0.4       0.7560    276.1920  0.0000  Interpolation_32
core16_2/core4_3/interp/interp      2435.9580      0.3       0.2520      0.0000  0.0000  InterpolationComb_32
core16_2/core4_3/interp/interp/DP_OP_106J26_122_4688   2435.7060     0.3   2435.7060     0.0000 0.0000 InterpolationComb_1_DP_OP_106J26_122_4688_J26_0_18
core16_2/core4_3/mult_x_1            897.6240      0.1     897.6240      0.0000  0.0000  core4_1_DW_mult_tc_J21_6_15
core16_2/core4_3/mult_x_2           1073.8980      0.1    1073.8980      0.0000  0.0000  core4_1_DW_mult_tc_J21_5_15
core16_2/core4_3/mult_x_3           1119.7620      0.1    1119.7620      0.0000  0.0000  core4_1_DW_mult_tc_J21_4_15
core16_2/core4_3/mult_x_4           1121.5260      0.1    1121.5260      0.0000  0.0000  core4_1_DW_mult_tc_J21_3_15
core16_2/core4_3/mult_x_5           1119.0060      0.1    1119.0060      0.0000  0.0000  core4_1_DW_mult_tc_J21_2_15
core16_2/core4_3/mult_x_6           1121.9040      0.1    1121.9040      0.0000  0.0000  core4_1_DW_mult_tc_J21_1_15
core16_2/core4_3/mult_x_7            899.3880      0.1     899.3880      0.0000  0.0000  core4_1_DW_mult_tc_J21_0_15
core16_2/core4_4                   11988.2698      1.6       1.0080    517.8600  0.0000  core4_30
core16_2/core4_4/evalA               863.8560      0.1      26.8380      0.0000  0.0000  Eval_32_30
core16_2/core4_4/evalA/DP_OP_54J28_122_598    220.3740     0.0    220.3740     0.0000 0.0000 Eval_32_30_DP_OP_54J28_122_598_J28_0
core16_2/core4_4/evalA/DP_OP_55J28_123_2724    310.9680     0.0    310.9680     0.0000 0.0000 Eval_32_30_DP_OP_55J28_123_2724_J28_0
core16_2/core4_4/evalA/DP_OP_56J28_124_8504    305.6760     0.0    305.6760     0.0000 0.0000 Eval_32_30_DP_OP_56J28_124_8504_J28_0
core16_2/core4_4/evalB               597.2400      0.1      18.9000      0.0000  0.0000  Eval_33_30
core16_2/core4_4/evalB/DP_OP_54J28_125_5297    156.3660     0.0    156.3660     0.0000 0.0000 Eval_33_30_DP_OP_54J28_125_5297_J28_0
core16_2/core4_4/evalB/DP_OP_55J28_126_4277    207.2700     0.0    207.2700     0.0000 0.0000 Eval_33_30_DP_OP_55J28_126_4277_J28_0
core16_2/core4_4/evalB/DP_OP_56J28_127_7329    214.7040     0.0    214.7040     0.0000 0.0000 Eval_33_30_DP_OP_56J28_127_7329_J28_0
core16_2/core4_4/interp             2712.9060      0.4       0.7560    276.1920  0.0000  Interpolation_31
core16_2/core4_4/interp/interp      2435.9580      0.3       0.2520      0.0000  0.0000  InterpolationComb_31
core16_2/core4_4/interp/interp/DP_OP_106J26_122_4688   2435.7060     0.3   2435.7060     0.0000 0.0000 InterpolationComb_1_DP_OP_106J26_122_4688_J26_0_17
core16_2/core4_4/mult_x_1            948.2760      0.1     948.2760      0.0000  0.0000  core4_30_DW_mult_uns_J30_2
core16_2/core4_4/mult_x_2           1074.1500      0.1    1074.1500      0.0000  0.0000  core4_30_DW_mult_tc_J30_3
core16_2/core4_4/mult_x_3           1040.3820      0.1    1040.3820      0.0000  0.0000  core4_30_DW_mult_tc_J30_2
core16_2/core4_4/mult_x_4           1065.0780      0.1    1065.0780      0.0000  0.0000  core4_30_DW_mult_tc_J30_1
core16_2/core4_4/mult_x_5           1097.7120      0.1    1097.7120      0.0000  0.0000  core4_30_DW_mult_uns_J30_1
core16_2/core4_4/mult_x_6           1118.6280      0.1    1118.6280      0.0000  0.0000  core4_30_DW_mult_tc_J30_0
core16_2/core4_4/mult_x_7            951.1740      0.1     951.1740      0.0000  0.0000  core4_30_DW_mult_uns_J30_0
core16_2/core4_5                   12290.2918      1.6       0.7560    517.9860  0.0000  core4_29
core16_2/core4_5/evalA               880.1100      0.1      28.3500      0.0000  0.0000  Eval_32_29
core16_2/core4_5/evalA/DP_OP_53J27_123_3533    222.6420     0.0    222.6420     0.0000 0.0000 Eval_32_1_DP_OP_53J27_123_3533_J27_0_22
core16_2/core4_5/evalA/DP_OP_54J27_124_9398    321.1740     0.0    321.1740     0.0000 0.0000 Eval_32_1_DP_OP_54J27_124_9398_J27_0_22
core16_2/core4_5/evalA/DP_OP_55J27_125_9832    307.9440     0.0    307.9440     0.0000 0.0000 Eval_32_1_DP_OP_55J27_125_9832_J27_0_22
core16_2/core4_5/evalB               687.7080      0.1      23.4360      0.0000  0.0000  Eval_33_29
core16_2/core4_5/evalB/DP_OP_53J24_122_8097    172.4940     0.0    172.4940     0.0000 0.0000 Eval_33_1_DP_OP_53J24_122_8097_J24_0_20
core16_2/core4_5/evalB/DP_OP_54J24_123_1200    253.5120     0.0    253.5120     0.0000 0.0000 Eval_33_1_DP_OP_54J24_123_1200_J24_0_20
core16_2/core4_5/evalB/DP_OP_55J24_124_5184    238.2660     0.0    238.2660     0.0000 0.0000 Eval_33_1_DP_OP_55J24_124_5184_J24_0_20
core16_2/core4_5/interp             2712.9060      0.4       0.7560    276.1920  0.0000  Interpolation_30
core16_2/core4_5/interp/interp      2435.9580      0.3       0.2520      0.0000  0.0000  InterpolationComb_30
core16_2/core4_5/interp/interp/DP_OP_106J26_122_4688   2435.7060     0.3   2435.7060     0.0000 0.0000 InterpolationComb_1_DP_OP_106J26_122_4688_J26_0_16
core16_2/core4_5/mult_x_1            967.6800      0.1     967.6800      0.0000  0.0000  core4_1_DW_mult_tc_J21_6_14
core16_2/core4_5/mult_x_2           1075.4100      0.1    1075.4100      0.0000  0.0000  core4_1_DW_mult_tc_J21_5_14
core16_2/core4_5/mult_x_3           1121.4000      0.1    1121.4000      0.0000  0.0000  core4_1_DW_mult_tc_J21_4_14
core16_2/core4_5/mult_x_4           1120.1400      0.1    1120.1400      0.0000  0.0000  core4_1_DW_mult_tc_J21_3_14
core16_2/core4_5/mult_x_5           1119.1320      0.1    1119.1320      0.0000  0.0000  core4_1_DW_mult_tc_J21_2_14
core16_2/core4_5/mult_x_6           1119.0060      0.1    1119.0060      0.0000  0.0000  core4_1_DW_mult_tc_J21_1_14
core16_2/core4_5/mult_x_7            968.0580      0.1     968.0580      0.0000  0.0000  core4_1_DW_mult_tc_J21_0_14
core16_2/core4_6                   10842.4259      1.4       1.0080    518.1120  0.0000  core4_28
core16_2/core4_6/evalA               765.4500      0.1      23.1840      0.0000  0.0000  Eval_32_28
core16_2/core4_6/evalA/DP_OP_54J18_122_3077    198.8280     0.0    198.8280     0.0000 0.0000 Eval_32_28_DP_OP_54J18_122_3077_J18_0_0
core16_2/core4_6/evalA/DP_OP_55J18_123_9952    268.7580     0.0    268.7580     0.0000 0.0000 Eval_32_28_DP_OP_55J18_123_9952_J18_0_0
core16_2/core4_6/evalA/DP_OP_56J18_124_7035    274.6800     0.0    274.6800     0.0000 0.0000 Eval_32_28_DP_OP_56J18_124_7035_J18_0_0
core16_2/core4_6/evalB               477.1620      0.1      15.3720      0.0000  0.0000  Eval_33_28
core16_2/core4_6/evalB/DP_OP_54J22_125_6887    122.9760     0.0    122.9760     0.0000 0.0000 Eval_33_28_DP_OP_54J22_125_6887_J22_0_0
core16_2/core4_6/evalB/DP_OP_55J22_126_5906    165.3120     0.0    165.3120     0.0000 0.0000 Eval_33_28_DP_OP_55J22_126_5906_J22_0_0
core16_2/core4_6/evalB/DP_OP_56J22_127_896    173.5020     0.0    173.5020     0.0000 0.0000 Eval_33_28_DP_OP_56J22_127_896_J22_0_0
core16_2/core4_6/interp             2613.9960      0.3       0.7560    268.1280  0.0000  Interpolation_29
core16_2/core4_6/interp/interp      2345.1120      0.3       0.2520      0.0000  0.0000  InterpolationComb_29
core16_2/core4_6/interp/interp/DP_OP_106J27_122_4023   2344.8600     0.3   2344.8600     0.0000 0.0000 InterpolationComb_0_DP_OP_106J27_122_4023_J27_0_12
core16_2/core4_6/mult_x_1            829.9620      0.1     829.9620      0.0000  0.0000  core4_28_DW_mult_uns_J15_3_0
core16_2/core4_6/mult_x_2            991.1160      0.1     991.1160      0.0000  0.0000  core4_28_DW_mult_uns_J15_2_0
core16_2/core4_6/mult_x_3            890.0640      0.1     890.0640      0.0000  0.0000  core4_28_DW_mult_tc_J15_2_0
core16_2/core4_6/mult_x_4            927.1080      0.1     927.1080      0.0000  0.0000  core4_28_DW_mult_tc_J15_1_0
core16_2/core4_6/mult_x_5            983.0520      0.1     983.0520      0.0000  0.0000  core4_28_DW_mult_uns_J15_1_0
core16_2/core4_6/mult_x_6           1011.0240      0.1    1011.0240      0.0000  0.0000  core4_28_DW_mult_tc_J15_0_0
core16_2/core4_6/mult_x_7            834.3720      0.1     834.3720      0.0000  0.0000  core4_28_DW_mult_uns_J15_0_0
core16_2/evalA                       765.4500      0.1      23.1840      0.0000  0.0000  Eval_32_68
core16_2/evalA/DP_OP_54J15_122_5398    198.8280     0.0    198.8280      0.0000  0.0000  Eval_32_65_DP_OP_54J15_122_5398_J15_0_3
core16_2/evalA/DP_OP_55J15_123_3777    268.7580     0.0    268.7580      0.0000  0.0000  Eval_32_65_DP_OP_55J15_123_3777_J15_0_3
core16_2/evalA/DP_OP_56J15_124_1913    274.6800     0.0    274.6800      0.0000  0.0000  Eval_32_65_DP_OP_56J15_124_1913_J15_0_3
core16_2/evalA_1                     765.3240      0.1      22.9320      0.0000  0.0000  Eval_32_67
core16_2/evalA_1/DP_OP_54J15_122_5398    198.8280     0.0    198.8280     0.0000 0.0000  Eval_32_65_DP_OP_54J15_122_5398_J15_0_2
core16_2/evalA_1/DP_OP_55J15_123_3777    268.7580     0.0    268.7580     0.0000 0.0000  Eval_32_65_DP_OP_55J15_123_3777_J15_0_2
core16_2/evalA_1/DP_OP_56J15_124_1913    274.8060     0.0    274.8060     0.0000 0.0000  Eval_32_65_DP_OP_56J15_124_1913_J15_0_2
core16_2/evalA_2                     765.3240      0.1      22.9320      0.0000  0.0000  Eval_32_66
core16_2/evalA_2/DP_OP_54J15_122_5398    198.8280     0.0    198.8280     0.0000 0.0000  Eval_32_65_DP_OP_54J15_122_5398_J15_0_1
core16_2/evalA_2/DP_OP_55J15_123_3777    268.7580     0.0    268.7580     0.0000 0.0000  Eval_32_65_DP_OP_55J15_123_3777_J15_0_1
core16_2/evalA_2/DP_OP_56J15_124_1913    274.8060     0.0    274.8060     0.0000 0.0000  Eval_32_65_DP_OP_56J15_124_1913_J15_0_1
core16_2/evalA_3                     765.4500      0.1      23.0580      0.0000  0.0000  Eval_32_65
core16_2/evalA_3/DP_OP_54J15_122_5398    198.8280     0.0    198.8280     0.0000 0.0000  Eval_32_65_DP_OP_54J15_122_5398_J15_0_0
core16_2/evalA_3/DP_OP_55J15_123_3777    268.7580     0.0    268.7580     0.0000 0.0000  Eval_32_65_DP_OP_55J15_123_3777_J15_0_0
core16_2/evalA_3/DP_OP_56J15_124_1913    274.8060     0.0    274.8060     0.0000 0.0000  Eval_32_65_DP_OP_56J15_124_1913_J15_0_0
core16_2/evalB                       474.2640      0.1      15.3720      0.0000  0.0000  Eval_33_68
core16_2/evalB/DP_OP_54J23_125_4435    122.4720     0.0    122.4720      0.0000  0.0000  Eval_33_65_DP_OP_54J23_125_4435_J23_0_3
core16_2/evalB/DP_OP_55J23_126_9602    165.3120     0.0    165.3120      0.0000  0.0000  Eval_33_65_DP_OP_55J23_126_9602_J23_0_3
core16_2/evalB/DP_OP_56J23_127_412    171.1080     0.0     171.1080      0.0000  0.0000  Eval_33_65_DP_OP_56J23_127_412_J23_0_3
core16_2/evalB_1                     482.5800      0.1      13.8600      0.0000  0.0000  Eval_33_67
core16_2/evalB_1/DP_OP_54J23_125_4435    128.5200     0.0    128.5200     0.0000 0.0000  Eval_33_65_DP_OP_54J23_125_4435_J23_0_2
core16_2/evalB_1/DP_OP_55J23_126_9602    168.3360     0.0    168.3360     0.0000 0.0000  Eval_33_65_DP_OP_55J23_126_9602_J23_0_2
core16_2/evalB_1/DP_OP_56J23_127_412    171.8640     0.0    171.8640     0.0000  0.0000  Eval_33_65_DP_OP_56J23_127_412_J23_0_2
core16_2/evalB_2                     476.7840      0.1      13.8600      0.0000  0.0000  Eval_33_66
core16_2/evalB_2/DP_OP_54J23_125_4435    124.1100     0.0    124.1100     0.0000 0.0000  Eval_33_65_DP_OP_54J23_125_4435_J23_0_1
core16_2/evalB_2/DP_OP_55J23_126_9602    168.8400     0.0    168.8400     0.0000 0.0000  Eval_33_65_DP_OP_55J23_126_9602_J23_0_1
core16_2/evalB_2/DP_OP_56J23_127_412    169.9740     0.0    169.9740     0.0000  0.0000  Eval_33_65_DP_OP_56J23_127_412_J23_0_1
core16_2/evalB_3                     483.8400      0.1      15.3720      0.0000  0.0000  Eval_33_65
core16_2/evalB_3/DP_OP_54J23_125_4435    127.8900     0.0    127.8900     0.0000 0.0000  Eval_33_65_DP_OP_54J23_125_4435_J23_0_0
core16_2/evalB_3/DP_OP_55J23_126_9602    166.5720     0.0    166.5720     0.0000 0.0000  Eval_33_65_DP_OP_55J23_126_9602_J23_0_0
core16_2/evalB_3/DP_OP_56J23_127_412    174.0060     0.0    174.0060     0.0000  0.0000  Eval_33_65_DP_OP_56J23_127_412_J23_0_0
core16_2/interp                     9343.0259      1.2       0.7560   1001.9520  0.0000  Interpolation_7_4
core16_2/interp/interp              8340.3179      1.1       0.2520      0.0000  0.0000  InterpolationComb_7_4
core16_2/interp/interp/DP_OP_421J11_122_4903   8340.0659     1.1   8340.0659     0.0000 0.0000 InterpolationComb_7_1_DP_OP_421J11_122_4903_J11_0_3
core16_3                          103861.1687     13.8       2.0160   1897.0560  0.0000  core16_3
core16_3/core4_0                   11918.4658      1.6       0.7560    518.1120  0.0000  core4_27
core16_3/core4_0/evalA               884.1420      0.1      32.5080      0.0000  0.0000  Eval_32_27
core16_3/core4_0/evalA/DP_OP_53J27_123_3533    222.6420     0.0    222.6420     0.0000 0.0000 Eval_32_1_DP_OP_53J27_123_3533_J27_0_21
core16_3/core4_0/evalA/DP_OP_54J27_124_9398    321.1740     0.0    321.1740     0.0000 0.0000 Eval_32_1_DP_OP_54J27_124_9398_J27_0_21
core16_3/core4_0/evalA/DP_OP_55J27_125_9832    307.8180     0.0    307.8180     0.0000 0.0000 Eval_32_1_DP_OP_55J27_125_9832_J27_0_21
core16_3/core4_0/evalB               686.8260      0.1      22.6800      0.0000  0.0000  Eval_33_27
core16_3/core4_0/evalB/DP_OP_53J24_122_8097    171.8640     0.0    171.8640     0.0000 0.0000 Eval_33_1_DP_OP_53J24_122_8097_J24_0_19
core16_3/core4_0/evalB/DP_OP_54J24_123_1200    253.0080     0.0    253.0080     0.0000 0.0000 Eval_33_1_DP_OP_54J24_123_1200_J24_0_19
core16_3/core4_0/evalB/DP_OP_55J24_124_5184    239.2740     0.0    239.2740     0.0000 0.0000 Eval_33_1_DP_OP_55J24_124_5184_J24_0_19
core16_3/core4_0/interp             2613.9960      0.3       0.7560    268.1280  0.0000  Interpolation_28
core16_3/core4_0/interp/interp      2345.1120      0.3       0.2520      0.0000  0.0000  InterpolationComb_28
core16_3/core4_0/interp/interp/DP_OP_106J27_122_4023   2344.8600     0.3   2344.8600     0.0000 0.0000 InterpolationComb_0_DP_OP_106J27_122_4023_J27_0_11
core16_3/core4_0/mult_x_1            831.2220      0.1     831.2220      0.0000  0.0000  core4_7_DW_mult_tc_J20_6_5
core16_3/core4_0/mult_x_2           1074.5280      0.1    1074.5280      0.0000  0.0000  core4_7_DW_mult_tc_J20_5_5
core16_3/core4_0/mult_x_3           1119.3840      0.1    1119.3840      0.0000  0.0000  core4_7_DW_mult_tc_J20_4_5
core16_3/core4_0/mult_x_4           1120.3920      0.1    1120.3920      0.0000  0.0000  core4_7_DW_mult_tc_J20_3_5
core16_3/core4_0/mult_x_5           1117.9980      0.1    1117.9980      0.0000  0.0000  core4_7_DW_mult_tc_J20_2_5
core16_3/core4_0/mult_x_6           1120.5180      0.1    1120.5180      0.0000  0.0000  core4_7_DW_mult_tc_J20_1_5
core16_3/core4_0/mult_x_7            830.5920      0.1     830.5920      0.0000  0.0000  core4_7_DW_mult_tc_J20_0_5
core16_3/core4_1                   12405.0778      1.6       0.7560    517.6080  0.0000  core4_26
core16_3/core4_1/evalA               879.9840      0.1      28.3500      0.0000  0.0000  Eval_32_26
core16_3/core4_1/evalA/DP_OP_53J27_123_3533    222.6420     0.0    222.6420     0.0000 0.0000 Eval_32_1_DP_OP_53J27_123_3533_J27_0_20
core16_3/core4_1/evalA/DP_OP_54J27_124_9398    321.1740     0.0    321.1740     0.0000 0.0000 Eval_32_1_DP_OP_54J27_124_9398_J27_0_20
core16_3/core4_1/evalA/DP_OP_55J27_125_9832    307.8180     0.0    307.8180     0.0000 0.0000 Eval_32_1_DP_OP_55J27_125_9832_J27_0_20
core16_3/core4_1/evalB               684.1800      0.1      23.0580      0.0000  0.0000  Eval_33_26
core16_3/core4_1/evalB/DP_OP_53J24_122_8097    171.2340     0.0    171.2340     0.0000 0.0000 Eval_33_1_DP_OP_53J24_122_8097_J24_0_18
core16_3/core4_1/evalB/DP_OP_54J24_123_1200    250.6140     0.0    250.6140     0.0000 0.0000 Eval_33_1_DP_OP_54J24_123_1200_J24_0_18
core16_3/core4_1/evalB/DP_OP_55J24_124_5184    239.2740     0.0    239.2740     0.0000 0.0000 Eval_33_1_DP_OP_55J24_124_5184_J24_0_18
core16_3/core4_1/interp             2613.9960      0.3       0.7560    268.1280  0.0000  Interpolation_27
core16_3/core4_1/interp/interp      2345.1120      0.3       0.2520      0.0000  0.0000  InterpolationComb_27
core16_3/core4_1/interp/interp/DP_OP_106J27_122_4023   2344.8600     0.3   2344.8600     0.0000 0.0000 InterpolationComb_0_DP_OP_106J27_122_4023_J27_0_10
core16_3/core4_1/mult_x_1           1075.2840      0.1    1075.2840      0.0000  0.0000  core4_7_DW_mult_tc_J20_6_4
core16_3/core4_1/mult_x_2           1076.5440      0.1    1076.5440      0.0000  0.0000  core4_7_DW_mult_tc_J20_5_4
core16_3/core4_1/mult_x_3           1124.0460      0.1    1124.0460      0.0000  0.0000  core4_7_DW_mult_tc_J20_4_4
core16_3/core4_1/mult_x_4           1119.0060      0.1    1119.0060      0.0000  0.0000  core4_7_DW_mult_tc_J20_3_4
core16_3/core4_1/mult_x_5           1119.0060      0.1    1119.0060      0.0000  0.0000  core4_7_DW_mult_tc_J20_2_4
core16_3/core4_1/mult_x_6           1120.0140      0.1    1120.0140      0.0000  0.0000  core4_7_DW_mult_tc_J20_1_4
core16_3/core4_1/mult_x_7           1074.6540      0.1    1074.6540      0.0000  0.0000  core4_7_DW_mult_tc_J20_0_4
core16_3/core4_2                   12515.2018      1.7       0.7560    517.7340  0.0000  core4_25
core16_3/core4_2/evalA               880.2360      0.1      28.6020      0.0000  0.0000  Eval_32_25
core16_3/core4_2/evalA/DP_OP_53J27_123_3533    222.6420     0.0    222.6420     0.0000 0.0000 Eval_32_1_DP_OP_53J27_123_3533_J27_0_19
core16_3/core4_2/evalA/DP_OP_54J27_124_9398    321.1740     0.0    321.1740     0.0000 0.0000 Eval_32_1_DP_OP_54J27_124_9398_J27_0_19
core16_3/core4_2/evalA/DP_OP_55J27_125_9832    307.8180     0.0    307.8180     0.0000 0.0000 Eval_32_1_DP_OP_55J27_125_9832_J27_0_19
core16_3/core4_2/evalB               688.2120      0.1      22.9320      0.0000  0.0000  Eval_33_25
core16_3/core4_2/evalB/DP_OP_53J24_122_8097    171.2340     0.0    171.2340     0.0000 0.0000 Eval_33_1_DP_OP_53J24_122_8097_J24_0_17
core16_3/core4_2/evalB/DP_OP_54J24_123_1200    254.5200     0.0    254.5200     0.0000 0.0000 Eval_33_1_DP_OP_54J24_123_1200_J24_0_17
core16_3/core4_2/evalB/DP_OP_55J24_124_5184    239.5260     0.0    239.5260     0.0000 0.0000 Eval_33_1_DP_OP_55J24_124_5184_J24_0_17
core16_3/core4_2/interp             2712.4020      0.4       0.7560    276.1920  0.0000  Interpolation_26
core16_3/core4_2/interp/interp      2435.4540      0.3       0.2520      0.0000  0.0000  InterpolationComb_26
core16_3/core4_2/interp/interp/DP_OP_106J26_122_4688   2435.2020     0.3   2435.2020     0.0000 0.0000 InterpolationComb_1_DP_OP_106J26_122_4688_J26_0_15
core16_3/core4_2/mult_x_1           1075.4100      0.1    1075.4100      0.0000  0.0000  core4_1_DW_mult_tc_J21_6_13
core16_3/core4_2/mult_x_2           1075.4100      0.1    1075.4100      0.0000  0.0000  core4_1_DW_mult_tc_J21_5_13
core16_3/core4_2/mult_x_3           1124.5500      0.1    1124.5500      0.0000  0.0000  core4_1_DW_mult_tc_J21_4_13
core16_3/core4_2/mult_x_4           1123.0380      0.1    1123.0380      0.0000  0.0000  core4_1_DW_mult_tc_J21_3_13
core16_3/core4_2/mult_x_5           1120.5180      0.1    1120.5180      0.0000  0.0000  core4_1_DW_mult_tc_J21_2_13
core16_3/core4_2/mult_x_6           1122.5340      0.1    1122.5340      0.0000  0.0000  core4_1_DW_mult_tc_J21_1_13
core16_3/core4_2/mult_x_7           1074.4020      0.1    1074.4020      0.0000  0.0000  core4_1_DW_mult_tc_J21_0_13
core16_3/core4_3                   12521.5018      1.7       0.7560    517.9860  0.0000  core4_24
core16_3/core4_3/evalA               881.4960      0.1      28.3500      0.0000  0.0000  Eval_32_24
core16_3/core4_3/evalA/DP_OP_53J27_123_3533    222.6420     0.0    222.6420     0.0000 0.0000 Eval_32_1_DP_OP_53J27_123_3533_J27_0_18
core16_3/core4_3/evalA/DP_OP_54J27_124_9398    322.6860     0.0    322.6860     0.0000 0.0000 Eval_32_1_DP_OP_54J27_124_9398_J27_0_18
core16_3/core4_3/evalA/DP_OP_55J27_125_9832    307.8180     0.0    307.8180     0.0000 0.0000 Eval_32_1_DP_OP_55J27_125_9832_J27_0_18
core16_3/core4_3/evalB               691.3620      0.1      22.9320      0.0000  0.0000  Eval_33_24
core16_3/core4_3/evalB/DP_OP_53J24_122_8097    173.2500     0.0    173.2500     0.0000 0.0000 Eval_33_1_DP_OP_53J24_122_8097_J24_0_16
core16_3/core4_3/evalB/DP_OP_54J24_123_1200    254.1420     0.0    254.1420     0.0000 0.0000 Eval_33_1_DP_OP_54J24_123_1200_J24_0_16
core16_3/core4_3/evalB/DP_OP_55J24_124_5184    241.0380     0.0    241.0380     0.0000 0.0000 Eval_33_1_DP_OP_55J24_124_5184_J24_0_16
core16_3/core4_3/interp             2712.4020      0.4       0.7560    276.1920  0.0000  Interpolation_25
core16_3/core4_3/interp/interp      2435.4540      0.3       0.2520      0.0000  0.0000  InterpolationComb_25
core16_3/core4_3/interp/interp/DP_OP_106J26_122_4688   2435.2020     0.3   2435.2020     0.0000 0.0000 InterpolationComb_1_DP_OP_106J26_122_4688_J26_0_14
core16_3/core4_3/mult_x_1           1074.9060      0.1    1074.9060      0.0000  0.0000  core4_1_DW_mult_tc_J21_6_12
core16_3/core4_3/mult_x_2           1075.2840      0.1    1075.2840      0.0000  0.0000  core4_1_DW_mult_tc_J21_5_12
core16_3/core4_3/mult_x_3           1123.1640      0.1    1123.1640      0.0000  0.0000  core4_1_DW_mult_tc_J21_4_12
core16_3/core4_3/mult_x_4           1119.8880      0.1    1119.8880      0.0000  0.0000  core4_1_DW_mult_tc_J21_3_12
core16_3/core4_3/mult_x_5           1124.9280      0.1    1124.9280      0.0000  0.0000  core4_1_DW_mult_tc_J21_2_12
core16_3/core4_3/mult_x_6           1122.9120      0.1    1122.9120      0.0000  0.0000  core4_1_DW_mult_tc_J21_1_12
core16_3/core4_3/mult_x_7           1076.4180      0.1    1076.4180      0.0000  0.0000  core4_1_DW_mult_tc_J21_0_12
core16_3/core4_4                   12517.9738      1.7       0.7560    517.9860  0.0000  core4_23
core16_3/core4_4/evalA               879.9840      0.1      28.3500      0.0000  0.0000  Eval_32_23
core16_3/core4_4/evalA/DP_OP_53J27_123_3533    222.6420     0.0    222.6420     0.0000 0.0000 Eval_32_1_DP_OP_53J27_123_3533_J27_0_17
core16_3/core4_4/evalA/DP_OP_54J27_124_9398    321.1740     0.0    321.1740     0.0000 0.0000 Eval_32_1_DP_OP_54J27_124_9398_J27_0_17
core16_3/core4_4/evalA/DP_OP_55J27_125_9832    307.8180     0.0    307.8180     0.0000 0.0000 Eval_32_1_DP_OP_55J27_125_9832_J27_0_17
core16_3/core4_4/evalB               697.5360      0.1      23.0580      0.0000  0.0000  Eval_33_23
core16_3/core4_4/evalB/DP_OP_53J24_122_8097    175.6440     0.0    175.6440     0.0000 0.0000 Eval_33_1_DP_OP_53J24_122_8097_J24_0_15
core16_3/core4_4/evalB/DP_OP_54J24_123_1200    253.7640     0.0    253.7640     0.0000 0.0000 Eval_33_1_DP_OP_54J24_123_1200_J24_0_15
core16_3/core4_4/evalB/DP_OP_55J24_124_5184    245.0700     0.0    245.0700     0.0000 0.0000 Eval_33_1_DP_OP_55J24_124_5184_J24_0_15
core16_3/core4_4/interp             2712.4020      0.4       0.7560    276.1920  0.0000  Interpolation_24
core16_3/core4_4/interp/interp      2435.4540      0.3       0.2520      0.0000  0.0000  InterpolationComb_24
core16_3/core4_4/interp/interp/DP_OP_106J26_122_4688   2435.2020     0.3   2435.2020     0.0000 0.0000 InterpolationComb_1_DP_OP_106J26_122_4688_J26_0_13
core16_3/core4_4/mult_x_1           1078.0560      0.1    1078.0560      0.0000  0.0000  core4_1_DW_mult_tc_J21_6_11
core16_3/core4_4/mult_x_2           1075.5360      0.1    1075.5360      0.0000  0.0000  core4_1_DW_mult_tc_J21_5_11
core16_3/core4_4/mult_x_3           1119.2580      0.1    1119.2580      0.0000  0.0000  core4_1_DW_mult_tc_J21_4_11
core16_3/core4_4/mult_x_4           1118.8800      0.1    1118.8800      0.0000  0.0000  core4_1_DW_mult_tc_J21_3_11
core16_3/core4_4/mult_x_5           1119.7620      0.1    1119.7620      0.0000  0.0000  core4_1_DW_mult_tc_J21_2_11
core16_3/core4_4/mult_x_6           1122.1560      0.1    1122.1560      0.0000  0.0000  core4_1_DW_mult_tc_J21_1_11
core16_3/core4_4/mult_x_7           1075.6620      0.1    1075.6620      0.0000  0.0000  core4_1_DW_mult_tc_J21_0_11
core16_3/core4_5                   12506.7598      1.7       0.7560    517.9860  0.0000  core4_22
core16_3/core4_5/evalA               879.9840      0.1      28.3500      0.0000  0.0000  Eval_32_22
core16_3/core4_5/evalA/DP_OP_53J27_123_3533    222.6420     0.0    222.6420     0.0000 0.0000 Eval_32_1_DP_OP_53J27_123_3533_J27_0_16
core16_3/core4_5/evalA/DP_OP_54J27_124_9398    321.1740     0.0    321.1740     0.0000 0.0000 Eval_32_1_DP_OP_54J27_124_9398_J27_0_16
core16_3/core4_5/evalA/DP_OP_55J27_125_9832    307.8180     0.0    307.8180     0.0000 0.0000 Eval_32_1_DP_OP_55J27_125_9832_J27_0_16
core16_3/core4_5/evalB               688.2120      0.1      23.0580      0.0000  0.0000  Eval_33_22
core16_3/core4_5/evalB/DP_OP_53J24_122_8097    172.8720     0.0    172.8720     0.0000 0.0000 Eval_33_1_DP_OP_53J24_122_8097_J24_0_14
core16_3/core4_5/evalB/DP_OP_54J24_123_1200    253.0080     0.0    253.0080     0.0000 0.0000 Eval_33_1_DP_OP_54J24_123_1200_J24_0_14
core16_3/core4_5/evalB/DP_OP_55J24_124_5184    239.2740     0.0    239.2740     0.0000 0.0000 Eval_33_1_DP_OP_55J24_124_5184_J24_0_14
core16_3/core4_5/interp             2712.4020      0.4       0.7560    276.1920  0.0000  Interpolation_23
core16_3/core4_5/interp/interp      2435.4540      0.3       0.2520      0.0000  0.0000  InterpolationComb_23
core16_3/core4_5/interp/interp/DP_OP_106J26_122_4688   2435.2020     0.3   2435.2020     0.0000 0.0000 InterpolationComb_1_DP_OP_106J26_122_4688_J26_0_12
core16_3/core4_5/mult_x_1           1073.0160      0.1    1073.0160      0.0000  0.0000  core4_1_DW_mult_tc_J21_6_10
core16_3/core4_5/mult_x_2           1074.5280      0.1    1074.5280      0.0000  0.0000  core4_1_DW_mult_tc_J21_5_10
core16_3/core4_5/mult_x_3           1120.7700      0.1    1120.7700      0.0000  0.0000  core4_1_DW_mult_tc_J21_4_10
core16_3/core4_5/mult_x_4           1118.6280      0.1    1118.6280      0.0000  0.0000  core4_1_DW_mult_tc_J21_3_10
core16_3/core4_5/mult_x_5           1120.3920      0.1    1120.3920      0.0000  0.0000  core4_1_DW_mult_tc_J21_2_10
core16_3/core4_5/mult_x_6           1124.8020      0.1    1124.8020      0.0000  0.0000  core4_1_DW_mult_tc_J21_1_10
core16_3/core4_5/mult_x_7           1075.2840      0.1    1075.2840      0.0000  0.0000  core4_1_DW_mult_tc_J21_0_10
core16_3/core4_6                   11926.2778      1.6       0.7560    517.9860  0.0000  core4_21
core16_3/core4_6/evalA               883.8900      0.1      32.2560      0.0000  0.0000  Eval_32_21
core16_3/core4_6/evalA/DP_OP_53J27_123_3533    222.6420     0.0    222.6420     0.0000 0.0000 Eval_32_1_DP_OP_53J27_123_3533_J27_0_15
core16_3/core4_6/evalA/DP_OP_54J27_124_9398    321.1740     0.0    321.1740     0.0000 0.0000 Eval_32_1_DP_OP_54J27_124_9398_J27_0_15
core16_3/core4_6/evalA/DP_OP_55J27_125_9832    307.8180     0.0    307.8180     0.0000 0.0000 Eval_32_1_DP_OP_55J27_125_9832_J27_0_15
core16_3/core4_6/evalB               692.7480      0.1      22.8060      0.0000  0.0000  Eval_33_21
core16_3/core4_6/evalB/DP_OP_53J24_122_8097    175.6440     0.0    175.6440     0.0000 0.0000 Eval_33_1_DP_OP_53J24_122_8097_J24_0_13
core16_3/core4_6/evalB/DP_OP_54J24_123_1200    255.6540     0.0    255.6540     0.0000 0.0000 Eval_33_1_DP_OP_54J24_123_1200_J24_0_13
core16_3/core4_6/evalB/DP_OP_55J24_124_5184    238.6440     0.0    238.6440     0.0000 0.0000 Eval_33_1_DP_OP_55J24_124_5184_J24_0_13
core16_3/core4_6/interp             2613.9960      0.3       0.7560    268.1280  0.0000  Interpolation_22
core16_3/core4_6/interp/interp      2345.1120      0.3       0.2520      0.0000  0.0000  InterpolationComb_22
core16_3/core4_6/interp/interp/DP_OP_106J27_122_4023   2344.8600     0.3   2344.8600     0.0000 0.0000 InterpolationComb_0_DP_OP_106J27_122_4023_J27_0_9
core16_3/core4_6/mult_x_1            830.8440      0.1     830.8440      0.0000  0.0000  core4_7_DW_mult_tc_J20_6_3
core16_3/core4_6/mult_x_2           1075.2840      0.1    1075.2840      0.0000  0.0000  core4_7_DW_mult_tc_J20_5_3
core16_3/core4_6/mult_x_3           1118.2500      0.1    1118.2500      0.0000  0.0000  core4_7_DW_mult_tc_J20_4_3
core16_3/core4_6/mult_x_4           1123.6680      0.1    1123.6680      0.0000  0.0000  core4_7_DW_mult_tc_J20_3_3
core16_3/core4_6/mult_x_5           1120.6440      0.1    1120.6440      0.0000  0.0000  core4_7_DW_mult_tc_J20_2_3
core16_3/core4_6/mult_x_6           1117.9980      0.1    1117.9980      0.0000  0.0000  core4_7_DW_mult_tc_J20_1_3
core16_3/core4_6/mult_x_7            830.2140      0.1     830.2140      0.0000  0.0000  core4_7_DW_mult_tc_J20_0_3
core16_3/evalA                       881.8740      0.1      30.2400      0.0000  0.0000  Eval_32_64
core16_3/evalA/DP_OP_53J27_123_3533    222.6420     0.0    222.6420      0.0000  0.0000  Eval_32_1_DP_OP_53J27_123_3533_J27_0_40
core16_3/evalA/DP_OP_54J27_124_9398    321.1740     0.0    321.1740      0.0000  0.0000  Eval_32_1_DP_OP_54J27_124_9398_J27_0_40
core16_3/evalA/DP_OP_55J27_125_9832    307.8180     0.0    307.8180      0.0000  0.0000  Eval_32_1_DP_OP_55J27_125_9832_J27_0_40
core16_3/evalA_1                     879.4800      0.1      27.7200      0.0000  0.0000  Eval_32_63
core16_3/evalA_1/DP_OP_53J27_123_3533    222.6420     0.0    222.6420     0.0000 0.0000  Eval_32_1_DP_OP_53J27_123_3533_J27_0_39
core16_3/evalA_1/DP_OP_54J27_124_9398    321.1740     0.0    321.1740     0.0000 0.0000  Eval_32_1_DP_OP_54J27_124_9398_J27_0_39
core16_3/evalA_1/DP_OP_55J27_125_9832    307.9440     0.0    307.9440     0.0000 0.0000  Eval_32_1_DP_OP_55J27_125_9832_J27_0_39
core16_3/evalA_2                     879.4800      0.1      27.7200      0.0000  0.0000  Eval_32_62
core16_3/evalA_2/DP_OP_53J27_123_3533    222.6420     0.0    222.6420     0.0000 0.0000  Eval_32_1_DP_OP_53J27_123_3533_J27_0_38
core16_3/evalA_2/DP_OP_54J27_124_9398    321.1740     0.0    321.1740     0.0000 0.0000  Eval_32_1_DP_OP_54J27_124_9398_J27_0_38
core16_3/evalA_2/DP_OP_55J27_125_9832    307.9440     0.0    307.9440     0.0000 0.0000  Eval_32_1_DP_OP_55J27_125_9832_J27_0_38
core16_3/evalA_3                     882.6300      0.1      30.9960      0.0000  0.0000  Eval_32_61
core16_3/evalA_3/DP_OP_53J27_123_3533    222.6420     0.0    222.6420     0.0000 0.0000  Eval_32_1_DP_OP_53J27_123_3533_J27_0_37
core16_3/evalA_3/DP_OP_54J27_124_9398    321.1740     0.0    321.1740     0.0000 0.0000  Eval_32_1_DP_OP_54J27_124_9398_J27_0_37
core16_3/evalA_3/DP_OP_55J27_125_9832    307.8180     0.0    307.8180     0.0000 0.0000  Eval_32_1_DP_OP_55J27_125_9832_J27_0_37
core16_3/evalB                       694.1340      0.1      20.4120      0.0000  0.0000  Eval_33_64
core16_3/evalB/DP_OP_53J24_122_8097    172.7460     0.0    172.7460      0.0000  0.0000  Eval_33_1_DP_OP_53J24_122_8097_J24_0_36
core16_3/evalB/DP_OP_54J24_123_1200    261.8280     0.0    261.8280      0.0000  0.0000  Eval_33_1_DP_OP_54J24_123_1200_J24_0_36
core16_3/evalB/DP_OP_55J24_124_5184    239.1480     0.0    239.1480      0.0000  0.0000  Eval_33_1_DP_OP_55J24_124_5184_J24_0_36
core16_3/evalB_1                     700.4340      0.1      20.6640      0.0000  0.0000  Eval_33_63
core16_3/evalB_1/DP_OP_53J24_122_8097    181.0620     0.0    181.0620     0.0000 0.0000  Eval_33_1_DP_OP_53J24_122_8097_J24_0_35
core16_3/evalB_1/DP_OP_54J24_123_1200    257.4180     0.0    257.4180     0.0000 0.0000  Eval_33_1_DP_OP_54J24_123_1200_J24_0_35
core16_3/evalB_1/DP_OP_55J24_124_5184    241.2900     0.0    241.2900     0.0000 0.0000  Eval_33_1_DP_OP_55J24_124_5184_J24_0_35
core16_3/evalB_2                     693.6300      0.1      20.6640      0.0000  0.0000  Eval_33_62
core16_3/evalB_2/DP_OP_53J24_122_8097    173.2500     0.0    173.2500     0.0000 0.0000  Eval_33_1_DP_OP_53J24_122_8097_J24_0_34
core16_3/evalB_2/DP_OP_54J24_123_1200    252.1260     0.0    252.1260     0.0000 0.0000  Eval_33_1_DP_OP_54J24_123_1200_J24_0_34
core16_3/evalB_2/DP_OP_55J24_124_5184    247.5900     0.0    247.5900     0.0000 0.0000  Eval_33_1_DP_OP_55J24_124_5184_J24_0_34
core16_3/evalB_3                     696.6540      0.1      20.4120      0.0000  0.0000  Eval_33_61
core16_3/evalB_3/DP_OP_53J24_122_8097    177.5340     0.0    177.5340     0.0000 0.0000  Eval_33_1_DP_OP_53J24_122_8097_J24_0_33
core16_3/evalB_3/DP_OP_54J24_123_1200    259.5600     0.0    259.5600     0.0000 0.0000  Eval_33_1_DP_OP_54J24_123_1200_J24_0_33
core16_3/evalB_3/DP_OP_55J24_124_5184    239.1480     0.0    239.1480     0.0000 0.0000  Eval_33_1_DP_OP_55J24_124_5184_J24_0_33
core16_3/interp                     9342.5219      1.2       0.7560   1001.9520  0.0000  Interpolation_7_3
core16_3/interp/interp              8339.8139      1.1       0.2520      0.0000  0.0000  InterpolationComb_7_3
core16_3/interp/interp/DP_OP_421J11_122_4903   8339.5619     1.1   8339.5619     0.0000 0.0000 InterpolationComb_7_1_DP_OP_421J11_122_4903_J11_0_2
core16_4                          101210.0027     13.4       2.0160   1897.0560  0.0000  core16_2
core16_4/core4_0                   11528.7479      1.5       1.0080    517.9860  0.0000  core4_20
core16_4/core4_0/evalA               835.3800      0.1      25.9560      0.0000  0.0000  Eval_32_20
core16_4/core4_0/evalA/DP_OP_54J16_122_2576    216.0900     0.0    216.0900     0.0000 0.0000 Eval_32_2_DP_OP_54J16_122_2576_J16_0_2
core16_4/core4_0/evalA/DP_OP_55J16_123_96    294.0840     0.0    294.0840     0.0000 0.0000 Eval_32_2_DP_OP_55J16_123_96_J16_0_2
core16_4/core4_0/evalA/DP_OP_56J16_124_6698    299.2500     0.0    299.2500     0.0000 0.0000 Eval_32_2_DP_OP_56J16_124_6698_J16_0_2
core16_4/core4_0/evalB               549.4860      0.1      18.0180      0.0000  0.0000  Eval_33_20
core16_4/core4_0/evalB/DP_OP_54J21_125_6473    143.5140     0.0    143.5140     0.0000 0.0000 Eval_33_2_DP_OP_54J21_125_6473_J21_0_2
core16_4/core4_0/evalB/DP_OP_55J21_126_780    191.2680     0.0    191.2680     0.0000 0.0000 Eval_33_2_DP_OP_55J21_126_780_J21_0_2
core16_4/core4_0/evalB/DP_OP_56J21_127_9714    196.6860     0.0    196.6860     0.0000 0.0000 Eval_33_2_DP_OP_56J21_127_9714_J21_0_2
core16_4/core4_0/interp             2613.9960      0.3       0.7560    268.1280  0.0000  Interpolation_21
core16_4/core4_0/interp/interp      2345.1120      0.3       0.2520      0.0000  0.0000  InterpolationComb_21
core16_4/core4_0/interp/interp/DP_OP_106J27_122_4023   2344.8600     0.3   2344.8600     0.0000 0.0000 InterpolationComb_0_DP_OP_106J27_122_4023_J27_0_8
core16_4/core4_0/mult_x_1            921.8160      0.1     921.8160      0.0000  0.0000  core4_14_DW_mult_uns_J25_3_1
core16_4/core4_0/mult_x_2           1048.0680      0.1    1048.0680      0.0000  0.0000  core4_14_DW_mult_uns_J25_2_1
core16_4/core4_0/mult_x_3            987.2100      0.1     987.2100      0.0000  0.0000  core4_14_DW_mult_tc_J25_2_1
core16_4/core4_0/mult_x_4           1010.3940      0.1    1010.3940      0.0000  0.0000  core4_14_DW_mult_tc_J25_1_1
core16_4/core4_0/mult_x_5           1051.0920      0.1    1051.0920      0.0000  0.0000  core4_14_DW_mult_uns_J25_1_1
core16_4/core4_0/mult_x_6           1070.4960      0.1    1070.4960      0.0000  0.0000  core4_14_DW_mult_tc_J25_0_1
core16_4/core4_0/mult_x_7            921.8160      0.1     921.8160      0.0000  0.0000  core4_14_DW_mult_uns_J25_0_1
core16_4/core4_1                   12327.5878      1.6       1.0080    518.1120  0.0000  core4_19
core16_4/core4_1/evalA               880.1100      0.1      28.4760      0.0000  0.0000  Eval_32_19
core16_4/core4_1/evalA/DP_OP_53J27_123_3533    222.6420     0.0    222.6420     0.0000 0.0000 Eval_32_1_DP_OP_53J27_123_3533_J27_0_14
core16_4/core4_1/evalA/DP_OP_54J27_124_9398    321.1740     0.0    321.1740     0.0000 0.0000 Eval_32_1_DP_OP_54J27_124_9398_J27_0_14
core16_4/core4_1/evalA/DP_OP_55J27_125_9832    307.8180     0.0    307.8180     0.0000 0.0000 Eval_32_1_DP_OP_55J27_125_9832_J27_0_14
core16_4/core4_1/evalB               658.9800      0.1      20.6640      0.0000  0.0000  Eval_33_19
core16_4/core4_1/evalB/DP_OP_54J22_122_246    168.4620     0.0    168.4620     0.0000 0.0000 Eval_33_19_DP_OP_54J22_122_246_J22_0_0
core16_4/core4_1/evalB/DP_OP_55J22_123_8053    237.8880     0.0    237.8880     0.0000 0.0000 Eval_33_19_DP_OP_55J22_123_8053_J22_0_0
core16_4/core4_1/evalB/DP_OP_56J22_124_8414    231.9660     0.0    231.9660     0.0000 0.0000 Eval_33_19_DP_OP_56J22_124_8414_J22_0_0
core16_4/core4_1/interp             2613.9960      0.3       0.7560    268.1280  0.0000  Interpolation_20
core16_4/core4_1/interp/interp      2345.1120      0.3       0.2520      0.0000  0.0000  InterpolationComb_20
core16_4/core4_1/interp/interp/DP_OP_106J27_122_4023   2344.8600     0.3   2344.8600     0.0000 0.0000 InterpolationComb_0_DP_OP_106J27_122_4023_J27_0_7
core16_4/core4_1/mult_x_1           1047.6900      0.1    1047.6900      0.0000  0.0000  core4_19_DW_mult_uns_J24_1
core16_4/core4_1/mult_x_2           1077.6780      0.1    1077.6780      0.0000  0.0000  core4_19_DW_mult_tc_J24_4
core16_4/core4_1/mult_x_3           1121.2740      0.1    1121.2740      0.0000  0.0000  core4_19_DW_mult_tc_J24_3
core16_4/core4_1/mult_x_4           1118.6280      0.1    1118.6280      0.0000  0.0000  core4_19_DW_mult_tc_J24_2
core16_4/core4_1/mult_x_5           1122.4080      0.1    1122.4080      0.0000  0.0000  core4_19_DW_mult_tc_J24_1
core16_4/core4_1/mult_x_6           1119.5100      0.1    1119.5100      0.0000  0.0000  core4_19_DW_mult_tc_J24_0
core16_4/core4_1/mult_x_7           1048.1940      0.1    1048.1940      0.0000  0.0000  core4_19_DW_mult_uns_J24_0
core16_4/core4_2                   11961.4318      1.6       1.0080    517.8600  0.0000  core4_18
core16_4/core4_2/evalA               867.0060      0.1      26.9640      0.0000  0.0000  Eval_32_18
core16_4/core4_2/evalA/DP_OP_53J27_123_3533    223.9020     0.0    223.9020     0.0000 0.0000 Eval_32_1_DP_OP_53J27_123_3533_J27_0_13
core16_4/core4_2/evalA/DP_OP_54J27_124_9398    310.9680     0.0    310.9680     0.0000 0.0000 Eval_32_1_DP_OP_54J27_124_9398_J27_0_13
core16_4/core4_2/evalA/DP_OP_55J27_125_9832    305.1720     0.0    305.1720     0.0000 0.0000 Eval_32_1_DP_OP_55J27_125_9832_J27_0_13
core16_4/core4_2/evalB               590.1840      0.1      18.3960      0.0000  0.0000  Eval_33_18
core16_4/core4_2/evalB/DP_OP_53J24_122_8097    150.4440     0.0    150.4440     0.0000 0.0000 Eval_33_1_DP_OP_53J24_122_8097_J24_0_12
core16_4/core4_2/evalB/DP_OP_54J24_123_1200    208.6560     0.0    208.6560     0.0000 0.0000 Eval_33_1_DP_OP_54J24_123_1200_J24_0_12
core16_4/core4_2/evalB/DP_OP_55J24_124_5184    212.6880     0.0    212.6880     0.0000 0.0000 Eval_33_1_DP_OP_55J24_124_5184_J24_0_12
core16_4/core4_2/interp             2712.4020      0.4       0.7560    276.1920  0.0000  Interpolation_19
core16_4/core4_2/interp/interp      2435.4540      0.3       0.2520      0.0000  0.0000  InterpolationComb_19
core16_4/core4_2/interp/interp/DP_OP_106J26_122_4688   2435.2020     0.3   2435.2020     0.0000 0.0000 InterpolationComb_1_DP_OP_106J26_122_4688_J26_0_11
core16_4/core4_2/mult_x_1            948.7800      0.1     948.7800      0.0000  0.0000  core4_1_DW_mult_tc_J21_6_9
core16_4/core4_2/mult_x_2           1053.9900      0.1    1053.9900      0.0000  0.0000  core4_1_DW_mult_tc_J21_5_9
core16_4/core4_2/mult_x_3           1040.5080      0.1    1040.5080      0.0000  0.0000  core4_1_DW_mult_tc_J21_4_9
core16_4/core4_2/mult_x_4           1067.5980      0.1    1067.5980      0.0000  0.0000  core4_1_DW_mult_tc_J21_3_9
core16_4/core4_2/mult_x_5           1096.2000      0.1    1096.2000      0.0000  0.0000  core4_1_DW_mult_tc_J21_2_9
core16_4/core4_2/mult_x_6           1117.1160      0.1    1117.1160      0.0000  0.0000  core4_1_DW_mult_tc_J21_1_9
core16_4/core4_2/mult_x_7            948.7800      0.1     948.7800      0.0000  0.0000  core4_1_DW_mult_tc_J21_0_9
core16_4/core4_3                   12300.2458      1.6       0.7560    517.8600  0.0000  core4_17
core16_4/core4_3/evalA               879.8580      0.1      28.2240      0.0000  0.0000  Eval_32_17
core16_4/core4_3/evalA/DP_OP_53J27_123_3533    222.6420     0.0    222.6420     0.0000 0.0000 Eval_32_1_DP_OP_53J27_123_3533_J27_0_12
core16_4/core4_3/evalA/DP_OP_54J27_124_9398    321.1740     0.0    321.1740     0.0000 0.0000 Eval_32_1_DP_OP_54J27_124_9398_J27_0_12
core16_4/core4_3/evalA/DP_OP_55J27_125_9832    307.8180     0.0    307.8180     0.0000 0.0000 Eval_32_1_DP_OP_55J27_125_9832_J27_0_12
core16_4/core4_3/evalB               689.0940      0.1      22.9320      0.0000  0.0000  Eval_33_17
core16_4/core4_3/evalB/DP_OP_53J24_122_8097    172.4940     0.0    172.4940     0.0000 0.0000 Eval_33_1_DP_OP_53J24_122_8097_J24_0_11
core16_4/core4_3/evalB/DP_OP_54J24_123_1200    253.3860     0.0    253.3860     0.0000 0.0000 Eval_33_1_DP_OP_54J24_123_1200_J24_0_11
core16_4/core4_3/evalB/DP_OP_55J24_124_5184    240.2820     0.0    240.2820     0.0000 0.0000 Eval_33_1_DP_OP_55J24_124_5184_J24_0_11
core16_4/core4_3/interp             2712.4020      0.4       0.7560    276.1920  0.0000  Interpolation_18
core16_4/core4_3/interp/interp      2435.4540      0.3       0.2520      0.0000  0.0000  InterpolationComb_18
core16_4/core4_3/interp/interp/DP_OP_106J26_122_4688   2435.2020     0.3   2435.2020     0.0000 0.0000 InterpolationComb_1_DP_OP_106J26_122_4688_J26_0_10
core16_4/core4_3/mult_x_1            966.6720      0.1     966.6720      0.0000  0.0000  core4_1_DW_mult_tc_J21_6_8
core16_4/core4_3/mult_x_2           1075.1580      0.1    1075.1580      0.0000  0.0000  core4_1_DW_mult_tc_J21_5_8
core16_4/core4_3/mult_x_3           1123.2900      0.1    1123.2900      0.0000  0.0000  core4_1_DW_mult_tc_J21_4_8
core16_4/core4_3/mult_x_4           1121.4000      0.1    1121.4000      0.0000  0.0000  core4_1_DW_mult_tc_J21_3_8
core16_4/core4_3/mult_x_5           1121.7780      0.1    1121.7780      0.0000  0.0000  core4_1_DW_mult_tc_J21_2_8
core16_4/core4_3/mult_x_6           1119.8880      0.1    1119.8880      0.0000  0.0000  core4_1_DW_mult_tc_J21_1_8
core16_4/core4_3/mult_x_7            972.0900      0.1     972.0900      0.0000  0.0000  core4_1_DW_mult_tc_J21_0_8
core16_4/core4_4                   12329.3518      1.6       1.0080    517.8600  0.0000  core4_16
core16_4/core4_4/evalA               883.8900      0.1      32.2560      0.0000  0.0000  Eval_32_16
core16_4/core4_4/evalA/DP_OP_53J27_123_3533    222.6420     0.0    222.6420     0.0000 0.0000 Eval_32_1_DP_OP_53J27_123_3533_J27_0_11
core16_4/core4_4/evalA/DP_OP_54J27_124_9398    321.1740     0.0    321.1740     0.0000 0.0000 Eval_32_1_DP_OP_54J27_124_9398_J27_0_11
core16_4/core4_4/evalA/DP_OP_55J27_125_9832    307.8180     0.0    307.8180     0.0000 0.0000 Eval_32_1_DP_OP_55J27_125_9832_J27_0_11
core16_4/core4_4/evalB               659.4840      0.1      21.1680      0.0000  0.0000  Eval_33_16
core16_4/core4_4/evalB/DP_OP_54J20_122_6478    169.5960     0.0    169.5960     0.0000 0.0000 Eval_33_16_DP_OP_54J20_122_6478_J20_0
core16_4/core4_4/evalB/DP_OP_55J20_123_2470    232.8480     0.0    232.8480     0.0000 0.0000 Eval_33_16_DP_OP_55J20_123_2470_J20_0
core16_4/core4_4/evalB/DP_OP_56J20_124_3030    235.8720     0.0    235.8720     0.0000 0.0000 Eval_33_16_DP_OP_56J20_124_3030_J20_0
core16_4/core4_4/interp             2712.4020      0.4       0.7560    276.1920  0.0000  Interpolation_17
core16_4/core4_4/interp/interp      2435.4540      0.3       0.2520      0.0000  0.0000  InterpolationComb_17
core16_4/core4_4/interp/interp/DP_OP_106J26_122_4688   2435.2020     0.3   2435.2020     0.0000 0.0000 InterpolationComb_1_DP_OP_106J26_122_4688_J26_0_9
core16_4/core4_4/mult_x_1           1011.7800      0.1    1011.7800      0.0000  0.0000  core4_16_DW_mult_uns_J19_1
core16_4/core4_4/mult_x_2           1077.4260      0.1    1077.4260      0.0000  0.0000  core4_16_DW_mult_tc_J19_4
core16_4/core4_4/mult_x_3           1097.7120      0.1    1097.7120      0.0000  0.0000  core4_16_DW_mult_tc_J19_3
core16_4/core4_4/mult_x_4           1115.2260      0.1    1115.2260      0.0000  0.0000  core4_16_DW_mult_tc_J19_2
core16_4/core4_4/mult_x_5           1118.2500      0.1    1118.2500      0.0000  0.0000  core4_16_DW_mult_tc_J19_1
core16_4/core4_4/mult_x_6           1118.8800      0.1    1118.8800      0.0000  0.0000  core4_16_DW_mult_tc_J19_0
core16_4/core4_4/mult_x_7           1015.4340      0.1    1015.4340      0.0000  0.0000  core4_16_DW_mult_uns_J19_0
core16_4/core4_5                   12429.7738      1.6       0.7560    517.8600  0.0000  core4_15
core16_4/core4_5/evalA               880.1100      0.1      28.4760      0.0000  0.0000  Eval_32_15
core16_4/core4_5/evalA/DP_OP_53J27_123_3533    222.6420     0.0    222.6420     0.0000 0.0000 Eval_32_1_DP_OP_53J27_123_3533_J27_0_10
core16_4/core4_5/evalA/DP_OP_54J27_124_9398    321.1740     0.0    321.1740     0.0000 0.0000 Eval_32_1_DP_OP_54J27_124_9398_J27_0_10
core16_4/core4_5/evalA/DP_OP_55J27_125_9832    307.8180     0.0    307.8180     0.0000 0.0000 Eval_32_1_DP_OP_55J27_125_9832_J27_0_10
core16_4/core4_5/evalB               694.1340      0.1      23.1840      0.0000  0.0000  Eval_33_15
core16_4/core4_5/evalB/DP_OP_53J24_122_8097    175.1400     0.0    175.1400     0.0000 0.0000 Eval_33_1_DP_OP_53J24_122_8097_J24_0_10
core16_4/core4_5/evalB/DP_OP_54J24_123_1200    253.6380     0.0    253.6380     0.0000 0.0000 Eval_33_1_DP_OP_54J24_123_1200_J24_0_10
core16_4/core4_5/evalB/DP_OP_55J24_124_5184    242.1720     0.0    242.1720     0.0000 0.0000 Eval_33_1_DP_OP_55J24_124_5184_J24_0_10
core16_4/core4_5/interp             2712.4020      0.4       0.7560    276.1920  0.0000  Interpolation_16
core16_4/core4_5/interp/interp      2435.4540      0.3       0.2520      0.0000  0.0000  InterpolationComb_16
core16_4/core4_5/interp/interp/DP_OP_106J26_122_4688   2435.2020     0.3   2435.2020     0.0000 0.0000 InterpolationComb_1_DP_OP_106J26_122_4688_J26_0_8
core16_4/core4_5/mult_x_1           1028.5380      0.1    1028.5380      0.0000  0.0000  core4_1_DW_mult_tc_J21_6_7
core16_4/core4_5/mult_x_2           1076.4180      0.1    1076.4180      0.0000  0.0000  core4_1_DW_mult_tc_J21_5_7
core16_4/core4_5/mult_x_3           1123.2900      0.1    1123.2900      0.0000  0.0000  core4_1_DW_mult_tc_J21_4_7
core16_4/core4_5/mult_x_4           1120.0140      0.1    1120.0140      0.0000  0.0000  core4_1_DW_mult_tc_J21_3_7
core16_4/core4_5/mult_x_5           1122.2820      0.1    1122.2820      0.0000  0.0000  core4_1_DW_mult_tc_J21_2_7
core16_4/core4_5/mult_x_6           1122.4080      0.1    1122.4080      0.0000  0.0000  core4_1_DW_mult_tc_J21_1_7
core16_4/core4_5/mult_x_7           1031.5620      0.1    1031.5620      0.0000  0.0000  core4_1_DW_mult_tc_J21_0_7
core16_4/core4_6                   11535.5519      1.5       1.0080    518.1120  0.0000  core4_14
core16_4/core4_6/evalA               835.3800      0.1      25.9560      0.0000  0.0000  Eval_32_14
core16_4/core4_6/evalA/DP_OP_54J16_122_2576    216.0900     0.0    216.0900     0.0000 0.0000 Eval_32_2_DP_OP_54J16_122_2576_J16_0_1
core16_4/core4_6/evalA/DP_OP_55J16_123_96    294.0840     0.0    294.0840     0.0000 0.0000 Eval_32_2_DP_OP_55J16_123_96_J16_0_1
core16_4/core4_6/evalA/DP_OP_56J16_124_6698    299.2500     0.0    299.2500     0.0000 0.0000 Eval_32_2_DP_OP_56J16_124_6698_J16_0_1
core16_4/core4_6/evalB               548.7300      0.1      18.0180      0.0000  0.0000  Eval_33_14
core16_4/core4_6/evalB/DP_OP_54J21_125_6473    142.2540     0.0    142.2540     0.0000 0.0000 Eval_33_2_DP_OP_54J21_125_6473_J21_0_1
core16_4/core4_6/evalB/DP_OP_55J21_126_780    190.5120     0.0    190.5120     0.0000 0.0000 Eval_33_2_DP_OP_55J21_126_780_J21_0_1
core16_4/core4_6/evalB/DP_OP_56J21_127_9714    197.9460     0.0    197.9460     0.0000 0.0000 Eval_33_2_DP_OP_56J21_127_9714_J21_0_1
core16_4/core4_6/interp             2613.9960      0.3       0.7560    268.1280  0.0000  Interpolation_15
core16_4/core4_6/interp/interp      2345.1120      0.3       0.2520      0.0000  0.0000  InterpolationComb_15
core16_4/core4_6/interp/interp/DP_OP_106J27_122_4023   2344.8600     0.3   2344.8600     0.0000 0.0000 InterpolationComb_0_DP_OP_106J27_122_4023_J27_0_6
core16_4/core4_6/mult_x_1            925.5960      0.1     925.5960      0.0000  0.0000  core4_14_DW_mult_uns_J25_3_0
core16_4/core4_6/mult_x_2           1048.1940      0.1    1048.1940      0.0000  0.0000  core4_14_DW_mult_uns_J25_2_0
core16_4/core4_6/mult_x_3            983.9340      0.1     983.9340      0.0000  0.0000  core4_14_DW_mult_tc_J25_2_0
core16_4/core4_6/mult_x_4           1008.2520      0.1    1008.2520      0.0000  0.0000  core4_14_DW_mult_tc_J25_1_0
core16_4/core4_6/mult_x_5           1056.1320      0.1    1056.1320      0.0000  0.0000  core4_14_DW_mult_uns_J25_1_0
core16_4/core4_6/mult_x_6           1069.2360      0.1    1069.2360      0.0000  0.0000  core4_14_DW_mult_tc_J25_0_0
core16_4/core4_6/mult_x_7            926.9820      0.1     926.9820      0.0000  0.0000  core4_14_DW_mult_uns_J25_0_0
core16_4/evalA                       835.3800      0.1      25.9560      0.0000  0.0000  Eval_32_60
core16_4/evalA/DP_OP_54J17_122_4700    216.0900     0.0    216.0900      0.0000  0.0000  Eval_32_57_DP_OP_54J17_122_4700_J17_0_3
core16_4/evalA/DP_OP_55J17_123_7798    294.0840     0.0    294.0840      0.0000  0.0000  Eval_32_57_DP_OP_55J17_123_7798_J17_0_3
core16_4/evalA/DP_OP_56J17_124_7165    299.2500     0.0    299.2500      0.0000  0.0000  Eval_32_57_DP_OP_56J17_124_7165_J17_0_3
core16_4/evalA_1                     834.8760      0.1      25.4520      0.0000  0.0000  Eval_32_59
core16_4/evalA_1/DP_OP_54J17_122_4700    216.0900     0.0    216.0900     0.0000 0.0000  Eval_32_57_DP_OP_54J17_122_4700_J17_0_2
core16_4/evalA_1/DP_OP_55J17_123_7798    294.0840     0.0    294.0840     0.0000 0.0000  Eval_32_57_DP_OP_55J17_123_7798_J17_0_2
core16_4/evalA_1/DP_OP_56J17_124_7165    299.2500     0.0    299.2500     0.0000 0.0000  Eval_32_57_DP_OP_56J17_124_7165_J17_0_2
core16_4/evalA_2                     834.8760      0.1      25.4520      0.0000  0.0000  Eval_32_58
core16_4/evalA_2/DP_OP_54J17_122_4700    216.0900     0.0    216.0900     0.0000 0.0000  Eval_32_57_DP_OP_54J17_122_4700_J17_0_1
core16_4/evalA_2/DP_OP_55J17_123_7798    294.0840     0.0    294.0840     0.0000 0.0000  Eval_32_57_DP_OP_55J17_123_7798_J17_0_1
core16_4/evalA_2/DP_OP_56J17_124_7165    299.2500     0.0    299.2500     0.0000 0.0000  Eval_32_57_DP_OP_56J17_124_7165_J17_0_1
core16_4/evalA_3                     835.3800      0.1      25.9560      0.0000  0.0000  Eval_32_57
core16_4/evalA_3/DP_OP_54J17_122_4700    216.0900     0.0    216.0900     0.0000 0.0000  Eval_32_57_DP_OP_54J17_122_4700_J17_0_0
core16_4/evalA_3/DP_OP_55J17_123_7798    294.0840     0.0    294.0840     0.0000 0.0000  Eval_32_57_DP_OP_55J17_123_7798_J17_0_0
core16_4/evalA_3/DP_OP_56J17_124_7165    299.2500     0.0    299.2500     0.0000 0.0000  Eval_32_57_DP_OP_56J17_124_7165_J17_0_0
core16_4/evalB                       551.6280      0.1      18.0180      0.0000  0.0000  Eval_33_60
core16_4/evalB/DP_OP_54J20_125_4250    143.5140     0.0    143.5140      0.0000  0.0000  Eval_33_57_DP_OP_54J20_125_4250_J20_0_3
core16_4/evalB/DP_OP_55J20_126_8896    191.6460     0.0    191.6460      0.0000  0.0000  Eval_33_57_DP_OP_55J20_126_8896_J20_0_3
core16_4/evalB/DP_OP_56J20_127_6605    198.4500     0.0    198.4500      0.0000  0.0000  Eval_33_57_DP_OP_56J20_127_6605_J20_0_3
core16_4/evalB_1                     552.3840      0.1      16.3800      0.0000  0.0000  Eval_33_59
core16_4/evalB_1/DP_OP_54J20_125_4250    144.1440     0.0    144.1440     0.0000 0.0000  Eval_33_57_DP_OP_54J20_125_4250_J20_0_2
core16_4/evalB_1/DP_OP_55J20_126_8896    193.6620     0.0    193.6620     0.0000 0.0000  Eval_33_57_DP_OP_55J20_126_8896_J20_0_2
core16_4/evalB_1/DP_OP_56J20_127_6605    198.1980     0.0    198.1980     0.0000 0.0000  Eval_33_57_DP_OP_56J20_127_6605_J20_0_2
core16_4/evalB_2                     561.7080      0.1      16.3800      0.0000  0.0000  Eval_33_58
core16_4/evalB_2/DP_OP_54J20_125_4250    144.0180     0.0    144.0180     0.0000 0.0000  Eval_33_57_DP_OP_54J20_125_4250_J20_0_1
core16_4/evalB_2/DP_OP_55J20_126_8896    194.1660     0.0    194.1660     0.0000 0.0000  Eval_33_57_DP_OP_55J20_126_8896_J20_0_1
core16_4/evalB_2/DP_OP_56J20_127_6605    207.1440     0.0    207.1440     0.0000 0.0000  Eval_33_57_DP_OP_56J20_127_6605_J20_0_1
core16_4/evalB_3                     549.9900      0.1      18.1440      0.0000  0.0000  Eval_33_57
core16_4/evalB_3/DP_OP_54J20_125_4250    141.6240     0.0    141.6240     0.0000 0.0000  Eval_33_57_DP_OP_54J20_125_4250_J20_0_0
core16_4/evalB_3/DP_OP_55J20_126_8896    192.6540     0.0    192.6540     0.0000 0.0000  Eval_33_57_DP_OP_55J20_126_8896_J20_0_0
core16_4/evalB_3/DP_OP_56J20_127_6605    197.5680     0.0    197.5680     0.0000 0.0000  Eval_33_57_DP_OP_56J20_127_6605_J20_0_0
core16_4/interp                     9342.0179      1.2       0.7560   1001.9520  0.0000  Interpolation_7_2
core16_4/interp/interp              8339.3099      1.1       0.2520      0.0000  0.0000  InterpolationComb_7_2
core16_4/interp/interp/DP_OP_421J11_122_4903   8339.0579     1.1   8339.0579     0.0000 0.0000 InterpolationComb_7_1_DP_OP_421J11_122_4903_J11_0_1
core16_5                          104149.0787     13.8       2.0160   1897.0560  0.0000  core16_1
core16_5/core4_0                   12097.8898      1.6       0.7560    518.1120  0.0000  core4_13
core16_5/core4_0/evalA               884.8980      0.1      33.2640      0.0000  0.0000  Eval_32_13
core16_5/core4_0/evalA/DP_OP_53J27_123_3533    222.6420     0.0    222.6420     0.0000 0.0000 Eval_32_1_DP_OP_53J27_123_3533_J27_0_9
core16_5/core4_0/evalA/DP_OP_54J27_124_9398    321.1740     0.0    321.1740     0.0000 0.0000 Eval_32_1_DP_OP_54J27_124_9398_J27_0_9
core16_5/core4_0/evalA/DP_OP_55J27_125_9832    307.8180     0.0    307.8180     0.0000 0.0000 Eval_32_1_DP_OP_55J27_125_9832_J27_0_9
core16_5/core4_0/evalB               694.7640      0.1      23.6880      0.0000  0.0000  Eval_33_13
core16_5/core4_0/evalB/DP_OP_53J24_122_8097    176.9040     0.0    176.9040     0.0000 0.0000 Eval_33_1_DP_OP_53J24_122_8097_J24_0_9
core16_5/core4_0/evalB/DP_OP_54J24_123_1200    255.1500     0.0    255.1500     0.0000 0.0000 Eval_33_1_DP_OP_54J24_123_1200_J24_0_9
core16_5/core4_0/evalB/DP_OP_55J24_124_5184    239.0220     0.0    239.0220     0.0000 0.0000 Eval_33_1_DP_OP_55J24_124_5184_J24_0_9
core16_5/core4_0/interp             2613.9960      0.3       0.7560    268.1280  0.0000  Interpolation_14
core16_5/core4_0/interp/interp      2345.1120      0.3       0.2520      0.0000  0.0000  InterpolationComb_14
core16_5/core4_0/interp/interp/DP_OP_106J27_122_4023   2344.8600     0.3   2344.8600     0.0000 0.0000 InterpolationComb_0_DP_OP_106J27_122_4023_J27_0_5
core16_5/core4_0/mult_x_1            914.0040      0.1     914.0040      0.0000  0.0000  core4_7_DW_mult_tc_J20_6_2
core16_5/core4_0/mult_x_2           1075.6620      0.1    1075.6620      0.0000  0.0000  core4_7_DW_mult_tc_J20_5_2
core16_5/core4_0/mult_x_3           1119.2580      0.1    1119.2580      0.0000  0.0000  core4_7_DW_mult_tc_J20_4_2
core16_5/core4_0/mult_x_4           1121.1480      0.1    1121.1480      0.0000  0.0000  core4_7_DW_mult_tc_J20_3_2
core16_5/core4_0/mult_x_5           1119.3840      0.1    1119.3840      0.0000  0.0000  core4_7_DW_mult_tc_J20_2_2
core16_5/core4_0/mult_x_6           1121.9040      0.1    1121.9040      0.0000  0.0000  core4_7_DW_mult_tc_J20_1_2
core16_5/core4_0/mult_x_7            914.0040      0.1     914.0040      0.0000  0.0000  core4_7_DW_mult_tc_J20_0_2
core16_5/core4_1                   12406.3378      1.6       0.7560    517.8600  0.0000  core4_12
core16_5/core4_1/evalA               880.2360      0.1      28.6020      0.0000  0.0000  Eval_32_12
core16_5/core4_1/evalA/DP_OP_53J27_123_3533    222.6420     0.0    222.6420     0.0000 0.0000 Eval_32_1_DP_OP_53J27_123_3533_J27_0_8
core16_5/core4_1/evalA/DP_OP_54J27_124_9398    321.1740     0.0    321.1740     0.0000 0.0000 Eval_32_1_DP_OP_54J27_124_9398_J27_0_8
core16_5/core4_1/evalA/DP_OP_55J27_125_9832    307.8180     0.0    307.8180     0.0000 0.0000 Eval_32_1_DP_OP_55J27_125_9832_J27_0_8
core16_5/core4_1/evalB               686.3220      0.1      23.1840      0.0000  0.0000  Eval_33_12
core16_5/core4_1/evalB/DP_OP_53J24_122_8097    173.2500     0.0    173.2500     0.0000 0.0000 Eval_33_1_DP_OP_53J24_122_8097_J24_0_8
core16_5/core4_1/evalB/DP_OP_54J24_123_1200    250.6140     0.0    250.6140     0.0000 0.0000 Eval_33_1_DP_OP_54J24_123_1200_J24_0_8
core16_5/core4_1/evalB/DP_OP_55J24_124_5184    239.2740     0.0    239.2740     0.0000 0.0000 Eval_33_1_DP_OP_55J24_124_5184_J24_0_8
core16_5/core4_1/interp             2613.9960      0.3       0.7560    268.1280  0.0000  Interpolation_13
core16_5/core4_1/interp/interp      2345.1120      0.3       0.2520      0.0000  0.0000  InterpolationComb_13
core16_5/core4_1/interp/interp/DP_OP_106J27_122_4023   2344.8600     0.3   2344.8600     0.0000 0.0000 InterpolationComb_0_DP_OP_106J27_122_4023_J27_0_4
core16_5/core4_1/mult_x_1           1073.0160      0.1    1073.0160      0.0000  0.0000  core4_7_DW_mult_tc_J20_6_1
core16_5/core4_1/mult_x_2           1073.6460      0.1    1073.6460      0.0000  0.0000  core4_7_DW_mult_tc_J20_5_1
core16_5/core4_1/mult_x_3           1120.7700      0.1    1120.7700      0.0000  0.0000  core4_7_DW_mult_tc_J20_4_1
core16_5/core4_1/mult_x_4           1121.9040      0.1    1121.9040      0.0000  0.0000  core4_7_DW_mult_tc_J20_3_1
core16_5/core4_1/mult_x_5           1121.7780      0.1    1121.7780      0.0000  0.0000  core4_7_DW_mult_tc_J20_2_1
core16_5/core4_1/mult_x_6           1118.1240      0.1    1118.1240      0.0000  0.0000  core4_7_DW_mult_tc_J20_1_1
core16_5/core4_1/mult_x_7           1077.9300      0.1    1077.9300      0.0000  0.0000  core4_7_DW_mult_tc_J20_0_1
core16_5/core4_2                   12506.3818      1.7       0.7560    517.7340  0.0000  core4_11
core16_5/core4_2/evalA               880.2360      0.1      28.6020      0.0000  0.0000  Eval_32_11
core16_5/core4_2/evalA/DP_OP_53J27_123_3533    222.6420     0.0    222.6420     0.0000 0.0000 Eval_32_1_DP_OP_53J27_123_3533_J27_0_7
core16_5/core4_2/evalA/DP_OP_54J27_124_9398    321.1740     0.0    321.1740     0.0000 0.0000 Eval_32_1_DP_OP_54J27_124_9398_J27_0_7
core16_5/core4_2/evalA/DP_OP_55J27_125_9832    307.8180     0.0    307.8180     0.0000 0.0000 Eval_32_1_DP_OP_55J27_125_9832_J27_0_7
core16_5/core4_2/evalB               687.7080      0.1      22.9320      0.0000  0.0000  Eval_33_11
core16_5/core4_2/evalB/DP_OP_53J24_122_8097    172.4940     0.0    172.4940     0.0000 0.0000 Eval_33_1_DP_OP_53J24_122_8097_J24_0_7
core16_5/core4_2/evalB/DP_OP_54J24_123_1200    253.1340     0.0    253.1340     0.0000 0.0000 Eval_33_1_DP_OP_54J24_123_1200_J24_0_7
core16_5/core4_2/evalB/DP_OP_55J24_124_5184    239.1480     0.0    239.1480     0.0000 0.0000 Eval_33_1_DP_OP_55J24_124_5184_J24_0_7
core16_5/core4_2/interp             2712.4020      0.4       0.7560    276.1920  0.0000  Interpolation_12
core16_5/core4_2/interp/interp      2435.4540      0.3       0.2520      0.0000  0.0000  InterpolationComb_12
core16_5/core4_2/interp/interp/DP_OP_106J26_122_4688   2435.2020     0.3   2435.2020     0.0000 0.0000 InterpolationComb_1_DP_OP_106J26_122_4688_J26_0_7
core16_5/core4_2/mult_x_1           1075.2840      0.1    1075.2840      0.0000  0.0000  core4_1_DW_mult_tc_J21_6_6
core16_5/core4_2/mult_x_2           1075.9140      0.1    1075.9140      0.0000  0.0000  core4_1_DW_mult_tc_J21_5_6
core16_5/core4_2/mult_x_3           1120.0140      0.1    1120.0140      0.0000  0.0000  core4_1_DW_mult_tc_J21_4_6
core16_5/core4_2/mult_x_4           1120.2660      0.1    1120.2660      0.0000  0.0000  core4_1_DW_mult_tc_J21_3_6
core16_5/core4_2/mult_x_5           1119.5100      0.1    1119.5100      0.0000  0.0000  core4_1_DW_mult_tc_J21_2_6
core16_5/core4_2/mult_x_6           1120.7700      0.1    1120.7700      0.0000  0.0000  core4_1_DW_mult_tc_J21_1_6
core16_5/core4_2/mult_x_7           1075.7880      0.1    1075.7880      0.0000  0.0000  core4_1_DW_mult_tc_J21_0_6
core16_5/core4_3                   12507.6418      1.7       0.7560    518.1120  0.0000  core4_10
core16_5/core4_3/evalA               879.9840      0.1      28.3500      0.0000  0.0000  Eval_32_10
core16_5/core4_3/evalA/DP_OP_53J27_123_3533    222.6420     0.0    222.6420     0.0000 0.0000 Eval_32_1_DP_OP_53J27_123_3533_J27_0_6
core16_5/core4_3/evalA/DP_OP_54J27_124_9398    321.1740     0.0    321.1740     0.0000 0.0000 Eval_32_1_DP_OP_54J27_124_9398_J27_0_6
core16_5/core4_3/evalA/DP_OP_55J27_125_9832    307.8180     0.0    307.8180     0.0000 0.0000 Eval_32_1_DP_OP_55J27_125_9832_J27_0_6
core16_5/core4_3/evalB               686.8260      0.1      22.9320      0.0000  0.0000  Eval_33_10
core16_5/core4_3/evalB/DP_OP_53J24_122_8097    171.2340     0.0    171.2340     0.0000 0.0000 Eval_33_1_DP_OP_53J24_122_8097_J24_0_6
core16_5/core4_3/evalB/DP_OP_54J24_123_1200    254.3940     0.0    254.3940     0.0000 0.0000 Eval_33_1_DP_OP_54J24_123_1200_J24_0_6
core16_5/core4_3/evalB/DP_OP_55J24_124_5184    238.2660     0.0    238.2660     0.0000 0.0000 Eval_33_1_DP_OP_55J24_124_5184_J24_0_6
core16_5/core4_3/interp             2712.4020      0.4       0.7560    276.1920  0.0000  Interpolation_11
core16_5/core4_3/interp/interp      2435.4540      0.3       0.2520      0.0000  0.0000  InterpolationComb_11
core16_5/core4_3/interp/interp/DP_OP_106J26_122_4688   2435.2020     0.3   2435.2020     0.0000 0.0000 InterpolationComb_1_DP_OP_106J26_122_4688_J26_0_6
core16_5/core4_3/mult_x_1           1075.1580      0.1    1075.1580      0.0000  0.0000  core4_1_DW_mult_tc_J21_6_5
core16_5/core4_3/mult_x_2           1076.2920      0.1    1076.2920      0.0000  0.0000  core4_1_DW_mult_tc_J21_5_5
core16_5/core4_3/mult_x_3           1121.2740      0.1    1121.2740      0.0000  0.0000  core4_1_DW_mult_tc_J21_4_5
core16_5/core4_3/mult_x_4           1122.5340      0.1    1122.5340      0.0000  0.0000  core4_1_DW_mult_tc_J21_3_5
core16_5/core4_3/mult_x_5           1119.3840      0.1    1119.3840      0.0000  0.0000  core4_1_DW_mult_tc_J21_2_5
core16_5/core4_3/mult_x_6           1119.8880      0.1    1119.8880      0.0000  0.0000  core4_1_DW_mult_tc_J21_1_5
core16_5/core4_3/mult_x_7           1075.0320      0.1    1075.0320      0.0000  0.0000  core4_1_DW_mult_tc_J21_0_5
core16_5/core4_4                   12507.1378      1.7       0.7560    518.1120  0.0000  core4_9
core16_5/core4_4/evalA               880.2360      0.1      28.6020      0.0000  0.0000  Eval_32_9
core16_5/core4_4/evalA/DP_OP_53J27_123_3533    222.6420     0.0    222.6420     0.0000 0.0000 Eval_32_1_DP_OP_53J27_123_3533_J27_0_5
core16_5/core4_4/evalA/DP_OP_54J27_124_9398    321.1740     0.0    321.1740     0.0000 0.0000 Eval_32_1_DP_OP_54J27_124_9398_J27_0_5
core16_5/core4_4/evalA/DP_OP_55J27_125_9832    307.8180     0.0    307.8180     0.0000 0.0000 Eval_32_1_DP_OP_55J27_125_9832_J27_0_5
core16_5/core4_4/evalB               687.5820      0.1      23.1840      0.0000  0.0000  Eval_33_9
core16_5/core4_4/evalB/DP_OP_53J24_122_8097    173.7540     0.0    173.7540     0.0000 0.0000 Eval_33_1_DP_OP_53J24_122_8097_J24_0_5
core16_5/core4_4/evalB/DP_OP_54J24_123_1200    253.2600     0.0    253.2600     0.0000 0.0000 Eval_33_1_DP_OP_54J24_123_1200_J24_0_5
core16_5/core4_4/evalB/DP_OP_55J24_124_5184    237.3840     0.0    237.3840     0.0000 0.0000 Eval_33_1_DP_OP_55J24_124_5184_J24_0_5
core16_5/core4_4/interp             2712.4020      0.4       0.7560    276.1920  0.0000  Interpolation_10
core16_5/core4_4/interp/interp      2435.4540      0.3       0.2520      0.0000  0.0000  InterpolationComb_10
core16_5/core4_4/interp/interp/DP_OP_106J26_122_4688   2435.2020     0.3   2435.2020     0.0000 0.0000 InterpolationComb_1_DP_OP_106J26_122_4688_J26_0_5
core16_5/core4_4/mult_x_1           1075.1580      0.1    1075.1580      0.0000  0.0000  core4_1_DW_mult_tc_J21_6_4
core16_5/core4_4/mult_x_2           1074.2760      0.1    1074.2760      0.0000  0.0000  core4_1_DW_mult_tc_J21_5_4
core16_5/core4_4/mult_x_3           1121.1480      0.1    1121.1480      0.0000  0.0000  core4_1_DW_mult_tc_J21_4_4
core16_5/core4_4/mult_x_4           1120.8960      0.1    1120.8960      0.0000  0.0000  core4_1_DW_mult_tc_J21_3_4
core16_5/core4_4/mult_x_5           1118.2500      0.1    1118.2500      0.0000  0.0000  core4_1_DW_mult_tc_J21_2_4
core16_5/core4_4/mult_x_6           1118.5020      0.1    1118.5020      0.0000  0.0000  core4_1_DW_mult_tc_J21_1_4
core16_5/core4_4/mult_x_7           1079.8200      0.1    1079.8200      0.0000  0.0000  core4_1_DW_mult_tc_J21_0_4
core16_5/core4_5                   12498.8218      1.7       0.7560    517.7340  0.0000  core4_8
core16_5/core4_5/evalA               880.2360      0.1      28.6020      0.0000  0.0000  Eval_32_8
core16_5/core4_5/evalA/DP_OP_53J27_123_3533    222.6420     0.0    222.6420     0.0000 0.0000 Eval_32_1_DP_OP_53J27_123_3533_J27_0_4
core16_5/core4_5/evalA/DP_OP_54J27_124_9398    321.1740     0.0    321.1740     0.0000 0.0000 Eval_32_1_DP_OP_54J27_124_9398_J27_0_4
core16_5/core4_5/evalA/DP_OP_55J27_125_9832    307.8180     0.0    307.8180     0.0000 0.0000 Eval_32_1_DP_OP_55J27_125_9832_J27_0_4
core16_5/core4_5/evalB               685.6920      0.1      23.1840      0.0000  0.0000  Eval_33_8
core16_5/core4_5/evalB/DP_OP_53J24_122_8097    171.2340     0.0    171.2340     0.0000 0.0000 Eval_33_1_DP_OP_53J24_122_8097_J24_0_4
core16_5/core4_5/evalB/DP_OP_54J24_123_1200    252.2520     0.0    252.2520     0.0000 0.0000 Eval_33_1_DP_OP_54J24_123_1200_J24_0_4
core16_5/core4_5/evalB/DP_OP_55J24_124_5184    239.0220     0.0    239.0220     0.0000 0.0000 Eval_33_1_DP_OP_55J24_124_5184_J24_0_4
core16_5/core4_5/interp             2712.4020      0.4       0.7560    276.1920  0.0000  Interpolation_9
core16_5/core4_5/interp/interp      2435.4540      0.3       0.2520      0.0000  0.0000  InterpolationComb_9
core16_5/core4_5/interp/interp/DP_OP_106J26_122_4688   2435.2020     0.3   2435.2020     0.0000 0.0000 InterpolationComb_1_DP_OP_106J26_122_4688_J26_0_4
core16_5/core4_5/mult_x_1           1073.0160      0.1    1073.0160      0.0000  0.0000  core4_1_DW_mult_tc_J21_6_3
core16_5/core4_5/mult_x_2           1074.0240      0.1    1074.0240      0.0000  0.0000  core4_1_DW_mult_tc_J21_5_3
core16_5/core4_5/mult_x_3           1118.2500      0.1    1118.2500      0.0000  0.0000  core4_1_DW_mult_tc_J21_4_3
core16_5/core4_5/mult_x_4           1120.1400      0.1    1120.1400      0.0000  0.0000  core4_1_DW_mult_tc_J21_3_3
core16_5/core4_5/mult_x_5           1121.4000      0.1    1121.4000      0.0000  0.0000  core4_1_DW_mult_tc_J21_2_3
core16_5/core4_5/mult_x_6           1118.6280      0.1    1118.6280      0.0000  0.0000  core4_1_DW_mult_tc_J21_1_3
core16_5/core4_5/mult_x_7           1076.5440      0.1    1076.5440      0.0000  0.0000  core4_1_DW_mult_tc_J21_0_3
core16_5/core4_6                   12089.0698      1.6       0.7560    518.1120  0.0000  core4_7
core16_5/core4_6/evalA               884.8980      0.1      33.2640      0.0000  0.0000  Eval_32_7
core16_5/core4_6/evalA/DP_OP_53J27_123_3533    222.6420     0.0    222.6420     0.0000 0.0000 Eval_32_1_DP_OP_53J27_123_3533_J27_0_3
core16_5/core4_6/evalA/DP_OP_54J27_124_9398    321.1740     0.0    321.1740     0.0000 0.0000 Eval_32_1_DP_OP_54J27_124_9398_J27_0_3
core16_5/core4_6/evalA/DP_OP_55J27_125_9832    307.8180     0.0    307.8180     0.0000 0.0000 Eval_32_1_DP_OP_55J27_125_9832_J27_0_3
core16_5/core4_6/evalB               691.7400      0.1      23.6880      0.0000  0.0000  Eval_33_7
core16_5/core4_6/evalB/DP_OP_53J24_122_8097    174.3840     0.0    174.3840     0.0000 0.0000 Eval_33_1_DP_OP_53J24_122_8097_J24_0_3
core16_5/core4_6/evalB/DP_OP_54J24_123_1200    254.6460     0.0    254.6460     0.0000 0.0000 Eval_33_1_DP_OP_54J24_123_1200_J24_0_3
core16_5/core4_6/evalB/DP_OP_55J24_124_5184    239.0220     0.0    239.0220     0.0000 0.0000 Eval_33_1_DP_OP_55J24_124_5184_J24_0_3
core16_5/core4_6/interp             2613.9960      0.3       0.7560    268.1280  0.0000  Interpolation_8
core16_5/core4_6/interp/interp      2345.1120      0.3       0.2520      0.0000  0.0000  InterpolationComb_8
core16_5/core4_6/interp/interp/DP_OP_106J27_122_4023   2344.8600     0.3   2344.8600     0.0000 0.0000 InterpolationComb_0_DP_OP_106J27_122_4023_J27_0_3
core16_5/core4_6/mult_x_1            914.0040      0.1     914.0040      0.0000  0.0000  core4_7_DW_mult_tc_J20_6_0
core16_5/core4_6/mult_x_2           1073.2680      0.1    1073.2680      0.0000  0.0000  core4_7_DW_mult_tc_J20_5_0
core16_5/core4_6/mult_x_3           1118.7540      0.1    1118.7540      0.0000  0.0000  core4_7_DW_mult_tc_J20_4_0
core16_5/core4_6/mult_x_4           1119.6360      0.1    1119.6360      0.0000  0.0000  core4_7_DW_mult_tc_J20_3_0
core16_5/core4_6/mult_x_5           1119.5100      0.1    1119.5100      0.0000  0.0000  core4_7_DW_mult_tc_J20_2_0
core16_5/core4_6/mult_x_6           1120.2660      0.1    1120.2660      0.0000  0.0000  core4_7_DW_mult_tc_J20_1_0
core16_5/core4_6/mult_x_7            914.1300      0.1     914.1300      0.0000  0.0000  core4_7_DW_mult_tc_J20_0_0
core16_5/evalA                       884.3940      0.1      32.7600      0.0000  0.0000  Eval_32_56
core16_5/evalA/DP_OP_53J27_123_3533    222.6420     0.0    222.6420      0.0000  0.0000  Eval_32_1_DP_OP_53J27_123_3533_J27_0_36
core16_5/evalA/DP_OP_54J27_124_9398    321.1740     0.0    321.1740      0.0000  0.0000  Eval_32_1_DP_OP_54J27_124_9398_J27_0_36
core16_5/evalA/DP_OP_55J27_125_9832    307.8180     0.0    307.8180      0.0000  0.0000  Eval_32_1_DP_OP_55J27_125_9832_J27_0_36
core16_5/evalA_1                     880.3620      0.1      28.7280      0.0000  0.0000  Eval_32_55
core16_5/evalA_1/DP_OP_53J27_123_3533    222.6420     0.0    222.6420     0.0000 0.0000  Eval_32_1_DP_OP_53J27_123_3533_J27_0_35
core16_5/evalA_1/DP_OP_54J27_124_9398    321.1740     0.0    321.1740     0.0000 0.0000  Eval_32_1_DP_OP_54J27_124_9398_J27_0_35
core16_5/evalA_1/DP_OP_55J27_125_9832    307.8180     0.0    307.8180     0.0000 0.0000  Eval_32_1_DP_OP_55J27_125_9832_J27_0_35
core16_5/evalA_2                     880.3620      0.1      28.7280      0.0000  0.0000  Eval_32_54
core16_5/evalA_2/DP_OP_53J27_123_3533    222.6420     0.0    222.6420     0.0000 0.0000  Eval_32_1_DP_OP_53J27_123_3533_J27_0_34
core16_5/evalA_2/DP_OP_54J27_124_9398    321.1740     0.0    321.1740     0.0000 0.0000  Eval_32_1_DP_OP_54J27_124_9398_J27_0_34
core16_5/evalA_2/DP_OP_55J27_125_9832    307.8180     0.0    307.8180     0.0000 0.0000  Eval_32_1_DP_OP_55J27_125_9832_J27_0_34
core16_5/evalA_3                     884.3940      0.1      32.7600      0.0000  0.0000  Eval_32_53
core16_5/evalA_3/DP_OP_53J27_123_3533    222.6420     0.0    222.6420     0.0000 0.0000  Eval_32_1_DP_OP_53J27_123_3533_J27_0_33
core16_5/evalA_3/DP_OP_54J27_124_9398    321.1740     0.0    321.1740     0.0000 0.0000  Eval_32_1_DP_OP_54J27_124_9398_J27_0_33
core16_5/evalA_3/DP_OP_55J27_125_9832    307.8180     0.0    307.8180     0.0000 0.0000  Eval_32_1_DP_OP_55J27_125_9832_J27_0_33
core16_5/evalB                       687.8340      0.1      22.0500      0.0000  0.0000  Eval_33_56
core16_5/evalB/DP_OP_53J24_122_8097    172.4940     0.0    172.4940      0.0000  0.0000  Eval_33_1_DP_OP_53J24_122_8097_J24_0_32
core16_5/evalB/DP_OP_54J24_123_1200    253.5120     0.0    253.5120      0.0000  0.0000  Eval_33_1_DP_OP_54J24_123_1200_J24_0_32
core16_5/evalB/DP_OP_55J24_124_5184    239.7780     0.0    239.7780      0.0000  0.0000  Eval_33_1_DP_OP_55J24_124_5184_J24_0_32
core16_5/evalB_1                     698.7960      0.1      21.6720      0.0000  0.0000  Eval_33_55
core16_5/evalB_1/DP_OP_53J24_122_8097    171.8640     0.0    171.8640     0.0000 0.0000  Eval_33_1_DP_OP_53J24_122_8097_J24_0_31
core16_5/evalB_1/DP_OP_54J24_123_1200    261.9540     0.0    261.9540     0.0000 0.0000  Eval_33_1_DP_OP_54J24_123_1200_J24_0_31
core16_5/evalB_1/DP_OP_55J24_124_5184    243.3060     0.0    243.3060     0.0000 0.0000  Eval_33_1_DP_OP_55J24_124_5184_J24_0_31
core16_5/evalB_2                     687.9600      0.1      21.6720      0.0000  0.0000  Eval_33_54
core16_5/evalB_2/DP_OP_53J24_122_8097    174.6360     0.0    174.6360     0.0000 0.0000  Eval_33_1_DP_OP_53J24_122_8097_J24_0_30
core16_5/evalB_2/DP_OP_54J24_123_1200    253.5120     0.0    253.5120     0.0000 0.0000  Eval_33_1_DP_OP_54J24_123_1200_J24_0_30
core16_5/evalB_2/DP_OP_55J24_124_5184    238.1400     0.0    238.1400     0.0000 0.0000  Eval_33_1_DP_OP_55J24_124_5184_J24_0_30
core16_5/evalB_3                     690.1020      0.1      22.3020      0.0000  0.0000  Eval_33_53
core16_5/evalB_3/DP_OP_53J24_122_8097    170.9820     0.0    170.9820     0.0000 0.0000  Eval_33_1_DP_OP_53J24_122_8097_J24_0_29
core16_5/evalB_3/DP_OP_54J24_123_1200    254.3940     0.0    254.3940     0.0000 0.0000  Eval_33_1_DP_OP_54J24_123_1200_J24_0_29
core16_5/evalB_3/DP_OP_55J24_124_5184    242.4240     0.0    242.4240     0.0000 0.0000  Eval_33_1_DP_OP_55J24_124_5184_J24_0_29
core16_5/interp                     9342.5219      1.2       0.7560   1001.9520  0.0000  Interpolation_7_1
core16_5/interp/interp              8339.8139      1.1       0.2520      0.0000  0.0000  InterpolationComb_7_1
core16_5/interp/interp/DP_OP_421J11_122_4903   8339.5619     1.1   8339.5619     0.0000 0.0000 InterpolationComb_7_1_DP_OP_421J11_122_4903_J11_0_0
core16_6                           94109.5249     12.5       2.0160   1897.0560  0.0000  core16_0
core16_6/core4_0                   10268.6219      1.4       1.0080    518.1120  0.0000  core4_6
core16_6/core4_0/evalA               717.9480      0.1      22.3020      0.0000  0.0000  Eval_32_6
core16_6/core4_0/evalA/DP_OP_54J25_122_2391    185.9760     0.0    185.9760     0.0000 0.0000 Eval_32_0_DP_OP_54J25_122_2391_J25_0_1
core16_6/core4_0/evalA/DP_OP_55J25_123_3961    251.8740     0.0    251.8740     0.0000 0.0000 Eval_32_0_DP_OP_55J25_123_3961_J25_0_1
core16_6/core4_0/evalA/DP_OP_56J25_124_3269    257.7960     0.0    257.7960     0.0000 0.0000 Eval_32_0_DP_OP_56J25_124_3269_J25_0_1
core16_6/core4_0/evalB               435.9600      0.1      13.3560      0.0000  0.0000  Eval_33_6
core16_6/core4_0/evalB/DP_OP_54J24_125_1607    111.3840     0.0    111.3840     0.0000 0.0000 Eval_33_0_DP_OP_54J24_125_1607_J24_0_1
core16_6/core4_0/evalB/DP_OP_55J24_126_5730    152.5860     0.0    152.5860     0.0000 0.0000 Eval_33_0_DP_OP_55J24_126_5730_J24_0_1
core16_6/core4_0/evalB/DP_OP_56J24_127_8412    158.6340     0.0    158.6340     0.0000 0.0000 Eval_33_0_DP_OP_56J24_127_8412_J24_0_1
core16_6/core4_0/interp             2613.9960      0.3       0.7560    268.1280  0.0000  Interpolation_6
core16_6/core4_0/interp/interp      2345.1120      0.3       0.2520      0.0000  0.0000  InterpolationComb_6
core16_6/core4_0/interp/interp/DP_OP_106J27_122_4023   2344.8600     0.3   2344.8600     0.0000 0.0000 InterpolationComb_0_DP_OP_106J27_122_4023_J27_0_2
core16_6/core4_0/mult_x_1            728.5320      0.1     728.5320      0.0000  0.0000  core4_0_DW_mult_uns_J16_3_1
core16_6/core4_0/mult_x_2            908.3340      0.1     908.3340      0.0000  0.0000  core4_0_DW_mult_uns_J16_2_1
core16_6/core4_0/mult_x_3            847.3500      0.1     847.3500      0.0000  0.0000  core4_0_DW_mult_tc_J16_2_1
core16_6/core4_0/mult_x_4            861.5880      0.1     861.5880      0.0000  0.0000  core4_0_DW_mult_tc_J16_1_1
core16_6/core4_0/mult_x_5            959.4900      0.1     959.4900      0.0000  0.0000  core4_0_DW_mult_uns_J16_1_1
core16_6/core4_0/mult_x_6            947.7720      0.1     947.7720      0.0000  0.0000  core4_0_DW_mult_tc_J16_0_1
core16_6/core4_0/mult_x_7            728.5320      0.1     728.5320      0.0000  0.0000  core4_0_DW_mult_uns_J16_0_1
core16_6/core4_1                   11551.8059      1.5       1.0080    518.1120  0.0000  core4_5
core16_6/core4_1/evalA               833.4900      0.1      25.5780      0.0000  0.0000  Eval_32_5
core16_6/core4_1/evalA/DP_OP_54J26_126_5395    215.5860     0.0    215.5860     0.0000 0.0000 Eval_32_5_DP_OP_54J26_126_5395_J26_0_0
core16_6/core4_1/evalA/DP_OP_55J26_127_4610    296.6040     0.0    296.6040     0.0000 0.0000 Eval_32_5_DP_OP_55J26_127_4610_J26_0_0
core16_6/core4_1/evalA/DP_OP_56J26_128_7292    295.7220     0.0    295.7220     0.0000 0.0000 Eval_32_5_DP_OP_56J26_128_7292_J26_0_0
core16_6/core4_1/evalB               548.4780      0.1      17.1360      0.0000  0.0000  Eval_33_5
core16_6/core4_1/evalB/DP_OP_54J26_129_3928    144.5220     0.0    144.5220     0.0000 0.0000 Eval_33_5_DP_OP_54J26_129_3928_J26_0_0
core16_6/core4_1/evalB/DP_OP_55J26_130_5326    193.7880     0.0    193.7880     0.0000 0.0000 Eval_33_5_DP_OP_55J26_130_5326_J26_0_0
core16_6/core4_1/evalB/DP_OP_56J26_131_8300    193.0320     0.0    193.0320     0.0000 0.0000 Eval_33_5_DP_OP_56J26_131_8300_J26_0_0
core16_6/core4_1/interp             2613.9960      0.3       0.7560    268.1280  0.0000  Interpolation_5
core16_6/core4_1/interp/interp      2345.1120      0.3       0.2520      0.0000  0.0000  InterpolationComb_5
core16_6/core4_1/interp/interp/DP_OP_106J27_122_4023   2344.8600     0.3   2344.8600     0.0000 0.0000 InterpolationComb_0_DP_OP_106J27_122_4023_J27_0_1
core16_6/core4_1/mult_x_1            903.0420      0.1     903.0420      0.0000  0.0000  core4_5_DW_mult_uns_J31_3_0
core16_6/core4_1/mult_x_2           1035.4680      0.1    1035.4680      0.0000  0.0000  core4_5_DW_mult_uns_J31_2_0
core16_6/core4_1/mult_x_3           1035.3420      0.1    1035.3420      0.0000  0.0000  core4_5_DW_mult_tc_J31_2_0
core16_6/core4_1/mult_x_4           1023.6240      0.1    1023.6240      0.0000  0.0000  core4_5_DW_mult_tc_J31_1_0
core16_6/core4_1/mult_x_5           1053.9900      0.1    1053.9900      0.0000  0.0000  core4_5_DW_mult_uns_J31_1_0
core16_6/core4_1/mult_x_6           1082.2140      0.1    1082.2140      0.0000  0.0000  core4_5_DW_mult_tc_J31_0_0
core16_6/core4_1/mult_x_7            903.0420      0.1     903.0420      0.0000  0.0000  core4_5_DW_mult_uns_J31_0_0
core16_6/core4_2                   10836.7559      1.4       1.0080    518.1120  0.0000  core4_4
core16_6/core4_2/evalA               759.6540      0.1      23.1840      0.0000  0.0000  Eval_32_4
core16_6/core4_2/evalA/DP_OP_53J27_123_3533    195.0480     0.0    195.0480     0.0000 0.0000 Eval_32_1_DP_OP_53J27_123_3533_J27_0_2
core16_6/core4_2/evalA/DP_OP_54J27_124_9398    268.1280     0.0    268.1280     0.0000 0.0000 Eval_32_1_DP_OP_54J27_124_9398_J27_0_2
core16_6/core4_2/evalA/DP_OP_55J27_125_9832    273.2940     0.0    273.2940     0.0000 0.0000 Eval_32_1_DP_OP_55J27_125_9832_J27_0_2
core16_6/core4_2/evalB               468.0900      0.1      14.4900      0.0000  0.0000  Eval_33_4
core16_6/core4_2/evalB/DP_OP_53J24_122_8097    121.0860     0.0    121.0860     0.0000 0.0000 Eval_33_1_DP_OP_53J24_122_8097_J24_0_2
core16_6/core4_2/evalB/DP_OP_54J24_123_1200    163.2960     0.0    163.2960     0.0000 0.0000 Eval_33_1_DP_OP_54J24_123_1200_J24_0_2
core16_6/core4_2/evalB/DP_OP_55J24_124_5184    169.2180     0.0    169.2180     0.0000 0.0000 Eval_33_1_DP_OP_55J24_124_5184_J24_0_2
core16_6/core4_2/interp             2712.4020      0.4       0.7560    276.1920  0.0000  Interpolation_4
core16_6/core4_2/interp/interp      2435.4540      0.3       0.2520      0.0000  0.0000  InterpolationComb_4
core16_6/core4_2/interp/interp/DP_OP_106J26_122_4688   2435.2020     0.3   2435.2020     0.0000 0.0000 InterpolationComb_1_DP_OP_106J26_122_4688_J26_0_3
core16_6/core4_2/mult_x_1            823.6620      0.1     823.6620      0.0000  0.0000  core4_1_DW_mult_tc_J21_6_2
core16_6/core4_2/mult_x_2            936.5580      0.1     936.5580      0.0000  0.0000  core4_1_DW_mult_tc_J21_5_2
core16_6/core4_2/mult_x_3            889.5600      0.1     889.5600      0.0000  0.0000  core4_1_DW_mult_tc_J21_4_2
core16_6/core4_2/mult_x_4            931.0140      0.1     931.0140      0.0000  0.0000  core4_1_DW_mult_tc_J21_3_2
core16_6/core4_2/mult_x_5            963.3960      0.1     963.3960      0.0000  0.0000  core4_1_DW_mult_tc_J21_2_2
core16_6/core4_2/mult_x_6           1009.6380      0.1    1009.6380      0.0000  0.0000  core4_1_DW_mult_tc_J21_1_2
core16_6/core4_2/mult_x_7            823.6620      0.1     823.6620      0.0000  0.0000  core4_1_DW_mult_tc_J21_0_2
core16_6/core4_3                   12015.3598      1.6       0.7560    517.9860  0.0000  core4_3
core16_6/core4_3/evalA               879.8580      0.1      28.2240      0.0000  0.0000  Eval_32_3
core16_6/core4_3/evalA/DP_OP_53J27_123_3533    222.6420     0.0    222.6420     0.0000 0.0000 Eval_32_1_DP_OP_53J27_123_3533_J27_0_1
core16_6/core4_3/evalA/DP_OP_54J27_124_9398    321.1740     0.0    321.1740     0.0000 0.0000 Eval_32_1_DP_OP_54J27_124_9398_J27_0_1
core16_6/core4_3/evalA/DP_OP_55J27_125_9832    307.8180     0.0    307.8180     0.0000 0.0000 Eval_32_1_DP_OP_55J27_125_9832_J27_0_1
core16_6/core4_3/evalB               687.0780      0.1      22.1760      0.0000  0.0000  Eval_33_3
core16_6/core4_3/evalB/DP_OP_53J24_122_8097    173.1240     0.0    173.1240     0.0000 0.0000 Eval_33_1_DP_OP_53J24_122_8097_J24_0_1
core16_6/core4_3/evalB/DP_OP_54J24_123_1200    252.1260     0.0    252.1260     0.0000 0.0000 Eval_33_1_DP_OP_54J24_123_1200_J24_0_1
core16_6/core4_3/evalB/DP_OP_55J24_124_5184    239.6520     0.0    239.6520     0.0000 0.0000 Eval_33_1_DP_OP_55J24_124_5184_J24_0_1
core16_6/core4_3/interp             2712.4020      0.4       0.7560    276.1920  0.0000  Interpolation_3
core16_6/core4_3/interp/interp      2435.4540      0.3       0.2520      0.0000  0.0000  InterpolationComb_3
core16_6/core4_3/interp/interp/DP_OP_106J26_122_4688   2435.2020     0.3   2435.2020     0.0000 0.0000 InterpolationComb_1_DP_OP_106J26_122_4688_J26_0_2
core16_6/core4_3/mult_x_1            830.2140      0.1     830.2140      0.0000  0.0000  core4_1_DW_mult_tc_J21_6_1
core16_6/core4_3/mult_x_2           1074.1500      0.1    1074.1500      0.0000  0.0000  core4_1_DW_mult_tc_J21_5_1
core16_6/core4_3/mult_x_3           1121.1480      0.1    1121.1480      0.0000  0.0000  core4_1_DW_mult_tc_J21_4_1
core16_6/core4_3/mult_x_4           1120.2660      0.1    1120.2660      0.0000  0.0000  core4_1_DW_mult_tc_J21_3_1
core16_6/core4_3/mult_x_5           1120.7700      0.1    1120.7700      0.0000  0.0000  core4_1_DW_mult_tc_J21_2_1
core16_6/core4_3/mult_x_6           1120.5180      0.1    1120.5180      0.0000  0.0000  core4_1_DW_mult_tc_J21_1_1
core16_6/core4_3/mult_x_7            830.2140      0.1     830.2140      0.0000  0.0000  core4_1_DW_mult_tc_J21_0_1
core16_6/core4_4                   11622.9958      1.5       1.0080    518.1120  0.0000  core4_2
core16_6/core4_4/evalA               834.8760      0.1      25.4520      0.0000  0.0000  Eval_32_2
core16_6/core4_4/evalA/DP_OP_54J16_122_2576    216.0900     0.0    216.0900     0.0000 0.0000 Eval_32_2_DP_OP_54J16_122_2576_J16_0_0
core16_6/core4_4/evalA/DP_OP_55J16_123_96    294.0840     0.0    294.0840     0.0000 0.0000 Eval_32_2_DP_OP_55J16_123_96_J16_0_0
core16_6/core4_4/evalA/DP_OP_56J16_124_6698    299.2500     0.0    299.2500     0.0000 0.0000 Eval_32_2_DP_OP_56J16_124_6698_J16_0_0
core16_6/core4_4/evalB               545.5800      0.1      17.1360      0.0000  0.0000  Eval_33_2
core16_6/core4_4/evalB/DP_OP_54J21_125_6473    140.9940     0.0    140.9940     0.0000 0.0000 Eval_33_2_DP_OP_54J21_125_6473_J21_0_0
core16_6/core4_4/evalB/DP_OP_55J21_126_780    189.7560     0.0    189.7560     0.0000 0.0000 Eval_33_2_DP_OP_55J21_126_780_J21_0_0
core16_6/core4_4/evalB/DP_OP_56J21_127_9714    197.6940     0.0    197.6940     0.0000 0.0000 Eval_33_2_DP_OP_56J21_127_9714_J21_0_0
core16_6/core4_4/interp             2712.4020      0.4       0.7560    276.1920  0.0000  Interpolation_2
core16_6/core4_4/interp/interp      2435.4540      0.3       0.2520      0.0000  0.0000  InterpolationComb_2
core16_6/core4_4/interp/interp/DP_OP_106J26_122_4688   2435.2020     0.3   2435.2020     0.0000 0.0000 InterpolationComb_1_DP_OP_106J26_122_4688_J26_0_1
core16_6/core4_4/mult_x_1            927.1080      0.1     927.1080      0.0000  0.0000  core4_2_DW_mult_uns_J33_3_0
core16_6/core4_4/mult_x_2           1048.0680      0.1    1048.0680      0.0000  0.0000  core4_2_DW_mult_uns_J33_2_0
core16_6/core4_4/mult_x_3            983.8080      0.1     983.8080      0.0000  0.0000  core4_2_DW_mult_tc_J33_2_0
core16_6/core4_4/mult_x_4           1005.1020      0.1    1005.1020      0.0000  0.0000  core4_2_DW_mult_tc_J33_1_0
core16_6/core4_4/mult_x_5           1053.2340      0.1    1053.2340      0.0000  0.0000  core4_2_DW_mult_uns_J33_1_0
core16_6/core4_4/mult_x_6           1071.8820      0.1    1071.8820      0.0000  0.0000  core4_2_DW_mult_tc_J33_0_0
core16_6/core4_4/mult_x_7            921.8160      0.1     921.8160      0.0000  0.0000  core4_2_DW_mult_uns_J33_0_0
core16_6/core4_5                   12188.9878      1.6       0.7560    518.1120  0.0000  core4_1
core16_6/core4_5/evalA               880.3620      0.1      28.7280      0.0000  0.0000  Eval_32_1
core16_6/core4_5/evalA/DP_OP_53J27_123_3533    222.6420     0.0    222.6420     0.0000 0.0000 Eval_32_1_DP_OP_53J27_123_3533_J27_0_0
core16_6/core4_5/evalA/DP_OP_54J27_124_9398    321.1740     0.0    321.1740     0.0000 0.0000 Eval_32_1_DP_OP_54J27_124_9398_J27_0_0
core16_6/core4_5/evalA/DP_OP_55J27_125_9832    307.8180     0.0    307.8180     0.0000 0.0000 Eval_32_1_DP_OP_55J27_125_9832_J27_0_0
core16_6/core4_5/evalB               686.3220      0.1      23.1840      0.0000  0.0000  Eval_33_1
core16_6/core4_5/evalB/DP_OP_53J24_122_8097    171.2340     0.0    171.2340     0.0000 0.0000 Eval_33_1_DP_OP_53J24_122_8097_J24_0_0
core16_6/core4_5/evalB/DP_OP_54J24_123_1200    253.8900     0.0    253.8900     0.0000 0.0000 Eval_33_1_DP_OP_54J24_123_1200_J24_0_0
core16_6/core4_5/evalB/DP_OP_55J24_124_5184    238.0140     0.0    238.0140     0.0000 0.0000 Eval_33_1_DP_OP_55J24_124_5184_J24_0_0
core16_6/core4_5/interp             2712.4020      0.4       0.7560    276.1920  0.0000  Interpolation_1
core16_6/core4_5/interp/interp      2435.4540      0.3       0.2520      0.0000  0.0000  InterpolationComb_1
core16_6/core4_5/interp/interp/DP_OP_106J26_122_4688   2435.2020     0.3   2435.2020     0.0000 0.0000 InterpolationComb_1_DP_OP_106J26_122_4688_J26_0_0
core16_6/core4_5/mult_x_1            914.1300      0.1     914.1300      0.0000  0.0000  core4_1_DW_mult_tc_J21_6_0
core16_6/core4_5/mult_x_2           1080.5760      0.1    1080.5760      0.0000  0.0000  core4_1_DW_mult_tc_J21_5_0
core16_6/core4_5/mult_x_3           1118.7540      0.1    1118.7540      0.0000  0.0000  core4_1_DW_mult_tc_J21_4_0
core16_6/core4_5/mult_x_4           1121.9040      0.1    1121.9040      0.0000  0.0000  core4_1_DW_mult_tc_J21_3_0
core16_6/core4_5/mult_x_5           1120.7700      0.1    1120.7700      0.0000  0.0000  core4_1_DW_mult_tc_J21_2_0
core16_6/core4_5/mult_x_6           1120.7700      0.1    1120.7700      0.0000  0.0000  core4_1_DW_mult_tc_J21_1_0
core16_6/core4_5/mult_x_7            914.1300      0.1     914.1300      0.0000  0.0000  core4_1_DW_mult_tc_J21_0_0
core16_6/core4_6                   10270.5119      1.4       1.0080    518.1120  0.0000  core4_0
core16_6/core4_6/evalA               717.8220      0.1      22.1760      0.0000  0.0000  Eval_32_0
core16_6/core4_6/evalA/DP_OP_54J25_122_2391    185.9760     0.0    185.9760     0.0000 0.0000 Eval_32_0_DP_OP_54J25_122_2391_J25_0_0
core16_6/core4_6/evalA/DP_OP_55J25_123_3961    251.8740     0.0    251.8740     0.0000 0.0000 Eval_32_0_DP_OP_55J25_123_3961_J25_0_0
core16_6/core4_6/evalA/DP_OP_56J25_124_3269    257.7960     0.0    257.7960     0.0000 0.0000 Eval_32_0_DP_OP_56J25_124_3269_J25_0_0
core16_6/core4_6/evalB               435.4560      0.1      13.3560      0.0000  0.0000  Eval_33_0
core16_6/core4_6/evalB/DP_OP_54J24_125_1607    112.0140     0.0    112.0140     0.0000 0.0000 Eval_33_0_DP_OP_54J24_125_1607_J24_0_0
core16_6/core4_6/evalB/DP_OP_55J24_126_5730    151.3260     0.0    151.3260     0.0000 0.0000 Eval_33_0_DP_OP_55J24_126_5730_J24_0_0
core16_6/core4_6/evalB/DP_OP_56J24_127_8412    158.7600     0.0    158.7600     0.0000 0.0000 Eval_33_0_DP_OP_56J24_127_8412_J24_0_0
core16_6/core4_6/interp             2613.9960      0.3       0.7560    268.1280  0.0000  Interpolation_0
core16_6/core4_6/interp/interp      2345.1120      0.3       0.2520      0.0000  0.0000  InterpolationComb_0
core16_6/core4_6/interp/interp/DP_OP_106J27_122_4023   2344.8600     0.3   2344.8600     0.0000 0.0000 InterpolationComb_0_DP_OP_106J27_122_4023_J27_0_0
core16_6/core4_6/mult_x_1            728.5320      0.1     728.5320      0.0000  0.0000  core4_0_DW_mult_uns_J16_3_0
core16_6/core4_6/mult_x_2            907.3260      0.1     907.3260      0.0000  0.0000  core4_0_DW_mult_uns_J16_2_0
core16_6/core4_6/mult_x_3            847.7280      0.1     847.7280      0.0000  0.0000  core4_0_DW_mult_tc_J16_2_0
core16_6/core4_6/mult_x_4            862.2180      0.1     862.2180      0.0000  0.0000  core4_0_DW_mult_tc_J16_1_0
core16_6/core4_6/mult_x_5            961.8840      0.1     961.8840      0.0000  0.0000  core4_0_DW_mult_uns_J16_1_0
core16_6/core4_6/mult_x_6            947.8980      0.1     947.8980      0.0000  0.0000  core4_0_DW_mult_tc_J16_0_0
core16_6/core4_6/mult_x_7            728.5320      0.1     728.5320      0.0000  0.0000  core4_0_DW_mult_uns_J16_0_0
core16_6/evalA                       717.8220      0.1      22.1760      0.0000  0.0000  Eval_32_52
core16_6/evalA/DP_OP_54J33_122_7582    185.9760     0.0    185.9760      0.0000  0.0000  Eval_32_49_DP_OP_54J33_122_7582_J33_0_3
core16_6/evalA/DP_OP_55J33_123_4862    251.8740     0.0    251.8740      0.0000  0.0000  Eval_32_49_DP_OP_55J33_123_4862_J33_0_3
core16_6/evalA/DP_OP_56J33_124_9872    257.7960     0.0    257.7960      0.0000  0.0000  Eval_32_49_DP_OP_56J33_124_9872_J33_0_3
core16_6/evalA_1                     717.1920      0.1      21.5460      0.0000  0.0000  Eval_32_51
core16_6/evalA_1/DP_OP_54J33_122_7582    185.9760     0.0    185.9760     0.0000 0.0000  Eval_32_49_DP_OP_54J33_122_7582_J33_0_2
core16_6/evalA_1/DP_OP_55J33_123_4862    251.8740     0.0    251.8740     0.0000 0.0000  Eval_32_49_DP_OP_55J33_123_4862_J33_0_2
core16_6/evalA_1/DP_OP_56J33_124_9872    257.7960     0.0    257.7960     0.0000 0.0000  Eval_32_49_DP_OP_56J33_124_9872_J33_0_2
core16_6/evalA_2                     717.1920      0.1      21.5460      0.0000  0.0000  Eval_32_50
core16_6/evalA_2/DP_OP_54J33_122_7582    185.9760     0.0    185.9760     0.0000 0.0000  Eval_32_49_DP_OP_54J33_122_7582_J33_0_1
core16_6/evalA_2/DP_OP_55J33_123_4862    251.8740     0.0    251.8740     0.0000 0.0000  Eval_32_49_DP_OP_55J33_123_4862_J33_0_1
core16_6/evalA_2/DP_OP_56J33_124_9872    257.7960     0.0    257.7960     0.0000 0.0000  Eval_32_49_DP_OP_56J33_124_9872_J33_0_1
core16_6/evalA_3                     717.9480      0.1      22.3020      0.0000  0.0000  Eval_32_49
core16_6/evalA_3/DP_OP_54J33_122_7582    185.9760     0.0    185.9760     0.0000 0.0000  Eval_32_49_DP_OP_54J33_122_7582_J33_0_0
core16_6/evalA_3/DP_OP_55J33_123_4862    251.8740     0.0    251.8740     0.0000 0.0000  Eval_32_49_DP_OP_55J33_123_4862_J33_0_0
core16_6/evalA_3/DP_OP_56J33_124_9872    257.7960     0.0    257.7960     0.0000 0.0000  Eval_32_49_DP_OP_56J33_124_9872_J33_0_0
core16_6/evalB                       431.4240      0.1      13.8600      0.0000  0.0000  Eval_33_52
core16_6/evalB/DP_OP_54J19_125_1425    110.7540     0.0    110.7540      0.0000  0.0000  Eval_33_49_DP_OP_54J19_125_1425_J19_0_3
core16_6/evalB/DP_OP_55J19_126_784    149.0580     0.0     149.0580      0.0000  0.0000  Eval_33_49_DP_OP_55J19_126_784_J19_0_3
core16_6/evalB/DP_OP_56J19_127_3466    157.7520     0.0    157.7520      0.0000  0.0000  Eval_33_49_DP_OP_56J19_127_3466_J19_0_3
core16_6/evalB_1                     426.7620      0.1      12.4740      0.0000  0.0000  Eval_33_51
core16_6/evalB_1/DP_OP_54J19_125_1425    108.8640     0.0    108.8640     0.0000 0.0000  Eval_33_49_DP_OP_54J19_125_1425_J19_0_2
core16_6/evalB_1/DP_OP_55J19_126_784    149.4360     0.0    149.4360     0.0000  0.0000  Eval_33_49_DP_OP_55J19_126_784_J19_0_2
core16_6/evalB_1/DP_OP_56J19_127_3466    155.9880     0.0    155.9880     0.0000 0.0000  Eval_33_49_DP_OP_56J19_127_3466_J19_0_2
core16_6/evalB_2                     438.4800      0.1      12.6000      0.0000  0.0000  Eval_33_50
core16_6/evalB_2/DP_OP_54J19_125_1425    110.1240     0.0    110.1240     0.0000 0.0000  Eval_33_49_DP_OP_54J19_125_1425_J19_0_1
core16_6/evalB_2/DP_OP_55J19_126_784    157.5000     0.0    157.5000     0.0000  0.0000  Eval_33_49_DP_OP_55J19_126_784_J19_0_1
core16_6/evalB_2/DP_OP_56J19_127_3466    158.2560     0.0    158.2560     0.0000 0.0000  Eval_33_49_DP_OP_56J19_127_3466_J19_0_1
core16_6/evalB_3                     433.4400      0.1      13.9860      0.0000  0.0000  Eval_33_49
core16_6/evalB_3/DP_OP_54J19_125_1425    111.2580     0.0    111.2580     0.0000 0.0000  Eval_33_49_DP_OP_54J19_125_1425_J19_0_0
core16_6/evalB_3/DP_OP_55J19_126_784    149.9400     0.0    149.9400     0.0000  0.0000  Eval_33_49_DP_OP_55J19_126_784_J19_0_0
core16_6/evalB_3/DP_OP_56J19_127_3466    158.2560     0.0    158.2560     0.0000 0.0000  Eval_33_49_DP_OP_56J19_127_3466_J19_0_0
core16_6/interp                     8855.1539      1.2       0.7560    969.6960  0.0000  Interpolation_7_0
core16_6/interp/interp              7884.7019      1.0       0.2520      0.0000  0.0000  InterpolationComb_7_0
core16_6/interp/interp/DP_OP_421J12_122_4174   7884.4499     1.0   7884.4499     0.0000 0.0000 InterpolationComb_7_0_DP_OP_421J12_122_4174_J12_0_0
evalA                                715.9320      0.1      24.4440      0.0000  0.0000  Eval_16
evalA/DP_OP_52J19_122_6891           185.9760      0.0     185.9760      0.0000  0.0000  Eval_0_DP_OP_52J19_122_6891_J19_0_15
evalA/DP_OP_53J19_123_6653           249.2280      0.0     249.2280      0.0000  0.0000  Eval_0_DP_OP_53J19_123_6653_J19_0_15
evalA/DP_OP_54J19_124_5333           256.2840      0.0     256.2840      0.0000  0.0000  Eval_0_DP_OP_54J19_124_5333_J19_0_15
evalA_1                              717.1920      0.1      25.5780      0.0000  0.0000  Eval_15
evalA_1/DP_OP_52J19_122_6891         185.9760      0.0     185.9760      0.0000  0.0000  Eval_0_DP_OP_52J19_122_6891_J19_0_14
evalA_1/DP_OP_53J19_123_6653         249.2280      0.0     249.2280      0.0000  0.0000  Eval_0_DP_OP_53J19_123_6653_J19_0_14
evalA_1/DP_OP_54J19_124_5333         256.4100      0.0     256.4100      0.0000  0.0000  Eval_0_DP_OP_54J19_124_5333_J19_0_14
evalA_10                             717.1920      0.1      25.5780      0.0000  0.0000  Eval_6
evalA_10/DP_OP_52J19_122_6891        185.9760      0.0     185.9760      0.0000  0.0000  Eval_0_DP_OP_52J19_122_6891_J19_0_5
evalA_10/DP_OP_53J19_123_6653        249.2280      0.0     249.2280      0.0000  0.0000  Eval_0_DP_OP_53J19_123_6653_J19_0_5
evalA_10/DP_OP_54J19_124_5333        256.4100      0.0     256.4100      0.0000  0.0000  Eval_0_DP_OP_54J19_124_5333_J19_0_5
evalA_11                             716.5620      0.1      25.0740      0.0000  0.0000  Eval_5
evalA_11/DP_OP_52J19_122_6891        185.9760      0.0     185.9760      0.0000  0.0000  Eval_0_DP_OP_52J19_122_6891_J19_0_4
evalA_11/DP_OP_53J19_123_6653        249.2280      0.0     249.2280      0.0000  0.0000  Eval_0_DP_OP_53J19_123_6653_J19_0_4
evalA_11/DP_OP_54J19_124_5333        256.2840      0.0     256.2840      0.0000  0.0000  Eval_0_DP_OP_54J19_124_5333_J19_0_4
evalA_12                             716.0580      0.1      24.5700      0.0000  0.0000  Eval_4
evalA_12/DP_OP_52J19_122_6891        185.9760      0.0     185.9760      0.0000  0.0000  Eval_0_DP_OP_52J19_122_6891_J19_0_3
evalA_12/DP_OP_53J19_123_6653        249.2280      0.0     249.2280      0.0000  0.0000  Eval_0_DP_OP_53J19_123_6653_J19_0_3
evalA_12/DP_OP_54J19_124_5333        256.2840      0.0     256.2840      0.0000  0.0000  Eval_0_DP_OP_54J19_124_5333_J19_0_3
evalA_13                             717.1920      0.1      25.5780      0.0000  0.0000  Eval_3
evalA_13/DP_OP_52J19_122_6891        185.9760      0.0     185.9760      0.0000  0.0000  Eval_0_DP_OP_52J19_122_6891_J19_0_2
evalA_13/DP_OP_53J19_123_6653        249.2280      0.0     249.2280      0.0000  0.0000  Eval_0_DP_OP_53J19_123_6653_J19_0_2
evalA_13/DP_OP_54J19_124_5333        256.4100      0.0     256.4100      0.0000  0.0000  Eval_0_DP_OP_54J19_124_5333_J19_0_2
evalA_14                             717.1920      0.1      25.5780      0.0000  0.0000  Eval_2
evalA_14/DP_OP_52J19_122_6891        185.9760      0.0     185.9760      0.0000  0.0000  Eval_0_DP_OP_52J19_122_6891_J19_0_1
evalA_14/DP_OP_53J19_123_6653        249.2280      0.0     249.2280      0.0000  0.0000  Eval_0_DP_OP_53J19_123_6653_J19_0_1
evalA_14/DP_OP_54J19_124_5333        256.4100      0.0     256.4100      0.0000  0.0000  Eval_0_DP_OP_54J19_124_5333_J19_0_1
evalA_15                             716.9400      0.1      25.4520      0.0000  0.0000  Eval_0
evalA_15/DP_OP_52J19_122_6891        185.9760      0.0     185.9760      0.0000  0.0000  Eval_0_DP_OP_52J19_122_6891_J19_0_0
evalA_15/DP_OP_53J19_123_6653        249.2280      0.0     249.2280      0.0000  0.0000  Eval_0_DP_OP_53J19_123_6653_J19_0_0
evalA_15/DP_OP_54J19_124_5333        256.2840      0.0     256.2840      0.0000  0.0000  Eval_0_DP_OP_54J19_124_5333_J19_0_0
evalA_2                              717.1920      0.1      25.5780      0.0000  0.0000  Eval_14
evalA_2/DP_OP_52J19_122_6891         185.9760      0.0     185.9760      0.0000  0.0000  Eval_0_DP_OP_52J19_122_6891_J19_0_13
evalA_2/DP_OP_53J19_123_6653         249.2280      0.0     249.2280      0.0000  0.0000  Eval_0_DP_OP_53J19_123_6653_J19_0_13
evalA_2/DP_OP_54J19_124_5333         256.4100      0.0     256.4100      0.0000  0.0000  Eval_0_DP_OP_54J19_124_5333_J19_0_13
evalA_3                              715.6800      0.1      24.1920      0.0000  0.0000  Eval_13
evalA_3/DP_OP_52J19_122_6891         185.9760      0.0     185.9760      0.0000  0.0000  Eval_0_DP_OP_52J19_122_6891_J19_0_12
evalA_3/DP_OP_53J19_123_6653         249.2280      0.0     249.2280      0.0000  0.0000  Eval_0_DP_OP_53J19_123_6653_J19_0_12
evalA_3/DP_OP_54J19_124_5333         256.2840      0.0     256.2840      0.0000  0.0000  Eval_0_DP_OP_54J19_124_5333_J19_0_12
evalA_4                              716.4360      0.1      24.9480      0.0000  0.0000  Eval_12
evalA_4/DP_OP_52J19_122_6891         185.9760      0.0     185.9760      0.0000  0.0000  Eval_0_DP_OP_52J19_122_6891_J19_0_11
evalA_4/DP_OP_53J19_123_6653         249.2280      0.0     249.2280      0.0000  0.0000  Eval_0_DP_OP_53J19_123_6653_J19_0_11
evalA_4/DP_OP_54J19_124_5333         256.2840      0.0     256.2840      0.0000  0.0000  Eval_0_DP_OP_54J19_124_5333_J19_0_11
evalA_5                              717.1920      0.1      25.5780      0.0000  0.0000  Eval_11
evalA_5/DP_OP_52J19_122_6891         185.9760      0.0     185.9760      0.0000  0.0000  Eval_0_DP_OP_52J19_122_6891_J19_0_10
evalA_5/DP_OP_53J19_123_6653         249.2280      0.0     249.2280      0.0000  0.0000  Eval_0_DP_OP_53J19_123_6653_J19_0_10
evalA_5/DP_OP_54J19_124_5333         256.4100      0.0     256.4100      0.0000  0.0000  Eval_0_DP_OP_54J19_124_5333_J19_0_10
evalA_6                              717.1920      0.1      25.5780      0.0000  0.0000  Eval_10
evalA_6/DP_OP_52J19_122_6891         185.9760      0.0     185.9760      0.0000  0.0000  Eval_0_DP_OP_52J19_122_6891_J19_0_9
evalA_6/DP_OP_53J19_123_6653         249.2280      0.0     249.2280      0.0000  0.0000  Eval_0_DP_OP_53J19_123_6653_J19_0_9
evalA_6/DP_OP_54J19_124_5333         256.4100      0.0     256.4100      0.0000  0.0000  Eval_0_DP_OP_54J19_124_5333_J19_0_9
evalA_7                              716.5620      0.1      25.0740      0.0000  0.0000  Eval_9
evalA_7/DP_OP_52J19_122_6891         185.9760      0.0     185.9760      0.0000  0.0000  Eval_0_DP_OP_52J19_122_6891_J19_0_8
evalA_7/DP_OP_53J19_123_6653         249.2280      0.0     249.2280      0.0000  0.0000  Eval_0_DP_OP_53J19_123_6653_J19_0_8
evalA_7/DP_OP_54J19_124_5333         256.2840      0.0     256.2840      0.0000  0.0000  Eval_0_DP_OP_54J19_124_5333_J19_0_8
evalA_8                              716.4360      0.1      24.9480      0.0000  0.0000  Eval_8
evalA_8/DP_OP_52J19_122_6891         185.9760      0.0     185.9760      0.0000  0.0000  Eval_0_DP_OP_52J19_122_6891_J19_0_7
evalA_8/DP_OP_53J19_123_6653         249.2280      0.0     249.2280      0.0000  0.0000  Eval_0_DP_OP_53J19_123_6653_J19_0_7
evalA_8/DP_OP_54J19_124_5333         256.2840      0.0     256.2840      0.0000  0.0000  Eval_0_DP_OP_54J19_124_5333_J19_0_7
evalA_9                              717.1920      0.1      25.5780      0.0000  0.0000  Eval_7
evalA_9/DP_OP_52J19_122_6891         185.9760      0.0     185.9760      0.0000  0.0000  Eval_0_DP_OP_52J19_122_6891_J19_0_6
evalA_9/DP_OP_53J19_123_6653         249.2280      0.0     249.2280      0.0000  0.0000  Eval_0_DP_OP_53J19_123_6653_J19_0_6
evalA_9/DP_OP_54J19_124_5333         256.4100      0.0     256.4100      0.0000  0.0000  Eval_0_DP_OP_54J19_124_5333_J19_0_6
evalB                                428.2740      0.1      17.3880      0.0000  0.0000  Eval_1_15
evalB/DP_OP_52J25_125_2082           110.2500      0.0     110.2500      0.0000  0.0000  Eval_1_0_DP_OP_52J25_125_2082_J25_0_15
evalB/DP_OP_53J25_126_7779           147.0420      0.0     147.0420      0.0000  0.0000  Eval_1_0_DP_OP_53J25_126_7779_J25_0_15
evalB/DP_OP_54J25_127_2477           153.5940      0.0     153.5940      0.0000  0.0000  Eval_1_0_DP_OP_54J25_127_2477_J25_0_15
evalB_1                              439.1100      0.1      19.5300      0.0000  0.0000  Eval_1_14
evalB_1/DP_OP_52J25_125_2082         113.1480      0.0     113.1480      0.0000  0.0000  Eval_1_0_DP_OP_52J25_125_2082_J25_0_14
evalB_1/DP_OP_53J25_126_7779         149.9400      0.0     149.9400      0.0000  0.0000  Eval_1_0_DP_OP_53J25_126_7779_J25_0_14
evalB_1/DP_OP_54J25_127_2477         156.4920      0.0     156.4920      0.0000  0.0000  Eval_1_0_DP_OP_54J25_127_2477_J25_0_14
evalB_10                             439.8660      0.1      19.5300      0.0000  0.0000  Eval_1_5
evalB_10/DP_OP_52J25_125_2082        113.9040      0.0     113.9040      0.0000  0.0000  Eval_1_0_DP_OP_52J25_125_2082_J25_0_5
evalB_10/DP_OP_53J25_126_7779        149.4360      0.0     149.4360      0.0000  0.0000  Eval_1_0_DP_OP_53J25_126_7779_J25_0_5
evalB_10/DP_OP_54J25_127_2477        156.9960      0.0     156.9960      0.0000  0.0000  Eval_1_0_DP_OP_54J25_127_2477_J25_0_5
evalB_11                             437.3460      0.1      17.1360      0.0000  0.0000  Eval_1_4
evalB_11/DP_OP_52J25_125_2082        110.7540      0.0     110.7540      0.0000  0.0000  Eval_1_0_DP_OP_52J25_125_2082_J25_0_4
evalB_11/DP_OP_53J25_126_7779        150.6960      0.0     150.6960      0.0000  0.0000  Eval_1_0_DP_OP_53J25_126_7779_J25_0_4
evalB_11/DP_OP_54J25_127_2477        158.7600      0.0     158.7600      0.0000  0.0000  Eval_1_0_DP_OP_54J25_127_2477_J25_0_4
evalB_12                             434.5740      0.1      16.5060      0.0000  0.0000  Eval_1_3
evalB_12/DP_OP_52J25_125_2082        110.7540      0.0     110.7540      0.0000  0.0000  Eval_1_0_DP_OP_52J25_125_2082_J25_0_3
evalB_12/DP_OP_53J25_126_7779        151.0740      0.0     151.0740      0.0000  0.0000  Eval_1_0_DP_OP_53J25_126_7779_J25_0_3
evalB_12/DP_OP_54J25_127_2477        156.2400      0.0     156.2400      0.0000  0.0000  Eval_1_0_DP_OP_54J25_127_2477_J25_0_3
evalB_13                             450.1980      0.1      19.5300      0.0000  0.0000  Eval_1_2
evalB_13/DP_OP_52J25_125_2082        118.3140      0.0     118.3140      0.0000  0.0000  Eval_1_0_DP_OP_52J25_125_2082_J25_0_2
evalB_13/DP_OP_53J25_126_7779        155.1060      0.0     155.1060      0.0000  0.0000  Eval_1_0_DP_OP_53J25_126_7779_J25_0_2
evalB_13/DP_OP_54J25_127_2477        157.2480      0.0     157.2480      0.0000  0.0000  Eval_1_0_DP_OP_54J25_127_2477_J25_0_2
evalB_14                             444.9060      0.1      19.5300      0.0000  0.0000  Eval_1_1
evalB_14/DP_OP_52J25_125_2082        115.4160      0.0     115.4160      0.0000  0.0000  Eval_1_0_DP_OP_52J25_125_2082_J25_0_1
evalB_14/DP_OP_53J25_126_7779        154.6020      0.0     154.6020      0.0000  0.0000  Eval_1_0_DP_OP_53J25_126_7779_J25_0_1
evalB_14/DP_OP_54J25_127_2477        155.3580      0.0     155.3580      0.0000  0.0000  Eval_1_0_DP_OP_54J25_127_2477_J25_0_1
evalB_15                             443.6460      0.1      19.4040      0.0000  0.0000  Eval_1_0
evalB_15/DP_OP_52J25_125_2082        112.8960      0.0     112.8960      0.0000  0.0000  Eval_1_0_DP_OP_52J25_125_2082_J25_0_0
evalB_15/DP_OP_53J25_126_7779        154.8540      0.0     154.8540      0.0000  0.0000  Eval_1_0_DP_OP_53J25_126_7779_J25_0_0
evalB_15/DP_OP_54J25_127_2477        156.4920      0.0     156.4920      0.0000  0.0000  Eval_1_0_DP_OP_54J25_127_2477_J25_0_0
evalB_2                              437.4720      0.1      19.5300      0.0000  0.0000  Eval_1_13
evalB_2/DP_OP_52J25_125_2082         112.3920      0.0     112.3920      0.0000  0.0000  Eval_1_0_DP_OP_52J25_125_2082_J25_0_13
evalB_2/DP_OP_53J25_126_7779         148.0500      0.0     148.0500      0.0000  0.0000  Eval_1_0_DP_OP_53J25_126_7779_J25_0_13
evalB_2/DP_OP_54J25_127_2477         157.5000      0.0     157.5000      0.0000  0.0000  Eval_1_0_DP_OP_54J25_127_2477_J25_0_13
evalB_3                              439.6140      0.1      17.6400      0.0000  0.0000  Eval_1_12
evalB_3/DP_OP_52J25_125_2082         108.9900      0.0     108.9900      0.0000  0.0000  Eval_1_0_DP_OP_52J25_125_2082_J25_0_12
evalB_3/DP_OP_53J25_126_7779         152.0820      0.0     152.0820      0.0000  0.0000  Eval_1_0_DP_OP_53J25_126_7779_J25_0_12
evalB_3/DP_OP_54J25_127_2477         160.9020      0.0     160.9020      0.0000  0.0000  Eval_1_0_DP_OP_54J25_127_2477_J25_0_12
evalB_4                              433.1880      0.1      15.8760      0.0000  0.0000  Eval_1_11
evalB_4/DP_OP_52J25_125_2082         111.6360      0.0     111.6360      0.0000  0.0000  Eval_1_0_DP_OP_52J25_125_2082_J25_0_11
evalB_4/DP_OP_53J25_126_7779         148.0500      0.0     148.0500      0.0000  0.0000  Eval_1_0_DP_OP_53J25_126_7779_J25_0_11
evalB_4/DP_OP_54J25_127_2477         157.6260      0.0     157.6260      0.0000  0.0000  Eval_1_0_DP_OP_54J25_127_2477_J25_0_11
evalB_5                              440.8740      0.1      19.5300      0.0000  0.0000  Eval_1_10
evalB_5/DP_OP_52J25_125_2082         114.0300      0.0     114.0300      0.0000  0.0000  Eval_1_0_DP_OP_52J25_125_2082_J25_0_10
evalB_5/DP_OP_53J25_126_7779         152.3340      0.0     152.3340      0.0000  0.0000  Eval_1_0_DP_OP_53J25_126_7779_J25_0_10
evalB_5/DP_OP_54J25_127_2477         154.9800      0.0     154.9800      0.0000  0.0000  Eval_1_0_DP_OP_54J25_127_2477_J25_0_10
evalB_6                              445.7880      0.1      19.5300      0.0000  0.0000  Eval_1_9
evalB_6/DP_OP_52J25_125_2082         116.6760      0.0     116.6760      0.0000  0.0000  Eval_1_0_DP_OP_52J25_125_2082_J25_0_9
evalB_6/DP_OP_53J25_126_7779         150.1920      0.0     150.1920      0.0000  0.0000  Eval_1_0_DP_OP_53J25_126_7779_J25_0_9
evalB_6/DP_OP_54J25_127_2477         159.3900      0.0     159.3900      0.0000  0.0000  Eval_1_0_DP_OP_54J25_127_2477_J25_0_9
evalB_7                              429.2820      0.1      16.6320      0.0000  0.0000  Eval_1_8
evalB_7/DP_OP_52J25_125_2082         110.6280      0.0     110.6280      0.0000  0.0000  Eval_1_0_DP_OP_52J25_125_2082_J25_0_8
evalB_7/DP_OP_53J25_126_7779         146.6640      0.0     146.6640      0.0000  0.0000  Eval_1_0_DP_OP_53J25_126_7779_J25_0_8
evalB_7/DP_OP_54J25_127_2477         155.3580      0.0     155.3580      0.0000  0.0000  Eval_1_0_DP_OP_54J25_127_2477_J25_0_8
evalB_8                              434.4480      0.1      16.5060      0.0000  0.0000  Eval_1_7
evalB_8/DP_OP_52J25_125_2082         113.4000      0.0     113.4000      0.0000  0.0000  Eval_1_0_DP_OP_52J25_125_2082_J25_0_7
evalB_8/DP_OP_53J25_126_7779         148.4280      0.0     148.4280      0.0000  0.0000  Eval_1_0_DP_OP_53J25_126_7779_J25_0_7
evalB_8/DP_OP_54J25_127_2477         156.1140      0.0     156.1140      0.0000  0.0000  Eval_1_0_DP_OP_54J25_127_2477_J25_0_7
evalB_9                              438.9840      0.1      19.5300      0.0000  0.0000  Eval_1_6
evalB_9/DP_OP_52J25_125_2082         114.2820      0.0     114.2820      0.0000  0.0000  Eval_1_0_DP_OP_52J25_125_2082_J25_0_6
evalB_9/DP_OP_53J25_126_7779         148.4280      0.0     148.4280      0.0000  0.0000  Eval_1_0_DP_OP_53J25_126_7779_J25_0_6
evalB_9/DP_OP_54J25_127_2477         156.7440      0.0     156.7440      0.0000  0.0000  Eval_1_0_DP_OP_54J25_127_2477_J25_0_6
interp                             33644.0156      4.5       0.7560   3614.6881  0.0000  Interpolation_56
interp/interp                      30028.5715      4.0       0.2520      0.0000  0.0000  InterpolationComb_56
interp/interp/DP_OP_1681J3_122_140  30028.3195     4.0   30028.3195      0.0000  0.0000  InterpolationComb_56_DP_OP_1681J3_122_140_J3_0
--------------------------------  -----------  -------  -----------  ----------  ------  ---------------------------------------------------
Total                                                   685663.1357  69461.4071  0.0000

1
