 
****************************************
Report : area
Design : core64_a32_b16_c32
Version: O-2018.06-SP5
Date   : Wed May 13 04:44:50 2026
****************************************

Library(s) Used:

    tcbn28hpcplusbwp40p140lvtssg0p81vm40c_ccs (File: /export1/Library/TN28HPC+/STD_CELL_ext/track9_200824/TSMCHOME/digital/Front_End/timing_power_noise/CCS/tcbn28hpcplusbwp40p140lvt_180a/tcbn28hpcplusbwp40p140lvtssg0p81vm40c_ccs.db)
    tcbn28hpcplusbwp40p140ssg0p81vm40c_ccs (File: /export1/Library/TN28HPC+/STD_CELL_ext/track9_200824/TSMCHOME/digital/Front_End/timing_power_noise/CCS/tcbn28hpcplusbwp40p140_180a/tcbn28hpcplusbwp40p140ssg0p81vm40c_ccs.db)
    tcbn28hpcplusbwp40p140hvtssg0p81vm40c_ccs (File: /export1/Library/TN28HPC+/STD_CELL_ext/track9_200824/TSMCHOME/digital/Front_End/timing_power_noise/CCS/tcbn28hpcplusbwp40p140hvt_180a/tcbn28hpcplusbwp40p140hvtssg0p81vm40c_ccs.db)

Number of ports:                       394810
Number of nets:                       1293263
Number of cells:                       682464
Number of combinational cells:         636396
Number of sequential cells:             38550
Number of macros/black boxes:               0
Number of buf/inv:                      77418
Number of references:                      44

Combinational area:             788156.952252
Buf/Inv area:                    20892.564173
Noncombinational area:           72859.751449
Macro/Black Box area:                0.000000
Net Interconnect area:      undefined  (Wire load has zero net area)

Total cell area:                861016.703701
Total area:                 undefined

Hierarchical area distribution
------------------------------

                                  Global cell area              Local cell area
                                  --------------------  ------------------------------- 
Hierarchical cell                 Absolute     Percent  Combi-       Noncombi-   Black-
                                  Total        Total    national     national    boxes   Design
--------------------------------  -----------  -------  -----------  ----------  ------  ---------------------------------------------------
core64_a32_b16_c32                861016.7037    100.0       1.7640   7319.9699  0.0000  core64_a32_b16_c32
core16_0                          107170.0545     12.4       1.7640   1990.1700  0.0000  core16_6
core16_0/core4_0                   11549.9158      1.3       0.7560    538.6500  0.0000  core4_48
core16_0/core4_0/evalA               817.3620      0.1      25.4520      0.0000  0.0000  Eval_32_48
core16_0/core4_0/evalA/DP_OP_54J20_122_3084    211.6800     0.0    211.6800     0.0000 0.0000 Eval_32_0_DP_OP_54J20_122_3084_J20_0_3
core16_0/core4_0/evalA/DP_OP_55J20_123_6116    287.1540     0.0    287.1540     0.0000 0.0000 Eval_32_0_DP_OP_55J20_123_6116_J20_0_3
core16_0/core4_0/evalA/DP_OP_56J20_124_9559    293.0760     0.0    293.0760     0.0000 0.0000 Eval_32_0_DP_OP_56J20_124_9559_J20_0_3
core16_0/core4_0/evalB               424.4940      0.0      13.3560      0.0000  0.0000  Eval_33_48
core16_0/core4_0/evalB/DP_OP_54J25_125_1607    109.4940     0.0    109.4940     0.0000 0.0000 Eval_33_0_DP_OP_54J25_125_1607_J25_0_3
core16_0/core4_0/evalB/DP_OP_55J25_126_5730    148.1760     0.0    148.1760     0.0000 0.0000 Eval_33_0_DP_OP_55J25_126_5730_J25_0_3
core16_0/core4_0/evalB/DP_OP_56J25_127_8412    153.4680     0.0    153.4680     0.0000 0.0000 Eval_33_0_DP_OP_56J25_127_8412_J25_0_3
core16_0/core4_0/interp             2962.7640      0.3       0.5040    281.6100  0.0000  Interpolation_49
core16_0/core4_0/interp/interp      2680.6500      0.3       0.2520      0.0000  0.0000  InterpolationComb_49
core16_0/core4_0/interp/interp/DP_OP_106J27_122_4710   2680.3980     0.3   2680.3980     0.0000 0.0000 InterpolationComb_0_DP_OP_106J27_122_4710_J27_0_20
core16_0/core4_0/mult_x_1            830.3400      0.1     830.3400      0.0000  0.0000  core4_48_DW_mult_uns_J18_3
core16_0/core4_0/mult_x_2           1038.7440      0.1    1038.7440      0.0000  0.0000  core4_48_DW_mult_uns_J18_2
core16_0/core4_0/mult_x_3            962.8920      0.1     962.8920      0.0000  0.0000  core4_48_DW_mult_tc_J18_2
core16_0/core4_0/mult_x_4            971.9640      0.1     971.9640      0.0000  0.0000  core4_48_DW_mult_tc_J18_1
core16_0/core4_0/mult_x_5           1093.8060      0.1    1093.8060      0.0000  0.0000  core4_48_DW_mult_uns_J18_1
core16_0/core4_0/mult_x_6           1077.8040      0.1    1077.8040      0.0000  0.0000  core4_48_DW_mult_tc_J18_0
core16_0/core4_0/mult_x_7            830.3400      0.1     830.3400      0.0000  0.0000  core4_48_DW_mult_uns_J18_0
core16_0/core4_1                   13080.3118      1.5       0.7560    538.6500  0.0000  core4_47
core16_0/core4_1/evalA               932.7780      0.1      28.6020      0.0000  0.0000  Eval_32_47
core16_0/core4_1/evalA/DP_OP_54J26_126_5405    241.2900     0.0    241.2900     0.0000 0.0000 Eval_32_5_DP_OP_54J26_126_5405_J26_0_3
core16_0/core4_1/evalA/DP_OP_55J26_127_5712    331.8840     0.0    331.8840     0.0000 0.0000 Eval_32_5_DP_OP_55J26_127_5712_J26_0_3
core16_0/core4_1/evalA/DP_OP_56J26_128_4935    331.0020     0.0    331.0020     0.0000 0.0000 Eval_32_5_DP_OP_56J26_128_4935_J26_0_3
core16_0/core4_1/evalB               550.2420      0.1      16.8840      0.0000  0.0000  Eval_33_47
core16_0/core4_1/evalB/DP_OP_54J26_129_3928    145.1520     0.0    145.1520     0.0000 0.0000 Eval_33_5_DP_OP_54J26_129_3928_J26_0_3
core16_0/core4_1/evalB/DP_OP_55J26_130_5326    195.0480     0.0    195.0480     0.0000 0.0000 Eval_33_5_DP_OP_55J26_130_5326_J26_0_3
core16_0/core4_1/evalB/DP_OP_56J26_131_8300    193.1580     0.0    193.1580     0.0000 0.0000 Eval_33_5_DP_OP_56J26_131_8300_J26_0_3
core16_0/core4_1/interp             2962.7640      0.3       0.5040    281.6100  0.0000  Interpolation_48
core16_0/core4_1/interp/interp      2680.6500      0.3       0.2520      0.0000  0.0000  InterpolationComb_48
core16_0/core4_1/interp/interp/DP_OP_106J27_122_4710   2680.3980     0.3   2680.3980     0.0000 0.0000 InterpolationComb_0_DP_OP_106J27_122_4710_J27_0_19
core16_0/core4_1/mult_x_1           1036.9800      0.1    1036.9800      0.0000  0.0000  core4_5_DW_mult_uns_J31_3_1
core16_0/core4_1/mult_x_2           1204.6860      0.1    1204.6860      0.0000  0.0000  core4_5_DW_mult_uns_J31_2_1
core16_0/core4_1/mult_x_3           1187.5500      0.1    1187.5500      0.0000  0.0000  core4_5_DW_mult_tc_J31_2_1
core16_0/core4_1/mult_x_4           1174.4460      0.1    1174.4460      0.0000  0.0000  core4_5_DW_mult_tc_J31_1_1
core16_0/core4_1/mult_x_5           1209.4740      0.1    1209.4740      0.0000  0.0000  core4_5_DW_mult_uns_J31_1_1
core16_0/core4_1/mult_x_6           1247.1480      0.1    1247.1480      0.0000  0.0000  core4_5_DW_mult_tc_J31_0_1
core16_0/core4_1/mult_x_7           1034.8380      0.1    1034.8380      0.0000  0.0000  core4_5_DW_mult_uns_J31_0_1
core16_0/core4_2                   12214.0618      1.4       0.7560    538.6500  0.0000  core4_46
core16_0/core4_2/evalA               858.9420      0.1      26.2080      0.0000  0.0000  Eval_32_46
core16_0/core4_2/evalA/DP_OP_53J27_123_9060    220.7520     0.0    220.7520     0.0000 0.0000 Eval_32_1_DP_OP_53J27_123_9060_J27_0_32
core16_0/core4_2/evalA/DP_OP_54J27_124_1586    303.4080     0.0    303.4080     0.0000 0.0000 Eval_32_1_DP_OP_54J27_124_1586_J27_0_32
core16_0/core4_2/evalA/DP_OP_55J27_125_1337    308.5740     0.0    308.5740     0.0000 0.0000 Eval_32_1_DP_OP_55J27_125_1337_J27_0_32
core16_0/core4_2/evalB               473.5080      0.1      14.3640      0.0000  0.0000  Eval_33_46
core16_0/core4_2/evalB/DP_OP_53J24_122_8097    124.7400     0.0    124.7400     0.0000 0.0000 Eval_33_1_DP_OP_53J24_122_8097_J24_0_28
core16_0/core4_2/evalB/DP_OP_54J24_123_1200    163.9260     0.0    163.9260     0.0000 0.0000 Eval_33_1_DP_OP_54J24_123_1200_J24_0_28
core16_0/core4_2/evalB/DP_OP_55J24_124_5184    170.4780     0.0    170.4780     0.0000 0.0000 Eval_33_1_DP_OP_55J24_124_5184_J24_0_28
core16_0/core4_2/interp             3064.4460      0.4       0.5040    289.1700  0.0000  Interpolation_47
core16_0/core4_2/interp/interp      2774.7720      0.3       0.2520      0.0000  0.0000  InterpolationComb_47
core16_0/core4_2/interp/interp/DP_OP_106J26_122_5359   2774.5200     0.3   2774.5200     0.0000 0.0000 InterpolationComb_1_DP_OP_106J26_122_5359_J26_0_27
core16_0/core4_2/mult_x_1            942.6060      0.1     942.6060      0.0000  0.0000  core4_1_DW_mult_tc_J21_6_22
core16_0/core4_2/mult_x_2           1069.6140      0.1    1069.6140      0.0000  0.0000  core4_1_DW_mult_tc_J21_5_22
core16_0/core4_2/mult_x_3           1013.9220      0.1    1013.9220      0.0000  0.0000  core4_1_DW_mult_tc_J21_4_22
core16_0/core4_2/mult_x_4           1058.0220      0.1    1058.0220      0.0000  0.0000  core4_1_DW_mult_tc_J21_3_22
core16_0/core4_2/mult_x_5           1100.2320      0.1    1100.2320      0.0000  0.0000  core4_1_DW_mult_tc_J21_2_22
core16_0/core4_2/mult_x_6           1150.7580      0.1    1150.7580      0.0000  0.0000  core4_1_DW_mult_tc_J21_1_22
core16_0/core4_2/mult_x_7            942.6060      0.1     942.6060      0.0000  0.0000  core4_1_DW_mult_tc_J21_0_22
core16_0/core4_3                   13651.0918      1.6       0.5040    538.6500  0.0000  core4_45
core16_0/core4_3/evalA               978.6420      0.1      30.7440      0.0000  0.0000  Eval_32_45
core16_0/core4_3/evalA/DP_OP_53J27_123_9060    248.3460     0.0    248.3460     0.0000 0.0000 Eval_32_1_DP_OP_53J27_123_9060_J27_0_31
core16_0/core4_3/evalA/DP_OP_54J27_124_1586    356.4540     0.0    356.4540     0.0000 0.0000 Eval_32_1_DP_OP_54J27_124_1586_J27_0_31
core16_0/core4_3/evalA/DP_OP_55J27_125_1337    343.0980     0.0    343.0980     0.0000 0.0000 Eval_32_1_DP_OP_55J27_125_1337_J27_0_31
core16_0/core4_3/evalB               696.5280      0.1      21.9240      0.0000  0.0000  Eval_33_45
core16_0/core4_3/evalB/DP_OP_53J24_122_8097    172.4940     0.0    172.4940     0.0000 0.0000 Eval_33_1_DP_OP_53J24_122_8097_J24_0_27
core16_0/core4_3/evalB/DP_OP_54J24_123_1200    261.7020     0.0    261.7020     0.0000 0.0000 Eval_33_1_DP_OP_54J24_123_1200_J24_0_27
core16_0/core4_3/evalB/DP_OP_55J24_124_5184    240.4080     0.0    240.4080     0.0000 0.0000 Eval_33_1_DP_OP_55J24_124_5184_J24_0_27
core16_0/core4_3/interp             3062.9340      0.4       0.5040    289.1700  0.0000  Interpolation_46
core16_0/core4_3/interp/interp      2773.2600      0.3       0.2520      0.0000  0.0000  InterpolationComb_46
core16_0/core4_3/interp/interp/DP_OP_106J26_122_5359   2773.0080     0.3   2773.0080     0.0000 0.0000 InterpolationComb_1_DP_OP_106J26_122_5359_J26_0_26
core16_0/core4_3/mult_x_1            946.1340      0.1     946.1340      0.0000  0.0000  core4_1_DW_mult_tc_J21_6_21
core16_0/core4_3/mult_x_2           1254.7080      0.1    1254.7080      0.0000  0.0000  core4_1_DW_mult_tc_J21_5_21
core16_0/core4_3/mult_x_3           1306.7460      0.2    1306.7460      0.0000  0.0000  core4_1_DW_mult_tc_J21_4_21
core16_0/core4_3/mult_x_4           1307.8800      0.2    1307.8800      0.0000  0.0000  core4_1_DW_mult_tc_J21_3_21
core16_0/core4_3/mult_x_5           1305.2340      0.2    1305.2340      0.0000  0.0000  core4_1_DW_mult_tc_J21_2_21
core16_0/core4_3/mult_x_6           1306.9980      0.2    1306.9980      0.0000  0.0000  core4_1_DW_mult_tc_J21_1_21
core16_0/core4_3/mult_x_7            946.1340      0.1     946.1340      0.0000  0.0000  core4_1_DW_mult_tc_J21_0_21
core16_0/core4_4                   13144.4458      1.5       0.7560    538.6500  0.0000  core4_44
core16_0/core4_4/evalA               934.1640      0.1      28.4760      0.0000  0.0000  Eval_32_44
core16_0/core4_4/evalA/DP_OP_54J16_122_2586    241.7940     0.0    241.7940     0.0000 0.0000 Eval_32_2_DP_OP_54J16_122_2586_J16_0_3
core16_0/core4_4/evalA/DP_OP_55J16_123_4716    329.3640     0.0    329.3640     0.0000 0.0000 Eval_32_2_DP_OP_55J16_123_4716_J16_0_3
core16_0/core4_4/evalA/DP_OP_56J16_124_4901    334.5300     0.0    334.5300     0.0000 0.0000 Eval_32_2_DP_OP_56J16_124_4901_J16_0_3
core16_0/core4_4/evalB               547.4700      0.1      17.1360      0.0000  0.0000  Eval_33_44
core16_0/core4_4/evalB/DP_OP_54J21_125_6473    140.9940     0.0    140.9940     0.0000 0.0000 Eval_33_2_DP_OP_54J21_125_6473_J21_0_3
core16_0/core4_4/evalB/DP_OP_55J21_126_780    191.0160     0.0    191.0160     0.0000 0.0000 Eval_33_2_DP_OP_55J21_126_780_J21_0_3
core16_0/core4_4/evalB/DP_OP_56J21_127_9714    198.3240     0.0    198.3240     0.0000 0.0000 Eval_33_2_DP_OP_56J21_127_9714_J21_0_3
core16_0/core4_4/interp             3064.4460      0.4       0.5040    289.1700  0.0000  Interpolation_45
core16_0/core4_4/interp/interp      2774.7720      0.3       0.2520      0.0000  0.0000  InterpolationComb_45
core16_0/core4_4/interp/interp/DP_OP_106J26_122_5359   2774.5200     0.3   2774.5200     0.0000 0.0000 InterpolationComb_1_DP_OP_106J26_122_5359_J26_0_25
core16_0/core4_4/mult_x_1           1061.8020      0.1    1061.8020      0.0000  0.0000  core4_2_DW_mult_uns_J33_3_1
core16_0/core4_4/mult_x_2           1216.1520      0.1    1216.1520      0.0000  0.0000  core4_2_DW_mult_uns_J33_2_1
core16_0/core4_4/mult_x_3           1128.5820      0.1    1128.5820      0.0000  0.0000  core4_2_DW_mult_tc_J33_2_1
core16_0/core4_4/mult_x_4           1153.7820      0.1    1153.7820      0.0000  0.0000  core4_2_DW_mult_tc_J33_1_1
core16_0/core4_4/mult_x_5           1207.4580      0.1    1207.4580      0.0000  0.0000  core4_2_DW_mult_uns_J33_1_1
core16_0/core4_4/mult_x_6           1232.2800      0.1    1232.2800      0.0000  0.0000  core4_2_DW_mult_tc_J33_0_1
core16_0/core4_4/mult_x_7           1058.9040      0.1    1058.9040      0.0000  0.0000  core4_2_DW_mult_uns_J33_0_1
core16_0/core4_5                   13828.4998      1.6       0.5040    538.6500  0.0000  core4_43
core16_0/core4_5/evalA               979.6500      0.1      31.7520      0.0000  0.0000  Eval_32_43
core16_0/core4_5/evalA/DP_OP_53J27_123_9060    248.3460     0.0    248.3460     0.0000 0.0000 Eval_32_1_DP_OP_53J27_123_9060_J27_0_30
core16_0/core4_5/evalA/DP_OP_54J27_124_1586    356.4540     0.0    356.4540     0.0000 0.0000 Eval_32_1_DP_OP_54J27_124_1586_J27_0_30
core16_0/core4_5/evalA/DP_OP_55J27_125_1337    343.0980     0.0    343.0980     0.0000 0.0000 Eval_32_1_DP_OP_55J27_125_1337_J27_0_30
core16_0/core4_5/evalB               689.4720      0.1      22.6800      0.0000  0.0000  Eval_33_43
core16_0/core4_5/evalB/DP_OP_53J24_122_8097    173.5020     0.0    173.5020     0.0000 0.0000 Eval_33_1_DP_OP_53J24_122_8097_J24_0_26
core16_0/core4_5/evalB/DP_OP_54J24_123_1200    253.7640     0.0    253.7640     0.0000 0.0000 Eval_33_1_DP_OP_54J24_123_1200_J24_0_26
core16_0/core4_5/evalB/DP_OP_55J24_124_5184    239.5260     0.0    239.5260     0.0000 0.0000 Eval_33_1_DP_OP_55J24_124_5184_J24_0_26
core16_0/core4_5/interp             3064.4460      0.4       0.5040    289.1700  0.0000  Interpolation_44
core16_0/core4_5/interp/interp      2774.7720      0.3       0.2520      0.0000  0.0000  InterpolationComb_44
core16_0/core4_5/interp/interp/DP_OP_106J26_122_5359   2774.5200     0.3   2774.5200     0.0000 0.0000 InterpolationComb_1_DP_OP_106J26_122_5359_J26_0_24
core16_0/core4_5/mult_x_1           1046.1780      0.1    1046.1780      0.0000  0.0000  core4_1_DW_mult_tc_J21_6_20
core16_0/core4_5/mult_x_2           1258.9920      0.1    1258.9920      0.0000  0.0000  core4_1_DW_mult_tc_J21_5_20
core16_0/core4_5/mult_x_3           1302.7140      0.2    1302.7140      0.0000  0.0000  core4_1_DW_mult_tc_J21_4_20
core16_0/core4_5/mult_x_4           1300.5720      0.2    1300.5720      0.0000  0.0000  core4_1_DW_mult_tc_J21_3_20
core16_0/core4_5/mult_x_5           1300.8240      0.2    1300.8240      0.0000  0.0000  core4_1_DW_mult_tc_J21_2_20
core16_0/core4_5/mult_x_6           1300.3200      0.2    1300.3200      0.0000  0.0000  core4_1_DW_mult_tc_J21_1_20
core16_0/core4_5/mult_x_7           1046.1780      0.1    1046.1780      0.0000  0.0000  core4_1_DW_mult_tc_J21_0_20
core16_0/core4_6                   11556.7198      1.3       0.7560    538.6500  0.0000  core4_42
core16_0/core4_6/evalA               817.2360      0.1      25.3260      0.0000  0.0000  Eval_32_42
core16_0/core4_6/evalA/DP_OP_54J20_122_3084    211.6800     0.0    211.6800     0.0000 0.0000 Eval_32_0_DP_OP_54J20_122_3084_J20_0_2
core16_0/core4_6/evalA/DP_OP_55J20_123_6116    287.1540     0.0    287.1540     0.0000 0.0000 Eval_32_0_DP_OP_55J20_123_6116_J20_0_2
core16_0/core4_6/evalA/DP_OP_56J20_124_9559    293.0760     0.0    293.0760     0.0000 0.0000 Eval_32_0_DP_OP_56J20_124_9559_J20_0_2
core16_0/core4_6/evalB               430.0380      0.0      13.3560      0.0000  0.0000  Eval_33_42
core16_0/core4_6/evalB/DP_OP_54J25_125_1607    110.1240     0.0    110.1240     0.0000 0.0000 Eval_33_0_DP_OP_54J25_125_1607_J25_0_2
core16_0/core4_6/evalB/DP_OP_55J25_126_5730    148.4280     0.0    148.4280     0.0000 0.0000 Eval_33_0_DP_OP_55J25_126_5730_J25_0_2
core16_0/core4_6/evalB/DP_OP_56J25_127_8412    158.1300     0.0    158.1300     0.0000 0.0000 Eval_33_0_DP_OP_56J25_127_8412_J25_0_2
core16_0/core4_6/interp             2962.3860      0.3       0.5040    281.6100  0.0000  Interpolation_43
core16_0/core4_6/interp/interp      2680.2720      0.3       0.2520      0.0000  0.0000  InterpolationComb_43
core16_0/core4_6/interp/interp/DP_OP_106J27_122_4710   2680.0200     0.3   2680.0200     0.0000 0.0000 InterpolationComb_0_DP_OP_106J27_122_4710_J27_0_18
core16_0/core4_6/mult_x_1            830.3400      0.1     830.3400      0.0000  0.0000  core4_42_DW_mult_uns_J17_3
core16_0/core4_6/mult_x_2           1038.4920      0.1    1038.4920      0.0000  0.0000  core4_42_DW_mult_uns_J17_2
core16_0/core4_6/mult_x_3            963.0180      0.1     963.0180      0.0000  0.0000  core4_42_DW_mult_tc_J17_2
core16_0/core4_6/mult_x_4            972.8460      0.1     972.8460      0.0000  0.0000  core4_42_DW_mult_tc_J17_1
core16_0/core4_6/mult_x_5           1096.8300      0.1    1096.8300      0.0000  0.0000  core4_42_DW_mult_uns_J17_1
core16_0/core4_6/mult_x_6           1075.7880      0.1    1075.7880      0.0000  0.0000  core4_42_DW_mult_tc_J17_0
core16_0/core4_6/mult_x_7            830.3400      0.1     830.3400      0.0000  0.0000  core4_42_DW_mult_uns_J17_0
core16_0/evalA                       817.2360      0.1      25.3260      0.0000  0.0000  Eval_32_76
core16_0/evalA/DP_OP_54J29_122_5448    211.6800     0.0    211.6800      0.0000  0.0000  Eval_32_76_DP_OP_54J29_122_5448_J29_0
core16_0/evalA/DP_OP_55J29_123_9770    287.1540     0.0    287.1540      0.0000  0.0000  Eval_32_76_DP_OP_55J29_123_9770_J29_0
core16_0/evalA/DP_OP_56J29_124_9585    293.0760     0.0    293.0760      0.0000  0.0000  Eval_32_76_DP_OP_56J29_124_9585_J29_0
core16_0/evalA_1                     816.6060      0.1      24.6960      0.0000  0.0000  Eval_32_75
core16_0/evalA_1/DP_OP_54J30_122_9544    211.6800     0.0    211.6800     0.0000 0.0000  Eval_32_75_DP_OP_54J30_122_9544_J30_0
core16_0/evalA_1/DP_OP_55J30_123_7015    287.1540     0.0    287.1540     0.0000 0.0000  Eval_32_75_DP_OP_55J30_123_7015_J30_0
core16_0/evalA_1/DP_OP_56J30_124_6830    293.0760     0.0    293.0760     0.0000 0.0000  Eval_32_75_DP_OP_56J30_124_6830_J30_0
core16_0/evalA_2                     816.6060      0.1      24.6960      0.0000  0.0000  Eval_32_74
core16_0/evalA_2/DP_OP_54J32_122_7223    211.6800     0.0    211.6800     0.0000 0.0000  Eval_32_74_DP_OP_54J32_122_7223_J32_0
core16_0/evalA_2/DP_OP_55J32_123_5313    287.1540     0.0    287.1540     0.0000 0.0000  Eval_32_74_DP_OP_55J32_123_5313_J32_0
core16_0/evalA_2/DP_OP_56J32_124_4075    293.0760     0.0    293.0760     0.0000 0.0000  Eval_32_74_DP_OP_56J32_124_4075_J32_0
core16_0/evalA_3                     817.3620      0.1      25.4520      0.0000  0.0000  Eval_32_73
core16_0/evalA_3/DP_OP_54J31_122_1352    211.6800     0.0    211.6800     0.0000 0.0000  Eval_32_73_DP_OP_54J31_122_1352_J31_0
core16_0/evalA_3/DP_OP_55J31_123_2558    287.1540     0.0    287.1540     0.0000 0.0000  Eval_32_73_DP_OP_55J31_123_2558_J31_0
core16_0/evalA_3/DP_OP_56J31_124_1320    293.0760     0.0    293.0760     0.0000 0.0000  Eval_32_73_DP_OP_56J31_124_1320_J31_0
core16_0/evalB                       430.1640      0.0      14.1120      0.0000  0.0000  Eval_33_76
core16_0/evalB/DP_OP_54J15_125_8940    111.8880     0.0    111.8880      0.0000  0.0000  Eval_33_76_DP_OP_54J15_125_8940_J15_0
core16_0/evalB/DP_OP_55J15_126_2438    149.1840     0.0    149.1840      0.0000  0.0000  Eval_33_76_DP_OP_55J15_126_2438_J15_0
core16_0/evalB/DP_OP_56J15_127_2998    154.9800     0.0    154.9800      0.0000  0.0000  Eval_33_76_DP_OP_56J15_127_2998_J15_0
core16_0/evalB_1                     440.1180      0.1      12.7260      0.0000  0.0000  Eval_33_75
core16_0/evalB_1/DP_OP_54J17_125_3069    113.5260     0.0    113.5260     0.0000 0.0000  Eval_33_75_DP_OP_54J17_125_3069_J17_0
core16_0/evalB_1/DP_OP_55J17_126_9650    153.3420     0.0    153.3420     0.0000 0.0000  Eval_33_75_DP_OP_55J17_126_9650_J17_0
core16_0/evalB_1/DP_OP_56J17_127_4471    160.5240     0.0    160.5240     0.0000 0.0000  Eval_33_75_DP_OP_56J17_127_4471_J17_0
core16_0/evalB_2                     443.8980      0.1      12.8520      0.0000  0.0000  Eval_33_74
core16_0/evalB_2/DP_OP_54J16_125_748    114.5340     0.0    114.5340     0.0000  0.0000  Eval_33_74_DP_OP_54J16_125_748_J16_0
core16_0/evalB_2/DP_OP_55J16_126_5842    158.0040     0.0    158.0040     0.0000 0.0000  Eval_33_74_DP_OP_55J16_126_5842_J16_0
core16_0/evalB_2/DP_OP_56J16_127_9577    158.5080     0.0    158.5080     0.0000 0.0000  Eval_33_74_DP_OP_56J16_127_9577_J16_0
core16_0/evalB_3                     436.0860      0.1      14.2380      0.0000  0.0000  Eval_33_73
core16_0/evalB_3/DP_OP_54J18_125_1977    110.7540     0.0    110.7540     0.0000 0.0000  Eval_33_73_DP_OP_54J18_125_1977_J18_0
core16_0/evalB_3/DP_OP_55J18_126_5193    154.6020     0.0    154.6020     0.0000 0.0000  Eval_33_73_DP_OP_55J18_126_5193_J18_0
core16_0/evalB_3/DP_OP_56J18_127_8928    156.4920     0.0    156.4920     0.0000 0.0000  Eval_33_73_DP_OP_56J18_127_8928_J18_0
core16_0/interp                    11134.9978      1.3       0.5040   1030.0500  0.0000  Interpolation_7_6
core16_0/interp/interp             10104.4438      1.2       0.2520      0.0000  0.0000  InterpolationComb_7_6
core16_0/interp/interp/DP_OP_421J12_122_1083  10104.1918     1.2  10104.1918     0.0000 0.0000 InterpolationComb_7_0_DP_OP_421J12_122_1083_J12_0_2
core16_1                          115435.0244     13.4       1.7640   1990.1700  0.0000  core16_5
core16_1/core4_0                   13099.0858      1.5       0.7560    538.6500  0.0000  core4_41
core16_1/core4_0/evalA               938.7000      0.1      34.5240      0.0000  0.0000  Eval_32_41
core16_1/core4_0/evalA/DP_OP_54J26_126_5405    241.2900     0.0    241.2900     0.0000 0.0000 Eval_32_5_DP_OP_54J26_126_5405_J26_0_2
core16_1/core4_0/evalA/DP_OP_55J26_127_5712    331.8840     0.0    331.8840     0.0000 0.0000 Eval_32_5_DP_OP_55J26_127_5712_J26_0_2
core16_1/core4_0/evalA/DP_OP_56J26_128_4935    331.0020     0.0    331.0020     0.0000 0.0000 Eval_32_5_DP_OP_56J26_128_4935_J26_0_2
core16_1/core4_0/evalB               549.4860      0.1      17.3880      0.0000  0.0000  Eval_33_41
core16_1/core4_0/evalB/DP_OP_54J26_129_3928    147.1680     0.0    147.1680     0.0000 0.0000 Eval_33_5_DP_OP_54J26_129_3928_J26_0_2
core16_1/core4_0/evalB/DP_OP_55J26_130_5326    193.1580     0.0    193.1580     0.0000 0.0000 Eval_33_5_DP_OP_55J26_130_5326_J26_0_2
core16_1/core4_0/evalB/DP_OP_56J26_131_8300    191.7720     0.0    191.7720     0.0000 0.0000 Eval_33_5_DP_OP_56J26_131_8300_J26_0_2
core16_1/core4_0/interp             2962.7640      0.3       0.5040    281.6100  0.0000  Interpolation_42
core16_1/core4_0/interp/interp      2680.6500      0.3       0.2520      0.0000  0.0000  InterpolationComb_42
core16_1/core4_0/interp/interp/DP_OP_106J27_122_4710   2680.3980     0.3   2680.3980     0.0000 0.0000 InterpolationComb_0_DP_OP_106J27_122_4710_J27_0_17
core16_1/core4_0/mult_x_1           1038.3660      0.1    1038.3660      0.0000  0.0000  core4_35_DW_mult_uns_J32_3_1
core16_1/core4_0/mult_x_2           1206.7020      0.1    1206.7020      0.0000  0.0000  core4_35_DW_mult_uns_J32_2_1
core16_1/core4_0/mult_x_3           1192.8420      0.1    1192.8420      0.0000  0.0000  core4_35_DW_mult_tc_J32_2_1
core16_1/core4_0/mult_x_4           1171.8000      0.1    1171.8000      0.0000  0.0000  core4_35_DW_mult_tc_J32_1_1
core16_1/core4_0/mult_x_5           1209.4740      0.1    1209.4740      0.0000  0.0000  core4_35_DW_mult_uns_J32_1_1
core16_1/core4_0/mult_x_6           1249.9200      0.1    1249.9200      0.0000  0.0000  core4_35_DW_mult_tc_J32_0_1
core16_1/core4_0/mult_x_7           1039.6260      0.1    1039.6260      0.0000  0.0000  core4_35_DW_mult_uns_J32_0_1
core16_1/core4_1                   14095.1158      1.6       0.7560    538.6500  0.0000  core4_40
core16_1/core4_1/evalA               979.3980      0.1      31.5000      0.0000  0.0000  Eval_32_40
core16_1/core4_1/evalA/DP_OP_53J27_123_9060    248.3460     0.0    248.3460     0.0000 0.0000 Eval_32_1_DP_OP_53J27_123_9060_J27_0_29
core16_1/core4_1/evalA/DP_OP_54J27_124_1586    356.4540     0.0    356.4540     0.0000 0.0000 Eval_32_1_DP_OP_54J27_124_1586_J27_0_29
core16_1/core4_1/evalA/DP_OP_55J27_125_1337    343.0980     0.0    343.0980     0.0000 0.0000 Eval_32_1_DP_OP_55J27_125_1337_J27_0_29
core16_1/core4_1/evalB               686.7000      0.1      21.9240      0.0000  0.0000  Eval_33_40
core16_1/core4_1/evalB/DP_OP_55J25_122_5594    175.1400     0.0    175.1400     0.0000 0.0000 Eval_33_40_DP_OP_55J25_122_5594_J25_0
core16_1/core4_1/evalB/DP_OP_56J25_123_7996    247.9680     0.0    247.9680     0.0000 0.0000 Eval_33_40_DP_OP_56J25_123_7996_J25_0
core16_1/core4_1/evalB/DP_OP_57J25_124_9698    241.6680     0.0    241.6680     0.0000 0.0000 Eval_33_40_DP_OP_57J25_124_9698_J25_0
core16_1/core4_1/interp             2962.7640      0.3       0.5040    281.6100  0.0000  Interpolation_41
core16_1/core4_1/interp/interp      2680.6500      0.3       0.2520      0.0000  0.0000  InterpolationComb_41
core16_1/core4_1/interp/interp/DP_OP_106J27_122_4710   2680.3980     0.3   2680.3980     0.0000 0.0000 InterpolationComb_0_DP_OP_106J27_122_4710_J27_0_16
core16_1/core4_1/mult_x_1           1206.1980      0.1    1206.1980      0.0000  0.0000  core4_40_DW_mult_uns_J23_1
core16_1/core4_1/mult_x_2           1264.5360      0.1    1264.5360      0.0000  0.0000  core4_40_DW_mult_tc_J23_4
core16_1/core4_1/mult_x_3           1311.5340      0.2    1311.5340      0.0000  0.0000  core4_40_DW_mult_tc_J23_3
core16_1/core4_1/mult_x_4           1310.9040      0.2    1310.9040      0.0000  0.0000  core4_40_DW_mult_tc_J23_2
core16_1/core4_1/mult_x_5           1317.9600      0.2    1317.9600      0.0000  0.0000  core4_40_DW_mult_tc_J23_1
core16_1/core4_1/mult_x_6           1308.1320      0.2    1308.1320      0.0000  0.0000  core4_40_DW_mult_tc_J23_0
core16_1/core4_1/mult_x_7           1207.5840      0.1    1207.5840      0.0000  0.0000  core4_40_DW_mult_uns_J23_0
core16_1/core4_2                   13780.2418      1.6       0.7560    538.6500  0.0000  core4_39
core16_1/core4_2/evalA               975.3660      0.1      30.7440      0.0000  0.0000  Eval_32_39
core16_1/core4_2/evalA/DP_OP_53J27_123_9060    249.4800     0.0    249.4800     0.0000 0.0000 Eval_32_1_DP_OP_53J27_123_9060_J27_0_28
core16_1/core4_2/evalA/DP_OP_54J27_124_1586    352.9260     0.0    352.9260     0.0000 0.0000 Eval_32_1_DP_OP_54J27_124_1586_J27_0_28
core16_1/core4_2/evalA/DP_OP_55J27_125_1337    342.2160     0.0    342.2160     0.0000 0.0000 Eval_32_1_DP_OP_55J27_125_1337_J27_0_28
core16_1/core4_2/evalB               620.1720      0.1      19.5300      0.0000  0.0000  Eval_33_39
core16_1/core4_2/evalB/DP_OP_53J24_122_8097    157.5000     0.0    157.5000     0.0000 0.0000 Eval_33_1_DP_OP_53J24_122_8097_J24_0_25
core16_1/core4_2/evalB/DP_OP_54J24_123_1200    219.6180     0.0    219.6180     0.0000 0.0000 Eval_33_1_DP_OP_54J24_123_1200_J24_0_25
core16_1/core4_2/evalB/DP_OP_55J24_124_5184    223.5240     0.0    223.5240     0.0000 0.0000 Eval_33_1_DP_OP_55J24_124_5184_J24_0_25
core16_1/core4_2/interp             3063.4380      0.4       0.5040    289.1700  0.0000  Interpolation_40
core16_1/core4_2/interp/interp      2773.7640      0.3       0.2520      0.0000  0.0000  InterpolationComb_40
core16_1/core4_2/interp/interp/DP_OP_106J26_122_5359   2773.5120     0.3   2773.5120     0.0000 0.0000 InterpolationComb_1_DP_OP_106J26_122_5359_J26_0_23
core16_1/core4_2/mult_x_1           1149.7500      0.1    1149.7500      0.0000  0.0000  core4_1_DW_mult_tc_J21_6_19
core16_1/core4_2/mult_x_2           1229.7600      0.1    1229.7600      0.0000  0.0000  core4_1_DW_mult_tc_J21_5_19
core16_1/core4_2/mult_x_3           1224.4680      0.1    1224.4680      0.0000  0.0000  core4_1_DW_mult_tc_J21_4_19
core16_1/core4_2/mult_x_4           1238.4540      0.1    1238.4540      0.0000  0.0000  core4_1_DW_mult_tc_J21_3_19
core16_1/core4_2/mult_x_5           1286.2080      0.1    1286.2080      0.0000  0.0000  core4_1_DW_mult_tc_J21_2_19
core16_1/core4_2/mult_x_6           1303.5960      0.2    1303.5960      0.0000  0.0000  core4_1_DW_mult_tc_J21_1_19
core16_1/core4_2/mult_x_7           1149.6240      0.1    1149.6240      0.0000  0.0000  core4_1_DW_mult_tc_J21_0_19
core16_1/core4_3                   14025.3118      1.6       0.5040    538.6500  0.0000  core4_38
core16_1/core4_3/evalA               979.1460      0.1      31.2480      0.0000  0.0000  Eval_32_38
core16_1/core4_3/evalA/DP_OP_53J27_123_9060    248.3460     0.0    248.3460     0.0000 0.0000 Eval_32_1_DP_OP_53J27_123_9060_J27_0_27
core16_1/core4_3/evalA/DP_OP_54J27_124_1586    356.4540     0.0    356.4540     0.0000 0.0000 Eval_32_1_DP_OP_54J27_124_1586_J27_0_27
core16_1/core4_3/evalA/DP_OP_55J27_125_1337    343.0980     0.0    343.0980     0.0000 0.0000 Eval_32_1_DP_OP_55J27_125_1337_J27_0_27
core16_1/core4_3/evalB               698.1660      0.1      23.0580      0.0000  0.0000  Eval_33_38
core16_1/core4_3/evalB/DP_OP_53J24_122_8097    180.5580     0.0    180.5580     0.0000 0.0000 Eval_33_1_DP_OP_53J24_122_8097_J24_0_24
core16_1/core4_3/evalB/DP_OP_54J24_123_1200    254.7720     0.0    254.7720     0.0000 0.0000 Eval_33_1_DP_OP_54J24_123_1200_J24_0_24
core16_1/core4_3/evalB/DP_OP_55J24_124_5184    239.7780     0.0    239.7780     0.0000 0.0000 Eval_33_1_DP_OP_55J24_124_5184_J24_0_24
core16_1/core4_3/interp             3063.9420      0.4       0.5040    289.1700  0.0000  Interpolation_39
core16_1/core4_3/interp/interp      2774.2680      0.3       0.2520      0.0000  0.0000  InterpolationComb_39
core16_1/core4_3/interp/interp/DP_OP_106J26_122_5359   2774.0160     0.3   2774.0160     0.0000 0.0000 InterpolationComb_1_DP_OP_106J26_122_5359_J26_0_22
core16_1/core4_3/mult_x_1           1136.1420      0.1    1136.1420      0.0000  0.0000  core4_1_DW_mult_tc_J21_6_18
core16_1/core4_3/mult_x_2           1261.7640      0.1    1261.7640      0.0000  0.0000  core4_1_DW_mult_tc_J21_5_18
core16_1/core4_3/mult_x_3           1305.9900      0.2    1305.9900      0.0000  0.0000  core4_1_DW_mult_tc_J21_4_18
core16_1/core4_3/mult_x_4           1302.9660      0.2    1302.9660      0.0000  0.0000  core4_1_DW_mult_tc_J21_3_18
core16_1/core4_3/mult_x_5           1301.4540      0.2    1301.4540      0.0000  0.0000  core4_1_DW_mult_tc_J21_2_18
core16_1/core4_3/mult_x_6           1298.8080      0.2    1298.8080      0.0000  0.0000  core4_1_DW_mult_tc_J21_1_18
core16_1/core4_3/mult_x_7           1137.7800      0.1    1137.7800      0.0000  0.0000  core4_1_DW_mult_tc_J21_0_18
core16_1/core4_4                   14039.5498      1.6       0.7560    538.6500  0.0000  core4_37
core16_1/core4_4/evalA               979.3980      0.1      31.5000      0.0000  0.0000  Eval_32_37
core16_1/core4_4/evalA/DP_OP_53J27_123_9060    248.3460     0.0    248.3460     0.0000 0.0000 Eval_32_1_DP_OP_53J27_123_9060_J27_0_26
core16_1/core4_4/evalA/DP_OP_54J27_124_1586    356.4540     0.0    356.4540     0.0000 0.0000 Eval_32_1_DP_OP_54J27_124_1586_J27_0_26
core16_1/core4_4/evalA/DP_OP_55J27_125_1337    343.0980     0.0    343.0980     0.0000 0.0000 Eval_32_1_DP_OP_55J27_125_1337_J27_0_26
core16_1/core4_4/evalB               665.7840      0.1      21.2940      0.0000  0.0000  Eval_33_37
core16_1/core4_4/evalB/DP_OP_54J23_122_246    171.2340     0.0    171.2340     0.0000 0.0000 Eval_33_19_DP_OP_54J23_122_246_J23_0_1
core16_1/core4_4/evalB/DP_OP_55J23_123_8053    235.2420     0.0    235.2420     0.0000 0.0000 Eval_33_19_DP_OP_55J23_123_8053_J23_0_1
core16_1/core4_4/evalB/DP_OP_56J23_124_8414    238.0140     0.0    238.0140     0.0000 0.0000 Eval_33_19_DP_OP_56J23_124_8414_J23_0_1
core16_1/core4_4/interp             3062.9340      0.4       0.5040    289.1700  0.0000  Interpolation_38
core16_1/core4_4/interp/interp      2773.2600      0.3       0.2520      0.0000  0.0000  InterpolationComb_38
core16_1/core4_4/interp/interp/DP_OP_106J26_122_5359   2773.0080     0.3   2773.0080     0.0000 0.0000 InterpolationComb_1_DP_OP_106J26_122_5359_J26_0_21
core16_1/core4_4/mult_x_1           1171.9260      0.1    1171.9260      0.0000  0.0000  core4_37_DW_mult_uns_J25_1
core16_1/core4_4/mult_x_2           1259.7480      0.1    1259.7480      0.0000  0.0000  core4_37_DW_mult_tc_J25_4
core16_1/core4_4/mult_x_3           1274.7420      0.1    1274.7420      0.0000  0.0000  core4_37_DW_mult_tc_J25_3
core16_1/core4_4/mult_x_4           1303.2180      0.2    1303.2180      0.0000  0.0000  core4_37_DW_mult_tc_J25_2
core16_1/core4_4/mult_x_5           1311.9120      0.2    1311.9120      0.0000  0.0000  core4_37_DW_mult_tc_J25_1
core16_1/core4_4/mult_x_6           1300.8240      0.2    1300.8240      0.0000  0.0000  core4_37_DW_mult_tc_J25_0
core16_1/core4_4/mult_x_7           1169.6580      0.1    1169.6580      0.0000  0.0000  core4_37_DW_mult_uns_J25_0
core16_1/core4_5                   14176.2598      1.6       0.5040    538.6500  0.0000  core4_36
core16_1/core4_5/evalA               979.3980      0.1      31.5000      0.0000  0.0000  Eval_32_36
core16_1/core4_5/evalA/DP_OP_53J27_123_9060    248.3460     0.0    248.3460     0.0000 0.0000 Eval_32_1_DP_OP_53J27_123_9060_J27_0_25
core16_1/core4_5/evalA/DP_OP_54J27_124_1586    356.4540     0.0    356.4540     0.0000 0.0000 Eval_32_1_DP_OP_54J27_124_1586_J27_0_25
core16_1/core4_5/evalA/DP_OP_55J27_125_1337    343.0980     0.0    343.0980     0.0000 0.0000 Eval_32_1_DP_OP_55J27_125_1337_J27_0_25
core16_1/core4_5/evalB               695.8980      0.1      23.4360      0.0000  0.0000  Eval_33_36
core16_1/core4_5/evalB/DP_OP_53J24_122_8097    175.1400     0.0    175.1400     0.0000 0.0000 Eval_33_1_DP_OP_53J24_122_8097_J24_0_23
core16_1/core4_5/evalB/DP_OP_54J24_123_1200    254.6460     0.0    254.6460     0.0000 0.0000 Eval_33_1_DP_OP_54J24_123_1200_J24_0_23
core16_1/core4_5/evalB/DP_OP_55J24_124_5184    242.6760     0.0    242.6760     0.0000 0.0000 Eval_33_1_DP_OP_55J24_124_5184_J24_0_23
core16_1/core4_5/interp             3063.4380      0.4       0.5040    289.1700  0.0000  Interpolation_37
core16_1/core4_5/interp/interp      2773.7640      0.3       0.2520      0.0000  0.0000  InterpolationComb_37
core16_1/core4_5/interp/interp/DP_OP_106J26_122_5359   2773.5120     0.3   2773.5120     0.0000 0.0000 InterpolationComb_1_DP_OP_106J26_122_5359_J26_0_20
core16_1/core4_5/mult_x_1           1207.4580      0.1    1207.4580      0.0000  0.0000  core4_1_DW_mult_tc_J21_6_17
core16_1/core4_5/mult_x_2           1258.7400      0.1    1258.7400      0.0000  0.0000  core4_1_DW_mult_tc_J21_5_17
core16_1/core4_5/mult_x_3           1301.2020      0.2    1301.2020      0.0000  0.0000  core4_1_DW_mult_tc_J21_4_17
core16_1/core4_5/mult_x_4           1304.4780      0.2    1304.4780      0.0000  0.0000  core4_1_DW_mult_tc_J21_3_17
core16_1/core4_5/mult_x_5           1313.6760      0.2    1313.6760      0.0000  0.0000  core4_1_DW_mult_tc_J21_2_17
core16_1/core4_5/mult_x_6           1304.4780      0.2    1304.4780      0.0000  0.0000  core4_1_DW_mult_tc_J21_1_17
core16_1/core4_5/mult_x_7           1208.3400      0.1    1208.3400      0.0000  0.0000  core4_1_DW_mult_tc_J21_0_17
core16_1/core4_6                   13090.1398      1.5       1.0080    538.7760  0.0000  core4_35
core16_1/core4_6/evalA               938.7000      0.1      34.5240      0.0000  0.0000  Eval_32_35
core16_1/core4_6/evalA/DP_OP_54J26_126_5405    241.2900     0.0    241.2900     0.0000 0.0000 Eval_32_5_DP_OP_54J26_126_5405_J26_0_1
core16_1/core4_6/evalA/DP_OP_55J26_127_5712    331.8840     0.0    331.8840     0.0000 0.0000 Eval_32_5_DP_OP_55J26_127_5712_J26_0_1
core16_1/core4_6/evalA/DP_OP_56J26_128_4935    331.0020     0.0    331.0020     0.0000 0.0000 Eval_32_5_DP_OP_56J26_128_4935_J26_0_1
core16_1/core4_6/evalB               547.5960      0.1      17.3880      0.0000  0.0000  Eval_33_35
core16_1/core4_6/evalB/DP_OP_54J26_129_3928    144.5220     0.0    144.5220     0.0000 0.0000 Eval_33_5_DP_OP_54J26_129_3928_J26_0_1
core16_1/core4_6/evalB/DP_OP_55J26_130_5326    192.9060     0.0    192.9060     0.0000 0.0000 Eval_33_5_DP_OP_55J26_130_5326_J26_0_1
core16_1/core4_6/evalB/DP_OP_56J26_131_8300    192.7800     0.0    192.7800     0.0000 0.0000 Eval_33_5_DP_OP_56J26_131_8300_J26_0_1
core16_1/core4_6/interp             2962.7640      0.3       0.5040    281.6100  0.0000  Interpolation_36
core16_1/core4_6/interp/interp      2680.6500      0.3       0.2520      0.0000  0.0000  InterpolationComb_36
core16_1/core4_6/interp/interp/DP_OP_106J27_122_4710   2680.3980     0.3   2680.3980     0.0000 0.0000 InterpolationComb_0_DP_OP_106J27_122_4710_J27_0_15
core16_1/core4_6/mult_x_1           1035.0900      0.1    1035.0900      0.0000  0.0000  core4_35_DW_mult_uns_J32_3_0
core16_1/core4_6/mult_x_2           1206.1980      0.1    1206.1980      0.0000  0.0000  core4_35_DW_mult_uns_J32_2_0
core16_1/core4_6/mult_x_3           1184.9040      0.1    1184.9040      0.0000  0.0000  core4_35_DW_mult_tc_J32_2_0
core16_1/core4_6/mult_x_4           1173.9420      0.1    1173.9420      0.0000  0.0000  core4_35_DW_mult_tc_J32_1_0
core16_1/core4_6/mult_x_5           1211.9940      0.1    1211.9940      0.0000  0.0000  core4_35_DW_mult_uns_J32_1_0
core16_1/core4_6/mult_x_6           1249.7940      0.1    1249.7940      0.0000  0.0000  core4_35_DW_mult_tc_J32_0_0
core16_1/core4_6/mult_x_7           1039.3740      0.1    1039.3740      0.0000  0.0000  core4_35_DW_mult_uns_J32_0_0
core16_1/evalA                       938.7000      0.1      34.5240      0.0000  0.0000  Eval_32_72
core16_1/evalA/DP_OP_54J27_126_7052    241.2900     0.0    241.2900      0.0000  0.0000  Eval_32_69_DP_OP_54J27_126_7052_J27_0_3
core16_1/evalA/DP_OP_55J27_127_5900    331.8840     0.0    331.8840      0.0000  0.0000  Eval_32_69_DP_OP_55J27_127_5900_J27_0_3
core16_1/evalA/DP_OP_56J27_128_8178    331.0020     0.0    331.0020      0.0000  0.0000  Eval_32_69_DP_OP_56J27_128_8178_J27_0_3
core16_1/evalA_1                     932.5260      0.1      28.3500      0.0000  0.0000  Eval_32_71
core16_1/evalA_1/DP_OP_54J27_126_7052    241.2900     0.0    241.2900     0.0000 0.0000  Eval_32_69_DP_OP_54J27_126_7052_J27_0_2
core16_1/evalA_1/DP_OP_55J27_127_5900    331.8840     0.0    331.8840     0.0000 0.0000  Eval_32_69_DP_OP_55J27_127_5900_J27_0_2
core16_1/evalA_1/DP_OP_56J27_128_8178    331.0020     0.0    331.0020     0.0000 0.0000  Eval_32_69_DP_OP_56J27_128_8178_J27_0_2
core16_1/evalA_2                     932.5260      0.1      28.3500      0.0000  0.0000  Eval_32_70
core16_1/evalA_2/DP_OP_54J27_126_7052    241.2900     0.0    241.2900     0.0000 0.0000  Eval_32_69_DP_OP_54J27_126_7052_J27_0_1
core16_1/evalA_2/DP_OP_55J27_127_5900    331.8840     0.0    331.8840     0.0000 0.0000  Eval_32_69_DP_OP_55J27_127_5900_J27_0_1
core16_1/evalA_2/DP_OP_56J27_128_8178    331.0020     0.0    331.0020     0.0000 0.0000  Eval_32_69_DP_OP_56J27_128_8178_J27_0_1
core16_1/evalA_3                     938.7000      0.1      34.5240      0.0000  0.0000  Eval_32_69
core16_1/evalA_3/DP_OP_54J27_126_7052    241.2900     0.0    241.2900     0.0000 0.0000  Eval_32_69_DP_OP_54J27_126_7052_J27_0_0
core16_1/evalA_3/DP_OP_55J27_127_5900    331.8840     0.0    331.8840     0.0000 0.0000  Eval_32_69_DP_OP_55J27_127_5900_J27_0_0
core16_1/evalA_3/DP_OP_56J27_128_8178    331.0020     0.0    331.0020     0.0000 0.0000  Eval_32_69_DP_OP_56J27_128_8178_J27_0_0
core16_1/evalB                       560.0700      0.1      17.3880      0.0000  0.0000  Eval_33_72
core16_1/evalB/DP_OP_54J27_129_7985    146.6640     0.0    146.6640      0.0000  0.0000  Eval_33_69_DP_OP_54J27_129_7985_J27_0_3
core16_1/evalB/DP_OP_55J27_130_688    197.5680     0.0     197.5680      0.0000  0.0000  Eval_33_69_DP_OP_55J27_130_688_J27_0_3
core16_1/evalB/DP_OP_56J27_131_8364    198.4500     0.0    198.4500      0.0000  0.0000  Eval_33_69_DP_OP_56J27_131_8364_J27_0_3
core16_1/evalB_1                     560.9520      0.1      16.2540      0.0000  0.0000  Eval_33_71
core16_1/evalB_1/DP_OP_54J27_129_7985    148.6800     0.0    148.6800     0.0000 0.0000  Eval_33_69_DP_OP_54J27_129_7985_J27_0_2
core16_1/evalB_1/DP_OP_55J27_130_688    198.3240     0.0    198.3240     0.0000  0.0000  Eval_33_69_DP_OP_55J27_130_688_J27_0_2
core16_1/evalB_1/DP_OP_56J27_131_8364    197.6940     0.0    197.6940     0.0000 0.0000  Eval_33_69_DP_OP_56J27_131_8364_J27_0_2
core16_1/evalB_2                     570.2760      0.1      16.7580      0.0000  0.0000  Eval_33_70
core16_1/evalB_2/DP_OP_54J27_129_7985    148.0500     0.0    148.0500     0.0000 0.0000  Eval_33_69_DP_OP_54J27_129_7985_J27_0_1
core16_1/evalB_2/DP_OP_55J27_130_688    205.1280     0.0    205.1280     0.0000  0.0000  Eval_33_69_DP_OP_55J27_130_688_J27_0_1
core16_1/evalB_2/DP_OP_56J27_131_8364    200.3400     0.0    200.3400     0.0000 0.0000  Eval_33_69_DP_OP_56J27_131_8364_J27_0_1
core16_1/evalB_3                     568.6380      0.1      17.3880      0.0000  0.0000  Eval_33_69
core16_1/evalB_3/DP_OP_54J27_129_7985    153.0900     0.0    153.0900     0.0000 0.0000  Eval_33_69_DP_OP_54J27_129_7985_J27_0_0
core16_1/evalB_3/DP_OP_55J27_130_688    194.7960     0.0    194.7960     0.0000  0.0000  Eval_33_69_DP_OP_55J27_130_688_J27_0_0
core16_1/evalB_3/DP_OP_56J27_131_8364    203.3640     0.0    203.3640     0.0000 0.0000  Eval_33_69_DP_OP_56J27_131_8364_J27_0_0
core16_1/interp                    11134.9978      1.3       0.5040   1030.0500  0.0000  Interpolation_7_5
core16_1/interp/interp             10104.4438      1.2       0.2520      0.0000  0.0000  InterpolationComb_7_5
core16_1/interp/interp/DP_OP_421J12_122_1083  10104.1918     1.2  10104.1918     0.0000 0.0000 InterpolationComb_7_0_DP_OP_421J12_122_1083_J12_0_1
core16_2                          111634.2344     13.0       1.7640   1990.1700  0.0000  core16_4
core16_2/core4_0                   12257.1538      1.4       0.7560    538.6500  0.0000  core4_34
core16_2/core4_0/evalA               864.7380      0.1      26.0820      0.0000  0.0000  Eval_32_34
core16_2/core4_0/evalA/DP_OP_54J18_122_3087    224.5320     0.0    224.5320     0.0000 0.0000 Eval_32_28_DP_OP_54J18_122_3087_J18_0_1
core16_2/core4_0/evalA/DP_OP_55J18_123_1087    304.0380     0.0    304.0380     0.0000 0.0000 Eval_32_28_DP_OP_55J18_123_1087_J18_0_1
core16_2/core4_0/evalA/DP_OP_56J18_124_3086    310.0860     0.0    310.0860     0.0000 0.0000 Eval_32_28_DP_OP_56J18_124_3086_J18_0_1
core16_2/core4_0/evalB               481.8240      0.1      15.2460      0.0000  0.0000  Eval_33_34
core16_2/core4_0/evalB/DP_OP_54J23_125_6887    128.3940     0.0    128.3940     0.0000 0.0000 Eval_33_28_DP_OP_54J23_125_6887_J23_0_1
core16_2/core4_0/evalB/DP_OP_55J23_126_5906    166.1940     0.0    166.1940     0.0000 0.0000 Eval_33_28_DP_OP_55J23_126_5906_J23_0_1
core16_2/core4_0/evalB/DP_OP_56J23_127_896    171.9900     0.0    171.9900     0.0000 0.0000 Eval_33_28_DP_OP_56J23_127_896_J23_0_1
core16_2/core4_0/interp             2962.3860      0.3       0.5040    281.6100  0.0000  Interpolation_35
core16_2/core4_0/interp/interp      2680.2720      0.3       0.2520      0.0000  0.0000  InterpolationComb_35
core16_2/core4_0/interp/interp/DP_OP_106J27_122_4710   2680.0200     0.3   2680.0200     0.0000 0.0000 InterpolationComb_0_DP_OP_106J27_122_4710_J27_0_14
core16_2/core4_0/mult_x_1            951.1740      0.1     951.1740      0.0000  0.0000  core4_28_DW_mult_uns_J15_3_1
core16_2/core4_0/mult_x_2           1145.9700      0.1    1145.9700      0.0000  0.0000  core4_28_DW_mult_uns_J15_2_1
core16_2/core4_0/mult_x_3           1011.1500      0.1    1011.1500      0.0000  0.0000  core4_28_DW_mult_tc_J15_2_1
core16_2/core4_0/mult_x_4           1063.4400      0.1    1063.4400      0.0000  0.0000  core4_28_DW_mult_tc_J15_1_1
core16_2/core4_0/mult_x_5           1126.1880      0.1    1126.1880      0.0000  0.0000  core4_28_DW_mult_uns_J15_1_1
core16_2/core4_0/mult_x_6           1156.8060      0.1    1156.8060      0.0000  0.0000  core4_28_DW_mult_tc_J15_0_1
core16_2/core4_0/mult_x_7            954.0720      0.1     954.0720      0.0000  0.0000  core4_28_DW_mult_uns_J15_0_1
core16_2/core4_1                   13640.1298      1.6       0.7560    538.6500  0.0000  core4_33
core16_2/core4_1/evalA               964.0260      0.1      30.2400      0.0000  0.0000  Eval_32_33
core16_2/core4_1/evalA/DP_OP_55J26_123_2333    247.0860     0.0    247.0860     0.0000 0.0000 Eval_32_33_DP_OP_55J26_123_2333_J26_0
core16_2/core4_1/evalA/DP_OP_56J26_124_438    346.8780     0.0    346.8780     0.0000 0.0000 Eval_32_33_DP_OP_56J26_124_438_J26_0
core16_2/core4_1/evalA/DP_OP_57J26_125_7650    339.8220     0.0    339.8220     0.0000 0.0000 Eval_32_33_DP_OP_57J26_125_7650_J26_0
core16_2/core4_1/evalB               611.2260      0.1      19.0260      0.0000  0.0000  Eval_33_33
core16_2/core4_1/evalB/DP_OP_54J21_122_3883    160.7760     0.0    160.7760     0.0000 0.0000 Eval_33_33_DP_OP_54J21_122_3883_J21_0
core16_2/core4_1/evalB/DP_OP_55J21_123_5257    214.3260     0.0    214.3260     0.0000 0.0000 Eval_33_33_DP_OP_55J21_123_5257_J21_0
core16_2/core4_1/evalB/DP_OP_56J21_124_1522    217.0980     0.0    217.0980     0.0000 0.0000 Eval_33_33_DP_OP_56J21_124_1522_J21_0
core16_2/core4_1/interp             2962.3860      0.3       0.5040    281.6100  0.0000  Interpolation_34
core16_2/core4_1/interp/interp      2680.2720      0.3       0.2520      0.0000  0.0000  InterpolationComb_34
core16_2/core4_1/interp/interp/DP_OP_106J27_122_4710   2680.0200     0.3   2680.0200     0.0000 0.0000 InterpolationComb_0_DP_OP_106J27_122_4710_J27_0_13
core16_2/core4_1/mult_x_1           1145.4660      0.1    1145.4660      0.0000  0.0000  core4_33_DW_mult_uns_J29_1
core16_2/core4_1/mult_x_2           1232.6580      0.1    1232.6580      0.0000  0.0000  core4_33_DW_mult_tc_J29_4
core16_2/core4_1/mult_x_3           1217.4120      0.1    1217.4120      0.0000  0.0000  core4_33_DW_mult_tc_J29_3
core16_2/core4_1/mult_x_4           1237.6980      0.1    1237.6980      0.0000  0.0000  core4_33_DW_mult_tc_J29_2
core16_2/core4_1/mult_x_5           1274.1120      0.1    1274.1120      0.0000  0.0000  core4_33_DW_mult_tc_J29_1
core16_2/core4_1/mult_x_6           1310.1480      0.2    1310.1480      0.0000  0.0000  core4_33_DW_mult_tc_J29_0
core16_2/core4_1/mult_x_7           1145.5920      0.1    1145.5920      0.0000  0.0000  core4_33_DW_mult_uns_J29_0
core16_2/core4_2                   12862.8358      1.5       0.7560    538.6500  0.0000  core4_32
core16_2/core4_2/evalA               907.2000      0.1      27.7200      0.0000  0.0000  Eval_32_32
core16_2/core4_2/evalA/DP_OP_53J27_123_9060    233.6040     0.0    233.6040     0.0000 0.0000 Eval_32_1_DP_OP_53J27_123_9060_J27_0_24
core16_2/core4_2/evalA/DP_OP_54J27_124_1586    320.5440     0.0    320.5440     0.0000 0.0000 Eval_32_1_DP_OP_54J27_124_1586_J27_0_24
core16_2/core4_2/evalA/DP_OP_55J27_125_1337    325.3320     0.0    325.3320     0.0000 0.0000 Eval_32_1_DP_OP_55J27_125_1337_J27_0_24
core16_2/core4_2/evalB               527.3100      0.1      16.0020      0.0000  0.0000  Eval_33_32
core16_2/core4_2/evalB/DP_OP_53J24_122_8097    139.2300     0.0    139.2300     0.0000 0.0000 Eval_33_1_DP_OP_53J24_122_8097_J24_0_22
core16_2/core4_2/evalB/DP_OP_54J24_123_1200    183.2040     0.0    183.2040     0.0000 0.0000 Eval_33_1_DP_OP_54J24_123_1200_J24_0_22
core16_2/core4_2/evalB/DP_OP_55J24_124_5184    188.8740     0.0    188.8740     0.0000 0.0000 Eval_33_1_DP_OP_55J24_124_5184_J24_0_22
core16_2/core4_2/interp             3064.4460      0.4       0.5040    289.1700  0.0000  Interpolation_33
core16_2/core4_2/interp/interp      2774.7720      0.3       0.2520      0.0000  0.0000  InterpolationComb_33
core16_2/core4_2/interp/interp/DP_OP_106J26_122_5359   2774.5200     0.3   2774.5200     0.0000 0.0000 InterpolationComb_1_DP_OP_106J26_122_5359_J26_0_19
core16_2/core4_2/mult_x_1            987.0840      0.1     987.0840      0.0000  0.0000  core4_1_DW_mult_tc_J21_6_16
core16_2/core4_2/mult_x_2           1156.3020      0.1    1156.3020      0.0000  0.0000  core4_1_DW_mult_tc_J21_5_16
core16_2/core4_2/mult_x_3           1103.8860      0.1    1103.8860      0.0000  0.0000  core4_1_DW_mult_tc_J21_4_16
core16_2/core4_2/mult_x_4           1149.8760      0.1    1149.8760      0.0000  0.0000  core4_1_DW_mult_tc_J21_3_16
core16_2/core4_2/mult_x_5           1193.2200      0.1    1193.2200      0.0000  0.0000  core4_1_DW_mult_tc_J21_2_16
core16_2/core4_2/mult_x_6           1240.5960      0.1    1240.5960      0.0000  0.0000  core4_1_DW_mult_tc_J21_1_16
core16_2/core4_2/mult_x_7            993.5100      0.1     993.5100      0.0000  0.0000  core4_1_DW_mult_tc_J21_0_16
core16_2/core4_3                   13842.9898      1.6       0.5040    538.6500  0.0000  core4_31
core16_2/core4_3/evalA               979.1460      0.1      31.2480      0.0000  0.0000  Eval_32_31
core16_2/core4_3/evalA/DP_OP_53J27_123_9060    248.3460     0.0    248.3460     0.0000 0.0000 Eval_32_1_DP_OP_53J27_123_9060_J27_0_23
core16_2/core4_3/evalA/DP_OP_54J27_124_1586    356.4540     0.0    356.4540     0.0000 0.0000 Eval_32_1_DP_OP_54J27_124_1586_J27_0_23
core16_2/core4_3/evalA/DP_OP_55J27_125_1337    343.0980     0.0    343.0980     0.0000 0.0000 Eval_32_1_DP_OP_55J27_125_1337_J27_0_23
core16_2/core4_3/evalB               704.7180      0.1      22.4280      0.0000  0.0000  Eval_33_31
core16_2/core4_3/evalB/DP_OP_53J24_122_8097    178.1640     0.0    178.1640     0.0000 0.0000 Eval_33_1_DP_OP_53J24_122_8097_J24_0_21
core16_2/core4_3/evalB/DP_OP_54J24_123_1200    259.4340     0.0    259.4340     0.0000 0.0000 Eval_33_1_DP_OP_54J24_123_1200_J24_0_21
core16_2/core4_3/evalB/DP_OP_55J24_124_5184    244.6920     0.0    244.6920     0.0000 0.0000 Eval_33_1_DP_OP_55J24_124_5184_J24_0_21
core16_2/core4_3/interp             3063.4380      0.4       0.5040    289.1700  0.0000  Interpolation_32
core16_2/core4_3/interp/interp      2773.7640      0.3       0.2520      0.0000  0.0000  InterpolationComb_32
core16_2/core4_3/interp/interp/DP_OP_106J26_122_5359   2773.5120     0.3   2773.5120     0.0000 0.0000 InterpolationComb_1_DP_OP_106J26_122_5359_J26_0_18
core16_2/core4_3/mult_x_1           1025.1360      0.1    1025.1360      0.0000  0.0000  core4_1_DW_mult_tc_J21_6_15
core16_2/core4_3/mult_x_2           1265.0400      0.1    1265.0400      0.0000  0.0000  core4_1_DW_mult_tc_J21_5_15
core16_2/core4_3/mult_x_3           1308.5100      0.2    1308.5100      0.0000  0.0000  core4_1_DW_mult_tc_J21_4_15
core16_2/core4_3/mult_x_4           1305.1080      0.2    1305.1080      0.0000  0.0000  core4_1_DW_mult_tc_J21_3_15
core16_2/core4_3/mult_x_5           1314.5580      0.2    1314.5580      0.0000  0.0000  core4_1_DW_mult_tc_J21_2_15
core16_2/core4_3/mult_x_6           1312.1640      0.2    1312.1640      0.0000  0.0000  core4_1_DW_mult_tc_J21_1_15
core16_2/core4_3/mult_x_7           1026.0180      0.1    1026.0180      0.0000  0.0000  core4_1_DW_mult_tc_J21_0_15
core16_2/core4_4                   13620.3478      1.6       0.7560    538.6500  0.0000  core4_30
core16_2/core4_4/evalA               963.1440      0.1      29.8620      0.0000  0.0000  Eval_32_30
core16_2/core4_4/evalA/DP_OP_54J28_122_576    246.0780     0.0    246.0780     0.0000 0.0000 Eval_32_30_DP_OP_54J28_122_576_J28_0
core16_2/core4_4/evalA/DP_OP_55J28_123_1642    346.2480     0.0    346.2480     0.0000 0.0000 Eval_32_30_DP_OP_55J28_123_1642_J28_0
core16_2/core4_4/evalA/DP_OP_56J28_124_4708    340.9560     0.0    340.9560     0.0000 0.0000 Eval_32_30_DP_OP_56J28_124_4708_J28_0
core16_2/core4_4/evalB               599.6340      0.1      18.9000      0.0000  0.0000  Eval_33_30
core16_2/core4_4/evalB/DP_OP_54J28_125_5297    157.3740     0.0    157.3740     0.0000 0.0000 Eval_33_30_DP_OP_54J28_125_5297_J28_0
core16_2/core4_4/evalB/DP_OP_55J28_126_4277    212.5620     0.0    212.5620     0.0000 0.0000 Eval_33_30_DP_OP_55J28_126_4277_J28_0
core16_2/core4_4/evalB/DP_OP_56J28_127_7329    210.7980     0.0    210.7980     0.0000 0.0000 Eval_33_30_DP_OP_56J28_127_7329_J28_0
core16_2/core4_4/interp             3062.9340      0.4       0.5040    289.1700  0.0000  Interpolation_31
core16_2/core4_4/interp/interp      2773.2600      0.3       0.2520      0.0000  0.0000  InterpolationComb_31
core16_2/core4_4/interp/interp/DP_OP_106J26_122_5359   2773.0080     0.3   2773.0080     0.0000 0.0000 InterpolationComb_1_DP_OP_106J26_122_5359_J26_0_17
core16_2/core4_4/mult_x_1           1088.5140      0.1    1088.5140      0.0000  0.0000  core4_30_DW_mult_uns_J30_2
core16_2/core4_4/mult_x_2           1256.0940      0.1    1256.0940      0.0000  0.0000  core4_30_DW_mult_tc_J30_3
core16_2/core4_4/mult_x_3           1207.3320      0.1    1207.3320      0.0000  0.0000  core4_30_DW_mult_tc_J30_2
core16_2/core4_4/mult_x_4           1241.2260      0.1    1241.2260      0.0000  0.0000  core4_30_DW_mult_tc_J30_1
core16_2/core4_4/mult_x_5           1272.9780      0.1    1272.9780      0.0000  0.0000  core4_30_DW_mult_uns_J30_1
core16_2/core4_4/mult_x_6           1298.0520      0.2    1298.0520      0.0000  0.0000  core4_30_DW_mult_tc_J30_0
core16_2/core4_4/mult_x_7           1091.0340      0.1    1091.0340      0.0000  0.0000  core4_30_DW_mult_uns_J30_0
core16_2/core4_5                   14037.9118      1.6       0.5040    538.6500  0.0000  core4_29
core16_2/core4_5/evalA               979.3980      0.1      31.3740      0.0000  0.0000  Eval_32_29
core16_2/core4_5/evalA/DP_OP_53J27_123_9060    248.3460     0.0    248.3460     0.0000 0.0000 Eval_32_1_DP_OP_53J27_123_9060_J27_0_22
core16_2/core4_5/evalA/DP_OP_54J27_124_1586    356.4540     0.0    356.4540     0.0000 0.0000 Eval_32_1_DP_OP_54J27_124_1586_J27_0_22
core16_2/core4_5/evalA/DP_OP_55J27_125_1337    343.2240     0.0    343.2240     0.0000 0.0000 Eval_32_1_DP_OP_55J27_125_1337_J27_0_22
core16_2/core4_5/evalB               748.4400      0.1      23.1840      0.0000  0.0000  Eval_33_29
core16_2/core4_5/evalB/DP_OP_53J24_122_8097    174.0060     0.0    174.0060     0.0000 0.0000 Eval_33_1_DP_OP_53J24_122_8097_J24_0_20
core16_2/core4_5/evalB/DP_OP_54J24_123_1200    308.9520     0.0    308.9520     0.0000 0.0000 Eval_33_29_DP_OP_54J24_123_1200_0
core16_2/core4_5/evalB/DP_OP_55J24_124_5184    242.2980     0.0    242.2980     0.0000 0.0000 Eval_33_1_DP_OP_55J24_124_5184_J24_0_20
core16_2/core4_5/interp             3063.4380      0.4       0.5040    289.1700  0.0000  Interpolation_30
core16_2/core4_5/interp/interp      2773.7640      0.3       0.2520      0.0000  0.0000  InterpolationComb_30
core16_2/core4_5/interp/interp/DP_OP_106J26_122_5359   2773.5120     0.3   2773.5120     0.0000 0.0000 InterpolationComb_1_DP_OP_106J26_122_5359_J26_0_16
core16_2/core4_5/mult_x_1           1115.6040      0.1    1115.6040      0.0000  0.0000  core4_1_DW_mult_tc_J21_6_14
core16_2/core4_5/mult_x_2           1254.0780      0.1    1254.0780      0.0000  0.0000  core4_1_DW_mult_tc_J21_5_14
core16_2/core4_5/mult_x_3           1309.8960      0.2    1309.8960      0.0000  0.0000  core4_1_DW_mult_tc_J21_4_14
core16_2/core4_5/mult_x_4           1306.1160      0.2    1306.1160      0.0000  0.0000  core4_1_DW_mult_tc_J21_3_14
core16_2/core4_5/mult_x_5           1301.5800      0.2    1301.5800      0.0000  0.0000  core4_1_DW_mult_tc_J21_2_14
core16_2/core4_5/mult_x_6           1305.2340      0.2    1305.2340      0.0000  0.0000  core4_1_DW_mult_tc_J21_1_14
core16_2/core4_5/mult_x_7           1114.9740      0.1    1114.9740      0.0000  0.0000  core4_1_DW_mult_tc_J21_0_14
core16_2/core4_6                   12249.8458      1.4       0.7560    538.6500  0.0000  core4_28
core16_2/core4_6/evalA               864.7380      0.1      26.2080      0.0000  0.0000  Eval_32_28
core16_2/core4_6/evalA/DP_OP_54J18_122_3087    224.5320     0.0    224.5320     0.0000 0.0000 Eval_32_28_DP_OP_54J18_122_3087_J18_0_0
core16_2/core4_6/evalA/DP_OP_55J18_123_1087    304.0380     0.0    304.0380     0.0000 0.0000 Eval_32_28_DP_OP_55J18_123_1087_J18_0_0
core16_2/core4_6/evalA/DP_OP_56J18_124_3086    309.9600     0.0    309.9600     0.0000 0.0000 Eval_32_28_DP_OP_56J18_124_3086_J18_0_0
core16_2/core4_6/evalB               479.5560      0.1      14.9940      0.0000  0.0000  Eval_33_28
core16_2/core4_6/evalB/DP_OP_54J23_125_6887    126.7560     0.0    126.7560     0.0000 0.0000 Eval_33_28_DP_OP_54J23_125_6887_J23_0_0
core16_2/core4_6/evalB/DP_OP_55J23_126_5906    165.0600     0.0    165.0600     0.0000 0.0000 Eval_33_28_DP_OP_55J23_126_5906_J23_0_0
core16_2/core4_6/evalB/DP_OP_56J23_127_896    172.7460     0.0    172.7460     0.0000 0.0000 Eval_33_28_DP_OP_56J23_127_896_J23_0_0
core16_2/core4_6/interp             2962.7640      0.3       0.5040    281.6100  0.0000  Interpolation_29
core16_2/core4_6/interp/interp      2680.6500      0.3       0.2520      0.0000  0.0000  InterpolationComb_29
core16_2/core4_6/interp/interp/DP_OP_106J27_122_4710   2680.3980     0.3   2680.3980     0.0000 0.0000 InterpolationComb_0_DP_OP_106J27_122_4710_J27_0_12
core16_2/core4_6/mult_x_1            950.4180      0.1     950.4180      0.0000  0.0000  core4_28_DW_mult_uns_J15_3_0
core16_2/core4_6/mult_x_2           1144.7100      0.1    1144.7100      0.0000  0.0000  core4_28_DW_mult_uns_J15_2_0
core16_2/core4_6/mult_x_3           1012.9140      0.1    1012.9140      0.0000  0.0000  core4_28_DW_mult_tc_J15_2_0
core16_2/core4_6/mult_x_4           1063.9440      0.1    1063.9440      0.0000  0.0000  core4_28_DW_mult_tc_J15_1_0
core16_2/core4_6/mult_x_5           1124.5500      0.1    1124.5500      0.0000  0.0000  core4_28_DW_mult_uns_J15_1_0
core16_2/core4_6/mult_x_6           1156.3020      0.1    1156.3020      0.0000  0.0000  core4_28_DW_mult_tc_J15_0_0
core16_2/core4_6/mult_x_7            950.5440      0.1     950.5440      0.0000  0.0000  core4_28_DW_mult_uns_J15_0_0
core16_2/evalA                       864.7380      0.1      26.2080      0.0000  0.0000  Eval_32_68
core16_2/evalA/DP_OP_54J15_122_3502    224.5320     0.0    224.5320      0.0000  0.0000  Eval_32_65_DP_OP_54J15_122_3502_J15_0_3
core16_2/evalA/DP_OP_55J15_123_4847    304.0380     0.0    304.0380      0.0000  0.0000  Eval_32_65_DP_OP_55J15_123_4847_J15_0_3
core16_2/evalA/DP_OP_56J15_124_7899    309.9600     0.0    309.9600      0.0000  0.0000  Eval_32_65_DP_OP_56J15_124_7899_J15_0_3
core16_2/evalA_1                     864.6120      0.1      25.9560      0.0000  0.0000  Eval_32_67
core16_2/evalA_1/DP_OP_54J15_122_3502    224.5320     0.0    224.5320     0.0000 0.0000  Eval_32_65_DP_OP_54J15_122_3502_J15_0_2
core16_2/evalA_1/DP_OP_55J15_123_4847    304.0380     0.0    304.0380     0.0000 0.0000  Eval_32_65_DP_OP_55J15_123_4847_J15_0_2
core16_2/evalA_1/DP_OP_56J15_124_7899    310.0860     0.0    310.0860     0.0000 0.0000  Eval_32_65_DP_OP_56J15_124_7899_J15_0_2
core16_2/evalA_2                     864.6120      0.1      25.9560      0.0000  0.0000  Eval_32_66
core16_2/evalA_2/DP_OP_54J15_122_3502    224.5320     0.0    224.5320     0.0000 0.0000  Eval_32_65_DP_OP_54J15_122_3502_J15_0_1
core16_2/evalA_2/DP_OP_55J15_123_4847    304.0380     0.0    304.0380     0.0000 0.0000  Eval_32_65_DP_OP_55J15_123_4847_J15_0_1
core16_2/evalA_2/DP_OP_56J15_124_7899    310.0860     0.0    310.0860     0.0000 0.0000  Eval_32_65_DP_OP_56J15_124_7899_J15_0_1
core16_2/evalA_3                     867.8880      0.1      26.0820      0.0000  0.0000  Eval_32_65
core16_2/evalA_3/DP_OP_54J15_122_3502    225.1620     0.0    225.1620     0.0000 0.0000  Eval_32_65_DP_OP_54J15_122_3502_J15_0_0
core16_2/evalA_3/DP_OP_55J15_123_4847    305.2980     0.0    305.2980     0.0000 0.0000  Eval_32_65_DP_OP_55J15_123_4847_J15_0_0
core16_2/evalA_3/DP_OP_56J15_124_7899    311.3460     0.0    311.3460     0.0000 0.0000  Eval_32_65_DP_OP_56J15_124_7899_J15_0_0
core16_2/evalB                       482.0760      0.1      15.1200      0.0000  0.0000  Eval_33_68
core16_2/evalB/DP_OP_54J24_125_4435    125.8740     0.0    125.8740      0.0000  0.0000  Eval_33_65_DP_OP_54J24_125_4435_J24_0_3
core16_2/evalB/DP_OP_55J24_126_9602    167.3280     0.0    167.3280      0.0000  0.0000  Eval_33_65_DP_OP_55J24_126_9602_J24_0_3
core16_2/evalB/DP_OP_56J24_127_412    173.7540     0.0     173.7540      0.0000  0.0000  Eval_33_65_DP_OP_56J24_127_412_J24_0_3
core16_2/evalB_1                     548.8560      0.1      13.8600      0.0000  0.0000  Eval_33_67
core16_2/evalB_1/DP_OP_54J24_125_4435    125.4960     0.0    125.4960     0.0000 0.0000  Eval_33_65_DP_OP_54J24_125_4435_J24_0_2
core16_2/evalB_1/DP_OP_55J24_126_9602    168.5880     0.0    168.5880     0.0000 0.0000  Eval_33_65_DP_OP_55J24_126_9602_J24_0_2
core16_2/evalB_1/DP_OP_56J24_127_412    240.9120     0.0    240.9120     0.0000  0.0000  Eval_33_67_DP_OP_56J24_127_412_0
core16_2/evalB_2                     488.6280      0.1      13.8600      0.0000  0.0000  Eval_33_66
core16_2/evalB_2/DP_OP_54J24_125_4435    127.1340     0.0    127.1340     0.0000 0.0000  Eval_33_65_DP_OP_54J24_125_4435_J24_0_1
core16_2/evalB_2/DP_OP_55J24_126_9602    174.0060     0.0    174.0060     0.0000 0.0000  Eval_33_65_DP_OP_55J24_126_9602_J24_0_1
core16_2/evalB_2/DP_OP_56J24_127_412    173.6280     0.0    173.6280     0.0000  0.0000  Eval_33_65_DP_OP_56J24_127_412_J24_0_1
core16_2/evalB_3                     493.1640      0.1      15.1200      0.0000  0.0000  Eval_33_65
core16_2/evalB_3/DP_OP_54J24_125_4435    132.1740     0.0    132.1740     0.0000 0.0000  Eval_33_65_DP_OP_54J24_125_4435_J24_0_0
core16_2/evalB_3/DP_OP_55J24_126_9602    172.3680     0.0    172.3680     0.0000 0.0000  Eval_33_65_DP_OP_55J24_126_9602_J24_0_0
core16_2/evalB_3/DP_OP_56J24_127_412    173.5020     0.0    173.5020     0.0000  0.0000  Eval_33_65_DP_OP_56J24_127_412_J24_0_0
core16_2/interp                    11656.5118      1.4       0.5040   1060.2900  0.0000  Interpolation_7_4
core16_2/interp/interp             10595.7178      1.2       0.2520      0.0000  0.0000  InterpolationComb_7_4
core16_2/interp/interp/DP_OP_421J11_122_5960  10595.4658     1.2  10595.4658     0.0000 0.0000 InterpolationComb_7_1_DP_OP_421J11_122_5960_J11_0_3
core16_3                          118803.7603     13.8       1.7640   1990.1700  0.0000  core16_3
core16_3/core4_0                   13558.3558      1.6       0.5040    538.6500  0.0000  core4_27
core16_3/core4_0/evalA               984.1860      0.1      36.2880      0.0000  0.0000  Eval_32_27
core16_3/core4_0/evalA/DP_OP_53J27_123_9060    248.3460     0.0    248.3460     0.0000 0.0000 Eval_32_1_DP_OP_53J27_123_9060_J27_0_21
core16_3/core4_0/evalA/DP_OP_54J27_124_1586    356.4540     0.0    356.4540     0.0000 0.0000 Eval_32_1_DP_OP_54J27_124_1586_J27_0_21
core16_3/core4_0/evalA/DP_OP_55J27_125_1337    343.0980     0.0    343.0980     0.0000 0.0000 Eval_32_1_DP_OP_55J27_125_1337_J27_0_21
core16_3/core4_0/evalB               692.4960      0.1      22.4280      0.0000  0.0000  Eval_33_27
core16_3/core4_0/evalB/DP_OP_53J24_122_8097    173.3760     0.0    173.3760     0.0000 0.0000 Eval_33_1_DP_OP_53J24_122_8097_J24_0_19
core16_3/core4_0/evalB/DP_OP_54J24_123_1200    256.6620     0.0    256.6620     0.0000 0.0000 Eval_33_1_DP_OP_54J24_123_1200_J24_0_19
core16_3/core4_0/evalB/DP_OP_55J24_124_5184    240.0300     0.0    240.0300     0.0000 0.0000 Eval_33_1_DP_OP_55J24_124_5184_J24_0_19
core16_3/core4_0/interp             2962.7640      0.3       0.5040    281.6100  0.0000  Interpolation_28
core16_3/core4_0/interp/interp      2680.6500      0.3       0.2520      0.0000  0.0000  InterpolationComb_28
core16_3/core4_0/interp/interp/DP_OP_106J27_122_4710   2680.3980     0.3   2680.3980     0.0000 0.0000 InterpolationComb_0_DP_OP_106J27_122_4710_J27_0_11
core16_3/core4_0/mult_x_1            948.2760      0.1     948.2760      0.0000  0.0000  core4_7_DW_mult_tc_J22_6_5
core16_3/core4_0/mult_x_2           1255.0860      0.1    1255.0860      0.0000  0.0000  core4_7_DW_mult_tc_J22_5_5
core16_3/core4_0/mult_x_3           1307.1240      0.2    1307.1240      0.0000  0.0000  core4_7_DW_mult_tc_J22_4_5
core16_3/core4_0/mult_x_4           1304.8560      0.2    1304.8560      0.0000  0.0000  core4_7_DW_mult_tc_J22_3_5
core16_3/core4_0/mult_x_5           1316.0700      0.2    1316.0700      0.0000  0.0000  core4_7_DW_mult_tc_J22_2_5
core16_3/core4_0/mult_x_6           1300.0680      0.2    1300.0680      0.0000  0.0000  core4_7_DW_mult_tc_J22_1_5
core16_3/core4_0/mult_x_7            948.2760      0.1     948.2760      0.0000  0.0000  core4_7_DW_mult_tc_J22_0_5
core16_3/core4_1                   14181.4258      1.6       0.5040    538.6500  0.0000  core4_26
core16_3/core4_1/evalA               979.9020      0.1      31.3740      0.0000  0.0000  Eval_32_26
core16_3/core4_1/evalA/DP_OP_53J27_123_9060    248.3460     0.0    248.3460     0.0000 0.0000 Eval_32_1_DP_OP_53J27_123_9060_J27_0_20
core16_3/core4_1/evalA/DP_OP_54J27_124_1586    357.0840     0.0    357.0840     0.0000 0.0000 Eval_32_1_DP_OP_54J27_124_1586_J27_0_20
core16_3/core4_1/evalA/DP_OP_55J27_125_1337    343.0980     0.0    343.0980     0.0000 0.0000 Eval_32_1_DP_OP_55J27_125_1337_J27_0_20
core16_3/core4_1/evalB               692.7480      0.1      23.4360      0.0000  0.0000  Eval_33_26
core16_3/core4_1/evalB/DP_OP_53J24_122_8097    175.7700     0.0    175.7700     0.0000 0.0000 Eval_33_1_DP_OP_53J24_122_8097_J24_0_18
core16_3/core4_1/evalB/DP_OP_54J24_123_1200    252.2520     0.0    252.2520     0.0000 0.0000 Eval_33_1_DP_OP_54J24_123_1200_J24_0_18
core16_3/core4_1/evalB/DP_OP_55J24_124_5184    241.2900     0.0    241.2900     0.0000 0.0000 Eval_33_1_DP_OP_55J24_124_5184_J24_0_18
core16_3/core4_1/interp             2962.3860      0.3       0.5040    281.6100  0.0000  Interpolation_27
core16_3/core4_1/interp/interp      2680.2720      0.3       0.2520      0.0000  0.0000  InterpolationComb_27
core16_3/core4_1/interp/interp/DP_OP_106J27_122_4710   2680.0200     0.3   2680.0200     0.0000 0.0000 InterpolationComb_0_DP_OP_106J27_122_4710_J27_0_10
core16_3/core4_1/mult_x_1           1254.5820      0.1    1254.5820      0.0000  0.0000  core4_7_DW_mult_tc_J22_6_4
core16_3/core4_1/mult_x_2           1262.5200      0.1    1262.5200      0.0000  0.0000  core4_7_DW_mult_tc_J22_5_4
core16_3/core4_1/mult_x_3           1314.9360      0.2    1314.9360      0.0000  0.0000  core4_7_DW_mult_tc_J22_4_4
core16_3/core4_1/mult_x_4           1312.6680      0.2    1312.6680      0.0000  0.0000  core4_7_DW_mult_tc_J22_3_4
core16_3/core4_1/mult_x_5           1304.8560      0.2    1304.8560      0.0000  0.0000  core4_7_DW_mult_tc_J22_2_4
core16_3/core4_1/mult_x_6           1303.2180      0.2    1303.2180      0.0000  0.0000  core4_7_DW_mult_tc_J22_1_4
core16_3/core4_1/mult_x_7           1254.4560      0.1    1254.4560      0.0000  0.0000  core4_7_DW_mult_tc_J22_0_4
core16_3/core4_2                   14295.4558      1.7       0.5040    538.6500  0.0000  core4_25
core16_3/core4_2/evalA               979.5240      0.1      31.6260      0.0000  0.0000  Eval_32_25
core16_3/core4_2/evalA/DP_OP_53J27_123_9060    248.3460     0.0    248.3460     0.0000 0.0000 Eval_32_1_DP_OP_53J27_123_9060_J27_0_19
core16_3/core4_2/evalA/DP_OP_54J27_124_1586    356.4540     0.0    356.4540     0.0000 0.0000 Eval_32_1_DP_OP_54J27_124_1586_J27_0_19
core16_3/core4_2/evalA/DP_OP_55J27_125_1337    343.0980     0.0    343.0980     0.0000 0.0000 Eval_32_1_DP_OP_55J27_125_1337_J27_0_19
core16_3/core4_2/evalB               701.5680      0.1      23.1840      0.0000  0.0000  Eval_33_25
core16_3/core4_2/evalB/DP_OP_53J24_122_8097    176.0220     0.0    176.0220     0.0000 0.0000 Eval_33_1_DP_OP_53J24_122_8097_J24_0_17
core16_3/core4_2/evalB/DP_OP_54J24_123_1200    256.5360     0.0    256.5360     0.0000 0.0000 Eval_33_1_DP_OP_54J24_123_1200_J24_0_17
core16_3/core4_2/evalB/DP_OP_55J24_124_5184    245.8260     0.0    245.8260     0.0000 0.0000 Eval_33_1_DP_OP_55J24_124_5184_J24_0_17
core16_3/core4_2/interp             3063.4380      0.4       0.5040    289.1700  0.0000  Interpolation_26
core16_3/core4_2/interp/interp      2773.7640      0.3       0.2520      0.0000  0.0000  InterpolationComb_26
core16_3/core4_2/interp/interp/DP_OP_106J26_122_5359   2773.5120     0.3   2773.5120     0.0000 0.0000 InterpolationComb_1_DP_OP_106J26_122_5359_J26_0_15
core16_3/core4_2/mult_x_1           1255.3380      0.1    1255.3380      0.0000  0.0000  core4_1_DW_mult_tc_J21_6_13
core16_3/core4_2/mult_x_2           1264.6620      0.1    1264.6620      0.0000  0.0000  core4_1_DW_mult_tc_J21_5_13
core16_3/core4_2/mult_x_3           1314.3060      0.2    1314.3060      0.0000  0.0000  core4_1_DW_mult_tc_J21_4_13
core16_3/core4_2/mult_x_4           1304.3520      0.2    1304.3520      0.0000  0.0000  core4_1_DW_mult_tc_J21_3_13
core16_3/core4_2/mult_x_5           1308.6360      0.2    1308.6360      0.0000  0.0000  core4_1_DW_mult_tc_J21_2_13
core16_3/core4_2/mult_x_6           1308.7620      0.2    1308.7620      0.0000  0.0000  core4_1_DW_mult_tc_J21_1_13
core16_3/core4_2/mult_x_7           1255.7160      0.1    1255.7160      0.0000  0.0000  core4_1_DW_mult_tc_J21_0_13
core16_3/core4_3                   14272.1458      1.7       0.5040    538.6500  0.0000  core4_24
core16_3/core4_3/evalA               979.2720      0.1      31.3740      0.0000  0.0000  Eval_32_24
core16_3/core4_3/evalA/DP_OP_53J27_123_9060    248.3460     0.0    248.3460     0.0000 0.0000 Eval_32_1_DP_OP_53J27_123_9060_J27_0_18
core16_3/core4_3/evalA/DP_OP_54J27_124_1586    356.4540     0.0    356.4540     0.0000 0.0000 Eval_32_1_DP_OP_54J27_124_1586_J27_0_18
core16_3/core4_3/evalA/DP_OP_55J27_125_1337    343.0980     0.0    343.0980     0.0000 0.0000 Eval_32_1_DP_OP_55J27_125_1337_J27_0_18
core16_3/core4_3/evalB               690.1020      0.1      23.3100      0.0000  0.0000  Eval_33_24
core16_3/core4_3/evalB/DP_OP_53J24_122_8097    174.5100     0.0    174.5100     0.0000 0.0000 Eval_33_1_DP_OP_53J24_122_8097_J24_0_16
core16_3/core4_3/evalB/DP_OP_54J24_123_1200    253.8900     0.0    253.8900     0.0000 0.0000 Eval_33_1_DP_OP_54J24_123_1200_J24_0_16
core16_3/core4_3/evalB/DP_OP_55J24_124_5184    238.3920     0.0    238.3920     0.0000 0.0000 Eval_33_1_DP_OP_55J24_124_5184_J24_0_16
core16_3/core4_3/interp             3063.4380      0.4       0.5040    289.1700  0.0000  Interpolation_25
core16_3/core4_3/interp/interp      2773.7640      0.3       0.2520      0.0000  0.0000  InterpolationComb_25
core16_3/core4_3/interp/interp/DP_OP_106J26_122_5359   2773.5120     0.3   2773.5120     0.0000 0.0000 InterpolationComb_1_DP_OP_106J26_122_5359_J26_0_14
core16_3/core4_3/mult_x_1           1254.4560      0.1    1254.4560      0.0000  0.0000  core4_1_DW_mult_tc_J21_6_12
core16_3/core4_3/mult_x_2           1259.4960      0.1    1259.4960      0.0000  0.0000  core4_1_DW_mult_tc_J21_5_12
core16_3/core4_3/mult_x_3           1312.5420      0.2    1312.5420      0.0000  0.0000  core4_1_DW_mult_tc_J21_4_12
core16_3/core4_3/mult_x_4           1307.6280      0.2    1307.6280      0.0000  0.0000  core4_1_DW_mult_tc_J21_3_12
core16_3/core4_3/mult_x_5           1309.1400      0.2    1309.1400      0.0000  0.0000  core4_1_DW_mult_tc_J21_2_12
core16_3/core4_3/mult_x_6           1301.8320      0.2    1301.8320      0.0000  0.0000  core4_1_DW_mult_tc_J21_1_12
core16_3/core4_3/mult_x_7           1255.0860      0.1    1255.0860      0.0000  0.0000  core4_1_DW_mult_tc_J21_0_12
core16_3/core4_4                   14274.0358      1.7       0.5040    538.6500  0.0000  core4_23
core16_3/core4_4/evalA               979.2720      0.1      31.3740      0.0000  0.0000  Eval_32_23
core16_3/core4_4/evalA/DP_OP_53J27_123_9060    248.3460     0.0    248.3460     0.0000 0.0000 Eval_32_1_DP_OP_53J27_123_9060_J27_0_17
core16_3/core4_4/evalA/DP_OP_54J27_124_1586    356.4540     0.0    356.4540     0.0000 0.0000 Eval_32_1_DP_OP_54J27_124_1586_J27_0_17
core16_3/core4_4/evalA/DP_OP_55J27_125_1337    343.0980     0.0    343.0980     0.0000 0.0000 Eval_32_1_DP_OP_55J27_125_1337_J27_0_17
core16_3/core4_4/evalB               695.7720      0.1      23.5620      0.0000  0.0000  Eval_33_23
core16_3/core4_4/evalB/DP_OP_53J24_122_8097    175.7700     0.0    175.7700     0.0000 0.0000 Eval_33_1_DP_OP_53J24_122_8097_J24_0_15
core16_3/core4_4/evalB/DP_OP_54J24_123_1200    256.4100     0.0    256.4100     0.0000 0.0000 Eval_33_1_DP_OP_54J24_123_1200_J24_0_15
core16_3/core4_4/evalB/DP_OP_55J24_124_5184    240.0300     0.0    240.0300     0.0000 0.0000 Eval_33_1_DP_OP_55J24_124_5184_J24_0_15
core16_3/core4_4/interp             3062.9340      0.4       0.5040    289.1700  0.0000  Interpolation_24
core16_3/core4_4/interp/interp      2773.2600      0.3       0.2520      0.0000  0.0000  InterpolationComb_24
core16_3/core4_4/interp/interp/DP_OP_106J26_122_5359   2773.0080     0.3   2773.0080     0.0000 0.0000 InterpolationComb_1_DP_OP_106J26_122_5359_J26_0_13
core16_3/core4_4/mult_x_1           1254.8340      0.1    1254.8340      0.0000  0.0000  core4_1_DW_mult_tc_J21_6_11
core16_3/core4_4/mult_x_2           1258.1100      0.1    1258.1100      0.0000  0.0000  core4_1_DW_mult_tc_J21_5_11
core16_3/core4_4/mult_x_3           1304.2260      0.2    1304.2260      0.0000  0.0000  core4_1_DW_mult_tc_J21_4_11
core16_3/core4_4/mult_x_4           1306.9980      0.2    1306.9980      0.0000  0.0000  core4_1_DW_mult_tc_J21_3_11
core16_3/core4_4/mult_x_5           1309.6440      0.2    1309.6440      0.0000  0.0000  core4_1_DW_mult_tc_J21_2_11
core16_3/core4_4/mult_x_6           1307.3760      0.2    1307.3760      0.0000  0.0000  core4_1_DW_mult_tc_J21_1_11
core16_3/core4_4/mult_x_7           1255.7160      0.1    1255.7160      0.0000  0.0000  core4_1_DW_mult_tc_J21_0_11
core16_3/core4_5                   14271.8938      1.7       0.5040    538.6500  0.0000  core4_22
core16_3/core4_5/evalA               979.2720      0.1      31.3740      0.0000  0.0000  Eval_32_22
core16_3/core4_5/evalA/DP_OP_53J27_123_9060    248.3460     0.0    248.3460     0.0000 0.0000 Eval_32_1_DP_OP_53J27_123_9060_J27_0_16
core16_3/core4_5/evalA/DP_OP_54J27_124_1586    356.4540     0.0    356.4540     0.0000 0.0000 Eval_32_1_DP_OP_54J27_124_1586_J27_0_16
core16_3/core4_5/evalA/DP_OP_55J27_125_1337    343.0980     0.0    343.0980     0.0000 0.0000 Eval_32_1_DP_OP_55J27_125_1337_J27_0_16
core16_3/core4_5/evalB               693.2520      0.1      23.3100      0.0000  0.0000  Eval_33_22
core16_3/core4_5/evalB/DP_OP_53J24_122_8097    173.1240     0.0    173.1240     0.0000 0.0000 Eval_33_1_DP_OP_53J24_122_8097_J24_0_14
core16_3/core4_5/evalB/DP_OP_54J24_123_1200    254.7720     0.0    254.7720     0.0000 0.0000 Eval_33_1_DP_OP_54J24_123_1200_J24_0_14
core16_3/core4_5/evalB/DP_OP_55J24_124_5184    242.0460     0.0    242.0460     0.0000 0.0000 Eval_33_1_DP_OP_55J24_124_5184_J24_0_14
core16_3/core4_5/interp             3063.4380      0.4       0.5040    289.1700  0.0000  Interpolation_23
core16_3/core4_5/interp/interp      2773.7640      0.3       0.2520      0.0000  0.0000  InterpolationComb_23
core16_3/core4_5/interp/interp/DP_OP_106J26_122_5359   2773.5120     0.3   2773.5120     0.0000 0.0000 InterpolationComb_1_DP_OP_106J26_122_5359_J26_0_12
core16_3/core4_5/mult_x_1           1255.2120      0.1    1255.2120      0.0000  0.0000  core4_1_DW_mult_tc_J21_6_10
core16_3/core4_5/mult_x_2           1260.1260      0.1    1260.1260      0.0000  0.0000  core4_1_DW_mult_tc_J21_5_10
core16_3/core4_5/mult_x_3           1302.4620      0.2    1302.4620      0.0000  0.0000  core4_1_DW_mult_tc_J21_4_10
core16_3/core4_5/mult_x_4           1307.5020      0.2    1307.5020      0.0000  0.0000  core4_1_DW_mult_tc_J21_3_10
core16_3/core4_5/mult_x_5           1307.7540      0.2    1307.7540      0.0000  0.0000  core4_1_DW_mult_tc_J21_2_10
core16_3/core4_5/mult_x_6           1308.5100      0.2    1308.5100      0.0000  0.0000  core4_1_DW_mult_tc_J21_1_10
core16_3/core4_5/mult_x_7           1255.2120      0.1    1255.2120      0.0000  0.0000  core4_1_DW_mult_tc_J21_0_10
core16_3/core4_6                   13555.7098      1.6       0.5040    538.6500  0.0000  core4_21
core16_3/core4_6/evalA               984.1860      0.1      36.2880      0.0000  0.0000  Eval_32_21
core16_3/core4_6/evalA/DP_OP_53J27_123_9060    248.3460     0.0    248.3460     0.0000 0.0000 Eval_32_1_DP_OP_53J27_123_9060_J27_0_15
core16_3/core4_6/evalA/DP_OP_54J27_124_1586    356.4540     0.0    356.4540     0.0000 0.0000 Eval_32_1_DP_OP_54J27_124_1586_J27_0_15
core16_3/core4_6/evalA/DP_OP_55J27_125_1337    343.0980     0.0    343.0980     0.0000 0.0000 Eval_32_1_DP_OP_55J27_125_1337_J27_0_15
core16_3/core4_6/evalB               694.5120      0.1      22.5540      0.0000  0.0000  Eval_33_21
core16_3/core4_6/evalB/DP_OP_53J24_122_8097    174.0060     0.0    174.0060     0.0000 0.0000 Eval_33_1_DP_OP_53J24_122_8097_J24_0_13
core16_3/core4_6/evalB/DP_OP_54J24_123_1200    256.4100     0.0    256.4100     0.0000 0.0000 Eval_33_1_DP_OP_54J24_123_1200_J24_0_13
core16_3/core4_6/evalB/DP_OP_55J24_124_5184    241.5420     0.0    241.5420     0.0000 0.0000 Eval_33_1_DP_OP_55J24_124_5184_J24_0_13
core16_3/core4_6/interp             2962.7640      0.3       0.5040    281.6100  0.0000  Interpolation_22
core16_3/core4_6/interp/interp      2680.6500      0.3       0.2520      0.0000  0.0000  InterpolationComb_22
core16_3/core4_6/interp/interp/DP_OP_106J27_122_4710   2680.3980     0.3   2680.3980     0.0000 0.0000 InterpolationComb_0_DP_OP_106J27_122_4710_J27_0_9
core16_3/core4_6/mult_x_1            948.2760      0.1     948.2760      0.0000  0.0000  core4_7_DW_mult_tc_J22_6_3
core16_3/core4_6/mult_x_2           1253.8260      0.1    1253.8260      0.0000  0.0000  core4_7_DW_mult_tc_J22_5_3
core16_3/core4_6/mult_x_3           1320.8580      0.2    1320.8580      0.0000  0.0000  core4_7_DW_mult_tc_J22_4_3
core16_3/core4_6/mult_x_4           1301.9580      0.2    1301.9580      0.0000  0.0000  core4_7_DW_mult_tc_J22_3_3
core16_3/core4_6/mult_x_5           1300.9500      0.2    1300.9500      0.0000  0.0000  core4_7_DW_mult_tc_J22_2_3
core16_3/core4_6/mult_x_6           1303.0920      0.2    1303.0920      0.0000  0.0000  core4_7_DW_mult_tc_J22_1_3
core16_3/core4_6/mult_x_7            946.1340      0.1     946.1340      0.0000  0.0000  core4_7_DW_mult_tc_J22_0_3
core16_3/evalA                       982.1700      0.1      34.2720      0.0000  0.0000  Eval_32_64
core16_3/evalA/DP_OP_53J27_123_9060    248.3460     0.0    248.3460      0.0000  0.0000  Eval_32_1_DP_OP_53J27_123_9060_J27_0_40
core16_3/evalA/DP_OP_54J27_124_1586    356.4540     0.0    356.4540      0.0000  0.0000  Eval_32_1_DP_OP_54J27_124_1586_J27_0_40
core16_3/evalA/DP_OP_55J27_125_1337    343.0980     0.0    343.0980      0.0000  0.0000  Eval_32_1_DP_OP_55J27_125_1337_J27_0_40
core16_3/evalA_1                     979.3980      0.1      30.7440      0.0000  0.0000  Eval_32_63
core16_3/evalA_1/DP_OP_53J27_123_9060    248.3460     0.0    248.3460     0.0000 0.0000  Eval_32_1_DP_OP_53J27_123_9060_J27_0_39
core16_3/evalA_1/DP_OP_54J27_124_1586    357.0840     0.0    357.0840     0.0000 0.0000  Eval_32_1_DP_OP_54J27_124_1586_J27_0_39
core16_3/evalA_1/DP_OP_55J27_125_1337    343.2240     0.0    343.2240     0.0000 0.0000  Eval_32_1_DP_OP_55J27_125_1337_J27_0_39
core16_3/evalA_2                     978.7680      0.1      30.7440      0.0000  0.0000  Eval_32_62
core16_3/evalA_2/DP_OP_53J27_123_9060    248.3460     0.0    248.3460     0.0000 0.0000  Eval_32_1_DP_OP_53J27_123_9060_J27_0_38
core16_3/evalA_2/DP_OP_54J27_124_1586    356.4540     0.0    356.4540     0.0000 0.0000  Eval_32_1_DP_OP_54J27_124_1586_J27_0_38
core16_3/evalA_2/DP_OP_55J27_125_1337    343.2240     0.0    343.2240     0.0000 0.0000  Eval_32_1_DP_OP_55J27_125_1337_J27_0_38
core16_3/evalA_3                     984.0600      0.1      34.2720      0.0000  0.0000  Eval_32_61
core16_3/evalA_3/DP_OP_53J27_123_9060    250.2360     0.0    250.2360     0.0000 0.0000  Eval_32_1_DP_OP_53J27_123_9060_J27_0_37
core16_3/evalA_3/DP_OP_54J27_124_1586    356.4540     0.0    356.4540     0.0000 0.0000  Eval_32_1_DP_OP_54J27_124_1586_J27_0_37
core16_3/evalA_3/DP_OP_55J27_125_1337    343.0980     0.0    343.0980     0.0000 0.0000  Eval_32_1_DP_OP_55J27_125_1337_J27_0_37
core16_3/evalB                       699.4260      0.1      20.5380      0.0000  0.0000  Eval_33_64
core16_3/evalB/DP_OP_53J24_122_8097    178.5420     0.0    178.5420      0.0000  0.0000  Eval_33_1_DP_OP_53J24_122_8097_J24_0_36
core16_3/evalB/DP_OP_54J24_123_1200    259.4340     0.0    259.4340      0.0000  0.0000  Eval_33_1_DP_OP_54J24_123_1200_J24_0_36
core16_3/evalB/DP_OP_55J24_124_5184    240.9120     0.0    240.9120      0.0000  0.0000  Eval_33_1_DP_OP_55J24_124_5184_J24_0_36
core16_3/evalB_1                     708.3720      0.1      20.6640      0.0000  0.0000  Eval_33_63
core16_3/evalB_1/DP_OP_53J24_122_8097    178.7940     0.0    178.7940     0.0000 0.0000  Eval_33_1_DP_OP_53J24_122_8097_J24_0_35
core16_3/evalB_1/DP_OP_54J24_123_1200    256.9140     0.0    256.9140     0.0000 0.0000  Eval_33_1_DP_OP_54J24_123_1200_J24_0_35
core16_3/evalB_1/DP_OP_55J24_124_5184    252.0000     0.0    252.0000     0.0000 0.0000  Eval_33_1_DP_OP_55J24_124_5184_J24_0_35
core16_3/evalB_2                     708.6240      0.1      21.0420      0.0000  0.0000  Eval_33_62
core16_3/evalB_2/DP_OP_53J24_122_8097    178.5420     0.0    178.5420     0.0000 0.0000  Eval_33_1_DP_OP_53J24_122_8097_J24_0_34
core16_3/evalB_2/DP_OP_54J24_123_1200    262.7100     0.0    262.7100     0.0000 0.0000  Eval_33_1_DP_OP_54J24_123_1200_J24_0_34
core16_3/evalB_2/DP_OP_55J24_124_5184    246.3300     0.0    246.3300     0.0000 0.0000  Eval_33_1_DP_OP_55J24_124_5184_J24_0_34
core16_3/evalB_3                     705.4740      0.1      21.0420      0.0000  0.0000  Eval_33_61
core16_3/evalB_3/DP_OP_53J24_122_8097    173.7540     0.0    173.7540     0.0000 0.0000  Eval_33_1_DP_OP_53J24_122_8097_J24_0_33
core16_3/evalB_3/DP_OP_54J24_123_1200    262.7100     0.0    262.7100     0.0000 0.0000  Eval_33_1_DP_OP_54J24_123_1200_J24_0_33
core16_3/evalB_3/DP_OP_55J24_124_5184    247.9680     0.0    247.9680     0.0000 0.0000  Eval_33_1_DP_OP_55J24_124_5184_J24_0_33
core16_3/interp                    11656.5118      1.4       0.5040   1060.2900  0.0000  Interpolation_7_3
core16_3/interp/interp             10595.7178      1.2       0.2520      0.0000  0.0000  InterpolationComb_7_3
core16_3/interp/interp/DP_OP_421J11_122_5960  10595.4658     1.2  10595.4658     0.0000 0.0000 InterpolationComb_7_1_DP_OP_421J11_122_5960_J11_0_2
core16_4                          115578.5383     13.4       1.7640   1990.1700  0.0000  core16_2
core16_4/core4_0                   13046.4178      1.5       0.7560    538.6500  0.0000  core4_20
core16_4/core4_0/evalA               934.6680      0.1      28.9800      0.0000  0.0000  Eval_32_20
core16_4/core4_0/evalA/DP_OP_54J16_122_2586    241.7940     0.0    241.7940     0.0000 0.0000 Eval_32_2_DP_OP_54J16_122_2586_J16_0_2
core16_4/core4_0/evalA/DP_OP_55J16_123_4716    329.3640     0.0    329.3640     0.0000 0.0000 Eval_32_2_DP_OP_55J16_123_4716_J16_0_2
core16_4/core4_0/evalA/DP_OP_56J16_124_4901    334.5300     0.0    334.5300     0.0000 0.0000 Eval_32_2_DP_OP_56J16_124_4901_J16_0_2
core16_4/core4_0/evalB               549.7380      0.1      17.6400      0.0000  0.0000  Eval_33_20
core16_4/core4_0/evalB/DP_OP_54J21_125_6473    141.6240     0.0    141.6240     0.0000 0.0000 Eval_33_2_DP_OP_54J21_125_6473_J21_0_2
core16_4/core4_0/evalB/DP_OP_55J21_126_780    191.0160     0.0    191.0160     0.0000 0.0000 Eval_33_2_DP_OP_55J21_126_780_J21_0_2
core16_4/core4_0/evalB/DP_OP_56J21_127_9714    199.4580     0.0    199.4580     0.0000 0.0000 Eval_33_2_DP_OP_56J21_127_9714_J21_0_2
core16_4/core4_0/interp             2962.7640      0.3       0.5040    281.6100  0.0000  Interpolation_21
core16_4/core4_0/interp/interp      2680.6500      0.3       0.2520      0.0000  0.0000  InterpolationComb_21
core16_4/core4_0/interp/interp/DP_OP_106J27_122_4710   2680.3980     0.3   2680.3980     0.0000 0.0000 InterpolationComb_0_DP_OP_106J27_122_4710_J27_0_8
core16_4/core4_0/mult_x_1           1062.8100      0.1    1062.8100      0.0000  0.0000  core4_14_DW_mult_uns_J20_3_1
core16_4/core4_0/mult_x_2           1215.7740      0.1    1215.7740      0.0000  0.0000  core4_14_DW_mult_uns_J20_2_1
core16_4/core4_0/mult_x_3           1125.9360      0.1    1125.9360      0.0000  0.0000  core4_14_DW_mult_tc_J20_2_1
core16_4/core4_0/mult_x_4           1156.1760      0.1    1156.1760      0.0000  0.0000  core4_14_DW_mult_tc_J20_1_1
core16_4/core4_0/mult_x_5           1206.7020      0.1    1206.7020      0.0000  0.0000  core4_14_DW_mult_uns_J20_1_1
core16_4/core4_0/mult_x_6           1234.0440      0.1    1234.0440      0.0000  0.0000  core4_14_DW_mult_tc_J20_0_1
core16_4/core4_0/mult_x_7           1058.4000      0.1    1058.4000      0.0000  0.0000  core4_14_DW_mult_uns_J20_0_1
core16_4/core4_1                   14089.4458      1.6       0.7560    538.6500  0.0000  core4_19
core16_4/core4_1/evalA               979.3980      0.1      31.5000      0.0000  0.0000  Eval_32_19
core16_4/core4_1/evalA/DP_OP_53J27_123_9060    248.3460     0.0    248.3460     0.0000 0.0000 Eval_32_1_DP_OP_53J27_123_9060_J27_0_14
core16_4/core4_1/evalA/DP_OP_54J27_124_1586    356.4540     0.0    356.4540     0.0000 0.0000 Eval_32_1_DP_OP_54J27_124_1586_J27_0_14
core16_4/core4_1/evalA/DP_OP_55J27_125_1337    343.0980     0.0    343.0980     0.0000 0.0000 Eval_32_1_DP_OP_55J27_125_1337_J27_0_14
core16_4/core4_1/evalB               668.9340      0.1      21.7980      0.0000  0.0000  Eval_33_19
core16_4/core4_1/evalB/DP_OP_54J23_122_246    169.0920     0.0    169.0920     0.0000 0.0000 Eval_33_19_DP_OP_54J23_122_246_J23_0_0
core16_4/core4_1/evalB/DP_OP_55J23_123_8053    240.9120     0.0    240.9120     0.0000 0.0000 Eval_33_19_DP_OP_55J23_123_8053_J23_0_0
core16_4/core4_1/evalB/DP_OP_56J23_124_8414    237.1320     0.0    237.1320     0.0000 0.0000 Eval_33_19_DP_OP_56J23_124_8414_J23_0_0
core16_4/core4_1/interp             2962.7640      0.3       0.5040    281.6100  0.0000  Interpolation_20
core16_4/core4_1/interp/interp      2680.6500      0.3       0.2520      0.0000  0.0000  InterpolationComb_20
core16_4/core4_1/interp/interp/DP_OP_106J27_122_4710   2680.3980     0.3   2680.3980     0.0000 0.0000 InterpolationComb_0_DP_OP_106J27_122_4710_J27_0_7
core16_4/core4_1/mult_x_1           1216.2780      0.1    1216.2780      0.0000  0.0000  core4_19_DW_mult_uns_J24_1
core16_4/core4_1/mult_x_2           1258.6140      0.1    1258.6140      0.0000  0.0000  core4_19_DW_mult_tc_J24_4
core16_4/core4_1/mult_x_3           1312.4160      0.2    1312.4160      0.0000  0.0000  core4_19_DW_mult_tc_J24_3
core16_4/core4_1/mult_x_4           1316.9520      0.2    1316.9520      0.0000  0.0000  core4_19_DW_mult_tc_J24_2
core16_4/core4_1/mult_x_5           1309.6440      0.2    1309.6440      0.0000  0.0000  core4_19_DW_mult_tc_J24_1
core16_4/core4_1/mult_x_6           1307.7540      0.2    1307.7540      0.0000  0.0000  core4_19_DW_mult_tc_J24_0
core16_4/core4_1/mult_x_7           1217.2860      0.1    1217.2860      0.0000  0.0000  core4_19_DW_mult_uns_J24_0
core16_4/core4_2                   13600.9438      1.6       0.7560    538.6500  0.0000  core4_18
core16_4/core4_2/evalA               966.2940      0.1      29.9880      0.0000  0.0000  Eval_32_18
core16_4/core4_2/evalA/DP_OP_53J27_123_9060    249.6060     0.0    249.6060     0.0000 0.0000 Eval_32_1_DP_OP_53J27_123_9060_J27_0_13
core16_4/core4_2/evalA/DP_OP_54J27_124_1586    346.2480     0.0    346.2480     0.0000 0.0000 Eval_32_1_DP_OP_54J27_124_1586_J27_0_13
core16_4/core4_2/evalA/DP_OP_55J27_125_1337    340.4520     0.0    340.4520     0.0000 0.0000 Eval_32_1_DP_OP_55J27_125_1337_J27_0_13
core16_4/core4_2/evalB               600.1380      0.1      18.5220      0.0000  0.0000  Eval_33_18
core16_4/core4_2/evalB/DP_OP_53J24_122_8097    153.5940     0.0    153.5940     0.0000 0.0000 Eval_33_1_DP_OP_53J24_122_8097_J24_0_12
core16_4/core4_2/evalB/DP_OP_54J24_123_1200    210.2940     0.0    210.2940     0.0000 0.0000 Eval_33_1_DP_OP_54J24_123_1200_J24_0_12
core16_4/core4_2/evalB/DP_OP_55J24_124_5184    217.7280     0.0    217.7280     0.0000 0.0000 Eval_33_1_DP_OP_55J24_124_5184_J24_0_12
core16_4/core4_2/interp             3062.9340      0.4       0.5040    289.1700  0.0000  Interpolation_19
core16_4/core4_2/interp/interp      2773.2600      0.3       0.2520      0.0000  0.0000  InterpolationComb_19
core16_4/core4_2/interp/interp/DP_OP_106J26_122_5359   2773.0080     0.3   2773.0080     0.0000 0.0000 InterpolationComb_1_DP_OP_106J26_122_5359_J26_0_11
core16_4/core4_2/mult_x_1           1090.6560      0.1    1090.6560      0.0000  0.0000  core4_1_DW_mult_tc_J21_6_9
core16_4/core4_2/mult_x_2           1231.1460      0.1    1231.1460      0.0000  0.0000  core4_1_DW_mult_tc_J21_5_9
core16_4/core4_2/mult_x_3           1206.0720      0.1    1206.0720      0.0000  0.0000  core4_1_DW_mult_tc_J21_4_9
core16_4/core4_2/mult_x_4           1237.9500      0.1    1237.9500      0.0000  0.0000  core4_1_DW_mult_tc_J21_3_9
core16_4/core4_2/mult_x_5           1273.8600      0.1    1273.8600      0.0000  0.0000  core4_1_DW_mult_tc_J21_2_9
core16_4/core4_2/mult_x_6           1299.1860      0.2    1299.1860      0.0000  0.0000  core4_1_DW_mult_tc_J21_1_9
core16_4/core4_2/mult_x_7           1093.3020      0.1    1093.3020      0.0000  0.0000  core4_1_DW_mult_tc_J21_0_9
core16_4/core4_3                   13969.4938      1.6       0.5040    538.6500  0.0000  core4_17
core16_4/core4_3/evalA               979.1460      0.1      31.2480      0.0000  0.0000  Eval_32_17
core16_4/core4_3/evalA/DP_OP_53J27_123_9060    248.3460     0.0    248.3460     0.0000 0.0000 Eval_32_1_DP_OP_53J27_123_9060_J27_0_12
core16_4/core4_3/evalA/DP_OP_54J27_124_1586    356.4540     0.0    356.4540     0.0000 0.0000 Eval_32_1_DP_OP_54J27_124_1586_J27_0_12
core16_4/core4_3/evalA/DP_OP_55J27_125_1337    343.0980     0.0    343.0980     0.0000 0.0000 Eval_32_1_DP_OP_55J27_125_1337_J27_0_12
core16_4/core4_3/evalB               688.5900      0.1      22.9320      0.0000  0.0000  Eval_33_17
core16_4/core4_3/evalB/DP_OP_53J24_122_8097    174.6360     0.0    174.6360     0.0000 0.0000 Eval_33_1_DP_OP_53J24_122_8097_J24_0_11
core16_4/core4_3/evalB/DP_OP_54J24_123_1200    250.6140     0.0    250.6140     0.0000 0.0000 Eval_33_1_DP_OP_54J24_123_1200_J24_0_11
core16_4/core4_3/evalB/DP_OP_55J24_124_5184    240.4080     0.0    240.4080     0.0000 0.0000 Eval_33_1_DP_OP_55J24_124_5184_J24_0_11
core16_4/core4_3/interp             3063.4380      0.4       0.5040    289.1700  0.0000  Interpolation_18
core16_4/core4_3/interp/interp      2773.7640      0.3       0.2520      0.0000  0.0000  InterpolationComb_18
core16_4/core4_3/interp/interp/DP_OP_106J26_122_5359   2773.5120     0.3   2773.5120     0.0000 0.0000 InterpolationComb_1_DP_OP_106J26_122_5359_J26_0_10
core16_4/core4_3/mult_x_1           1119.0060      0.1    1119.0060      0.0000  0.0000  core4_1_DW_mult_tc_J21_6_8
core16_4/core4_3/mult_x_2           1258.9920      0.1    1258.9920      0.0000  0.0000  core4_1_DW_mult_tc_J21_5_8
core16_4/core4_3/mult_x_3           1302.0840      0.2    1302.0840      0.0000  0.0000  core4_1_DW_mult_tc_J21_4_8
core16_4/core4_3/mult_x_4           1301.5800      0.2    1301.5800      0.0000  0.0000  core4_1_DW_mult_tc_J21_3_8
core16_4/core4_3/mult_x_5           1303.2180      0.2    1303.2180      0.0000  0.0000  core4_1_DW_mult_tc_J21_2_8
core16_4/core4_3/mult_x_6           1299.6900      0.2    1299.6900      0.0000  0.0000  core4_1_DW_mult_tc_J21_1_8
core16_4/core4_3/mult_x_7           1114.5960      0.1    1114.5960      0.0000  0.0000  core4_1_DW_mult_tc_J21_0_8
core16_4/core4_4                   14039.0458      1.6       0.7560    538.6500  0.0000  core4_16
core16_4/core4_4/evalA               987.3360      0.1      36.2880      0.0000  0.0000  Eval_32_16
core16_4/core4_4/evalA/DP_OP_53J27_123_9060    248.3460     0.0    248.3460     0.0000 0.0000 Eval_32_1_DP_OP_53J27_123_9060_J27_0_11
core16_4/core4_4/evalA/DP_OP_54J27_124_1586    357.0840     0.0    357.0840     0.0000 0.0000 Eval_32_1_DP_OP_54J27_124_1586_J27_0_11
core16_4/core4_4/evalA/DP_OP_55J27_125_1337    345.6180     0.0    345.6180     0.0000 0.0000 Eval_32_1_DP_OP_55J27_125_1337_J27_0_11
core16_4/core4_4/evalB               669.9420      0.1      21.2940      0.0000  0.0000  Eval_33_16
core16_4/core4_4/evalB/DP_OP_54J22_122_6478    170.3520     0.0    170.3520     0.0000 0.0000 Eval_33_16_DP_OP_54J22_122_6478_J22_0
core16_4/core4_4/evalB/DP_OP_55J22_123_2470    238.1400     0.0    238.1400     0.0000 0.0000 Eval_33_16_DP_OP_55J22_123_2470_J22_0
core16_4/core4_4/evalB/DP_OP_56J22_124_3030    240.1560     0.0    240.1560     0.0000 0.0000 Eval_33_16_DP_OP_56J22_124_3030_J22_0
core16_4/core4_4/interp             3063.4380      0.4       0.5040    289.1700  0.0000  Interpolation_17
core16_4/core4_4/interp/interp      2773.7640      0.3       0.2520      0.0000  0.0000  InterpolationComb_17
core16_4/core4_4/interp/interp/DP_OP_106J26_122_5359   2773.5120     0.3   2773.5120     0.0000 0.0000 InterpolationComb_1_DP_OP_106J26_122_5359_J26_0_9
core16_4/core4_4/mult_x_1           1169.0280      0.1    1169.0280      0.0000  0.0000  core4_16_DW_mult_uns_J19_1
core16_4/core4_4/mult_x_2           1254.5820      0.1    1254.5820      0.0000  0.0000  core4_16_DW_mult_tc_J19_4
core16_4/core4_4/mult_x_3           1276.0020      0.1    1276.0020      0.0000  0.0000  core4_16_DW_mult_tc_J19_3
core16_4/core4_4/mult_x_4           1302.7140      0.2    1302.7140      0.0000  0.0000  core4_16_DW_mult_tc_J19_2
core16_4/core4_4/mult_x_5           1304.3520      0.2    1304.3520      0.0000  0.0000  core4_16_DW_mult_tc_J19_1
core16_4/core4_4/mult_x_6           1302.3360      0.2    1302.3360      0.0000  0.0000  core4_16_DW_mult_tc_J19_0
core16_4/core4_4/mult_x_7           1169.9100      0.1    1169.9100      0.0000  0.0000  core4_16_DW_mult_uns_J19_0
core16_4/core4_5                   14141.1058      1.6       0.5040    538.6500  0.0000  core4_15
core16_4/core4_5/evalA               979.3980      0.1      31.5000      0.0000  0.0000  Eval_32_15
core16_4/core4_5/evalA/DP_OP_53J27_123_9060    248.3460     0.0    248.3460     0.0000 0.0000 Eval_32_1_DP_OP_53J27_123_9060_J27_0_10
core16_4/core4_5/evalA/DP_OP_54J27_124_1586    356.4540     0.0    356.4540     0.0000 0.0000 Eval_32_1_DP_OP_54J27_124_1586_J27_0_10
core16_4/core4_5/evalA/DP_OP_55J27_125_1337    343.0980     0.0    343.0980     0.0000 0.0000 Eval_32_1_DP_OP_55J27_125_1337_J27_0_10
core16_4/core4_5/evalB               696.1500      0.1      23.9400      0.0000  0.0000  Eval_33_15
core16_4/core4_5/evalB/DP_OP_53J24_122_8097    175.6440     0.0    175.6440     0.0000 0.0000 Eval_33_1_DP_OP_53J24_122_8097_J24_0_10
core16_4/core4_5/evalB/DP_OP_54J24_123_1200    255.5280     0.0    255.5280     0.0000 0.0000 Eval_33_1_DP_OP_54J24_123_1200_J24_0_10
core16_4/core4_5/evalB/DP_OP_55J24_124_5184    241.0380     0.0    241.0380     0.0000 0.0000 Eval_33_1_DP_OP_55J24_124_5184_J24_0_10
core16_4/core4_5/interp             3062.9340      0.4       0.5040    289.1700  0.0000  Interpolation_16
core16_4/core4_5/interp/interp      2773.2600      0.3       0.2520      0.0000  0.0000  InterpolationComb_16
core16_4/core4_5/interp/interp/DP_OP_106J26_122_5359   2773.0080     0.3   2773.0080     0.0000 0.0000 InterpolationComb_1_DP_OP_106J26_122_5359_J26_0_8
core16_4/core4_5/mult_x_1           1191.2040      0.1    1191.2040      0.0000  0.0000  core4_1_DW_mult_tc_J21_6_7
core16_4/core4_5/mult_x_2           1259.4960      0.1    1259.4960      0.0000  0.0000  core4_1_DW_mult_tc_J21_5_7
core16_4/core4_5/mult_x_3           1302.5880      0.2    1302.5880      0.0000  0.0000  core4_1_DW_mult_tc_J21_4_7
core16_4/core4_5/mult_x_4           1301.5800      0.2    1301.5800      0.0000  0.0000  core4_1_DW_mult_tc_J21_3_7
core16_4/core4_5/mult_x_5           1308.8880      0.2    1308.8880      0.0000  0.0000  core4_1_DW_mult_tc_J21_2_7
core16_4/core4_5/mult_x_6           1309.0140      0.2    1309.0140      0.0000  0.0000  core4_1_DW_mult_tc_J21_1_7
core16_4/core4_5/mult_x_7           1190.7000      0.1    1190.7000      0.0000  0.0000  core4_1_DW_mult_tc_J21_0_7
core16_4/core4_6                   13040.4958      1.5       0.7560    538.6500  0.0000  core4_14
core16_4/core4_6/evalA               934.6680      0.1      28.9800      0.0000  0.0000  Eval_32_14
core16_4/core4_6/evalA/DP_OP_54J16_122_2586    241.7940     0.0    241.7940     0.0000 0.0000 Eval_32_2_DP_OP_54J16_122_2586_J16_0_1
core16_4/core4_6/evalA/DP_OP_55J16_123_4716    329.3640     0.0    329.3640     0.0000 0.0000 Eval_32_2_DP_OP_55J16_123_4716_J16_0_1
core16_4/core4_6/evalA/DP_OP_56J16_124_4901    334.5300     0.0    334.5300     0.0000 0.0000 Eval_32_2_DP_OP_56J16_124_4901_J16_0_1
core16_4/core4_6/evalB               549.4860      0.1      17.6400      0.0000  0.0000  Eval_33_14
core16_4/core4_6/evalB/DP_OP_54J21_125_6473    143.1360     0.0    143.1360     0.0000 0.0000 Eval_33_2_DP_OP_54J21_125_6473_J21_0_1
core16_4/core4_6/evalB/DP_OP_55J21_126_780    192.4020     0.0    192.4020     0.0000 0.0000 Eval_33_2_DP_OP_55J21_126_780_J21_0_1
core16_4/core4_6/evalB/DP_OP_56J21_127_9714    196.3080     0.0    196.3080     0.0000 0.0000 Eval_33_2_DP_OP_56J21_127_9714_J21_0_1
core16_4/core4_6/interp             2962.7640      0.3       0.5040    281.6100  0.0000  Interpolation_15
core16_4/core4_6/interp/interp      2680.6500      0.3       0.2520      0.0000  0.0000  InterpolationComb_15
core16_4/core4_6/interp/interp/DP_OP_106J27_122_4710   2680.3980     0.3   2680.3980     0.0000 0.0000 InterpolationComb_0_DP_OP_106J27_122_4710_J27_0_6
core16_4/core4_6/mult_x_1           1057.0140      0.1    1057.0140      0.0000  0.0000  core4_14_DW_mult_uns_J20_3_0
core16_4/core4_6/mult_x_2           1218.5460      0.1    1218.5460      0.0000  0.0000  core4_14_DW_mult_uns_J20_2_0
core16_4/core4_6/mult_x_3           1123.0380      0.1    1123.0380      0.0000  0.0000  core4_14_DW_mult_tc_J20_2_0
core16_4/core4_6/mult_x_4           1155.0420      0.1    1155.0420      0.0000  0.0000  core4_14_DW_mult_tc_J20_1_0
core16_4/core4_6/mult_x_5           1206.7020      0.1    1206.7020      0.0000  0.0000  core4_14_DW_mult_uns_J20_1_0
core16_4/core4_6/mult_x_6           1232.9100      0.1    1232.9100      0.0000  0.0000  core4_14_DW_mult_tc_J20_0_0
core16_4/core4_6/mult_x_7           1060.9200      0.1    1060.9200      0.0000  0.0000  core4_14_DW_mult_uns_J20_0_0
core16_4/evalA                       934.6680      0.1      28.9800      0.0000  0.0000  Eval_32_60
core16_4/evalA/DP_OP_54J17_122_4678    241.7940     0.0    241.7940      0.0000  0.0000  Eval_32_57_DP_OP_54J17_122_4678_J17_0_3
core16_4/evalA/DP_OP_55J17_123_8822    329.3640     0.0    329.3640      0.0000  0.0000  Eval_32_57_DP_OP_55J17_123_8822_J17_0_3
core16_4/evalA/DP_OP_56J17_124_406    334.5300     0.0     334.5300      0.0000  0.0000  Eval_32_57_DP_OP_56J17_124_406_J17_0_3
core16_4/evalA_1                     934.1640      0.1      28.4760      0.0000  0.0000  Eval_32_59
core16_4/evalA_1/DP_OP_54J17_122_4678    241.7940     0.0    241.7940     0.0000 0.0000  Eval_32_57_DP_OP_54J17_122_4678_J17_0_2
core16_4/evalA_1/DP_OP_55J17_123_8822    329.3640     0.0    329.3640     0.0000 0.0000  Eval_32_57_DP_OP_55J17_123_8822_J17_0_2
core16_4/evalA_1/DP_OP_56J17_124_406    334.5300     0.0    334.5300     0.0000  0.0000  Eval_32_57_DP_OP_56J17_124_406_J17_0_2
core16_4/evalA_2                     934.7940      0.1      28.4760      0.0000  0.0000  Eval_32_58
core16_4/evalA_2/DP_OP_54J17_122_4678    241.7940     0.0    241.7940     0.0000 0.0000  Eval_32_57_DP_OP_54J17_122_4678_J17_0_1
core16_4/evalA_2/DP_OP_55J17_123_8822    329.9940     0.0    329.9940     0.0000 0.0000  Eval_32_57_DP_OP_55J17_123_8822_J17_0_1
core16_4/evalA_2/DP_OP_56J17_124_406    334.5300     0.0    334.5300     0.0000  0.0000  Eval_32_57_DP_OP_56J17_124_406_J17_0_1
core16_4/evalA_3                     937.1880      0.1      28.9800      0.0000  0.0000  Eval_32_57
core16_4/evalA_3/DP_OP_54J17_122_4678    241.7940     0.0    241.7940     0.0000 0.0000  Eval_32_57_DP_OP_54J17_122_4678_J17_0_0
core16_4/evalA_3/DP_OP_55J17_123_8822    329.3640     0.0    329.3640     0.0000 0.0000  Eval_32_57_DP_OP_55J17_123_8822_J17_0_0
core16_4/evalA_3/DP_OP_56J17_124_406    337.0500     0.0    337.0500     0.0000  0.0000  Eval_32_57_DP_OP_56J17_124_406_J17_0_0
core16_4/evalB                       559.3140      0.1      17.6400      0.0000  0.0000  Eval_33_60
core16_4/evalB/DP_OP_54J22_125_4250    151.4520     0.0    151.4520      0.0000  0.0000  Eval_33_57_DP_OP_54J22_125_4250_J22_0_3
core16_4/evalB/DP_OP_55J22_126_8896    191.2680     0.0    191.2680      0.0000  0.0000  Eval_33_57_DP_OP_55J22_126_8896_J22_0_3
core16_4/evalB/DP_OP_56J22_127_6605    198.9540     0.0    198.9540      0.0000  0.0000  Eval_33_57_DP_OP_56J22_127_6605_J22_0_3
core16_4/evalB_1                     576.4500      0.1      16.3800      0.0000  0.0000  Eval_33_59
core16_4/evalB_1/DP_OP_54J22_125_4250    152.5860     0.0    152.5860     0.0000 0.0000  Eval_33_57_DP_OP_54J22_125_4250_J22_0_2
core16_4/evalB_1/DP_OP_55J22_126_8896    199.7100     0.0    199.7100     0.0000 0.0000  Eval_33_57_DP_OP_55J22_126_8896_J22_0_2
core16_4/evalB_1/DP_OP_56J22_127_6605    207.7740     0.0    207.7740     0.0000 0.0000  Eval_33_57_DP_OP_56J22_127_6605_J22_0_2
core16_4/evalB_2                     565.2360      0.1      16.5060      0.0000  0.0000  Eval_33_58
core16_4/evalB_2/DP_OP_54J22_125_4250    149.9400     0.0    149.9400     0.0000 0.0000  Eval_33_57_DP_OP_54J22_125_4250_J22_0_1
core16_4/evalB_2/DP_OP_55J22_126_8896    194.4180     0.0    194.4180     0.0000 0.0000  Eval_33_57_DP_OP_55J22_126_8896_J22_0_1
core16_4/evalB_2/DP_OP_56J22_127_6605    204.3720     0.0    204.3720     0.0000 0.0000  Eval_33_57_DP_OP_56J22_127_6605_J22_0_1
core16_4/evalB_3                     561.3300      0.1      17.6400      0.0000  0.0000  Eval_33_57
core16_4/evalB_3/DP_OP_54J22_125_4250    146.5380     0.0    146.5380     0.0000 0.0000  Eval_33_57_DP_OP_54J22_125_4250_J22_0_0
core16_4/evalB_3/DP_OP_55J22_126_8896    194.2920     0.0    194.2920     0.0000 0.0000  Eval_33_57_DP_OP_55J22_126_8896_J22_0_0
core16_4/evalB_3/DP_OP_56J22_127_6605    202.8600     0.0    202.8600     0.0000 0.0000  Eval_33_57_DP_OP_56J22_127_6605_J22_0_0
core16_4/interp                    11656.5118      1.4       0.5040   1060.2900  0.0000  Interpolation_7_2
core16_4/interp/interp             10595.7178      1.2       0.2520      0.0000  0.0000  InterpolationComb_7_2
core16_4/interp/interp/DP_OP_421J11_122_5960  10595.4658     1.2  10595.4658     0.0000 0.0000 InterpolationComb_7_1_DP_OP_421J11_122_5960_J11_0_1
core16_5                          119083.2283     13.8       1.7640   1990.1700  0.0000  core16_1
core16_5/core4_0                   13743.4498      1.6       0.5040    538.6500  0.0000  core4_13
core16_5/core4_0/evalA               985.1940      0.1      37.2960      0.0000  0.0000  Eval_32_13
core16_5/core4_0/evalA/DP_OP_53J27_123_9060    248.3460     0.0    248.3460     0.0000 0.0000 Eval_32_1_DP_OP_53J27_123_9060_J27_0_9
core16_5/core4_0/evalA/DP_OP_54J27_124_1586    356.4540     0.0    356.4540     0.0000 0.0000 Eval_32_1_DP_OP_54J27_124_1586_J27_0_9
core16_5/core4_0/evalA/DP_OP_55J27_125_1337    343.0980     0.0    343.0980     0.0000 0.0000 Eval_32_1_DP_OP_55J27_125_1337_J27_0_9
core16_5/core4_0/evalB               696.0240      0.1      23.4360      0.0000  0.0000  Eval_33_13
core16_5/core4_0/evalB/DP_OP_53J24_122_8097    177.1560     0.0    177.1560     0.0000 0.0000 Eval_33_1_DP_OP_53J24_122_8097_J24_0_9
core16_5/core4_0/evalB/DP_OP_54J24_123_1200    255.9060     0.0    255.9060     0.0000 0.0000 Eval_33_1_DP_OP_54J24_123_1200_J24_0_9
core16_5/core4_0/evalB/DP_OP_55J24_124_5184    239.5260     0.0    239.5260     0.0000 0.0000 Eval_33_1_DP_OP_55J24_124_5184_J24_0_9
core16_5/core4_0/interp             2962.7640      0.3       0.5040    281.6100  0.0000  Interpolation_14
core16_5/core4_0/interp/interp      2680.6500      0.3       0.2520      0.0000  0.0000  InterpolationComb_14
core16_5/core4_0/interp/interp/DP_OP_106J27_122_4710   2680.3980     0.3   2680.3980     0.0000 0.0000 InterpolationComb_0_DP_OP_106J27_122_4710_J27_0_5
core16_5/core4_0/mult_x_1           1046.8080      0.1    1046.8080      0.0000  0.0000  core4_7_DW_mult_tc_J22_6_2
core16_5/core4_0/mult_x_2           1254.4560      0.1    1254.4560      0.0000  0.0000  core4_7_DW_mult_tc_J22_5_2
core16_5/core4_0/mult_x_3           1306.4940      0.2    1306.4940      0.0000  0.0000  core4_7_DW_mult_tc_J22_4_2
core16_5/core4_0/mult_x_4           1299.6900      0.2    1299.6900      0.0000  0.0000  core4_7_DW_mult_tc_J22_3_2
core16_5/core4_0/mult_x_5           1302.5880      0.2    1302.5880      0.0000  0.0000  core4_7_DW_mult_tc_J22_2_2
core16_5/core4_0/mult_x_6           1304.1000      0.2    1304.1000      0.0000  0.0000  core4_7_DW_mult_tc_J22_1_2
core16_5/core4_0/mult_x_7           1046.1780      0.1    1046.1780      0.0000  0.0000  core4_7_DW_mult_tc_J22_0_2
core16_5/core4_1                   14162.7778      1.6       0.7560    538.7760  0.0000  core4_12
core16_5/core4_1/evalA               979.5240      0.1      31.6260      0.0000  0.0000  Eval_32_12
core16_5/core4_1/evalA/DP_OP_53J27_123_9060    248.3460     0.0    248.3460     0.0000 0.0000 Eval_32_1_DP_OP_53J27_123_9060_J27_0_8
core16_5/core4_1/evalA/DP_OP_54J27_124_1586    356.4540     0.0    356.4540     0.0000 0.0000 Eval_32_1_DP_OP_54J27_124_1586_J27_0_8
core16_5/core4_1/evalA/DP_OP_55J27_125_1337    343.0980     0.0    343.0980     0.0000 0.0000 Eval_32_1_DP_OP_55J27_125_1337_J27_0_8
core16_5/core4_1/evalB               691.4880      0.1      23.8140      0.0000  0.0000  Eval_33_12
core16_5/core4_1/evalB/DP_OP_53J24_122_8097    172.4940     0.0    172.4940     0.0000 0.0000 Eval_33_1_DP_OP_53J24_122_8097_J24_0_8
core16_5/core4_1/evalB/DP_OP_54J24_123_1200    252.3780     0.0    252.3780     0.0000 0.0000 Eval_33_1_DP_OP_54J24_123_1200_J24_0_8
core16_5/core4_1/evalB/DP_OP_55J24_124_5184    242.8020     0.0    242.8020     0.0000 0.0000 Eval_33_1_DP_OP_55J24_124_5184_J24_0_8
core16_5/core4_1/interp             2962.7640      0.3       0.5040    281.6100  0.0000  Interpolation_13
core16_5/core4_1/interp/interp      2680.6500      0.3       0.2520      0.0000  0.0000  InterpolationComb_13
core16_5/core4_1/interp/interp/DP_OP_106J27_122_4710   2680.3980     0.3   2680.3980     0.0000 0.0000 InterpolationComb_0_DP_OP_106J27_122_4710_J27_0_4
core16_5/core4_1/mult_x_1           1255.8420      0.1    1255.8420      0.0000  0.0000  core4_7_DW_mult_tc_J22_6_1
core16_5/core4_1/mult_x_2           1258.6140      0.1    1258.6140      0.0000  0.0000  core4_7_DW_mult_tc_J22_5_1
core16_5/core4_1/mult_x_3           1302.8400      0.2    1302.8400      0.0000  0.0000  core4_7_DW_mult_tc_J22_4_1
core16_5/core4_1/mult_x_4           1308.7620      0.2    1308.7620      0.0000  0.0000  core4_7_DW_mult_tc_J22_3_1
core16_5/core4_1/mult_x_5           1302.8400      0.2    1302.8400      0.0000  0.0000  core4_7_DW_mult_tc_J22_2_1
core16_5/core4_1/mult_x_6           1306.2420      0.2    1306.2420      0.0000  0.0000  core4_7_DW_mult_tc_J22_1_1
core16_5/core4_1/mult_x_7           1254.3300      0.1    1254.3300      0.0000  0.0000  core4_7_DW_mult_tc_J22_0_1
core16_5/core4_2                   14279.5798      1.7       0.5040    538.6500  0.0000  core4_11
core16_5/core4_2/evalA               980.7840      0.1      31.6260      0.0000  0.0000  Eval_32_11
core16_5/core4_2/evalA/DP_OP_53J27_123_9060    248.3460     0.0    248.3460     0.0000 0.0000 Eval_32_1_DP_OP_53J27_123_9060_J27_0_7
core16_5/core4_2/evalA/DP_OP_54J27_124_1586    357.7140     0.0    357.7140     0.0000 0.0000 Eval_32_1_DP_OP_54J27_124_1586_J27_0_7
core16_5/core4_2/evalA/DP_OP_55J27_125_1337    343.0980     0.0    343.0980     0.0000 0.0000 Eval_32_1_DP_OP_55J27_125_1337_J27_0_7
core16_5/core4_2/evalB               695.2680      0.1      23.3100      0.0000  0.0000  Eval_33_11
core16_5/core4_2/evalB/DP_OP_53J24_122_8097    172.7460     0.0    172.7460     0.0000 0.0000 Eval_33_1_DP_OP_53J24_122_8097_J24_0_7
core16_5/core4_2/evalB/DP_OP_54J24_123_1200    258.6780     0.0    258.6780     0.0000 0.0000 Eval_33_1_DP_OP_54J24_123_1200_J24_0_7
core16_5/core4_2/evalB/DP_OP_55J24_124_5184    240.5340     0.0    240.5340     0.0000 0.0000 Eval_33_1_DP_OP_55J24_124_5184_J24_0_7
core16_5/core4_2/interp             3063.4380      0.4       0.5040    289.1700  0.0000  Interpolation_12
core16_5/core4_2/interp/interp      2773.7640      0.3       0.2520      0.0000  0.0000  InterpolationComb_12
core16_5/core4_2/interp/interp/DP_OP_106J26_122_5359   2773.5120     0.3   2773.5120     0.0000 0.0000 InterpolationComb_1_DP_OP_106J26_122_5359_J26_0_7
core16_5/core4_2/mult_x_1           1255.5900      0.1    1255.5900      0.0000  0.0000  core4_1_DW_mult_tc_J21_6_6
core16_5/core4_2/mult_x_2           1257.9840      0.1    1257.9840      0.0000  0.0000  core4_1_DW_mult_tc_J21_5_6
core16_5/core4_2/mult_x_3           1312.6680      0.2    1312.6680      0.0000  0.0000  core4_1_DW_mult_tc_J21_4_6
core16_5/core4_2/mult_x_4           1307.7540      0.2    1307.7540      0.0000  0.0000  core4_1_DW_mult_tc_J21_3_6
core16_5/core4_2/mult_x_5           1308.3840      0.2    1308.3840      0.0000  0.0000  core4_1_DW_mult_tc_J21_2_6
core16_5/core4_2/mult_x_6           1304.2260      0.2    1304.2260      0.0000  0.0000  core4_1_DW_mult_tc_J21_1_6
core16_5/core4_2/mult_x_7           1254.3300      0.1    1254.3300      0.0000  0.0000  core4_1_DW_mult_tc_J21_0_6
core16_5/core4_3                   14266.9798      1.7       0.5040    538.6500  0.0000  core4_10
core16_5/core4_3/evalA               979.9020      0.1      31.3740      0.0000  0.0000  Eval_32_10
core16_5/core4_3/evalA/DP_OP_53J27_123_9060    248.3460     0.0    248.3460     0.0000 0.0000 Eval_32_1_DP_OP_53J27_123_9060_J27_0_6
core16_5/core4_3/evalA/DP_OP_54J27_124_1586    357.0840     0.0    357.0840     0.0000 0.0000 Eval_32_1_DP_OP_54J27_124_1586_J27_0_6
core16_5/core4_3/evalA/DP_OP_55J27_125_1337    343.0980     0.0    343.0980     0.0000 0.0000 Eval_32_1_DP_OP_55J27_125_1337_J27_0_6
core16_5/core4_3/evalB               692.4960      0.1      23.5620      0.0000  0.0000  Eval_33_10
core16_5/core4_3/evalB/DP_OP_53J24_122_8097    172.4940     0.0    172.4940     0.0000 0.0000 Eval_33_1_DP_OP_53J24_122_8097_J24_0_6
core16_5/core4_3/evalB/DP_OP_54J24_123_1200    256.2840     0.0    256.2840     0.0000 0.0000 Eval_33_1_DP_OP_54J24_123_1200_J24_0_6
core16_5/core4_3/evalB/DP_OP_55J24_124_5184    240.1560     0.0    240.1560     0.0000 0.0000 Eval_33_1_DP_OP_55J24_124_5184_J24_0_6
core16_5/core4_3/interp             3063.4380      0.4       0.5040    289.1700  0.0000  Interpolation_11
core16_5/core4_3/interp/interp      2773.7640      0.3       0.2520      0.0000  0.0000  InterpolationComb_11
core16_5/core4_3/interp/interp/DP_OP_106J26_122_5359   2773.5120     0.3   2773.5120     0.0000 0.0000 InterpolationComb_1_DP_OP_106J26_122_5359_J26_0_6
core16_5/core4_3/mult_x_1           1253.5740      0.1    1253.5740      0.0000  0.0000  core4_1_DW_mult_tc_J21_6_5
core16_5/core4_3/mult_x_2           1256.9760      0.1    1256.9760      0.0000  0.0000  core4_1_DW_mult_tc_J21_5_5
core16_5/core4_3/mult_x_3           1306.4940      0.2    1306.4940      0.0000  0.0000  core4_1_DW_mult_tc_J21_4_5
core16_5/core4_3/mult_x_4           1305.1080      0.2    1305.1080      0.0000  0.0000  core4_1_DW_mult_tc_J21_3_5
core16_5/core4_3/mult_x_5           1304.3520      0.2    1304.3520      0.0000  0.0000  core4_1_DW_mult_tc_J21_2_5
core16_5/core4_3/mult_x_6           1309.8960      0.2    1309.8960      0.0000  0.0000  core4_1_DW_mult_tc_J21_1_5
core16_5/core4_3/mult_x_7           1255.5900      0.1    1255.5900      0.0000  0.0000  core4_1_DW_mult_tc_J21_0_5
core16_5/core4_4                   14250.0958      1.7       0.5040    538.6500  0.0000  core4_9
core16_5/core4_4/evalA               979.5240      0.1      31.6260      0.0000  0.0000  Eval_32_9
core16_5/core4_4/evalA/DP_OP_53J27_123_9060    248.3460     0.0    248.3460     0.0000 0.0000 Eval_32_1_DP_OP_53J27_123_9060_J27_0_5
core16_5/core4_4/evalA/DP_OP_54J27_124_1586    356.4540     0.0    356.4540     0.0000 0.0000 Eval_32_1_DP_OP_54J27_124_1586_J27_0_5
core16_5/core4_4/evalA/DP_OP_55J27_125_1337    343.0980     0.0    343.0980     0.0000 0.0000 Eval_32_1_DP_OP_55J27_125_1337_J27_0_5
core16_5/core4_4/evalB               690.7320      0.1      23.4360      0.0000  0.0000  Eval_33_9
core16_5/core4_4/evalB/DP_OP_53J24_122_8097    173.7540     0.0    173.7540     0.0000 0.0000 Eval_33_1_DP_OP_53J24_122_8097_J24_0_5
core16_5/core4_4/evalB/DP_OP_54J24_123_1200    255.5280     0.0    255.5280     0.0000 0.0000 Eval_33_1_DP_OP_54J24_123_1200_J24_0_5
core16_5/core4_4/evalB/DP_OP_55J24_124_5184    238.0140     0.0    238.0140     0.0000 0.0000 Eval_33_1_DP_OP_55J24_124_5184_J24_0_5
core16_5/core4_4/interp             3062.9340      0.4       0.5040    289.1700  0.0000  Interpolation_10
core16_5/core4_4/interp/interp      2773.2600      0.3       0.2520      0.0000  0.0000  InterpolationComb_10
core16_5/core4_4/interp/interp/DP_OP_106J26_122_5359   2773.0080     0.3   2773.0080     0.0000 0.0000 InterpolationComb_1_DP_OP_106J26_122_5359_J26_0_5
core16_5/core4_4/mult_x_1           1254.2040      0.1    1254.2040      0.0000  0.0000  core4_1_DW_mult_tc_J21_6_4
core16_5/core4_4/mult_x_2           1255.9680      0.1    1255.9680      0.0000  0.0000  core4_1_DW_mult_tc_J21_5_4
core16_5/core4_4/mult_x_3           1307.5020      0.2    1307.5020      0.0000  0.0000  core4_1_DW_mult_tc_J21_4_4
core16_5/core4_4/mult_x_4           1302.0840      0.2    1302.0840      0.0000  0.0000  core4_1_DW_mult_tc_J21_3_4
core16_5/core4_4/mult_x_5           1299.9420      0.2    1299.9420      0.0000  0.0000  core4_1_DW_mult_tc_J21_2_4
core16_5/core4_4/mult_x_6           1303.5960      0.2    1303.5960      0.0000  0.0000  core4_1_DW_mult_tc_J21_1_4
core16_5/core4_4/mult_x_7           1254.4560      0.1    1254.4560      0.0000  0.0000  core4_1_DW_mult_tc_J21_0_4
core16_5/core4_5                   14265.9718      1.7       0.5040    538.6500  0.0000  core4_8
core16_5/core4_5/evalA               979.5240      0.1      31.6260      0.0000  0.0000  Eval_32_8
core16_5/core4_5/evalA/DP_OP_53J27_123_9060    248.3460     0.0    248.3460     0.0000 0.0000 Eval_32_1_DP_OP_53J27_123_9060_J27_0_4
core16_5/core4_5/evalA/DP_OP_54J27_124_1586    356.4540     0.0    356.4540     0.0000 0.0000 Eval_32_1_DP_OP_54J27_124_1586_J27_0_4
core16_5/core4_5/evalA/DP_OP_55J27_125_1337    343.0980     0.0    343.0980     0.0000 0.0000 Eval_32_1_DP_OP_55J27_125_1337_J27_0_4
core16_5/core4_5/evalB               691.8660      0.1      23.8140      0.0000  0.0000  Eval_33_8
core16_5/core4_5/evalB/DP_OP_53J24_122_8097    174.7620     0.0    174.7620     0.0000 0.0000 Eval_33_1_DP_OP_53J24_122_8097_J24_0_4
core16_5/core4_5/evalB/DP_OP_54J24_123_1200    253.3860     0.0    253.3860     0.0000 0.0000 Eval_33_1_DP_OP_54J24_123_1200_J24_0_4
core16_5/core4_5/evalB/DP_OP_55J24_124_5184    239.9040     0.0    239.9040     0.0000 0.0000 Eval_33_1_DP_OP_55J24_124_5184_J24_0_4
core16_5/core4_5/interp             3063.4380      0.4       0.5040    289.1700  0.0000  Interpolation_9
core16_5/core4_5/interp/interp      2773.7640      0.3       0.2520      0.0000  0.0000  InterpolationComb_9
core16_5/core4_5/interp/interp/DP_OP_106J26_122_5359   2773.5120     0.3   2773.5120     0.0000 0.0000 InterpolationComb_1_DP_OP_106J26_122_5359_J26_0_4
core16_5/core4_5/mult_x_1           1253.5740      0.1    1253.5740      0.0000  0.0000  core4_1_DW_mult_tc_J21_6_3
core16_5/core4_5/mult_x_2           1257.3540      0.1    1257.3540      0.0000  0.0000  core4_1_DW_mult_tc_J21_5_3
core16_5/core4_5/mult_x_3           1308.5100      0.2    1308.5100      0.0000  0.0000  core4_1_DW_mult_tc_J21_4_3
core16_5/core4_5/mult_x_4           1307.3760      0.2    1307.3760      0.0000  0.0000  core4_1_DW_mult_tc_J21_3_3
core16_5/core4_5/mult_x_5           1306.4940      0.2    1306.4940      0.0000  0.0000  core4_1_DW_mult_tc_J21_2_3
core16_5/core4_5/mult_x_6           1304.8560      0.2    1304.8560      0.0000  0.0000  core4_1_DW_mult_tc_J21_1_3
core16_5/core4_5/mult_x_7           1253.8260      0.1    1253.8260      0.0000  0.0000  core4_1_DW_mult_tc_J21_0_3
core16_5/core4_6                   13737.9058      1.6       0.5040    538.6500  0.0000  core4_7
core16_5/core4_6/evalA               985.1940      0.1      37.2960      0.0000  0.0000  Eval_32_7
core16_5/core4_6/evalA/DP_OP_53J27_123_9060    248.3460     0.0    248.3460     0.0000 0.0000 Eval_32_1_DP_OP_53J27_123_9060_J27_0_3
core16_5/core4_6/evalA/DP_OP_54J27_124_1586    356.4540     0.0    356.4540     0.0000 0.0000 Eval_32_1_DP_OP_54J27_124_1586_J27_0_3
core16_5/core4_6/evalA/DP_OP_55J27_125_1337    343.0980     0.0    343.0980     0.0000 0.0000 Eval_32_1_DP_OP_55J27_125_1337_J27_0_3
core16_5/core4_6/evalB               695.2680      0.1      23.4360      0.0000  0.0000  Eval_33_7
core16_5/core4_6/evalB/DP_OP_53J24_122_8097    178.1640     0.0    178.1640     0.0000 0.0000 Eval_33_1_DP_OP_53J24_122_8097_J24_0_3
core16_5/core4_6/evalB/DP_OP_54J24_123_1200    253.3860     0.0    253.3860     0.0000 0.0000 Eval_33_1_DP_OP_54J24_123_1200_J24_0_3
core16_5/core4_6/evalB/DP_OP_55J24_124_5184    240.2820     0.0    240.2820     0.0000 0.0000 Eval_33_1_DP_OP_55J24_124_5184_J24_0_3
core16_5/core4_6/interp             2962.3860      0.3       0.5040    281.6100  0.0000  Interpolation_8
core16_5/core4_6/interp/interp      2680.2720      0.3       0.2520      0.0000  0.0000  InterpolationComb_8
core16_5/core4_6/interp/interp/DP_OP_106J27_122_4710   2680.0200     0.3   2680.0200     0.0000 0.0000 InterpolationComb_0_DP_OP_106J27_122_4710_J27_0_3
core16_5/core4_6/mult_x_1           1046.1780      0.1    1046.1780      0.0000  0.0000  core4_7_DW_mult_tc_J22_6_0
core16_5/core4_6/mult_x_2           1255.5900      0.1    1255.5900      0.0000  0.0000  core4_7_DW_mult_tc_J22_5_0
core16_5/core4_6/mult_x_3           1302.4620      0.2    1302.4620      0.0000  0.0000  core4_7_DW_mult_tc_J22_4_0
core16_5/core4_6/mult_x_4           1300.5720      0.2    1300.5720      0.0000  0.0000  core4_7_DW_mult_tc_J22_3_0
core16_5/core4_6/mult_x_5           1303.4700      0.2    1303.4700      0.0000  0.0000  core4_7_DW_mult_tc_J22_2_0
core16_5/core4_6/mult_x_6           1301.4540      0.2    1301.4540      0.0000  0.0000  core4_7_DW_mult_tc_J22_1_0
core16_5/core4_6/mult_x_7           1046.1780      0.1    1046.1780      0.0000  0.0000  core4_7_DW_mult_tc_J22_0_0
core16_5/evalA                       984.6900      0.1      36.7920      0.0000  0.0000  Eval_32_56
core16_5/evalA/DP_OP_53J27_123_9060    248.3460     0.0    248.3460      0.0000  0.0000  Eval_32_1_DP_OP_53J27_123_9060_J27_0_36
core16_5/evalA/DP_OP_54J27_124_1586    356.4540     0.0    356.4540      0.0000  0.0000  Eval_32_1_DP_OP_54J27_124_1586_J27_0_36
core16_5/evalA/DP_OP_55J27_125_1337    343.0980     0.0    343.0980      0.0000  0.0000  Eval_32_1_DP_OP_55J27_125_1337_J27_0_36
core16_5/evalA_1                     979.6500      0.1      31.7520      0.0000  0.0000  Eval_32_55
core16_5/evalA_1/DP_OP_53J27_123_9060    248.3460     0.0    248.3460     0.0000 0.0000  Eval_32_1_DP_OP_53J27_123_9060_J27_0_35
core16_5/evalA_1/DP_OP_54J27_124_1586    356.4540     0.0    356.4540     0.0000 0.0000  Eval_32_1_DP_OP_54J27_124_1586_J27_0_35
core16_5/evalA_1/DP_OP_55J27_125_1337    343.0980     0.0    343.0980     0.0000 0.0000  Eval_32_1_DP_OP_55J27_125_1337_J27_0_35
core16_5/evalA_2                     979.6500      0.1      31.7520      0.0000  0.0000  Eval_32_54
core16_5/evalA_2/DP_OP_53J27_123_9060    248.3460     0.0    248.3460     0.0000 0.0000  Eval_32_1_DP_OP_53J27_123_9060_J27_0_34
core16_5/evalA_2/DP_OP_54J27_124_1586    356.4540     0.0    356.4540     0.0000 0.0000  Eval_32_1_DP_OP_54J27_124_1586_J27_0_34
core16_5/evalA_2/DP_OP_55J27_125_1337    343.0980     0.0    343.0980     0.0000 0.0000  Eval_32_1_DP_OP_55J27_125_1337_J27_0_34
core16_5/evalA_3                     984.6900      0.1      36.7920      0.0000  0.0000  Eval_32_53
core16_5/evalA_3/DP_OP_53J27_123_9060    248.3460     0.0    248.3460     0.0000 0.0000  Eval_32_1_DP_OP_53J27_123_9060_J27_0_33
core16_5/evalA_3/DP_OP_54J27_124_1586    356.4540     0.0    356.4540     0.0000 0.0000  Eval_32_1_DP_OP_54J27_124_1586_J27_0_33
core16_5/evalA_3/DP_OP_55J27_125_1337    343.0980     0.0    343.0980     0.0000 0.0000  Eval_32_1_DP_OP_55J27_125_1337_J27_0_33
core16_5/evalB                       695.1420      0.1      22.3020      0.0000  0.0000  Eval_33_56
core16_5/evalB/DP_OP_53J24_122_8097    172.9980     0.0    172.9980      0.0000  0.0000  Eval_33_1_DP_OP_53J24_122_8097_J24_0_32
core16_5/evalB/DP_OP_54J24_123_1200    261.9540     0.0    261.9540      0.0000  0.0000  Eval_33_1_DP_OP_54J24_123_1200_J24_0_32
core16_5/evalB/DP_OP_55J24_124_5184    237.8880     0.0    237.8880      0.0000  0.0000  Eval_33_1_DP_OP_55J24_124_5184_J24_0_32
core16_5/evalB_1                     700.0560      0.1      21.6720      0.0000  0.0000  Eval_33_55
core16_5/evalB_1/DP_OP_53J24_122_8097    180.6840     0.0    180.6840     0.0000 0.0000  Eval_33_1_DP_OP_53J24_122_8097_J24_0_31
core16_5/evalB_1/DP_OP_54J24_123_1200    254.7720     0.0    254.7720     0.0000 0.0000  Eval_33_1_DP_OP_54J24_123_1200_J24_0_31
core16_5/evalB_1/DP_OP_55J24_124_5184    242.9280     0.0    242.9280     0.0000 0.0000  Eval_33_1_DP_OP_55J24_124_5184_J24_0_31
core16_5/evalB_2                     701.9460      0.1      21.6720      0.0000  0.0000  Eval_33_54
core16_5/evalB_2/DP_OP_53J24_122_8097    182.1960     0.0    182.1960     0.0000 0.0000  Eval_33_1_DP_OP_53J24_122_8097_J24_0_30
core16_5/evalB_2/DP_OP_54J24_123_1200    256.5360     0.0    256.5360     0.0000 0.0000  Eval_33_1_DP_OP_54J24_123_1200_J24_0_30
core16_5/evalB_2/DP_OP_55J24_124_5184    241.5420     0.0    241.5420     0.0000 0.0000  Eval_33_1_DP_OP_55J24_124_5184_J24_0_30
core16_5/evalB_3                     702.1980      0.1      22.4280      0.0000  0.0000  Eval_33_53
core16_5/evalB_3/DP_OP_53J24_122_8097    181.5660     0.0    181.5660     0.0000 0.0000  Eval_33_1_DP_OP_53J24_122_8097_J24_0_29
core16_5/evalB_3/DP_OP_54J24_123_1200    256.0320     0.0    256.0320     0.0000 0.0000  Eval_33_1_DP_OP_54J24_123_1200_J24_0_29
core16_5/evalB_3/DP_OP_55J24_124_5184    242.1720     0.0    242.1720     0.0000 0.0000  Eval_33_1_DP_OP_55J24_124_5184_J24_0_29
core16_5/interp                    11656.5118      1.4       0.5040   1060.2900  0.0000  Interpolation_7_1
core16_5/interp/interp             10595.7178      1.2       0.2520      0.0000  0.0000  InterpolationComb_7_1
core16_5/interp/interp/DP_OP_421J11_122_5960  10595.4658     1.2  10595.4658     0.0000 0.0000 InterpolationComb_7_1_DP_OP_421J11_122_5960_J11_0_0
core16_6                          107188.7025     12.4       1.7640   1990.1700  0.0000  core16_0
core16_6/core4_0                   11557.2238      1.3       0.7560    538.6500  0.0000  core4_6
core16_6/core4_0/evalA               817.2360      0.1      25.3260      0.0000  0.0000  Eval_32_6
core16_6/core4_0/evalA/DP_OP_54J20_122_3084    211.6800     0.0    211.6800     0.0000 0.0000 Eval_32_0_DP_OP_54J20_122_3084_J20_0_1
core16_6/core4_0/evalA/DP_OP_55J20_123_6116    287.1540     0.0    287.1540     0.0000 0.0000 Eval_32_0_DP_OP_55J20_123_6116_J20_0_1
core16_6/core4_0/evalA/DP_OP_56J20_124_9559    293.0760     0.0    293.0760     0.0000 0.0000 Eval_32_0_DP_OP_56J20_124_9559_J20_0_1
core16_6/core4_0/evalB               426.3840      0.0      13.3560      0.0000  0.0000  Eval_33_6
core16_6/core4_0/evalB/DP_OP_54J25_125_1607    110.7540     0.0    110.7540     0.0000 0.0000 Eval_33_0_DP_OP_54J25_125_1607_J25_0_1
core16_6/core4_0/evalB/DP_OP_55J25_126_5730    148.1760     0.0    148.1760     0.0000 0.0000 Eval_33_0_DP_OP_55J25_126_5730_J25_0_1
core16_6/core4_0/evalB/DP_OP_56J25_127_8412    154.0980     0.0    154.0980     0.0000 0.0000 Eval_33_0_DP_OP_56J25_127_8412_J25_0_1
core16_6/core4_0/interp             2962.7640      0.3       0.5040    281.6100  0.0000  Interpolation_6
core16_6/core4_0/interp/interp      2680.6500      0.3       0.2520      0.0000  0.0000  InterpolationComb_6
core16_6/core4_0/interp/interp/DP_OP_106J27_122_4710   2680.3980     0.3   2680.3980     0.0000 0.0000 InterpolationComb_0_DP_OP_106J27_122_4710_J27_0_2
core16_6/core4_0/mult_x_1            830.3400      0.1     830.3400      0.0000  0.0000  core4_0_DW_mult_uns_J16_3_1
core16_6/core4_0/mult_x_2           1038.6180      0.1    1038.6180      0.0000  0.0000  core4_0_DW_mult_uns_J16_2_1
core16_6/core4_0/mult_x_3            962.8920      0.1     962.8920      0.0000  0.0000  core4_0_DW_mult_tc_J16_2_1
core16_6/core4_0/mult_x_4            973.4760      0.1     973.4760      0.0000  0.0000  core4_0_DW_mult_tc_J16_1_1
core16_6/core4_0/mult_x_5           1096.3260      0.1    1096.3260      0.0000  0.0000  core4_0_DW_mult_uns_J16_1_1
core16_6/core4_0/mult_x_6           1079.4420      0.1    1079.4420      0.0000  0.0000  core4_0_DW_mult_tc_J16_0_1
core16_6/core4_0/mult_x_7            830.3400      0.1     830.3400      0.0000  0.0000  core4_0_DW_mult_uns_J16_0_1
core16_6/core4_1                   13091.3998      1.5       0.7560    538.6500  0.0000  core4_5
core16_6/core4_1/evalA               932.7780      0.1      28.6020      0.0000  0.0000  Eval_32_5
core16_6/core4_1/evalA/DP_OP_54J26_126_5405    241.2900     0.0    241.2900     0.0000 0.0000 Eval_32_5_DP_OP_54J26_126_5405_J26_0_0
core16_6/core4_1/evalA/DP_OP_55J26_127_5712    331.8840     0.0    331.8840     0.0000 0.0000 Eval_32_5_DP_OP_55J26_127_5712_J26_0_0
core16_6/core4_1/evalA/DP_OP_56J26_128_4935    331.0020     0.0    331.0020     0.0000 0.0000 Eval_32_5_DP_OP_56J26_128_4935_J26_0_0
core16_6/core4_1/evalB               553.1400      0.1      16.8840      0.0000  0.0000  Eval_33_5
core16_6/core4_1/evalB/DP_OP_54J26_129_3928    146.5380     0.0    146.5380     0.0000 0.0000 Eval_33_5_DP_OP_54J26_129_3928_J26_0_0
core16_6/core4_1/evalB/DP_OP_55J26_130_5326    195.0480     0.0    195.0480     0.0000 0.0000 Eval_33_5_DP_OP_55J26_130_5326_J26_0_0
core16_6/core4_1/evalB/DP_OP_56J26_131_8300    194.6700     0.0    194.6700     0.0000 0.0000 Eval_33_5_DP_OP_56J26_131_8300_J26_0_0
core16_6/core4_1/interp             2962.7640      0.3       0.5040    281.6100  0.0000  Interpolation_5
core16_6/core4_1/interp/interp      2680.6500      0.3       0.2520      0.0000  0.0000  InterpolationComb_5
core16_6/core4_1/interp/interp/DP_OP_106J27_122_4710   2680.3980     0.3   2680.3980     0.0000 0.0000 InterpolationComb_0_DP_OP_106J27_122_4710_J27_0_1
core16_6/core4_1/mult_x_1           1042.1460      0.1    1042.1460      0.0000  0.0000  core4_5_DW_mult_uns_J31_3_0
core16_6/core4_1/mult_x_2           1207.3320      0.1    1207.3320      0.0000  0.0000  core4_5_DW_mult_uns_J31_2_0
core16_6/core4_1/mult_x_3           1187.1720      0.1    1187.1720      0.0000  0.0000  core4_5_DW_mult_tc_J31_2_0
core16_6/core4_1/mult_x_4           1169.0280      0.1    1169.0280      0.0000  0.0000  core4_5_DW_mult_tc_J31_1_0
core16_6/core4_1/mult_x_5           1209.8520      0.1    1209.8520      0.0000  0.0000  core4_5_DW_mult_uns_J31_1_0
core16_6/core4_1/mult_x_6           1249.1640      0.1    1249.1640      0.0000  0.0000  core4_5_DW_mult_tc_J31_0_0
core16_6/core4_1/mult_x_7           1038.6180      0.1    1038.6180      0.0000  0.0000  core4_5_DW_mult_uns_J31_0_0
core16_6/core4_2                   12222.6298      1.4       0.7560    538.6500  0.0000  core4_4
core16_6/core4_2/evalA               858.9420      0.1      26.2080      0.0000  0.0000  Eval_32_4
core16_6/core4_2/evalA/DP_OP_53J27_123_9060    220.7520     0.0    220.7520     0.0000 0.0000 Eval_32_1_DP_OP_53J27_123_9060_J27_0_2
core16_6/core4_2/evalA/DP_OP_54J27_124_1586    303.4080     0.0    303.4080     0.0000 0.0000 Eval_32_1_DP_OP_54J27_124_1586_J27_0_2
core16_6/core4_2/evalA/DP_OP_55J27_125_1337    308.5740     0.0    308.5740     0.0000 0.0000 Eval_32_1_DP_OP_55J27_125_1337_J27_0_2
core16_6/core4_2/evalB               466.5780      0.1      14.4900      0.0000  0.0000  Eval_33_4
core16_6/core4_2/evalB/DP_OP_53J24_122_8097    118.6920     0.0    118.6920     0.0000 0.0000 Eval_33_1_DP_OP_53J24_122_8097_J24_0_2
core16_6/core4_2/evalB/DP_OP_54J24_123_1200    163.2960     0.0    163.2960     0.0000 0.0000 Eval_33_1_DP_OP_54J24_123_1200_J24_0_2
core16_6/core4_2/evalB/DP_OP_55J24_124_5184    170.1000     0.0    170.1000     0.0000 0.0000 Eval_33_1_DP_OP_55J24_124_5184_J24_0_2
core16_6/core4_2/interp             3062.4300      0.4       0.5040    289.1700  0.0000  Interpolation_4
core16_6/core4_2/interp/interp      2772.7560      0.3       0.2520      0.0000  0.0000  InterpolationComb_4
core16_6/core4_2/interp/interp/DP_OP_106J26_122_5359   2772.5040     0.3   2772.5040     0.0000 0.0000 InterpolationComb_1_DP_OP_106J26_122_5359_J26_0_3
core16_6/core4_2/mult_x_1            942.6060      0.1     942.6060      0.0000  0.0000  core4_1_DW_mult_tc_J21_6_2
core16_6/core4_2/mult_x_2           1069.6140      0.1    1069.6140      0.0000  0.0000  core4_1_DW_mult_tc_J21_5_2
core16_6/core4_2/mult_x_3           1016.3160      0.1    1016.3160      0.0000  0.0000  core4_1_DW_mult_tc_J21_4_2
core16_6/core4_2/mult_x_4           1057.7700      0.1    1057.7700      0.0000  0.0000  core4_1_DW_mult_tc_J21_3_2
core16_6/core4_2/mult_x_5           1098.9720      0.1    1098.9720      0.0000  0.0000  core4_1_DW_mult_tc_J21_2_2
core16_6/core4_2/mult_x_6           1159.0740      0.1    1159.0740      0.0000  0.0000  core4_1_DW_mult_tc_J21_1_2
core16_6/core4_2/mult_x_7            950.9220      0.1     950.9220      0.0000  0.0000  core4_1_DW_mult_tc_J21_0_2
core16_6/core4_3                   13643.9098      1.6       0.5040    538.6500  0.0000  core4_3
core16_6/core4_3/evalA               978.6420      0.1      30.7440      0.0000  0.0000  Eval_32_3
core16_6/core4_3/evalA/DP_OP_53J27_123_9060    248.3460     0.0    248.3460     0.0000 0.0000 Eval_32_1_DP_OP_53J27_123_9060_J27_0_1
core16_6/core4_3/evalA/DP_OP_54J27_124_1586    356.4540     0.0    356.4540     0.0000 0.0000 Eval_32_1_DP_OP_54J27_124_1586_J27_0_1
core16_6/core4_3/evalA/DP_OP_55J27_125_1337    343.0980     0.0    343.0980     0.0000 0.0000 Eval_32_1_DP_OP_55J27_125_1337_J27_0_1
core16_6/core4_3/evalB               693.5040      0.1      22.0500      0.0000  0.0000  Eval_33_3
core16_6/core4_3/evalB/DP_OP_53J24_122_8097    173.7540     0.0    173.7540     0.0000 0.0000 Eval_33_1_DP_OP_53J24_122_8097_J24_0_1
core16_6/core4_3/evalB/DP_OP_54J24_123_1200    255.5280     0.0    255.5280     0.0000 0.0000 Eval_33_1_DP_OP_54J24_123_1200_J24_0_1
core16_6/core4_3/evalB/DP_OP_55J24_124_5184    242.1720     0.0    242.1720     0.0000 0.0000 Eval_33_1_DP_OP_55J24_124_5184_J24_0_1
core16_6/core4_3/interp             3063.4380      0.4       0.5040    289.1700  0.0000  Interpolation_3
core16_6/core4_3/interp/interp      2773.7640      0.3       0.2520      0.0000  0.0000  InterpolationComb_3
core16_6/core4_3/interp/interp/DP_OP_106J26_122_5359   2773.5120     0.3   2773.5120     0.0000 0.0000 InterpolationComb_1_DP_OP_106J26_122_5359_J26_0_2
core16_6/core4_3/mult_x_1            946.1340      0.1     946.1340      0.0000  0.0000  core4_1_DW_mult_tc_J21_6_1
core16_6/core4_3/mult_x_2           1254.4560      0.1    1254.4560      0.0000  0.0000  core4_1_DW_mult_tc_J21_5_1
core16_6/core4_3/mult_x_3           1304.8560      0.2    1304.8560      0.0000  0.0000  core4_1_DW_mult_tc_J21_4_1
core16_6/core4_3/mult_x_4           1303.9740      0.2    1303.9740      0.0000  0.0000  core4_1_DW_mult_tc_J21_3_1
core16_6/core4_3/mult_x_5           1304.7300      0.2    1304.7300      0.0000  0.0000  core4_1_DW_mult_tc_J21_2_1
core16_6/core4_3/mult_x_6           1308.8880      0.2    1308.8880      0.0000  0.0000  core4_1_DW_mult_tc_J21_1_1
core16_6/core4_3/mult_x_7            946.1340      0.1     946.1340      0.0000  0.0000  core4_1_DW_mult_tc_J21_0_1
core16_6/core4_4                   13148.2258      1.5       0.7560    538.6500  0.0000  core4_2
core16_6/core4_4/evalA               934.1640      0.1      28.4760      0.0000  0.0000  Eval_32_2
core16_6/core4_4/evalA/DP_OP_54J16_122_2586    241.7940     0.0    241.7940     0.0000 0.0000 Eval_32_2_DP_OP_54J16_122_2586_J16_0_0
core16_6/core4_4/evalA/DP_OP_55J16_123_4716    329.3640     0.0    329.3640     0.0000 0.0000 Eval_32_2_DP_OP_55J16_123_4716_J16_0_0
core16_6/core4_4/evalA/DP_OP_56J16_124_4901    334.5300     0.0    334.5300     0.0000 0.0000 Eval_32_2_DP_OP_56J16_124_4901_J16_0_0
core16_6/core4_4/evalB               544.9500      0.1      17.1360      0.0000  0.0000  Eval_33_2
core16_6/core4_4/evalB/DP_OP_54J21_125_6473    140.9940     0.0    140.9940     0.0000 0.0000 Eval_33_2_DP_OP_54J21_125_6473_J21_0_0
core16_6/core4_4/evalB/DP_OP_55J21_126_780    189.7560     0.0    189.7560     0.0000 0.0000 Eval_33_2_DP_OP_55J21_126_780_J21_0_0
core16_6/core4_4/evalB/DP_OP_56J21_127_9714    197.0640     0.0    197.0640     0.0000 0.0000 Eval_33_2_DP_OP_56J21_127_9714_J21_0_0
core16_6/core4_4/interp             3062.9340      0.4       0.5040    289.1700  0.0000  Interpolation_2
core16_6/core4_4/interp/interp      2773.2600      0.3       0.2520      0.0000  0.0000  InterpolationComb_2
core16_6/core4_4/interp/interp/DP_OP_106J26_122_5359   2773.0080     0.3   2773.0080     0.0000 0.0000 InterpolationComb_1_DP_OP_106J26_122_5359_J26_0_1
core16_6/core4_4/mult_x_1           1063.1880      0.1    1063.1880      0.0000  0.0000  core4_2_DW_mult_uns_J33_3_0
core16_6/core4_4/mult_x_2           1217.5380      0.1    1217.5380      0.0000  0.0000  core4_2_DW_mult_uns_J33_2_0
core16_6/core4_4/mult_x_3           1126.5660      0.1    1126.5660      0.0000  0.0000  core4_2_DW_mult_tc_J33_2_0
core16_6/core4_4/mult_x_4           1156.4280      0.1    1156.4280      0.0000  0.0000  core4_2_DW_mult_tc_J33_1_0
core16_6/core4_4/mult_x_5           1207.9620      0.1    1207.9620      0.0000  0.0000  core4_2_DW_mult_uns_J33_1_0
core16_6/core4_4/mult_x_6           1232.1540      0.1    1232.1540      0.0000  0.0000  core4_2_DW_mult_tc_J33_0_0
core16_6/core4_4/mult_x_7           1062.9360      0.1    1062.9360      0.0000  0.0000  core4_2_DW_mult_uns_J33_0_0
core16_6/core4_5                   13832.9098      1.6       0.5040    538.6500  0.0000  core4_1
core16_6/core4_5/evalA               979.6500      0.1      31.7520      0.0000  0.0000  Eval_32_1
core16_6/core4_5/evalA/DP_OP_53J27_123_9060    248.3460     0.0    248.3460     0.0000 0.0000 Eval_32_1_DP_OP_53J27_123_9060_J27_0_0
core16_6/core4_5/evalA/DP_OP_54J27_124_1586    356.4540     0.0    356.4540     0.0000 0.0000 Eval_32_1_DP_OP_54J27_124_1586_J27_0_0
core16_6/core4_5/evalA/DP_OP_55J27_125_1337    343.0980     0.0    343.0980     0.0000 0.0000 Eval_32_1_DP_OP_55J27_125_1337_J27_0_0
core16_6/core4_5/evalB               692.6220      0.1      22.6800      0.0000  0.0000  Eval_33_1
core16_6/core4_5/evalB/DP_OP_53J24_122_8097    175.0140     0.0    175.0140     0.0000 0.0000 Eval_33_1_DP_OP_53J24_122_8097_J24_0_0
core16_6/core4_5/evalB/DP_OP_54J24_123_1200    255.1500     0.0    255.1500     0.0000 0.0000 Eval_33_1_DP_OP_54J24_123_1200_J24_0_0
core16_6/core4_5/evalB/DP_OP_55J24_124_5184    239.7780     0.0    239.7780     0.0000 0.0000 Eval_33_1_DP_OP_55J24_124_5184_J24_0_0
core16_6/core4_5/interp             3062.4300      0.4       0.5040    289.1700  0.0000  Interpolation_1
core16_6/core4_5/interp/interp      2772.7560      0.3       0.2520      0.0000  0.0000  InterpolationComb_1
core16_6/core4_5/interp/interp/DP_OP_106J26_122_5359   2772.5040     0.3   2772.5040     0.0000 0.0000 InterpolationComb_1_DP_OP_106J26_122_5359_J26_0_0
core16_6/core4_5/mult_x_1           1046.1780      0.1    1046.1780      0.0000  0.0000  core4_1_DW_mult_tc_J21_6_0
core16_6/core4_5/mult_x_2           1257.9840      0.1    1257.9840      0.0000  0.0000  core4_1_DW_mult_tc_J21_5_0
core16_6/core4_5/mult_x_3           1306.3680      0.2    1306.3680      0.0000  0.0000  core4_1_DW_mult_tc_J21_4_0
core16_6/core4_5/mult_x_4           1300.6980      0.2    1300.6980      0.0000  0.0000  core4_1_DW_mult_tc_J21_3_0
core16_6/core4_5/mult_x_5           1301.8320      0.2    1301.8320      0.0000  0.0000  core4_1_DW_mult_tc_J21_2_0
core16_6/core4_5/mult_x_6           1299.8160      0.2    1299.8160      0.0000  0.0000  core4_1_DW_mult_tc_J21_1_0
core16_6/core4_5/mult_x_7           1046.1780      0.1    1046.1780      0.0000  0.0000  core4_1_DW_mult_tc_J21_0_0
core16_6/core4_6                   11558.2318      1.3       0.7560    538.6500  0.0000  core4_0
core16_6/core4_6/evalA               817.1100      0.1      25.2000      0.0000  0.0000  Eval_32_0
core16_6/core4_6/evalA/DP_OP_54J20_122_3084    211.6800     0.0    211.6800     0.0000 0.0000 Eval_32_0_DP_OP_54J20_122_3084_J20_0_0
core16_6/core4_6/evalA/DP_OP_55J20_123_6116    287.1540     0.0    287.1540     0.0000 0.0000 Eval_32_0_DP_OP_55J20_123_6116_J20_0_0
core16_6/core4_6/evalA/DP_OP_56J20_124_9559    293.0760     0.0    293.0760     0.0000 0.0000 Eval_32_0_DP_OP_56J20_124_9559_J20_0_0
core16_6/core4_6/evalB               428.0220      0.0      13.3560      0.0000  0.0000  Eval_33_0
core16_6/core4_6/evalB/DP_OP_54J25_125_1607    111.3840     0.0    111.3840     0.0000 0.0000 Eval_33_0_DP_OP_54J25_125_1607_J25_0_0
core16_6/core4_6/evalB/DP_OP_55J25_126_5730    148.5540     0.0    148.5540     0.0000 0.0000 Eval_33_0_DP_OP_55J25_126_5730_J25_0_0
core16_6/core4_6/evalB/DP_OP_56J25_127_8412    154.7280     0.0    154.7280     0.0000 0.0000 Eval_33_0_DP_OP_56J25_127_8412_J25_0_0
core16_6/core4_6/interp             2962.7640      0.3       0.5040    281.6100  0.0000  Interpolation_0
core16_6/core4_6/interp/interp      2680.6500      0.3       0.2520      0.0000  0.0000  InterpolationComb_0
core16_6/core4_6/interp/interp/DP_OP_106J27_122_4710   2680.3980     0.3   2680.3980     0.0000 0.0000 InterpolationComb_0_DP_OP_106J27_122_4710_J27_0_0
core16_6/core4_6/mult_x_1            830.3400      0.1     830.3400      0.0000  0.0000  core4_0_DW_mult_uns_J16_3_0
core16_6/core4_6/mult_x_2           1038.8700      0.1    1038.8700      0.0000  0.0000  core4_0_DW_mult_uns_J16_2_0
core16_6/core4_6/mult_x_3            964.7820      0.1     964.7820      0.0000  0.0000  core4_0_DW_mult_tc_J16_2_0
core16_6/core4_6/mult_x_4            974.2320      0.1     974.2320      0.0000  0.0000  core4_0_DW_mult_tc_J16_1_0
core16_6/core4_6/mult_x_5           1094.6880      0.1    1094.6880      0.0000  0.0000  core4_0_DW_mult_uns_J16_1_0
core16_6/core4_6/mult_x_6           1077.6780      0.1    1077.6780      0.0000  0.0000  core4_0_DW_mult_tc_J16_0_0
core16_6/core4_6/mult_x_7            830.3400      0.1     830.3400      0.0000  0.0000  core4_0_DW_mult_uns_J16_0_0
core16_6/evalA                       817.1100      0.1      25.2000      0.0000  0.0000  Eval_32_52
core16_6/evalA/DP_OP_54J33_122_7900    211.6800     0.0    211.6800      0.0000  0.0000  Eval_32_49_DP_OP_54J33_122_7900_J33_0_3
core16_6/evalA/DP_OP_55J33_123_8116    287.1540     0.0    287.1540      0.0000  0.0000  Eval_32_49_DP_OP_55J33_123_8116_J33_0_3
core16_6/evalA/DP_OP_56J33_124_5825    293.0760     0.0    293.0760      0.0000  0.0000  Eval_32_49_DP_OP_56J33_124_5825_J33_0_3
core16_6/evalA_1                     816.4800      0.1      24.5700      0.0000  0.0000  Eval_32_51
core16_6/evalA_1/DP_OP_54J33_122_7900    211.6800     0.0    211.6800     0.0000 0.0000  Eval_32_49_DP_OP_54J33_122_7900_J33_0_2
core16_6/evalA_1/DP_OP_55J33_123_8116    287.1540     0.0    287.1540     0.0000 0.0000  Eval_32_49_DP_OP_55J33_123_8116_J33_0_2
core16_6/evalA_1/DP_OP_56J33_124_5825    293.0760     0.0    293.0760     0.0000 0.0000  Eval_32_49_DP_OP_56J33_124_5825_J33_0_2
core16_6/evalA_2                     816.4800      0.1      24.5700      0.0000  0.0000  Eval_32_50
core16_6/evalA_2/DP_OP_54J33_122_7900    211.6800     0.0    211.6800     0.0000 0.0000  Eval_32_49_DP_OP_54J33_122_7900_J33_0_1
core16_6/evalA_2/DP_OP_55J33_123_8116    287.1540     0.0    287.1540     0.0000 0.0000  Eval_32_49_DP_OP_55J33_123_8116_J33_0_1
core16_6/evalA_2/DP_OP_56J33_124_5825    293.0760     0.0    293.0760     0.0000 0.0000  Eval_32_49_DP_OP_56J33_124_5825_J33_0_1
core16_6/evalA_3                     817.2360      0.1      25.3260      0.0000  0.0000  Eval_32_49
core16_6/evalA_3/DP_OP_54J33_122_7900    211.6800     0.0    211.6800     0.0000 0.0000  Eval_32_49_DP_OP_54J33_122_7900_J33_0_0
core16_6/evalA_3/DP_OP_55J33_123_8116    287.1540     0.0    287.1540     0.0000 0.0000  Eval_32_49_DP_OP_55J33_123_8116_J33_0_0
core16_6/evalA_3/DP_OP_56J33_124_5825    293.0760     0.0    293.0760     0.0000 0.0000  Eval_32_49_DP_OP_56J33_124_5825_J33_0_0
core16_6/evalB                       431.9280      0.1      13.9860      0.0000  0.0000  Eval_33_52
core16_6/evalB/DP_OP_54J19_125_1425    110.1240     0.0    110.1240      0.0000  0.0000  Eval_33_49_DP_OP_54J19_125_1425_J19_0_3
core16_6/evalB/DP_OP_55J19_126_784    149.6880     0.0     149.6880      0.0000  0.0000  Eval_33_49_DP_OP_55J19_126_784_J19_0_3
core16_6/evalB/DP_OP_56J19_127_3466    158.1300     0.0    158.1300      0.0000  0.0000  Eval_33_49_DP_OP_56J19_127_3466_J19_0_3
core16_6/evalB_1                     435.8340      0.1      12.6000      0.0000  0.0000  Eval_33_51
core16_6/evalB_1/DP_OP_54J19_125_1425    113.6520     0.0    113.6520     0.0000 0.0000  Eval_33_49_DP_OP_54J19_125_1425_J19_0_2
core16_6/evalB_1/DP_OP_55J19_126_784    152.2080     0.0    152.2080     0.0000  0.0000  Eval_33_49_DP_OP_55J19_126_784_J19_0_2
core16_6/evalB_1/DP_OP_56J19_127_3466    157.3740     0.0    157.3740     0.0000 0.0000  Eval_33_49_DP_OP_56J19_127_3466_J19_0_2
core16_6/evalB_2                     441.1260      0.1      12.6000      0.0000  0.0000  Eval_33_50
core16_6/evalB_2/DP_OP_54J19_125_1425    111.0060     0.0    111.0060     0.0000 0.0000  Eval_33_49_DP_OP_54J19_125_1425_J19_0_1
core16_6/evalB_2/DP_OP_55J19_126_784    156.9960     0.0    156.9960     0.0000  0.0000  Eval_33_49_DP_OP_55J19_126_784_J19_0_1
core16_6/evalB_2/DP_OP_56J19_127_3466    160.5240     0.0    160.5240     0.0000 0.0000  Eval_33_49_DP_OP_56J19_127_3466_J19_0_1
core16_6/evalB_3                     431.4240      0.1      14.1120      0.0000  0.0000  Eval_33_49
core16_6/evalB_3/DP_OP_54J19_125_1425    108.8640     0.0    108.8640     0.0000 0.0000  Eval_33_49_DP_OP_54J19_125_1425_J19_0_0
core16_6/evalB_3/DP_OP_55J19_126_784    151.3260     0.0    151.3260     0.0000  0.0000  Eval_33_49_DP_OP_55J19_126_784_J19_0_0
core16_6/evalB_3/DP_OP_56J19_127_3466    157.1220     0.0    157.1220     0.0000 0.0000  Eval_33_49_DP_OP_56J19_127_3466_J19_0_0
core16_6/interp                    11134.6198      1.3       0.5040   1030.0500  0.0000  Interpolation_7_0
core16_6/interp/interp             10104.0658      1.2       0.2520      0.0000  0.0000  InterpolationComb_7_0
core16_6/interp/interp/DP_OP_421J12_122_1083  10103.8138     1.2  10103.8138     0.0000 0.0000 InterpolationComb_7_0_DP_OP_421J12_122_1083_J12_0_0
evalA                                816.7320      0.1      27.0900      0.0000  0.0000  Eval_16
evalA/DP_OP_52J19_122_1625           211.6800      0.0     211.6800      0.0000  0.0000  Eval_0_DP_OP_52J19_122_1625_J19_0_15
evalA/DP_OP_53J19_123_9524           286.3980      0.0     286.3980      0.0000  0.0000  Eval_0_DP_OP_53J19_123_9524_J19_0_15
evalA/DP_OP_54J19_124_6299           291.5640      0.0     291.5640      0.0000  0.0000  Eval_0_DP_OP_54J19_124_6299_J19_0_15
evalA_1                              816.4800      0.1      28.6020      0.0000  0.0000  Eval_15
evalA_1/DP_OP_52J19_122_1625         211.6800      0.0     211.6800      0.0000  0.0000  Eval_0_DP_OP_52J19_122_1625_J19_0_14
evalA_1/DP_OP_53J19_123_9524         284.5080      0.0     284.5080      0.0000  0.0000  Eval_0_DP_OP_53J19_123_9524_J19_0_14
evalA_1/DP_OP_54J19_124_6299         291.6900      0.0     291.6900      0.0000  0.0000  Eval_0_DP_OP_54J19_124_6299_J19_0_14
evalA_10                             816.4800      0.1      28.6020      0.0000  0.0000  Eval_6
evalA_10/DP_OP_52J19_122_1625        211.6800      0.0     211.6800      0.0000  0.0000  Eval_0_DP_OP_52J19_122_1625_J19_0_5
evalA_10/DP_OP_53J19_123_9524        284.5080      0.0     284.5080      0.0000  0.0000  Eval_0_DP_OP_53J19_123_9524_J19_0_5
evalA_10/DP_OP_54J19_124_6299        291.6900      0.0     291.6900      0.0000  0.0000  Eval_0_DP_OP_54J19_124_6299_J19_0_5
evalA_11                             817.2360      0.1      27.7200      0.0000  0.0000  Eval_5
evalA_11/DP_OP_52J19_122_1625        211.6800      0.0     211.6800      0.0000  0.0000  Eval_0_DP_OP_52J19_122_1625_J19_0_4
evalA_11/DP_OP_53J19_123_9524        286.2720      0.0     286.2720      0.0000  0.0000  Eval_0_DP_OP_53J19_123_9524_J19_0_4
evalA_11/DP_OP_54J19_124_6299        291.5640      0.0     291.5640      0.0000  0.0000  Eval_0_DP_OP_54J19_124_6299_J19_0_4
evalA_12                             817.2360      0.1      27.3420      0.0000  0.0000  Eval_4
evalA_12/DP_OP_52J19_122_1625        211.6800      0.0     211.6800      0.0000  0.0000  Eval_0_DP_OP_52J19_122_1625_J19_0_3
evalA_12/DP_OP_53J19_123_9524        286.6500      0.0     286.6500      0.0000  0.0000  Eval_0_DP_OP_53J19_123_9524_J19_0_3
evalA_12/DP_OP_54J19_124_6299        291.5640      0.0     291.5640      0.0000  0.0000  Eval_0_DP_OP_54J19_124_6299_J19_0_3
evalA_13                             817.7400      0.1      28.6020      0.0000  0.0000  Eval_3
evalA_13/DP_OP_52J19_122_1625        211.6800      0.0     211.6800      0.0000  0.0000  Eval_0_DP_OP_52J19_122_1625_J19_0_2
evalA_13/DP_OP_53J19_123_9524        285.7680      0.0     285.7680      0.0000  0.0000  Eval_0_DP_OP_53J19_123_9524_J19_0_2
evalA_13/DP_OP_54J19_124_6299        291.6900      0.0     291.6900      0.0000  0.0000  Eval_0_DP_OP_54J19_124_6299_J19_0_2
evalA_14                             818.3700      0.1      28.6020      0.0000  0.0000  Eval_2
evalA_14/DP_OP_52J19_122_1625        211.6800      0.0     211.6800      0.0000  0.0000  Eval_0_DP_OP_52J19_122_1625_J19_0_1
evalA_14/DP_OP_53J19_123_9524        286.3980      0.0     286.3980      0.0000  0.0000  Eval_0_DP_OP_53J19_123_9524_J19_0_1
evalA_14/DP_OP_54J19_124_6299        291.6900      0.0     291.6900      0.0000  0.0000  Eval_0_DP_OP_54J19_124_6299_J19_0_1
evalA_15                             821.8980      0.1      28.2240      0.0000  0.0000  Eval_0
evalA_15/DP_OP_52J19_122_1625        211.4280      0.0     211.4280      0.0000  0.0000  Eval_0_DP_OP_52J19_122_1625_J19_0_0
evalA_15/DP_OP_53J19_123_9524        287.5320      0.0     287.5320      0.0000  0.0000  Eval_0_DP_OP_53J19_123_9524_J19_0_0
evalA_15/DP_OP_54J19_124_6299        294.7140      0.0     294.7140      0.0000  0.0000  Eval_0_DP_OP_54J19_124_6299_J19_0_0
evalA_2                              816.4800      0.1      28.6020      0.0000  0.0000  Eval_14
evalA_2/DP_OP_52J19_122_1625         211.6800      0.0     211.6800      0.0000  0.0000  Eval_0_DP_OP_52J19_122_1625_J19_0_13
evalA_2/DP_OP_53J19_123_9524         284.5080      0.0     284.5080      0.0000  0.0000  Eval_0_DP_OP_53J19_123_9524_J19_0_13
evalA_2/DP_OP_54J19_124_6299         291.6900      0.0     291.6900      0.0000  0.0000  Eval_0_DP_OP_54J19_124_6299_J19_0_13
evalA_3                              821.7720      0.1      27.7200      0.0000  0.0000  Eval_13
evalA_3/DP_OP_52J19_122_1625         212.0580      0.0     212.0580      0.0000  0.0000  Eval_0_DP_OP_52J19_122_1625_J19_0_12
evalA_3/DP_OP_53J19_123_9524         287.9100      0.0     287.9100      0.0000  0.0000  Eval_0_DP_OP_53J19_123_9524_J19_0_12
evalA_3/DP_OP_54J19_124_6299         294.0840      0.0     294.0840      0.0000  0.0000  Eval_0_DP_OP_54J19_124_6299_J19_0_12
evalA_4                              816.6060      0.1      27.5940      0.0000  0.0000  Eval_12
evalA_4/DP_OP_52J19_122_1625         211.6800      0.0     211.6800      0.0000  0.0000  Eval_0_DP_OP_52J19_122_1625_J19_0_11
evalA_4/DP_OP_53J19_123_9524         285.7680      0.0     285.7680      0.0000  0.0000  Eval_0_DP_OP_53J19_123_9524_J19_0_11
evalA_4/DP_OP_54J19_124_6299         291.5640      0.0     291.5640      0.0000  0.0000  Eval_0_DP_OP_54J19_124_6299_J19_0_11
evalA_5                              816.4800      0.1      28.6020      0.0000  0.0000  Eval_11
evalA_5/DP_OP_52J19_122_1625         211.6800      0.0     211.6800      0.0000  0.0000  Eval_0_DP_OP_52J19_122_1625_J19_0_10
evalA_5/DP_OP_53J19_123_9524         284.5080      0.0     284.5080      0.0000  0.0000  Eval_0_DP_OP_53J19_123_9524_J19_0_10
evalA_5/DP_OP_54J19_124_6299         291.6900      0.0     291.6900      0.0000  0.0000  Eval_0_DP_OP_54J19_124_6299_J19_0_10
evalA_6                              816.4800      0.1      28.6020      0.0000  0.0000  Eval_10
evalA_6/DP_OP_52J19_122_1625         211.6800      0.0     211.6800      0.0000  0.0000  Eval_0_DP_OP_52J19_122_1625_J19_0_9
evalA_6/DP_OP_53J19_123_9524         284.5080      0.0     284.5080      0.0000  0.0000  Eval_0_DP_OP_53J19_123_9524_J19_0_9
evalA_6/DP_OP_54J19_124_6299         291.6900      0.0     291.6900      0.0000  0.0000  Eval_0_DP_OP_54J19_124_6299_J19_0_9
evalA_7                              817.6140      0.1      28.0980      0.0000  0.0000  Eval_9
evalA_7/DP_OP_52J19_122_1625         211.6800      0.0     211.6800      0.0000  0.0000  Eval_0_DP_OP_52J19_122_1625_J19_0_8
evalA_7/DP_OP_53J19_123_9524         286.2720      0.0     286.2720      0.0000  0.0000  Eval_0_DP_OP_53J19_123_9524_J19_0_8
evalA_7/DP_OP_54J19_124_6299         291.5640      0.0     291.5640      0.0000  0.0000  Eval_0_DP_OP_54J19_124_6299_J19_0_8
evalA_8                              816.7320      0.1      27.9720      0.0000  0.0000  Eval_8
evalA_8/DP_OP_52J19_122_1625         211.6800      0.0     211.6800      0.0000  0.0000  Eval_0_DP_OP_52J19_122_1625_J19_0_7
evalA_8/DP_OP_53J19_123_9524         285.3900      0.0     285.3900      0.0000  0.0000  Eval_0_DP_OP_53J19_123_9524_J19_0_7
evalA_8/DP_OP_54J19_124_6299         291.6900      0.0     291.6900      0.0000  0.0000  Eval_0_DP_OP_54J19_124_6299_J19_0_7
evalA_9                              816.4800      0.1      28.6020      0.0000  0.0000  Eval_7
evalA_9/DP_OP_52J19_122_1625         211.6800      0.0     211.6800      0.0000  0.0000  Eval_0_DP_OP_52J19_122_1625_J19_0_6
evalA_9/DP_OP_53J19_123_9524         284.5080      0.0     284.5080      0.0000  0.0000  Eval_0_DP_OP_53J19_123_9524_J19_0_6
evalA_9/DP_OP_54J19_124_6299         291.6900      0.0     291.6900      0.0000  0.0000  Eval_0_DP_OP_54J19_124_6299_J19_0_6
evalB                                438.9840      0.1      17.8920      0.0000  0.0000  Eval_1_15
evalB/DP_OP_52J20_125_2082           114.4080      0.0     114.4080      0.0000  0.0000  Eval_1_0_DP_OP_52J20_125_2082_J20_0_15
evalB/DP_OP_53J20_126_7779           150.5700      0.0     150.5700      0.0000  0.0000  Eval_1_0_DP_OP_53J20_126_7779_J20_0_15
evalB/DP_OP_54J20_127_2477           156.1140      0.0     156.1140      0.0000  0.0000  Eval_1_0_DP_OP_54J20_127_2477_J20_0_15
evalB_1                              439.6140      0.1      19.5300      0.0000  0.0000  Eval_1_14
evalB_1/DP_OP_52J20_125_2082         111.8880      0.0     111.8880      0.0000  0.0000  Eval_1_0_DP_OP_52J20_125_2082_J20_0_14
evalB_1/DP_OP_53J20_126_7779         152.8380      0.0     152.8380      0.0000  0.0000  Eval_1_0_DP_OP_53J20_126_7779_J20_0_14
evalB_1/DP_OP_54J20_127_2477         155.3580      0.0     155.3580      0.0000  0.0000  Eval_1_0_DP_OP_54J20_127_2477_J20_0_14
evalB_10                             459.9000      0.1      19.6560      0.0000  0.0000  Eval_1_5
evalB_10/DP_OP_52J20_125_2082        118.3140      0.0     118.3140      0.0000  0.0000  Eval_1_0_DP_OP_52J20_125_2082_J20_0_5
evalB_10/DP_OP_53J20_126_7779        158.1300      0.0     158.1300      0.0000  0.0000  Eval_1_0_DP_OP_53J20_126_7779_J20_0_5
evalB_10/DP_OP_54J20_127_2477        163.8000      0.0     163.8000      0.0000  0.0000  Eval_1_0_DP_OP_54J20_127_2477_J20_0_5
evalB_11                             518.9940      0.1      17.3880      0.0000  0.0000  Eval_1_4
evalB_11/DP_OP_52J20_125_2082        119.4480      0.0     119.4480      0.0000  0.0000  Eval_1_0_DP_OP_52J20_125_2082_J20_0_4
evalB_11/DP_OP_53J20_126_7779        217.0980      0.0     217.0980      0.0000  0.0000  Eval_1_4_DP_OP_53J20_126_7779_0
evalB_11/DP_OP_54J20_127_2477        165.0600      0.0     165.0600      0.0000  0.0000  Eval_1_0_DP_OP_54J20_127_2477_J20_0_4
evalB_12                             437.2200      0.1      18.9000      0.0000  0.0000  Eval_1_3
evalB_12/DP_OP_52J20_125_2082        114.9120      0.0     114.9120      0.0000  0.0000  Eval_1_0_DP_OP_52J20_125_2082_J20_0_3
evalB_12/DP_OP_53J20_126_7779        149.1840      0.0     149.1840      0.0000  0.0000  Eval_1_0_DP_OP_53J20_126_7779_J20_0_3
evalB_12/DP_OP_54J20_127_2477        154.2240      0.0     154.2240      0.0000  0.0000  Eval_1_0_DP_OP_54J20_127_2477_J20_0_3
evalB_13                             448.6860      0.1      19.6560      0.0000  0.0000  Eval_1_2
evalB_13/DP_OP_52J20_125_2082        110.6280      0.0     110.6280      0.0000  0.0000  Eval_1_0_DP_OP_52J20_125_2082_J20_0_2
evalB_13/DP_OP_53J20_126_7779        162.6660      0.0     162.6660      0.0000  0.0000  Eval_1_0_DP_OP_53J20_126_7779_J20_0_2
evalB_13/DP_OP_54J20_127_2477        155.7360      0.0     155.7360      0.0000  0.0000  Eval_1_0_DP_OP_54J20_127_2477_J20_0_2
evalB_14                             459.1440      0.1      19.6560      0.0000  0.0000  Eval_1_1
evalB_14/DP_OP_52J20_125_2082        113.5260      0.0     113.5260      0.0000  0.0000  Eval_1_0_DP_OP_52J20_125_2082_J20_0_1
evalB_14/DP_OP_53J20_126_7779        161.5320      0.0     161.5320      0.0000  0.0000  Eval_1_0_DP_OP_53J20_126_7779_J20_0_1
evalB_14/DP_OP_54J20_127_2477        164.4300      0.0     164.4300      0.0000  0.0000  Eval_1_0_DP_OP_54J20_127_2477_J20_0_1
evalB_15                             446.4180      0.1      19.4040      0.0000  0.0000  Eval_1_0
evalB_15/DP_OP_52J20_125_2082        118.0620      0.0     118.0620      0.0000  0.0000  Eval_1_0_DP_OP_52J20_125_2082_J20_0_0
evalB_15/DP_OP_53J20_126_7779        155.4840      0.0     155.4840      0.0000  0.0000  Eval_1_0_DP_OP_53J20_126_7779_J20_0_0
evalB_15/DP_OP_54J20_127_2477        153.4680      0.0     153.4680      0.0000  0.0000  Eval_1_0_DP_OP_54J20_127_2477_J20_0_0
evalB_2                              445.7880      0.1      19.5300      0.0000  0.0000  Eval_1_13
evalB_2/DP_OP_52J20_125_2082         114.4080      0.0     114.4080      0.0000  0.0000  Eval_1_0_DP_OP_52J20_125_2082_J20_0_13
evalB_2/DP_OP_53J20_126_7779         154.8540      0.0     154.8540      0.0000  0.0000  Eval_1_0_DP_OP_53J20_126_7779_J20_0_13
evalB_2/DP_OP_54J20_127_2477         156.9960      0.0     156.9960      0.0000  0.0000  Eval_1_0_DP_OP_54J20_127_2477_J20_0_13
evalB_3                              451.7100      0.1      18.1440      0.0000  0.0000  Eval_1_12
evalB_3/DP_OP_52J20_125_2082         114.7860      0.0     114.7860      0.0000  0.0000  Eval_1_0_DP_OP_52J20_125_2082_J20_0_12
evalB_3/DP_OP_53J20_126_7779         157.1220      0.0     157.1220      0.0000  0.0000  Eval_1_0_DP_OP_53J20_126_7779_J20_0_12
evalB_3/DP_OP_54J20_127_2477         161.6580      0.0     161.6580      0.0000  0.0000  Eval_1_0_DP_OP_54J20_127_2477_J20_0_12
evalB_4                              447.6780      0.1      16.1280      0.0000  0.0000  Eval_1_11
evalB_4/DP_OP_52J20_125_2082         114.2820      0.0     114.2820      0.0000  0.0000  Eval_1_0_DP_OP_52J20_125_2082_J20_0_11
evalB_4/DP_OP_53J20_126_7779         153.8460      0.0     153.8460      0.0000  0.0000  Eval_1_0_DP_OP_53J20_126_7779_J20_0_11
evalB_4/DP_OP_54J20_127_2477         163.4220      0.0     163.4220      0.0000  0.0000  Eval_1_0_DP_OP_54J20_127_2477_J20_0_11
evalB_5                              452.7180      0.1      19.5300      0.0000  0.0000  Eval_1_10
evalB_5/DP_OP_52J20_125_2082         117.9360      0.0     117.9360      0.0000  0.0000  Eval_1_0_DP_OP_52J20_125_2082_J20_0_10
evalB_5/DP_OP_53J20_126_7779         152.5860      0.0     152.5860      0.0000  0.0000  Eval_1_0_DP_OP_53J20_126_7779_J20_0_10
evalB_5/DP_OP_54J20_127_2477         162.6660      0.0     162.6660      0.0000  0.0000  Eval_1_0_DP_OP_54J20_127_2477_J20_0_10
evalB_6                              454.4820      0.1      19.5300      0.0000  0.0000  Eval_1_9
evalB_6/DP_OP_52J20_125_2082         114.5340      0.0     114.5340      0.0000  0.0000  Eval_1_0_DP_OP_52J20_125_2082_J20_0_9
evalB_6/DP_OP_53J20_126_7779         158.2560      0.0     158.2560      0.0000  0.0000  Eval_1_0_DP_OP_53J20_126_7779_J20_0_9
evalB_6/DP_OP_54J20_127_2477         162.1620      0.0     162.1620      0.0000  0.0000  Eval_1_0_DP_OP_54J20_127_2477_J20_0_9
evalB_7                              515.3400      0.1      16.7580      0.0000  0.0000  Eval_1_8
evalB_7/DP_OP_52J20_125_2082         117.0540      0.0     117.0540      0.0000  0.0000  Eval_1_0_DP_OP_52J20_125_2082_J20_0_8
evalB_7/DP_OP_53J20_126_7779         217.8540      0.0     217.8540      0.0000  0.0000  Eval_1_8_DP_OP_53J20_126_7779_0
evalB_7/DP_OP_54J20_127_2477         163.6740      0.0     163.6740      0.0000  0.0000  Eval_1_0_DP_OP_54J20_127_2477_J20_0_8
evalB_8                              446.1660      0.1      16.3800      0.0000  0.0000  Eval_1_7
evalB_8/DP_OP_52J20_125_2082         115.0380      0.0     115.0380      0.0000  0.0000  Eval_1_0_DP_OP_52J20_125_2082_J20_0_7
evalB_8/DP_OP_53J20_126_7779         154.7280      0.0     154.7280      0.0000  0.0000  Eval_1_0_DP_OP_53J20_126_7779_J20_0_7
evalB_8/DP_OP_54J20_127_2477         160.0200      0.0     160.0200      0.0000  0.0000  Eval_1_0_DP_OP_54J20_127_2477_J20_0_7
evalB_9                              460.4040      0.1      19.5300      0.0000  0.0000  Eval_1_6
evalB_9/DP_OP_52J20_125_2082         122.0940      0.0     122.0940      0.0000  0.0000  Eval_1_0_DP_OP_52J20_125_2082_J20_0_6
evalB_9/DP_OP_53J20_126_7779         155.7360      0.0     155.7360      0.0000  0.0000  Eval_1_0_DP_OP_53J20_126_7779_J20_0_6
evalB_9/DP_OP_54J20_127_2477         163.0440      0.0     163.0440      0.0000  0.0000  Eval_1_0_DP_OP_54J20_127_2477_J20_0_6
interp                             38397.3654      4.5       0.5040   3872.6100  0.0000  Interpolation_56
interp/interp                      34524.2514      4.0       0.2520      0.0000  0.0000  InterpolationComb_56
interp/interp/DP_OP_1681J3_122_8765  34523.9994     4.0  34523.9994      0.0000  0.0000  InterpolationComb_56_DP_OP_1681J3_122_8765_J3_0
--------------------------------  -----------  -------  -----------  ----------  ------  ---------------------------------------------------
Total                                                   788156.9523  72859.7514  0.0000

1
