 
****************************************
Report : area
Design : core64_a36_b12_c36
Version: O-2018.06-SP5
Date   : Wed May 13 08:20:31 2026
****************************************

Library(s) Used:

    tcbn28hpcplusbwp40p140lvtssg0p81vm40c_ccs (File: /export1/Library/TN28HPC+/STD_CELL_ext/track9_200824/TSMCHOME/digital/Front_End/timing_power_noise/CCS/tcbn28hpcplusbwp40p140lvt_180a/tcbn28hpcplusbwp40p140lvtssg0p81vm40c_ccs.db)
    tcbn28hpcplusbwp40p140ssg0p81vm40c_ccs (File: /export1/Library/TN28HPC+/STD_CELL_ext/track9_200824/TSMCHOME/digital/Front_End/timing_power_noise/CCS/tcbn28hpcplusbwp40p140_180a/tcbn28hpcplusbwp40p140ssg0p81vm40c_ccs.db)
    tcbn28hpcplusbwp40p140hvtssg0p81vm40c_ccs (File: /export1/Library/TN28HPC+/STD_CELL_ext/track9_200824/TSMCHOME/digital/Front_End/timing_power_noise/CCS/tcbn28hpcplusbwp40p140hvt_180a/tcbn28hpcplusbwp40p140hvtssg0p81vm40c_ccs.db)

Number of ports:                       411178
Number of nets:                       1366953
Number of cells:                       717097
Number of combinational cells:         666927
Number of sequential cells:             42642
Number of macros/black boxes:               0
Number of buf/inv:                      82410
Number of references:                      44

Combinational area:             840394.913851
Buf/Inv area:                    22195.026191
Noncombinational area:           80601.695393
Macro/Black Box area:                0.000000
Net Interconnect area:      undefined  (Wire load has zero net area)

Total cell area:                920996.609244
Total area:                 undefined

Hierarchical area distribution
------------------------------

                                  Global cell area              Local cell area
                                  --------------------  ------------------------------- 
Hierarchical cell                 Absolute     Percent  Combi-       Noncombi-   Black-
                                  Total        Total    national     national    boxes   Design
--------------------------------  -----------  -------  -----------  ----------  ------  ---------------------------------------------------
core64_a36_b12_c36                920996.6092    100.0       1.7640   8166.6899  0.0000  core64_a36_b12_c36
core16_0                          112761.6824     12.2       1.7640   2201.8500  0.0000  core16_6
core16_0/core4_0                   11944.2958      1.3       0.7560    591.5700  0.0000  core4_48
core16_0/core4_0/evalA               923.7060      0.1      35.5320      0.0000  0.0000  Eval_32_48
core16_0/core4_0/evalA/DP_OP_54J22_122_5955    237.3840     0.0    237.3840     0.0000 0.0000 Eval_32_0_DP_OP_54J22_122_5955_J22_0_3
core16_0/core4_0/evalA/DP_OP_55J22_123_5437    322.4340     0.0    322.4340     0.0000 0.0000 Eval_32_0_DP_OP_55J22_123_5437_J22_0_3
core16_0/core4_0/evalA/DP_OP_56J22_124_5252    328.3560     0.0    328.3560     0.0000 0.0000 Eval_32_0_DP_OP_56J22_124_5252_J22_0_3
core16_0/core4_0/evalB               326.7180      0.0      10.4580      0.0000  0.0000  Eval_33_48
core16_0/core4_0/evalB/DP_OP_54J21_129_8703     83.5380     0.0     83.5380     0.0000 0.0000 Eval_33_0_DP_OP_54J21_129_8703_J21_0_3
core16_0/core4_0/evalB/DP_OP_55J21_130_2176    112.8960     0.0    112.8960     0.0000 0.0000 Eval_33_0_DP_OP_55J21_130_2176_J21_0_3
core16_0/core4_0/evalB/DP_OP_56J21_131_6985    119.8260     0.0    119.8260     0.0000 0.0000 Eval_33_0_DP_OP_56J21_131_6985_J21_0_3
core16_0/core4_0/interp             3334.7160      0.4       0.5040    311.8500  0.0000  Interpolation_49
core16_0/core4_0/interp/interp      3022.3620      0.3       0.2520      0.0000  0.0000  InterpolationComb_49
core16_0/core4_0/interp/interp/DP_OP_106J21_122_6228   3022.1100     0.3   3022.1100     0.0000 0.0000 InterpolationComb_0_DP_OP_106J21_122_6228_J21_0_20
core16_0/core4_0/mult_x_1            764.6940      0.1     764.6940      0.0000  0.0000  core4_48_DW_mult_uns_J18_3
core16_0/core4_0/mult_x_2           1078.9380      0.1    1078.9380      0.0000  0.0000  core4_48_DW_mult_uns_J18_2
core16_0/core4_0/mult_x_3            848.4840      0.1     848.4840      0.0000  0.0000  core4_48_DW_mult_tc_J18_2
core16_0/core4_0/mult_x_4           1089.9000      0.1    1089.9000      0.0000  0.0000  core4_48_DW_mult_tc_J18_1
core16_0/core4_0/mult_x_5           1025.2620      0.1    1025.2620      0.0000  0.0000  core4_48_DW_mult_uns_J18_1
core16_0/core4_0/mult_x_6           1194.8580      0.1    1194.8580      0.0000  0.0000  core4_48_DW_mult_tc_J18_0
core16_0/core4_0/mult_x_7            764.6940      0.1     764.6940      0.0000  0.0000  core4_48_DW_mult_uns_J18_0
core16_0/core4_1                   13805.4418      1.5       1.0080    591.8220  0.0000  core4_47
core16_0/core4_1/evalA              1031.9400      0.1      31.5000      0.0000  0.0000  Eval_32_47
core16_0/core4_1/evalA/DP_OP_54J20_126_8276    266.9940     0.0    266.9940     0.0000 0.0000 Eval_32_5_DP_OP_54J20_126_8276_J20_0_3
core16_0/core4_1/evalA/DP_OP_55J20_127_5033    367.1640     0.0    367.1640     0.0000 0.0000 Eval_32_5_DP_OP_55J20_127_5033_J20_0_3
core16_0/core4_1/evalA/DP_OP_56J20_128_5140    366.2820     0.0    366.2820     0.0000 0.0000 Eval_32_5_DP_OP_56J20_128_5140_J20_0_3
core16_0/core4_1/evalB               451.0800      0.0      13.4820      0.0000  0.0000  Eval_33_47
core16_0/core4_1/evalB/DP_OP_54J23_125_1057    121.0860     0.0    121.0860     0.0000 0.0000 Eval_33_5_DP_OP_54J23_125_1057_J23_0_3
core16_0/core4_1/evalB/DP_OP_55J23_126_1772    157.2480     0.0    157.2480     0.0000 0.0000 Eval_33_5_DP_OP_55J23_126_1772_J23_0_3
core16_0/core4_1/evalB/DP_OP_56J23_127_5228    159.2640     0.0    159.2640     0.0000 0.0000 Eval_33_5_DP_OP_56J23_127_5228_J23_0_3
core16_0/core4_1/interp             3334.7160      0.4       0.5040    311.8500  0.0000  Interpolation_48
core16_0/core4_1/interp/interp      3022.3620      0.3       0.2520      0.0000  0.0000  InterpolationComb_48
core16_0/core4_1/interp/interp/DP_OP_106J21_122_6228   3022.1100     0.3   3022.1100     0.0000 0.0000 InterpolationComb_0_DP_OP_106J21_122_6228_J21_0_19
core16_0/core4_1/mult_x_1           1081.2060      0.1    1081.2060      0.0000  0.0000  core4_5_DW_mult_uns_J31_3_1
core16_0/core4_1/mult_x_2           1302.3360      0.1    1302.3360      0.0000  0.0000  core4_5_DW_mult_uns_J31_2_1
core16_0/core4_1/mult_x_3           1157.4360      0.1    1157.4360      0.0000  0.0000  core4_5_DW_mult_tc_J31_2_1
core16_0/core4_1/mult_x_4           1183.7700      0.1    1183.7700      0.0000  0.0000  core4_5_DW_mult_tc_J31_1_1
core16_0/core4_1/mult_x_5           1255.5900      0.1    1255.5900      0.0000  0.0000  core4_5_DW_mult_uns_J31_1_1
core16_0/core4_1/mult_x_6           1339.5060      0.1    1339.5060      0.0000  0.0000  core4_5_DW_mult_tc_J31_0_1
core16_0/core4_1/mult_x_7           1075.0320      0.1    1075.0320      0.0000  0.0000  core4_5_DW_mult_uns_J31_0_1
core16_0/core4_2                   12646.4938      1.4       1.0080    591.6960  0.0000  core4_46
core16_0/core4_2/evalA               958.2300      0.1      29.2320      0.0000  0.0000  Eval_32_46
core16_0/core4_2/evalA/DP_OP_53J21_123_9578    246.4560     0.0    246.4560     0.0000 0.0000 Eval_32_1_DP_OP_53J21_123_9578_J21_0_32
core16_0/core4_2/evalA/DP_OP_54J21_124_907    338.6880     0.0    338.6880     0.0000 0.0000 Eval_32_1_DP_OP_54J21_124_907_J21_0_32
core16_0/core4_2/evalA/DP_OP_55J21_125_2024    343.8540     0.0    343.8540     0.0000 0.0000 Eval_32_1_DP_OP_55J21_125_2024_J21_0_32
core16_0/core4_2/evalB               368.1720      0.0      10.8360      0.0000  0.0000  Eval_33_46
core16_0/core4_2/evalB/DP_OP_53J26_122_5226     94.8780     0.0     94.8780     0.0000 0.0000 Eval_33_1_DP_OP_53J26_122_5226_J26_0_28
core16_0/core4_2/evalB/DP_OP_54J26_123_7613    129.0240     0.0    129.0240     0.0000 0.0000 Eval_33_1_DP_OP_54J26_123_7613_J26_0_28
core16_0/core4_2/evalB/DP_OP_55J26_124_8730    133.4340     0.0    133.4340     0.0000 0.0000 Eval_33_1_DP_OP_55J26_124_8730_J26_0_28
core16_0/core4_2/interp             3441.5639      0.4       0.5040    319.4100  0.0000  Interpolation_47
core16_0/core4_2/interp/interp      3121.6499      0.3       0.2520      0.0000  0.0000  InterpolationComb_47
core16_0/core4_2/interp/interp/DP_OP_106J20_122_8999   3121.3979     0.3   3121.3979     0.0000 0.0000 InterpolationComb_1_DP_OP_106J20_122_8999_J20_0_27
core16_0/core4_2/mult_x_1            835.3800      0.1     835.3800      0.0000  0.0000  core4_1_DW_mult_tc_J23_6_22
core16_0/core4_2/mult_x_2           1088.2620      0.1    1088.2620      0.0000  0.0000  core4_1_DW_mult_tc_J23_5_22
core16_0/core4_2/mult_x_3            977.8860      0.1     977.8860      0.0000  0.0000  core4_1_DW_mult_tc_J23_4_22
core16_0/core4_2/mult_x_4           1173.8160      0.1    1173.8160      0.0000  0.0000  core4_1_DW_mult_tc_J23_3_22
core16_0/core4_2/mult_x_5           1104.5160      0.1    1104.5160      0.0000  0.0000  core4_1_DW_mult_tc_J23_2_22
core16_0/core4_2/mult_x_6           1264.2840      0.1    1264.2840      0.0000  0.0000  core4_1_DW_mult_tc_J23_1_22
core16_0/core4_2/mult_x_7            841.6800      0.1     841.6800      0.0000  0.0000  core4_1_DW_mult_tc_J23_0_22
core16_0/core4_3                   14377.1038      1.6       0.5040    591.5700  0.0000  core4_45
core16_0/core4_3/evalA              1077.9300      0.1      33.7680      0.0000  0.0000  Eval_32_45
core16_0/core4_3/evalA/DP_OP_53J21_123_9578    274.0500     0.0    274.0500     0.0000 0.0000 Eval_32_1_DP_OP_53J21_123_9578_J21_0_31
core16_0/core4_3/evalA/DP_OP_54J21_124_907    391.7340     0.0    391.7340     0.0000 0.0000 Eval_32_1_DP_OP_54J21_124_907_J21_0_31
core16_0/core4_3/evalA/DP_OP_55J21_125_2024    378.3780     0.0    378.3780     0.0000 0.0000 Eval_32_1_DP_OP_55J21_125_2024_J21_0_31
core16_0/core4_3/evalB               586.1520      0.1      18.6480      0.0000  0.0000  Eval_33_45
core16_0/core4_3/evalB/DP_OP_53J26_122_5226    148.3020     0.0    148.3020     0.0000 0.0000 Eval_33_1_DP_OP_53J26_122_5226_J26_0_27
core16_0/core4_3/evalB/DP_OP_54J26_123_7613    216.3420     0.0    216.3420     0.0000 0.0000 Eval_33_1_DP_OP_54J26_123_7613_J26_0_27
core16_0/core4_3/evalB/DP_OP_55J26_124_8730    202.8600     0.0    202.8600     0.0000 0.0000 Eval_33_1_DP_OP_55J26_124_8730_J26_0_27
core16_0/core4_3/interp             3440.0519      0.4       0.5040    319.4100  0.0000  Interpolation_46
core16_0/core4_3/interp/interp      3120.1379      0.3       0.2520      0.0000  0.0000  InterpolationComb_46
core16_0/core4_3/interp/interp/DP_OP_106J20_122_8999   3119.8859     0.3   3119.8859     0.0000 0.0000 InterpolationComb_1_DP_OP_106J20_122_8999_J20_0_26
core16_0/core4_3/mult_x_1            892.2060      0.1     892.2060      0.0000  0.0000  core4_1_DW_mult_tc_J23_6_21
core16_0/core4_3/mult_x_2           1340.8920      0.1    1340.8920      0.0000  0.0000  core4_1_DW_mult_tc_J23_5_21
core16_0/core4_3/mult_x_3           1391.9220      0.2    1391.9220      0.0000  0.0000  core4_1_DW_mult_tc_J23_4_21
core16_0/core4_3/mult_x_4           1395.4500      0.2    1395.4500      0.0000  0.0000  core4_1_DW_mult_tc_J23_3_21
core16_0/core4_3/mult_x_5           1378.1880      0.1    1378.1880      0.0000  0.0000  core4_1_DW_mult_tc_J23_2_21
core16_0/core4_3/mult_x_6           1380.2040      0.1    1380.2040      0.0000  0.0000  core4_1_DW_mult_tc_J23_1_21
core16_0/core4_3/mult_x_7            902.0340      0.1     902.0340      0.0000  0.0000  core4_1_DW_mult_tc_J23_0_21
core16_0/core4_4                   13561.7578      1.5       1.0080    591.8220  0.0000  core4_44
core16_0/core4_4/evalA              1033.4520      0.1      31.5000      0.0000  0.0000  Eval_32_44
core16_0/core4_4/evalA/DP_OP_54J16_122_854    267.4980     0.0    267.4980     0.0000 0.0000 Eval_32_2_DP_OP_54J16_122_854_J16_0_3
core16_0/core4_4/evalA/DP_OP_55J16_123_7587    364.6440     0.0    364.6440     0.0000 0.0000 Eval_32_2_DP_OP_55J16_123_7587_J16_0_3
core16_0/core4_4/evalA/DP_OP_56J16_124_7642    369.8100     0.0    369.8100     0.0000 0.0000 Eval_32_2_DP_OP_56J16_124_7642_J16_0_3
core16_0/core4_4/evalB               446.0400      0.0      13.6080      0.0000  0.0000  Eval_33_44
core16_0/core4_4/evalB/DP_OP_54J25_125_8205    115.9200     0.0    115.9200     0.0000 0.0000 Eval_33_2_DP_OP_54J25_125_8205_J25_0_3
core16_0/core4_4/evalB/DP_OP_55J25_126_776    154.4760     0.0    154.4760     0.0000 0.0000 Eval_33_2_DP_OP_55J25_126_776_J25_0_3
core16_0/core4_4/evalB/DP_OP_56J25_127_8061    162.0360     0.0    162.0360     0.0000 0.0000 Eval_33_2_DP_OP_56J25_127_8061_J25_0_3
core16_0/core4_4/interp             3439.5479      0.4       0.5040    319.4100  0.0000  Interpolation_45
core16_0/core4_4/interp/interp      3119.6339      0.3       0.2520      0.0000  0.0000  InterpolationComb_45
core16_0/core4_4/interp/interp/DP_OP_106J20_122_8999   3119.3819     0.3   3119.3819     0.0000 0.0000 InterpolationComb_1_DP_OP_106J20_122_8999_J20_0_25
core16_0/core4_4/mult_x_1            995.2740      0.1     995.2740      0.0000  0.0000  core4_2_DW_mult_uns_J33_3_1
core16_0/core4_4/mult_x_2           1220.8140      0.1    1220.8140      0.0000  0.0000  core4_2_DW_mult_uns_J33_2_1
core16_0/core4_4/mult_x_3           1120.7700      0.1    1120.7700      0.0000  0.0000  core4_2_DW_mult_tc_J33_2_1
core16_0/core4_4/mult_x_4           1188.0540      0.1    1188.0540      0.0000  0.0000  core4_2_DW_mult_tc_J33_1_1
core16_0/core4_4/mult_x_5           1238.3280      0.1    1238.3280      0.0000  0.0000  core4_2_DW_mult_uns_J33_1_1
core16_0/core4_4/mult_x_6           1285.3260      0.1    1285.3260      0.0000  0.0000  core4_2_DW_mult_tc_J33_0_1
core16_0/core4_4/mult_x_7           1001.3220      0.1    1001.3220      0.0000  0.0000  core4_2_DW_mult_uns_J33_0_1
core16_0/core4_5                   14626.5838      1.6       0.7560    591.8220  0.0000  core4_43
core16_0/core4_5/evalA              1080.8280      0.1      34.7760      0.0000  0.0000  Eval_32_43
core16_0/core4_5/evalA/DP_OP_53J21_123_9578    274.0500     0.0    274.0500     0.0000 0.0000 Eval_32_1_DP_OP_53J21_123_9578_J21_0_30
core16_0/core4_5/evalA/DP_OP_54J21_124_907    393.6240     0.0    393.6240     0.0000 0.0000 Eval_32_1_DP_OP_54J21_124_907_J21_0_30
core16_0/core4_5/evalA/DP_OP_55J21_125_2024    378.3780     0.0    378.3780     0.0000 0.0000 Eval_32_1_DP_OP_55J21_125_2024_J21_0_30
core16_0/core4_5/evalB               589.4280      0.1      19.1520      0.0000  0.0000  Eval_33_43
core16_0/core4_5/evalB/DP_OP_53J26_122_5226    150.5700     0.0    150.5700     0.0000 0.0000 Eval_33_1_DP_OP_53J26_122_5226_J26_0_26
core16_0/core4_5/evalB/DP_OP_54J26_123_7613    217.7280     0.0    217.7280     0.0000 0.0000 Eval_33_1_DP_OP_54J26_123_7613_J26_0_26
core16_0/core4_5/evalB/DP_OP_55J26_124_8730    201.9780     0.0    201.9780     0.0000 0.0000 Eval_33_1_DP_OP_55J26_124_8730_J26_0_26
core16_0/core4_5/interp             3440.0519      0.4       0.5040    319.4100  0.0000  Interpolation_44
core16_0/core4_5/interp/interp      3120.1379      0.3       0.2520      0.0000  0.0000  InterpolationComb_44
core16_0/core4_5/interp/interp/DP_OP_106J20_122_8999   3119.8859     0.3   3119.8859     0.0000 0.0000 InterpolationComb_1_DP_OP_106J20_122_8999_J20_0_24
core16_0/core4_5/mult_x_1           1027.7820      0.1    1027.7820      0.0000  0.0000  core4_1_DW_mult_tc_J23_6_20
core16_0/core4_5/mult_x_2           1339.7580      0.1    1339.7580      0.0000  0.0000  core4_1_DW_mult_tc_J23_5_20
core16_0/core4_5/mult_x_3           1381.4640      0.1    1381.4640      0.0000  0.0000  core4_1_DW_mult_tc_J23_4_20
core16_0/core4_5/mult_x_4           1383.4800      0.2    1383.4800      0.0000  0.0000  core4_1_DW_mult_tc_J23_3_20
core16_0/core4_5/mult_x_5           1379.5740      0.1    1379.5740      0.0000  0.0000  core4_1_DW_mult_tc_J23_2_20
core16_0/core4_5/mult_x_6           1379.5740      0.1    1379.5740      0.0000  0.0000  core4_1_DW_mult_tc_J23_1_20
core16_0/core4_5/mult_x_7           1032.0660      0.1    1032.0660      0.0000  0.0000  core4_1_DW_mult_tc_J23_0_20
core16_0/core4_6                   11952.6118      1.3       0.7560    591.5700  0.0000  core4_42
core16_0/core4_6/evalA               923.7060      0.1      35.5320      0.0000  0.0000  Eval_32_42
core16_0/core4_6/evalA/DP_OP_54J22_122_5955    237.3840     0.0    237.3840     0.0000 0.0000 Eval_32_0_DP_OP_54J22_122_5955_J22_0_2
core16_0/core4_6/evalA/DP_OP_55J22_123_5437    322.4340     0.0    322.4340     0.0000 0.0000 Eval_32_0_DP_OP_55J22_123_5437_J22_0_2
core16_0/core4_6/evalA/DP_OP_56J22_124_5252    328.3560     0.0    328.3560     0.0000 0.0000 Eval_32_0_DP_OP_56J22_124_5252_J22_0_2
core16_0/core4_6/evalB               325.9620      0.0      10.4580      0.0000  0.0000  Eval_33_42
core16_0/core4_6/evalB/DP_OP_54J21_129_8703     84.4200     0.0     84.4200     0.0000 0.0000 Eval_33_0_DP_OP_54J21_129_8703_J21_0_2
core16_0/core4_6/evalB/DP_OP_55J21_130_2176    112.8960     0.0    112.8960     0.0000 0.0000 Eval_33_0_DP_OP_55J21_130_2176_J21_0_2
core16_0/core4_6/evalB/DP_OP_56J21_131_6985    118.1880     0.0    118.1880     0.0000 0.0000 Eval_33_0_DP_OP_56J21_131_6985_J21_0_2
core16_0/core4_6/interp             3335.0940      0.4       0.5040    311.8500  0.0000  Interpolation_43
core16_0/core4_6/interp/interp      3022.7400      0.3       0.2520      0.0000  0.0000  InterpolationComb_43
core16_0/core4_6/interp/interp/DP_OP_106J21_122_6228   3022.4880     0.3   3022.4880     0.0000 0.0000 InterpolationComb_0_DP_OP_106J21_122_6228_J21_0_18
core16_0/core4_6/mult_x_1            764.6940      0.1     764.6940      0.0000  0.0000  core4_42_DW_mult_uns_J17_3
core16_0/core4_6/mult_x_2           1079.8200      0.1    1079.8200      0.0000  0.0000  core4_42_DW_mult_uns_J17_2
core16_0/core4_6/mult_x_3            848.9880      0.1     848.9880      0.0000  0.0000  core4_42_DW_mult_tc_J17_2
core16_0/core4_6/mult_x_4           1107.0360      0.1    1107.0360      0.0000  0.0000  core4_42_DW_mult_tc_J17_1
core16_0/core4_6/mult_x_5           1022.8680      0.1    1022.8680      0.0000  0.0000  core4_42_DW_mult_uns_J17_1
core16_0/core4_6/mult_x_6           1187.4240      0.1    1187.4240      0.0000  0.0000  core4_42_DW_mult_tc_J17_0
core16_0/core4_6/mult_x_7            764.6940      0.1     764.6940      0.0000  0.0000  core4_42_DW_mult_uns_J17_0
core16_0/evalA                       923.7060      0.1      35.5320      0.0000  0.0000  Eval_32_76
core16_0/evalA/DP_OP_54J29_122_6213    237.3840     0.0    237.3840      0.0000  0.0000  Eval_32_76_DP_OP_54J29_122_6213_J29_0
core16_0/evalA/DP_OP_55J29_123_6224    322.4340     0.0    322.4340      0.0000  0.0000  Eval_32_76_DP_OP_55J29_123_6224_J29_0
core16_0/evalA/DP_OP_56J29_124_1050    328.3560     0.0    328.3560      0.0000  0.0000  Eval_32_76_DP_OP_56J29_124_1050_J29_0
core16_0/evalA_1                     917.7840      0.1      27.7200      0.0000  0.0000  Eval_32_75
core16_0/evalA_1/DP_OP_54J30_122_342    238.6440     0.0    238.6440     0.0000  0.0000  Eval_32_75_DP_OP_54J30_122_342_J30_0
core16_0/evalA_1/DP_OP_55J30_123_3469    323.0640     0.0    323.0640     0.0000 0.0000  Eval_32_75_DP_OP_55J30_123_3469_J30_0
core16_0/evalA_1/DP_OP_56J30_124_2523    328.3560     0.0    328.3560     0.0000 0.0000  Eval_32_75_DP_OP_56J30_124_2523_J30_0
core16_0/evalA_2                     915.8940      0.1      27.7200      0.0000  0.0000  Eval_32_74
core16_0/evalA_2/DP_OP_54J32_122_7988    237.3840     0.0    237.3840     0.0000 0.0000  Eval_32_74_DP_OP_54J32_122_7988_J32_0
core16_0/evalA_2/DP_OP_55J32_123_9628    322.4340     0.0    322.4340     0.0000 0.0000  Eval_32_74_DP_OP_55J32_123_9628_J32_0
core16_0/evalA_2/DP_OP_56J32_124_7629    328.3560     0.0    328.3560     0.0000 0.0000  Eval_32_74_DP_OP_56J32_124_7629_J32_0
core16_0/evalA_3                     925.5960      0.1      35.5320      0.0000  0.0000  Eval_32_73
core16_0/evalA_3/DP_OP_54J31_122_9217    237.3840     0.0    237.3840     0.0000 0.0000  Eval_32_73_DP_OP_54J31_122_9217_J31_0
core16_0/evalA_3/DP_OP_55J31_123_8979    324.3240     0.0    324.3240     0.0000 0.0000  Eval_32_73_DP_OP_55J31_123_8979_J31_0
core16_0/evalA_3/DP_OP_56J31_124_6980    328.3560     0.0    328.3560     0.0000 0.0000  Eval_32_73_DP_OP_56J31_124_6980_J31_0
core16_0/evalB                       330.3720      0.0      10.9620      0.0000  0.0000  Eval_33_76
core16_0/evalB/DP_OP_54J15_125_6069     86.1840     0.0     86.1840      0.0000  0.0000  Eval_33_76_DP_OP_54J15_125_6069_J15_0
core16_0/evalB/DP_OP_55J15_126_8851    113.0220     0.0    113.0220      0.0000  0.0000  Eval_33_76_DP_OP_55J15_126_8851_J15_0
core16_0/evalB/DP_OP_56J15_127_5799    120.2040     0.0    120.2040      0.0000  0.0000  Eval_33_76_DP_OP_56J15_127_5799_J15_0
core16_0/evalB_1                     327.8520      0.0       9.8280      0.0000  0.0000  Eval_33_75
core16_0/evalB_1/DP_OP_54J17_125_198     83.1600     0.0     83.1600     0.0000  0.0000  Eval_33_75_DP_OP_54J17_125_198_J17_0
core16_0/evalB_1/DP_OP_55J17_126_6096    115.7940     0.0    115.7940     0.0000 0.0000  Eval_33_75_DP_OP_55J17_126_6096_J17_0
core16_0/evalB_1/DP_OP_56J17_127_3044    119.0700     0.0    119.0700     0.0000 0.0000  Eval_33_75_DP_OP_56J17_127_3044_J17_0
core16_0/evalB_2                     325.4580      0.0       9.9540      0.0000  0.0000  Eval_33_74
core16_0/evalB_2/DP_OP_54J16_125_7844     82.9080     0.0     82.9080     0.0000 0.0000  Eval_33_74_DP_OP_54J16_125_7844_J16_0
core16_0/evalB_2/DP_OP_55J16_126_4394    114.6600     0.0    114.6600     0.0000 0.0000  Eval_33_74_DP_OP_55J16_126_4394_J16_0
core16_0/evalB_2/DP_OP_56J16_127_289    117.9360     0.0    117.9360     0.0000  0.0000  Eval_33_74_DP_OP_56J16_127_289_J16_0
core16_0/evalB_3                     330.3720      0.0      11.2140      0.0000  0.0000  Eval_33_73
core16_0/evalB_3/DP_OP_54J18_125_1973     84.7980     0.0     84.7980     0.0000 0.0000  Eval_33_73_DP_OP_54J18_125_1973_J18_0
core16_0/evalB_3/DP_OP_55J18_126_1639    113.5260     0.0    113.5260     0.0000 0.0000  Eval_33_73_DP_OP_55J18_126_1639_J18_0
core16_0/evalB_3/DP_OP_56J18_127_7501    120.8340     0.0    120.8340     0.0000 0.0000  Eval_33_73_DP_OP_56J18_127_7501_J18_0
core16_0/interp                    12646.7458      1.4       0.5040   1151.0100  0.0000  Interpolation_7_6
core16_0/interp/interp             11495.2318      1.2       0.2520      0.0000  0.0000  InterpolationComb_7_6
core16_0/interp/interp/DP_OP_421J12_122_3346  11494.9798     1.2  11494.9798     0.0000 0.0000 InterpolationComb_7_0_DP_OP_421J12_122_3346_J12_0_2
core16_1                          123056.7643     13.4       1.7640   2201.8500  0.0000  core16_5
core16_1/core4_0                   13758.0658      1.5       1.0080    591.8220  0.0000  core4_41
core16_1/core4_0/evalA              1033.4520      0.1      31.7520      0.0000  0.0000  Eval_32_41
core16_1/core4_0/evalA/DP_OP_54J20_126_8276    266.9940     0.0    266.9940     0.0000 0.0000 Eval_32_5_DP_OP_54J20_126_8276_J20_0_2
core16_1/core4_0/evalA/DP_OP_55J20_127_5033    368.4240     0.0    368.4240     0.0000 0.0000 Eval_32_5_DP_OP_55J20_127_5033_J20_0_2
core16_1/core4_0/evalA/DP_OP_56J20_128_5140    366.2820     0.0    366.2820     0.0000 0.0000 Eval_32_5_DP_OP_56J20_128_5140_J20_0_2
core16_1/core4_0/evalB               453.9780      0.0      14.1120      0.0000  0.0000  Eval_33_41
core16_1/core4_0/evalB/DP_OP_54J23_125_1057    121.3380     0.0    121.3380     0.0000 0.0000 Eval_33_5_DP_OP_54J23_125_1057_J23_0_2
core16_1/core4_0/evalB/DP_OP_55J23_126_1772    159.0120     0.0    159.0120     0.0000 0.0000 Eval_33_5_DP_OP_55J23_126_1772_J23_0_2
core16_1/core4_0/evalB/DP_OP_56J23_127_5228    159.5160     0.0    159.5160     0.0000 0.0000 Eval_33_5_DP_OP_56J23_127_5228_J23_0_2
core16_1/core4_0/interp             3335.5980      0.4       0.5040    311.8500  0.0000  Interpolation_42
core16_1/core4_0/interp/interp      3023.2440      0.3       0.2520      0.0000  0.0000  InterpolationComb_42
core16_1/core4_0/interp/interp/DP_OP_106J21_122_6228   3022.9920     0.3   3022.9920     0.0000 0.0000 InterpolationComb_0_DP_OP_106J21_122_6228_J21_0_17
core16_1/core4_0/mult_x_1           1075.7880      0.1    1075.7880      0.0000  0.0000  core4_35_DW_mult_uns_J32_3_1
core16_1/core4_0/mult_x_2           1303.7220      0.1    1303.7220      0.0000  0.0000  core4_35_DW_mult_uns_J32_2_1
core16_1/core4_0/mult_x_3           1148.4900      0.1    1148.4900      0.0000  0.0000  core4_35_DW_mult_tc_J32_2_1
core16_1/core4_0/mult_x_4           1184.2740      0.1    1184.2740      0.0000  0.0000  core4_35_DW_mult_tc_J32_1_1
core16_1/core4_0/mult_x_5           1258.1100      0.1    1258.1100      0.0000  0.0000  core4_35_DW_mult_uns_J32_1_1
core16_1/core4_0/mult_x_6           1295.7840      0.1    1295.7840      0.0000  0.0000  core4_35_DW_mult_tc_J32_0_1
core16_1/core4_0/mult_x_7           1076.0400      0.1    1076.0400      0.0000  0.0000  core4_35_DW_mult_uns_J32_0_1
core16_1/core4_1                   14964.0118      1.6       1.0080    591.8220  0.0000  core4_40
core16_1/core4_1/evalA              1078.9380      0.1      34.7760      0.0000  0.0000  Eval_32_40
core16_1/core4_1/evalA/DP_OP_53J21_123_9578    274.0500     0.0    274.0500     0.0000 0.0000 Eval_32_1_DP_OP_53J21_123_9578_J21_0_29
core16_1/core4_1/evalA/DP_OP_54J21_124_907    391.7340     0.0    391.7340     0.0000 0.0000 Eval_32_1_DP_OP_54J21_124_907_J21_0_29
core16_1/core4_1/evalA/DP_OP_55J21_125_2024    378.3780     0.0    378.3780     0.0000 0.0000 Eval_32_1_DP_OP_55J21_125_2024_J21_0_29
core16_1/core4_1/evalB               566.6220      0.1      18.1440      0.0000  0.0000  Eval_33_40
core16_1/core4_1/evalB/DP_OP_55J27_122_5590    143.3880     0.0    143.3880     0.0000 0.0000 Eval_33_40_DP_OP_55J27_122_5590_J27_0
core16_1/core4_1/evalB/DP_OP_56J27_123_4442    203.4900     0.0    203.4900     0.0000 0.0000 Eval_33_40_DP_OP_56J27_123_4442_J27_0
core16_1/core4_1/evalB/DP_OP_57J27_124_6144    201.6000     0.0    201.6000     0.0000 0.0000 Eval_33_40_DP_OP_57J27_124_6144_J27_0
core16_1/core4_1/interp             3335.0940      0.4       0.5040    311.8500  0.0000  Interpolation_41
core16_1/core4_1/interp/interp      3022.7400      0.3       0.2520      0.0000  0.0000  InterpolationComb_41
core16_1/core4_1/interp/interp/DP_OP_106J21_122_6228   3022.4880     0.3   3022.4880     0.0000 0.0000 InterpolationComb_0_DP_OP_106J21_122_6228_J21_0_16
core16_1/core4_1/mult_x_1           1210.1040      0.1    1210.1040      0.0000  0.0000  core4_40_DW_mult_uns_J25_1
core16_1/core4_1/mult_x_2           1339.0020      0.1    1339.0020      0.0000  0.0000  core4_40_DW_mult_tc_J25_4
core16_1/core4_1/mult_x_3           1380.9600      0.1    1380.9600      0.0000  0.0000  core4_40_DW_mult_tc_J25_3
core16_1/core4_1/mult_x_4           1381.3380      0.1    1381.3380      0.0000  0.0000  core4_40_DW_mult_tc_J25_2
core16_1/core4_1/mult_x_5           1394.4420      0.2    1394.4420      0.0000  0.0000  core4_40_DW_mult_tc_J25_1
core16_1/core4_1/mult_x_6           1380.2040      0.1    1380.2040      0.0000  0.0000  core4_40_DW_mult_tc_J25_0
core16_1/core4_1/mult_x_7           1304.4780      0.1    1304.4780      0.0000  0.0000  core4_40_DW_mult_uns_J25_0
core16_1/core4_2                   14491.1338      1.6       0.7560    591.5700  0.0000  core4_39
core16_1/core4_2/evalA              1082.2140      0.1      33.7680      0.0000  0.0000  Eval_32_39
core16_1/core4_2/evalA/DP_OP_53J21_123_9578    275.1840     0.0    275.1840     0.0000 0.0000 Eval_32_1_DP_OP_53J21_123_9578_J21_0_28
core16_1/core4_2/evalA/DP_OP_54J21_124_907    392.6160     0.0    392.6160     0.0000 0.0000 Eval_32_1_DP_OP_54J21_124_907_J21_0_28
core16_1/core4_2/evalA/DP_OP_55J21_125_2024    380.6460     0.0    380.6460     0.0000 0.0000 Eval_32_1_DP_OP_55J21_125_2024_J21_0_28
core16_1/core4_2/evalB               513.9540      0.1      15.6240      0.0000  0.0000  Eval_33_39
core16_1/core4_2/evalB/DP_OP_53J26_122_5226    133.3080     0.0    133.3080     0.0000 0.0000 Eval_33_1_DP_OP_53J26_122_5226_J26_0_25
core16_1/core4_2/evalB/DP_OP_54J26_123_7613    179.4240     0.0    179.4240     0.0000 0.0000 Eval_33_1_DP_OP_54J26_123_7613_J26_0_25
core16_1/core4_2/evalB/DP_OP_55J26_124_8730    185.5980     0.0    185.5980     0.0000 0.0000 Eval_33_1_DP_OP_55J26_124_8730_J26_0_25
core16_1/core4_2/interp             3440.5559      0.4       0.5040    319.4100  0.0000  Interpolation_40
core16_1/core4_2/interp/interp      3120.6419      0.3       0.2520      0.0000  0.0000  InterpolationComb_40
core16_1/core4_2/interp/interp/DP_OP_106J20_122_8999   3120.3899     0.3   3120.3899     0.0000 0.0000 InterpolationComb_1_DP_OP_106J20_122_8999_J20_0_23
core16_1/core4_2/mult_x_1           1132.4880      0.1    1132.4880      0.0000  0.0000  core4_1_DW_mult_tc_J23_6_19
core16_1/core4_2/mult_x_2           1304.4780      0.1    1304.4780      0.0000  0.0000  core4_1_DW_mult_tc_J23_5_19
core16_1/core4_2/mult_x_3           1244.7540      0.1    1244.7540      0.0000  0.0000  core4_1_DW_mult_tc_J23_4_19
core16_1/core4_2/mult_x_4           1337.6160      0.1    1337.6160      0.0000  0.0000  core4_1_DW_mult_tc_J23_3_19
core16_1/core4_2/mult_x_5           1339.5060      0.1    1339.5060      0.0000  0.0000  core4_1_DW_mult_tc_J23_2_19
core16_1/core4_2/mult_x_6           1379.0700      0.1    1379.0700      0.0000  0.0000  core4_1_DW_mult_tc_J23_1_19
core16_1/core4_2/mult_x_7           1124.1720      0.1    1124.1720      0.0000  0.0000  core4_1_DW_mult_tc_J23_0_19
core16_1/core4_3                   15014.7898      1.6       0.7560    591.6960  0.0000  core4_38
core16_1/core4_3/evalA              1078.4340      0.1      34.2720      0.0000  0.0000  Eval_32_38
core16_1/core4_3/evalA/DP_OP_53J21_123_9578    274.0500     0.0    274.0500     0.0000 0.0000 Eval_32_1_DP_OP_53J21_123_9578_J21_0_27
core16_1/core4_3/evalA/DP_OP_54J21_124_907    391.7340     0.0    391.7340     0.0000 0.0000 Eval_32_1_DP_OP_54J21_124_907_J21_0_27
core16_1/core4_3/evalA/DP_OP_55J21_125_2024    378.3780     0.0    378.3780     0.0000 0.0000 Eval_32_1_DP_OP_55J21_125_2024_J21_0_27
core16_1/core4_3/evalB               727.0200      0.1      19.6560      0.0000  0.0000  Eval_33_38
core16_1/core4_3/evalB/DP_OP_53J26_122_5226    146.7900     0.0    146.7900     0.0000 0.0000 Eval_33_1_DP_OP_53J26_122_5226_J26_0_24
core16_1/core4_3/evalB/DP_OP_54J26_123_7613    273.7980     0.0    273.7980     0.0000 0.0000 Eval_33_38_DP_OP_54J26_123_7613_0
core16_1/core4_3/evalB/DP_OP_55J26_124_8730    286.7760     0.0    286.7760     0.0000 0.0000 Eval_33_38_DP_OP_55J26_124_8730_0
core16_1/core4_3/interp             3440.0519      0.4       0.5040    319.4100  0.0000  Interpolation_39
core16_1/core4_3/interp/interp      3120.1379      0.3       0.2520      0.0000  0.0000  InterpolationComb_39
core16_1/core4_3/interp/interp/DP_OP_106J20_122_8999   3119.8859     0.3   3119.8859     0.0000 0.0000 InterpolationComb_1_DP_OP_106J20_122_8999_J20_0_22
core16_1/core4_3/mult_x_1           1155.0420      0.1    1155.0420      0.0000  0.0000  core4_1_DW_mult_tc_J23_6_18
core16_1/core4_3/mult_x_2           1343.0340      0.1    1343.0340      0.0000  0.0000  core4_1_DW_mult_tc_J23_5_18
core16_1/core4_3/mult_x_3           1379.0700      0.1    1379.0700      0.0000  0.0000  core4_1_DW_mult_tc_J23_4_18
core16_1/core4_3/mult_x_4           1384.7400      0.2    1384.7400      0.0000  0.0000  core4_1_DW_mult_tc_J23_3_18
core16_1/core4_3/mult_x_5           1379.0700      0.1    1379.0700      0.0000  0.0000  core4_1_DW_mult_tc_J23_2_18
core16_1/core4_3/mult_x_6           1379.1960      0.1    1379.1960      0.0000  0.0000  core4_1_DW_mult_tc_J23_1_18
core16_1/core4_3/mult_x_7           1156.6800      0.1    1156.6800      0.0000  0.0000  core4_1_DW_mult_tc_J23_0_18
core16_1/core4_4                   14941.2058      1.6       1.0080    591.6960  0.0000  core4_37
core16_1/core4_4/evalA              1079.6940      0.1      34.5240      0.0000  0.0000  Eval_32_37
core16_1/core4_4/evalA/DP_OP_53J21_123_9578    274.0500     0.0    274.0500     0.0000 0.0000 Eval_32_1_DP_OP_53J21_123_9578_J21_0_26
core16_1/core4_4/evalA/DP_OP_54J21_124_907    391.7340     0.0    391.7340     0.0000 0.0000 Eval_32_1_DP_OP_54J21_124_907_J21_0_26
core16_1/core4_4/evalA/DP_OP_55J21_125_2024    379.3860     0.0    379.3860     0.0000 0.0000 Eval_32_1_DP_OP_55J21_125_2024_J21_0_26
core16_1/core4_4/evalB               563.5980      0.1      17.6400      0.0000  0.0000  Eval_33_37
core16_1/core4_4/evalB/DP_OP_54J25_122_242    140.7420     0.0    140.7420     0.0000 0.0000 Eval_33_19_DP_OP_54J25_122_242_J25_0_1
core16_1/core4_4/evalB/DP_OP_55J25_123_4499    203.3640     0.0    203.3640     0.0000 0.0000 Eval_33_19_DP_OP_55J25_123_4499_J25_0_1
core16_1/core4_4/evalB/DP_OP_56J25_124_4860    201.8520     0.0    201.8520     0.0000 0.0000 Eval_33_19_DP_OP_56J25_124_4860_J25_0_1
core16_1/core4_4/interp             3441.5639      0.4       0.5040    319.4100  0.0000  Interpolation_38
core16_1/core4_4/interp/interp      3121.6499      0.3       0.2520      0.0000  0.0000  InterpolationComb_38
core16_1/core4_4/interp/interp/DP_OP_106J20_122_8999   3121.3979     0.3   3121.3979     0.0000 0.0000 InterpolationComb_1_DP_OP_106J20_122_8999_J20_0_21
core16_1/core4_4/mult_x_1           1213.0020      0.1    1213.0020      0.0000  0.0000  core4_37_DW_mult_uns_J27_1
core16_1/core4_4/mult_x_2           1338.1200      0.1    1338.1200      0.0000  0.0000  core4_37_DW_mult_tc_J27_4
core16_1/core4_4/mult_x_3           1342.4040      0.1    1342.4040      0.0000  0.0000  core4_37_DW_mult_tc_J27_3
core16_1/core4_4/mult_x_4           1386.2520      0.2    1386.2520      0.0000  0.0000  core4_37_DW_mult_tc_J27_2
core16_1/core4_4/mult_x_5           1379.4480      0.1    1379.4480      0.0000  0.0000  core4_37_DW_mult_tc_J27_1
core16_1/core4_4/mult_x_6           1394.6940      0.2    1394.6940      0.0000  0.0000  core4_37_DW_mult_tc_J27_0
core16_1/core4_4/mult_x_7           1209.7260      0.1    1209.7260      0.0000  0.0000  core4_37_DW_mult_uns_J27_0
core16_1/core4_5                   15328.5298      1.7       0.5040    591.5700  0.0000  core4_36
core16_1/core4_5/evalA              1082.5920      0.1      34.6500      0.0000  0.0000  Eval_32_36
core16_1/core4_5/evalA/DP_OP_53J21_123_9578    277.2000     0.0    277.2000     0.0000 0.0000 Eval_32_1_DP_OP_53J21_123_9578_J21_0_25
core16_1/core4_5/evalA/DP_OP_54J21_124_907    392.3640     0.0    392.3640     0.0000 0.0000 Eval_32_1_DP_OP_54J21_124_907_J21_0_25
core16_1/core4_5/evalA/DP_OP_55J21_125_2024    378.3780     0.0    378.3780     0.0000 0.0000 Eval_32_1_DP_OP_55J21_125_2024_J21_0_25
core16_1/core4_5/evalB               682.4160      0.1      19.9080      0.0000  0.0000  Eval_33_36
core16_1/core4_5/evalB/DP_OP_53J26_122_5226    145.5300     0.0    145.5300     0.0000 0.0000 Eval_33_1_DP_OP_53J26_122_5226_J26_0_23
core16_1/core4_5/evalB/DP_OP_54J26_123_7613    312.7320     0.0    312.7320     0.0000 0.0000 Eval_33_36_DP_OP_54J26_123_7613_0
core16_1/core4_5/evalB/DP_OP_55J26_124_8730    204.2460     0.0    204.2460     0.0000 0.0000 Eval_33_1_DP_OP_55J26_124_8730_J26_0_23
core16_1/core4_5/interp             3440.5559      0.4       0.5040    319.4100  0.0000  Interpolation_37
core16_1/core4_5/interp/interp      3120.6419      0.3       0.2520      0.0000  0.0000  InterpolationComb_37
core16_1/core4_5/interp/interp/DP_OP_106J20_122_8999   3120.3899     0.3   3120.3899     0.0000 0.0000 InterpolationComb_1_DP_OP_106J20_122_8999_J20_0_20
core16_1/core4_5/mult_x_1           1311.9120      0.1    1311.9120      0.0000  0.0000  core4_1_DW_mult_tc_J23_6_17
core16_1/core4_5/mult_x_2           1339.7580      0.1    1339.7580      0.0000  0.0000  core4_1_DW_mult_tc_J23_5_17
core16_1/core4_5/mult_x_3           1379.7000      0.1    1379.7000      0.0000  0.0000  core4_1_DW_mult_tc_J23_4_17
core16_1/core4_5/mult_x_4           1430.1000      0.2    1430.1000      0.0000  0.0000  core4_36_DW_mult_tc_0
core16_1/core4_5/mult_x_5           1380.3300      0.1    1380.3300      0.0000  0.0000  core4_1_DW_mult_tc_J23_2_17
core16_1/core4_5/mult_x_6           1380.0780      0.1    1380.0780      0.0000  0.0000  core4_1_DW_mult_tc_J23_1_17
core16_1/core4_5/mult_x_7           1309.0140      0.1    1309.0140      0.0000  0.0000  core4_1_DW_mult_tc_J23_0_17
core16_1/core4_6                   13765.6258      1.5       0.7560    591.5700  0.0000  core4_35
core16_1/core4_6/evalA              1032.0660      0.1      31.6260      0.0000  0.0000  Eval_32_35
core16_1/core4_6/evalA/DP_OP_54J20_126_8276    266.9940     0.0    266.9940     0.0000 0.0000 Eval_32_5_DP_OP_54J20_126_8276_J20_0_1
core16_1/core4_6/evalA/DP_OP_55J20_127_5033    367.1640     0.0    367.1640     0.0000 0.0000 Eval_32_5_DP_OP_55J20_127_5033_J20_0_1
core16_1/core4_6/evalA/DP_OP_56J20_128_5140    366.2820     0.0    366.2820     0.0000 0.0000 Eval_32_5_DP_OP_56J20_128_5140_J20_0_1
core16_1/core4_6/evalB               459.2700      0.0      14.1120      0.0000  0.0000  Eval_33_35
core16_1/core4_6/evalB/DP_OP_54J23_125_1057    124.2360     0.0    124.2360     0.0000 0.0000 Eval_33_5_DP_OP_54J23_125_1057_J23_0_1
core16_1/core4_6/evalB/DP_OP_55J23_126_1772    161.5320     0.0    161.5320     0.0000 0.0000 Eval_33_5_DP_OP_55J23_126_1772_J23_0_1
core16_1/core4_6/evalB/DP_OP_56J23_127_5228    159.3900     0.0    159.3900     0.0000 0.0000 Eval_33_5_DP_OP_56J23_127_5228_J23_0_1
core16_1/core4_6/interp             3335.0940      0.4       0.5040    311.8500  0.0000  Interpolation_36
core16_1/core4_6/interp/interp      3022.7400      0.3       0.2520      0.0000  0.0000  InterpolationComb_36
core16_1/core4_6/interp/interp/DP_OP_106J21_122_6228   3022.4880     0.3   3022.4880     0.0000 0.0000 InterpolationComb_0_DP_OP_106J21_122_6228_J21_0_15
core16_1/core4_6/mult_x_1           1080.5760      0.1    1080.5760      0.0000  0.0000  core4_35_DW_mult_uns_J32_3_0
core16_1/core4_6/mult_x_2           1299.8160      0.1    1299.8160      0.0000  0.0000  core4_35_DW_mult_uns_J32_2_0
core16_1/core4_6/mult_x_3           1150.7580      0.1    1150.7580      0.0000  0.0000  core4_35_DW_mult_tc_J32_2_0
core16_1/core4_6/mult_x_4           1192.0860      0.1    1192.0860      0.0000  0.0000  core4_35_DW_mult_tc_J32_1_0
core16_1/core4_6/mult_x_5           1251.6840      0.1    1251.6840      0.0000  0.0000  core4_35_DW_mult_uns_J32_1_0
core16_1/core4_6/mult_x_6           1296.1620      0.1    1296.1620      0.0000  0.0000  core4_35_DW_mult_tc_J32_0_0
core16_1/core4_6/mult_x_7           1075.7880      0.1    1075.7880      0.0000  0.0000  core4_35_DW_mult_uns_J32_0_0
core16_1/evalA                      1042.6500      0.1      31.6260      0.0000  0.0000  Eval_32_72
core16_1/evalA/DP_OP_54J21_126_7364    267.6240     0.0    267.6240      0.0000  0.0000  Eval_32_69_DP_OP_54J21_126_7364_J21_0_3
core16_1/evalA/DP_OP_55J21_127_1671    375.9840     0.0    375.9840      0.0000  0.0000  Eval_32_69_DP_OP_55J21_127_1671_J21_0_3
core16_1/evalA/DP_OP_56J21_128_2247    367.4160     0.0    367.4160      0.0000  0.0000  Eval_32_69_DP_OP_56J21_128_2247_J21_0_3
core16_1/evalA_1                    1031.8140      0.1      31.3740      0.0000  0.0000  Eval_32_71
core16_1/evalA_1/DP_OP_54J21_126_7364    266.9940     0.0    266.9940     0.0000 0.0000  Eval_32_69_DP_OP_54J21_126_7364_J21_0_2
core16_1/evalA_1/DP_OP_55J21_127_1671    367.1640     0.0    367.1640     0.0000 0.0000  Eval_32_69_DP_OP_55J21_127_1671_J21_0_2
core16_1/evalA_1/DP_OP_56J21_128_2247    366.2820     0.0    366.2820     0.0000 0.0000  Eval_32_69_DP_OP_56J21_128_2247_J21_0_2
core16_1/evalA_2                    1031.8140      0.1      31.3740      0.0000  0.0000  Eval_32_70
core16_1/evalA_2/DP_OP_54J21_126_7364    266.9940     0.0    266.9940     0.0000 0.0000  Eval_32_69_DP_OP_54J21_126_7364_J21_0_1
core16_1/evalA_2/DP_OP_55J21_127_1671    367.1640     0.0    367.1640     0.0000 0.0000  Eval_32_69_DP_OP_55J21_127_1671_J21_0_1
core16_1/evalA_2/DP_OP_56J21_128_2247    366.2820     0.0    366.2820     0.0000 0.0000  Eval_32_69_DP_OP_56J21_128_2247_J21_0_1
core16_1/evalA_3                    1035.9720      0.1      31.7520      0.0000  0.0000  Eval_32_69
core16_1/evalA_3/DP_OP_54J21_126_7364    266.9940     0.0    266.9940     0.0000 0.0000  Eval_32_69_DP_OP_54J21_126_7364_J21_0_0
core16_1/evalA_3/DP_OP_55J21_127_1671    368.4240     0.0    368.4240     0.0000 0.0000  Eval_32_69_DP_OP_55J21_127_1671_J21_0_0
core16_1/evalA_3/DP_OP_56J21_128_2247    368.8020     0.0    368.8020     0.0000 0.0000  Eval_32_69_DP_OP_56J21_128_2247_J21_0_0
core16_1/evalB                       449.6940      0.0      14.1120      0.0000  0.0000  Eval_33_72
core16_1/evalB/DP_OP_54J24_125_881    119.7000     0.0     119.7000      0.0000  0.0000  Eval_33_69_DP_OP_54J24_125_881_J24_0_3
core16_1/evalB/DP_OP_55J24_126_7101    158.3820     0.0    158.3820      0.0000  0.0000  Eval_33_69_DP_OP_55J24_126_7101_J24_0_3
core16_1/evalB/DP_OP_56J24_127_7878    157.5000     0.0    157.5000      0.0000  0.0000  Eval_33_69_DP_OP_56J24_127_7878_J24_0_3
core16_1/evalB_1                     449.8200      0.0      13.2300      0.0000  0.0000  Eval_33_71
core16_1/evalB_1/DP_OP_54J24_125_881    117.0540     0.0    117.0540     0.0000  0.0000  Eval_33_69_DP_OP_54J24_125_881_J24_0_2
core16_1/evalB_1/DP_OP_55J24_126_7101    162.2880     0.0    162.2880     0.0000 0.0000  Eval_33_69_DP_OP_55J24_126_7101_J24_0_2
core16_1/evalB_1/DP_OP_56J24_127_7878    157.2480     0.0    157.2480     0.0000 0.0000  Eval_33_69_DP_OP_56J24_127_7878_J24_0_2
core16_1/evalB_2                     448.4340      0.0      13.2300      0.0000  0.0000  Eval_33_70
core16_1/evalB_2/DP_OP_54J24_125_881    118.5660     0.0    118.5660     0.0000  0.0000  Eval_33_69_DP_OP_54J24_125_881_J24_0_1
core16_1/evalB_2/DP_OP_55J24_126_7101    160.0200     0.0    160.0200     0.0000 0.0000  Eval_33_69_DP_OP_55J24_126_7101_J24_0_1
core16_1/evalB_2/DP_OP_56J24_127_7878    156.6180     0.0    156.6180     0.0000 0.0000  Eval_33_69_DP_OP_56J24_127_7878_J24_0_1
core16_1/evalB_3                     452.5920      0.0      14.1120      0.0000  0.0000  Eval_33_69
core16_1/evalB_3/DP_OP_54J24_125_881    115.1640     0.0    115.1640     0.0000  0.0000  Eval_33_69_DP_OP_54J24_125_881_J24_0_0
core16_1/evalB_3/DP_OP_55J24_126_7101    162.9180     0.0    162.9180     0.0000 0.0000  Eval_33_69_DP_OP_55J24_126_7101_J24_0_0
core16_1/evalB_3/DP_OP_56J24_127_7878    160.3980     0.0    160.3980     0.0000 0.0000  Eval_33_69_DP_OP_56J24_127_7878_J24_0_0
core16_1/interp                    12646.9978      1.4       0.5040   1151.0100  0.0000  Interpolation_7_5
core16_1/interp/interp             11495.4838      1.2       0.2520      0.0000  0.0000  InterpolationComb_7_5
core16_1/interp/interp/DP_OP_421J12_122_3346  11495.2318     1.2  11495.2318     0.0000 0.0000 InterpolationComb_7_0_DP_OP_421J12_122_3346_J12_0_1
core16_2                          117752.1644     12.8       1.7640   2201.8500  0.0000  core16_4
core16_2/core4_0                   12495.5458      1.4       1.0080    591.6960  0.0000  core4_34
core16_2/core4_0/evalA               966.7980      0.1      29.3580      0.0000  0.0000  Eval_32_34
core16_2/core4_0/evalA/DP_OP_54J18_122_3091    250.2360     0.0    250.2360     0.0000 0.0000 Eval_32_28_DP_OP_54J18_122_3091_J18_0_1
core16_2/core4_0/evalA/DP_OP_55J18_123_7508    339.3180     0.0    339.3180     0.0000 0.0000 Eval_32_28_DP_OP_55J18_123_7508_J18_0_1
core16_2/core4_0/evalA/DP_OP_56J18_124_8232    347.8860     0.0    347.8860     0.0000 0.0000 Eval_32_28_DP_OP_56J18_124_8232_J18_0_1
core16_2/core4_0/evalB               377.1180      0.0      11.0880      0.0000  0.0000  Eval_33_34
core16_2/core4_0/evalB/DP_OP_54J27_125_6883     97.5240     0.0     97.5240     0.0000 0.0000 Eval_33_28_DP_OP_54J27_125_6883_J27_0_1
core16_2/core4_0/evalB/DP_OP_55J27_126_2352    130.9140     0.0    130.9140     0.0000 0.0000 Eval_33_28_DP_OP_55J27_126_2352_J27_0_1
core16_2/core4_0/evalB/DP_OP_56J27_127_8584    137.5920     0.0    137.5920     0.0000 0.0000 Eval_33_28_DP_OP_56J27_127_8584_J27_0_1
core16_2/core4_0/interp             3335.5980      0.4       0.5040    311.8500  0.0000  Interpolation_35
core16_2/core4_0/interp/interp      3023.2440      0.3       0.2520      0.0000  0.0000  InterpolationComb_35
core16_2/core4_0/interp/interp/DP_OP_106J21_122_6228   3022.9920     0.3   3022.9920     0.0000 0.0000 InterpolationComb_0_DP_OP_106J21_122_6228_J21_0_14
core16_2/core4_0/mult_x_1            825.3000      0.1     825.3000      0.0000  0.0000  core4_28_DW_mult_uns_J15_3_1
core16_2/core4_0/mult_x_2           1108.1700      0.1    1108.1700      0.0000  0.0000  core4_28_DW_mult_uns_J15_2_1
core16_2/core4_0/mult_x_3            973.3500      0.1     973.3500      0.0000  0.0000  core4_28_DW_mult_tc_J15_2_1
core16_2/core4_0/mult_x_4           1177.3440      0.1    1177.3440      0.0000  0.0000  core4_28_DW_mult_tc_J15_1_1
core16_2/core4_0/mult_x_5           1120.5180      0.1    1120.5180      0.0000  0.0000  core4_28_DW_mult_uns_J15_1_1
core16_2/core4_0/mult_x_6           1193.3460      0.1    1193.3460      0.0000  0.0000  core4_28_DW_mult_tc_J15_0_1
core16_2/core4_0/mult_x_7            825.3000      0.1     825.3000      0.0000  0.0000  core4_28_DW_mult_uns_J15_0_1
core16_2/core4_1                   14365.5118      1.6       1.0080    591.9480  0.0000  core4_33
core16_2/core4_1/evalA              1064.9520      0.1      33.0120      0.0000  0.0000  Eval_32_33
core16_2/core4_1/evalA/DP_OP_55J20_123_4242    272.7900     0.0    272.7900     0.0000 0.0000 Eval_32_33_DP_OP_55J20_123_4242_J20_0
core16_2/core4_1/evalA/DP_OP_56J20_124_6859    383.1660     0.0    383.1660     0.0000 0.0000 Eval_32_33_DP_OP_56J20_124_6859_J20_0
core16_2/core4_1/evalA/DP_OP_57J20_125_4104    375.9840     0.0    375.9840     0.0000 0.0000 Eval_32_33_DP_OP_57J20_125_4104_J20_0
core16_2/core4_1/evalB               578.9700      0.1      14.8680      0.0000  0.0000  Eval_33_33
core16_2/core4_1/evalB/DP_OP_54J23_122_3879    129.6540     0.0    129.6540     0.0000 0.0000 Eval_33_33_DP_OP_54J23_122_3879_J23_0
core16_2/core4_1/evalB/DP_OP_55J23_123_1703    258.1740     0.0    258.1740     0.0000 0.0000 Eval_33_33_DP_OP_55J23_123_1703_0
core16_2/core4_1/evalB/DP_OP_56J23_124_7935    176.2740     0.0    176.2740     0.0000 0.0000 Eval_33_33_DP_OP_56J23_124_7935_J23_0
core16_2/core4_1/interp             3335.0940      0.4       0.5040    311.8500  0.0000  Interpolation_34
core16_2/core4_1/interp/interp      3022.7400      0.3       0.2520      0.0000  0.0000  InterpolationComb_34
core16_2/core4_1/interp/interp/DP_OP_106J21_122_6228   3022.4880     0.3   3022.4880     0.0000 0.0000 InterpolationComb_0_DP_OP_106J21_122_6228_J21_0_13
core16_2/core4_1/mult_x_1           1105.7760      0.1    1105.7760      0.0000  0.0000  core4_33_DW_mult_uns_J29_1
core16_2/core4_1/mult_x_2           1302.3360      0.1    1302.3360      0.0000  0.0000  core4_33_DW_mult_tc_J29_4
core16_2/core4_1/mult_x_3           1242.8640      0.1    1242.8640      0.0000  0.0000  core4_33_DW_mult_tc_J29_3
core16_2/core4_1/mult_x_4           1331.4420      0.1    1331.4420      0.0000  0.0000  core4_33_DW_mult_tc_J29_2
core16_2/core4_1/mult_x_5           1340.0100      0.1    1340.0100      0.0000  0.0000  core4_33_DW_mult_tc_J29_1
core16_2/core4_1/mult_x_6           1379.0700      0.1    1379.0700      0.0000  0.0000  core4_33_DW_mult_tc_J29_0
core16_2/core4_1/mult_x_7           1092.0420      0.1    1092.0420      0.0000  0.0000  core4_33_DW_mult_uns_J29_0
core16_2/core4_2                   13333.3198      1.4       1.0080    591.8220  0.0000  core4_32
core16_2/core4_2/evalA              1007.3700      0.1      30.7440      0.0000  0.0000  Eval_32_32
core16_2/core4_2/evalA/DP_OP_53J21_123_9578    259.3080     0.0    259.3080     0.0000 0.0000 Eval_32_1_DP_OP_53J21_123_9578_J21_0_24
core16_2/core4_2/evalA/DP_OP_54J21_124_907    356.7060     0.0    356.7060     0.0000 0.0000 Eval_32_1_DP_OP_54J21_124_907_J21_0_24
core16_2/core4_2/evalA/DP_OP_55J21_125_2024    360.6120     0.0    360.6120     0.0000 0.0000 Eval_32_1_DP_OP_55J21_125_2024_J21_0_24
core16_2/core4_2/evalB               418.9500      0.0      12.3480      0.0000  0.0000  Eval_33_32
core16_2/core4_2/evalB/DP_OP_53J26_122_5226    109.8720     0.0    109.8720     0.0000 0.0000 Eval_33_1_DP_OP_53J26_122_5226_J26_0_22
core16_2/core4_2/evalB/DP_OP_54J26_123_7613    145.7820     0.0    145.7820     0.0000 0.0000 Eval_33_1_DP_OP_54J26_123_7613_J26_0_22
core16_2/core4_2/evalB/DP_OP_55J26_124_8730    150.9480     0.0    150.9480     0.0000 0.0000 Eval_33_1_DP_OP_55J26_124_8730_J26_0_22
core16_2/core4_2/interp             3440.0519      0.4       0.5040    319.4100  0.0000  Interpolation_33
core16_2/core4_2/interp/interp      3120.1379      0.3       0.2520      0.0000  0.0000  InterpolationComb_33
core16_2/core4_2/interp/interp/DP_OP_106J20_122_8999   3119.8859     0.3   3119.8859     0.0000 0.0000 InterpolationComb_1_DP_OP_106J20_122_8999_J20_0_19
core16_2/core4_2/mult_x_1            962.7660      0.1     962.7660      0.0000  0.0000  core4_1_DW_mult_tc_J23_6_16
core16_2/core4_2/mult_x_2           1135.8900      0.1    1135.8900      0.0000  0.0000  core4_1_DW_mult_tc_J23_5_16
core16_2/core4_2/mult_x_3           1106.0280      0.1    1106.0280      0.0000  0.0000  core4_1_DW_mult_tc_J23_4_16
core16_2/core4_2/mult_x_4           1265.0400      0.1    1265.0400      0.0000  0.0000  core4_1_DW_mult_tc_J23_3_16_0
core16_2/core4_2/mult_x_5           1149.2460      0.1    1149.2460      0.0000  0.0000  core4_1_DW_mult_tc_J23_2_16
core16_2/core4_2/mult_x_6           1298.4300      0.1    1298.4300      0.0000  0.0000  core4_1_DW_mult_tc_J23_1_16
core16_2/core4_2/mult_x_7            956.7180      0.1     956.7180      0.0000  0.0000  core4_1_DW_mult_tc_J23_0_16
core16_2/core4_3                   14657.0758      1.6       0.7560    591.8220  0.0000  core4_31
core16_2/core4_3/evalA              1079.0640      0.1      34.2720      0.0000  0.0000  Eval_32_31
core16_2/core4_3/evalA/DP_OP_53J21_123_9578    274.0500     0.0    274.0500     0.0000 0.0000 Eval_32_1_DP_OP_53J21_123_9578_J21_0_23
core16_2/core4_3/evalA/DP_OP_54J21_124_907    392.3640     0.0    392.3640     0.0000 0.0000 Eval_32_1_DP_OP_54J21_124_907_J21_0_23
core16_2/core4_3/evalA/DP_OP_55J21_125_2024    378.3780     0.0    378.3780     0.0000 0.0000 Eval_32_1_DP_OP_55J21_125_2024_J21_0_23
core16_2/core4_3/evalB               619.4160      0.1      18.9000      0.0000  0.0000  Eval_33_31
core16_2/core4_3/evalB/DP_OP_53J26_122_5226    151.8300     0.0    151.8300     0.0000 0.0000 Eval_33_1_DP_OP_53J26_122_5226_J26_0_21
core16_2/core4_3/evalB/DP_OP_54J26_123_7613    219.6180     0.0    219.6180     0.0000 0.0000 Eval_33_31_DP_OP_54J26_123_7613_0
core16_2/core4_3/evalB/DP_OP_55J26_124_8730    229.0680     0.0    229.0680     0.0000 0.0000 Eval_33_31_DP_OP_55J26_124_8730_0
core16_2/core4_3/interp             3441.5639      0.4       0.5040    319.4100  0.0000  Interpolation_32
core16_2/core4_3/interp/interp      3121.6499      0.3       0.2520      0.0000  0.0000  InterpolationComb_32
core16_2/core4_3/interp/interp/DP_OP_106J20_122_8999   3121.3979     0.3   3121.3979     0.0000 0.0000 InterpolationComb_1_DP_OP_106J20_122_8999_J20_0_18
core16_2/core4_3/mult_x_1           1021.6080      0.1    1021.6080      0.0000  0.0000  core4_1_DW_mult_tc_J23_6_15
core16_2/core4_3/mult_x_2           1347.0660      0.1    1347.0660      0.0000  0.0000  core4_1_DW_mult_tc_J23_5_15
core16_2/core4_3/mult_x_3           1379.7000      0.1    1379.7000      0.0000  0.0000  core4_1_DW_mult_tc_J23_4_15
core16_2/core4_3/mult_x_4           1391.0400      0.2    1391.0400      0.0000  0.0000  core4_1_DW_mult_tc_J23_3_15
core16_2/core4_3/mult_x_5           1379.5740      0.1    1379.5740      0.0000  0.0000  core4_1_DW_mult_tc_J23_2_15
core16_2/core4_3/mult_x_6           1379.5740      0.1    1379.5740      0.0000  0.0000  core4_1_DW_mult_tc_J23_1_15
core16_2/core4_3/mult_x_7           1025.8920      0.1    1025.8920      0.0000  0.0000  core4_1_DW_mult_tc_J23_0_15
core16_2/core4_4                   14124.4738      1.5       0.7560    591.5700  0.0000  core4_30
core16_2/core4_4/evalA              1063.9440      0.1      32.8860      0.0000  0.0000  Eval_32_30
core16_2/core4_4/evalA/DP_OP_54J28_122_580    271.7820     0.0    271.7820     0.0000 0.0000 Eval_32_30_DP_OP_54J28_122_580_J28_0
core16_2/core4_4/evalA/DP_OP_55J28_123_5196    382.1580     0.0    382.1580     0.0000 0.0000 Eval_32_30_DP_OP_55J28_123_5196_J28_0
core16_2/core4_4/evalA/DP_OP_56J28_124_4835    377.1180     0.0    377.1180     0.0000 0.0000 Eval_32_30_DP_OP_56J28_124_4835_J28_0
core16_2/core4_4/evalB               478.4220      0.1      14.4900      0.0000  0.0000  Eval_33_30
core16_2/core4_4/evalB/DP_OP_54J28_125_8882    126.5040     0.0    126.5040     0.0000 0.0000 Eval_33_30_DP_OP_54J28_125_8882_J28_0
core16_2/core4_4/evalB/DP_OP_55J28_126_4273    166.5720     0.0    166.5720     0.0000 0.0000 Eval_33_30_DP_OP_55J28_126_4273_J28_0
core16_2/core4_4/evalB/DP_OP_56J28_127_5018    170.8560     0.0    170.8560     0.0000 0.0000 Eval_33_30_DP_OP_56J28_127_5018_J28_0
core16_2/core4_4/interp             3440.0519      0.4       0.5040    319.4100  0.0000  Interpolation_31
core16_2/core4_4/interp/interp      3120.1379      0.3       0.2520      0.0000  0.0000  InterpolationComb_31
core16_2/core4_4/interp/interp/DP_OP_106J20_122_8999   3119.8859     0.3   3119.8859     0.0000 0.0000 InterpolationComb_1_DP_OP_106J20_122_8999_J20_0_17
core16_2/core4_4/mult_x_1           1095.4440      0.1    1095.4440      0.0000  0.0000  core4_30_DW_mult_uns_J30_2
core16_2/core4_4/mult_x_2           1313.2980      0.1    1313.2980      0.0000  0.0000  core4_30_DW_mult_tc_J30_3
core16_2/core4_4/mult_x_3           1236.0600      0.1    1236.0600      0.0000  0.0000  core4_30_DW_mult_tc_J30_2
core16_2/core4_4/mult_x_4           1205.0640      0.1    1205.0640      0.0000  0.0000  core4_30_DW_mult_tc_J30_1
core16_2/core4_4/mult_x_5           1266.6780      0.1    1266.6780      0.0000  0.0000  core4_30_DW_mult_uns_J30_1
core16_2/core4_4/mult_x_6           1351.6020      0.1    1351.6020      0.0000  0.0000  core4_30_DW_mult_tc_J30_0
core16_2/core4_4/mult_x_7           1081.5840      0.1    1081.5840      0.0000  0.0000  core4_30_DW_mult_uns_J30_0
core16_2/core4_5                   15196.2299      1.6       0.5040    591.5700  0.0000  core4_29
core16_2/core4_5/evalA              1078.6860      0.1      34.3980      0.0000  0.0000  Eval_32_29
core16_2/core4_5/evalA/DP_OP_53J21_123_9578    274.0500     0.0    274.0500     0.0000 0.0000 Eval_32_1_DP_OP_53J21_123_9578_J21_0_22
core16_2/core4_5/evalA/DP_OP_54J21_124_907    391.7340     0.0    391.7340     0.0000 0.0000 Eval_32_1_DP_OP_54J21_124_907_J21_0_22
core16_2/core4_5/evalA/DP_OP_55J21_125_2024    378.5040     0.0    378.5040     0.0000 0.0000 Eval_32_1_DP_OP_55J21_125_2024_J21_0_22
core16_2/core4_5/evalB               690.4800      0.1      19.4040      0.0000  0.0000  Eval_33_29
core16_2/core4_5/evalB/DP_OP_53J26_122_5226    138.7260     0.0    138.7260     0.0000 0.0000 Eval_33_29_DP_OP_53J26_122_5226_0
core16_2/core4_5/evalB/DP_OP_54J26_123_7613    278.4600     0.0    278.4600     0.0000 0.0000 Eval_33_29_DP_OP_54J26_123_7613_0
core16_2/core4_5/evalB/DP_OP_55J26_124_8730    253.8900     0.0    253.8900     0.0000 0.0000 Eval_33_29_DP_OP_55J26_124_8730_0
core16_2/core4_5/interp             3440.5559      0.4       0.5040    319.4100  0.0000  Interpolation_30
core16_2/core4_5/interp/interp      3120.6419      0.3       0.2520      0.0000  0.0000  InterpolationComb_30
core16_2/core4_5/interp/interp/DP_OP_106J20_122_8999   3120.3899     0.3   3120.3899     0.0000 0.0000 InterpolationComb_1_DP_OP_106J20_122_8999_J20_0_16
core16_2/core4_5/mult_x_1           1143.9540      0.1    1143.9540      0.0000  0.0000  core4_1_DW_mult_tc_J23_6_14
core16_2/core4_5/mult_x_2           1389.5280      0.2    1389.5280      0.0000  0.0000  core4_29_DW_mult_tc_4
core16_2/core4_5/mult_x_3           1430.9820      0.2    1430.9820      0.0000  0.0000  core4_29_DW_mult_tc_1
core16_2/core4_5/mult_x_4           1428.9660      0.2    1428.9660      0.0000  0.0000  core4_29_DW_mult_tc_0
core16_2/core4_5/mult_x_5           1429.7220      0.2    1429.7220      0.0000  0.0000  core4_29_DW_mult_tc_3
core16_2/core4_5/mult_x_6           1430.6040      0.2    1430.6040      0.0000  0.0000  core4_29_DW_mult_tc_2
core16_2/core4_5/mult_x_7           1140.6780      0.1    1140.6780      0.0000  0.0000  core4_1_DW_mult_tc_J23_0_14
core16_2/core4_6                   12497.9398      1.4       1.0080    591.6960  0.0000  core4_28
core16_2/core4_6/evalA               965.4120      0.1      29.3580      0.0000  0.0000  Eval_32_28
core16_2/core4_6/evalA/DP_OP_54J18_122_3091    250.2360     0.0    250.2360     0.0000 0.0000 Eval_32_28_DP_OP_54J18_122_3091_J18_0_0
core16_2/core4_6/evalA/DP_OP_55J18_123_7508    340.5780     0.0    340.5780     0.0000 0.0000 Eval_32_28_DP_OP_55J18_123_7508_J18_0_0
core16_2/core4_6/evalA/DP_OP_56J18_124_8232    345.2400     0.0    345.2400     0.0000 0.0000 Eval_32_28_DP_OP_56J18_124_8232_J18_0_0
core16_2/core4_6/evalB               377.8740      0.0      11.0880      0.0000  0.0000  Eval_33_28
core16_2/core4_6/evalB/DP_OP_54J27_125_6883     98.7840     0.0     98.7840     0.0000 0.0000 Eval_33_28_DP_OP_54J27_125_6883_J27_0_0
core16_2/core4_6/evalB/DP_OP_55J27_126_2352    129.1500     0.0    129.1500     0.0000 0.0000 Eval_33_28_DP_OP_55J27_126_2352_J27_0_0
core16_2/core4_6/evalB/DP_OP_56J27_127_8584    138.8520     0.0    138.8520     0.0000 0.0000 Eval_33_28_DP_OP_56J27_127_8584_J27_0_0
core16_2/core4_6/interp             3335.0940      0.4       0.5040    311.8500  0.0000  Interpolation_29
core16_2/core4_6/interp/interp      3022.7400      0.3       0.2520      0.0000  0.0000  InterpolationComb_29
core16_2/core4_6/interp/interp/DP_OP_106J21_122_6228   3022.4880     0.3   3022.4880     0.0000 0.0000 InterpolationComb_0_DP_OP_106J21_122_6228_J21_0_12
core16_2/core4_6/mult_x_1            824.7960      0.1     824.7960      0.0000  0.0000  core4_28_DW_mult_uns_J15_3_0
core16_2/core4_6/mult_x_2           1105.7760      0.1    1105.7760      0.0000  0.0000  core4_28_DW_mult_uns_J15_2_0
core16_2/core4_6/mult_x_3            971.0820      0.1     971.0820      0.0000  0.0000  core4_28_DW_mult_tc_J15_2_0
core16_2/core4_6/mult_x_4           1180.1160      0.1    1180.1160      0.0000  0.0000  core4_28_DW_mult_tc_J15_1_0
core16_2/core4_6/mult_x_5           1117.7460      0.1    1117.7460      0.0000  0.0000  core4_28_DW_mult_uns_J15_1_0
core16_2/core4_6/mult_x_6           1199.5200      0.1    1199.5200      0.0000  0.0000  core4_28_DW_mult_tc_J15_0_0
core16_2/core4_6/mult_x_7            827.8200      0.1     827.8200      0.0000  0.0000  core4_28_DW_mult_uns_J15_0_0
core16_2/evalA                       966.0420      0.1      29.3580      0.0000  0.0000  Eval_32_68
core16_2/evalA/DP_OP_54J15_122_639    250.2360     0.0     250.2360      0.0000  0.0000  Eval_32_65_DP_OP_54J15_122_639_J15_0_3
core16_2/evalA/DP_OP_55J15_123_1301    341.2080     0.0    341.2080      0.0000  0.0000  Eval_32_65_DP_OP_55J15_123_1301_J15_0_3
core16_2/evalA/DP_OP_56J15_124_7812    345.2400     0.0    345.2400      0.0000  0.0000  Eval_32_65_DP_OP_56J15_124_7812_J15_0_3
core16_2/evalA_1                     965.9160      0.1      28.9800      0.0000  0.0000  Eval_32_67
core16_2/evalA_1/DP_OP_54J15_122_639    250.2360     0.0    250.2360     0.0000  0.0000  Eval_32_65_DP_OP_54J15_122_639_J15_0_2
core16_2/evalA_1/DP_OP_55J15_123_1301    341.2080     0.0    341.2080     0.0000 0.0000  Eval_32_65_DP_OP_55J15_123_1301_J15_0_2
core16_2/evalA_1/DP_OP_56J15_124_7812    345.4920     0.0    345.4920     0.0000 0.0000  Eval_32_65_DP_OP_56J15_124_7812_J15_0_2
core16_2/evalA_2                     963.9000      0.1      28.9800      0.0000  0.0000  Eval_32_66
core16_2/evalA_2/DP_OP_54J15_122_639    250.2360     0.0    250.2360     0.0000  0.0000  Eval_32_65_DP_OP_54J15_122_639_J15_0_1
core16_2/evalA_2/DP_OP_55J15_123_1301    339.3180     0.0    339.3180     0.0000 0.0000  Eval_32_65_DP_OP_55J15_123_1301_J15_0_1
core16_2/evalA_2/DP_OP_56J15_124_7812    345.3660     0.0    345.3660     0.0000 0.0000  Eval_32_65_DP_OP_56J15_124_7812_J15_0_1
core16_2/evalA_3                     982.5480      0.1      29.8620      0.0000  0.0000  Eval_32_65
core16_2/evalA_3/DP_OP_54J15_122_639    253.3860     0.0    253.3860     0.0000  0.0000  Eval_32_65_DP_OP_54J15_122_639_J15_0_0
core16_2/evalA_3/DP_OP_55J15_123_1301    345.9960     0.0    345.9960     0.0000 0.0000  Eval_32_65_DP_OP_55J15_123_1301_J15_0_0
core16_2/evalA_3/DP_OP_56J15_124_7812    353.3040     0.0    353.3040     0.0000 0.0000  Eval_32_65_DP_OP_56J15_124_7812_J15_0_0
core16_2/evalB                       431.5500      0.0      11.0880      0.0000  0.0000  Eval_33_68
core16_2/evalB/DP_OP_54J20_129_7298     92.3580     0.0     92.3580      0.0000  0.0000  Eval_33_68_DP_OP_54J20_129_7298_0
core16_2/evalB/DP_OP_55J20_130_6048    130.0320     0.0    130.0320      0.0000  0.0000  Eval_33_65_DP_OP_55J20_130_6048_J20_0_3
core16_2/evalB/DP_OP_56J20_131_3366    198.0720     0.0    198.0720      0.0000  0.0000  Eval_33_68_DP_OP_56J20_131_3366_0
core16_2/evalB_1                     505.7640      0.1      11.2140      0.0000  0.0000  Eval_33_67
core16_2/evalB_1/DP_OP_54J20_129_7298     96.0120     0.0     96.0120     0.0000 0.0000  Eval_33_65_DP_OP_54J20_129_7298_J20_0_2
core16_2/evalB_1/DP_OP_55J20_130_6048    197.8200     0.0    197.8200     0.0000 0.0000  Eval_33_67_DP_OP_55J20_130_6048_0
core16_2/evalB_1/DP_OP_56J20_131_3366    200.7180     0.0    200.7180     0.0000 0.0000  Eval_33_67_DP_OP_56J20_131_3366_0
core16_2/evalB_2                     490.0140      0.1      11.4660      0.0000  0.0000  Eval_33_66
core16_2/evalB_2/DP_OP_54J20_129_7298     96.0120     0.0     96.0120     0.0000 0.0000  Eval_33_65_DP_OP_54J20_129_7298_J20_0_1
core16_2/evalB_2/DP_OP_55J20_130_6048    189.0000     0.0    189.0000     0.0000 0.0000  Eval_33_66_DP_OP_55J20_130_6048_0
core16_2/evalB_2/DP_OP_56J20_131_3366    193.5360     0.0    193.5360     0.0000 0.0000  Eval_33_66_DP_OP_56J20_131_3366_0
core16_2/evalB_3                     376.4880      0.0      11.0880      0.0000  0.0000  Eval_33_65
core16_2/evalB_3/DP_OP_54J20_129_7298     98.1540     0.0     98.1540     0.0000 0.0000  Eval_33_65_DP_OP_54J20_129_7298_J20_0_0
core16_2/evalB_3/DP_OP_55J20_130_6048    132.1740     0.0    132.1740     0.0000 0.0000  Eval_33_65_DP_OP_55J20_130_6048_J20_0_0
core16_2/evalB_3/DP_OP_56J20_131_3366    135.0720     0.0    135.0720     0.0000 0.0000  Eval_33_65_DP_OP_56J20_131_3366_J20_0_0
core16_2/interp                    13196.2318      1.4       0.5040   1181.2500  0.0000  Interpolation_7_4
core16_2/interp/interp             12014.4778      1.3       0.2520      0.0000  0.0000  InterpolationComb_7_4
core16_2/interp/interp/DP_OP_421J11_122_4043  12014.2258     1.3  12014.2258     0.0000 0.0000 InterpolationComb_7_1_DP_OP_421J11_122_4043_J11_0_3
core16_3                          127428.8384     13.8       1.7640   2201.8500  0.0000  core16_3
core16_3/core4_0                   14267.3578      1.5       0.7560    591.8220  0.0000  core4_27
core16_3/core4_0/evalA              1078.8120      0.1      34.0200      0.0000  0.0000  Eval_32_27
core16_3/core4_0/evalA/DP_OP_53J21_123_9578    274.0500     0.0    274.0500     0.0000 0.0000 Eval_32_1_DP_OP_53J21_123_9578_J21_0_21
core16_3/core4_0/evalA/DP_OP_54J21_124_907    392.3640     0.0    392.3640     0.0000 0.0000 Eval_32_1_DP_OP_54J21_124_907_J21_0_21
core16_3/core4_0/evalA/DP_OP_55J21_125_2024    378.3780     0.0    378.3780     0.0000 0.0000 Eval_32_1_DP_OP_55J21_125_2024_J21_0_21
core16_3/core4_0/evalB               593.3340      0.1      18.9000      0.0000  0.0000  Eval_33_27
core16_3/core4_0/evalB/DP_OP_53J26_122_5226    150.8220     0.0    150.8220     0.0000 0.0000 Eval_33_1_DP_OP_53J26_122_5226_J26_0_19
core16_3/core4_0/evalB/DP_OP_54J26_123_7613    219.1140     0.0    219.1140     0.0000 0.0000 Eval_33_1_DP_OP_54J26_123_7613_J26_0_19
core16_3/core4_0/evalB/DP_OP_55J26_124_8730    204.4980     0.0    204.4980     0.0000 0.0000 Eval_33_1_DP_OP_55J26_124_8730_J26_0_19
core16_3/core4_0/interp             3335.0940      0.4       0.5040    311.8500  0.0000  Interpolation_28
core16_3/core4_0/interp/interp      3022.7400      0.3       0.2520      0.0000  0.0000  InterpolationComb_28
core16_3/core4_0/interp/interp/DP_OP_106J21_122_6228   3022.4880     0.3   3022.4880     0.0000 0.0000 InterpolationComb_0_DP_OP_106J21_122_6228_J21_0_11
core16_3/core4_0/mult_x_1            892.2060      0.1     892.2060      0.0000  0.0000  core4_7_DW_mult_tc_J24_6_5
core16_3/core4_0/mult_x_2           1349.2080      0.1    1349.2080      0.0000  0.0000  core4_7_DW_mult_tc_J24_5_5
core16_3/core4_0/mult_x_3           1377.9360      0.1    1377.9360      0.0000  0.0000  core4_7_DW_mult_tc_J24_4_5
core16_3/core4_0/mult_x_4           1394.6940      0.2    1394.6940      0.0000  0.0000  core4_7_DW_mult_tc_J24_3_5
core16_3/core4_0/mult_x_5           1378.9440      0.1    1378.9440      0.0000  0.0000  core4_7_DW_mult_tc_J24_2_5
core16_3/core4_0/mult_x_6           1381.4640      0.1    1381.4640      0.0000  0.0000  core4_7_DW_mult_tc_J24_1_5
core16_3/core4_0/mult_x_7            893.0880      0.1     893.0880      0.0000  0.0000  core4_7_DW_mult_tc_J24_0_5
core16_3/core4_1                   15131.9698      1.6       0.5040    591.5700  0.0000  core4_26
core16_3/core4_1/evalA              1078.5600      0.1      34.3980      0.0000  0.0000  Eval_32_26
core16_3/core4_1/evalA/DP_OP_53J21_123_9578    274.0500     0.0    274.0500     0.0000 0.0000 Eval_32_1_DP_OP_53J21_123_9578_J21_0_20
core16_3/core4_1/evalA/DP_OP_54J21_124_907    391.7340     0.0    391.7340     0.0000 0.0000 Eval_32_1_DP_OP_54J21_124_907_J21_0_20
core16_3/core4_1/evalA/DP_OP_55J21_125_2024    378.3780     0.0    378.3780     0.0000 0.0000 Eval_32_1_DP_OP_55J21_125_2024_J21_0_20
core16_3/core4_1/evalB               583.7580      0.1      19.9080      0.0000  0.0000  Eval_33_26
core16_3/core4_1/evalB/DP_OP_53J26_122_5226    145.5300     0.0    145.5300     0.0000 0.0000 Eval_33_1_DP_OP_53J26_122_5226_J26_0_18
core16_3/core4_1/evalB/DP_OP_54J26_123_7613    216.3420     0.0    216.3420     0.0000 0.0000 Eval_33_1_DP_OP_54J26_123_7613_J26_0_18
core16_3/core4_1/evalB/DP_OP_55J26_124_8730    201.9780     0.0    201.9780     0.0000 0.0000 Eval_33_1_DP_OP_55J26_124_8730_J26_0_18
core16_3/core4_1/interp             3335.5980      0.4       0.5040    311.8500  0.0000  Interpolation_27
core16_3/core4_1/interp/interp      3023.2440      0.3       0.2520      0.0000  0.0000  InterpolationComb_27
core16_3/core4_1/interp/interp/DP_OP_106J21_122_6228   3022.9920     0.3   3022.9920     0.0000 0.0000 InterpolationComb_0_DP_OP_106J21_122_6228_J21_0_10
core16_3/core4_1/mult_x_1           1344.7980      0.1    1344.7980      0.0000  0.0000  core4_7_DW_mult_tc_J24_6_4
core16_3/core4_1/mult_x_2           1339.6320      0.1    1339.6320      0.0000  0.0000  core4_7_DW_mult_tc_J24_5_4
core16_3/core4_1/mult_x_3           1379.5740      0.1    1379.5740      0.0000  0.0000  core4_7_DW_mult_tc_J24_4_4
core16_3/core4_1/mult_x_4           1380.9600      0.1    1380.9600      0.0000  0.0000  core4_7_DW_mult_tc_J24_3_4
core16_3/core4_1/mult_x_5           1378.9440      0.1    1378.9440      0.0000  0.0000  core4_7_DW_mult_tc_J24_2_4
core16_3/core4_1/mult_x_6           1378.4400      0.1    1378.4400      0.0000  0.0000  core4_7_DW_mult_tc_J24_1_4
core16_3/core4_1/mult_x_7           1339.6320      0.1    1339.6320      0.0000  0.0000  core4_7_DW_mult_tc_J24_0_4
core16_3/core4_2                   15689.1419      1.7       0.7560    591.6960  0.0000  core4_25
core16_3/core4_2/evalA              1101.9960      0.1      34.6500      0.0000  0.0000  Eval_32_25
core16_3/core4_2/evalA/DP_OP_53J21_123_9578    282.1140     0.0    282.1140     0.0000 0.0000 Eval_32_1_DP_OP_53J21_123_9578_J21_0_19
core16_3/core4_2/evalA/DP_OP_54J21_124_907    401.8140     0.0    401.8140     0.0000 0.0000 Eval_32_1_DP_OP_54J21_124_907_J21_0_19
core16_3/core4_2/evalA/DP_OP_55J21_125_2024    383.4180     0.0    383.4180     0.0000 0.0000 Eval_32_1_DP_OP_55J21_125_2024_J21_0_19
core16_3/core4_2/evalB               810.0540      0.1      19.6560      0.0000  0.0000  Eval_33_25
core16_3/core4_2/evalB/DP_OP_53J26_122_5226    145.1520     0.0    145.1520     0.0000 0.0000 Eval_33_25_DP_OP_53J26_122_5226_0
core16_3/core4_2/evalB/DP_OP_54J26_123_7613    333.2700     0.0    333.2700     0.0000 0.0000 Eval_33_25_DP_OP_54J26_123_7613_0
core16_3/core4_2/evalB/DP_OP_55J26_124_8730    311.9760     0.0    311.9760     0.0000 0.0000 Eval_33_25_DP_OP_55J26_124_8730_0
core16_3/core4_2/interp             3441.0599      0.4       0.5040    319.4100  0.0000  Interpolation_26
core16_3/core4_2/interp/interp      3121.1459      0.3       0.2520      0.0000  0.0000  InterpolationComb_26
core16_3/core4_2/interp/interp/DP_OP_106J20_122_8999   3120.8939     0.3   3120.8939     0.0000 0.0000 InterpolationComb_1_DP_OP_106J20_122_8999_J20_0_15
core16_3/core4_2/mult_x_1           1339.7580      0.1    1339.7580      0.0000  0.0000  core4_1_DW_mult_tc_J23_6_13
core16_3/core4_2/mult_x_2           1339.7580      0.1    1339.7580      0.0000  0.0000  core4_1_DW_mult_tc_J23_5_13
core16_3/core4_2/mult_x_3           1430.3520      0.2    1430.3520      0.0000  0.0000  core4_25_DW_mult_tc_3
core16_3/core4_2/mult_x_4           1433.5020      0.2    1433.5020      0.0000  0.0000  core4_25_DW_mult_tc_1
core16_3/core4_2/mult_x_5           1430.7300      0.2    1430.7300      0.0000  0.0000  core4_25_DW_mult_tc_4
core16_3/core4_2/mult_x_6           1430.7300      0.2    1430.7300      0.0000  0.0000  core4_25_DW_mult_tc_0
core16_3/core4_2/mult_x_7           1338.7500      0.1    1338.7500      0.0000  0.0000  core4_1_DW_mult_tc_J23_0_13
core16_3/core4_3                   15347.5558      1.7       0.7560    592.0740  0.0000  core4_24
core16_3/core4_3/evalA              1088.2620      0.1      34.3980      0.0000  0.0000  Eval_32_24
core16_3/core4_3/evalA/DP_OP_53J21_123_9578    278.4600     0.0    278.4600     0.0000 0.0000 Eval_32_1_DP_OP_53J21_123_9578_J21_0_18
core16_3/core4_3/evalA/DP_OP_54J21_124_907    397.0260     0.0    397.0260     0.0000 0.0000 Eval_32_1_DP_OP_54J21_124_907_J21_0_18
core16_3/core4_3/evalA/DP_OP_55J21_125_2024    378.3780     0.0    378.3780     0.0000 0.0000 Eval_32_1_DP_OP_55J21_125_2024_J21_0_18
core16_3/core4_3/evalB               582.6240      0.1      19.6560      0.0000  0.0000  Eval_33_24
core16_3/core4_3/evalB/DP_OP_53J26_122_5226    145.5300     0.0    145.5300     0.0000 0.0000 Eval_33_1_DP_OP_53J26_122_5226_J26_0_16
core16_3/core4_3/evalB/DP_OP_54J26_123_7613    215.3340     0.0    215.3340     0.0000 0.0000 Eval_33_1_DP_OP_54J26_123_7613_J26_0_16
core16_3/core4_3/evalB/DP_OP_55J26_124_8730    202.1040     0.0    202.1040     0.0000 0.0000 Eval_33_1_DP_OP_55J26_124_8730_J26_0_16
core16_3/core4_3/interp             3440.5559      0.4       0.5040    319.4100  0.0000  Interpolation_25
core16_3/core4_3/interp/interp      3120.6419      0.3       0.2520      0.0000  0.0000  InterpolationComb_25
core16_3/core4_3/interp/interp/DP_OP_106J20_122_8999   3120.3899     0.3   3120.3899     0.0000 0.0000 InterpolationComb_1_DP_OP_106J20_122_8999_J20_0_14
core16_3/core4_3/mult_x_1           1338.8760      0.1    1338.8760      0.0000  0.0000  core4_1_DW_mult_tc_J23_6_12
core16_3/core4_3/mult_x_2           1341.6480      0.1    1341.6480      0.0000  0.0000  core4_1_DW_mult_tc_J23_5_12
core16_3/core4_3/mult_x_3           1381.2120      0.1    1381.2120      0.0000  0.0000  core4_1_DW_mult_tc_J23_4_12
core16_3/core4_3/mult_x_4           1430.6040      0.2    1430.6040      0.0000  0.0000  core4_24_DW_mult_tc_1
core16_3/core4_3/mult_x_5           1379.3220      0.1    1379.3220      0.0000  0.0000  core4_1_DW_mult_tc_J23_2_12
core16_3/core4_3/mult_x_6           1430.4780      0.2    1430.4780      0.0000  0.0000  core4_24_DW_mult_tc_0
core16_3/core4_3/mult_x_7           1341.1440      0.1    1341.1440      0.0000  0.0000  core4_1_DW_mult_tc_J23_0_12
core16_3/core4_4                   15244.9918      1.7       0.7560    591.9480  0.0000  core4_23
core16_3/core4_4/evalA              1080.4500      0.1      34.3980      0.0000  0.0000  Eval_32_23
core16_3/core4_4/evalA/DP_OP_53J21_123_9578    274.0500     0.0    274.0500     0.0000 0.0000 Eval_32_1_DP_OP_53J21_123_9578_J21_0_17
core16_3/core4_4/evalA/DP_OP_54J21_124_907    392.3640     0.0    392.3640     0.0000 0.0000 Eval_32_1_DP_OP_54J21_124_907_J21_0_17
core16_3/core4_4/evalA/DP_OP_55J21_125_2024    379.6380     0.0    379.6380     0.0000 0.0000 Eval_32_1_DP_OP_55J21_125_2024_J21_0_17
core16_3/core4_4/evalB               586.4040      0.1      19.7820      0.0000  0.0000  Eval_33_23
core16_3/core4_4/evalB/DP_OP_53J26_122_5226    145.7820     0.0    145.7820     0.0000 0.0000 Eval_33_1_DP_OP_53J26_122_5226_J26_0_15
core16_3/core4_4/evalB/DP_OP_54J26_123_7613    216.2160     0.0    216.2160     0.0000 0.0000 Eval_33_1_DP_OP_54J26_123_7613_J26_0_15
core16_3/core4_4/evalB/DP_OP_55J26_124_8730    204.6240     0.0    204.6240     0.0000 0.0000 Eval_33_1_DP_OP_55J26_124_8730_J26_0_15
core16_3/core4_4/interp             3440.0519      0.4       0.5040    319.4100  0.0000  Interpolation_24
core16_3/core4_4/interp/interp      3120.1379      0.3       0.2520      0.0000  0.0000  InterpolationComb_24
core16_3/core4_4/interp/interp/DP_OP_106J20_122_8999   3119.8859     0.3   3119.8859     0.0000 0.0000 InterpolationComb_1_DP_OP_106J20_122_8999_J20_0_13
core16_3/core4_4/mult_x_1           1339.8840      0.1    1339.8840      0.0000  0.0000  core4_1_DW_mult_tc_J23_6_11
core16_3/core4_4/mult_x_2           1339.7580      0.1    1339.7580      0.0000  0.0000  core4_1_DW_mult_tc_J23_5_11
core16_3/core4_4/mult_x_3           1379.1960      0.1    1379.1960      0.0000  0.0000  core4_1_DW_mult_tc_J23_4_11
core16_3/core4_4/mult_x_4           1379.0700      0.1    1379.0700      0.0000  0.0000  core4_1_DW_mult_tc_J23_3_11
core16_3/core4_4/mult_x_5           1378.8180      0.1    1378.8180      0.0000  0.0000  core4_1_DW_mult_tc_J23_2_11
core16_3/core4_4/mult_x_6           1385.4960      0.2    1385.4960      0.0000  0.0000  core4_1_DW_mult_tc_J23_1_11
core16_3/core4_4/mult_x_7           1343.1600      0.1    1343.1600      0.0000  0.0000  core4_1_DW_mult_tc_J23_0_11
core16_3/core4_5                   15447.4739      1.7       0.5040    591.5700  0.0000  core4_22
core16_3/core4_5/evalA              1078.5600      0.1      34.3980      0.0000  0.0000  Eval_32_22
core16_3/core4_5/evalA/DP_OP_53J21_123_9578    274.0500     0.0    274.0500     0.0000 0.0000 Eval_32_1_DP_OP_53J21_123_9578_J21_0_16
core16_3/core4_5/evalA/DP_OP_54J21_124_907    391.7340     0.0    391.7340     0.0000 0.0000 Eval_32_1_DP_OP_54J21_124_907_J21_0_16
core16_3/core4_5/evalA/DP_OP_55J21_125_2024    378.3780     0.0    378.3780     0.0000 0.0000 Eval_32_1_DP_OP_55J21_125_2024_J21_0_16
core16_3/core4_5/evalB               586.6560      0.1      19.7820      0.0000  0.0000  Eval_33_22
core16_3/core4_5/evalB/DP_OP_53J26_122_5226    145.7820     0.0    145.7820     0.0000 0.0000 Eval_33_1_DP_OP_53J26_122_5226_J26_0_14
core16_3/core4_5/evalB/DP_OP_54J26_123_7613    218.3580     0.0    218.3580     0.0000 0.0000 Eval_33_1_DP_OP_54J26_123_7613_J26_0_14
core16_3/core4_5/evalB/DP_OP_55J26_124_8730    202.7340     0.0    202.7340     0.0000 0.0000 Eval_33_1_DP_OP_55J26_124_8730_J26_0_14
core16_3/core4_5/interp             3441.5639      0.4       0.5040    319.4100  0.0000  Interpolation_23
core16_3/core4_5/interp/interp      3121.6499      0.3       0.2520      0.0000  0.0000  InterpolationComb_23
core16_3/core4_5/interp/interp/DP_OP_106J20_122_8999   3121.3979     0.3   3121.3979     0.0000 0.0000 InterpolationComb_1_DP_OP_106J20_122_8999_J20_0_12
core16_3/core4_5/mult_x_1           1343.4120      0.1    1343.4120      0.0000  0.0000  core4_1_DW_mult_tc_J23_6_10
core16_3/core4_5/mult_x_2           1339.2540      0.1    1339.2540      0.0000  0.0000  core4_1_DW_mult_tc_J23_5_10
core16_3/core4_5/mult_x_3           1431.3600      0.2    1431.3600      0.0000  0.0000  core4_22_DW_mult_tc_1
core16_3/core4_5/mult_x_4           1430.8560      0.2    1430.8560      0.0000  0.0000  core4_22_DW_mult_tc_0
core16_3/core4_5/mult_x_5           1429.7220      0.2    1429.7220      0.0000  0.0000  core4_22_DW_mult_tc_3
core16_3/core4_5/mult_x_6           1430.6040      0.2    1430.6040      0.0000  0.0000  core4_22_DW_mult_tc_2
core16_3/core4_5/mult_x_7           1343.4120      0.1    1343.4120      0.0000  0.0000  core4_1_DW_mult_tc_J23_0_10
core16_3/core4_6                   14247.3238      1.5       0.7560    591.8220  0.0000  core4_21
core16_3/core4_6/evalA              1078.6860      0.1      33.8940      0.0000  0.0000  Eval_32_21
core16_3/core4_6/evalA/DP_OP_53J21_123_9578    274.0500     0.0    274.0500     0.0000 0.0000 Eval_32_1_DP_OP_53J21_123_9578_J21_0_15
core16_3/core4_6/evalA/DP_OP_54J21_124_907    391.7340     0.0    391.7340     0.0000 0.0000 Eval_32_1_DP_OP_54J21_124_907_J21_0_15
core16_3/core4_6/evalA/DP_OP_55J21_125_2024    379.0080     0.0    379.0080     0.0000 0.0000 Eval_32_1_DP_OP_55J21_125_2024_J21_0_15
core16_3/core4_6/evalB               587.0340      0.1      19.0260      0.0000  0.0000  Eval_33_21
core16_3/core4_6/evalB/DP_OP_53J26_122_5226    145.5300     0.0    145.5300     0.0000 0.0000 Eval_33_1_DP_OP_53J26_122_5226_J26_0_13
core16_3/core4_6/evalB/DP_OP_54J26_123_7613    219.7440     0.0    219.7440     0.0000 0.0000 Eval_33_1_DP_OP_54J26_123_7613_J26_0_13
core16_3/core4_6/evalB/DP_OP_55J26_124_8730    202.7340     0.0    202.7340     0.0000 0.0000 Eval_33_1_DP_OP_55J26_124_8730_J26_0_13
core16_3/core4_6/interp             3335.2200      0.4       0.5040    311.8500  0.0000  Interpolation_22
core16_3/core4_6/interp/interp      3022.8660      0.3       0.2520      0.0000  0.0000  InterpolationComb_22
core16_3/core4_6/interp/interp/DP_OP_106J21_122_6228   3022.6140     0.3   3022.6140     0.0000 0.0000 InterpolationComb_0_DP_OP_106J21_122_6228_J21_0_9
core16_3/core4_6/mult_x_1            892.0800      0.1     892.0800      0.0000  0.0000  core4_7_DW_mult_tc_J24_6_3
core16_3/core4_6/mult_x_2           1339.7580      0.1    1339.7580      0.0000  0.0000  core4_7_DW_mult_tc_J24_5_3
core16_3/core4_6/mult_x_3           1377.8100      0.1    1377.8100      0.0000  0.0000  core4_7_DW_mult_tc_J24_4_3
core16_3/core4_6/mult_x_4           1392.4260      0.2    1392.4260      0.0000  0.0000  core4_7_DW_mult_tc_J24_3_3
core16_3/core4_6/mult_x_5           1380.5820      0.1    1380.5820      0.0000  0.0000  core4_7_DW_mult_tc_J24_2_3
core16_3/core4_6/mult_x_6           1379.1960      0.1    1379.1960      0.0000  0.0000  core4_7_DW_mult_tc_J24_1_3
core16_3/core4_6/mult_x_7            891.9540      0.1     891.9540      0.0000  0.0000  core4_7_DW_mult_tc_J24_0_3
core16_3/evalA                      1076.6700      0.1      31.8780      0.0000  0.0000  Eval_32_64
core16_3/evalA/DP_OP_53J21_123_9578    274.6800     0.0    274.6800      0.0000  0.0000  Eval_32_1_DP_OP_53J21_123_9578_J21_0_40
core16_3/evalA/DP_OP_54J21_124_907    391.7340     0.0     391.7340      0.0000  0.0000  Eval_32_1_DP_OP_54J21_124_907_J21_0_40
core16_3/evalA/DP_OP_55J21_125_2024    378.3780     0.0    378.3780      0.0000  0.0000  Eval_32_1_DP_OP_55J21_125_2024_J21_0_40
core16_3/evalA_1                    1081.2060      0.1      33.7680      0.0000  0.0000  Eval_32_63
core16_3/evalA_1/DP_OP_53J21_123_9578    274.0500     0.0    274.0500     0.0000 0.0000  Eval_32_1_DP_OP_53J21_123_9578_J21_0_39
core16_3/evalA_1/DP_OP_54J21_124_907    391.7340     0.0    391.7340     0.0000  0.0000  Eval_32_1_DP_OP_54J21_124_907_J21_0_39
core16_3/evalA_1/DP_OP_55J21_125_2024    381.6540     0.0    381.6540     0.0000 0.0000  Eval_32_1_DP_OP_55J21_125_2024_J21_0_39
core16_3/evalA_2                    1084.9860      0.1      33.7680      0.0000  0.0000  Eval_32_62
core16_3/evalA_2/DP_OP_53J21_123_9578    279.7200     0.0    279.7200     0.0000 0.0000  Eval_32_1_DP_OP_53J21_123_9578_J21_0_38
core16_3/evalA_2/DP_OP_54J21_124_907    392.3640     0.0    392.3640     0.0000  0.0000  Eval_32_1_DP_OP_54J21_124_907_J21_0_38
core16_3/evalA_2/DP_OP_55J21_125_2024    379.1340     0.0    379.1340     0.0000 0.0000  Eval_32_1_DP_OP_55J21_125_2024_J21_0_38
core16_3/evalA_3                    1077.3000      0.1      32.5080      0.0000  0.0000  Eval_32_61
core16_3/evalA_3/DP_OP_53J21_123_9578    274.0500     0.0    274.0500     0.0000 0.0000  Eval_32_1_DP_OP_53J21_123_9578_J21_0_37
core16_3/evalA_3/DP_OP_54J21_124_907    391.7340     0.0    391.7340     0.0000  0.0000  Eval_32_1_DP_OP_54J21_124_907_J21_0_37
core16_3/evalA_3/DP_OP_55J21_125_2024    379.0080     0.0    379.0080     0.0000 0.0000  Eval_32_1_DP_OP_55J21_125_2024_J21_0_37
core16_3/evalB                       594.8460      0.1      16.8840      0.0000  0.0000  Eval_33_64
core16_3/evalB/DP_OP_53J26_122_5226    151.5780     0.0    151.5780      0.0000  0.0000  Eval_33_1_DP_OP_53J26_122_5226_J26_0_36
core16_3/evalB/DP_OP_54J26_123_7613    217.8540     0.0    217.8540      0.0000  0.0000  Eval_33_1_DP_OP_54J26_123_7613_J26_0_36
core16_3/evalB/DP_OP_55J26_124_8730    208.5300     0.0    208.5300      0.0000  0.0000  Eval_33_64_DP_OP_55J26_124_8730_0
core16_3/evalB_1                     585.2700      0.1      17.5140      0.0000  0.0000  Eval_33_63
core16_3/evalB_1/DP_OP_53J26_122_5226    146.7900     0.0    146.7900     0.0000 0.0000  Eval_33_1_DP_OP_53J26_122_5226_J26_0_35
core16_3/evalB_1/DP_OP_54J26_123_7613    215.5860     0.0    215.5860     0.0000 0.0000  Eval_33_1_DP_OP_54J26_123_7613_J26_0_35
core16_3/evalB_1/DP_OP_55J26_124_8730    205.3800     0.0    205.3800     0.0000 0.0000  Eval_33_1_DP_OP_55J26_124_8730_J26_0_35
core16_3/evalB_2                     581.8680      0.1      17.6400      0.0000  0.0000  Eval_33_62
core16_3/evalB_2/DP_OP_53J26_122_5226    145.5300     0.0    145.5300     0.0000 0.0000  Eval_33_1_DP_OP_53J26_122_5226_J26_0_34
core16_3/evalB_2/DP_OP_54J26_123_7613    215.3340     0.0    215.3340     0.0000 0.0000  Eval_33_1_DP_OP_54J26_123_7613_J26_0_34
core16_3/evalB_2/DP_OP_55J26_124_8730    203.3640     0.0    203.3640     0.0000 0.0000  Eval_33_1_DP_OP_55J26_124_8730_J26_0_34
core16_3/evalB_3                     571.0320      0.1      17.5140      0.0000  0.0000  Eval_33_61
core16_3/evalB_3/DP_OP_53J26_122_5226    113.1480     0.0    113.1480     0.0000 0.0000  Eval_33_61_DP_OP_53J26_122_5226_0
core16_3/evalB_3/DP_OP_54J26_123_7613    217.3500     0.0    217.3500     0.0000 0.0000  Eval_33_1_DP_OP_54J26_123_7613_J26_0_33
core16_3/evalB_3/DP_OP_55J26_124_8730    223.0200     0.0    223.0200     0.0000 0.0000  Eval_33_61_DP_OP_55J26_124_8730_0
core16_3/interp                    13196.2318      1.4       0.5040   1181.2500  0.0000  Interpolation_7_3
core16_3/interp/interp             12014.4778      1.3       0.2520      0.0000  0.0000  InterpolationComb_7_3
core16_3/interp/interp/DP_OP_421J11_122_4043  12014.2258     1.3  12014.2258     0.0000 0.0000 InterpolationComb_7_1_DP_OP_421J11_122_4043_J11_0_2
core16_4                          122407.7383     13.3       1.7640   2201.8500  0.0000  core16_2
core16_4/core4_0                   13478.4718      1.5       1.0080    591.8220  0.0000  core4_20
core16_4/core4_0/evalA              1035.9720      0.1      31.5000      0.0000  0.0000  Eval_32_20
core16_4/core4_0/evalA/DP_OP_54J16_122_854    267.4980     0.0    267.4980     0.0000 0.0000 Eval_32_2_DP_OP_54J16_122_854_J16_0_2
core16_4/core4_0/evalA/DP_OP_55J16_123_7587    367.1640     0.0    367.1640     0.0000 0.0000 Eval_32_2_DP_OP_55J16_123_7587_J16_0_2
core16_4/core4_0/evalA/DP_OP_56J16_124_7642    369.8100     0.0    369.8100     0.0000 0.0000 Eval_32_2_DP_OP_56J16_124_7642_J16_0_2
core16_4/core4_0/evalB               453.8520      0.0      14.2380      0.0000  0.0000  Eval_33_20
core16_4/core4_0/evalB/DP_OP_54J25_125_8205    119.5740     0.0    119.5740     0.0000 0.0000 Eval_33_2_DP_OP_54J25_125_8205_J25_0_2
core16_4/core4_0/evalB/DP_OP_55J25_126_776    155.6100     0.0    155.6100     0.0000 0.0000 Eval_33_2_DP_OP_55J25_126_776_J25_0_2
core16_4/core4_0/evalB/DP_OP_56J25_127_8061    164.4300     0.0    164.4300     0.0000 0.0000 Eval_33_2_DP_OP_56J25_127_8061_J25_0_2
core16_4/core4_0/interp             3334.7160      0.4       0.5040    311.8500  0.0000  Interpolation_21
core16_4/core4_0/interp/interp      3022.3620      0.3       0.2520      0.0000  0.0000  InterpolationComb_21
core16_4/core4_0/interp/interp/DP_OP_106J21_122_6228   3022.1100     0.3   3022.1100     0.0000 0.0000 InterpolationComb_0_DP_OP_106J21_122_6228_J21_0_8
core16_4/core4_0/mult_x_1            993.5100      0.1     993.5100      0.0000  0.0000  core4_14_DW_mult_uns_J22_3_1
core16_4/core4_0/mult_x_2           1221.9480      0.1    1221.9480      0.0000  0.0000  core4_14_DW_mult_uns_J22_2_1
core16_4/core4_0/mult_x_3           1132.9920      0.1    1132.9920      0.0000  0.0000  core4_14_DW_mult_tc_J22_2_1
core16_4/core4_0/mult_x_4           1188.8100      0.1    1188.8100      0.0000  0.0000  core4_14_DW_mult_tc_J22_1_1
core16_4/core4_0/mult_x_5           1243.3680      0.1    1243.3680      0.0000  0.0000  core4_14_DW_mult_uns_J22_1_1
core16_4/core4_0/mult_x_6           1285.9560      0.1    1285.9560      0.0000  0.0000  core4_14_DW_mult_tc_J22_0_1
core16_4/core4_0/mult_x_7            994.5180      0.1     994.5180      0.0000  0.0000  core4_14_DW_mult_uns_J22_0_1
core16_4/core4_1                   14872.9138      1.6       1.0080    591.8220  0.0000  core4_19
core16_4/core4_1/evalA              1078.6860      0.1      34.5240      0.0000  0.0000  Eval_32_19
core16_4/core4_1/evalA/DP_OP_53J21_123_9578    274.0500     0.0    274.0500     0.0000 0.0000 Eval_32_1_DP_OP_53J21_123_9578_J21_0_14
core16_4/core4_1/evalA/DP_OP_54J21_124_907    391.7340     0.0    391.7340     0.0000 0.0000 Eval_32_1_DP_OP_54J21_124_907_J21_0_14
core16_4/core4_1/evalA/DP_OP_55J21_125_2024    378.3780     0.0    378.3780     0.0000 0.0000 Eval_32_1_DP_OP_55J21_125_2024_J21_0_14
core16_4/core4_1/evalB               555.5340      0.1      18.0180      0.0000  0.0000  Eval_33_19
core16_4/core4_1/evalB/DP_OP_54J25_122_242    143.1360     0.0    143.1360     0.0000 0.0000 Eval_33_19_DP_OP_54J25_122_242_J25_0_0
core16_4/core4_1/evalB/DP_OP_55J25_123_4499    199.2060     0.0    199.2060     0.0000 0.0000 Eval_33_19_DP_OP_55J25_123_4499_J25_0_0
core16_4/core4_1/evalB/DP_OP_56J25_124_4860    195.1740     0.0    195.1740     0.0000 0.0000 Eval_33_19_DP_OP_56J25_124_4860_J25_0_0
core16_4/core4_1/interp             3335.2200      0.4       0.5040    311.8500  0.0000  Interpolation_20
core16_4/core4_1/interp/interp      3022.8660      0.3       0.2520      0.0000  0.0000  InterpolationComb_20
core16_4/core4_1/interp/interp/DP_OP_106J21_122_6228   3022.6140     0.3   3022.6140     0.0000 0.0000 InterpolationComb_0_DP_OP_106J21_122_6228_J21_0_7
core16_4/core4_1/mult_x_1           1224.0900      0.1    1224.0900      0.0000  0.0000  core4_19_DW_mult_uns_J26_1
core16_4/core4_1/mult_x_2           1340.6400      0.1    1340.6400      0.0000  0.0000  core4_19_DW_mult_tc_J26_4
core16_4/core4_1/mult_x_3           1379.1960      0.1    1379.1960      0.0000  0.0000  core4_19_DW_mult_tc_J26_3
core16_4/core4_1/mult_x_4           1385.3700      0.2    1385.3700      0.0000  0.0000  core4_19_DW_mult_tc_J26_2
core16_4/core4_1/mult_x_5           1379.0700      0.1    1379.0700      0.0000  0.0000  core4_19_DW_mult_tc_J26_1
core16_4/core4_1/mult_x_6           1378.6920      0.1    1378.6920      0.0000  0.0000  core4_19_DW_mult_tc_J26_0
core16_4/core4_1/mult_x_7           1223.5860      0.1    1223.5860      0.0000  0.0000  core4_19_DW_mult_uns_J26_0
core16_4/core4_2                   14178.4018      1.5       1.0080    591.9480  0.0000  core4_18
core16_4/core4_2/evalA              1066.8420      0.1      33.0120      0.0000  0.0000  Eval_32_18
core16_4/core4_2/evalA/DP_OP_53J21_123_9578    275.3100     0.0    275.3100     0.0000 0.0000 Eval_32_1_DP_OP_53J21_123_9578_J21_0_13
core16_4/core4_2/evalA/DP_OP_54J21_124_907    382.7880     0.0    382.7880     0.0000 0.0000 Eval_32_1_DP_OP_54J21_124_907_J21_0_13
core16_4/core4_2/evalA/DP_OP_55J21_125_2024    375.7320     0.0    375.7320     0.0000 0.0000 Eval_32_1_DP_OP_55J21_125_2024_J21_0_13
core16_4/core4_2/evalB               490.3920      0.1      14.8680      0.0000  0.0000  Eval_33_18
core16_4/core4_2/evalB/DP_OP_53J26_122_5226    127.3860     0.0    127.3860     0.0000 0.0000 Eval_33_1_DP_OP_53J26_122_5226_J26_0_12
core16_4/core4_2/evalB/DP_OP_54J26_123_7613    171.9900     0.0    171.9900     0.0000 0.0000 Eval_33_1_DP_OP_54J26_123_7613_J26_0_12
core16_4/core4_2/evalB/DP_OP_55J26_124_8730    176.1480     0.0    176.1480     0.0000 0.0000 Eval_33_1_DP_OP_55J26_124_8730_J26_0_12
core16_4/core4_2/interp             3440.0519      0.4       0.5040    319.4100  0.0000  Interpolation_19
core16_4/core4_2/interp/interp      3120.1379      0.3       0.2520      0.0000  0.0000  InterpolationComb_19
core16_4/core4_2/interp/interp/DP_OP_106J20_122_8999   3119.8859     0.3   3119.8859     0.0000 0.0000 InterpolationComb_1_DP_OP_106J20_122_8999_J20_0_11
core16_4/core4_2/mult_x_1           1099.3500      0.1    1099.3500      0.0000  0.0000  core4_1_DW_mult_tc_J23_6_9
core16_4/core4_2/mult_x_2           1238.4540      0.1    1238.4540      0.0000  0.0000  core4_1_DW_mult_tc_J23_5_9
core16_4/core4_2/mult_x_3           1235.9340      0.1    1235.9340      0.0000  0.0000  core4_1_DW_mult_tc_J23_4_9
core16_4/core4_2/mult_x_4           1298.5560      0.1    1298.5560      0.0000  0.0000  core4_1_DW_mult_tc_J23_3_9
core16_4/core4_2/mult_x_5           1269.0720      0.1    1269.0720      0.0000  0.0000  core4_1_DW_mult_tc_J23_2_9
core16_4/core4_2/mult_x_6           1351.6020      0.1    1351.6020      0.0000  0.0000  core4_1_DW_mult_tc_J23_1_9
core16_4/core4_2/mult_x_7           1095.1920      0.1    1095.1920      0.0000  0.0000  core4_1_DW_mult_tc_J23_0_9
core16_4/core4_3                   14930.4958      1.6       0.7560    591.6960  0.0000  core4_17
core16_4/core4_3/evalA              1078.4340      0.1      34.2720      0.0000  0.0000  Eval_32_17
core16_4/core4_3/evalA/DP_OP_53J21_123_9578    274.0500     0.0    274.0500     0.0000 0.0000 Eval_32_1_DP_OP_53J21_123_9578_J21_0_12
core16_4/core4_3/evalA/DP_OP_54J21_124_907    391.7340     0.0    391.7340     0.0000 0.0000 Eval_32_1_DP_OP_54J21_124_907_J21_0_12
core16_4/core4_3/evalA/DP_OP_55J21_125_2024    378.3780     0.0    378.3780     0.0000 0.0000 Eval_32_1_DP_OP_55J21_125_2024_J21_0_12
core16_4/core4_3/evalB               639.9540      0.1      19.5300      0.0000  0.0000  Eval_33_17
core16_4/core4_3/evalB/DP_OP_53J26_122_5226    145.5300     0.0    145.5300     0.0000 0.0000 Eval_33_1_DP_OP_53J26_122_5226_J26_0_11
core16_4/core4_3/evalB/DP_OP_54J26_123_7613    266.9940     0.0    266.9940     0.0000 0.0000 Eval_33_17_DP_OP_54J26_123_7613_0
core16_4/core4_3/evalB/DP_OP_55J26_124_8730    207.9000     0.0    207.9000     0.0000 0.0000 Eval_33_1_DP_OP_55J26_124_8730_J26_0_11
core16_4/core4_3/interp             3441.0599      0.4       0.5040    319.4100  0.0000  Interpolation_18
core16_4/core4_3/interp/interp      3121.1459      0.3       0.2520      0.0000  0.0000  InterpolationComb_18
core16_4/core4_3/interp/interp/DP_OP_106J20_122_8999   3120.8939     0.3   3120.8939     0.0000 0.0000 InterpolationComb_1_DP_OP_106J20_122_8999_J20_0_10
core16_4/core4_3/mult_x_1           1140.1740      0.1    1140.1740      0.0000  0.0000  core4_1_DW_mult_tc_J23_6_8
core16_4/core4_3/mult_x_2           1339.1280      0.1    1339.1280      0.0000  0.0000  core4_1_DW_mult_tc_J23_5_8
core16_4/core4_3/mult_x_3           1380.8340      0.1    1380.8340      0.0000  0.0000  core4_1_DW_mult_tc_J23_4_8
core16_4/core4_3/mult_x_4           1389.4020      0.2    1389.4020      0.0000  0.0000  core4_1_DW_mult_tc_J23_3_8
core16_4/core4_3/mult_x_5           1389.2760      0.2    1389.2760      0.0000  0.0000  core4_1_DW_mult_tc_J23_2_8
core16_4/core4_3/mult_x_6           1394.5680      0.2    1394.5680      0.0000  0.0000  core4_1_DW_mult_tc_J23_1_8
core16_4/core4_3/mult_x_7           1145.2140      0.1    1145.2140      0.0000  0.0000  core4_1_DW_mult_tc_J23_0_8
core16_4/core4_4                   14881.7338      1.6       1.0080    591.8220  0.0000  core4_16
core16_4/core4_4/evalA              1088.2620      0.1      34.6500      0.0000  0.0000  Eval_32_16
core16_4/core4_4/evalA/DP_OP_53J21_123_9578    274.0500     0.0    274.0500     0.0000 0.0000 Eval_32_1_DP_OP_53J21_123_9578_J21_0_11
core16_4/core4_4/evalA/DP_OP_54J21_124_907    392.3640     0.0    392.3640     0.0000 0.0000 Eval_32_1_DP_OP_54J21_124_907_J21_0_11
core16_4/core4_4/evalA/DP_OP_55J21_125_2024    387.1980     0.0    387.1980     0.0000 0.0000 Eval_32_1_DP_OP_55J21_125_2024_J21_0_11
core16_4/core4_4/evalB               554.5260      0.1      17.6400      0.0000  0.0000  Eval_33_16
core16_4/core4_4/evalB/DP_OP_54J24_122_3607    141.3720     0.0    141.3720     0.0000 0.0000 Eval_33_16_DP_OP_54J24_122_3607_J24_0
core16_4/core4_4/evalB/DP_OP_55J24_123_8883    196.8120     0.0    196.8120     0.0000 0.0000 Eval_33_16_DP_OP_55J24_123_8883_J24_0
core16_4/core4_4/evalB/DP_OP_56J24_124_5831    198.7020     0.0    198.7020     0.0000 0.0000 Eval_33_16_DP_OP_56J24_124_5831_J24_0
core16_4/core4_4/interp             3440.5559      0.4       0.5040    319.4100  0.0000  Interpolation_17
core16_4/core4_4/interp/interp      3120.6419      0.3       0.2520      0.0000  0.0000  InterpolationComb_17
core16_4/core4_4/interp/interp/DP_OP_106J20_122_8999   3120.3899     0.3   3120.3899     0.0000 0.0000 InterpolationComb_1_DP_OP_106J20_122_8999_J20_0_9
core16_4/core4_4/mult_x_1           1203.5520      0.1    1203.5520      0.0000  0.0000  core4_16_DW_mult_uns_J19_1
core16_4/core4_4/mult_x_2           1337.8680      0.1    1337.8680      0.0000  0.0000  core4_16_DW_mult_tc_J19_4
core16_4/core4_4/mult_x_3           1339.6320      0.1    1339.6320      0.0000  0.0000  core4_16_DW_mult_tc_J19_3
core16_4/core4_4/mult_x_4           1353.4920      0.1    1353.4920      0.0000  0.0000  core4_16_DW_mult_tc_J19_2
core16_4/core4_4/mult_x_5           1384.2360      0.2    1384.2360      0.0000  0.0000  core4_16_DW_mult_tc_J19_1
core16_4/core4_4/mult_x_6           1379.9520      0.1    1379.9520      0.0000  0.0000  core4_16_DW_mult_tc_J19_0
core16_4/core4_4/mult_x_7           1206.8280      0.1    1206.8280      0.0000  0.0000  core4_16_DW_mult_uns_J19_0
core16_4/core4_5                   15175.5658      1.6       0.7560    591.9480  0.0000  core4_15
core16_4/core4_5/evalA              1078.8120      0.1      34.6500      0.0000  0.0000  Eval_32_15
core16_4/core4_5/evalA/DP_OP_53J21_123_9578    274.0500     0.0    274.0500     0.0000 0.0000 Eval_32_1_DP_OP_53J21_123_9578_J21_0_10
core16_4/core4_5/evalA/DP_OP_54J21_124_907    391.7340     0.0    391.7340     0.0000 0.0000 Eval_32_1_DP_OP_54J21_124_907_J21_0_10
core16_4/core4_5/evalA/DP_OP_55J21_125_2024    378.3780     0.0    378.3780     0.0000 0.0000 Eval_32_1_DP_OP_55J21_125_2024_J21_0_10
core16_4/core4_5/evalB               592.5780      0.1      19.6560      0.0000  0.0000  Eval_33_15
core16_4/core4_5/evalB/DP_OP_53J26_122_5226    148.9320     0.0    148.9320     0.0000 0.0000 Eval_33_1_DP_OP_53J26_122_5226_J26_0_10
core16_4/core4_5/evalB/DP_OP_54J26_123_7613    220.7520     0.0    220.7520     0.0000 0.0000 Eval_33_1_DP_OP_54J26_123_7613_J26_0_10
core16_4/core4_5/evalB/DP_OP_55J26_124_8730    203.2380     0.0    203.2380     0.0000 0.0000 Eval_33_1_DP_OP_55J26_124_8730_J26_0_10
core16_4/core4_5/interp             3440.0519      0.4       0.5040    319.4100  0.0000  Interpolation_16
core16_4/core4_5/interp/interp      3120.1379      0.3       0.2520      0.0000  0.0000  InterpolationComb_16
core16_4/core4_5/interp/interp/DP_OP_106J20_122_8999   3119.8859     0.3   3119.8859     0.0000 0.0000 InterpolationComb_1_DP_OP_106J20_122_8999_J20_0_8
core16_4/core4_5/mult_x_1           1299.4380      0.1    1299.4380      0.0000  0.0000  core4_1_DW_mult_tc_J23_6_7
core16_4/core4_5/mult_x_2           1346.5620      0.1    1346.5620      0.0000  0.0000  core4_1_DW_mult_tc_J23_5_7
core16_4/core4_5/mult_x_3           1379.3220      0.1    1379.3220      0.0000  0.0000  core4_1_DW_mult_tc_J23_4_7
core16_4/core4_5/mult_x_4           1388.6460      0.2    1388.6460      0.0000  0.0000  core4_1_DW_mult_tc_J23_3_7
core16_4/core4_5/mult_x_5           1378.9440      0.1    1378.9440      0.0000  0.0000  core4_1_DW_mult_tc_J23_2_7
core16_4/core4_5/mult_x_6           1378.1880      0.1    1378.1880      0.0000  0.0000  core4_1_DW_mult_tc_J23_1_7
core16_4/core4_5/mult_x_7           1300.3200      0.1    1300.3200      0.0000  0.0000  core4_1_DW_mult_tc_J23_0_7
core16_4/core4_6                   13465.8718      1.5       1.0080    591.8220  0.0000  core4_14
core16_4/core4_6/evalA              1033.4520      0.1      31.5000      0.0000  0.0000  Eval_32_14
core16_4/core4_6/evalA/DP_OP_54J16_122_854    267.4980     0.0    267.4980     0.0000 0.0000 Eval_32_2_DP_OP_54J16_122_854_J16_0_1
core16_4/core4_6/evalA/DP_OP_55J16_123_7587    364.6440     0.0    364.6440     0.0000 0.0000 Eval_32_2_DP_OP_55J16_123_7587_J16_0_1
core16_4/core4_6/evalA/DP_OP_56J16_124_7642    369.8100     0.0    369.8100     0.0000 0.0000 Eval_32_2_DP_OP_56J16_124_7642_J16_0_1
core16_4/core4_6/evalB               452.2140      0.0      13.8600      0.0000  0.0000  Eval_33_14
core16_4/core4_6/evalB/DP_OP_54J25_125_8205    116.0460     0.0    116.0460     0.0000 0.0000 Eval_33_2_DP_OP_54J25_125_8205_J25_0_1
core16_4/core4_6/evalB/DP_OP_55J25_126_776    159.0120     0.0    159.0120     0.0000 0.0000 Eval_33_2_DP_OP_55J25_126_776_J25_0_1
core16_4/core4_6/evalB/DP_OP_56J25_127_8061    163.2960     0.0    163.2960     0.0000 0.0000 Eval_33_2_DP_OP_56J25_127_8061_J25_0_1
core16_4/core4_6/interp             3335.5980      0.4       0.5040    311.8500  0.0000  Interpolation_15
core16_4/core4_6/interp/interp      3023.2440      0.3       0.2520      0.0000  0.0000  InterpolationComb_15
core16_4/core4_6/interp/interp/DP_OP_106J21_122_6228   3022.9920     0.3   3022.9920     0.0000 0.0000 InterpolationComb_0_DP_OP_106J21_122_6228_J21_0_6
core16_4/core4_6/mult_x_1            991.1160      0.1     991.1160      0.0000  0.0000  core4_14_DW_mult_uns_J22_3_0
core16_4/core4_6/mult_x_2           1219.4280      0.1    1219.4280      0.0000  0.0000  core4_14_DW_mult_uns_J22_2_0
core16_4/core4_6/mult_x_3           1118.8800      0.1    1118.8800      0.0000  0.0000  core4_14_DW_mult_tc_J22_2_0
core16_4/core4_6/mult_x_4           1204.4340      0.1    1204.4340      0.0000  0.0000  core4_14_DW_mult_tc_J22_1_0
core16_4/core4_6/mult_x_5           1238.4540      0.1    1238.4540      0.0000  0.0000  core4_14_DW_mult_uns_J22_1_0
core16_4/core4_6/mult_x_6           1287.3420      0.1    1287.3420      0.0000  0.0000  core4_14_DW_mult_tc_J22_0_0
core16_4/core4_6/mult_x_7            992.1240      0.1     992.1240      0.0000  0.0000  core4_14_DW_mult_uns_J22_0_0
core16_4/evalA                      1037.8620      0.1      31.5000      0.0000  0.0000  Eval_32_60
core16_4/evalA/DP_OP_54J17_122_4682    267.4980     0.0    267.4980      0.0000  0.0000  Eval_32_57_DP_OP_54J17_122_4682_J17_0_3
core16_4/evalA/DP_OP_55J17_123_3462    364.6440     0.0    364.6440      0.0000  0.0000  Eval_32_57_DP_OP_55J17_123_3462_J17_0_3
core16_4/evalA/DP_OP_56J17_124_6905    374.2200     0.0    374.2200      0.0000  0.0000  Eval_32_57_DP_OP_56J17_124_6905_J17_0_3
core16_4/evalA_1                    1044.9180      0.1      31.5000      0.0000  0.0000  Eval_32_59
core16_4/evalA_1/DP_OP_54J17_122_4682    268.1280     0.0    268.1280     0.0000 0.0000  Eval_32_57_DP_OP_54J17_122_4682_J17_0_2
core16_4/evalA_1/DP_OP_55J17_123_3462    375.4800     0.0    375.4800     0.0000 0.0000  Eval_32_57_DP_OP_55J17_123_3462_J17_0_2
core16_4/evalA_1/DP_OP_56J17_124_6905    369.8100     0.0    369.8100     0.0000 0.0000  Eval_32_57_DP_OP_56J17_124_6905_J17_0_2
core16_4/evalA_2                    1033.4520      0.1      31.5000      0.0000  0.0000  Eval_32_58
core16_4/evalA_2/DP_OP_54J17_122_4682    267.4980     0.0    267.4980     0.0000 0.0000  Eval_32_57_DP_OP_54J17_122_4682_J17_0_1
core16_4/evalA_2/DP_OP_55J17_123_3462    364.6440     0.0    364.6440     0.0000 0.0000  Eval_32_57_DP_OP_55J17_123_3462_J17_0_1
core16_4/evalA_2/DP_OP_56J17_124_6905    369.8100     0.0    369.8100     0.0000 0.0000  Eval_32_57_DP_OP_56J17_124_6905_J17_0_1
core16_4/evalA_3                    1045.8000      0.1      31.5000      0.0000  0.0000  Eval_32_57
core16_4/evalA_3/DP_OP_54J17_122_4682    268.1280     0.0    268.1280     0.0000 0.0000  Eval_32_57_DP_OP_54J17_122_4682_J17_0_0
core16_4/evalA_3/DP_OP_55J17_123_3462    370.3140     0.0    370.3140     0.0000 0.0000  Eval_32_57_DP_OP_55J17_123_3462_J17_0_0
core16_4/evalA_3/DP_OP_56J17_124_6905    375.8580     0.0    375.8580     0.0000 0.0000  Eval_32_57_DP_OP_56J17_124_6905_J17_0_0
core16_4/evalB                       445.0320      0.0      13.8600      0.0000  0.0000  Eval_33_60
core16_4/evalB/DP_OP_54J26_125_5299    115.2900     0.0    115.2900      0.0000  0.0000  Eval_33_57_DP_OP_54J26_125_5299_J26_0_3
core16_4/evalB/DP_OP_55J26_126_7839    154.4760     0.0    154.4760      0.0000  0.0000  Eval_33_57_DP_OP_55J26_126_7839_J26_0_3
core16_4/evalB/DP_OP_56J26_127_5157    161.4060     0.0    161.4060      0.0000  0.0000  Eval_33_57_DP_OP_56J26_127_5157_J26_0_3
core16_4/evalB_1                     527.9400      0.1      13.3560      0.0000  0.0000  Eval_33_59
core16_4/evalB_1/DP_OP_54J26_125_5299    119.5740     0.0    119.5740     0.0000 0.0000  Eval_33_57_DP_OP_54J26_125_5299_J26_0_2
core16_4/evalB_1/DP_OP_55J26_126_7839    231.7140     0.0    231.7140     0.0000 0.0000  Eval_33_59_DP_OP_55J26_126_7839_0
core16_4/evalB_1/DP_OP_56J26_127_5157    163.2960     0.0    163.2960     0.0000 0.0000  Eval_33_57_DP_OP_56J26_127_5157_J26_0_2
core16_4/evalB_2                     444.0240      0.0      13.8600      0.0000  0.0000  Eval_33_58
core16_4/evalB_2/DP_OP_54J26_125_5299    115.2900     0.0    115.2900     0.0000 0.0000  Eval_33_57_DP_OP_54J26_125_5299_J26_0_1
core16_4/evalB_2/DP_OP_55J26_126_7839    154.4760     0.0    154.4760     0.0000 0.0000  Eval_33_57_DP_OP_55J26_126_7839_J26_0_1
core16_4/evalB_2/DP_OP_56J26_127_5157    160.3980     0.0    160.3980     0.0000 0.0000  Eval_33_57_DP_OP_56J26_127_5157_J26_0_1
core16_4/evalB_3                     445.4100      0.0      13.8600      0.0000  0.0000  Eval_33_57
core16_4/evalB_3/DP_OP_54J26_125_5299    115.0380     0.0    115.0380     0.0000 0.0000  Eval_33_57_DP_OP_54J26_125_5299_J26_0_0
core16_4/evalB_3/DP_OP_55J26_126_7839    155.3580     0.0    155.3580     0.0000 0.0000  Eval_33_57_DP_OP_55J26_126_7839_J26_0_0
core16_4/evalB_3/DP_OP_56J26_127_5157    161.1540     0.0    161.1540     0.0000 0.0000  Eval_33_57_DP_OP_56J26_127_5157_J26_0_0
core16_4/interp                    13196.2318      1.4       0.5040   1181.2500  0.0000  Interpolation_7_2
core16_4/interp/interp             12014.4778      1.3       0.2520      0.0000  0.0000  InterpolationComb_7_2
core16_4/interp/interp/DP_OP_421J11_122_4043  12014.2258     1.3  12014.2258     0.0000 0.0000 InterpolationComb_7_1_DP_OP_421J11_122_4043_J11_0_1
core16_5                          127522.0782     13.8       1.7640   2201.8500  0.0000  core16_1
core16_5/core4_0                   14512.5538      1.6       0.7560    591.8220  0.0000  core4_13
core16_5/core4_0/evalA              1079.8200      0.1      35.0280      0.0000  0.0000  Eval_32_13
core16_5/core4_0/evalA/DP_OP_53J21_123_9578    274.0500     0.0    274.0500     0.0000 0.0000 Eval_32_1_DP_OP_53J21_123_9578_J21_0_9
core16_5/core4_0/evalA/DP_OP_54J21_124_907    392.3640     0.0    392.3640     0.0000 0.0000 Eval_32_1_DP_OP_54J21_124_907_J21_0_9
core16_5/core4_0/evalA/DP_OP_55J21_125_2024    378.3780     0.0    378.3780     0.0000 0.0000 Eval_32_1_DP_OP_55J21_125_2024_J21_0_9
core16_5/core4_0/evalB               587.5380      0.1      20.0340      0.0000  0.0000  Eval_33_13
core16_5/core4_0/evalB/DP_OP_53J26_122_5226    149.1840     0.0    149.1840     0.0000 0.0000 Eval_33_1_DP_OP_53J26_122_5226_J26_0_9
core16_5/core4_0/evalB/DP_OP_54J26_123_7613    215.7120     0.0    215.7120     0.0000 0.0000 Eval_33_1_DP_OP_54J26_123_7613_J26_0_9
core16_5/core4_0/evalB/DP_OP_55J26_124_8730    202.6080     0.0    202.6080     0.0000 0.0000 Eval_33_1_DP_OP_55J26_124_8730_J26_0_9
core16_5/core4_0/interp             3335.0940      0.4       0.5040    311.8500  0.0000  Interpolation_14
core16_5/core4_0/interp/interp      3022.7400      0.3       0.2520      0.0000  0.0000  InterpolationComb_14
core16_5/core4_0/interp/interp/DP_OP_106J21_122_6228   3022.4880     0.3   3022.4880     0.0000 0.0000 InterpolationComb_0_DP_OP_106J21_122_6228_J21_0_5
core16_5/core4_0/mult_x_1           1029.6720      0.1    1029.6720      0.0000  0.0000  core4_7_DW_mult_tc_J24_6_2
core16_5/core4_0/mult_x_2           1342.5300      0.1    1342.5300      0.0000  0.0000  core4_7_DW_mult_tc_J24_5_2
core16_5/core4_0/mult_x_3           1378.3140      0.1    1378.3140      0.0000  0.0000  core4_7_DW_mult_tc_J24_4_2
core16_5/core4_0/mult_x_4           1377.8100      0.1    1377.8100      0.0000  0.0000  core4_7_DW_mult_tc_J24_3_2
core16_5/core4_0/mult_x_5           1377.9360      0.1    1377.9360      0.0000  0.0000  core4_7_DW_mult_tc_J24_2_2
core16_5/core4_0/mult_x_6           1382.3460      0.2    1382.3460      0.0000  0.0000  core4_7_DW_mult_tc_J24_1_2
core16_5/core4_0/mult_x_7           1028.9160      0.1    1028.9160      0.0000  0.0000  core4_7_DW_mult_tc_J24_0_2
core16_5/core4_1                   15165.1078      1.6       0.7560    591.6960  0.0000  core4_12
core16_5/core4_1/evalA              1078.8120      0.1      34.6500      0.0000  0.0000  Eval_32_12
core16_5/core4_1/evalA/DP_OP_53J21_123_9578    274.0500     0.0    274.0500     0.0000 0.0000 Eval_32_1_DP_OP_53J21_123_9578_J21_0_8
core16_5/core4_1/evalA/DP_OP_54J21_124_907    391.7340     0.0    391.7340     0.0000 0.0000 Eval_32_1_DP_OP_54J21_124_907_J21_0_8
core16_5/core4_1/evalA/DP_OP_55J21_125_2024    378.3780     0.0    378.3780     0.0000 0.0000 Eval_32_1_DP_OP_55J21_125_2024_J21_0_8
core16_5/core4_1/evalB               586.9080      0.1      20.0340      0.0000  0.0000  Eval_33_12
core16_5/core4_1/evalB/DP_OP_53J26_122_5226    145.5300     0.0    145.5300     0.0000 0.0000 Eval_33_1_DP_OP_53J26_122_5226_J26_0_8
core16_5/core4_1/evalB/DP_OP_54J26_123_7613    217.4760     0.0    217.4760     0.0000 0.0000 Eval_33_1_DP_OP_54J26_123_7613_J26_0_8
core16_5/core4_1/evalB/DP_OP_55J26_124_8730    203.8680     0.0    203.8680     0.0000 0.0000 Eval_33_1_DP_OP_55J26_124_8730_J26_0_8
core16_5/core4_1/interp             3335.0940      0.4       0.5040    311.8500  0.0000  Interpolation_13
core16_5/core4_1/interp/interp      3022.7400      0.3       0.2520      0.0000  0.0000  InterpolationComb_13
core16_5/core4_1/interp/interp/DP_OP_106J21_122_6228   3022.4880     0.3   3022.4880     0.0000 0.0000 InterpolationComb_0_DP_OP_106J21_122_6228_J21_0_4
core16_5/core4_1/mult_x_1           1342.5300      0.1    1342.5300      0.0000  0.0000  core4_7_DW_mult_tc_J24_6_1
core16_5/core4_1/mult_x_2           1340.5140      0.1    1340.5140      0.0000  0.0000  core4_7_DW_mult_tc_J24_5_1
core16_5/core4_1/mult_x_3           1380.3300      0.1    1380.3300      0.0000  0.0000  core4_7_DW_mult_tc_J24_4_1
core16_5/core4_1/mult_x_4           1392.6780      0.2    1392.6780      0.0000  0.0000  core4_7_DW_mult_tc_J24_3_1
core16_5/core4_1/mult_x_5           1380.5820      0.1    1380.5820      0.0000  0.0000  core4_7_DW_mult_tc_J24_2_1
core16_5/core4_1/mult_x_6           1393.3080      0.2    1393.3080      0.0000  0.0000  core4_7_DW_mult_tc_J24_1_1
core16_5/core4_1/mult_x_7           1341.9000      0.1    1341.9000      0.0000  0.0000  core4_7_DW_mult_tc_J24_0_1
core16_5/core4_2                   15273.4678      1.7       0.7560    591.8220  0.0000  core4_11
core16_5/core4_2/evalA              1078.8120      0.1      34.6500      0.0000  0.0000  Eval_32_11
core16_5/core4_2/evalA/DP_OP_53J21_123_9578    274.0500     0.0    274.0500     0.0000 0.0000 Eval_32_1_DP_OP_53J21_123_9578_J21_0_7
core16_5/core4_2/evalA/DP_OP_54J21_124_907    391.7340     0.0    391.7340     0.0000 0.0000 Eval_32_1_DP_OP_54J21_124_907_J21_0_7
core16_5/core4_2/evalA/DP_OP_55J21_125_2024    378.3780     0.0    378.3780     0.0000 0.0000 Eval_32_1_DP_OP_55J21_125_2024_J21_0_7
core16_5/core4_2/evalB               588.7980      0.1      19.6560      0.0000  0.0000  Eval_33_11
core16_5/core4_2/evalB/DP_OP_53J26_122_5226    145.5300     0.0    145.5300     0.0000 0.0000 Eval_33_1_DP_OP_53J26_122_5226_J26_0_7
core16_5/core4_2/evalB/DP_OP_54J26_123_7613    219.8700     0.0    219.8700     0.0000 0.0000 Eval_33_1_DP_OP_54J26_123_7613_J26_0_7
core16_5/core4_2/evalB/DP_OP_55J26_124_8730    203.7420     0.0    203.7420     0.0000 0.0000 Eval_33_1_DP_OP_55J26_124_8730_J26_0_7
core16_5/core4_2/interp             3440.5559      0.4       0.5040    319.4100  0.0000  Interpolation_12
core16_5/core4_2/interp/interp      3120.6419      0.3       0.2520      0.0000  0.0000  InterpolationComb_12
core16_5/core4_2/interp/interp/DP_OP_106J20_122_8999   3120.3899     0.3   3120.3899     0.0000 0.0000 InterpolationComb_1_DP_OP_106J20_122_8999_J20_0_7
core16_5/core4_2/mult_x_1           1340.0100      0.1    1340.0100      0.0000  0.0000  core4_1_DW_mult_tc_J23_6_6
core16_5/core4_2/mult_x_2           1339.0020      0.1    1339.0020      0.0000  0.0000  core4_1_DW_mult_tc_J23_5_6
core16_5/core4_2/mult_x_3           1386.5040      0.2    1386.5040      0.0000  0.0000  core4_1_DW_mult_tc_J23_4_6
core16_5/core4_2/mult_x_4           1402.2540      0.2    1402.2540      0.0000  0.0000  core4_1_DW_mult_tc_J23_3_6
core16_5/core4_2/mult_x_5           1380.4560      0.1    1380.4560      0.0000  0.0000  core4_1_DW_mult_tc_J23_2_6
core16_5/core4_2/mult_x_6           1379.9520      0.1    1379.9520      0.0000  0.0000  core4_1_DW_mult_tc_J23_1_6
core16_5/core4_2/mult_x_7           1344.5460      0.1    1344.5460      0.0000  0.0000  core4_1_DW_mult_tc_J23_0_6
core16_5/core4_3                   15287.2018      1.7       0.7560    591.8220  0.0000  core4_10
core16_5/core4_3/evalA              1078.5600      0.1      34.3980      0.0000  0.0000  Eval_32_10
core16_5/core4_3/evalA/DP_OP_53J21_123_9578    274.0500     0.0    274.0500     0.0000 0.0000 Eval_32_1_DP_OP_53J21_123_9578_J21_0_6
core16_5/core4_3/evalA/DP_OP_54J21_124_907    391.7340     0.0    391.7340     0.0000 0.0000 Eval_32_1_DP_OP_54J21_124_907_J21_0_6
core16_5/core4_3/evalA/DP_OP_55J21_125_2024    378.3780     0.0    378.3780     0.0000 0.0000 Eval_32_1_DP_OP_55J21_125_2024_J21_0_6
core16_5/core4_3/evalB               596.3580      0.1      20.1600      0.0000  0.0000  Eval_33_10
core16_5/core4_3/evalB/DP_OP_53J26_122_5226    150.0660     0.0    150.0660     0.0000 0.0000 Eval_33_1_DP_OP_53J26_122_5226_J26_0_6
core16_5/core4_3/evalB/DP_OP_54J26_123_7613    220.6260     0.0    220.6260     0.0000 0.0000 Eval_33_1_DP_OP_54J26_123_7613_J26_0_6
core16_5/core4_3/evalB/DP_OP_55J26_124_8730    205.5060     0.0    205.5060     0.0000 0.0000 Eval_33_1_DP_OP_55J26_124_8730_J26_0_6
core16_5/core4_3/interp             3440.0519      0.4       0.5040    319.4100  0.0000  Interpolation_11
core16_5/core4_3/interp/interp      3120.1379      0.3       0.2520      0.0000  0.0000  InterpolationComb_11
core16_5/core4_3/interp/interp/DP_OP_106J20_122_8999   3119.8859     0.3   3119.8859     0.0000 0.0000 InterpolationComb_1_DP_OP_106J20_122_8999_J20_0_6
core16_5/core4_3/mult_x_1           1345.8060      0.1    1345.8060      0.0000  0.0000  core4_1_DW_mult_tc_J23_6_5
core16_5/core4_3/mult_x_2           1351.9800      0.1    1351.9800      0.0000  0.0000  core4_1_DW_mult_tc_J23_5_5
core16_5/core4_3/mult_x_3           1385.2440      0.2    1385.2440      0.0000  0.0000  core4_1_DW_mult_tc_J23_4_5
core16_5/core4_3/mult_x_4           1388.1420      0.2    1388.1420      0.0000  0.0000  core4_1_DW_mult_tc_J23_3_5
core16_5/core4_3/mult_x_5           1390.1580      0.2    1390.1580      0.0000  0.0000  core4_1_DW_mult_tc_J23_2_5
core16_5/core4_3/mult_x_6           1377.8100      0.1    1377.8100      0.0000  0.0000  core4_1_DW_mult_tc_J23_1_5
core16_5/core4_3/mult_x_7           1340.5140      0.1    1340.5140      0.0000  0.0000  core4_1_DW_mult_tc_J23_0_5
core16_5/core4_4                   15290.0998      1.7       0.7560    591.8220  0.0000  core4_9
core16_5/core4_4/evalA              1078.8120      0.1      34.6500      0.0000  0.0000  Eval_32_9
core16_5/core4_4/evalA/DP_OP_53J21_123_9578    274.0500     0.0    274.0500     0.0000 0.0000 Eval_32_1_DP_OP_53J21_123_9578_J21_0_5
core16_5/core4_4/evalA/DP_OP_54J21_124_907    391.7340     0.0    391.7340     0.0000 0.0000 Eval_32_1_DP_OP_54J21_124_907_J21_0_5
core16_5/core4_4/evalA/DP_OP_55J21_125_2024    378.3780     0.0    378.3780     0.0000 0.0000 Eval_32_1_DP_OP_55J21_125_2024_J21_0_5
core16_5/core4_4/evalB               591.4440      0.1      19.7820      0.0000  0.0000  Eval_33_9
core16_5/core4_4/evalB/DP_OP_53J26_122_5226    145.5300     0.0    145.5300     0.0000 0.0000 Eval_33_1_DP_OP_53J26_122_5226_J26_0_5
core16_5/core4_4/evalB/DP_OP_54J26_123_7613    220.5000     0.0    220.5000     0.0000 0.0000 Eval_33_1_DP_OP_54J26_123_7613_J26_0_5
core16_5/core4_4/evalB/DP_OP_55J26_124_8730    205.6320     0.0    205.6320     0.0000 0.0000 Eval_33_1_DP_OP_55J26_124_8730_J26_0_5
core16_5/core4_4/interp             3440.5559      0.4       0.5040    319.4100  0.0000  Interpolation_10
core16_5/core4_4/interp/interp      3120.6419      0.3       0.2520      0.0000  0.0000  InterpolationComb_10
core16_5/core4_4/interp/interp/DP_OP_106J20_122_8999   3120.3899     0.3   3120.3899     0.0000 0.0000 InterpolationComb_1_DP_OP_106J20_122_8999_J20_0_5
core16_5/core4_4/mult_x_1           1346.5620      0.1    1346.5620      0.0000  0.0000  core4_1_DW_mult_tc_J23_6_4
core16_5/core4_4/mult_x_2           1342.1520      0.1    1342.1520      0.0000  0.0000  core4_1_DW_mult_tc_J23_5_4
core16_5/core4_4/mult_x_3           1390.2840      0.2    1390.2840      0.0000  0.0000  core4_1_DW_mult_tc_J23_4_4
core16_5/core4_4/mult_x_4           1396.9620      0.2    1396.9620      0.0000  0.0000  core4_1_DW_mult_tc_J23_3_4
core16_5/core4_4/mult_x_5           1380.3300      0.1    1380.3300      0.0000  0.0000  core4_1_DW_mult_tc_J23_2_4
core16_5/core4_4/mult_x_6           1391.1660      0.2    1391.1660      0.0000  0.0000  core4_1_DW_mult_tc_J23_1_4
core16_5/core4_4/mult_x_7           1339.2540      0.1    1339.2540      0.0000  0.0000  core4_1_DW_mult_tc_J23_0_4
core16_5/core4_5                   15293.2498      1.7       0.7560    591.9480  0.0000  core4_8
core16_5/core4_5/evalA              1078.8120      0.1      34.6500      0.0000  0.0000  Eval_32_8
core16_5/core4_5/evalA/DP_OP_53J21_123_9578    274.0500     0.0    274.0500     0.0000 0.0000 Eval_32_1_DP_OP_53J21_123_9578_J21_0_4
core16_5/core4_5/evalA/DP_OP_54J21_124_907    391.7340     0.0    391.7340     0.0000 0.0000 Eval_32_1_DP_OP_54J21_124_907_J21_0_4
core16_5/core4_5/evalA/DP_OP_55J21_125_2024    378.3780     0.0    378.3780     0.0000 0.0000 Eval_32_1_DP_OP_55J21_125_2024_J21_0_4
core16_5/core4_5/evalB               588.7980      0.1      20.0340      0.0000  0.0000  Eval_33_8
core16_5/core4_5/evalB/DP_OP_53J26_122_5226    145.5300     0.0    145.5300     0.0000 0.0000 Eval_33_1_DP_OP_53J26_122_5226_J26_0_4
core16_5/core4_5/evalB/DP_OP_54J26_123_7613    219.3660     0.0    219.3660     0.0000 0.0000 Eval_33_1_DP_OP_54J26_123_7613_J26_0_4
core16_5/core4_5/evalB/DP_OP_55J26_124_8730    203.8680     0.0    203.8680     0.0000 0.0000 Eval_33_1_DP_OP_55J26_124_8730_J26_0_4
core16_5/core4_5/interp             3440.5559      0.4       0.5040    319.4100  0.0000  Interpolation_9
core16_5/core4_5/interp/interp      3120.6419      0.3       0.2520      0.0000  0.0000  InterpolationComb_9
core16_5/core4_5/interp/interp/DP_OP_106J20_122_8999   3120.3899     0.3   3120.3899     0.0000 0.0000 InterpolationComb_1_DP_OP_106J20_122_8999_J20_0_4
core16_5/core4_5/mult_x_1           1342.1520      0.1    1342.1520      0.0000  0.0000  core4_1_DW_mult_tc_J23_6_3
core16_5/core4_5/mult_x_2           1347.8220      0.1    1347.8220      0.0000  0.0000  core4_1_DW_mult_tc_J23_5_3
core16_5/core4_5/mult_x_3           1390.1580      0.2    1390.1580      0.0000  0.0000  core4_1_DW_mult_tc_J23_4_3
core16_5/core4_5/mult_x_4           1401.1200      0.2    1401.1200      0.0000  0.0000  core4_1_DW_mult_tc_J23_3_3
core16_5/core4_5/mult_x_5           1378.6920      0.1    1378.6920      0.0000  0.0000  core4_1_DW_mult_tc_J23_2_3
core16_5/core4_5/mult_x_6           1390.5360      0.2    1390.5360      0.0000  0.0000  core4_1_DW_mult_tc_J23_1_3
core16_5/core4_5/mult_x_7           1341.9000      0.1    1341.9000      0.0000  0.0000  core4_1_DW_mult_tc_J23_0_3
core16_5/core4_6                   14586.6418      1.6       0.7560    591.8220  0.0000  core4_7
core16_5/core4_6/evalA              1079.8200      0.1      35.0280      0.0000  0.0000  Eval_32_7
core16_5/core4_6/evalA/DP_OP_53J21_123_9578    274.0500     0.0    274.0500     0.0000 0.0000 Eval_32_1_DP_OP_53J21_123_9578_J21_0_3
core16_5/core4_6/evalA/DP_OP_54J21_124_907    392.3640     0.0    392.3640     0.0000 0.0000 Eval_32_1_DP_OP_54J21_124_907_J21_0_3
core16_5/core4_6/evalA/DP_OP_55J21_125_2024    378.3780     0.0    378.3780     0.0000 0.0000 Eval_32_1_DP_OP_55J21_125_2024_J21_0_3
core16_5/core4_6/evalB               604.0440      0.1      20.0340      0.0000  0.0000  Eval_33_7
core16_5/core4_6/evalB/DP_OP_53J26_122_5226    154.8540     0.0    154.8540     0.0000 0.0000 Eval_33_1_DP_OP_53J26_122_5226_J26_0_3
core16_5/core4_6/evalB/DP_OP_54J26_123_7613    220.3740     0.0    220.3740     0.0000 0.0000 Eval_33_1_DP_OP_54J26_123_7613_J26_0_3
core16_5/core4_6/evalB/DP_OP_55J26_124_8730    208.7820     0.0    208.7820     0.0000 0.0000 Eval_33_1_DP_OP_55J26_124_8730_J26_0_3
core16_5/core4_6/interp             3335.0940      0.4       0.5040    311.8500  0.0000  Interpolation_8
core16_5/core4_6/interp/interp      3022.7400      0.3       0.2520      0.0000  0.0000  InterpolationComb_8
core16_5/core4_6/interp/interp/DP_OP_106J21_122_6228   3022.4880     0.3   3022.4880     0.0000 0.0000 InterpolationComb_0_DP_OP_106J21_122_6228_J21_0_3
core16_5/core4_6/mult_x_1           1030.9320      0.1    1030.9320      0.0000  0.0000  core4_7_DW_mult_tc_J24_6_0
core16_5/core4_6/mult_x_2           1352.9880      0.1    1352.9880      0.0000  0.0000  core4_7_DW_mult_tc_J24_5_0
core16_5/core4_6/mult_x_3           1379.5740      0.1    1379.5740      0.0000  0.0000  core4_7_DW_mult_tc_J24_4_0
core16_5/core4_6/mult_x_4           1392.5520      0.2    1392.5520      0.0000  0.0000  core4_7_DW_mult_tc_J24_3_0
core16_5/core4_6/mult_x_5           1392.0480      0.2    1392.0480      0.0000  0.0000  core4_7_DW_mult_tc_J24_2_0
core16_5/core4_6/mult_x_6           1390.1580      0.2    1390.1580      0.0000  0.0000  core4_7_DW_mult_tc_J24_1_0
core16_5/core4_6/mult_x_7           1036.8540      0.1    1036.8540      0.0000  0.0000  core4_7_DW_mult_tc_J24_0_0
core16_5/evalA                      1079.3160      0.1      34.5240      0.0000  0.0000  Eval_32_56
core16_5/evalA/DP_OP_53J21_123_9578    274.0500     0.0    274.0500      0.0000  0.0000  Eval_32_1_DP_OP_53J21_123_9578_J21_0_36
core16_5/evalA/DP_OP_54J21_124_907    392.3640     0.0     392.3640      0.0000  0.0000  Eval_32_1_DP_OP_54J21_124_907_J21_0_36
core16_5/evalA/DP_OP_55J21_125_2024    378.3780     0.0    378.3780      0.0000  0.0000  Eval_32_1_DP_OP_55J21_125_2024_J21_0_36
core16_5/evalA_1                    1078.9380      0.1      34.7760      0.0000  0.0000  Eval_32_55
core16_5/evalA_1/DP_OP_53J21_123_9578    274.0500     0.0    274.0500     0.0000 0.0000  Eval_32_1_DP_OP_53J21_123_9578_J21_0_35
core16_5/evalA_1/DP_OP_54J21_124_907    391.7340     0.0    391.7340     0.0000  0.0000  Eval_32_1_DP_OP_54J21_124_907_J21_0_35
core16_5/evalA_1/DP_OP_55J21_125_2024    378.3780     0.0    378.3780     0.0000 0.0000  Eval_32_1_DP_OP_55J21_125_2024_J21_0_35
core16_5/evalA_2                    1078.9380      0.1      34.7760      0.0000  0.0000  Eval_32_54
core16_5/evalA_2/DP_OP_53J21_123_9578    274.0500     0.0    274.0500     0.0000 0.0000  Eval_32_1_DP_OP_53J21_123_9578_J21_0_34
core16_5/evalA_2/DP_OP_54J21_124_907    391.7340     0.0    391.7340     0.0000  0.0000  Eval_32_1_DP_OP_54J21_124_907_J21_0_34
core16_5/evalA_2/DP_OP_55J21_125_2024    378.3780     0.0    378.3780     0.0000 0.0000  Eval_32_1_DP_OP_55J21_125_2024_J21_0_34
core16_5/evalA_3                    1079.3160      0.1      34.5240      0.0000  0.0000  Eval_32_53
core16_5/evalA_3/DP_OP_53J21_123_9578    274.0500     0.0    274.0500     0.0000 0.0000  Eval_32_1_DP_OP_53J21_123_9578_J21_0_33
core16_5/evalA_3/DP_OP_54J21_124_907    392.3640     0.0    392.3640     0.0000  0.0000  Eval_32_1_DP_OP_54J21_124_907_J21_0_33
core16_5/evalA_3/DP_OP_55J21_125_2024    378.3780     0.0    378.3780     0.0000 0.0000  Eval_32_1_DP_OP_55J21_125_2024_J21_0_33
core16_5/evalB                       592.5780      0.1      19.4040      0.0000  0.0000  Eval_33_56
core16_5/evalB/DP_OP_53J26_122_5226    145.5300     0.0    145.5300      0.0000  0.0000  Eval_33_1_DP_OP_53J26_122_5226_J26_0_32
core16_5/evalB/DP_OP_54J26_123_7613    216.5940     0.0    216.5940      0.0000  0.0000  Eval_33_1_DP_OP_54J26_123_7613_J26_0_32
core16_5/evalB/DP_OP_55J26_124_8730    211.0500     0.0    211.0500      0.0000  0.0000  Eval_33_1_DP_OP_55J26_124_8730_J26_0_32
core16_5/evalB_1                     595.0980      0.1      18.6480      0.0000  0.0000  Eval_33_55
core16_5/evalB_1/DP_OP_53J26_122_5226    148.5540     0.0    148.5540     0.0000 0.0000  Eval_33_1_DP_OP_53J26_122_5226_J26_0_31
core16_5/evalB_1/DP_OP_54J26_123_7613    216.8460     0.0    216.8460     0.0000 0.0000  Eval_33_1_DP_OP_54J26_123_7613_J26_0_31
core16_5/evalB_1/DP_OP_55J26_124_8730    211.0500     0.0    211.0500     0.0000 0.0000  Eval_33_1_DP_OP_55J26_124_8730_J26_0_31
core16_5/evalB_2                     605.6820      0.1      18.9000      0.0000  0.0000  Eval_33_54
core16_5/evalB_2/DP_OP_53J26_122_5226    151.5780     0.0    151.5780     0.0000 0.0000  Eval_33_1_DP_OP_53J26_122_5226_J26_0_30
core16_5/evalB_2/DP_OP_54J26_123_7613    227.5560     0.0    227.5560     0.0000 0.0000  Eval_33_1_DP_OP_54J26_123_7613_J26_0_30
core16_5/evalB_2/DP_OP_55J26_124_8730    207.6480     0.0    207.6480     0.0000 0.0000  Eval_33_1_DP_OP_55J26_124_8730_J26_0_30
core16_5/evalB_3                     604.0440      0.1      19.4040      0.0000  0.0000  Eval_33_53
core16_5/evalB_3/DP_OP_53J26_122_5226    153.8460     0.0    153.8460     0.0000 0.0000  Eval_33_1_DP_OP_53J26_122_5226_J26_0_29
core16_5/evalB_3/DP_OP_54J26_123_7613    222.3900     0.0    222.3900     0.0000 0.0000  Eval_33_1_DP_OP_54J26_123_7613_J26_0_29
core16_5/evalB_3/DP_OP_55J26_124_8730    208.4040     0.0    208.4040     0.0000 0.0000  Eval_33_1_DP_OP_55J26_124_8730_J26_0_29
core16_5/interp                    13196.2318      1.4       0.5040   1181.2500  0.0000  Interpolation_7_1
core16_5/interp/interp             12014.4778      1.3       0.2520      0.0000  0.0000  InterpolationComb_7_1
core16_5/interp/interp/DP_OP_421J11_122_4043  12014.2258     1.3  12014.2258     0.0000 0.0000 InterpolationComb_7_1_DP_OP_421J11_122_4043_J11_0_0
core16_6                          112824.8084     12.3       1.7640   2201.8500  0.0000  core16_0
core16_6/core4_0                   11942.0278      1.3       0.7560    591.5700  0.0000  core4_6
core16_6/core4_0/evalA               923.7060      0.1      35.5320      0.0000  0.0000  Eval_32_6
core16_6/core4_0/evalA/DP_OP_54J22_122_5955    237.3840     0.0    237.3840     0.0000 0.0000 Eval_32_0_DP_OP_54J22_122_5955_J22_0_1
core16_6/core4_0/evalA/DP_OP_55J22_123_5437    322.4340     0.0    322.4340     0.0000 0.0000 Eval_32_0_DP_OP_55J22_123_5437_J22_0_1
core16_6/core4_0/evalA/DP_OP_56J22_124_5252    328.3560     0.0    328.3560     0.0000 0.0000 Eval_32_0_DP_OP_56J22_124_5252_J22_0_1
core16_6/core4_0/evalB               326.3400      0.0      10.0800      0.0000  0.0000  Eval_33_6
core16_6/core4_0/evalB/DP_OP_54J21_129_8703     83.5380     0.0     83.5380     0.0000 0.0000 Eval_33_0_DP_OP_54J21_129_8703_J21_0_1
core16_6/core4_0/evalB/DP_OP_55J21_130_2176    112.2660     0.0    112.2660     0.0000 0.0000 Eval_33_0_DP_OP_55J21_130_2176_J21_0_1
core16_6/core4_0/evalB/DP_OP_56J21_131_6985    120.4560     0.0    120.4560     0.0000 0.0000 Eval_33_0_DP_OP_56J21_131_6985_J21_0_1
core16_6/core4_0/interp             3335.5980      0.4       0.5040    311.8500  0.0000  Interpolation_6
core16_6/core4_0/interp/interp      3023.2440      0.3       0.2520      0.0000  0.0000  InterpolationComb_6
core16_6/core4_0/interp/interp/DP_OP_106J21_122_6228   3022.9920     0.3   3022.9920     0.0000 0.0000 InterpolationComb_0_DP_OP_106J21_122_6228_J21_0_2
core16_6/core4_0/mult_x_1            764.6940      0.1     764.6940      0.0000  0.0000  core4_0_DW_mult_uns_J16_3_1
core16_6/core4_0/mult_x_2           1079.1900      0.1    1079.1900      0.0000  0.0000  core4_0_DW_mult_uns_J16_2_1
core16_6/core4_0/mult_x_3            848.9880      0.1     848.9880      0.0000  0.0000  core4_0_DW_mult_tc_J16_2_1
core16_6/core4_0/mult_x_4           1091.7900      0.1    1091.7900      0.0000  0.0000  core4_0_DW_mult_tc_J16_1_1
core16_6/core4_0/mult_x_5           1025.8920      0.1    1025.8920      0.0000  0.0000  core4_0_DW_mult_uns_J16_1_1
core16_6/core4_0/mult_x_6           1188.8100      0.1    1188.8100      0.0000  0.0000  core4_0_DW_mult_tc_J16_0_1
core16_6/core4_0/mult_x_7            764.6940      0.1     764.6940      0.0000  0.0000  core4_0_DW_mult_uns_J16_0_1
core16_6/core4_1                   13803.8038      1.5       0.7560    591.5700  0.0000  core4_5
core16_6/core4_1/evalA              1034.4600      0.1      31.5000      0.0000  0.0000  Eval_32_5
core16_6/core4_1/evalA/DP_OP_54J20_126_8276    266.9940     0.0    266.9940     0.0000 0.0000 Eval_32_5_DP_OP_54J20_126_8276_J20_0_0
core16_6/core4_1/evalA/DP_OP_55J20_127_5033    369.6840     0.0    369.6840     0.0000 0.0000 Eval_32_5_DP_OP_55J20_127_5033_J20_0_0
core16_6/core4_1/evalA/DP_OP_56J20_128_5140    366.2820     0.0    366.2820     0.0000 0.0000 Eval_32_5_DP_OP_56J20_128_5140_J20_0_0
core16_6/core4_1/evalB               449.9460      0.0      13.6080      0.0000  0.0000  Eval_33_5
core16_6/core4_1/evalB/DP_OP_54J23_125_1057    121.9680     0.0    121.9680     0.0000 0.0000 Eval_33_5_DP_OP_54J23_125_1057_J23_0_0
core16_6/core4_1/evalB/DP_OP_55J23_126_1772    157.8780     0.0    157.8780     0.0000 0.0000 Eval_33_5_DP_OP_55J23_126_1772_J23_0_0
core16_6/core4_1/evalB/DP_OP_56J23_127_5228    156.4920     0.0    156.4920     0.0000 0.0000 Eval_33_5_DP_OP_56J23_127_5228_J23_0_0
core16_6/core4_1/interp             3335.0940      0.4       0.5040    311.8500  0.0000  Interpolation_5
core16_6/core4_1/interp/interp      3022.7400      0.3       0.2520      0.0000  0.0000  InterpolationComb_5
core16_6/core4_1/interp/interp/DP_OP_106J21_122_6228   3022.4880     0.3   3022.4880     0.0000 0.0000 InterpolationComb_0_DP_OP_106J21_122_6228_J21_0_1
core16_6/core4_1/mult_x_1           1081.4580      0.1    1081.4580      0.0000  0.0000  core4_5_DW_mult_uns_J31_3_0
core16_6/core4_1/mult_x_2           1317.7080      0.1    1317.7080      0.0000  0.0000  core4_5_DW_mult_uns_J31_2_0
core16_6/core4_1/mult_x_3           1151.3880      0.1    1151.3880      0.0000  0.0000  core4_5_DW_mult_tc_J31_2_0
core16_6/core4_1/mult_x_4           1183.8960      0.1    1183.8960      0.0000  0.0000  core4_5_DW_mult_tc_J31_1_0
core16_6/core4_1/mult_x_5           1250.1720      0.1    1250.1720      0.0000  0.0000  core4_5_DW_mult_uns_J31_1_0
core16_6/core4_1/mult_x_6           1331.6940      0.1    1331.6940      0.0000  0.0000  core4_5_DW_mult_tc_J31_0_0
core16_6/core4_1/mult_x_7           1075.6620      0.1    1075.6620      0.0000  0.0000  core4_5_DW_mult_uns_J31_0_0
core16_6/core4_2                   12646.1158      1.4       1.0080    591.6960  0.0000  core4_4
core16_6/core4_2/evalA               958.2300      0.1      29.2320      0.0000  0.0000  Eval_32_4
core16_6/core4_2/evalA/DP_OP_53J21_123_9578    246.4560     0.0    246.4560     0.0000 0.0000 Eval_32_1_DP_OP_53J21_123_9578_J21_0_2
core16_6/core4_2/evalA/DP_OP_54J21_124_907    338.6880     0.0    338.6880     0.0000 0.0000 Eval_32_1_DP_OP_54J21_124_907_J21_0_2
core16_6/core4_2/evalA/DP_OP_55J21_125_2024    343.8540     0.0    343.8540     0.0000 0.0000 Eval_32_1_DP_OP_55J21_125_2024_J21_0_2
core16_6/core4_2/evalB               370.8180      0.0      10.8360      0.0000  0.0000  Eval_33_4
core16_6/core4_2/evalB/DP_OP_53J26_122_5226     93.8700     0.0     93.8700     0.0000 0.0000 Eval_33_1_DP_OP_53J26_122_5226_J26_0_2
core16_6/core4_2/evalB/DP_OP_54J26_123_7613    130.1580     0.0    130.1580     0.0000 0.0000 Eval_33_1_DP_OP_54J26_123_7613_J26_0_2
core16_6/core4_2/evalB/DP_OP_55J26_124_8730    135.9540     0.0    135.9540     0.0000 0.0000 Eval_33_1_DP_OP_55J26_124_8730_J26_0_2
core16_6/core4_2/interp             3440.5559      0.4       0.5040    319.4100  0.0000  Interpolation_4
core16_6/core4_2/interp/interp      3120.6419      0.3       0.2520      0.0000  0.0000  InterpolationComb_4
core16_6/core4_2/interp/interp/DP_OP_106J20_122_8999   3120.3899     0.3   3120.3899     0.0000 0.0000 InterpolationComb_1_DP_OP_106J20_122_8999_J20_0_3
core16_6/core4_2/mult_x_1            842.5620      0.1     842.5620      0.0000  0.0000  core4_1_DW_mult_tc_J23_6_2
core16_6/core4_2/mult_x_2           1087.0020      0.1    1087.0020      0.0000  0.0000  core4_1_DW_mult_tc_J23_5_2
core16_6/core4_2/mult_x_3            971.0820      0.1     971.0820      0.0000  0.0000  core4_1_DW_mult_tc_J23_4_2
core16_6/core4_2/mult_x_4           1169.7840      0.1    1169.7840      0.0000  0.0000  core4_1_DW_mult_tc_J23_3_2
core16_6/core4_2/mult_x_5           1109.6820      0.1    1109.6820      0.0000  0.0000  core4_1_DW_mult_tc_J23_2_2
core16_6/core4_2/mult_x_6           1261.8900      0.1    1261.8900      0.0000  0.0000  core4_1_DW_mult_tc_J23_1_2
core16_6/core4_2/mult_x_7            841.8060      0.1     841.8060      0.0000  0.0000  core4_1_DW_mult_tc_J23_0_2
core16_6/core4_3                   14393.6098      1.6       0.7560    591.6960  0.0000  core4_3
core16_6/core4_3/evalA              1077.9300      0.1      33.7680      0.0000  0.0000  Eval_32_3
core16_6/core4_3/evalA/DP_OP_53J21_123_9578    274.0500     0.0    274.0500     0.0000 0.0000 Eval_32_1_DP_OP_53J21_123_9578_J21_0_1
core16_6/core4_3/evalA/DP_OP_54J21_124_907    391.7340     0.0    391.7340     0.0000 0.0000 Eval_32_1_DP_OP_54J21_124_907_J21_0_1
core16_6/core4_3/evalA/DP_OP_55J21_125_2024    378.3780     0.0    378.3780     0.0000 0.0000 Eval_32_1_DP_OP_55J21_125_2024_J21_0_1
core16_6/core4_3/evalB               596.9880      0.1      18.6480      0.0000  0.0000  Eval_33_3
core16_6/core4_3/evalB/DP_OP_53J26_122_5226    147.4200     0.0    147.4200     0.0000 0.0000 Eval_33_1_DP_OP_53J26_122_5226_J26_0_1
core16_6/core4_3/evalB/DP_OP_54J26_123_7613    223.1460     0.0    223.1460     0.0000 0.0000 Eval_33_1_DP_OP_54J26_123_7613_J26_0_1
core16_6/core4_3/evalB/DP_OP_55J26_124_8730    207.7740     0.0    207.7740     0.0000 0.0000 Eval_33_1_DP_OP_55J26_124_8730_J26_0_1
core16_6/core4_3/interp             3440.0519      0.4       0.5040    319.4100  0.0000  Interpolation_3
core16_6/core4_3/interp/interp      3120.1379      0.3       0.2520      0.0000  0.0000  InterpolationComb_3
core16_6/core4_3/interp/interp/DP_OP_106J20_122_8999   3119.8859     0.3   3119.8859     0.0000 0.0000 InterpolationComb_1_DP_OP_106J20_122_8999_J20_0_2
core16_6/core4_3/mult_x_1            894.7260      0.1     894.7260      0.0000  0.0000  core4_1_DW_mult_tc_J23_6_1
core16_6/core4_3/mult_x_2           1347.5700      0.1    1347.5700      0.0000  0.0000  core4_1_DW_mult_tc_J23_5_1
core16_6/core4_3/mult_x_3           1396.9620      0.2    1396.9620      0.0000  0.0000  core4_1_DW_mult_tc_J23_4_1
core16_6/core4_3/mult_x_4           1388.3940      0.2    1388.3940      0.0000  0.0000  core4_1_DW_mult_tc_J23_3_1
core16_6/core4_3/mult_x_5           1378.0620      0.1    1378.0620      0.0000  0.0000  core4_1_DW_mult_tc_J23_2_1
core16_6/core4_3/mult_x_6           1389.7800      0.2    1389.7800      0.0000  0.0000  core4_1_DW_mult_tc_J23_1_1
core16_6/core4_3/mult_x_7            890.6940      0.1     890.6940      0.0000  0.0000  core4_1_DW_mult_tc_J23_0_1
core16_6/core4_4                   13612.0318      1.5       0.7560    591.5700  0.0000  core4_2
core16_6/core4_4/evalA              1033.4520      0.1      31.5000      0.0000  0.0000  Eval_32_2
core16_6/core4_4/evalA/DP_OP_54J16_122_854    267.4980     0.0    267.4980     0.0000 0.0000 Eval_32_2_DP_OP_54J16_122_854_J16_0_0
core16_6/core4_4/evalA/DP_OP_55J16_123_7587    364.6440     0.0    364.6440     0.0000 0.0000 Eval_32_2_DP_OP_55J16_123_7587_J16_0_0
core16_6/core4_4/evalA/DP_OP_56J16_124_7642    369.8100     0.0    369.8100     0.0000 0.0000 Eval_32_2_DP_OP_56J16_124_7642_J16_0_0
core16_6/core4_4/evalB               445.7880      0.0      13.3560      0.0000  0.0000  Eval_33_2
core16_6/core4_4/evalB/DP_OP_54J25_125_8205    117.1800     0.0    117.1800     0.0000 0.0000 Eval_33_2_DP_OP_54J25_125_8205_J25_0_0
core16_6/core4_4/evalB/DP_OP_55J25_126_776    154.8540     0.0    154.8540     0.0000 0.0000 Eval_33_2_DP_OP_55J25_126_776_J25_0_0
core16_6/core4_4/evalB/DP_OP_56J25_127_8061    160.3980     0.0    160.3980     0.0000 0.0000 Eval_33_2_DP_OP_56J25_127_8061_J25_0_0
core16_6/core4_4/interp             3440.0519      0.4       0.5040    319.4100  0.0000  Interpolation_2
core16_6/core4_4/interp/interp      3120.1379      0.3       0.2520      0.0000  0.0000  InterpolationComb_2
core16_6/core4_4/interp/interp/DP_OP_106J20_122_8999   3119.8859     0.3   3119.8859     0.0000 0.0000 InterpolationComb_1_DP_OP_106J20_122_8999_J20_0_1
core16_6/core4_4/mult_x_1            988.4700      0.1     988.4700      0.0000  0.0000  core4_2_DW_mult_uns_J33_3_0
core16_6/core4_4/mult_x_2           1221.3180      0.1    1221.3180      0.0000  0.0000  core4_2_DW_mult_uns_J33_2_0
core16_6/core4_4/mult_x_3           1117.8720      0.1    1117.8720      0.0000  0.0000  core4_2_DW_mult_tc_J33_2_0
core16_6/core4_4/mult_x_4           1203.8040      0.1    1203.8040      0.0000  0.0000  core4_2_DW_mult_tc_J33_1_0
core16_6/core4_4/mult_x_5           1238.7060      0.1    1238.7060      0.0000  0.0000  core4_2_DW_mult_uns_J33_1_0
core16_6/core4_4/mult_x_6           1331.3160      0.1    1331.3160      0.0000  0.0000  core4_2_DW_mult_tc_J33_0_0
core16_6/core4_4/mult_x_7            998.9280      0.1     998.9280      0.0000  0.0000  core4_2_DW_mult_uns_J33_0_0
core16_6/core4_5                   14630.6158      1.6       0.5040    591.5700  0.0000  core4_1
core16_6/core4_5/evalA              1078.9380      0.1      34.7760      0.0000  0.0000  Eval_32_1
core16_6/core4_5/evalA/DP_OP_53J21_123_9578    274.0500     0.0    274.0500     0.0000 0.0000 Eval_32_1_DP_OP_53J21_123_9578_J21_0_0
core16_6/core4_5/evalA/DP_OP_54J21_124_907    391.7340     0.0    391.7340     0.0000 0.0000 Eval_32_1_DP_OP_54J21_124_907_J21_0_0
core16_6/core4_5/evalA/DP_OP_55J21_125_2024    378.3780     0.0    378.3780     0.0000 0.0000 Eval_32_1_DP_OP_55J21_125_2024_J21_0_0
core16_6/core4_5/evalB               589.0500      0.1      19.1520      0.0000  0.0000  Eval_33_1
core16_6/core4_5/evalB/DP_OP_53J26_122_5226    148.0500     0.0    148.0500     0.0000 0.0000 Eval_33_1_DP_OP_53J26_122_5226_J26_0_0
core16_6/core4_5/evalB/DP_OP_54J26_123_7613    215.3340     0.0    215.3340     0.0000 0.0000 Eval_33_1_DP_OP_54J26_123_7613_J26_0_0
core16_6/core4_5/evalB/DP_OP_55J26_124_8730    206.5140     0.0    206.5140     0.0000 0.0000 Eval_33_1_DP_OP_55J26_124_8730_J26_0_0
core16_6/core4_5/interp             3441.5639      0.4       0.5040    319.4100  0.0000  Interpolation_1
core16_6/core4_5/interp/interp      3121.6499      0.3       0.2520      0.0000  0.0000  InterpolationComb_1
core16_6/core4_5/interp/interp/DP_OP_106J20_122_8999   3121.3979     0.3   3121.3979     0.0000 0.0000 InterpolationComb_1_DP_OP_106J20_122_8999_J20_0_0
core16_6/core4_5/mult_x_1           1027.2780      0.1    1027.2780      0.0000  0.0000  core4_1_DW_mult_tc_J23_6_0
core16_6/core4_5/mult_x_2           1340.0100      0.1    1340.0100      0.0000  0.0000  core4_1_DW_mult_tc_J23_5_0
core16_6/core4_5/mult_x_3           1379.3220      0.1    1379.3220      0.0000  0.0000  core4_1_DW_mult_tc_J23_4_0
core16_6/core4_5/mult_x_4           1378.3140      0.1    1378.3140      0.0000  0.0000  core4_1_DW_mult_tc_J23_3_0
core16_6/core4_5/mult_x_5           1379.8260      0.1    1379.8260      0.0000  0.0000  core4_1_DW_mult_tc_J23_2_0
core16_6/core4_5/mult_x_6           1389.1500      0.2    1389.1500      0.0000  0.0000  core4_1_DW_mult_tc_J23_1_0
core16_6/core4_5/mult_x_7           1035.0900      0.1    1035.0900      0.0000  0.0000  core4_1_DW_mult_tc_J23_0_0
core16_6/core4_6                   11933.5858      1.3       1.0080    591.6960  0.0000  core4_0
core16_6/core4_6/evalA               923.7060      0.1      35.5320      0.0000  0.0000  Eval_32_0
core16_6/core4_6/evalA/DP_OP_54J22_122_5955    237.3840     0.0    237.3840     0.0000 0.0000 Eval_32_0_DP_OP_54J22_122_5955_J22_0_0
core16_6/core4_6/evalA/DP_OP_55J22_123_5437    322.4340     0.0    322.4340     0.0000 0.0000 Eval_32_0_DP_OP_55J22_123_5437_J22_0_0
core16_6/core4_6/evalA/DP_OP_56J22_124_5252    328.3560     0.0    328.3560     0.0000 0.0000 Eval_32_0_DP_OP_56J22_124_5252_J22_0_0
core16_6/core4_6/evalB               325.4580      0.0      10.0800      0.0000  0.0000  Eval_33_0
core16_6/core4_6/evalB/DP_OP_54J21_129_8703     84.0420     0.0     84.0420     0.0000 0.0000 Eval_33_0_DP_OP_54J21_129_8703_J21_0_0
core16_6/core4_6/evalB/DP_OP_55J21_130_2176    113.1480     0.0    113.1480     0.0000 0.0000 Eval_33_0_DP_OP_55J21_130_2176_J21_0_0
core16_6/core4_6/evalB/DP_OP_56J21_131_6985    118.1880     0.0    118.1880     0.0000 0.0000 Eval_33_0_DP_OP_56J21_131_6985_J21_0_0
core16_6/core4_6/interp             3335.0940      0.4       0.5040    311.8500  0.0000  Interpolation_0
core16_6/core4_6/interp/interp      3022.7400      0.3       0.2520      0.0000  0.0000  InterpolationComb_0
core16_6/core4_6/interp/interp/DP_OP_106J21_122_6228   3022.4880     0.3   3022.4880     0.0000 0.0000 InterpolationComb_0_DP_OP_106J21_122_6228_J21_0_0
core16_6/core4_6/mult_x_1            764.6940      0.1     764.6940      0.0000  0.0000  core4_0_DW_mult_uns_J16_3_0
core16_6/core4_6/mult_x_2           1075.5360      0.1    1075.5360      0.0000  0.0000  core4_0_DW_mult_uns_J16_2_0
core16_6/core4_6/mult_x_3            847.9800      0.1     847.9800      0.0000  0.0000  core4_0_DW_mult_tc_J16_2_0
core16_6/core4_6/mult_x_4           1090.7820      0.1    1090.7820      0.0000  0.0000  core4_0_DW_mult_tc_J16_1_0
core16_6/core4_6/mult_x_5           1021.6080      0.1    1021.6080      0.0000  0.0000  core4_0_DW_mult_uns_J16_1_0
core16_6/core4_6/mult_x_6           1191.3300      0.1    1191.3300      0.0000  0.0000  core4_0_DW_mult_tc_J16_0_0
core16_6/core4_6/mult_x_7            764.6940      0.1     764.6940      0.0000  0.0000  core4_0_DW_mult_uns_J16_0_0
core16_6/evalA                       923.7060      0.1      35.5320      0.0000  0.0000  Eval_32_52
core16_6/evalA/DP_OP_54J33_122_8665    237.3840     0.0    237.3840      0.0000  0.0000  Eval_32_49_DP_OP_54J33_122_8665_J33_0_3
core16_6/evalA/DP_OP_55J33_123_4570    322.4340     0.0    322.4340      0.0000  0.0000  Eval_32_49_DP_OP_55J33_123_4570_J33_0_3
core16_6/evalA/DP_OP_56J33_124_1518    328.3560     0.0    328.3560      0.0000  0.0000  Eval_32_49_DP_OP_56J33_124_1518_J33_0_3
core16_6/evalA_1                     915.7680      0.1      27.5940      0.0000  0.0000  Eval_32_51
core16_6/evalA_1/DP_OP_54J33_122_8665    237.3840     0.0    237.3840     0.0000 0.0000  Eval_32_49_DP_OP_54J33_122_8665_J33_0_2
core16_6/evalA_1/DP_OP_55J33_123_4570    322.4340     0.0    322.4340     0.0000 0.0000  Eval_32_49_DP_OP_55J33_123_4570_J33_0_2
core16_6/evalA_1/DP_OP_56J33_124_1518    328.3560     0.0    328.3560     0.0000 0.0000  Eval_32_49_DP_OP_56J33_124_1518_J33_0_2
core16_6/evalA_2                     916.3980      0.1      27.5940      0.0000  0.0000  Eval_32_50
core16_6/evalA_2/DP_OP_54J33_122_8665    237.3840     0.0    237.3840     0.0000 0.0000  Eval_32_49_DP_OP_54J33_122_8665_J33_0_1
core16_6/evalA_2/DP_OP_55J33_123_4570    323.0640     0.0    323.0640     0.0000 0.0000  Eval_32_49_DP_OP_55J33_123_4570_J33_0_1
core16_6/evalA_2/DP_OP_56J33_124_1518    328.3560     0.0    328.3560     0.0000 0.0000  Eval_32_49_DP_OP_56J33_124_1518_J33_0_1
core16_6/evalA_3                     927.4860      0.1      35.5320      0.0000  0.0000  Eval_32_49
core16_6/evalA_3/DP_OP_54J33_122_8665    237.3840     0.0    237.3840     0.0000 0.0000  Eval_32_49_DP_OP_54J33_122_8665_J33_0_0
core16_6/evalA_3/DP_OP_55J33_123_4570    325.5840     0.0    325.5840     0.0000 0.0000  Eval_32_49_DP_OP_55J33_123_4570_J33_0_0
core16_6/evalA_3/DP_OP_56J33_124_1518    328.9860     0.0    328.9860     0.0000 0.0000  Eval_32_49_DP_OP_56J33_124_1518_J33_0_0
core16_6/evalB                       335.4120      0.0      10.9620      0.0000  0.0000  Eval_33_52
core16_6/evalB/DP_OP_54J19_125_8521     85.5540     0.0     85.5540      0.0000  0.0000  Eval_33_49_DP_OP_54J19_125_8521_J19_0_3
core16_6/evalB/DP_OP_55J19_126_7197    117.1800     0.0    117.1800      0.0000  0.0000  Eval_33_49_DP_OP_55J19_126_7197_J19_0_3
core16_6/evalB/DP_OP_56J19_127_2039    121.7160     0.0    121.7160      0.0000  0.0000  Eval_33_49_DP_OP_56J19_127_2039_J19_0_3
core16_6/evalB_1                     325.8360      0.0       9.7020      0.0000  0.0000  Eval_33_51
core16_6/evalB_1/DP_OP_54J19_125_8521     83.7900     0.0     83.7900     0.0000 0.0000  Eval_33_49_DP_OP_54J19_125_8521_J19_0_2
core16_6/evalB_1/DP_OP_55J19_126_7197    113.7780     0.0    113.7780     0.0000 0.0000  Eval_33_49_DP_OP_55J19_126_7197_J19_0_2
core16_6/evalB_1/DP_OP_56J19_127_2039    118.5660     0.0    118.5660     0.0000 0.0000  Eval_33_49_DP_OP_56J19_127_2039_J19_0_2
core16_6/evalB_2                     329.3640      0.0       9.8280      0.0000  0.0000  Eval_33_50
core16_6/evalB_2/DP_OP_54J19_125_8521     86.9400     0.0     86.9400     0.0000 0.0000  Eval_33_49_DP_OP_54J19_125_8521_J19_0_1
core16_6/evalB_2/DP_OP_55J19_126_7197    112.2660     0.0    112.2660     0.0000 0.0000  Eval_33_49_DP_OP_55J19_126_7197_J19_0_1
core16_6/evalB_2/DP_OP_56J19_127_2039    120.3300     0.0    120.3300     0.0000 0.0000  Eval_33_49_DP_OP_56J19_127_2039_J19_0_1
core16_6/evalB_3                     338.4360      0.0      11.4660      0.0000  0.0000  Eval_33_49
core16_6/evalB_3/DP_OP_54J19_125_8521     84.7980     0.0     84.7980     0.0000 0.0000  Eval_33_49_DP_OP_54J19_125_8521_J19_0_0
core16_6/evalB_3/DP_OP_55J19_126_7197    119.9520     0.0    119.9520     0.0000 0.0000  Eval_33_49_DP_OP_55J19_126_7197_J19_0_0
core16_6/evalB_3/DP_OP_56J19_127_2039    122.2200     0.0    122.2200     0.0000 0.0000  Eval_33_49_DP_OP_56J19_127_2039_J19_0_0
core16_6/interp                    12646.9978      1.4       0.5040   1151.0100  0.0000  Interpolation_7_0
core16_6/interp/interp             11495.4838      1.2       0.2520      0.0000  0.0000  InterpolationComb_7_0
core16_6/interp/interp/DP_OP_421J12_122_3346  11495.2318     1.2  11495.2318     0.0000 0.0000 InterpolationComb_7_0_DP_OP_421J12_122_3346_J12_0_0
evalA                                928.4940      0.1      37.9260      0.0000  0.0000  Eval_16
evalA/DP_OP_52J19_122_3730           241.1640      0.0     241.1640      0.0000  0.0000  Eval_0_DP_OP_52J19_122_3730_J19_0_15
evalA/DP_OP_53J19_123_8845           321.9300      0.0     321.9300      0.0000  0.0000  Eval_0_DP_OP_53J19_123_8845_J19_0_15
evalA/DP_OP_54J19_124_1745           327.4740      0.0     327.4740      0.0000  0.0000  Eval_0_DP_OP_54J19_124_1745_J19_0_15
evalA_1                              922.0680      0.1      31.6260      0.0000  0.0000  Eval_15
evalA_1/DP_OP_52J19_122_3730         237.3840      0.0     237.3840      0.0000  0.0000  Eval_0_DP_OP_52J19_122_3730_J19_0_14
evalA_1/DP_OP_53J19_123_8845         326.0880      0.0     326.0880      0.0000  0.0000  Eval_0_DP_OP_53J19_123_8845_J19_0_14
evalA_1/DP_OP_54J19_124_1745         326.9700      0.0     326.9700      0.0000  0.0000  Eval_0_DP_OP_54J19_124_1745_J19_0_14
evalA_10                             925.7220      0.1      31.6260      0.0000  0.0000  Eval_6
evalA_10/DP_OP_52J19_122_3730        237.3840      0.0     237.3840      0.0000  0.0000  Eval_0_DP_OP_52J19_122_3730_J19_0_5
evalA_10/DP_OP_53J19_123_8845        329.7420      0.0     329.7420      0.0000  0.0000  Eval_0_DP_OP_53J19_123_8845_J19_0_5
evalA_10/DP_OP_54J19_124_1745        326.9700      0.0     326.9700      0.0000  0.0000  Eval_0_DP_OP_54J19_124_1745_J19_0_5
evalA_11                             923.0760      0.1      31.5000      0.0000  0.0000  Eval_5
evalA_11/DP_OP_52J19_122_3730        238.8960      0.0     238.8960      0.0000  0.0000  Eval_0_DP_OP_52J19_122_3730_J19_0_4
evalA_11/DP_OP_53J19_123_8845        325.4580      0.0     325.4580      0.0000  0.0000  Eval_0_DP_OP_53J19_123_8845_J19_0_4
evalA_11/DP_OP_54J19_124_1745        327.2220      0.0     327.2220      0.0000  0.0000  Eval_0_DP_OP_54J19_124_1745_J19_0_4
evalA_12                             940.0860      0.1      38.0520      0.0000  0.0000  Eval_4
evalA_12/DP_OP_52J19_122_3730        246.5820      0.0     246.5820      0.0000  0.0000  Eval_0_DP_OP_52J19_122_3730_J19_0_3
evalA_12/DP_OP_53J19_123_8845        319.7880      0.0     319.7880      0.0000  0.0000  Eval_0_DP_OP_53J19_123_8845_J19_0_3
evalA_12/DP_OP_54J19_124_1745        335.6640      0.0     335.6640      0.0000  0.0000  Eval_0_DP_OP_54J19_124_1745_J19_0_3
evalA_13                             932.9040      0.1      31.6260      0.0000  0.0000  Eval_3
evalA_13/DP_OP_52J19_122_3730        238.0140      0.0     238.0140      0.0000  0.0000  Eval_0_DP_OP_52J19_122_3730_J19_0_2
evalA_13/DP_OP_53J19_123_8845        333.1440      0.0     333.1440      0.0000  0.0000  Eval_0_DP_OP_53J19_123_8845_J19_0_2
evalA_13/DP_OP_54J19_124_1745        330.1200      0.0     330.1200      0.0000  0.0000  Eval_0_DP_OP_54J19_124_1745_J19_0_2
evalA_14                             926.2260      0.1      31.6260      0.0000  0.0000  Eval_2
evalA_14/DP_OP_52J19_122_3730        242.1720      0.0     242.1720      0.0000  0.0000  Eval_0_DP_OP_52J19_122_3730_J19_0_1
evalA_14/DP_OP_53J19_123_8845        324.4500      0.0     324.4500      0.0000  0.0000  Eval_0_DP_OP_53J19_123_8845_J19_0_1
evalA_14/DP_OP_54J19_124_1745        327.9780      0.0     327.9780      0.0000  0.0000  Eval_0_DP_OP_54J19_124_1745_J19_0_1
evalA_15                             931.0140      0.1      39.8160      0.0000  0.0000  Eval_0
evalA_15/DP_OP_52J19_122_3730        238.0140      0.0     238.0140      0.0000  0.0000  Eval_0_DP_OP_52J19_122_3730_J19_0_0
evalA_15/DP_OP_53J19_123_8845        322.3080      0.0     322.3080      0.0000  0.0000  Eval_0_DP_OP_53J19_123_8845_J19_0_0
evalA_15/DP_OP_54J19_124_1745        330.8760      0.0     330.8760      0.0000  0.0000  Eval_0_DP_OP_54J19_124_1745_J19_0_0
evalA_2                              921.4380      0.1      31.6260      0.0000  0.0000  Eval_14
evalA_2/DP_OP_52J19_122_3730         240.2820      0.0     240.2820      0.0000  0.0000  Eval_0_DP_OP_52J19_122_3730_J19_0_13
evalA_2/DP_OP_53J19_123_8845         322.5600      0.0     322.5600      0.0000  0.0000  Eval_0_DP_OP_53J19_123_8845_J19_0_13
evalA_2/DP_OP_54J19_124_1745         326.9700      0.0     326.9700      0.0000  0.0000  Eval_0_DP_OP_54J19_124_1745_J19_0_13
evalA_3                              926.1000      0.1      38.4300      0.0000  0.0000  Eval_13
evalA_3/DP_OP_52J19_122_3730         237.7620      0.0     237.7620      0.0000  0.0000  Eval_0_DP_OP_52J19_122_3730_J19_0_12
evalA_3/DP_OP_53J19_123_8845         319.7880      0.0     319.7880      0.0000  0.0000  Eval_0_DP_OP_53J19_123_8845_J19_0_12
evalA_3/DP_OP_54J19_124_1745         330.1200      0.0     330.1200      0.0000  0.0000  Eval_0_DP_OP_54J19_124_1745_J19_0_12
evalA_4                              922.1940      0.1      30.6180      0.0000  0.0000  Eval_12
evalA_4/DP_OP_52J19_122_3730         239.2740      0.0     239.2740      0.0000  0.0000  Eval_0_DP_OP_52J19_122_3730_J19_0_11
evalA_4/DP_OP_53J19_123_8845         325.0800      0.0     325.0800      0.0000  0.0000  Eval_0_DP_OP_53J19_123_8845_J19_0_11
evalA_4/DP_OP_54J19_124_1745         327.2220      0.0     327.2220      0.0000  0.0000  Eval_0_DP_OP_54J19_124_1745_J19_0_11
evalA_5                              924.3360      0.1      31.6260      0.0000  0.0000  Eval_11
evalA_5/DP_OP_52J19_122_3730         237.3840      0.0     237.3840      0.0000  0.0000  Eval_0_DP_OP_52J19_122_3730_J19_0_10
evalA_5/DP_OP_53J19_123_8845         328.3560      0.0     328.3560      0.0000  0.0000  Eval_0_DP_OP_53J19_123_8845_J19_0_10
evalA_5/DP_OP_54J19_124_1745         326.9700      0.0     326.9700      0.0000  0.0000  Eval_0_DP_OP_54J19_124_1745_J19_0_10
evalA_6                              920.6820      0.1      31.6260      0.0000  0.0000  Eval_10
evalA_6/DP_OP_52J19_122_3730         237.3840      0.0     237.3840      0.0000  0.0000  Eval_0_DP_OP_52J19_122_3730_J19_0_9
evalA_6/DP_OP_53J19_123_8845         324.0720      0.0     324.0720      0.0000  0.0000  Eval_0_DP_OP_53J19_123_8845_J19_0_9
evalA_6/DP_OP_54J19_124_1745         327.6000      0.0     327.6000      0.0000  0.0000  Eval_0_DP_OP_54J19_124_1745_J19_0_9
evalA_7                              916.3980      0.1      31.5000      0.0000  0.0000  Eval_9
evalA_7/DP_OP_52J19_122_3730         237.3840      0.0     237.3840      0.0000  0.0000  Eval_0_DP_OP_52J19_122_3730_J19_0_8
evalA_7/DP_OP_53J19_123_8845         320.6700      0.0     320.6700      0.0000  0.0000  Eval_0_DP_OP_53J19_123_8845_J19_0_8
evalA_7/DP_OP_54J19_124_1745         326.8440      0.0     326.8440      0.0000  0.0000  Eval_0_DP_OP_54J19_124_1745_J19_0_8
evalA_8                              927.7380      0.1      31.1220      0.0000  0.0000  Eval_8
evalA_8/DP_OP_52J19_122_3730         243.0540      0.0     243.0540      0.0000  0.0000  Eval_0_DP_OP_52J19_122_3730_J19_0_7
evalA_8/DP_OP_53J19_123_8845         326.7180      0.0     326.7180      0.0000  0.0000  Eval_0_DP_OP_53J19_123_8845_J19_0_7
evalA_8/DP_OP_54J19_124_1745         326.8440      0.0     326.8440      0.0000  0.0000  Eval_0_DP_OP_54J19_124_1745_J19_0_7
evalA_9                              920.1780      0.1      31.6260      0.0000  0.0000  Eval_7
evalA_9/DP_OP_52J19_122_3730         237.3840      0.0     237.3840      0.0000  0.0000  Eval_0_DP_OP_52J19_122_3730_J19_0_6
evalA_9/DP_OP_53J19_123_8845         324.1980      0.0     324.1980      0.0000  0.0000  Eval_0_DP_OP_53J19_123_8845_J19_0_6
evalA_9/DP_OP_54J19_124_1745         326.9700      0.0     326.9700      0.0000  0.0000  Eval_0_DP_OP_54J19_124_1745_J19_0_6
evalB                                330.4980      0.0      14.3640      0.0000  0.0000  Eval_1_15
evalB/DP_OP_52J22_125_7082            86.8140      0.0      86.8140      0.0000  0.0000  Eval_1_0_DP_OP_52J22_125_7082_J22_0_15
evalB/DP_OP_53J22_126_1358           112.7700      0.0     112.7700      0.0000  0.0000  Eval_1_0_DP_OP_53J22_126_1358_J22_0_15
evalB/DP_OP_54J22_127_7047           116.5500      0.0     116.5500      0.0000  0.0000  Eval_1_0_DP_OP_54J22_127_7047_J22_0_15
evalB_1                              392.4900      0.0      16.7580      0.0000  0.0000  Eval_1_14
evalB_1/DP_OP_52J22_125_7082          84.6720      0.0      84.6720      0.0000  0.0000  Eval_1_0_DP_OP_52J22_125_7082_J22_0_14
evalB_1/DP_OP_53J22_126_1358         171.1080      0.0     171.1080      0.0000  0.0000  Eval_1_14_DP_OP_53J22_126_1358_0
evalB_1/DP_OP_54J22_127_7047         119.9520      0.0     119.9520      0.0000  0.0000  Eval_1_0_DP_OP_54J22_127_7047_J22_0_14
evalB_10                             403.2000      0.0      16.8840      0.0000  0.0000  Eval_1_5
evalB_10/DP_OP_52J22_125_7082         85.8060      0.0      85.8060      0.0000  0.0000  Eval_1_0_DP_OP_52J22_125_7082_J22_0_5
evalB_10/DP_OP_53J22_126_1358        180.6840      0.0     180.6840      0.0000  0.0000  Eval_1_5_DP_OP_53J22_126_1358_0
evalB_10/DP_OP_54J22_127_7047        119.8260      0.0     119.8260      0.0000  0.0000  Eval_1_0_DP_OP_54J22_127_7047_J22_0_5
evalB_11                             408.8700      0.0      15.8760      0.0000  0.0000  Eval_1_4
evalB_11/DP_OP_52J22_125_7082         83.1600      0.0      83.1600      0.0000  0.0000  Eval_1_0_DP_OP_52J22_125_7082_J22_0_4
evalB_11/DP_OP_53J22_126_1358        190.8900      0.0     190.8900      0.0000  0.0000  Eval_1_4_DP_OP_53J22_126_1358_0
evalB_11/DP_OP_54J22_127_7047        118.9440      0.0     118.9440      0.0000  0.0000  Eval_1_0_DP_OP_54J22_127_7047_J22_0_4
evalB_12                             401.3100      0.0      16.1280      0.0000  0.0000  Eval_1_3
evalB_12/DP_OP_52J22_125_7082         84.7980      0.0      84.7980      0.0000  0.0000  Eval_1_0_DP_OP_52J22_125_7082_J22_0_3
evalB_12/DP_OP_53J22_126_1358        179.1720      0.0     179.1720      0.0000  0.0000  Eval_1_3_DP_OP_53J22_126_1358_0
evalB_12/DP_OP_54J22_127_7047        121.2120      0.0     121.2120      0.0000  0.0000  Eval_1_0_DP_OP_54J22_127_7047_J22_0_3
evalB_13                             394.7580      0.0      16.7580      0.0000  0.0000  Eval_1_2
evalB_13/DP_OP_52J22_125_7082         83.9160      0.0      83.9160      0.0000  0.0000  Eval_1_2_DP_OP_52J22_125_7082_0
evalB_13/DP_OP_53J22_126_1358        171.7380      0.0     171.7380      0.0000  0.0000  Eval_1_2_DP_OP_53J22_126_1358_0
evalB_13/DP_OP_54J22_127_7047        122.3460      0.0     122.3460      0.0000  0.0000  Eval_1_0_DP_OP_54J22_127_7047_J22_0_2
evalB_14                             398.0340      0.0      17.0100      0.0000  0.0000  Eval_1_1
evalB_14/DP_OP_52J22_125_7082         84.7980      0.0      84.7980      0.0000  0.0000  Eval_1_1_DP_OP_52J22_125_7082_0
evalB_14/DP_OP_53J22_126_1358        175.7700      0.0     175.7700      0.0000  0.0000  Eval_1_1_DP_OP_53J22_126_1358_0
evalB_14/DP_OP_54J22_127_7047        120.4560      0.0     120.4560      0.0000  0.0000  Eval_1_0_DP_OP_54J22_127_7047_J22_0_1
evalB_15                             415.0440      0.0      20.2860      0.0000  0.0000  Eval_1_0
evalB_15/DP_OP_52J22_125_7082         83.9160      0.0      83.9160      0.0000  0.0000  Eval_1_0_DP_OP_52J22_125_7082_J22_0_0
evalB_15/DP_OP_53J22_126_1358        181.8180      0.0     181.8180      0.0000  0.0000  Eval_1_0_DP_OP_53J22_126_1358_0
evalB_15/DP_OP_54J22_127_7047        129.0240      0.0     129.0240      0.0000  0.0000  Eval_1_0_DP_OP_54J22_127_7047_J22_0_0
evalB_2                              395.0100      0.0      16.6320      0.0000  0.0000  Eval_1_13
evalB_2/DP_OP_52J22_125_7082          82.9080      0.0      82.9080      0.0000  0.0000  Eval_1_0_DP_OP_52J22_125_7082_J22_0_13
evalB_2/DP_OP_53J22_126_1358         172.7460      0.0     172.7460      0.0000  0.0000  Eval_1_13_DP_OP_53J22_126_1358_0
evalB_2/DP_OP_54J22_127_7047         122.7240      0.0     122.7240      0.0000  0.0000  Eval_1_0_DP_OP_54J22_127_7047_J22_0_13
evalB_3                              414.1620      0.0      18.1440      0.0000  0.0000  Eval_1_12
evalB_3/DP_OP_52J22_125_7082          83.9160      0.0      83.9160      0.0000  0.0000  Eval_1_0_DP_OP_52J22_125_7082_J22_0_12
evalB_3/DP_OP_53J22_126_1358         189.0000      0.0     189.0000      0.0000  0.0000  Eval_1_12_DP_OP_53J22_126_1358_0
evalB_3/DP_OP_54J22_127_7047         123.1020      0.0     123.1020      0.0000  0.0000  Eval_1_0_DP_OP_54J22_127_7047_J22_0_12
evalB_4                              319.4100      0.0      12.2220      0.0000  0.0000  Eval_1_11
evalB_4/DP_OP_52J22_125_7082          82.9080      0.0      82.9080      0.0000  0.0000  Eval_1_0_DP_OP_52J22_125_7082_J22_0_11
evalB_4/DP_OP_53J22_126_1358         109.2420      0.0     109.2420      0.0000  0.0000  Eval_1_0_DP_OP_53J22_126_1358_J22_0_11
evalB_4/DP_OP_54J22_127_7047         115.0380      0.0     115.0380      0.0000  0.0000  Eval_1_0_DP_OP_54J22_127_7047_J22_0_11
evalB_5                              444.2760      0.0      16.6320      0.0000  0.0000  Eval_1_10
evalB_5/DP_OP_52J22_125_7082          84.0420      0.0      84.0420      0.0000  0.0000  Eval_1_0_DP_OP_52J22_125_7082_J22_0_10
evalB_5/DP_OP_53J22_126_1358         166.3200      0.0     166.3200      0.0000  0.0000  Eval_1_10_DP_OP_53J22_126_1358_0
evalB_5/DP_OP_54J22_127_7047         177.2820      0.0     177.2820      0.0000  0.0000  Eval_1_10_DP_OP_54J22_127_7047_0
evalB_6                              398.4120      0.0      16.7580      0.0000  0.0000  Eval_1_9
evalB_6/DP_OP_52J22_125_7082          86.0580      0.0      86.0580      0.0000  0.0000  Eval_1_0_DP_OP_52J22_125_7082_J22_0_9
evalB_6/DP_OP_53J22_126_1358         175.8960      0.0     175.8960      0.0000  0.0000  Eval_1_9_DP_OP_53J22_126_1358_0
evalB_6/DP_OP_54J22_127_7047         119.7000      0.0     119.7000      0.0000  0.0000  Eval_1_0_DP_OP_54J22_127_7047_J22_0_9
evalB_7                              400.5540      0.0      15.6240      0.0000  0.0000  Eval_1_8
evalB_7/DP_OP_52J22_125_7082          82.5300      0.0      82.5300      0.0000  0.0000  Eval_1_8_DP_OP_52J22_125_7082_0
evalB_7/DP_OP_53J22_126_1358         183.9600      0.0     183.9600      0.0000  0.0000  Eval_1_8_DP_OP_53J22_126_1358_0
evalB_7/DP_OP_54J22_127_7047         118.4400      0.0     118.4400      0.0000  0.0000  Eval_1_0_DP_OP_54J22_127_7047_J22_0_8
evalB_8                              386.5680      0.0      12.8520      0.0000  0.0000  Eval_1_7
evalB_8/DP_OP_52J22_125_7082          82.9080      0.0      82.9080      0.0000  0.0000  Eval_1_0_DP_OP_52J22_125_7082_J22_0_7
evalB_8/DP_OP_53J22_126_1358         173.5020      0.0     173.5020      0.0000  0.0000  Eval_1_7_DP_OP_53J22_126_1358_0
evalB_8/DP_OP_54J22_127_7047         117.3060      0.0     117.3060      0.0000  0.0000  Eval_1_0_DP_OP_54J22_127_7047_J22_0_7
evalB_9                              402.0660      0.0      17.2620      0.0000  0.0000  Eval_1_6
evalB_9/DP_OP_52J22_125_7082          86.0580      0.0      86.0580      0.0000  0.0000  Eval_1_0_DP_OP_52J22_125_7082_J22_0_6
evalB_9/DP_OP_53J22_126_1358         178.1640      0.0     178.1640      0.0000  0.0000  Eval_1_6_DP_OP_53J22_126_1358_0
evalB_9/DP_OP_54J22_127_7047         120.5820      0.0     120.5820      0.0000  0.0000  Eval_1_0_DP_OP_54J22_127_7047_J22_0_6
interp                             47960.7652      5.2       0.5040   4356.4500  0.0000  Interpolation_56
interp/interp                      43603.8113      4.7       0.2520      0.0000  0.0000  InterpolationComb_56
interp/interp/DP_OP_1681J3_122_1523  43603.5593     4.7  43603.5593      0.0000  0.0000  InterpolationComb_56_DP_OP_1681J3_122_1523_J3_0
--------------------------------  -----------  -------  -----------  ----------  ------  ---------------------------------------------------
Total                                                   840394.9139  80601.6954  0.0000

1
