 
****************************************
Report : area
Design : core64_a24_b10_c24
Version: O-2018.06-SP5
Date   : Tue May 12 21:18:27 2026
****************************************

Library(s) Used:

    tcbn28hpcplusbwp40p140lvtssg0p81vm40c_ccs (File: /export1/Library/TN28HPC+/STD_CELL_ext/track9_200824/TSMCHOME/digital/Front_End/timing_power_noise/CCS/tcbn28hpcplusbwp40p140lvt_180a/tcbn28hpcplusbwp40p140lvtssg0p81vm40c_ccs.db)
    tcbn28hpcplusbwp40p140ssg0p81vm40c_ccs (File: /export1/Library/TN28HPC+/STD_CELL_ext/track9_200824/TSMCHOME/digital/Front_End/timing_power_noise/CCS/tcbn28hpcplusbwp40p140_180a/tcbn28hpcplusbwp40p140ssg0p81vm40c_ccs.db)
    tcbn28hpcplusbwp40p140hvtssg0p81vm40c_ccs (File: /export1/Library/TN28HPC+/STD_CELL_ext/track9_200824/TSMCHOME/digital/Front_End/timing_power_noise/CCS/tcbn28hpcplusbwp40p140hvt_180a/tcbn28hpcplusbwp40p140hvtssg0p81vm40c_ccs.db)

Number of ports:                       310806
Number of nets:                        912292
Number of cells:                       457830
Number of combinational cells:         419978
Number of sequential cells:             30366
Number of macros/black boxes:               0
Number of buf/inv:                      56096
Number of references:                      45

Combinational area:             531964.683530
Buf/Inv area:                    15261.498113
Noncombinational area:           61215.336984
Macro/Black Box area:                0.000000
Net Interconnect area:      undefined  (Wire load has zero net area)

Total cell area:                593180.020514
Total area:                 undefined

Hierarchical area distribution
------------------------------

                                  Global cell area              Local cell area
                                  --------------------  ------------------------------- 
Hierarchical cell                 Absolute     Percent  Combi-       Noncombi-   Black-
                                  Total        Total    national     national    boxes   Design
--------------------------------  -----------  -------  -----------  ----------  ------  ---------------------------------------------------
core64_a24_b10_c24                593180.0205    100.0       2.0160   6001.6321  0.0000  core64_a24_b10_c24
core16_0                           71970.9471     12.1       2.0160   1671.2640  0.0000  core16_6
core16_0/core4_0                    7346.9339      1.2       1.0080    461.6640  0.0000  core4_48
core16_0/core4_0/evalA               618.1560      0.1      18.7740      0.0000  0.0000  Eval_32_48
core16_0/core4_0/evalA/DP_OP_54J27_122_2387    160.2720     0.0    160.2720     0.0000 0.0000 Eval_32_0_DP_OP_54J27_122_2387_J27_0_3
core16_0/core4_0/evalA/DP_OP_55J27_123_8268    216.5940     0.0    216.5940     0.0000 0.0000 Eval_32_0_DP_OP_55J27_123_8268_J27_0_3
core16_0/core4_0/evalA/DP_OP_56J27_124_2036    222.5160     0.0    222.5160     0.0000 0.0000 Eval_32_0_DP_OP_56J27_124_2036_J27_0_3
core16_0/core4_0/evalB               274.0500      0.0       8.5680      0.0000  0.0000  Eval_33_48
core16_0/core4_0/evalB/DP_OP_54J24_125_8018     70.3080     0.0     70.3080     0.0000 0.0000 Eval_33_0_DP_OP_54J24_125_8018_J24_0_3
core16_0/core4_0/evalB/DP_OP_55J24_126_2896     94.6260     0.0     94.6260     0.0000 0.0000 Eval_33_0_DP_OP_55J24_126_2896_J24_0_3
core16_0/core4_0/evalB/DP_OP_56J24_127_6631    100.5480     0.0    100.5480     0.0000 0.0000 Eval_33_0_DP_OP_56J24_127_6631_J24_0_3
core16_0/core4_0/interp             2057.5800      0.3       0.7560    235.8720  0.0000  Interpolation_49
core16_0/core4_0/interp/interp      1820.9520      0.3       0.2520      0.0000  0.0000  InterpolationComb_49
core16_0/core4_0/interp/interp/DP_OP_106J26_122_4702   1820.7000     0.3   1820.7000     0.0000 0.0000 InterpolationComb_0_DP_OP_106J26_122_4702_J26_0_20
core16_0/core4_0/mult_x_1            430.6680      0.1     430.6680      0.0000  0.0000  core4_48_DW_mult_uns_J18_3
core16_0/core4_0/mult_x_2            630.0000      0.1     630.0000      0.0000  0.0000  core4_48_DW_mult_uns_J18_2
core16_0/core4_0/mult_x_3            553.1400      0.1     553.1400      0.0000  0.0000  core4_48_DW_mult_tc_J18_2
core16_0/core4_0/mult_x_4            561.3300      0.1     561.3300      0.0000  0.0000  core4_48_DW_mult_tc_J18_1
core16_0/core4_0/mult_x_5            670.3200      0.1     670.3200      0.0000  0.0000  core4_48_DW_mult_uns_J18_1
core16_0/core4_0/mult_x_6            658.3500      0.1     658.3500      0.0000  0.0000  core4_48_DW_mult_tc_J18_0
core16_0/core4_0/mult_x_7            430.6680      0.1     430.6680      0.0000  0.0000  core4_48_DW_mult_uns_J18_0
core16_0/core4_1                    8859.4379      1.5       1.0080    461.6640  0.0000  core4_47
core16_0/core4_1/evalA               734.0760      0.1      22.4280      0.0000  0.0000  Eval_32_47
core16_0/core4_1/evalA/DP_OP_54J25_126_5391    189.8820     0.0    189.8820     0.0000 0.0000 Eval_32_5_DP_OP_54J25_126_5391_J25_0_3
core16_0/core4_1/evalA/DP_OP_55J25_127_1056    261.3240     0.0    261.3240     0.0000 0.0000 Eval_32_5_DP_OP_55J25_127_1056_J25_0_3
core16_0/core4_1/evalA/DP_OP_56J25_128_3738    260.4420     0.0    260.4420     0.0000 0.0000 Eval_32_5_DP_OP_56J25_128_3738_J25_0_3
core16_0/core4_1/evalB               397.1520      0.1      12.3480      0.0000  0.0000  Eval_33_47
core16_0/core4_1/evalB/DP_OP_54J25_129_9656    105.9660     0.0    105.9660     0.0000 0.0000 Eval_33_5_DP_OP_54J25_129_9656_J25_0_3
core16_0/core4_1/evalB/DP_OP_55J25_130_3545    139.9860     0.0    139.9860     0.0000 0.0000 Eval_33_5_DP_OP_55J25_130_3545_J25_0_3
core16_0/core4_1/evalB/DP_OP_56J25_131_863    138.8520     0.0    138.8520     0.0000 0.0000 Eval_33_5_DP_OP_56J25_131_863_J25_0_3
core16_0/core4_1/interp             2057.9580      0.3       0.7560    235.8720  0.0000  Interpolation_48
core16_0/core4_1/interp/interp      1821.3300      0.3       0.2520      0.0000  0.0000  InterpolationComb_48
core16_0/core4_1/interp/interp/DP_OP_106J26_122_4702   1821.0780     0.3   1821.0780     0.0000 0.0000 InterpolationComb_0_DP_OP_106J26_122_4702_J26_0_19
core16_0/core4_1/mult_x_1            630.0000      0.1     630.0000      0.0000  0.0000  core4_5_DW_mult_uns_J31_3_1
core16_0/core4_1/mult_x_2            776.9160      0.1     776.9160      0.0000  0.0000  core4_5_DW_mult_uns_J31_2_1
core16_0/core4_1/mult_x_3            763.1820      0.1     763.1820      0.0000  0.0000  core4_5_DW_mult_tc_J31_2_1
core16_0/core4_1/mult_x_4            744.6600      0.1     744.6600      0.0000  0.0000  core4_5_DW_mult_tc_J31_1_1
core16_0/core4_1/mult_x_5            851.2560      0.1     851.2560      0.0000  0.0000  core4_5_DW_mult_uns_J31_1_1
core16_0/core4_1/mult_x_6            811.5660      0.1     811.5660      0.0000  0.0000  core4_5_DW_mult_tc_J31_0_1
core16_0/core4_1/mult_x_7            630.0000      0.1     630.0000      0.0000  0.0000  core4_5_DW_mult_uns_J31_0_1
core16_0/core4_2                    7963.3259      1.3       1.0080    461.6640  0.0000  core4_46
core16_0/core4_2/evalA               660.3660      0.1      20.1600      0.0000  0.0000  Eval_32_46
core16_0/core4_2/evalA/DP_OP_53J26_123_8507    169.3440     0.0    169.3440     0.0000 0.0000 Eval_32_1_DP_OP_53J26_123_8507_J26_0_32
core16_0/core4_2/evalA/DP_OP_54J26_124_3738    232.8480     0.0    232.8480     0.0000 0.0000 Eval_32_1_DP_OP_54J26_124_3738_J26_0_32
core16_0/core4_2/evalA/DP_OP_55J26_125_1305    238.0140     0.0    238.0140     0.0000 0.0000 Eval_32_1_DP_OP_55J26_125_1305_J26_0_32
core16_0/core4_2/evalB               315.2520      0.1       9.8280      0.0000  0.0000  Eval_33_46
core16_0/core4_2/evalB/DP_OP_53J24_122_4171     79.3800     0.0     79.3800     0.0000 0.0000 Eval_33_1_DP_OP_53J24_122_4171_J24_0_28
core16_0/core4_2/evalB/DP_OP_54J24_123_6227    110.3760     0.0    110.3760     0.0000 0.0000 Eval_33_1_DP_OP_54J24_123_6227_J24_0_28
core16_0/core4_2/evalB/DP_OP_55J24_124_3794    115.6680     0.0    115.6680     0.0000 0.0000 Eval_33_1_DP_OP_55J24_124_3794_J24_0_28
core16_0/core4_2/interp             2150.4420      0.4       0.7560    243.9360  0.0000  Interpolation_47
core16_0/core4_2/interp/interp      1905.7500      0.3       0.2520      0.0000  0.0000  InterpolationComb_47
core16_0/core4_2/interp/interp/DP_OP_106J25_122_5351   1905.4980     0.3   1905.4980     0.0000 0.0000 InterpolationComb_1_DP_OP_106J25_122_5351_J25_0_27
core16_0/core4_2/mult_x_1            539.1540      0.1     539.1540      0.0000  0.0000  core4_1_DW_mult_tc_J21_6_22
core16_0/core4_2/mult_x_2            657.9720      0.1     657.9720      0.0000  0.0000  core4_1_DW_mult_tc_J21_5_22
core16_0/core4_2/mult_x_3            595.0980      0.1     595.0980      0.0000  0.0000  core4_1_DW_mult_tc_J21_4_22
core16_0/core4_2/mult_x_4            637.5600      0.1     637.5600      0.0000  0.0000  core4_1_DW_mult_tc_J21_3_22
core16_0/core4_2/mult_x_5            678.1320      0.1     678.1320      0.0000  0.0000  core4_1_DW_mult_tc_J21_2_22
core16_0/core4_2/mult_x_6            727.5240      0.1     727.5240      0.0000  0.0000  core4_1_DW_mult_tc_J21_1_22
core16_0/core4_2/mult_x_7            539.1540      0.1     539.1540      0.0000  0.0000  core4_1_DW_mult_tc_J21_0_22
core16_0/core4_3                    9264.4019      1.6       0.7560    461.6640  0.0000  core4_45
core16_0/core4_3/evalA               780.0660      0.1      24.6960      0.0000  0.0000  Eval_32_45
core16_0/core4_3/evalA/DP_OP_53J26_123_8507    196.9380     0.0    196.9380     0.0000 0.0000 Eval_32_1_DP_OP_53J26_123_8507_J26_0_31
core16_0/core4_3/evalA/DP_OP_54J26_124_3738    285.8940     0.0    285.8940     0.0000 0.0000 Eval_32_1_DP_OP_54J26_124_3738_J26_0_31
core16_0/core4_3/evalA/DP_OP_55J26_125_1305    272.5380     0.0    272.5380     0.0000 0.0000 Eval_32_1_DP_OP_55J26_125_1305_J26_0_31
core16_0/core4_3/evalB               533.7360      0.1      17.3880      0.0000  0.0000  Eval_33_45
core16_0/core4_3/evalB/DP_OP_53J24_122_4171    132.6780     0.0    132.6780     0.0000 0.0000 Eval_33_1_DP_OP_53J24_122_4171_J24_0_27
core16_0/core4_3/evalB/DP_OP_54J24_123_6227    199.2060     0.0    199.2060     0.0000 0.0000 Eval_33_1_DP_OP_54J24_123_6227_J24_0_27
core16_0/core4_3/evalB/DP_OP_55J24_124_3794    184.4640     0.0    184.4640     0.0000 0.0000 Eval_33_1_DP_OP_55J24_124_3794_J24_0_27
core16_0/core4_3/interp             2149.9380      0.4       0.7560    243.9360  0.0000  Interpolation_46
core16_0/core4_3/interp/interp      1905.2460      0.3       0.2520      0.0000  0.0000  InterpolationComb_46
core16_0/core4_3/interp/interp/DP_OP_106J25_122_5351   1904.9940     0.3   1904.9940     0.0000 0.0000 InterpolationComb_1_DP_OP_106J25_122_5351_J25_0_26
core16_0/core4_3/mult_x_1            539.5320      0.1     539.5320      0.0000  0.0000  core4_1_DW_mult_tc_J21_6_21
core16_0/core4_3/mult_x_2            822.5280      0.1     822.5280      0.0000  0.0000  core4_1_DW_mult_tc_J21_5_21
core16_0/core4_3/mult_x_3            860.9580      0.1     860.9580      0.0000  0.0000  core4_1_DW_mult_tc_J21_4_21
core16_0/core4_3/mult_x_4            858.5640      0.1     858.5640      0.0000  0.0000  core4_1_DW_mult_tc_J21_3_21
core16_0/core4_3/mult_x_5            858.5640      0.1     858.5640      0.0000  0.0000  core4_1_DW_mult_tc_J21_2_21
core16_0/core4_3/mult_x_6            858.5640      0.1     858.5640      0.0000  0.0000  core4_1_DW_mult_tc_J21_1_21
core16_0/core4_3/mult_x_7            539.5320      0.1     539.5320      0.0000  0.0000  core4_1_DW_mult_tc_J21_0_21
core16_0/core4_4                    8859.0599      1.5       1.0080    461.6640  0.0000  core4_44
core16_0/core4_4/evalA               735.5880      0.1      22.4280      0.0000  0.0000  Eval_32_44
core16_0/core4_4/evalA/DP_OP_54J16_122_8893    190.3860     0.0    190.3860     0.0000 0.0000 Eval_32_2_DP_OP_54J16_122_8893_J16_0_3
core16_0/core4_4/evalA/DP_OP_55J16_123_92    258.8040     0.0    258.8040     0.0000 0.0000 Eval_32_2_DP_OP_55J16_123_92_J16_0_3
core16_0/core4_4/evalA/DP_OP_56J16_124_3580    263.9700     0.0    263.9700     0.0000 0.0000 Eval_32_2_DP_OP_56J16_124_3580_J16_0_3
core16_0/core4_4/evalB               396.0180      0.1      13.3560      0.0000  0.0000  Eval_33_44
core16_0/core4_4/evalB/DP_OP_54J21_125_5690    102.4380     0.0    102.4380     0.0000 0.0000 Eval_33_2_DP_OP_54J21_125_5690_J21_0_3
core16_0/core4_4/evalB/DP_OP_55J21_126_3915    137.4660     0.0    137.4660     0.0000 0.0000 Eval_33_2_DP_OP_55J21_126_3915_J21_0_3
core16_0/core4_4/evalB/DP_OP_56J21_127_920    142.7580     0.0    142.7580     0.0000 0.0000 Eval_33_2_DP_OP_56J21_127_920_J21_0_3
core16_0/core4_4/interp             2150.4420      0.4       0.7560    243.9360  0.0000  Interpolation_45
core16_0/core4_4/interp/interp      1905.7500      0.3       0.2520      0.0000  0.0000  InterpolationComb_45
core16_0/core4_4/interp/interp/DP_OP_106J25_122_5351   1905.4980     0.3   1905.4980     0.0000 0.0000 InterpolationComb_1_DP_OP_106J25_122_5351_J25_0_25
core16_0/core4_4/mult_x_1            650.7900      0.1     650.7900      0.0000  0.0000  core4_2_DW_mult_uns_J33_3_1
core16_0/core4_4/mult_x_2            803.3760      0.1     803.3760      0.0000  0.0000  core4_2_DW_mult_uns_J33_2_1
core16_0/core4_4/mult_x_3            701.9460      0.1     701.9460      0.0000  0.0000  core4_2_DW_mult_tc_J33_2_1
core16_0/core4_4/mult_x_4            726.1380      0.1     726.1380      0.0000  0.0000  core4_2_DW_mult_tc_J33_1_1
core16_0/core4_4/mult_x_5            781.0740      0.1     781.0740      0.0000  0.0000  core4_2_DW_mult_uns_J33_1_1
core16_0/core4_4/mult_x_6            800.2260      0.1     800.2260      0.0000  0.0000  core4_2_DW_mult_tc_J33_0_1
core16_0/core4_4/mult_x_7            650.7900      0.1     650.7900      0.0000  0.0000  core4_2_DW_mult_uns_J33_0_1
core16_0/core4_5                    9451.2599      1.6       0.7560    461.6640  0.0000  core4_43
core16_0/core4_5/evalA               781.0740      0.1      25.7040      0.0000  0.0000  Eval_32_43
core16_0/core4_5/evalA/DP_OP_53J26_123_8507    196.9380     0.0    196.9380     0.0000 0.0000 Eval_32_1_DP_OP_53J26_123_8507_J26_0_30
core16_0/core4_5/evalA/DP_OP_54J26_124_3738    285.8940     0.0    285.8940     0.0000 0.0000 Eval_32_1_DP_OP_54J26_124_3738_J26_0_30
core16_0/core4_5/evalA/DP_OP_55J26_125_1305    272.5380     0.0    272.5380     0.0000 0.0000 Eval_32_1_DP_OP_55J26_125_1305_J26_0_30
core16_0/core4_5/evalB               532.9800      0.1      18.1440      0.0000  0.0000  Eval_33_43
core16_0/core4_5/evalB/DP_OP_53J24_122_4171    132.6780     0.0    132.6780     0.0000 0.0000 Eval_33_1_DP_OP_53J24_122_4171_J24_0_26
core16_0/core4_5/evalB/DP_OP_54J24_123_6227    197.8200     0.0    197.8200     0.0000 0.0000 Eval_33_1_DP_OP_54J24_123_6227_J24_0_26
core16_0/core4_5/evalB/DP_OP_55J24_124_3794    184.3380     0.0    184.3380     0.0000 0.0000 Eval_33_1_DP_OP_55J24_124_3794_J24_0_26
core16_0/core4_5/interp             2150.4420      0.4       0.7560    243.9360  0.0000  Interpolation_44
core16_0/core4_5/interp/interp      1905.7500      0.3       0.2520      0.0000  0.0000  InterpolationComb_44
core16_0/core4_5/interp/interp/DP_OP_106J25_122_5351   1905.4980     0.3   1905.4980     0.0000 0.0000 InterpolationComb_1_DP_OP_106J25_122_5351_J25_0_24
core16_0/core4_5/mult_x_1            633.7800      0.1     633.7800      0.0000  0.0000  core4_1_DW_mult_tc_J21_6_20
core16_0/core4_5/mult_x_2            822.5280      0.1     822.5280      0.0000  0.0000  core4_1_DW_mult_tc_J21_5_20
core16_0/core4_5/mult_x_3            858.5640      0.1     858.5640      0.0000  0.0000  core4_1_DW_mult_tc_J21_4_20
core16_0/core4_5/mult_x_4            858.5640      0.1     858.5640      0.0000  0.0000  core4_1_DW_mult_tc_J21_3_20
core16_0/core4_5/mult_x_5            858.5640      0.1     858.5640      0.0000  0.0000  core4_1_DW_mult_tc_J21_2_20
core16_0/core4_5/mult_x_6            858.5640      0.1     858.5640      0.0000  0.0000  core4_1_DW_mult_tc_J21_1_20
core16_0/core4_5/mult_x_7            633.7800      0.1     633.7800      0.0000  0.0000  core4_1_DW_mult_tc_J21_0_20
core16_0/core4_6                    7347.1859      1.2       1.0080    461.6640  0.0000  core4_42
core16_0/core4_6/evalA               618.0300      0.1      18.6480      0.0000  0.0000  Eval_32_42
core16_0/core4_6/evalA/DP_OP_54J27_122_2387    160.2720     0.0    160.2720     0.0000 0.0000 Eval_32_0_DP_OP_54J27_122_2387_J27_0_2
core16_0/core4_6/evalA/DP_OP_55J27_123_8268    216.5940     0.0    216.5940     0.0000 0.0000 Eval_32_0_DP_OP_55J27_123_8268_J27_0_2
core16_0/core4_6/evalA/DP_OP_56J27_124_2036    222.5160     0.0    222.5160     0.0000 0.0000 Eval_32_0_DP_OP_56J27_124_2036_J27_0_2
core16_0/core4_6/evalB               274.0500      0.0       8.5680      0.0000  0.0000  Eval_33_42
core16_0/core4_6/evalB/DP_OP_54J24_125_8018     70.3080     0.0     70.3080     0.0000 0.0000 Eval_33_0_DP_OP_54J24_125_8018_J24_0_2
core16_0/core4_6/evalB/DP_OP_55J24_126_2896     94.6260     0.0     94.6260     0.0000 0.0000 Eval_33_0_DP_OP_55J24_126_2896_J24_0_2
core16_0/core4_6/evalB/DP_OP_56J24_127_6631    100.5480     0.0    100.5480     0.0000 0.0000 Eval_33_0_DP_OP_56J24_127_6631_J24_0_2
core16_0/core4_6/interp             2057.9580      0.3       0.7560    235.8720  0.0000  Interpolation_43
core16_0/core4_6/interp/interp      1821.3300      0.3       0.2520      0.0000  0.0000  InterpolationComb_43
core16_0/core4_6/interp/interp/DP_OP_106J26_122_4702   1821.0780     0.3   1821.0780     0.0000 0.0000 InterpolationComb_0_DP_OP_106J26_122_4702_J26_0_18
core16_0/core4_6/mult_x_1            430.6680      0.1     430.6680      0.0000  0.0000  core4_42_DW_mult_uns_J17_3
core16_0/core4_6/mult_x_2            630.0000      0.1     630.0000      0.0000  0.0000  core4_42_DW_mult_uns_J17_2
core16_0/core4_6/mult_x_3            553.1400      0.1     553.1400      0.0000  0.0000  core4_42_DW_mult_tc_J17_2
core16_0/core4_6/mult_x_4            562.3380      0.1     562.3380      0.0000  0.0000  core4_42_DW_mult_tc_J17_1
core16_0/core4_6/mult_x_5            670.3200      0.1     670.3200      0.0000  0.0000  core4_42_DW_mult_uns_J17_1
core16_0/core4_6/mult_x_6            657.3420      0.1     657.3420      0.0000  0.0000  core4_42_DW_mult_tc_J17_0
core16_0/core4_6/mult_x_7            430.6680      0.1     430.6680      0.0000  0.0000  core4_42_DW_mult_uns_J17_0
core16_0/evalA                       618.0300      0.1      18.6480      0.0000  0.0000  Eval_32_76
core16_0/evalA/DP_OP_54J29_122_8676    160.2720     0.0    160.2720      0.0000  0.0000  Eval_32_76_DP_OP_54J29_122_8676_J29_0
core16_0/evalA/DP_OP_55J29_123_1116    216.5940     0.0    216.5940      0.0000  0.0000  Eval_32_76_DP_OP_55J29_123_1116_J29_0
core16_0/evalA/DP_OP_56J29_124_7890    222.5160     0.0    222.5160      0.0000  0.0000  Eval_32_76_DP_OP_56J29_124_7890_J29_0
core16_0/evalA_1                     618.0300      0.1      18.6480      0.0000  0.0000  Eval_32_75
core16_0/evalA_1/DP_OP_54J30_122_9222    160.2720     0.0    160.2720     0.0000 0.0000  Eval_32_75_DP_OP_54J30_122_9222_J30_0
core16_0/evalA_1/DP_OP_55J30_123_7275    216.5940     0.0    216.5940     0.0000 0.0000  Eval_32_75_DP_OP_55J30_123_7275_J30_0
core16_0/evalA_1/DP_OP_56J30_124_8278    222.5160     0.0    222.5160     0.0000 0.0000  Eval_32_75_DP_OP_56J30_124_8278_J30_0
core16_0/evalA_2                     618.0300      0.1      18.6480      0.0000  0.0000  Eval_32_74
core16_0/evalA_2/DP_OP_54J32_122_3351    160.2720     0.0    160.2720     0.0000 0.0000  Eval_32_74_DP_OP_54J32_122_3351_J32_0
core16_0/evalA_2/DP_OP_55J32_123_2430    216.5940     0.0    216.5940     0.0000 0.0000  Eval_32_74_DP_OP_55J32_123_2430_J32_0
core16_0/evalA_2/DP_OP_56J32_124_6576    222.5160     0.0    222.5160     0.0000 0.0000  Eval_32_74_DP_OP_56J32_124_6576_J32_0
core16_0/evalA_3                     618.1560      0.1      18.7740      0.0000  0.0000  Eval_32_73
core16_0/evalA_3/DP_OP_54J31_122_1030    160.2720     0.0    160.2720     0.0000 0.0000  Eval_32_73_DP_OP_54J31_122_1030_J31_0
core16_0/evalA_3/DP_OP_55J31_123_2818    216.5940     0.0    216.5940     0.0000 0.0000  Eval_32_73_DP_OP_55J31_123_2818_J31_0
core16_0/evalA_3/DP_OP_56J31_124_2768    222.5160     0.0    222.5160     0.0000 0.0000  Eval_32_73_DP_OP_56J31_124_2768_J31_0
core16_0/evalB                       276.1920      0.0       8.8200      0.0000  0.0000  Eval_33_76
core16_0/evalB/DP_OP_54J15_125_2517     70.9380     0.0     70.9380      0.0000  0.0000  Eval_33_76_DP_OP_54J15_125_2517_J15_0
core16_0/evalB/DP_OP_55J15_126_9555     94.6260     0.0     94.6260      0.0000  0.0000  Eval_33_76_DP_OP_55J15_126_9555_J15_0
core16_0/evalB/DP_OP_56J15_127_3323    101.8080     0.0    101.8080      0.0000  0.0000  Eval_33_76_DP_OP_56J15_127_3323_J15_0
core16_0/evalB_1                     274.8060      0.0       8.0640      0.0000  0.0000  Eval_33_75
core16_0/evalB_1/DP_OP_54J17_125_5930     70.3080     0.0     70.3080     0.0000 0.0000  Eval_33_75_DP_OP_54J17_125_5930_J17_0
core16_0/evalB_1/DP_OP_55J17_126_7869     95.8860     0.0     95.8860     0.0000 0.0000  Eval_33_75_DP_OP_55J17_126_7869_J17_0
core16_0/evalB_1/DP_OP_56J17_127_1637    100.5480     0.0    100.5480     0.0000 0.0000  Eval_33_75_DP_OP_56J17_127_1637_J17_0
core16_0/evalB_2                     273.5460      0.0       8.0640      0.0000  0.0000  Eval_33_74
core16_0/evalB_2/DP_OP_54J16_125_7159     70.3080     0.0     70.3080     0.0000 0.0000  Eval_33_74_DP_OP_54J16_125_7159_J16_0
core16_0/evalB_2/DP_OP_55J16_126_2992     94.6260     0.0     94.6260     0.0000 0.0000  Eval_33_74_DP_OP_55J16_126_2992_J16_0
core16_0/evalB_2/DP_OP_56J16_127_9902    100.5480     0.0    100.5480     0.0000 0.0000  Eval_33_74_DP_OP_56J16_127_9902_J16_0
core16_0/evalB_3                     274.0500      0.0       8.8200      0.0000  0.0000  Eval_33_73
core16_0/evalB_3/DP_OP_54J18_125_4838     70.3080     0.0     70.3080     0.0000 0.0000  Eval_33_73_DP_OP_54J18_125_4838_J18_0
core16_0/evalB_3/DP_OP_55J18_126_3412     94.6260     0.0     94.6260     0.0000 0.0000  Eval_33_73_DP_OP_55J18_126_3412_J18_0
core16_0/evalB_3/DP_OP_56J18_127_6094    100.2960     0.0    100.2960     0.0000 0.0000  Eval_33_73_DP_OP_56J18_127_6094_J18_0
core16_0/interp                     7635.2219      1.3       0.7560    840.6720  0.0000  Interpolation_7_6
core16_0/interp/interp              6793.7939      1.1       0.2520      0.0000  0.0000  InterpolationComb_7_6
core16_0/interp/interp/DP_OP_421J12_122_2675   6793.5419     1.1   6793.5419     0.0000 0.0000 InterpolationComb_7_0_DP_OP_421J12_122_2675_J12_0_2
core16_1                           79711.2530     13.4       2.0160   1671.2640  0.0000  core16_5
core16_1/core4_0                    8859.8159      1.5       1.0080    461.6640  0.0000  core4_41
core16_1/core4_0/evalA               734.2020      0.1      22.5540      0.0000  0.0000  Eval_32_41
core16_1/core4_0/evalA/DP_OP_54J25_126_5391    189.8820     0.0    189.8820     0.0000 0.0000 Eval_32_5_DP_OP_54J25_126_5391_J25_0_2
core16_1/core4_0/evalA/DP_OP_55J25_127_1056    261.3240     0.0    261.3240     0.0000 0.0000 Eval_32_5_DP_OP_55J25_127_1056_J25_0_2
core16_1/core4_0/evalA/DP_OP_56J25_128_3738    260.4420     0.0    260.4420     0.0000 0.0000 Eval_32_5_DP_OP_56J25_128_3738_J25_0_2
core16_1/core4_0/evalB               398.9160      0.1      12.6000      0.0000  0.0000  Eval_33_41
core16_1/core4_0/evalB/DP_OP_54J25_129_9656    105.9660     0.0    105.9660     0.0000 0.0000 Eval_33_5_DP_OP_54J25_129_9656_J25_0_2
core16_1/core4_0/evalB/DP_OP_55J25_130_3545    141.4980     0.0    141.4980     0.0000 0.0000 Eval_33_5_DP_OP_55J25_130_3545_J25_0_2
core16_1/core4_0/evalB/DP_OP_56J25_131_863    138.8520     0.0    138.8520     0.0000 0.0000 Eval_33_5_DP_OP_56J25_131_863_J25_0_2
core16_1/core4_0/interp             2056.9500      0.3       0.7560    235.8720  0.0000  Interpolation_42
core16_1/core4_0/interp/interp      1820.3220      0.3       0.2520      0.0000  0.0000  InterpolationComb_42
core16_1/core4_0/interp/interp/DP_OP_106J26_122_4702   1820.0700     0.3   1820.0700     0.0000 0.0000 InterpolationComb_0_DP_OP_106J26_122_4702_J26_0_17
core16_1/core4_0/mult_x_1            630.0000      0.1     630.0000      0.0000  0.0000  core4_35_DW_mult_uns_J32_3_1
core16_1/core4_0/mult_x_2            776.9160      0.1     776.9160      0.0000  0.0000  core4_35_DW_mult_uns_J32_2_1
core16_1/core4_0/mult_x_3            762.6780      0.1     762.6780      0.0000  0.0000  core4_35_DW_mult_tc_J32_2_1
core16_1/core4_0/mult_x_4            744.6600      0.1     744.6600      0.0000  0.0000  core4_35_DW_mult_tc_J32_1_1
core16_1/core4_0/mult_x_5            851.2560      0.1     851.2560      0.0000  0.0000  core4_35_DW_mult_uns_J32_1_1
core16_1/core4_0/mult_x_6            811.5660      0.1     811.5660      0.0000  0.0000  core4_35_DW_mult_tc_J32_0_1
core16_1/core4_0/mult_x_7            630.0000      0.1     630.0000      0.0000  0.0000  core4_35_DW_mult_uns_J32_0_1
core16_1/core4_1                    9635.2199      1.6       1.0080    461.6640  0.0000  core4_40
core16_1/core4_1/evalA               780.8220      0.1      25.4520      0.0000  0.0000  Eval_32_40
core16_1/core4_1/evalA/DP_OP_53J26_123_8507    196.9380     0.0    196.9380     0.0000 0.0000 Eval_32_1_DP_OP_53J26_123_8507_J26_0_29
core16_1/core4_1/evalA/DP_OP_54J26_124_3738    285.8940     0.0    285.8940     0.0000 0.0000 Eval_32_1_DP_OP_54J26_124_3738_J26_0_29
core16_1/core4_1/evalA/DP_OP_55J26_125_1305    272.5380     0.0    272.5380     0.0000 0.0000 Eval_32_1_DP_OP_55J26_125_1305_J26_0_29
core16_1/core4_1/evalB               519.2460      0.1      17.1360      0.0000  0.0000  Eval_33_40
core16_1/core4_1/evalB/DP_OP_55J23_122_4535    132.9300     0.0    132.9300     0.0000 0.0000 Eval_33_40_DP_OP_55J23_122_4535_J23_0
core16_1/core4_1/evalB/DP_OP_56J23_123_5178    188.1180     0.0    188.1180     0.0000 0.0000 Eval_33_40_DP_OP_56J23_123_5178_J23_0
core16_1/core4_1/evalB/DP_OP_57J23_124_7933    181.0620     0.0    181.0620     0.0000 0.0000 Eval_33_40_DP_OP_57J23_124_7933_J23_0
core16_1/core4_1/interp             2057.9580      0.3       0.7560    235.8720  0.0000  Interpolation_41
core16_1/core4_1/interp/interp      1821.3300      0.3       0.2520      0.0000  0.0000  InterpolationComb_41
core16_1/core4_1/interp/interp/DP_OP_106J26_122_4702   1821.0780     0.3   1821.0780     0.0000 0.0000 InterpolationComb_0_DP_OP_106J26_122_4702_J26_0_16
core16_1/core4_1/mult_x_1            776.9160      0.1     776.9160      0.0000  0.0000  core4_40_DW_mult_uns_J22_1
core16_1/core4_1/mult_x_2            826.3080      0.1     826.3080      0.0000  0.0000  core4_40_DW_mult_tc_J22_4
core16_1/core4_1/mult_x_3            858.5640      0.1     858.5640      0.0000  0.0000  core4_40_DW_mult_tc_J22_3
core16_1/core4_1/mult_x_4            858.5640      0.1     858.5640      0.0000  0.0000  core4_40_DW_mult_tc_J22_2
core16_1/core4_1/mult_x_5            858.5640      0.1     858.5640      0.0000  0.0000  core4_40_DW_mult_tc_J22_1
core16_1/core4_1/mult_x_6            858.6900      0.1     858.6900      0.0000  0.0000  core4_40_DW_mult_tc_J22_0
core16_1/core4_1/mult_x_7            776.9160      0.1     776.9160      0.0000  0.0000  core4_40_DW_mult_uns_J22_0
core16_1/core4_2                    9378.6839      1.6       1.0080    461.5380  0.0000  core4_39
core16_1/core4_2/evalA               776.7900      0.1      24.6960      0.0000  0.0000  Eval_32_39
core16_1/core4_2/evalA/DP_OP_53J26_123_8507    198.0720     0.0    198.0720     0.0000 0.0000 Eval_32_1_DP_OP_53J26_123_8507_J26_0_28
core16_1/core4_2/evalA/DP_OP_54J26_124_3738    282.3660     0.0    282.3660     0.0000 0.0000 Eval_32_1_DP_OP_54J26_124_3738_J26_0_28
core16_1/core4_2/evalA/DP_OP_55J26_125_1305    271.6560     0.0    271.6560     0.0000 0.0000 Eval_32_1_DP_OP_55J26_125_1305_J26_0_28
core16_1/core4_2/evalB               461.0340      0.1      14.6160      0.0000  0.0000  Eval_33_39
core16_1/core4_2/evalB/DP_OP_53J24_122_4171    117.9360     0.0    117.9360     0.0000 0.0000 Eval_33_1_DP_OP_53J24_122_4171_J24_0_25
core16_1/core4_2/evalB/DP_OP_54J24_123_6227    161.7840     0.0    161.7840     0.0000 0.0000 Eval_33_1_DP_OP_54J24_123_6227_J24_0_25
core16_1/core4_2/evalB/DP_OP_55J24_124_3794    166.6980     0.0    166.6980     0.0000 0.0000 Eval_33_1_DP_OP_55J24_124_3794_J24_0_25
core16_1/core4_2/interp             2149.9380      0.4       0.7560    243.9360  0.0000  Interpolation_40
core16_1/core4_2/interp/interp      1905.2460      0.3       0.2520      0.0000  0.0000  InterpolationComb_40
core16_1/core4_2/interp/interp/DP_OP_106J25_122_5351   1904.9940     0.3   1904.9940     0.0000 0.0000 InterpolationComb_1_DP_OP_106J25_122_5351_J25_0_23
core16_1/core4_2/mult_x_1            730.5480      0.1     730.5480      0.0000  0.0000  core4_1_DW_mult_tc_J21_6_19
core16_1/core4_2/mult_x_2            797.7060      0.1     797.7060      0.0000  0.0000  core4_1_DW_mult_tc_J21_5_19
core16_1/core4_2/mult_x_3            780.5700      0.1     780.5700      0.0000  0.0000  core4_1_DW_mult_tc_J21_4_19
core16_1/core4_2/mult_x_4            798.9660      0.1     798.9660      0.0000  0.0000  core4_1_DW_mult_tc_J21_3_19
core16_1/core4_2/mult_x_5            831.4740      0.1     831.4740      0.0000  0.0000  core4_1_DW_mult_tc_J21_2_19
core16_1/core4_2/mult_x_6            858.5640      0.1     858.5640      0.0000  0.0000  core4_1_DW_mult_tc_J21_1_19
core16_1/core4_2/mult_x_7            730.5480      0.1     730.5480      0.0000  0.0000  core4_1_DW_mult_tc_J21_0_19
core16_1/core4_3                    9625.7699      1.6       0.7560    461.4120  0.0000  core4_38
core16_1/core4_3/evalA               780.5700      0.1      25.2000      0.0000  0.0000  Eval_32_38
core16_1/core4_3/evalA/DP_OP_53J26_123_8507    196.9380     0.0    196.9380     0.0000 0.0000 Eval_32_1_DP_OP_53J26_123_8507_J26_0_27
core16_1/core4_3/evalA/DP_OP_54J26_124_3738    285.8940     0.0    285.8940     0.0000 0.0000 Eval_32_1_DP_OP_54J26_124_3738_J26_0_27
core16_1/core4_3/evalA/DP_OP_55J26_125_1305    272.5380     0.0    272.5380     0.0000 0.0000 Eval_32_1_DP_OP_55J26_125_1305_J26_0_27
core16_1/core4_3/evalB               535.3740      0.1      18.3960      0.0000  0.0000  Eval_33_38
core16_1/core4_3/evalB/DP_OP_53J24_122_4171    133.3080     0.0    133.3080     0.0000 0.0000 Eval_33_1_DP_OP_53J24_122_4171_J24_0_24
core16_1/core4_3/evalB/DP_OP_54J24_123_6227    198.5760     0.0    198.5760     0.0000 0.0000 Eval_33_1_DP_OP_54J24_123_6227_J24_0_24
core16_1/core4_3/evalB/DP_OP_55J24_124_3794    185.0940     0.0    185.0940     0.0000 0.0000 Eval_33_1_DP_OP_55J24_124_3794_J24_0_24
core16_1/core4_3/interp             2150.4420      0.4       0.7560    243.9360  0.0000  Interpolation_39
core16_1/core4_3/interp/interp      1905.7500      0.3       0.2520      0.0000  0.0000  InterpolationComb_39
core16_1/core4_3/interp/interp/DP_OP_106J25_122_5351   1905.4980     0.3   1905.4980     0.0000 0.0000 InterpolationComb_1_DP_OP_106J25_122_5351_J25_0_22
core16_1/core4_3/mult_x_1            715.4280      0.1     715.4280      0.0000  0.0000  core4_1_DW_mult_tc_J21_6_18
core16_1/core4_3/mult_x_2            827.0640      0.1     827.0640      0.0000  0.0000  core4_1_DW_mult_tc_J21_5_18
core16_1/core4_3/mult_x_3            858.5640      0.1     858.5640      0.0000  0.0000  core4_1_DW_mult_tc_J21_4_18
core16_1/core4_3/mult_x_4            860.2020      0.1     860.2020      0.0000  0.0000  core4_1_DW_mult_tc_J21_3_18
core16_1/core4_3/mult_x_5            861.9660      0.1     861.9660      0.0000  0.0000  core4_1_DW_mult_tc_J21_2_18
core16_1/core4_3/mult_x_6            858.5640      0.1     858.5640      0.0000  0.0000  core4_1_DW_mult_tc_J21_1_18
core16_1/core4_3/mult_x_7            715.4280      0.1     715.4280      0.0000  0.0000  core4_1_DW_mult_tc_J21_0_18
core16_1/core4_4                    9767.0159      1.6       1.0080    461.5380  0.0000  core4_37
core16_1/core4_4/evalA               780.8220      0.1      25.4520      0.0000  0.0000  Eval_32_37
core16_1/core4_4/evalA/DP_OP_53J26_123_8507    196.9380     0.0    196.9380     0.0000 0.0000 Eval_32_1_DP_OP_53J26_123_8507_J26_0_26
core16_1/core4_4/evalA/DP_OP_54J26_124_3738    285.8940     0.0    285.8940     0.0000 0.0000 Eval_32_1_DP_OP_54J26_124_3738_J26_0_26
core16_1/core4_4/evalA/DP_OP_55J26_125_1305    272.5380     0.0    272.5380     0.0000 0.0000 Eval_32_1_DP_OP_55J26_125_1305_J26_0_26
core16_1/core4_4/evalB               509.7960      0.1      16.6320      0.0000  0.0000  Eval_33_37
core16_1/core4_4/evalB/DP_OP_54J22_122_2737    128.0160     0.0    128.0160     0.0000 0.0000 Eval_33_19_DP_OP_54J22_122_2737_J22_0_1
core16_1/core4_4/evalB/DP_OP_55J22_123_5219    180.4320     0.0    180.4320     0.0000 0.0000 Eval_33_19_DP_OP_55J22_123_5219_J22_0_1
core16_1/core4_4/evalB/DP_OP_56J22_124_977    184.7160     0.0    184.7160     0.0000 0.0000 Eval_33_19_DP_OP_56J22_124_977_J22_0_1
core16_1/core4_4/interp             2150.4420      0.4       0.7560    243.9360  0.0000  Interpolation_38
core16_1/core4_4/interp/interp      1905.7500      0.3       0.2520      0.0000  0.0000  InterpolationComb_38
core16_1/core4_4/interp/interp/DP_OP_106J25_122_5351   1905.4980     0.3   1905.4980     0.0000 0.0000 InterpolationComb_1_DP_OP_106J25_122_5351_J25_0_21
core16_1/core4_4/mult_x_1            815.3460      0.1     815.3460      0.0000  0.0000  core4_37_DW_mult_uns_J23_1
core16_1/core4_4/mult_x_2            822.5280      0.1     822.5280      0.0000  0.0000  core4_37_DW_mult_tc_J23_4
core16_1/core4_4/mult_x_3            831.4740      0.1     831.4740      0.0000  0.0000  core4_37_DW_mult_tc_J23_3
core16_1/core4_4/mult_x_4            859.8240      0.1     859.8240      0.0000  0.0000  core4_37_DW_mult_tc_J23_2
core16_1/core4_4/mult_x_5            858.6900      0.1     858.6900      0.0000  0.0000  core4_37_DW_mult_tc_J23_1
core16_1/core4_4/mult_x_6            860.2020      0.1     860.2020      0.0000  0.0000  core4_37_DW_mult_tc_J23_0
core16_1/core4_4/mult_x_7            815.3460      0.1     815.3460      0.0000  0.0000  core4_37_DW_mult_uns_J23_0
core16_1/core4_5                    9752.5259      1.6       0.7560    461.6640  0.0000  core4_36
core16_1/core4_5/evalA               780.8220      0.1      25.4520      0.0000  0.0000  Eval_32_36
core16_1/core4_5/evalA/DP_OP_53J26_123_8507    196.9380     0.0    196.9380     0.0000 0.0000 Eval_32_1_DP_OP_53J26_123_8507_J26_0_25
core16_1/core4_5/evalA/DP_OP_54J26_124_3738    285.8940     0.0    285.8940     0.0000 0.0000 Eval_32_1_DP_OP_54J26_124_3738_J26_0_25
core16_1/core4_5/evalA/DP_OP_55J26_125_1305    272.5380     0.0    272.5380     0.0000 0.0000 Eval_32_1_DP_OP_55J26_125_1305_J26_0_25
core16_1/core4_5/evalB               536.6340      0.1      18.6480      0.0000  0.0000  Eval_33_36
core16_1/core4_5/evalB/DP_OP_53J24_122_4171    133.9380     0.0    133.9380     0.0000 0.0000 Eval_33_1_DP_OP_53J24_122_4171_J24_0_23
core16_1/core4_5/evalB/DP_OP_54J24_123_6227    198.8280     0.0    198.8280     0.0000 0.0000 Eval_33_1_DP_OP_54J24_123_6227_J24_0_23
core16_1/core4_5/evalB/DP_OP_55J24_124_3794    185.2200     0.0    185.2200     0.0000 0.0000 Eval_33_1_DP_OP_55J24_124_3794_J24_0_23
core16_1/core4_5/interp             2150.4420      0.4       0.7560    243.9360  0.0000  Interpolation_37
core16_1/core4_5/interp/interp      1905.7500      0.3       0.2520      0.0000  0.0000  InterpolationComb_37
core16_1/core4_5/interp/interp/DP_OP_106J25_122_5351   1905.4980     0.3   1905.4980     0.0000 0.0000 InterpolationComb_1_DP_OP_106J25_122_5351_J25_0_20
core16_1/core4_5/mult_x_1            779.6880      0.1     779.6880      0.0000  0.0000  core4_1_DW_mult_tc_J21_6_17
core16_1/core4_5/mult_x_2            824.2920      0.1     824.2920      0.0000  0.0000  core4_1_DW_mult_tc_J21_5_17
core16_1/core4_5/mult_x_3            862.4700      0.1     862.4700      0.0000  0.0000  core4_1_DW_mult_tc_J21_4_17
core16_1/core4_5/mult_x_4            858.5640      0.1     858.5640      0.0000  0.0000  core4_1_DW_mult_tc_J21_3_17
core16_1/core4_5/mult_x_5            858.5640      0.1     858.5640      0.0000  0.0000  core4_1_DW_mult_tc_J21_2_17
core16_1/core4_5/mult_x_6            858.9420      0.1     858.9420      0.0000  0.0000  core4_1_DW_mult_tc_J21_1_17
core16_1/core4_5/mult_x_7            779.6880      0.1     779.6880      0.0000  0.0000  core4_1_DW_mult_tc_J21_0_17
core16_1/core4_6                    8852.1299      1.5       1.0080    461.6640  0.0000  core4_35
core16_1/core4_6/evalA               734.0760      0.1      22.4280      0.0000  0.0000  Eval_32_35
core16_1/core4_6/evalA/DP_OP_54J25_126_5391    189.8820     0.0    189.8820     0.0000 0.0000 Eval_32_5_DP_OP_54J25_126_5391_J25_0_1
core16_1/core4_6/evalA/DP_OP_55J25_127_1056    261.3240     0.0    261.3240     0.0000 0.0000 Eval_32_5_DP_OP_55J25_127_1056_J25_0_1
core16_1/core4_6/evalA/DP_OP_56J25_128_3738    260.4420     0.0    260.4420     0.0000 0.0000 Eval_32_5_DP_OP_56J25_128_3738_J25_0_1
core16_1/core4_6/evalB               396.7740      0.1      12.6000      0.0000  0.0000  Eval_33_35
core16_1/core4_6/evalB/DP_OP_54J25_129_9656    105.9660     0.0    105.9660     0.0000 0.0000 Eval_33_5_DP_OP_54J25_129_9656_J25_0_1
core16_1/core4_6/evalB/DP_OP_55J25_130_3545    139.3560     0.0    139.3560     0.0000 0.0000 Eval_33_5_DP_OP_55J25_130_3545_J25_0_1
core16_1/core4_6/evalB/DP_OP_56J25_131_863    138.8520     0.0    138.8520     0.0000 0.0000 Eval_33_5_DP_OP_56J25_131_863_J25_0_1
core16_1/core4_6/interp             2057.9580      0.3       0.7560    235.8720  0.0000  Interpolation_36
core16_1/core4_6/interp/interp      1821.3300      0.3       0.2520      0.0000  0.0000  InterpolationComb_36
core16_1/core4_6/interp/interp/DP_OP_106J26_122_4702   1821.0780     0.3   1821.0780     0.0000 0.0000 InterpolationComb_0_DP_OP_106J26_122_4702_J26_0_15
core16_1/core4_6/mult_x_1            630.0000      0.1     630.0000      0.0000  0.0000  core4_35_DW_mult_uns_J32_3_0
core16_1/core4_6/mult_x_2            776.9160      0.1     776.9160      0.0000  0.0000  core4_35_DW_mult_uns_J32_2_0
core16_1/core4_6/mult_x_3            758.1420      0.1     758.1420      0.0000  0.0000  core4_35_DW_mult_tc_J32_2_0
core16_1/core4_6/mult_x_4            742.7700      0.1     742.7700      0.0000  0.0000  core4_35_DW_mult_tc_J32_1_0
core16_1/core4_6/mult_x_5            851.2560      0.1     851.2560      0.0000  0.0000  core4_35_DW_mult_uns_J32_1_0
core16_1/core4_6/mult_x_6            811.5660      0.1     811.5660      0.0000  0.0000  core4_35_DW_mult_tc_J32_0_0
core16_1/core4_6/mult_x_7            630.0000      0.1     630.0000      0.0000  0.0000  core4_35_DW_mult_uns_J32_0_0
core16_1/evalA                       734.0760      0.1      22.4280      0.0000  0.0000  Eval_32_72
core16_1/evalA/DP_OP_54J26_126_7038    189.8820     0.0    189.8820      0.0000  0.0000  Eval_32_69_DP_OP_54J26_126_7038_J26_0_3
core16_1/evalA/DP_OP_55J26_127_8376    261.3240     0.0    261.3240      0.0000  0.0000  Eval_32_69_DP_OP_55J26_127_8376_J26_0_3
core16_1/evalA/DP_OP_56J26_128_6512    260.4420     0.0    260.4420      0.0000  0.0000  Eval_32_69_DP_OP_56J26_128_6512_J26_0_3
core16_1/evalA_1                     733.9500      0.1      22.3020      0.0000  0.0000  Eval_32_71
core16_1/evalA_1/DP_OP_54J26_126_7038    189.8820     0.0    189.8820     0.0000 0.0000  Eval_32_69_DP_OP_54J26_126_7038_J26_0_2
core16_1/evalA_1/DP_OP_55J26_127_8376    261.3240     0.0    261.3240     0.0000 0.0000  Eval_32_69_DP_OP_55J26_127_8376_J26_0_2
core16_1/evalA_1/DP_OP_56J26_128_6512    260.4420     0.0    260.4420     0.0000 0.0000  Eval_32_69_DP_OP_56J26_128_6512_J26_0_2
core16_1/evalA_2                     733.9500      0.1      22.3020      0.0000  0.0000  Eval_32_70
core16_1/evalA_2/DP_OP_54J26_126_7038    189.8820     0.0    189.8820     0.0000 0.0000  Eval_32_69_DP_OP_54J26_126_7038_J26_0_1
core16_1/evalA_2/DP_OP_55J26_127_8376    261.3240     0.0    261.3240     0.0000 0.0000  Eval_32_69_DP_OP_55J26_127_8376_J26_0_1
core16_1/evalA_2/DP_OP_56J26_128_6512    260.4420     0.0    260.4420     0.0000 0.0000  Eval_32_69_DP_OP_56J26_128_6512_J26_0_1
core16_1/evalA_3                     734.2020      0.1      22.5540      0.0000  0.0000  Eval_32_69
core16_1/evalA_3/DP_OP_54J26_126_7038    189.8820     0.0    189.8820     0.0000 0.0000  Eval_32_69_DP_OP_54J26_126_7038_J26_0_0
core16_1/evalA_3/DP_OP_55J26_127_8376    261.3240     0.0    261.3240     0.0000 0.0000  Eval_32_69_DP_OP_55J26_127_8376_J26_0_0
core16_1/evalA_3/DP_OP_56J26_128_6512    260.4420     0.0    260.4420     0.0000 0.0000  Eval_32_69_DP_OP_56J26_128_6512_J26_0_0
core16_1/evalB                       398.2860      0.1      12.8520      0.0000  0.0000  Eval_33_72
core16_1/evalB/DP_OP_54J26_129_879    105.7140     0.0     105.7140      0.0000  0.0000  Eval_33_69_DP_OP_54J26_129_879_J26_0_3
core16_1/evalB/DP_OP_55J26_130_8874    139.9860     0.0    139.9860      0.0000  0.0000  Eval_33_69_DP_OP_55J26_130_8874_J26_0_3
core16_1/evalB/DP_OP_56J26_131_5139    139.7340     0.0    139.7340      0.0000  0.0000  Eval_33_69_DP_OP_56J26_131_5139_J26_0_3
core16_1/evalB_1                     396.5220      0.1      11.7180      0.0000  0.0000  Eval_33_71
core16_1/evalB_1/DP_OP_54J26_129_879    105.9660     0.0    105.9660     0.0000  0.0000  Eval_33_69_DP_OP_54J26_129_879_J26_0_2
core16_1/evalB_1/DP_OP_55J26_130_8874    139.3560     0.0    139.3560     0.0000 0.0000  Eval_33_69_DP_OP_55J26_130_8874_J26_0_2
core16_1/evalB_1/DP_OP_56J26_131_5139    139.4820     0.0    139.4820     0.0000 0.0000  Eval_33_69_DP_OP_56J26_131_5139_J26_0_2
core16_1/evalB_2                     399.0420      0.1      11.7180      0.0000  0.0000  Eval_33_70
core16_1/evalB_2/DP_OP_54J26_129_879    106.3440     0.0    106.3440     0.0000  0.0000  Eval_33_69_DP_OP_54J26_129_879_J26_0_1
core16_1/evalB_2/DP_OP_55J26_130_8874    141.2460     0.0    141.2460     0.0000 0.0000  Eval_33_69_DP_OP_55J26_130_8874_J26_0_1
core16_1/evalB_2/DP_OP_56J26_131_5139    139.7340     0.0    139.7340     0.0000 0.0000  Eval_33_69_DP_OP_56J26_131_5139_J26_0_1
core16_1/evalB_3                     398.1600      0.1      12.9780      0.0000  0.0000  Eval_33_69
core16_1/evalB_3/DP_OP_54J26_129_879    105.7140     0.0    105.7140     0.0000  0.0000  Eval_33_69_DP_OP_54J26_129_879_J26_0_0
core16_1/evalB_3/DP_OP_55J26_130_8874    139.3560     0.0    139.3560     0.0000 0.0000  Eval_33_69_DP_OP_55J26_130_8874_J26_0_0
core16_1/evalB_3/DP_OP_56J26_131_5139    140.1120     0.0    140.1120     0.0000 0.0000  Eval_33_69_DP_OP_56J26_131_5139_J26_0_0
core16_1/interp                     7638.6239      1.3       0.7560    840.6720  0.0000  Interpolation_7_5
core16_1/interp/interp              6797.1959      1.1       0.2520      0.0000  0.0000  InterpolationComb_7_5
core16_1/interp/interp/DP_OP_421J12_122_2675   6796.9439     1.1   6796.9439     0.0000 0.0000 InterpolationComb_7_0_DP_OP_421J12_122_2675_J12_0_1
core16_2                           75745.9070     12.8       2.0160   1671.2640  0.0000  core16_4
core16_2/core4_0                    7978.4459      1.3       1.0080    461.6640  0.0000  core4_34
core16_2/core4_0/evalA               666.0360      0.1      20.0340      0.0000  0.0000  Eval_32_34
core16_2/core4_0/evalA/DP_OP_54J18_122_624    173.1240     0.0    173.1240     0.0000 0.0000 Eval_32_28_DP_OP_54J18_122_624_J18_0_1
core16_2/core4_0/evalA/DP_OP_55J18_123_8269    233.4780     0.0    233.4780     0.0000 0.0000 Eval_32_28_DP_OP_55J18_123_8269_J18_0_1
core16_2/core4_0/evalA/DP_OP_56J18_124_614    239.4000     0.0    239.4000     0.0000 0.0000 Eval_32_28_DP_OP_56J18_124_614_J18_0_1
core16_2/core4_0/evalB               322.4340      0.1      10.3320      0.0000  0.0000  Eval_33_34
core16_2/core4_0/evalB/DP_OP_54J22_125_6198     83.1600     0.0     83.1600     0.0000 0.0000 Eval_33_28_DP_OP_54J22_125_6198_J22_0_1
core16_2/core4_0/evalB/DP_OP_55J22_126_3056    111.5100     0.0    111.5100     0.0000 0.0000 Eval_33_28_DP_OP_55J22_126_3056_J22_0_1
core16_2/core4_0/evalB/DP_OP_56J22_127_7490    117.4320     0.0    117.4320     0.0000 0.0000 Eval_33_28_DP_OP_56J22_127_7490_J22_0_1
core16_2/core4_0/interp             2057.9580      0.3       0.7560    235.8720  0.0000  Interpolation_35
core16_2/core4_0/interp/interp      1821.3300      0.3       0.2520      0.0000  0.0000  InterpolationComb_35
core16_2/core4_0/interp/interp/DP_OP_106J26_122_4702   1821.0780     0.3   1821.0780     0.0000 0.0000 InterpolationComb_0_DP_OP_106J26_122_4702_J26_0_14
core16_2/core4_0/mult_x_1            539.6580      0.1     539.6580      0.0000  0.0000  core4_28_DW_mult_uns_J15_3_1
core16_2/core4_0/mult_x_2            724.8780      0.1     724.8780      0.0000  0.0000  core4_28_DW_mult_uns_J15_2_1
core16_2/core4_0/mult_x_3            595.0980      0.1     595.0980      0.0000  0.0000  core4_28_DW_mult_tc_J15_2_1
core16_2/core4_0/mult_x_4            637.4340      0.1     637.4340      0.0000  0.0000  core4_28_DW_mult_tc_J15_1_1
core16_2/core4_0/mult_x_5            701.5680      0.1     701.5680      0.0000  0.0000  core4_28_DW_mult_uns_J15_1_1
core16_2/core4_0/mult_x_6            731.0520      0.1     731.0520      0.0000  0.0000  core4_28_DW_mult_tc_J15_0_1
core16_2/core4_0/mult_x_7            539.6580      0.1     539.6580      0.0000  0.0000  core4_28_DW_mult_uns_J15_0_1
core16_2/core4_1                    9254.3219      1.6       1.0080    461.6640  0.0000  core4_33
core16_2/core4_1/evalA               765.1980      0.1      23.9400      0.0000  0.0000  Eval_32_33
core16_2/core4_1/evalA/DP_OP_55J25_123_7806    195.6780     0.0    195.6780     0.0000 0.0000 Eval_32_33_DP_OP_55J25_123_7806_J25_0
core16_2/core4_1/evalA/DP_OP_56J25_124_3700    276.3180     0.0    276.3180     0.0000 0.0000 Eval_32_33_DP_OP_56J25_124_3700_J25_0
core16_2/core4_1/evalA/DP_OP_57J25_125_9859    269.2620     0.0    269.2620     0.0000 0.0000 Eval_32_33_DP_OP_57J25_125_9859_J25_0
core16_2/core4_1/evalB               447.6780      0.1      14.1120      0.0000  0.0000  Eval_33_33
core16_2/core4_1/evalB/DP_OP_54J21_122_3877    118.0620     0.0    118.0620     0.0000 0.0000 Eval_33_33_DP_OP_54J21_122_3877_J21_0
core16_2/core4_1/evalB/DP_OP_55J21_123_3476    157.5000     0.0    157.5000     0.0000 0.0000 Eval_33_33_DP_OP_55J21_123_3476_J21_0
core16_2/core4_1/evalB/DP_OP_56J21_124_4221    158.0040     0.0    158.0040     0.0000 0.0000 Eval_33_33_DP_OP_56J21_124_4221_J21_0
core16_2/core4_1/interp             2056.5720      0.3       0.7560    235.8720  0.0000  Interpolation_34
core16_2/core4_1/interp/interp      1819.9440      0.3       0.2520      0.0000  0.0000  InterpolationComb_34
core16_2/core4_1/interp/interp/DP_OP_106J26_122_4702   1819.6920     0.3   1819.6920     0.0000 0.0000 InterpolationComb_0_DP_OP_106J26_122_4702_J26_0_13
core16_2/core4_1/mult_x_1            724.8780      0.1     724.8780      0.0000  0.0000  core4_33_DW_mult_uns_J29_1
core16_2/core4_1/mult_x_2            797.7060      0.1     797.7060      0.0000  0.0000  core4_33_DW_mult_tc_J29_4
core16_2/core4_1/mult_x_3            780.5700      0.1     780.5700      0.0000  0.0000  core4_33_DW_mult_tc_J29_3
core16_2/core4_1/mult_x_4            802.2420      0.1     802.2420      0.0000  0.0000  core4_33_DW_mult_tc_J29_2
core16_2/core4_1/mult_x_5            831.4740      0.1     831.4740      0.0000  0.0000  core4_33_DW_mult_tc_J29_1
core16_2/core4_1/mult_x_6            860.4540      0.1     860.4540      0.0000  0.0000  core4_33_DW_mult_tc_J29_0
core16_2/core4_1/mult_x_7            724.8780      0.1     724.8780      0.0000  0.0000  core4_33_DW_mult_uns_J29_0
core16_2/core4_2                    8520.1199      1.4       1.0080    461.4120  0.0000  core4_32
core16_2/core4_2/evalA               708.6240      0.1      21.6720      0.0000  0.0000  Eval_32_32
core16_2/core4_2/evalA/DP_OP_53J26_123_8507    182.1960     0.0    182.1960     0.0000 0.0000 Eval_32_1_DP_OP_53J26_123_8507_J26_0_24
core16_2/core4_2/evalA/DP_OP_54J26_124_3738    249.9840     0.0    249.9840     0.0000 0.0000 Eval_32_1_DP_OP_54J26_124_3738_J26_0_24
core16_2/core4_2/evalA/DP_OP_55J26_125_1305    254.7720     0.0    254.7720     0.0000 0.0000 Eval_32_1_DP_OP_55J26_125_1305_J26_0_24
core16_2/core4_2/evalB               363.7620      0.1      11.3400      0.0000  0.0000  Eval_33_32
core16_2/core4_2/evalB/DP_OP_53J24_122_4171     92.2320     0.0     92.2320     0.0000 0.0000 Eval_33_1_DP_OP_53J24_122_4171_J24_0_22
core16_2/core4_2/evalB/DP_OP_54J24_123_6227    127.5120     0.0    127.5120     0.0000 0.0000 Eval_33_1_DP_OP_54J24_123_6227_J24_0_22
core16_2/core4_2/evalB/DP_OP_55J24_124_3794    132.6780     0.0    132.6780     0.0000 0.0000 Eval_33_1_DP_OP_55J24_124_3794_J24_0_22
core16_2/core4_2/interp             2150.4420      0.4       0.7560    243.9360  0.0000  Interpolation_33
core16_2/core4_2/interp/interp      1905.7500      0.3       0.2520      0.0000  0.0000  InterpolationComb_33
core16_2/core4_2/interp/interp/DP_OP_106J25_122_5351   1905.4980     0.3   1905.4980     0.0000 0.0000 InterpolationComb_1_DP_OP_106J25_122_5351_J25_0_19
core16_2/core4_2/mult_x_1            578.8440      0.1     578.8440      0.0000  0.0000  core4_1_DW_mult_tc_J21_6_16
core16_2/core4_2/mult_x_2            730.5480      0.1     730.5480      0.0000  0.0000  core4_1_DW_mult_tc_J21_5_16
core16_2/core4_2/mult_x_3            676.8720      0.1     676.8720      0.0000  0.0000  core4_1_DW_mult_tc_J21_4_16
core16_2/core4_2/mult_x_4            717.5700      0.1     717.5700      0.0000  0.0000  core4_1_DW_mult_tc_J21_3_16
core16_2/core4_2/mult_x_5            758.1420      0.1     758.1420      0.0000  0.0000  core4_1_DW_mult_tc_J21_2_16
core16_2/core4_2/mult_x_6            794.0520      0.1     794.0520      0.0000  0.0000  core4_1_DW_mult_tc_J21_1_16
core16_2/core4_2/mult_x_7            578.8440      0.1     578.8440      0.0000  0.0000  core4_1_DW_mult_tc_J21_0_16
core16_2/core4_3                    9432.7379      1.6       0.7560    461.5380  0.0000  core4_31
core16_2/core4_3/evalA               780.5700      0.1      25.2000      0.0000  0.0000  Eval_32_31
core16_2/core4_3/evalA/DP_OP_53J26_123_8507    196.9380     0.0    196.9380     0.0000 0.0000 Eval_32_1_DP_OP_53J26_123_8507_J26_0_23
core16_2/core4_3/evalA/DP_OP_54J26_124_3738    285.8940     0.0    285.8940     0.0000 0.0000 Eval_32_1_DP_OP_54J26_124_3738_J26_0_23
core16_2/core4_3/evalA/DP_OP_55J26_125_1305    272.5380     0.0    272.5380     0.0000 0.0000 Eval_32_1_DP_OP_55J26_125_1305_J26_0_23
core16_2/core4_3/evalB               536.7600      0.1      18.0180      0.0000  0.0000  Eval_33_31
core16_2/core4_3/evalB/DP_OP_53J24_122_4171    135.4500     0.0    135.4500     0.0000 0.0000 Eval_33_1_DP_OP_53J24_122_4171_J24_0_21
core16_2/core4_3/evalB/DP_OP_54J24_123_6227    198.7020     0.0    198.7020     0.0000 0.0000 Eval_33_1_DP_OP_54J24_123_6227_J24_0_21
core16_2/core4_3/evalB/DP_OP_55J24_124_3794    184.5900     0.0    184.5900     0.0000 0.0000 Eval_33_1_DP_OP_55J24_124_3794_J24_0_21
core16_2/core4_3/interp             2150.4420      0.4       0.7560    243.9360  0.0000  Interpolation_32
core16_2/core4_3/interp/interp      1905.7500      0.3       0.2520      0.0000  0.0000  InterpolationComb_32
core16_2/core4_3/interp/interp/DP_OP_106J25_122_5351   1905.4980     0.3   1905.4980     0.0000 0.0000 InterpolationComb_1_DP_OP_106J25_122_5351_J25_0_18
core16_2/core4_3/mult_x_1            617.0220      0.1     617.0220      0.0000  0.0000  core4_1_DW_mult_tc_J21_6_15
core16_2/core4_3/mult_x_2            825.9300      0.1     825.9300      0.0000  0.0000  core4_1_DW_mult_tc_J21_5_15
core16_2/core4_3/mult_x_3            862.7220      0.1     862.7220      0.0000  0.0000  core4_1_DW_mult_tc_J21_4_15
core16_2/core4_3/mult_x_4            858.5640      0.1     858.5640      0.0000  0.0000  core4_1_DW_mult_tc_J21_3_15
core16_2/core4_3/mult_x_5            862.8480      0.1     862.8480      0.0000  0.0000  core4_1_DW_mult_tc_J21_2_15
core16_2/core4_3/mult_x_6            858.5640      0.1     858.5640      0.0000  0.0000  core4_1_DW_mult_tc_J21_1_15
core16_2/core4_3/mult_x_7            617.0220      0.1     617.0220      0.0000  0.0000  core4_1_DW_mult_tc_J21_0_15
core16_2/core4_4                    9263.3939      1.6       1.0080    461.5380  0.0000  core4_30
core16_2/core4_4/evalA               764.5680      0.1      23.8140      0.0000  0.0000  Eval_32_30
core16_2/core4_4/evalA/DP_OP_54J28_122_594    194.6700     0.0    194.6700     0.0000 0.0000 Eval_32_30_DP_OP_54J28_122_594_J28_0
core16_2/core4_4/evalA/DP_OP_55J28_123_9137    275.6880     0.0    275.6880     0.0000 0.0000 Eval_32_30_DP_OP_55J28_123_9137_J28_0
core16_2/core4_4/evalA/DP_OP_56J28_124_1306    270.3960     0.0    270.3960     0.0000 0.0000 Eval_32_30_DP_OP_56J28_124_1306_J28_0
core16_2/core4_4/evalB               447.3000      0.1      14.1120      0.0000  0.0000  Eval_33_30
core16_2/core4_4/evalB/DP_OP_54J28_125_5291    117.8100     0.0    117.8100     0.0000 0.0000 Eval_33_30_DP_OP_54J28_125_5291_J28_0
core16_2/core4_4/evalB/DP_OP_55J28_126_8913    155.2320     0.0    155.2320     0.0000 0.0000 Eval_33_30_DP_OP_55J28_126_8913_J28_0
core16_2/core4_4/evalB/DP_OP_56J28_127_9781    160.1460     0.0    160.1460     0.0000 0.0000 Eval_33_30_DP_OP_56J28_127_9781_J28_0
core16_2/core4_4/interp             2150.4420      0.4       0.7560    243.9360  0.0000  Interpolation_31
core16_2/core4_4/interp/interp      1905.7500      0.3       0.2520      0.0000  0.0000  InterpolationComb_31
core16_2/core4_4/interp/interp/DP_OP_106J25_122_5351   1905.4980     0.3   1905.4980     0.0000 0.0000 InterpolationComb_1_DP_OP_106J25_122_5351_J25_0_17
core16_2/core4_4/mult_x_1            678.5100      0.1     678.5100      0.0000  0.0000  core4_30_DW_mult_uns_J30_2
core16_2/core4_4/mult_x_2            829.2060      0.1     829.2060      0.0000  0.0000  core4_30_DW_mult_tc_J30_3
core16_2/core4_4/mult_x_3            772.3800      0.1     772.3800      0.0000  0.0000  core4_30_DW_mult_tc_J30_2
core16_2/core4_4/mult_x_4            794.8080      0.1     794.8080      0.0000  0.0000  core4_30_DW_mult_tc_J30_1
core16_2/core4_4/mult_x_5            829.9620      0.1     829.9620      0.0000  0.0000  core4_30_DW_mult_uns_J30_1
core16_2/core4_4/mult_x_6            855.1620      0.1     855.1620      0.0000  0.0000  core4_30_DW_mult_tc_J30_0
core16_2/core4_4/mult_x_7            678.5100      0.1     678.5100      0.0000  0.0000  core4_30_DW_mult_uns_J30_0
core16_2/core4_5                    9591.8759      1.6       0.7560    461.6640  0.0000  core4_29
core16_2/core4_5/evalA               780.8220      0.1      25.3260      0.0000  0.0000  Eval_32_29
core16_2/core4_5/evalA/DP_OP_53J26_123_8507    196.9380     0.0    196.9380     0.0000 0.0000 Eval_32_1_DP_OP_53J26_123_8507_J26_0_22
core16_2/core4_5/evalA/DP_OP_54J26_124_3738    285.8940     0.0    285.8940     0.0000 0.0000 Eval_32_1_DP_OP_54J26_124_3738_J26_0_22
core16_2/core4_5/evalA/DP_OP_55J26_125_1305    272.6640     0.0    272.6640     0.0000 0.0000 Eval_32_1_DP_OP_55J26_125_1305_J26_0_22
core16_2/core4_5/evalB               537.1380      0.1      18.6480      0.0000  0.0000  Eval_33_29
core16_2/core4_5/evalB/DP_OP_53J24_122_4171    136.3320     0.0    136.3320     0.0000 0.0000 Eval_33_1_DP_OP_53J24_122_4171_J24_0_20
core16_2/core4_5/evalB/DP_OP_54J24_123_6227    197.6940     0.0    197.6940     0.0000 0.0000 Eval_33_1_DP_OP_54J24_123_6227_J24_0_20
core16_2/core4_5/evalB/DP_OP_55J24_124_3794    184.4640     0.0    184.4640     0.0000 0.0000 Eval_33_1_DP_OP_55J24_124_3794_J24_0_20
core16_2/core4_5/interp             2150.4420      0.4       0.7560    243.9360  0.0000  Interpolation_30
core16_2/core4_5/interp/interp      1905.7500      0.3       0.2520      0.0000  0.0000  InterpolationComb_30
core16_2/core4_5/interp/interp/DP_OP_106J25_122_5351   1905.4980     0.3   1905.4980     0.0000 0.0000 InterpolationComb_1_DP_OP_106J25_122_5351_J25_0_16
core16_2/core4_5/mult_x_1            700.1820      0.1     700.1820      0.0000  0.0000  core4_1_DW_mult_tc_J21_6_14
core16_2/core4_5/mult_x_2            823.7880      0.1     823.7880      0.0000  0.0000  core4_1_DW_mult_tc_J21_5_14
core16_2/core4_5/mult_x_3            861.2100      0.1     861.2100      0.0000  0.0000  core4_1_DW_mult_tc_J21_4_14
core16_2/core4_5/mult_x_4            858.5640      0.1     858.5640      0.0000  0.0000  core4_1_DW_mult_tc_J21_3_14
core16_2/core4_5/mult_x_5            858.5640      0.1     858.5640      0.0000  0.0000  core4_1_DW_mult_tc_J21_2_14
core16_2/core4_5/mult_x_6            858.5640      0.1     858.5640      0.0000  0.0000  core4_1_DW_mult_tc_J21_1_14
core16_2/core4_5/mult_x_7            700.1820      0.1     700.1820      0.0000  0.0000  core4_1_DW_mult_tc_J21_0_14
core16_2/core4_6                    7982.7299      1.3       1.0080    461.6640  0.0000  core4_28
core16_2/core4_6/evalA               666.1620      0.1      20.1600      0.0000  0.0000  Eval_32_28
core16_2/core4_6/evalA/DP_OP_54J18_122_624    173.1240     0.0    173.1240     0.0000 0.0000 Eval_32_28_DP_OP_54J18_122_624_J18_0_0
core16_2/core4_6/evalA/DP_OP_55J18_123_8269    233.4780     0.0    233.4780     0.0000 0.0000 Eval_32_28_DP_OP_55J18_123_8269_J18_0_0
core16_2/core4_6/evalA/DP_OP_56J18_124_614    239.4000     0.0    239.4000     0.0000 0.0000 Eval_32_28_DP_OP_56J18_124_614_J18_0_0
core16_2/core4_6/evalB               323.0640      0.1      10.3320      0.0000  0.0000  Eval_33_28
core16_2/core4_6/evalB/DP_OP_54J22_125_6198     83.1600     0.0     83.1600     0.0000 0.0000 Eval_33_28_DP_OP_54J22_125_6198_J22_0_0
core16_2/core4_6/evalB/DP_OP_55J22_126_3056    111.5100     0.0    111.5100     0.0000 0.0000 Eval_33_28_DP_OP_55J22_126_3056_J22_0_0
core16_2/core4_6/evalB/DP_OP_56J22_127_7490    118.0620     0.0    118.0620     0.0000 0.0000 Eval_33_28_DP_OP_56J22_127_7490_J22_0_0
core16_2/core4_6/interp             2057.9580      0.3       0.7560    235.8720  0.0000  Interpolation_29
core16_2/core4_6/interp/interp      1821.3300      0.3       0.2520      0.0000  0.0000  InterpolationComb_29
core16_2/core4_6/interp/interp/DP_OP_106J26_122_4702   1821.0780     0.3   1821.0780     0.0000 0.0000 InterpolationComb_0_DP_OP_106J26_122_4702_J26_0_12
core16_2/core4_6/mult_x_1            539.6580      0.1     539.6580      0.0000  0.0000  core4_28_DW_mult_uns_J15_3_0
core16_2/core4_6/mult_x_2            724.8780      0.1     724.8780      0.0000  0.0000  core4_28_DW_mult_uns_J15_2_0
core16_2/core4_6/mult_x_3            595.0980      0.1     595.0980      0.0000  0.0000  core4_28_DW_mult_tc_J15_2_0
core16_2/core4_6/mult_x_4            641.7180      0.1     641.7180      0.0000  0.0000  core4_28_DW_mult_tc_J15_1_0
core16_2/core4_6/mult_x_5            701.5680      0.1     701.5680      0.0000  0.0000  core4_28_DW_mult_uns_J15_1_0
core16_2/core4_6/mult_x_6            730.2960      0.1     730.2960      0.0000  0.0000  core4_28_DW_mult_tc_J15_0_0
core16_2/core4_6/mult_x_7            539.6580      0.1     539.6580      0.0000  0.0000  core4_28_DW_mult_uns_J15_0_0
core16_2/evalA                       666.1620      0.1      20.1600      0.0000  0.0000  Eval_32_68
core16_2/evalA/DP_OP_54J15_122_4589    173.1240     0.0    173.1240      0.0000  0.0000  Eval_32_65_DP_OP_54J15_122_4589_J15_0_3
core16_2/evalA/DP_OP_55J15_123_1041    233.4780     0.0    233.4780      0.0000  0.0000  Eval_32_65_DP_OP_55J15_123_1041_J15_0_3
core16_2/evalA/DP_OP_56J15_124_6512    239.4000     0.0    239.4000      0.0000  0.0000  Eval_32_65_DP_OP_56J15_124_6512_J15_0_3
core16_2/evalA_1                     666.0360      0.1      19.9080      0.0000  0.0000  Eval_32_67
core16_2/evalA_1/DP_OP_54J15_122_4589    173.1240     0.0    173.1240     0.0000 0.0000  Eval_32_65_DP_OP_54J15_122_4589_J15_0_2
core16_2/evalA_1/DP_OP_55J15_123_1041    233.4780     0.0    233.4780     0.0000 0.0000  Eval_32_65_DP_OP_55J15_123_1041_J15_0_2
core16_2/evalA_1/DP_OP_56J15_124_6512    239.5260     0.0    239.5260     0.0000 0.0000  Eval_32_65_DP_OP_56J15_124_6512_J15_0_2
core16_2/evalA_2                     666.0360      0.1      19.9080      0.0000  0.0000  Eval_32_66
core16_2/evalA_2/DP_OP_54J15_122_4589    173.1240     0.0    173.1240     0.0000 0.0000  Eval_32_65_DP_OP_54J15_122_4589_J15_0_1
core16_2/evalA_2/DP_OP_55J15_123_1041    233.4780     0.0    233.4780     0.0000 0.0000  Eval_32_65_DP_OP_55J15_123_1041_J15_0_1
core16_2/evalA_2/DP_OP_56J15_124_6512    239.5260     0.0    239.5260     0.0000 0.0000  Eval_32_65_DP_OP_56J15_124_6512_J15_0_1
core16_2/evalA_3                     666.1620      0.1      20.0340      0.0000  0.0000  Eval_32_65
core16_2/evalA_3/DP_OP_54J15_122_4589    173.1240     0.0    173.1240     0.0000 0.0000  Eval_32_65_DP_OP_54J15_122_4589_J15_0_0
core16_2/evalA_3/DP_OP_55J15_123_1041    233.4780     0.0    233.4780     0.0000 0.0000  Eval_32_65_DP_OP_55J15_123_1041_J15_0_0
core16_2/evalA_3/DP_OP_56J15_124_6512    239.5260     0.0    239.5260     0.0000 0.0000  Eval_32_65_DP_OP_56J15_124_6512_J15_0_0
core16_2/evalB                       324.4500      0.1      10.3320      0.0000  0.0000  Eval_33_68
core16_2/evalB/DP_OP_54J23_125_4429     83.1600     0.0     83.1600      0.0000  0.0000  Eval_33_65_DP_OP_54J23_125_4429_J23_0_3
core16_2/evalB/DP_OP_55J23_126_7821    113.5260     0.0    113.5260      0.0000  0.0000  Eval_33_65_DP_OP_55J23_126_7821_J23_0_3
core16_2/evalB/DP_OP_56J23_127_1219    117.4320     0.0    117.4320      0.0000  0.0000  Eval_33_65_DP_OP_56J23_127_1219_J23_0_3
core16_2/evalB_1                     327.9780      0.1       9.3240      0.0000  0.0000  Eval_33_67
core16_2/evalB_1/DP_OP_54J23_125_4429     84.4200     0.0     84.4200     0.0000 0.0000  Eval_33_65_DP_OP_54J23_125_4429_J23_0_2
core16_2/evalB_1/DP_OP_55J23_126_7821    114.9120     0.0    114.9120     0.0000 0.0000  Eval_33_65_DP_OP_55J23_126_7821_J23_0_2
core16_2/evalB_1/DP_OP_56J23_127_1219    119.3220     0.0    119.3220     0.0000 0.0000  Eval_33_65_DP_OP_56J23_127_1219_J23_0_2
core16_2/evalB_2                     324.8280      0.1       9.3240      0.0000  0.0000  Eval_33_66
core16_2/evalB_2/DP_OP_54J23_125_4429     83.1600     0.0     83.1600     0.0000 0.0000  Eval_33_65_DP_OP_54J23_125_4429_J23_0_1
core16_2/evalB_2/DP_OP_55J23_126_7821    114.6600     0.0    114.6600     0.0000 0.0000  Eval_33_65_DP_OP_55J23_126_7821_J23_0_1
core16_2/evalB_2/DP_OP_56J23_127_1219    117.6840     0.0    117.6840     0.0000 0.0000  Eval_33_65_DP_OP_56J23_127_1219_J23_0_1
core16_2/evalB_3                     324.3240      0.1      10.3320      0.0000  0.0000  Eval_33_65
core16_2/evalB_3/DP_OP_54J23_125_4429     85.0500     0.0     85.0500     0.0000 0.0000  Eval_33_65_DP_OP_54J23_125_4429_J23_0_0
core16_2/evalB_3/DP_OP_55J23_126_7821    111.5100     0.0    111.5100     0.0000 0.0000  Eval_33_65_DP_OP_55J23_126_7821_J23_0_0
core16_2/evalB_3/DP_OP_56J23_127_1219    117.4320     0.0    117.4320     0.0000 0.0000  Eval_33_65_DP_OP_56J23_127_1219_J23_0_0
core16_2/interp                     8083.0259      1.4       0.7560    872.9280  0.0000  Interpolation_7_4
core16_2/interp/interp              7209.3419      1.2       0.2520      0.0000  0.0000  InterpolationComb_7_4
core16_2/interp/interp/DP_OP_421J11_122_5430   7209.0899     1.2   7209.0899     0.0000 0.0000 InterpolationComb_7_1_DP_OP_421J11_122_5430_J11_0_3
core16_3                           82438.5229     13.9       2.0160   1671.2640  0.0000  core16_3
core16_3/core4_0                    9182.6279      1.5       0.7560    461.6640  0.0000  core4_27
core16_3/core4_0/evalA               780.3180      0.1      24.9480      0.0000  0.0000  Eval_32_27
core16_3/core4_0/evalA/DP_OP_53J26_123_8507    196.9380     0.0    196.9380     0.0000 0.0000 Eval_32_1_DP_OP_53J26_123_8507_J26_0_21
core16_3/core4_0/evalA/DP_OP_54J26_124_3738    285.8940     0.0    285.8940     0.0000 0.0000 Eval_32_1_DP_OP_54J26_124_3738_J26_0_21
core16_3/core4_0/evalA/DP_OP_55J26_125_1305    272.5380     0.0    272.5380     0.0000 0.0000 Eval_32_1_DP_OP_55J26_125_1305_J26_0_21
core16_3/core4_0/evalB               536.0040      0.1      17.6400      0.0000  0.0000  Eval_33_27
core16_3/core4_0/evalB/DP_OP_53J24_122_4171    135.1980     0.0    135.1980     0.0000 0.0000 Eval_33_1_DP_OP_53J24_122_4171_J24_0_19
core16_3/core4_0/evalB/DP_OP_54J24_123_6227    198.7020     0.0    198.7020     0.0000 0.0000 Eval_33_1_DP_OP_54J24_123_6227_J24_0_19
core16_3/core4_0/evalB/DP_OP_55J24_124_3794    184.4640     0.0    184.4640     0.0000 0.0000 Eval_33_1_DP_OP_55J24_124_3794_J24_0_19
core16_3/core4_0/interp             2057.5800      0.3       0.7560    235.8720  0.0000  Interpolation_28
core16_3/core4_0/interp/interp      1820.9520      0.3       0.2520      0.0000  0.0000  InterpolationComb_28
core16_3/core4_0/interp/interp/DP_OP_106J26_122_4702   1820.7000     0.3   1820.7000     0.0000 0.0000 InterpolationComb_0_DP_OP_106J26_122_4702_J26_0_11
core16_3/core4_0/mult_x_1            541.4220      0.1     541.4220      0.0000  0.0000  core4_7_DW_mult_tc_J20_6_5
core16_3/core4_0/mult_x_2            825.8040      0.1     825.8040      0.0000  0.0000  core4_7_DW_mult_tc_J20_5_5
core16_3/core4_0/mult_x_3            861.9660      0.1     861.9660      0.0000  0.0000  core4_7_DW_mult_tc_J20_4_5
core16_3/core4_0/mult_x_4            858.5640      0.1     858.5640      0.0000  0.0000  core4_7_DW_mult_tc_J20_3_5
core16_3/core4_0/mult_x_5            858.5640      0.1     858.5640      0.0000  0.0000  core4_7_DW_mult_tc_J20_2_5
core16_3/core4_0/mult_x_6            858.5640      0.1     858.5640      0.0000  0.0000  core4_7_DW_mult_tc_J20_1_5
core16_3/core4_0/mult_x_7            541.4220      0.1     541.4220      0.0000  0.0000  core4_7_DW_mult_tc_J20_0_5
core16_3/core4_1                    9737.2799      1.6       0.7560    461.6640  0.0000  core4_26
core16_3/core4_1/evalA               780.6960      0.1      25.3260      0.0000  0.0000  Eval_32_26
core16_3/core4_1/evalA/DP_OP_53J26_123_8507    196.9380     0.0    196.9380     0.0000 0.0000 Eval_32_1_DP_OP_53J26_123_8507_J26_0_20
core16_3/core4_1/evalA/DP_OP_54J26_124_3738    285.8940     0.0    285.8940     0.0000 0.0000 Eval_32_1_DP_OP_54J26_124_3738_J26_0_20
core16_3/core4_1/evalA/DP_OP_55J26_125_1305    272.5380     0.0    272.5380     0.0000 0.0000 Eval_32_1_DP_OP_55J26_125_1305_J26_0_20
core16_3/core4_1/evalB               533.2320      0.1      18.5220      0.0000  0.0000  Eval_33_26
core16_3/core4_1/evalB/DP_OP_53J24_122_4171    132.6780     0.0    132.6780     0.0000 0.0000 Eval_33_1_DP_OP_53J24_122_4171_J24_0_18
core16_3/core4_1/evalB/DP_OP_54J24_123_6227    197.6940     0.0    197.6940     0.0000 0.0000 Eval_33_1_DP_OP_54J24_123_6227_J24_0_18
core16_3/core4_1/evalB/DP_OP_55J24_124_3794    184.3380     0.0    184.3380     0.0000 0.0000 Eval_33_1_DP_OP_55J24_124_3794_J24_0_18
core16_3/core4_1/interp             2057.9580      0.3       0.7560    235.8720  0.0000  Interpolation_27
core16_3/core4_1/interp/interp      1821.3300      0.3       0.2520      0.0000  0.0000  InterpolationComb_27
core16_3/core4_1/interp/interp/DP_OP_106J26_122_4702   1821.0780     0.3   1821.0780     0.0000 0.0000 InterpolationComb_0_DP_OP_106J26_122_4702_J26_0_10
core16_3/core4_1/mult_x_1            822.5280      0.1     822.5280      0.0000  0.0000  core4_7_DW_mult_tc_J20_6_4
core16_3/core4_1/mult_x_2            822.5280      0.1     822.5280      0.0000  0.0000  core4_7_DW_mult_tc_J20_5_4
core16_3/core4_1/mult_x_3            858.6900      0.1     858.6900      0.0000  0.0000  core4_7_DW_mult_tc_J20_4_4
core16_3/core4_1/mult_x_4            858.5640      0.1     858.5640      0.0000  0.0000  core4_7_DW_mult_tc_J20_3_4
core16_3/core4_1/mult_x_5            858.5640      0.1     858.5640      0.0000  0.0000  core4_7_DW_mult_tc_J20_2_4
core16_3/core4_1/mult_x_6            859.5720      0.1     859.5720      0.0000  0.0000  core4_7_DW_mult_tc_J20_1_4
core16_3/core4_1/mult_x_7            822.5280      0.1     822.5280      0.0000  0.0000  core4_7_DW_mult_tc_J20_0_4
core16_3/core4_2                    9833.4179      1.7       0.7560    461.6640  0.0000  core4_25
core16_3/core4_2/evalA               780.9480      0.1      25.5780      0.0000  0.0000  Eval_32_25
core16_3/core4_2/evalA/DP_OP_53J26_123_8507    196.9380     0.0    196.9380     0.0000 0.0000 Eval_32_1_DP_OP_53J26_123_8507_J26_0_19
core16_3/core4_2/evalA/DP_OP_54J26_124_3738    285.8940     0.0    285.8940     0.0000 0.0000 Eval_32_1_DP_OP_54J26_124_3738_J26_0_19
core16_3/core4_2/evalA/DP_OP_55J26_125_1305    272.5380     0.0    272.5380     0.0000 0.0000 Eval_32_1_DP_OP_55J26_125_1305_J26_0_19
core16_3/core4_2/evalB               535.1220      0.1      18.5220      0.0000  0.0000  Eval_33_25
core16_3/core4_2/evalB/DP_OP_53J24_122_4171    132.6780     0.0    132.6780     0.0000 0.0000 Eval_33_1_DP_OP_53J24_122_4171_J24_0_17
core16_3/core4_2/evalB/DP_OP_54J24_123_6227    198.0720     0.0    198.0720     0.0000 0.0000 Eval_33_1_DP_OP_54J24_123_6227_J24_0_17
core16_3/core4_2/evalB/DP_OP_55J24_124_3794    185.8500     0.0    185.8500     0.0000 0.0000 Eval_33_1_DP_OP_55J24_124_3794_J24_0_17
core16_3/core4_2/interp             2150.4420      0.4       0.7560    243.9360  0.0000  Interpolation_26
core16_3/core4_2/interp/interp      1905.7500      0.3       0.2520      0.0000  0.0000  InterpolationComb_26
core16_3/core4_2/interp/interp/DP_OP_106J25_122_5351   1905.4980     0.3   1905.4980     0.0000 0.0000 InterpolationComb_1_DP_OP_106J25_122_5351_J25_0_15
core16_3/core4_2/mult_x_1            822.5280      0.1     822.5280      0.0000  0.0000  core4_1_DW_mult_tc_J21_6_13
core16_3/core4_2/mult_x_2            822.6540      0.1     822.6540      0.0000  0.0000  core4_1_DW_mult_tc_J21_5_13
core16_3/core4_2/mult_x_3            858.5640      0.1     858.5640      0.0000  0.0000  core4_1_DW_mult_tc_J21_4_13
core16_3/core4_2/mult_x_4            858.6900      0.1     858.6900      0.0000  0.0000  core4_1_DW_mult_tc_J21_3_13
core16_3/core4_2/mult_x_5            858.5640      0.1     858.5640      0.0000  0.0000  core4_1_DW_mult_tc_J21_2_13
core16_3/core4_2/mult_x_6            859.5720      0.1     859.5720      0.0000  0.0000  core4_1_DW_mult_tc_J21_1_13
core16_3/core4_2/mult_x_7            823.9140      0.1     823.9140      0.0000  0.0000  core4_1_DW_mult_tc_J21_0_13
core16_3/core4_3                    9831.9059      1.7       0.7560    461.6640  0.0000  core4_24
core16_3/core4_3/evalA               780.6960      0.1      25.3260      0.0000  0.0000  Eval_32_24
core16_3/core4_3/evalA/DP_OP_53J26_123_8507    196.9380     0.0    196.9380     0.0000 0.0000 Eval_32_1_DP_OP_53J26_123_8507_J26_0_18
core16_3/core4_3/evalA/DP_OP_54J26_124_3738    285.8940     0.0    285.8940     0.0000 0.0000 Eval_32_1_DP_OP_54J26_124_3738_J26_0_18
core16_3/core4_3/evalA/DP_OP_55J26_125_1305    272.5380     0.0    272.5380     0.0000 0.0000 Eval_32_1_DP_OP_55J26_125_1305_J26_0_18
core16_3/core4_3/evalB               534.4920      0.1      18.6480      0.0000  0.0000  Eval_33_24
core16_3/core4_3/evalB/DP_OP_53J24_122_4171    132.6780     0.0    132.6780     0.0000 0.0000 Eval_33_1_DP_OP_53J24_122_4171_J24_0_16
core16_3/core4_3/evalB/DP_OP_54J24_123_6227    198.5760     0.0    198.5760     0.0000 0.0000 Eval_33_1_DP_OP_54J24_123_6227_J24_0_16
core16_3/core4_3/evalB/DP_OP_55J24_124_3794    184.5900     0.0    184.5900     0.0000 0.0000 Eval_33_1_DP_OP_55J24_124_3794_J24_0_16
core16_3/core4_3/interp             2150.4420      0.4       0.7560    243.9360  0.0000  Interpolation_25
core16_3/core4_3/interp/interp      1905.7500      0.3       0.2520      0.0000  0.0000  InterpolationComb_25
core16_3/core4_3/interp/interp/DP_OP_106J25_122_5351   1905.4980     0.3   1905.4980     0.0000 0.0000 InterpolationComb_1_DP_OP_106J25_122_5351_J25_0_14
core16_3/core4_3/mult_x_1            822.5280      0.1     822.5280      0.0000  0.0000  core4_1_DW_mult_tc_J21_6_12
core16_3/core4_3/mult_x_2            822.5280      0.1     822.5280      0.0000  0.0000  core4_1_DW_mult_tc_J21_5_12
core16_3/core4_3/mult_x_3            860.4540      0.1     860.4540      0.0000  0.0000  core4_1_DW_mult_tc_J21_4_12
core16_3/core4_3/mult_x_4            858.6900      0.1     858.6900      0.0000  0.0000  core4_1_DW_mult_tc_J21_3_12
core16_3/core4_3/mult_x_5            858.5640      0.1     858.5640      0.0000  0.0000  core4_1_DW_mult_tc_J21_2_12
core16_3/core4_3/mult_x_6            858.5640      0.1     858.5640      0.0000  0.0000  core4_1_DW_mult_tc_J21_1_12
core16_3/core4_3/mult_x_7            822.5280      0.1     822.5280      0.0000  0.0000  core4_1_DW_mult_tc_J21_0_12
core16_3/core4_4                    9840.7259      1.7       0.7560    461.5380  0.0000  core4_23
core16_3/core4_4/evalA               780.6960      0.1      25.3260      0.0000  0.0000  Eval_32_23
core16_3/core4_4/evalA/DP_OP_53J26_123_8507    196.9380     0.0    196.9380     0.0000 0.0000 Eval_32_1_DP_OP_53J26_123_8507_J26_0_17
core16_3/core4_4/evalA/DP_OP_54J26_124_3738    285.8940     0.0    285.8940     0.0000 0.0000 Eval_32_1_DP_OP_54J26_124_3738_J26_0_17
core16_3/core4_4/evalA/DP_OP_55J26_125_1305    272.5380     0.0    272.5380     0.0000 0.0000 Eval_32_1_DP_OP_55J26_125_1305_J26_0_17
core16_3/core4_4/evalB               536.5080      0.1      18.5220      0.0000  0.0000  Eval_33_23
core16_3/core4_4/evalB/DP_OP_53J24_122_4171    133.3080     0.0    133.3080     0.0000 0.0000 Eval_33_1_DP_OP_53J24_122_4171_J24_0_15
core16_3/core4_4/evalB/DP_OP_54J24_123_6227    199.0800     0.0    199.0800     0.0000 0.0000 Eval_33_1_DP_OP_54J24_123_6227_J24_0_15
core16_3/core4_4/evalB/DP_OP_55J24_124_3794    185.5980     0.0    185.5980     0.0000 0.0000 Eval_33_1_DP_OP_55J24_124_3794_J24_0_15
core16_3/core4_4/interp             2150.4420      0.4       0.7560    243.9360  0.0000  Interpolation_24
core16_3/core4_4/interp/interp      1905.7500      0.3       0.2520      0.0000  0.0000  InterpolationComb_24
core16_3/core4_4/interp/interp/DP_OP_106J25_122_5351   1905.4980     0.3   1905.4980     0.0000 0.0000 InterpolationComb_1_DP_OP_106J25_122_5351_J25_0_13
core16_3/core4_4/mult_x_1            822.5280      0.1     822.5280      0.0000  0.0000  core4_1_DW_mult_tc_J21_6_11
core16_3/core4_4/mult_x_2            826.3080      0.1     826.3080      0.0000  0.0000  core4_1_DW_mult_tc_J21_5_11
core16_3/core4_4/mult_x_3            861.4620      0.1     861.4620      0.0000  0.0000  core4_1_DW_mult_tc_J21_4_11
core16_3/core4_4/mult_x_4            858.5640      0.1     858.5640      0.0000  0.0000  core4_1_DW_mult_tc_J21_3_11
core16_3/core4_4/mult_x_5            858.5640      0.1     858.5640      0.0000  0.0000  core4_1_DW_mult_tc_J21_2_11
core16_3/core4_4/mult_x_6            860.8320      0.1     860.8320      0.0000  0.0000  core4_1_DW_mult_tc_J21_1_11
core16_3/core4_4/mult_x_7            822.5280      0.1     822.5280      0.0000  0.0000  core4_1_DW_mult_tc_J21_0_11
core16_3/core4_5                    9830.3939      1.7       0.7560    461.2860  0.0000  core4_22
core16_3/core4_5/evalA               780.6960      0.1      25.3260      0.0000  0.0000  Eval_32_22
core16_3/core4_5/evalA/DP_OP_53J26_123_8507    196.9380     0.0    196.9380     0.0000 0.0000 Eval_32_1_DP_OP_53J26_123_8507_J26_0_16
core16_3/core4_5/evalA/DP_OP_54J26_124_3738    285.8940     0.0    285.8940     0.0000 0.0000 Eval_32_1_DP_OP_54J26_124_3738_J26_0_16
core16_3/core4_5/evalA/DP_OP_55J26_125_1305    272.5380     0.0    272.5380     0.0000 0.0000 Eval_32_1_DP_OP_55J26_125_1305_J26_0_16
core16_3/core4_5/evalB               534.6180      0.1      18.6480      0.0000  0.0000  Eval_33_22
core16_3/core4_5/evalB/DP_OP_53J24_122_4171    132.6780     0.0    132.6780     0.0000 0.0000 Eval_33_1_DP_OP_53J24_122_4171_J24_0_14
core16_3/core4_5/evalB/DP_OP_54J24_123_6227    198.9540     0.0    198.9540     0.0000 0.0000 Eval_33_1_DP_OP_54J24_123_6227_J24_0_14
core16_3/core4_5/evalB/DP_OP_55J24_124_3794    184.3380     0.0    184.3380     0.0000 0.0000 Eval_33_1_DP_OP_55J24_124_3794_J24_0_14
core16_3/core4_5/interp             2150.4420      0.4       0.7560    243.9360  0.0000  Interpolation_23
core16_3/core4_5/interp/interp      1905.7500      0.3       0.2520      0.0000  0.0000  InterpolationComb_23
core16_3/core4_5/interp/interp/DP_OP_106J25_122_5351   1905.4980     0.3   1905.4980     0.0000 0.0000 InterpolationComb_1_DP_OP_106J25_122_5351_J25_0_12
core16_3/core4_5/mult_x_1            822.5280      0.1     822.5280      0.0000  0.0000  core4_1_DW_mult_tc_J21_6_10
core16_3/core4_5/mult_x_2            822.6540      0.1     822.6540      0.0000  0.0000  core4_1_DW_mult_tc_J21_5_10
core16_3/core4_5/mult_x_3            859.0680      0.1     859.0680      0.0000  0.0000  core4_1_DW_mult_tc_J21_4_10
core16_3/core4_5/mult_x_4            858.6900      0.1     858.6900      0.0000  0.0000  core4_1_DW_mult_tc_J21_3_10
core16_3/core4_5/mult_x_5            858.5640      0.1     858.5640      0.0000  0.0000  core4_1_DW_mult_tc_J21_2_10
core16_3/core4_5/mult_x_6            858.5640      0.1     858.5640      0.0000  0.0000  core4_1_DW_mult_tc_J21_1_10
core16_3/core4_5/mult_x_7            822.5280      0.1     822.5280      0.0000  0.0000  core4_1_DW_mult_tc_J21_0_10
core16_3/core4_6                    9172.7999      1.5       0.7560    461.6640  0.0000  core4_21
core16_3/core4_6/evalA               780.0660      0.1      24.6960      0.0000  0.0000  Eval_32_21
core16_3/core4_6/evalA/DP_OP_53J26_123_8507    196.9380     0.0    196.9380     0.0000 0.0000 Eval_32_1_DP_OP_53J26_123_8507_J26_0_15
core16_3/core4_6/evalA/DP_OP_54J26_124_3738    285.8940     0.0    285.8940     0.0000 0.0000 Eval_32_1_DP_OP_54J26_124_3738_J26_0_15
core16_3/core4_6/evalA/DP_OP_55J26_125_1305    272.5380     0.0    272.5380     0.0000 0.0000 Eval_32_1_DP_OP_55J26_125_1305_J26_0_15
core16_3/core4_6/evalB               532.6020      0.1      17.7660      0.0000  0.0000  Eval_33_21
core16_3/core4_6/evalB/DP_OP_53J24_122_4171    132.6780     0.0    132.6780     0.0000 0.0000 Eval_33_1_DP_OP_53J24_122_4171_J24_0_13
core16_3/core4_6/evalB/DP_OP_54J24_123_6227    197.6940     0.0    197.6940     0.0000 0.0000 Eval_33_1_DP_OP_54J24_123_6227_J24_0_13
core16_3/core4_6/evalB/DP_OP_55J24_124_3794    184.4640     0.0    184.4640     0.0000 0.0000 Eval_33_1_DP_OP_55J24_124_3794_J24_0_13
core16_3/core4_6/interp             2057.9580      0.3       0.7560    235.8720  0.0000  Interpolation_22
core16_3/core4_6/interp/interp      1821.3300      0.3       0.2520      0.0000  0.0000  InterpolationComb_22
core16_3/core4_6/interp/interp/DP_OP_106J26_122_4702   1821.0780     0.3   1821.0780     0.0000 0.0000 InterpolationComb_0_DP_OP_106J26_122_4702_J26_0_9
core16_3/core4_6/mult_x_1            541.4220      0.1     541.4220      0.0000  0.0000  core4_7_DW_mult_tc_J20_6_3
core16_3/core4_6/mult_x_2            822.6540      0.1     822.6540      0.0000  0.0000  core4_7_DW_mult_tc_J20_5_3
core16_3/core4_6/mult_x_3            858.5640      0.1     858.5640      0.0000  0.0000  core4_7_DW_mult_tc_J20_4_3
core16_3/core4_6/mult_x_4            858.5640      0.1     858.5640      0.0000  0.0000  core4_7_DW_mult_tc_J20_3_3
core16_3/core4_6/mult_x_5            858.5640      0.1     858.5640      0.0000  0.0000  core4_7_DW_mult_tc_J20_2_3
core16_3/core4_6/mult_x_6            858.5640      0.1     858.5640      0.0000  0.0000  core4_7_DW_mult_tc_J20_1_3
core16_3/core4_6/mult_x_7            541.4220      0.1     541.4220      0.0000  0.0000  core4_7_DW_mult_tc_J20_0_3
core16_3/evalA                       778.3020      0.1      22.9320      0.0000  0.0000  Eval_32_64
core16_3/evalA/DP_OP_53J26_123_8507    196.9380     0.0    196.9380      0.0000  0.0000  Eval_32_1_DP_OP_53J26_123_8507_J26_0_40
core16_3/evalA/DP_OP_54J26_124_3738    285.8940     0.0    285.8940      0.0000  0.0000  Eval_32_1_DP_OP_54J26_124_3738_J26_0_40
core16_3/evalA/DP_OP_55J26_125_1305    272.5380     0.0    272.5380      0.0000  0.0000  Eval_32_1_DP_OP_55J26_125_1305_J26_0_40
core16_3/evalA_1                     780.1920      0.1      24.6960      0.0000  0.0000  Eval_32_63
core16_3/evalA_1/DP_OP_53J26_123_8507    196.9380     0.0    196.9380     0.0000 0.0000  Eval_32_1_DP_OP_53J26_123_8507_J26_0_39
core16_3/evalA_1/DP_OP_54J26_124_3738    285.8940     0.0    285.8940     0.0000 0.0000  Eval_32_1_DP_OP_54J26_124_3738_J26_0_39
core16_3/evalA_1/DP_OP_55J26_125_1305    272.6640     0.0    272.6640     0.0000 0.0000  Eval_32_1_DP_OP_55J26_125_1305_J26_0_39
core16_3/evalA_2                     780.1920      0.1      24.6960      0.0000  0.0000  Eval_32_62
core16_3/evalA_2/DP_OP_53J26_123_8507    196.9380     0.0    196.9380     0.0000 0.0000  Eval_32_1_DP_OP_53J26_123_8507_J26_0_38
core16_3/evalA_2/DP_OP_54J26_124_3738    285.8940     0.0    285.8940     0.0000 0.0000  Eval_32_1_DP_OP_54J26_124_3738_J26_0_38
core16_3/evalA_2/DP_OP_55J26_125_1305    272.6640     0.0    272.6640     0.0000 0.0000  Eval_32_1_DP_OP_55J26_125_1305_J26_0_38
core16_3/evalA_3                     778.3020      0.1      22.9320      0.0000  0.0000  Eval_32_61
core16_3/evalA_3/DP_OP_53J26_123_8507    196.9380     0.0    196.9380     0.0000 0.0000  Eval_32_1_DP_OP_53J26_123_8507_J26_0_37
core16_3/evalA_3/DP_OP_54J26_124_3738    285.8940     0.0    285.8940     0.0000 0.0000  Eval_32_1_DP_OP_54J26_124_3738_J26_0_37
core16_3/evalA_3/DP_OP_55J26_125_1305    272.5380     0.0    272.5380     0.0000 0.0000  Eval_32_1_DP_OP_55J26_125_1305_J26_0_37
core16_3/evalB                       532.2240      0.1      15.8760      0.0000  0.0000  Eval_33_64
core16_3/evalB/DP_OP_53J24_122_4171    132.6780     0.0    132.6780      0.0000  0.0000  Eval_33_1_DP_OP_53J24_122_4171_J24_0_36
core16_3/evalB/DP_OP_54J24_123_6227    197.6940     0.0    197.6940      0.0000  0.0000  Eval_33_1_DP_OP_54J24_123_6227_J24_0_36
core16_3/evalB/DP_OP_55J24_124_3794    185.9760     0.0    185.9760      0.0000  0.0000  Eval_33_1_DP_OP_55J24_124_3794_J24_0_36
core16_3/evalB_1                     531.8460      0.1      15.8760      0.0000  0.0000  Eval_33_63
core16_3/evalB_1/DP_OP_53J24_122_4171    132.6780     0.0    132.6780     0.0000 0.0000  Eval_33_1_DP_OP_53J24_122_4171_J24_0_35
core16_3/evalB_1/DP_OP_54J24_123_6227    198.8280     0.0    198.8280     0.0000 0.0000  Eval_33_1_DP_OP_54J24_123_6227_J24_0_35
core16_3/evalB_1/DP_OP_55J24_124_3794    184.4640     0.0    184.4640     0.0000 0.0000  Eval_33_1_DP_OP_55J24_124_3794_J24_0_35
core16_3/evalB_2                     538.2720      0.1      15.8760      0.0000  0.0000  Eval_33_62
core16_3/evalB_2/DP_OP_53J24_122_4171    132.6780     0.0    132.6780     0.0000 0.0000  Eval_33_1_DP_OP_53J24_122_4171_J24_0_34
core16_3/evalB_2/DP_OP_54J24_123_6227    200.3400     0.0    200.3400     0.0000 0.0000  Eval_33_1_DP_OP_54J24_123_6227_J24_0_34
core16_3/evalB_2/DP_OP_55J24_124_3794    189.3780     0.0    189.3780     0.0000 0.0000  Eval_33_1_DP_OP_55J24_124_3794_J24_0_34
core16_3/evalB_3                     533.7360      0.1      15.4980      0.0000  0.0000  Eval_33_61
core16_3/evalB_3/DP_OP_53J24_122_4171    135.8280     0.0    135.8280     0.0000 0.0000  Eval_33_1_DP_OP_53J24_122_4171_J24_0_33
core16_3/evalB_3/DP_OP_54J24_123_6227    197.6940     0.0    197.6940     0.0000 0.0000  Eval_33_1_DP_OP_54J24_123_6227_J24_0_33
core16_3/evalB_3/DP_OP_55J24_124_3794    184.7160     0.0    184.7160     0.0000 0.0000  Eval_33_1_DP_OP_55J24_124_3794_J24_0_33
core16_3/interp                     8083.0259      1.4       0.7560    872.9280  0.0000  Interpolation_7_3
core16_3/interp/interp              7209.3419      1.2       0.2520      0.0000  0.0000  InterpolationComb_7_3
core16_3/interp/interp/DP_OP_421J11_122_5430   7209.0899     1.2   7209.0899     0.0000 0.0000 InterpolationComb_7_1_DP_OP_421J11_122_5430_J11_0_2
core16_4                           79655.6870     13.4       2.0160   1671.2640  0.0000  core16_2
core16_4/core4_0                    8768.8439      1.5       1.0080    461.6640  0.0000  core4_20
core16_4/core4_0/evalA               735.5880      0.1      22.4280      0.0000  0.0000  Eval_32_20
core16_4/core4_0/evalA/DP_OP_54J16_122_8893    190.3860     0.0    190.3860     0.0000 0.0000 Eval_32_2_DP_OP_54J16_122_8893_J16_0_2
core16_4/core4_0/evalA/DP_OP_55J16_123_92    258.8040     0.0    258.8040     0.0000 0.0000 Eval_32_2_DP_OP_55J16_123_92_J16_0_2
core16_4/core4_0/evalA/DP_OP_56J16_124_3580    263.9700     0.0    263.9700     0.0000 0.0000 Eval_32_2_DP_OP_56J16_124_3580_J16_0_2
core16_4/core4_0/evalB               396.1440      0.1      13.4820      0.0000  0.0000  Eval_33_20
core16_4/core4_0/evalB/DP_OP_54J21_125_5690    102.4380     0.0    102.4380     0.0000 0.0000 Eval_33_2_DP_OP_54J21_125_5690_J21_0_2
core16_4/core4_0/evalB/DP_OP_55J21_126_3915    136.8360     0.0    136.8360     0.0000 0.0000 Eval_33_2_DP_OP_55J21_126_3915_J21_0_2
core16_4/core4_0/evalB/DP_OP_56J21_127_920    143.3880     0.0    143.3880     0.0000 0.0000 Eval_33_2_DP_OP_56J21_127_920_J21_0_2
core16_4/core4_0/interp             2057.9580      0.3       0.7560    235.8720  0.0000  Interpolation_21
core16_4/core4_0/interp/interp      1821.3300      0.3       0.2520      0.0000  0.0000  InterpolationComb_21
core16_4/core4_0/interp/interp/DP_OP_106J26_122_4702   1821.0780     0.3   1821.0780     0.0000 0.0000 InterpolationComb_0_DP_OP_106J26_122_4702_J26_0_8
core16_4/core4_0/mult_x_1            650.7900      0.1     650.7900      0.0000  0.0000  core4_14_DW_mult_uns_J27_3_1
core16_4/core4_0/mult_x_2            803.3760      0.1     803.3760      0.0000  0.0000  core4_14_DW_mult_uns_J27_2_1
core16_4/core4_0/mult_x_3            700.8120      0.1     700.8120      0.0000  0.0000  core4_14_DW_mult_tc_J27_2_1
core16_4/core4_0/mult_x_4            728.2800      0.1     728.2800      0.0000  0.0000  core4_14_DW_mult_tc_J27_1_1
core16_4/core4_0/mult_x_5            781.0740      0.1     781.0740      0.0000  0.0000  core4_14_DW_mult_uns_J27_1_1
core16_4/core4_0/mult_x_6            801.3600      0.1     801.3600      0.0000  0.0000  core4_14_DW_mult_tc_J27_0_1
core16_4/core4_0/mult_x_7            650.7900      0.1     650.7900      0.0000  0.0000  core4_14_DW_mult_uns_J27_0_1
core16_4/core4_1                    9679.0679      1.6       1.0080    461.6640  0.0000  core4_19
core16_4/core4_1/evalA               780.8220      0.1      25.4520      0.0000  0.0000  Eval_32_19
core16_4/core4_1/evalA/DP_OP_53J26_123_8507    196.9380     0.0    196.9380     0.0000 0.0000 Eval_32_1_DP_OP_53J26_123_8507_J26_0_14
core16_4/core4_1/evalA/DP_OP_54J26_124_3738    285.8940     0.0    285.8940     0.0000 0.0000 Eval_32_1_DP_OP_54J26_124_3738_J26_0_14
core16_4/core4_1/evalA/DP_OP_55J26_125_1305    272.5380     0.0    272.5380     0.0000 0.0000 Eval_32_1_DP_OP_55J26_125_1305_J26_0_14
core16_4/core4_1/evalB               504.2520      0.1      16.8840      0.0000  0.0000  Eval_33_19
core16_4/core4_1/evalB/DP_OP_54J22_122_2737    127.7640     0.0    127.7640     0.0000 0.0000 Eval_33_19_DP_OP_54J22_122_2737_J22_0_0
core16_4/core4_1/evalB/DP_OP_55J22_123_5219    182.4480     0.0    182.4480     0.0000 0.0000 Eval_33_19_DP_OP_55J22_123_5219_J22_0_0
core16_4/core4_1/evalB/DP_OP_56J22_124_977    177.1560     0.0    177.1560     0.0000 0.0000 Eval_33_19_DP_OP_56J22_124_977_J22_0_0
core16_4/core4_1/interp             2057.9580      0.3       0.7560    235.8720  0.0000  Interpolation_20
core16_4/core4_1/interp/interp      1821.3300      0.3       0.2520      0.0000  0.0000  InterpolationComb_20
core16_4/core4_1/interp/interp/DP_OP_106J26_122_4702   1821.0780     0.3   1821.0780     0.0000 0.0000 InterpolationComb_0_DP_OP_106J26_122_4702_J26_0_7
core16_4/core4_1/mult_x_1            803.3760      0.1     803.3760      0.0000  0.0000  core4_19_DW_mult_uns_J24_1
core16_4/core4_1/mult_x_2            826.9380      0.1     826.9380      0.0000  0.0000  core4_19_DW_mult_tc_J24_4
core16_4/core4_1/mult_x_3            863.9820      0.1     863.9820      0.0000  0.0000  core4_19_DW_mult_tc_J24_3
core16_4/core4_1/mult_x_4            858.5640      0.1     858.5640      0.0000  0.0000  core4_19_DW_mult_tc_J24_2
core16_4/core4_1/mult_x_5            858.5640      0.1     858.5640      0.0000  0.0000  core4_19_DW_mult_tc_J24_1
core16_4/core4_1/mult_x_6            858.5640      0.1     858.5640      0.0000  0.0000  core4_19_DW_mult_tc_J24_0
core16_4/core4_1/mult_x_7            803.3760      0.1     803.3760      0.0000  0.0000  core4_19_DW_mult_uns_J24_0
core16_4/core4_2                    9220.1759      1.6       1.0080    461.5380  0.0000  core4_18
core16_4/core4_2/evalA               767.7180      0.1      23.9400      0.0000  0.0000  Eval_32_18
core16_4/core4_2/evalA/DP_OP_53J26_123_8507    198.1980     0.0    198.1980     0.0000 0.0000 Eval_32_1_DP_OP_53J26_123_8507_J26_0_13
core16_4/core4_2/evalA/DP_OP_54J26_124_3738    275.6880     0.0    275.6880     0.0000 0.0000 Eval_32_1_DP_OP_54J26_124_3738_J26_0_13
core16_4/core4_2/evalA/DP_OP_55J26_125_1305    269.8920     0.0    269.8920     0.0000 0.0000 Eval_32_1_DP_OP_55J26_125_1305_J26_0_13
core16_4/core4_2/evalB               437.7240      0.1      13.8600      0.0000  0.0000  Eval_33_18
core16_4/core4_2/evalB/DP_OP_53J24_122_4171    111.7620     0.0    111.7620     0.0000 0.0000 Eval_33_1_DP_OP_53J24_122_4171_J24_0_12
core16_4/core4_2/evalB/DP_OP_54J24_123_6227    153.2160     0.0    153.2160     0.0000 0.0000 Eval_33_1_DP_OP_54J24_123_6227_J24_0_12
core16_4/core4_2/evalB/DP_OP_55J24_124_3794    158.8860     0.0    158.8860     0.0000 0.0000 Eval_33_1_DP_OP_55J24_124_3794_J24_0_12
core16_4/core4_2/interp             2150.4420      0.4       0.7560    243.9360  0.0000  Interpolation_19
core16_4/core4_2/interp/interp      1905.7500      0.3       0.2520      0.0000  0.0000  InterpolationComb_19
core16_4/core4_2/interp/interp/DP_OP_106J25_122_5351   1905.4980     0.3   1905.4980     0.0000 0.0000 InterpolationComb_1_DP_OP_106J25_122_5351_J25_0_11
core16_4/core4_2/mult_x_1            679.6440      0.1     679.6440      0.0000  0.0000  core4_1_DW_mult_tc_J21_6_9
core16_4/core4_2/mult_x_2            793.9260      0.1     793.9260      0.0000  0.0000  core4_1_DW_mult_tc_J21_5_9
core16_4/core4_2/mult_x_3            767.7180      0.1     767.7180      0.0000  0.0000  core4_1_DW_mult_tc_J21_4_9
core16_4/core4_2/mult_x_4            794.0520      0.1     794.0520      0.0000  0.0000  core4_1_DW_mult_tc_J21_3_9
core16_4/core4_2/mult_x_5            831.9780      0.1     831.9780      0.0000  0.0000  core4_1_DW_mult_tc_J21_2_9
core16_4/core4_2/mult_x_6            854.7840      0.1     854.7840      0.0000  0.0000  core4_1_DW_mult_tc_J21_1_9
core16_4/core4_2/mult_x_7            679.6440      0.1     679.6440      0.0000  0.0000  core4_1_DW_mult_tc_J21_0_9
core16_4/core4_3                    9587.7179      1.6       0.7560    461.6640  0.0000  core4_17
core16_4/core4_3/evalA               780.5700      0.1      25.2000      0.0000  0.0000  Eval_32_17
core16_4/core4_3/evalA/DP_OP_53J26_123_8507    196.9380     0.0    196.9380     0.0000 0.0000 Eval_32_1_DP_OP_53J26_123_8507_J26_0_12
core16_4/core4_3/evalA/DP_OP_54J26_124_3738    285.8940     0.0    285.8940     0.0000 0.0000 Eval_32_1_DP_OP_54J26_124_3738_J26_0_12
core16_4/core4_3/evalA/DP_OP_55J26_125_1305    272.5380     0.0    272.5380     0.0000 0.0000 Eval_32_1_DP_OP_55J26_125_1305_J26_0_12
core16_4/core4_3/evalB               534.3660      0.1      18.3960      0.0000  0.0000  Eval_33_17
core16_4/core4_3/evalB/DP_OP_53J24_122_4171    133.5600     0.0    133.5600     0.0000 0.0000 Eval_33_1_DP_OP_53J24_122_4171_J24_0_11
core16_4/core4_3/evalB/DP_OP_54J24_123_6227    197.9460     0.0    197.9460     0.0000 0.0000 Eval_33_1_DP_OP_54J24_123_6227_J24_0_11
core16_4/core4_3/evalB/DP_OP_55J24_124_3794    184.4640     0.0    184.4640     0.0000 0.0000 Eval_33_1_DP_OP_55J24_124_3794_J24_0_11
core16_4/core4_3/interp             2150.4420      0.4       0.7560    243.9360  0.0000  Interpolation_18
core16_4/core4_3/interp/interp      1905.7500      0.3       0.2520      0.0000  0.0000  InterpolationComb_18
core16_4/core4_3/interp/interp/DP_OP_106J25_122_5351   1905.4980     0.3   1905.4980     0.0000 0.0000 InterpolationComb_1_DP_OP_106J25_122_5351_J25_0_10
core16_4/core4_3/mult_x_1            699.8040      0.1     699.8040      0.0000  0.0000  core4_1_DW_mult_tc_J21_6_8
core16_4/core4_3/mult_x_2            825.6780      0.1     825.6780      0.0000  0.0000  core4_1_DW_mult_tc_J21_5_8
core16_4/core4_3/mult_x_3            858.5640      0.1     858.5640      0.0000  0.0000  core4_1_DW_mult_tc_J21_4_8
core16_4/core4_3/mult_x_4            858.5640      0.1     858.5640      0.0000  0.0000  core4_1_DW_mult_tc_J21_3_8
core16_4/core4_3/mult_x_5            858.5640      0.1     858.5640      0.0000  0.0000  core4_1_DW_mult_tc_J21_2_8
core16_4/core4_3/mult_x_6            858.5640      0.1     858.5640      0.0000  0.0000  core4_1_DW_mult_tc_J21_1_8
core16_4/core4_3/mult_x_7            700.1820      0.1     700.1820      0.0000  0.0000  core4_1_DW_mult_tc_J21_0_8
core16_4/core4_4                    9625.1399      1.6       1.0080    461.6640  0.0000  core4_16
core16_4/core4_4/evalA               780.8220      0.1      25.4520      0.0000  0.0000  Eval_32_16
core16_4/core4_4/evalA/DP_OP_53J26_123_8507    196.9380     0.0    196.9380     0.0000 0.0000 Eval_32_1_DP_OP_53J26_123_8507_J26_0_11
core16_4/core4_4/evalA/DP_OP_54J26_124_3738    285.8940     0.0    285.8940     0.0000 0.0000 Eval_32_1_DP_OP_54J26_124_3738_J26_0_11
core16_4/core4_4/evalA/DP_OP_55J26_125_1305    272.5380     0.0    272.5380     0.0000 0.0000 Eval_32_1_DP_OP_55J26_125_1305_J26_0_11
core16_4/core4_4/evalB               504.3780      0.1      16.6320      0.0000  0.0000  Eval_33_16
core16_4/core4_4/evalB/DP_OP_54J20_122_55    128.5200     0.0    128.5200     0.0000 0.0000 Eval_33_16_DP_OP_54J20_122_55_J20_0
core16_4/core4_4/evalB/DP_OP_55J20_123_9619    179.0460     0.0    179.0460     0.0000 0.0000 Eval_33_16_DP_OP_55J20_123_9619_J20_0
core16_4/core4_4/evalB/DP_OP_56J20_124_3387    180.1800     0.0    180.1800     0.0000 0.0000 Eval_33_16_DP_OP_56J20_124_3387_J20_0
core16_4/core4_4/interp             2150.4420      0.4       0.7560    243.9360  0.0000  Interpolation_17
core16_4/core4_4/interp/interp      1905.7500      0.3       0.2520      0.0000  0.0000  InterpolationComb_17
core16_4/core4_4/interp/interp/DP_OP_106J25_122_5351   1905.4980     0.3   1905.4980     0.0000 0.0000 InterpolationComb_1_DP_OP_106J25_122_5351_J25_0_9
core16_4/core4_4/mult_x_1            750.4560      0.1     750.4560      0.0000  0.0000  core4_16_DW_mult_uns_J19_1
core16_4/core4_4/mult_x_2            822.5280      0.1     822.5280      0.0000  0.0000  core4_16_DW_mult_tc_J19_4
core16_4/core4_4/mult_x_3            831.4740      0.1     831.4740      0.0000  0.0000  core4_16_DW_mult_tc_J19_3
core16_4/core4_4/mult_x_4            854.7840      0.1     854.7840      0.0000  0.0000  core4_16_DW_mult_tc_J19_2
core16_4/core4_4/mult_x_5            858.5640      0.1     858.5640      0.0000  0.0000  core4_16_DW_mult_tc_J19_1
core16_4/core4_4/mult_x_6            858.5640      0.1     858.5640      0.0000  0.0000  core4_16_DW_mult_tc_J19_0
core16_4/core4_4/mult_x_7            750.4560      0.1     750.4560      0.0000  0.0000  core4_16_DW_mult_uns_J19_0
core16_4/core4_5                    9729.2159      1.6       0.7560    461.6640  0.0000  core4_15
core16_4/core4_5/evalA               780.8220      0.1      25.4520      0.0000  0.0000  Eval_32_15
core16_4/core4_5/evalA/DP_OP_53J26_123_8507    196.9380     0.0    196.9380     0.0000 0.0000 Eval_32_1_DP_OP_53J26_123_8507_J26_0_10
core16_4/core4_5/evalA/DP_OP_54J26_124_3738    285.8940     0.0    285.8940     0.0000 0.0000 Eval_32_1_DP_OP_54J26_124_3738_J26_0_10
core16_4/core4_5/evalA/DP_OP_55J26_125_1305    272.5380     0.0    272.5380     0.0000 0.0000 Eval_32_1_DP_OP_55J26_125_1305_J26_0_10
core16_4/core4_5/evalB               537.1380      0.1      18.6480      0.0000  0.0000  Eval_33_15
core16_4/core4_5/evalB/DP_OP_53J24_122_4171    133.9380     0.0    133.9380     0.0000 0.0000 Eval_33_1_DP_OP_53J24_122_4171_J24_0_10
core16_4/core4_5/evalB/DP_OP_54J24_123_6227    200.2140     0.0    200.2140     0.0000 0.0000 Eval_33_1_DP_OP_54J24_123_6227_J24_0_10
core16_4/core4_5/evalB/DP_OP_55J24_124_3794    184.3380     0.0    184.3380     0.0000 0.0000 Eval_33_1_DP_OP_55J24_124_3794_J24_0_10
core16_4/core4_5/interp             2150.4420      0.4       0.7560    243.9360  0.0000  Interpolation_16
core16_4/core4_5/interp/interp      1905.7500      0.3       0.2520      0.0000  0.0000  InterpolationComb_16
core16_4/core4_5/interp/interp/DP_OP_106J25_122_5351   1905.4980     0.3   1905.4980     0.0000 0.0000 InterpolationComb_1_DP_OP_106J25_122_5351_J25_0_8
core16_4/core4_5/mult_x_1            767.2140      0.1     767.2140      0.0000  0.0000  core4_1_DW_mult_tc_J21_6_7
core16_4/core4_5/mult_x_2            826.9380      0.1     826.9380      0.0000  0.0000  core4_1_DW_mult_tc_J21_5_7
core16_4/core4_5/mult_x_3            859.8240      0.1     859.8240      0.0000  0.0000  core4_1_DW_mult_tc_J21_4_7
core16_4/core4_5/mult_x_4            860.0760      0.1     860.0760      0.0000  0.0000  core4_1_DW_mult_tc_J21_3_7
core16_4/core4_5/mult_x_5            858.5640      0.1     858.5640      0.0000  0.0000  core4_1_DW_mult_tc_J21_2_7
core16_4/core4_5/mult_x_6            858.5640      0.1     858.5640      0.0000  0.0000  core4_1_DW_mult_tc_J21_1_7
core16_4/core4_5/mult_x_7            767.2140      0.1     767.2140      0.0000  0.0000  core4_1_DW_mult_tc_J21_0_7
core16_4/core4_6                    8765.9459      1.5       1.0080    461.6640  0.0000  core4_14
core16_4/core4_6/evalA               735.5880      0.1      22.4280      0.0000  0.0000  Eval_32_14
core16_4/core4_6/evalA/DP_OP_54J16_122_8893    190.3860     0.0    190.3860     0.0000 0.0000 Eval_32_2_DP_OP_54J16_122_8893_J16_0_1
core16_4/core4_6/evalA/DP_OP_55J16_123_92    258.8040     0.0    258.8040     0.0000 0.0000 Eval_32_2_DP_OP_55J16_123_92_J16_0_1
core16_4/core4_6/evalA/DP_OP_56J16_124_3580    263.9700     0.0    263.9700     0.0000 0.0000 Eval_32_2_DP_OP_56J16_124_3580_J16_0_1
core16_4/core4_6/evalB               395.5140      0.1      13.4820      0.0000  0.0000  Eval_33_14
core16_4/core4_6/evalB/DP_OP_54J21_125_5690    102.4380     0.0    102.4380     0.0000 0.0000 Eval_33_2_DP_OP_54J21_125_5690_J21_0_1
core16_4/core4_6/evalB/DP_OP_55J21_126_3915    136.8360     0.0    136.8360     0.0000 0.0000 Eval_33_2_DP_OP_55J21_126_3915_J21_0_1
core16_4/core4_6/evalB/DP_OP_56J21_127_920    142.7580     0.0    142.7580     0.0000 0.0000 Eval_33_2_DP_OP_56J21_127_920_J21_0_1
core16_4/core4_6/interp             2057.9580      0.3       0.7560    235.8720  0.0000  Interpolation_15
core16_4/core4_6/interp/interp      1821.3300      0.3       0.2520      0.0000  0.0000  InterpolationComb_15
core16_4/core4_6/interp/interp/DP_OP_106J26_122_4702   1821.0780     0.3   1821.0780     0.0000 0.0000 InterpolationComb_0_DP_OP_106J26_122_4702_J26_0_6
core16_4/core4_6/mult_x_1            650.7900      0.1     650.7900      0.0000  0.0000  core4_14_DW_mult_uns_J27_3_0
core16_4/core4_6/mult_x_2            803.3760      0.1     803.3760      0.0000  0.0000  core4_14_DW_mult_uns_J27_2_0
core16_4/core4_6/mult_x_3            700.8120      0.1     700.8120      0.0000  0.0000  core4_14_DW_mult_tc_J27_2_0
core16_4/core4_6/mult_x_4            729.0360      0.1     729.0360      0.0000  0.0000  core4_14_DW_mult_tc_J27_1_0
core16_4/core4_6/mult_x_5            781.0740      0.1     781.0740      0.0000  0.0000  core4_14_DW_mult_uns_J27_1_0
core16_4/core4_6/mult_x_6            798.3360      0.1     798.3360      0.0000  0.0000  core4_14_DW_mult_tc_J27_0_0
core16_4/core4_6/mult_x_7            650.7900      0.1     650.7900      0.0000  0.0000  core4_14_DW_mult_uns_J27_0_0
core16_4/evalA                       735.5880      0.1      22.4280      0.0000  0.0000  Eval_32_60
core16_4/evalA/DP_OP_54J17_122_872    190.3860     0.0     190.3860      0.0000  0.0000  Eval_32_57_DP_OP_54J17_122_872_J17_0_3
core16_4/evalA/DP_OP_55J17_123_7403    258.8040     0.0    258.8040      0.0000  0.0000  Eval_32_57_DP_OP_55J17_123_7403_J17_0_3
core16_4/evalA/DP_OP_56J17_124_913    263.9700     0.0     263.9700      0.0000  0.0000  Eval_32_57_DP_OP_56J17_124_913_J17_0_3
core16_4/evalA_1                     735.5880      0.1      22.4280      0.0000  0.0000  Eval_32_59
core16_4/evalA_1/DP_OP_54J17_122_872    190.3860     0.0    190.3860     0.0000  0.0000  Eval_32_57_DP_OP_54J17_122_872_J17_0_2
core16_4/evalA_1/DP_OP_55J17_123_7403    258.8040     0.0    258.8040     0.0000 0.0000  Eval_32_57_DP_OP_55J17_123_7403_J17_0_2
core16_4/evalA_1/DP_OP_56J17_124_913    263.9700     0.0    263.9700     0.0000  0.0000  Eval_32_57_DP_OP_56J17_124_913_J17_0_2
core16_4/evalA_2                     735.5880      0.1      22.4280      0.0000  0.0000  Eval_32_58
core16_4/evalA_2/DP_OP_54J17_122_872    190.3860     0.0    190.3860     0.0000  0.0000  Eval_32_57_DP_OP_54J17_122_872_J17_0_1
core16_4/evalA_2/DP_OP_55J17_123_7403    258.8040     0.0    258.8040     0.0000 0.0000  Eval_32_57_DP_OP_55J17_123_7403_J17_0_1
core16_4/evalA_2/DP_OP_56J17_124_913    263.9700     0.0    263.9700     0.0000  0.0000  Eval_32_57_DP_OP_56J17_124_913_J17_0_1
core16_4/evalA_3                     735.5880      0.1      22.4280      0.0000  0.0000  Eval_32_57
core16_4/evalA_3/DP_OP_54J17_122_872    190.3860     0.0    190.3860     0.0000  0.0000  Eval_32_57_DP_OP_54J17_122_872_J17_0_0
core16_4/evalA_3/DP_OP_55J17_123_7403    258.8040     0.0    258.8040     0.0000 0.0000  Eval_32_57_DP_OP_55J17_123_7403_J17_0_0
core16_4/evalA_3/DP_OP_56J17_124_913    263.9700     0.0    263.9700     0.0000  0.0000  Eval_32_57_DP_OP_56J17_124_913_J17_0_0
core16_4/evalB                       396.9000      0.1      13.6080      0.0000  0.0000  Eval_33_60
core16_4/evalB/DP_OP_54J20_125_6398    102.4380     0.0    102.4380      0.0000  0.0000  Eval_33_57_DP_OP_54J20_125_6398_J20_0_3
core16_4/evalB/DP_OP_55J20_126_5066    138.0960     0.0    138.0960      0.0000  0.0000  Eval_33_57_DP_OP_55J20_126_5066_J20_0_3
core16_4/evalB/DP_OP_56J20_127_6930    142.7580     0.0    142.7580      0.0000  0.0000  Eval_33_57_DP_OP_56J20_127_6930_J20_0_3
core16_4/evalB_1                     393.8760      0.1      11.8440      0.0000  0.0000  Eval_33_59
core16_4/evalB_1/DP_OP_54J20_125_6398    102.4380     0.0    102.4380     0.0000 0.0000  Eval_33_57_DP_OP_54J20_125_6398_J20_0_2
core16_4/evalB_1/DP_OP_55J20_126_5066    136.8360     0.0    136.8360     0.0000 0.0000  Eval_33_57_DP_OP_55J20_126_5066_J20_0_2
core16_4/evalB_1/DP_OP_56J20_127_6930    142.7580     0.0    142.7580     0.0000 0.0000  Eval_33_57_DP_OP_56J20_127_6930_J20_0_2
core16_4/evalB_2                     393.8760      0.1      11.8440      0.0000  0.0000  Eval_33_58
core16_4/evalB_2/DP_OP_54J20_125_6398    102.4380     0.0    102.4380     0.0000 0.0000  Eval_33_57_DP_OP_54J20_125_6398_J20_0_1
core16_4/evalB_2/DP_OP_55J20_126_5066    136.8360     0.0    136.8360     0.0000 0.0000  Eval_33_57_DP_OP_55J20_126_5066_J20_0_1
core16_4/evalB_2/DP_OP_56J20_127_6930    142.7580     0.0    142.7580     0.0000 0.0000  Eval_33_57_DP_OP_56J20_127_6930_J20_0_1
core16_4/evalB_3                     396.2700      0.1      13.6080      0.0000  0.0000  Eval_33_57
core16_4/evalB_3/DP_OP_54J20_125_6398    102.4380     0.0    102.4380     0.0000 0.0000  Eval_33_57_DP_OP_54J20_125_6398_J20_0_0
core16_4/evalB_3/DP_OP_55J20_126_5066    136.8360     0.0    136.8360     0.0000 0.0000  Eval_33_57_DP_OP_55J20_126_5066_J20_0_0
core16_4/evalB_3/DP_OP_56J20_127_6930    143.3880     0.0    143.3880     0.0000 0.0000  Eval_33_57_DP_OP_56J20_127_6930_J20_0_0
core16_4/interp                     8083.0259      1.4       0.7560    872.9280  0.0000  Interpolation_7_2
core16_4/interp/interp              7209.3419      1.2       0.2520      0.0000  0.0000  InterpolationComb_7_2
core16_4/interp/interp/DP_OP_421J11_122_5430   7209.0899     1.2   7209.0899     0.0000 0.0000 InterpolationComb_7_1_DP_OP_421J11_122_5430_J11_0_1
core16_5                           82814.5069     14.0       2.0160   1671.2640  0.0000  core16_1
core16_5/core4_0                    9362.6819      1.6       0.7560    461.6640  0.0000  core4_13
core16_5/core4_0/evalA               781.3260      0.1      25.9560      0.0000  0.0000  Eval_32_13
core16_5/core4_0/evalA/DP_OP_53J26_123_8507    196.9380     0.0    196.9380     0.0000 0.0000 Eval_32_1_DP_OP_53J26_123_8507_J26_0_9
core16_5/core4_0/evalA/DP_OP_54J26_124_3738    285.8940     0.0    285.8940     0.0000 0.0000 Eval_32_1_DP_OP_54J26_124_3738_J26_0_9
core16_5/core4_0/evalA/DP_OP_55J26_125_1305    272.5380     0.0    272.5380     0.0000 0.0000 Eval_32_1_DP_OP_55J26_125_1305_J26_0_9
core16_5/core4_0/evalB               535.1220      0.1      18.9000      0.0000  0.0000  Eval_33_13
core16_5/core4_0/evalB/DP_OP_53J24_122_4171    132.6780     0.0    132.6780     0.0000 0.0000 Eval_33_1_DP_OP_53J24_122_4171_J24_0_9
core16_5/core4_0/evalB/DP_OP_54J24_123_6227    197.6940     0.0    197.6940     0.0000 0.0000 Eval_33_1_DP_OP_54J24_123_6227_J24_0_9
core16_5/core4_0/evalB/DP_OP_55J24_124_3794    185.8500     0.0    185.8500     0.0000 0.0000 Eval_33_1_DP_OP_55J24_124_3794_J24_0_9
core16_5/core4_0/interp             2057.9580      0.3       0.7560    235.8720  0.0000  Interpolation_14
core16_5/core4_0/interp/interp      1821.3300      0.3       0.2520      0.0000  0.0000  InterpolationComb_14
core16_5/core4_0/interp/interp/DP_OP_106J26_122_4702   1821.0780     0.3   1821.0780     0.0000 0.0000 InterpolationComb_0_DP_OP_106J26_122_4702_J26_0_5
core16_5/core4_0/mult_x_1            633.7800      0.1     633.7800      0.0000  0.0000  core4_7_DW_mult_tc_J20_6_2
core16_5/core4_0/mult_x_2            822.5280      0.1     822.5280      0.0000  0.0000  core4_7_DW_mult_tc_J20_5_2
core16_5/core4_0/mult_x_3            858.5640      0.1     858.5640      0.0000  0.0000  core4_7_DW_mult_tc_J20_4_2
core16_5/core4_0/mult_x_4            858.5640      0.1     858.5640      0.0000  0.0000  core4_7_DW_mult_tc_J20_3_2
core16_5/core4_0/mult_x_5            860.0760      0.1     860.0760      0.0000  0.0000  core4_7_DW_mult_tc_J20_2_2
core16_5/core4_0/mult_x_6            858.5640      0.1     858.5640      0.0000  0.0000  core4_7_DW_mult_tc_J20_1_2
core16_5/core4_0/mult_x_7            633.7800      0.1     633.7800      0.0000  0.0000  core4_7_DW_mult_tc_J20_0_2
core16_5/core4_1                    9735.1379      1.6       0.7560    461.5380  0.0000  core4_12
core16_5/core4_1/evalA               780.9480      0.1      25.5780      0.0000  0.0000  Eval_32_12
core16_5/core4_1/evalA/DP_OP_53J26_123_8507    196.9380     0.0    196.9380     0.0000 0.0000 Eval_32_1_DP_OP_53J26_123_8507_J26_0_8
core16_5/core4_1/evalA/DP_OP_54J26_124_3738    285.8940     0.0    285.8940     0.0000 0.0000 Eval_32_1_DP_OP_54J26_124_3738_J26_0_8
core16_5/core4_1/evalA/DP_OP_55J26_125_1305    272.5380     0.0    272.5380     0.0000 0.0000 Eval_32_1_DP_OP_55J26_125_1305_J26_0_8
core16_5/core4_1/evalB               533.3580      0.1      18.6480      0.0000  0.0000  Eval_33_12
core16_5/core4_1/evalB/DP_OP_53J24_122_4171    132.6780     0.0    132.6780     0.0000 0.0000 Eval_33_1_DP_OP_53J24_122_4171_J24_0_8
core16_5/core4_1/evalB/DP_OP_54J24_123_6227    197.6940     0.0    197.6940     0.0000 0.0000 Eval_33_1_DP_OP_54J24_123_6227_J24_0_8
core16_5/core4_1/evalB/DP_OP_55J24_124_3794    184.3380     0.0    184.3380     0.0000 0.0000 Eval_33_1_DP_OP_55J24_124_3794_J24_0_8
core16_5/core4_1/interp             2056.5720      0.3       0.7560    235.8720  0.0000  Interpolation_13
core16_5/core4_1/interp/interp      1819.9440      0.3       0.2520      0.0000  0.0000  InterpolationComb_13
core16_5/core4_1/interp/interp/DP_OP_106J26_122_4702   1819.6920     0.3   1819.6920     0.0000 0.0000 InterpolationComb_0_DP_OP_106J26_122_4702_J26_0_4
core16_5/core4_1/mult_x_1            822.5280      0.1     822.5280      0.0000  0.0000  core4_7_DW_mult_tc_J20_6_1
core16_5/core4_1/mult_x_2            822.5280      0.1     822.5280      0.0000  0.0000  core4_7_DW_mult_tc_J20_5_1
core16_5/core4_1/mult_x_3            858.6900      0.1     858.6900      0.0000  0.0000  core4_7_DW_mult_tc_J20_4_1
core16_5/core4_1/mult_x_4            858.5640      0.1     858.5640      0.0000  0.0000  core4_7_DW_mult_tc_J20_3_1
core16_5/core4_1/mult_x_5            858.5640      0.1     858.5640      0.0000  0.0000  core4_7_DW_mult_tc_J20_2_1
core16_5/core4_1/mult_x_6            858.5640      0.1     858.5640      0.0000  0.0000  core4_7_DW_mult_tc_J20_1_1
core16_5/core4_1/mult_x_7            822.5280      0.1     822.5280      0.0000  0.0000  core4_7_DW_mult_tc_J20_0_1
core16_5/core4_2                    9839.4659      1.7       0.7560    461.5380  0.0000  core4_11
core16_5/core4_2/evalA               780.9480      0.1      25.5780      0.0000  0.0000  Eval_32_11
core16_5/core4_2/evalA/DP_OP_53J26_123_8507    196.9380     0.0    196.9380     0.0000 0.0000 Eval_32_1_DP_OP_53J26_123_8507_J26_0_7
core16_5/core4_2/evalA/DP_OP_54J26_124_3738    285.8940     0.0    285.8940     0.0000 0.0000 Eval_32_1_DP_OP_54J26_124_3738_J26_0_7
core16_5/core4_2/evalA/DP_OP_55J26_125_1305    272.5380     0.0    272.5380     0.0000 0.0000 Eval_32_1_DP_OP_55J26_125_1305_J26_0_7
core16_5/core4_2/evalB               537.8940      0.1      18.3960      0.0000  0.0000  Eval_33_11
core16_5/core4_2/evalB/DP_OP_53J24_122_4171    137.3400     0.0    137.3400     0.0000 0.0000 Eval_33_1_DP_OP_53J24_122_4171_J24_0_7
core16_5/core4_2/evalB/DP_OP_54J24_123_6227    197.6940     0.0    197.6940     0.0000 0.0000 Eval_33_1_DP_OP_54J24_123_6227_J24_0_7
core16_5/core4_2/evalB/DP_OP_55J24_124_3794    184.4640     0.0    184.4640     0.0000 0.0000 Eval_33_1_DP_OP_55J24_124_3794_J24_0_7
core16_5/core4_2/interp             2150.4420      0.4       0.7560    243.9360  0.0000  Interpolation_12
core16_5/core4_2/interp/interp      1905.7500      0.3       0.2520      0.0000  0.0000  InterpolationComb_12
core16_5/core4_2/interp/interp/DP_OP_106J25_122_5351   1905.4980     0.3   1905.4980     0.0000 0.0000 InterpolationComb_1_DP_OP_106J25_122_5351_J25_0_7
core16_5/core4_2/mult_x_1            822.5280      0.1     822.5280      0.0000  0.0000  core4_1_DW_mult_tc_J21_6_6
core16_5/core4_2/mult_x_2            826.3080      0.1     826.3080      0.0000  0.0000  core4_1_DW_mult_tc_J21_5_6
core16_5/core4_2/mult_x_3            858.6900      0.1     858.6900      0.0000  0.0000  core4_1_DW_mult_tc_J21_4_6
core16_5/core4_2/mult_x_4            858.5640      0.1     858.5640      0.0000  0.0000  core4_1_DW_mult_tc_J21_3_6
core16_5/core4_2/mult_x_5            860.7060      0.1     860.7060      0.0000  0.0000  core4_1_DW_mult_tc_J21_2_6
core16_5/core4_2/mult_x_6            858.5640      0.1     858.5640      0.0000  0.0000  core4_1_DW_mult_tc_J21_1_6
core16_5/core4_2/mult_x_7            822.5280      0.1     822.5280      0.0000  0.0000  core4_1_DW_mult_tc_J21_0_6
core16_5/core4_3                    9835.0559      1.7       0.7560    461.4120  0.0000  core4_10
core16_5/core4_3/evalA               780.6960      0.1      25.3260      0.0000  0.0000  Eval_32_10
core16_5/core4_3/evalA/DP_OP_53J26_123_8507    196.9380     0.0    196.9380     0.0000 0.0000 Eval_32_1_DP_OP_53J26_123_8507_J26_0_6
core16_5/core4_3/evalA/DP_OP_54J26_124_3738    285.8940     0.0    285.8940     0.0000 0.0000 Eval_32_1_DP_OP_54J26_124_3738_J26_0_6
core16_5/core4_3/evalA/DP_OP_55J26_125_1305    272.5380     0.0    272.5380     0.0000 0.0000 Eval_32_1_DP_OP_55J26_125_1305_J26_0_6
core16_5/core4_3/evalB               533.4840      0.1      18.3960      0.0000  0.0000  Eval_33_10
core16_5/core4_3/evalB/DP_OP_53J24_122_4171    132.6780     0.0    132.6780     0.0000 0.0000 Eval_33_1_DP_OP_53J24_122_4171_J24_0_6
core16_5/core4_3/evalB/DP_OP_54J24_123_6227    197.8200     0.0    197.8200     0.0000 0.0000 Eval_33_1_DP_OP_54J24_123_6227_J24_0_6
core16_5/core4_3/evalB/DP_OP_55J24_124_3794    184.5900     0.0    184.5900     0.0000 0.0000 Eval_33_1_DP_OP_55J24_124_3794_J24_0_6
core16_5/core4_3/interp             2150.4420      0.4       0.7560    243.9360  0.0000  Interpolation_11
core16_5/core4_3/interp/interp      1905.7500      0.3       0.2520      0.0000  0.0000  InterpolationComb_11
core16_5/core4_3/interp/interp/DP_OP_106J25_122_5351   1905.4980     0.3   1905.4980     0.0000 0.0000 InterpolationComb_1_DP_OP_106J25_122_5351_J25_0_6
core16_5/core4_3/mult_x_1            822.5280      0.1     822.5280      0.0000  0.0000  core4_1_DW_mult_tc_J21_6_5
core16_5/core4_3/mult_x_2            822.6540      0.1     822.6540      0.0000  0.0000  core4_1_DW_mult_tc_J21_5_5
core16_5/core4_3/mult_x_3            860.8320      0.1     860.8320      0.0000  0.0000  core4_1_DW_mult_tc_J21_4_5
core16_5/core4_3/mult_x_4            858.5640      0.1     858.5640      0.0000  0.0000  core4_1_DW_mult_tc_J21_3_5
core16_5/core4_3/mult_x_5            861.5880      0.1     861.5880      0.0000  0.0000  core4_1_DW_mult_tc_J21_2_5
core16_5/core4_3/mult_x_6            859.5720      0.1     859.5720      0.0000  0.0000  core4_1_DW_mult_tc_J21_1_5
core16_5/core4_3/mult_x_7            822.5280      0.1     822.5280      0.0000  0.0000  core4_1_DW_mult_tc_J21_0_5
core16_5/core4_4                    9832.5359      1.7       0.7560    461.5380  0.0000  core4_9
core16_5/core4_4/evalA               780.9480      0.1      25.5780      0.0000  0.0000  Eval_32_9
core16_5/core4_4/evalA/DP_OP_53J26_123_8507    196.9380     0.0    196.9380     0.0000 0.0000 Eval_32_1_DP_OP_53J26_123_8507_J26_0_5
core16_5/core4_4/evalA/DP_OP_54J26_124_3738    285.8940     0.0    285.8940     0.0000 0.0000 Eval_32_1_DP_OP_54J26_124_3738_J26_0_5
core16_5/core4_4/evalA/DP_OP_55J26_125_1305    272.5380     0.0    272.5380     0.0000 0.0000 Eval_32_1_DP_OP_55J26_125_1305_J26_0_5
core16_5/core4_4/evalB               535.1220      0.1      18.6480      0.0000  0.0000  Eval_33_9
core16_5/core4_4/evalB/DP_OP_53J24_122_4171    132.6780     0.0    132.6780     0.0000 0.0000 Eval_33_1_DP_OP_53J24_122_4171_J24_0_5
core16_5/core4_4/evalB/DP_OP_54J24_123_6227    197.8200     0.0    197.8200     0.0000 0.0000 Eval_33_1_DP_OP_54J24_123_6227_J24_0_5
core16_5/core4_4/evalB/DP_OP_55J24_124_3794    185.9760     0.0    185.9760     0.0000 0.0000 Eval_33_1_DP_OP_55J24_124_3794_J24_0_5
core16_5/core4_4/interp             2150.4420      0.4       0.7560    243.9360  0.0000  Interpolation_10
core16_5/core4_4/interp/interp      1905.7500      0.3       0.2520      0.0000  0.0000  InterpolationComb_10
core16_5/core4_4/interp/interp/DP_OP_106J25_122_5351   1905.4980     0.3   1905.4980     0.0000 0.0000 InterpolationComb_1_DP_OP_106J25_122_5351_J25_0_5
core16_5/core4_4/mult_x_1            822.5280      0.1     822.5280      0.0000  0.0000  core4_1_DW_mult_tc_J21_6_4
core16_5/core4_4/mult_x_2            822.5280      0.1     822.5280      0.0000  0.0000  core4_1_DW_mult_tc_J21_5_4
core16_5/core4_4/mult_x_3            858.5640      0.1     858.5640      0.0000  0.0000  core4_1_DW_mult_tc_J21_4_4
core16_5/core4_4/mult_x_4            858.5640      0.1     858.5640      0.0000  0.0000  core4_1_DW_mult_tc_J21_3_4
core16_5/core4_4/mult_x_5            858.5640      0.1     858.5640      0.0000  0.0000  core4_1_DW_mult_tc_J21_2_4
core16_5/core4_4/mult_x_6            860.4540      0.1     860.4540      0.0000  0.0000  core4_1_DW_mult_tc_J21_1_4
core16_5/core4_4/mult_x_7            822.5280      0.1     822.5280      0.0000  0.0000  core4_1_DW_mult_tc_J21_0_4
core16_5/core4_5                    9835.6859      1.7       0.7560    461.6640  0.0000  core4_8
core16_5/core4_5/evalA               780.9480      0.1      25.5780      0.0000  0.0000  Eval_32_8
core16_5/core4_5/evalA/DP_OP_53J26_123_8507    196.9380     0.0    196.9380     0.0000 0.0000 Eval_32_1_DP_OP_53J26_123_8507_J26_0_4
core16_5/core4_5/evalA/DP_OP_54J26_124_3738    285.8940     0.0    285.8940     0.0000 0.0000 Eval_32_1_DP_OP_54J26_124_3738_J26_0_4
core16_5/core4_5/evalA/DP_OP_55J26_125_1305    272.5380     0.0    272.5380     0.0000 0.0000 Eval_32_1_DP_OP_55J26_125_1305_J26_0_4
core16_5/core4_5/evalB               533.9880      0.1      18.6480      0.0000  0.0000  Eval_33_8
core16_5/core4_5/evalB/DP_OP_53J24_122_4171    133.3080     0.0    133.3080     0.0000 0.0000 Eval_33_1_DP_OP_53J24_122_4171_J24_0_4
core16_5/core4_5/evalB/DP_OP_54J24_123_6227    197.6940     0.0    197.6940     0.0000 0.0000 Eval_33_1_DP_OP_54J24_123_6227_J24_0_4
core16_5/core4_5/evalB/DP_OP_55J24_124_3794    184.3380     0.0    184.3380     0.0000 0.0000 Eval_33_1_DP_OP_55J24_124_3794_J24_0_4
core16_5/core4_5/interp             2150.4420      0.4       0.7560    243.9360  0.0000  Interpolation_9
core16_5/core4_5/interp/interp      1905.7500      0.3       0.2520      0.0000  0.0000  InterpolationComb_9
core16_5/core4_5/interp/interp/DP_OP_106J25_122_5351   1905.4980     0.3   1905.4980     0.0000 0.0000 InterpolationComb_1_DP_OP_106J25_122_5351_J25_0_4
core16_5/core4_5/mult_x_1            822.5280      0.1     822.5280      0.0000  0.0000  core4_1_DW_mult_tc_J21_6_3
core16_5/core4_5/mult_x_2            826.5600      0.1     826.5600      0.0000  0.0000  core4_1_DW_mult_tc_J21_5_3
core16_5/core4_5/mult_x_3            858.5640      0.1     858.5640      0.0000  0.0000  core4_1_DW_mult_tc_J21_4_3
core16_5/core4_5/mult_x_4            858.5640      0.1     858.5640      0.0000  0.0000  core4_1_DW_mult_tc_J21_3_3
core16_5/core4_5/mult_x_5            858.5640      0.1     858.5640      0.0000  0.0000  core4_1_DW_mult_tc_J21_2_3
core16_5/core4_5/mult_x_6            860.5800      0.1     860.5800      0.0000  0.0000  core4_1_DW_mult_tc_J21_1_3
core16_5/core4_5/mult_x_7            822.5280      0.1     822.5280      0.0000  0.0000  core4_1_DW_mult_tc_J21_0_3
core16_5/core4_6                    9359.6579      1.6       0.7560    461.6640  0.0000  core4_7
core16_5/core4_6/evalA               781.2000      0.1      25.8300      0.0000  0.0000  Eval_32_7
core16_5/core4_6/evalA/DP_OP_53J26_123_8507    196.9380     0.0    196.9380     0.0000 0.0000 Eval_32_1_DP_OP_53J26_123_8507_J26_0_3
core16_5/core4_6/evalA/DP_OP_54J26_124_3738    285.8940     0.0    285.8940     0.0000 0.0000 Eval_32_1_DP_OP_54J26_124_3738_J26_0_3
core16_5/core4_6/evalA/DP_OP_55J26_125_1305    272.5380     0.0    272.5380     0.0000 0.0000 Eval_32_1_DP_OP_55J26_125_1305_J26_0_3
core16_5/core4_6/evalB               533.7360      0.1      18.9000      0.0000  0.0000  Eval_33_7
core16_5/core4_6/evalB/DP_OP_53J24_122_4171    132.6780     0.0    132.6780     0.0000 0.0000 Eval_33_1_DP_OP_53J24_122_4171_J24_0_3
core16_5/core4_6/evalB/DP_OP_54J24_123_6227    197.8200     0.0    197.8200     0.0000 0.0000 Eval_33_1_DP_OP_54J24_123_6227_J24_0_3
core16_5/core4_6/evalB/DP_OP_55J24_124_3794    184.3380     0.0    184.3380     0.0000 0.0000 Eval_33_1_DP_OP_55J24_124_3794_J24_0_3
core16_5/core4_6/interp             2057.9580      0.3       0.7560    235.8720  0.0000  Interpolation_8
core16_5/core4_6/interp/interp      1821.3300      0.3       0.2520      0.0000  0.0000  InterpolationComb_8
core16_5/core4_6/interp/interp/DP_OP_106J26_122_4702   1821.0780     0.3   1821.0780     0.0000 0.0000 InterpolationComb_0_DP_OP_106J26_122_4702_J26_0_3
core16_5/core4_6/mult_x_1            633.7800      0.1     633.7800      0.0000  0.0000  core4_7_DW_mult_tc_J20_6_0
core16_5/core4_6/mult_x_2            822.5280      0.1     822.5280      0.0000  0.0000  core4_7_DW_mult_tc_J20_5_0
core16_5/core4_6/mult_x_3            858.5640      0.1     858.5640      0.0000  0.0000  core4_7_DW_mult_tc_J20_4_0
core16_5/core4_6/mult_x_4            858.5640      0.1     858.5640      0.0000  0.0000  core4_7_DW_mult_tc_J20_3_0
core16_5/core4_6/mult_x_5            858.5640      0.1     858.5640      0.0000  0.0000  core4_7_DW_mult_tc_J20_2_0
core16_5/core4_6/mult_x_6            858.5640      0.1     858.5640      0.0000  0.0000  core4_7_DW_mult_tc_J20_1_0
core16_5/core4_6/mult_x_7            633.7800      0.1     633.7800      0.0000  0.0000  core4_7_DW_mult_tc_J20_0_0
core16_5/evalA                       780.6960      0.1      25.3260      0.0000  0.0000  Eval_32_56
core16_5/evalA/DP_OP_53J26_123_8507    196.9380     0.0    196.9380      0.0000  0.0000  Eval_32_1_DP_OP_53J26_123_8507_J26_0_36
core16_5/evalA/DP_OP_54J26_124_3738    285.8940     0.0    285.8940      0.0000  0.0000  Eval_32_1_DP_OP_54J26_124_3738_J26_0_36
core16_5/evalA/DP_OP_55J26_125_1305    272.5380     0.0    272.5380      0.0000  0.0000  Eval_32_1_DP_OP_55J26_125_1305_J26_0_36
core16_5/evalA_1                     781.0740      0.1      25.7040      0.0000  0.0000  Eval_32_55
core16_5/evalA_1/DP_OP_53J26_123_8507    196.9380     0.0    196.9380     0.0000 0.0000  Eval_32_1_DP_OP_53J26_123_8507_J26_0_35
core16_5/evalA_1/DP_OP_54J26_124_3738    285.8940     0.0    285.8940     0.0000 0.0000  Eval_32_1_DP_OP_54J26_124_3738_J26_0_35
core16_5/evalA_1/DP_OP_55J26_125_1305    272.5380     0.0    272.5380     0.0000 0.0000  Eval_32_1_DP_OP_55J26_125_1305_J26_0_35
core16_5/evalA_2                     781.0740      0.1      25.7040      0.0000  0.0000  Eval_32_54
core16_5/evalA_2/DP_OP_53J26_123_8507    196.9380     0.0    196.9380     0.0000 0.0000  Eval_32_1_DP_OP_53J26_123_8507_J26_0_34
core16_5/evalA_2/DP_OP_54J26_124_3738    285.8940     0.0    285.8940     0.0000 0.0000  Eval_32_1_DP_OP_54J26_124_3738_J26_0_34
core16_5/evalA_2/DP_OP_55J26_125_1305    272.5380     0.0    272.5380     0.0000 0.0000  Eval_32_1_DP_OP_55J26_125_1305_J26_0_34
core16_5/evalA_3                     780.8220      0.1      25.4520      0.0000  0.0000  Eval_32_53
core16_5/evalA_3/DP_OP_53J26_123_8507    196.9380     0.0    196.9380     0.0000 0.0000  Eval_32_1_DP_OP_53J26_123_8507_J26_0_33
core16_5/evalA_3/DP_OP_54J26_124_3738    285.8940     0.0    285.8940     0.0000 0.0000  Eval_32_1_DP_OP_54J26_124_3738_J26_0_33
core16_5/evalA_3/DP_OP_55J26_125_1305    272.5380     0.0    272.5380     0.0000 0.0000  Eval_32_1_DP_OP_55J26_125_1305_J26_0_33
core16_5/evalB                       534.2400      0.1      19.1520      0.0000  0.0000  Eval_33_56
core16_5/evalB/DP_OP_53J24_122_4171    132.6780     0.0    132.6780      0.0000  0.0000  Eval_33_1_DP_OP_53J24_122_4171_J24_0_32
core16_5/evalB/DP_OP_54J24_123_6227    197.6940     0.0    197.6940      0.0000  0.0000  Eval_33_1_DP_OP_54J24_123_6227_J24_0_32
core16_5/evalB/DP_OP_55J24_124_3794    184.7160     0.0    184.7160      0.0000  0.0000  Eval_33_1_DP_OP_55J24_124_3794_J24_0_32
core16_5/evalB_1                     533.7360      0.1      16.8840      0.0000  0.0000  Eval_33_55
core16_5/evalB_1/DP_OP_53J24_122_4171    132.6780     0.0    132.6780     0.0000 0.0000  Eval_33_1_DP_OP_53J24_122_4171_J24_0_31
core16_5/evalB_1/DP_OP_54J24_123_6227    199.8360     0.0    199.8360     0.0000 0.0000  Eval_33_1_DP_OP_54J24_123_6227_J24_0_31
core16_5/evalB_1/DP_OP_55J24_124_3794    184.3380     0.0    184.3380     0.0000 0.0000  Eval_33_1_DP_OP_55J24_124_3794_J24_0_31
core16_5/evalB_2                     532.4760      0.1      16.8840      0.0000  0.0000  Eval_33_54
core16_5/evalB_2/DP_OP_53J24_122_4171    132.6780     0.0    132.6780     0.0000 0.0000  Eval_33_1_DP_OP_53J24_122_4171_J24_0_30
core16_5/evalB_2/DP_OP_54J24_123_6227    198.5760     0.0    198.5760     0.0000 0.0000  Eval_33_1_DP_OP_54J24_123_6227_J24_0_30
core16_5/evalB_2/DP_OP_55J24_124_3794    184.3380     0.0    184.3380     0.0000 0.0000  Eval_33_1_DP_OP_55J24_124_3794_J24_0_30
core16_5/evalB_3                     533.8620      0.1      19.1520      0.0000  0.0000  Eval_33_53
core16_5/evalB_3/DP_OP_53J24_122_4171    132.6780     0.0    132.6780     0.0000 0.0000  Eval_33_1_DP_OP_53J24_122_4171_J24_0_29
core16_5/evalB_3/DP_OP_54J24_123_6227    197.6940     0.0    197.6940     0.0000 0.0000  Eval_33_1_DP_OP_54J24_123_6227_J24_0_29
core16_5/evalB_3/DP_OP_55J24_124_3794    184.3380     0.0    184.3380     0.0000 0.0000  Eval_33_1_DP_OP_55J24_124_3794_J24_0_29
core16_5/interp                     8083.0259      1.4       0.7560    872.9280  0.0000  Interpolation_7_1
core16_5/interp/interp              7209.3419      1.2       0.2520      0.0000  0.0000  InterpolationComb_7_1
core16_5/interp/interp/DP_OP_421J11_122_5430   7209.0899     1.2   7209.0899     0.0000 0.0000 InterpolationComb_7_1_DP_OP_421J11_122_5430_J11_0_0
core16_6                           71970.0651     12.1       2.0160   1671.2640  0.0000  core16_0
core16_6/core4_0                    7345.7999      1.2       1.0080    461.6640  0.0000  core4_6
core16_6/core4_0/evalA               618.0300      0.1      18.6480      0.0000  0.0000  Eval_32_6
core16_6/core4_0/evalA/DP_OP_54J27_122_2387    160.2720     0.0    160.2720     0.0000 0.0000 Eval_32_0_DP_OP_54J27_122_2387_J27_0_1
core16_6/core4_0/evalA/DP_OP_55J27_123_8268    216.5940     0.0    216.5940     0.0000 0.0000 Eval_32_0_DP_OP_55J27_123_8268_J27_0_1
core16_6/core4_0/evalA/DP_OP_56J27_124_2036    222.5160     0.0    222.5160     0.0000 0.0000 Eval_32_0_DP_OP_56J27_124_2036_J27_0_1
core16_6/core4_0/evalB               274.0500      0.0       8.5680      0.0000  0.0000  Eval_33_6
core16_6/core4_0/evalB/DP_OP_54J24_125_8018     70.3080     0.0     70.3080     0.0000 0.0000 Eval_33_0_DP_OP_54J24_125_8018_J24_0_1
core16_6/core4_0/evalB/DP_OP_55J24_126_2896     94.6260     0.0     94.6260     0.0000 0.0000 Eval_33_0_DP_OP_55J24_126_2896_J24_0_1
core16_6/core4_0/evalB/DP_OP_56J24_127_6631    100.5480     0.0    100.5480     0.0000 0.0000 Eval_33_0_DP_OP_56J24_127_6631_J24_0_1
core16_6/core4_0/interp             2056.5720      0.3       0.7560    235.8720  0.0000  Interpolation_6
core16_6/core4_0/interp/interp      1819.9440      0.3       0.2520      0.0000  0.0000  InterpolationComb_6
core16_6/core4_0/interp/interp/DP_OP_106J26_122_4702   1819.6920     0.3   1819.6920     0.0000 0.0000 InterpolationComb_0_DP_OP_106J26_122_4702_J26_0_2
core16_6/core4_0/mult_x_1            430.6680      0.1     430.6680      0.0000  0.0000  core4_0_DW_mult_uns_J16_3_1
core16_6/core4_0/mult_x_2            630.0000      0.1     630.0000      0.0000  0.0000  core4_0_DW_mult_uns_J16_2_1
core16_6/core4_0/mult_x_3            553.1400      0.1     553.1400      0.0000  0.0000  core4_0_DW_mult_tc_J16_2_1
core16_6/core4_0/mult_x_4            561.3300      0.1     561.3300      0.0000  0.0000  core4_0_DW_mult_tc_J16_1_1
core16_6/core4_0/mult_x_5            670.3200      0.1     670.3200      0.0000  0.0000  core4_0_DW_mult_uns_J16_1_1
core16_6/core4_0/mult_x_6            658.3500      0.1     658.3500      0.0000  0.0000  core4_0_DW_mult_tc_J16_0_1
core16_6/core4_0/mult_x_7            430.6680      0.1     430.6680      0.0000  0.0000  core4_0_DW_mult_uns_J16_0_1
core16_6/core4_1                    8856.5399      1.5       1.0080    461.6640  0.0000  core4_5
core16_6/core4_1/evalA               734.0760      0.1      22.4280      0.0000  0.0000  Eval_32_5
core16_6/core4_1/evalA/DP_OP_54J25_126_5391    189.8820     0.0    189.8820     0.0000 0.0000 Eval_32_5_DP_OP_54J25_126_5391_J25_0_0
core16_6/core4_1/evalA/DP_OP_55J25_127_1056    261.3240     0.0    261.3240     0.0000 0.0000 Eval_32_5_DP_OP_55J25_127_1056_J25_0_0
core16_6/core4_1/evalA/DP_OP_56J25_128_3738    260.4420     0.0    260.4420     0.0000 0.0000 Eval_32_5_DP_OP_56J25_128_3738_J25_0_0
core16_6/core4_1/evalB               397.7820      0.1      12.3480      0.0000  0.0000  Eval_33_5
core16_6/core4_1/evalB/DP_OP_54J25_129_9656    105.9660     0.0    105.9660     0.0000 0.0000 Eval_33_5_DP_OP_54J25_129_9656_J25_0_0
core16_6/core4_1/evalB/DP_OP_55J25_130_3545    140.6160     0.0    140.6160     0.0000 0.0000 Eval_33_5_DP_OP_55J25_130_3545_J25_0_0
core16_6/core4_1/evalB/DP_OP_56J25_131_863    138.8520     0.0    138.8520     0.0000 0.0000 Eval_33_5_DP_OP_56J25_131_863_J25_0_0
core16_6/core4_1/interp             2057.9580      0.3       0.7560    235.8720  0.0000  Interpolation_5
core16_6/core4_1/interp/interp      1821.3300      0.3       0.2520      0.0000  0.0000  InterpolationComb_5
core16_6/core4_1/interp/interp/DP_OP_106J26_122_4702   1821.0780     0.3   1821.0780     0.0000 0.0000 InterpolationComb_0_DP_OP_106J26_122_4702_J26_0_1
core16_6/core4_1/mult_x_1            630.0000      0.1     630.0000      0.0000  0.0000  core4_5_DW_mult_uns_J31_3_0
core16_6/core4_1/mult_x_2            776.9160      0.1     776.9160      0.0000  0.0000  core4_5_DW_mult_uns_J31_2_0
core16_6/core4_1/mult_x_3            758.1420      0.1     758.1420      0.0000  0.0000  core4_5_DW_mult_tc_J31_2_0
core16_6/core4_1/mult_x_4            746.1720      0.1     746.1720      0.0000  0.0000  core4_5_DW_mult_tc_J31_1_0
core16_6/core4_1/mult_x_5            851.2560      0.1     851.2560      0.0000  0.0000  core4_5_DW_mult_uns_J31_1_0
core16_6/core4_1/mult_x_6            811.5660      0.1     811.5660      0.0000  0.0000  core4_5_DW_mult_tc_J31_0_0
core16_6/core4_1/mult_x_7            630.0000      0.1     630.0000      0.0000  0.0000  core4_5_DW_mult_uns_J31_0_0
core16_6/core4_2                    7971.0119      1.3       1.0080    461.6640  0.0000  core4_4
core16_6/core4_2/evalA               660.3660      0.1      20.1600      0.0000  0.0000  Eval_32_4
core16_6/core4_2/evalA/DP_OP_53J26_123_8507    169.3440     0.0    169.3440     0.0000 0.0000 Eval_32_1_DP_OP_53J26_123_8507_J26_0_2
core16_6/core4_2/evalA/DP_OP_54J26_124_3738    232.8480     0.0    232.8480     0.0000 0.0000 Eval_32_1_DP_OP_54J26_124_3738_J26_0_2
core16_6/core4_2/evalA/DP_OP_55J26_125_1305    238.0140     0.0    238.0140     0.0000 0.0000 Eval_32_1_DP_OP_55J26_125_1305_J26_0_2
core16_6/core4_2/evalB               316.1340      0.1       9.8280      0.0000  0.0000  Eval_33_4
core16_6/core4_2/evalB/DP_OP_53J24_122_4171     79.3800     0.0     79.3800     0.0000 0.0000 Eval_33_1_DP_OP_53J24_122_4171_J24_0_2
core16_6/core4_2/evalB/DP_OP_54J24_123_6227    111.2580     0.0    111.2580     0.0000 0.0000 Eval_33_1_DP_OP_54J24_123_6227_J24_0_2
core16_6/core4_2/evalB/DP_OP_55J24_124_3794    115.6680     0.0    115.6680     0.0000 0.0000 Eval_33_1_DP_OP_55J24_124_3794_J24_0_2
core16_6/core4_2/interp             2150.4420      0.4       0.7560    243.9360  0.0000  Interpolation_4
core16_6/core4_2/interp/interp      1905.7500      0.3       0.2520      0.0000  0.0000  InterpolationComb_4
core16_6/core4_2/interp/interp/DP_OP_106J25_122_5351   1905.4980     0.3   1905.4980     0.0000 0.0000 InterpolationComb_1_DP_OP_106J25_122_5351_J25_0_3
core16_6/core4_2/mult_x_1            539.1540      0.1     539.1540      0.0000  0.0000  core4_1_DW_mult_tc_J21_6_2
core16_6/core4_2/mult_x_2            658.2240      0.1     658.2240      0.0000  0.0000  core4_1_DW_mult_tc_J21_5_2
core16_6/core4_2/mult_x_3            595.0980      0.1     595.0980      0.0000  0.0000  core4_1_DW_mult_tc_J21_4_2
core16_6/core4_2/mult_x_4            643.2300      0.1     643.2300      0.0000  0.0000  core4_1_DW_mult_tc_J21_3_2
core16_6/core4_2/mult_x_5            676.8720      0.1     676.8720      0.0000  0.0000  core4_1_DW_mult_tc_J21_2_2
core16_6/core4_2/mult_x_6            729.6660      0.1     729.6660      0.0000  0.0000  core4_1_DW_mult_tc_J21_1_2
core16_6/core4_2/mult_x_7            539.1540      0.1     539.1540      0.0000  0.0000  core4_1_DW_mult_tc_J21_0_2
core16_6/core4_3                    9261.3779      1.6       0.7560    461.6640  0.0000  core4_3
core16_6/core4_3/evalA               780.3180      0.1      24.9480      0.0000  0.0000  Eval_32_3
core16_6/core4_3/evalA/DP_OP_53J26_123_8507    196.9380     0.0    196.9380     0.0000 0.0000 Eval_32_1_DP_OP_53J26_123_8507_J26_0_1
core16_6/core4_3/evalA/DP_OP_54J26_124_3738    285.8940     0.0    285.8940     0.0000 0.0000 Eval_32_1_DP_OP_54J26_124_3738_J26_0_1
core16_6/core4_3/evalA/DP_OP_55J26_125_1305    272.5380     0.0    272.5380     0.0000 0.0000 Eval_32_1_DP_OP_55J26_125_1305_J26_0_1
core16_6/core4_3/evalB               532.3500      0.1      17.3880      0.0000  0.0000  Eval_33_3
core16_6/core4_3/evalB/DP_OP_53J24_122_4171    132.6780     0.0    132.6780     0.0000 0.0000 Eval_33_1_DP_OP_53J24_122_4171_J24_0_1
core16_6/core4_3/evalB/DP_OP_54J24_123_6227    197.6940     0.0    197.6940     0.0000 0.0000 Eval_33_1_DP_OP_54J24_123_6227_J24_0_1
core16_6/core4_3/evalB/DP_OP_55J24_124_3794    184.5900     0.0    184.5900     0.0000 0.0000 Eval_33_1_DP_OP_55J24_124_3794_J24_0_1
core16_6/core4_3/interp             2150.4420      0.4       0.7560    243.9360  0.0000  Interpolation_3
core16_6/core4_3/interp/interp      1905.7500      0.3       0.2520      0.0000  0.0000  InterpolationComb_3
core16_6/core4_3/interp/interp/DP_OP_106J25_122_5351   1905.4980     0.3   1905.4980     0.0000 0.0000 InterpolationComb_1_DP_OP_106J25_122_5351_J25_0_2
core16_6/core4_3/mult_x_1            539.5320      0.1     539.5320      0.0000  0.0000  core4_1_DW_mult_tc_J21_6_1
core16_6/core4_3/mult_x_2            822.5280      0.1     822.5280      0.0000  0.0000  core4_1_DW_mult_tc_J21_5_1
core16_6/core4_3/mult_x_3            858.5640      0.1     858.5640      0.0000  0.0000  core4_1_DW_mult_tc_J21_4_1
core16_6/core4_3/mult_x_4            858.5640      0.1     858.5640      0.0000  0.0000  core4_1_DW_mult_tc_J21_3_1
core16_6/core4_3/mult_x_5            858.5640      0.1     858.5640      0.0000  0.0000  core4_1_DW_mult_tc_J21_2_1
core16_6/core4_3/mult_x_6            858.5640      0.1     858.5640      0.0000  0.0000  core4_1_DW_mult_tc_J21_1_1
core16_6/core4_3/mult_x_7            539.5320      0.1     539.5320      0.0000  0.0000  core4_1_DW_mult_tc_J21_0_1
core16_6/core4_4                    8859.8159      1.5       1.0080    461.5380  0.0000  core4_2
core16_6/core4_4/evalA               735.5880      0.1      22.4280      0.0000  0.0000  Eval_32_2
core16_6/core4_4/evalA/DP_OP_54J16_122_8893    190.3860     0.0    190.3860     0.0000 0.0000 Eval_32_2_DP_OP_54J16_122_8893_J16_0_0
core16_6/core4_4/evalA/DP_OP_55J16_123_92    258.8040     0.0    258.8040     0.0000 0.0000 Eval_32_2_DP_OP_55J16_123_92_J16_0_0
core16_6/core4_4/evalA/DP_OP_56J16_124_3580    263.9700     0.0    263.9700     0.0000 0.0000 Eval_32_2_DP_OP_56J16_124_3580_J16_0_0
core16_6/core4_4/evalB               399.0420      0.1      13.3560      0.0000  0.0000  Eval_33_2
core16_6/core4_4/evalB/DP_OP_54J21_125_5690    102.4380     0.0    102.4380     0.0000 0.0000 Eval_33_2_DP_OP_54J21_125_5690_J21_0_0
core16_6/core4_4/evalB/DP_OP_55J21_126_3915    140.4900     0.0    140.4900     0.0000 0.0000 Eval_33_2_DP_OP_55J21_126_3915_J21_0_0
core16_6/core4_4/evalB/DP_OP_56J21_127_920    142.7580     0.0    142.7580     0.0000 0.0000 Eval_33_2_DP_OP_56J21_127_920_J21_0_0
core16_6/core4_4/interp             2150.4420      0.4       0.7560    243.9360  0.0000  Interpolation_2
core16_6/core4_4/interp/interp      1905.7500      0.3       0.2520      0.0000  0.0000  InterpolationComb_2
core16_6/core4_4/interp/interp/DP_OP_106J25_122_5351   1905.4980     0.3   1905.4980     0.0000 0.0000 InterpolationComb_1_DP_OP_106J25_122_5351_J25_0_1
core16_6/core4_4/mult_x_1            650.7900      0.1     650.7900      0.0000  0.0000  core4_2_DW_mult_uns_J33_3_0
core16_6/core4_4/mult_x_2            803.3760      0.1     803.3760      0.0000  0.0000  core4_2_DW_mult_uns_J33_2_0
core16_6/core4_4/mult_x_3            701.9460      0.1     701.9460      0.0000  0.0000  core4_2_DW_mult_tc_J33_2_0
core16_6/core4_4/mult_x_4            725.8860      0.1     725.8860      0.0000  0.0000  core4_2_DW_mult_tc_J33_1_0
core16_6/core4_4/mult_x_5            781.0740      0.1     781.0740      0.0000  0.0000  core4_2_DW_mult_uns_J33_1_0
core16_6/core4_4/mult_x_6            798.3360      0.1     798.3360      0.0000  0.0000  core4_2_DW_mult_tc_J33_0_0
core16_6/core4_4/mult_x_7            650.7900      0.1     650.7900      0.0000  0.0000  core4_2_DW_mult_uns_J33_0_0
core16_6/core4_5                    9451.2599      1.6       0.7560    461.5380  0.0000  core4_1
core16_6/core4_5/evalA               781.0740      0.1      25.7040      0.0000  0.0000  Eval_32_1
core16_6/core4_5/evalA/DP_OP_53J26_123_8507    196.9380     0.0    196.9380     0.0000 0.0000 Eval_32_1_DP_OP_53J26_123_8507_J26_0_0
core16_6/core4_5/evalA/DP_OP_54J26_124_3738    285.8940     0.0    285.8940     0.0000 0.0000 Eval_32_1_DP_OP_54J26_124_3738_J26_0_0
core16_6/core4_5/evalA/DP_OP_55J26_125_1305    272.5380     0.0    272.5380     0.0000 0.0000 Eval_32_1_DP_OP_55J26_125_1305_J26_0_0
core16_6/core4_5/evalB               533.1060      0.1      18.3960      0.0000  0.0000  Eval_33_1
core16_6/core4_5/evalB/DP_OP_53J24_122_4171    132.6780     0.0    132.6780     0.0000 0.0000 Eval_33_1_DP_OP_53J24_122_4171_J24_0_0
core16_6/core4_5/evalB/DP_OP_54J24_123_6227    197.6940     0.0    197.6940     0.0000 0.0000 Eval_33_1_DP_OP_54J24_123_6227_J24_0_0
core16_6/core4_5/evalB/DP_OP_55J24_124_3794    184.3380     0.0    184.3380     0.0000 0.0000 Eval_33_1_DP_OP_55J24_124_3794_J24_0_0
core16_6/core4_5/interp             2150.4420      0.4       0.7560    243.9360  0.0000  Interpolation_1
core16_6/core4_5/interp/interp      1905.7500      0.3       0.2520      0.0000  0.0000  InterpolationComb_1
core16_6/core4_5/interp/interp/DP_OP_106J25_122_5351   1905.4980     0.3   1905.4980     0.0000 0.0000 InterpolationComb_1_DP_OP_106J25_122_5351_J25_0_0
core16_6/core4_5/mult_x_1            633.7800      0.1     633.7800      0.0000  0.0000  core4_1_DW_mult_tc_J21_6_0
core16_6/core4_5/mult_x_2            822.5280      0.1     822.5280      0.0000  0.0000  core4_1_DW_mult_tc_J21_5_0
core16_6/core4_5/mult_x_3            858.5640      0.1     858.5640      0.0000  0.0000  core4_1_DW_mult_tc_J21_4_0
core16_6/core4_5/mult_x_4            858.5640      0.1     858.5640      0.0000  0.0000  core4_1_DW_mult_tc_J21_3_0
core16_6/core4_5/mult_x_5            858.5640      0.1     858.5640      0.0000  0.0000  core4_1_DW_mult_tc_J21_2_0
core16_6/core4_5/mult_x_6            858.5640      0.1     858.5640      0.0000  0.0000  core4_1_DW_mult_tc_J21_1_0
core16_6/core4_5/mult_x_7            633.7800      0.1     633.7800      0.0000  0.0000  core4_1_DW_mult_tc_J21_0_0
core16_6/core4_6                    7346.1779      1.2       1.0080    461.6640  0.0000  core4_0
core16_6/core4_6/evalA               618.0300      0.1      18.6480      0.0000  0.0000  Eval_32_0
core16_6/core4_6/evalA/DP_OP_54J27_122_2387    160.2720     0.0    160.2720     0.0000 0.0000 Eval_32_0_DP_OP_54J27_122_2387_J27_0_0
core16_6/core4_6/evalA/DP_OP_55J27_123_8268    216.5940     0.0    216.5940     0.0000 0.0000 Eval_32_0_DP_OP_55J27_123_8268_J27_0_0
core16_6/core4_6/evalA/DP_OP_56J27_124_2036    222.5160     0.0    222.5160     0.0000 0.0000 Eval_32_0_DP_OP_56J27_124_2036_J27_0_0
core16_6/core4_6/evalB               274.0500      0.0       8.5680      0.0000  0.0000  Eval_33_0
core16_6/core4_6/evalB/DP_OP_54J24_125_8018     70.3080     0.0     70.3080     0.0000 0.0000 Eval_33_0_DP_OP_54J24_125_8018_J24_0_0
core16_6/core4_6/evalB/DP_OP_55J24_126_2896     94.6260     0.0     94.6260     0.0000 0.0000 Eval_33_0_DP_OP_55J24_126_2896_J24_0_0
core16_6/core4_6/evalB/DP_OP_56J24_127_6631    100.5480     0.0    100.5480     0.0000 0.0000 Eval_33_0_DP_OP_56J24_127_6631_J24_0_0
core16_6/core4_6/interp             2057.9580      0.3       0.7560    235.8720  0.0000  Interpolation_0
core16_6/core4_6/interp/interp      1821.3300      0.3       0.2520      0.0000  0.0000  InterpolationComb_0
core16_6/core4_6/interp/interp/DP_OP_106J26_122_4702   1821.0780     0.3   1821.0780     0.0000 0.0000 InterpolationComb_0_DP_OP_106J26_122_4702_J26_0_0
core16_6/core4_6/mult_x_1            430.6680      0.1     430.6680      0.0000  0.0000  core4_0_DW_mult_uns_J16_3_0
core16_6/core4_6/mult_x_2            630.0000      0.1     630.0000      0.0000  0.0000  core4_0_DW_mult_uns_J16_2_0
core16_6/core4_6/mult_x_3            553.1400      0.1     553.1400      0.0000  0.0000  core4_0_DW_mult_tc_J16_2_0
core16_6/core4_6/mult_x_4            561.3300      0.1     561.3300      0.0000  0.0000  core4_0_DW_mult_tc_J16_1_0
core16_6/core4_6/mult_x_5            670.3200      0.1     670.3200      0.0000  0.0000  core4_0_DW_mult_uns_J16_1_0
core16_6/core4_6/mult_x_6            657.3420      0.1     657.3420      0.0000  0.0000  core4_0_DW_mult_tc_J16_0_0
core16_6/core4_6/mult_x_7            430.6680      0.1     430.6680      0.0000  0.0000  core4_0_DW_mult_uns_J16_0_0
core16_6/evalA                       618.0300      0.1      18.6480      0.0000  0.0000  Eval_32_52
core16_6/evalA/DP_OP_54J33_122_4711    160.2720     0.0    160.2720      0.0000  0.0000  Eval_32_49_DP_OP_54J33_122_4711_J33_0_3
core16_6/evalA/DP_OP_55J33_123_8408    216.5940     0.0    216.5940      0.0000  0.0000  Eval_32_49_DP_OP_55J33_123_8408_J33_0_3
core16_6/evalA/DP_OP_56J33_124_9411    222.5160     0.0    222.5160      0.0000  0.0000  Eval_32_49_DP_OP_56J33_124_9411_J33_0_3
core16_6/evalA_1                     617.9040      0.1      18.5220      0.0000  0.0000  Eval_32_51
core16_6/evalA_1/DP_OP_54J33_122_4711    160.2720     0.0    160.2720     0.0000 0.0000  Eval_32_49_DP_OP_54J33_122_4711_J33_0_2
core16_6/evalA_1/DP_OP_55J33_123_8408    216.5940     0.0    216.5940     0.0000 0.0000  Eval_32_49_DP_OP_55J33_123_8408_J33_0_2
core16_6/evalA_1/DP_OP_56J33_124_9411    222.5160     0.0    222.5160     0.0000 0.0000  Eval_32_49_DP_OP_56J33_124_9411_J33_0_2
core16_6/evalA_2                     617.9040      0.1      18.5220      0.0000  0.0000  Eval_32_50
core16_6/evalA_2/DP_OP_54J33_122_4711    160.2720     0.0    160.2720     0.0000 0.0000  Eval_32_49_DP_OP_54J33_122_4711_J33_0_1
core16_6/evalA_2/DP_OP_55J33_123_8408    216.5940     0.0    216.5940     0.0000 0.0000  Eval_32_49_DP_OP_55J33_123_8408_J33_0_1
core16_6/evalA_2/DP_OP_56J33_124_9411    222.5160     0.0    222.5160     0.0000 0.0000  Eval_32_49_DP_OP_56J33_124_9411_J33_0_1
core16_6/evalA_3                     618.0300      0.1      18.6480      0.0000  0.0000  Eval_32_49
core16_6/evalA_3/DP_OP_54J33_122_4711    160.2720     0.0    160.2720     0.0000 0.0000  Eval_32_49_DP_OP_54J33_122_4711_J33_0_0
core16_6/evalA_3/DP_OP_55J33_123_8408    216.5940     0.0    216.5940     0.0000 0.0000  Eval_32_49_DP_OP_55J33_123_8408_J33_0_0
core16_6/evalA_3/DP_OP_56J33_124_9411    222.5160     0.0    222.5160     0.0000 0.0000  Eval_32_49_DP_OP_56J33_124_9411_J33_0_0
core16_6/evalB                       274.9320      0.0       8.8200      0.0000  0.0000  Eval_33_52
core16_6/evalB/DP_OP_54J19_125_1419     70.3080     0.0     70.3080      0.0000  0.0000  Eval_33_49_DP_OP_54J19_125_1419_J19_0_3
core16_6/evalB/DP_OP_55J19_126_8970     95.5080     0.0     95.5080      0.0000  0.0000  Eval_33_49_DP_OP_55J19_126_8970_J19_0_3
core16_6/evalB/DP_OP_56J19_127_2738    100.2960     0.0    100.2960      0.0000  0.0000  Eval_33_49_DP_OP_56J19_127_2738_J19_0_3
core16_6/evalB_1                     274.6800      0.0       7.9380      0.0000  0.0000  Eval_33_51
core16_6/evalB_1/DP_OP_54J19_125_1419     71.5680     0.0     71.5680     0.0000 0.0000  Eval_33_49_DP_OP_54J19_125_1419_J19_0_2
core16_6/evalB_1/DP_OP_55J19_126_8970     94.6260     0.0     94.6260     0.0000 0.0000  Eval_33_49_DP_OP_55J19_126_8970_J19_0_2
core16_6/evalB_1/DP_OP_56J19_127_2738    100.5480     0.0    100.5480     0.0000 0.0000  Eval_33_49_DP_OP_56J19_127_2738_J19_0_2
core16_6/evalB_2                     273.4200      0.0       7.9380      0.0000  0.0000  Eval_33_50
core16_6/evalB_2/DP_OP_54J19_125_1419     70.3080     0.0     70.3080     0.0000 0.0000  Eval_33_49_DP_OP_54J19_125_1419_J19_0_1
core16_6/evalB_2/DP_OP_55J19_126_8970     94.6260     0.0     94.6260     0.0000 0.0000  Eval_33_49_DP_OP_55J19_126_8970_J19_0_1
core16_6/evalB_2/DP_OP_56J19_127_2738    100.5480     0.0    100.5480     0.0000 0.0000  Eval_33_49_DP_OP_56J19_127_2738_J19_0_1
core16_6/evalB_3                     274.3020      0.0       8.8200      0.0000  0.0000  Eval_33_49
core16_6/evalB_3/DP_OP_54J19_125_1419     70.3080     0.0     70.3080     0.0000 0.0000  Eval_33_49_DP_OP_54J19_125_1419_J19_0_0
core16_6/evalB_3/DP_OP_55J19_126_8970     94.6260     0.0     94.6260     0.0000 0.0000  Eval_33_49_DP_OP_55J19_126_8970_J19_0_0
core16_6/evalB_3/DP_OP_56J19_127_2738    100.5480     0.0    100.5480     0.0000 0.0000  Eval_33_49_DP_OP_56J19_127_2738_J19_0_0
core16_6/interp                     7635.5999      1.3       0.7560    840.6720  0.0000  Interpolation_7_0
core16_6/interp/interp              6794.1719      1.1       0.2520      0.0000  0.0000  InterpolationComb_7_0
core16_6/interp/interp/DP_OP_421J12_122_2675   6793.9199     1.1   6793.9199     0.0000 0.0000 InterpolationComb_7_0_DP_OP_421J12_122_2675_J12_0_0
evalA                                616.8960      0.1      21.6720      0.0000  0.0000  Eval_16
evalA/DP_OP_52J19_122_6887           160.2720      0.0     160.2720      0.0000  0.0000  Eval_0_DP_OP_52J19_122_6887_J19_0_15
evalA/DP_OP_53J19_123_2684           213.9480      0.0     213.9480      0.0000  0.0000  Eval_0_DP_OP_53J19_123_2684_J19_0_15
evalA/DP_OP_54J19_124_8373           221.0040      0.0     221.0040      0.0000  0.0000  Eval_0_DP_OP_54J19_124_8373_J19_0_15
evalA_1                              617.9040      0.1      22.5540      0.0000  0.0000  Eval_15
evalA_1/DP_OP_52J19_122_6887         160.2720      0.0     160.2720      0.0000  0.0000  Eval_0_DP_OP_52J19_122_6887_J19_0_14
evalA_1/DP_OP_53J19_123_2684         213.9480      0.0     213.9480      0.0000  0.0000  Eval_0_DP_OP_53J19_123_2684_J19_0_14
evalA_1/DP_OP_54J19_124_8373         221.1300      0.0     221.1300      0.0000  0.0000  Eval_0_DP_OP_54J19_124_8373_J19_0_14
evalA_10                             617.9040      0.1      22.5540      0.0000  0.0000  Eval_6
evalA_10/DP_OP_52J19_122_6887        160.2720      0.0     160.2720      0.0000  0.0000  Eval_0_DP_OP_52J19_122_6887_J19_0_5
evalA_10/DP_OP_53J19_123_2684        213.9480      0.0     213.9480      0.0000  0.0000  Eval_0_DP_OP_53J19_123_2684_J19_0_5
evalA_10/DP_OP_54J19_124_8373        221.1300      0.0     221.1300      0.0000  0.0000  Eval_0_DP_OP_54J19_124_8373_J19_0_5
evalA_11                             617.2740      0.1      22.0500      0.0000  0.0000  Eval_5
evalA_11/DP_OP_52J19_122_6887        160.2720      0.0     160.2720      0.0000  0.0000  Eval_0_DP_OP_52J19_122_6887_J19_0_4
evalA_11/DP_OP_53J19_123_2684        213.9480      0.0     213.9480      0.0000  0.0000  Eval_0_DP_OP_53J19_123_2684_J19_0_4
evalA_11/DP_OP_54J19_124_8373        221.0040      0.0     221.0040      0.0000  0.0000  Eval_0_DP_OP_54J19_124_8373_J19_0_4
evalA_12                             616.1400      0.1      20.9160      0.0000  0.0000  Eval_4
evalA_12/DP_OP_52J19_122_6887        160.2720      0.0     160.2720      0.0000  0.0000  Eval_0_DP_OP_52J19_122_6887_J19_0_3
evalA_12/DP_OP_53J19_123_2684        213.9480      0.0     213.9480      0.0000  0.0000  Eval_0_DP_OP_53J19_123_2684_J19_0_3
evalA_12/DP_OP_54J19_124_8373        221.0040      0.0     221.0040      0.0000  0.0000  Eval_0_DP_OP_54J19_124_8373_J19_0_3
evalA_13                             617.9040      0.1      22.5540      0.0000  0.0000  Eval_3
evalA_13/DP_OP_52J19_122_6887        160.2720      0.0     160.2720      0.0000  0.0000  Eval_0_DP_OP_52J19_122_6887_J19_0_2
evalA_13/DP_OP_53J19_123_2684        213.9480      0.0     213.9480      0.0000  0.0000  Eval_0_DP_OP_53J19_123_2684_J19_0_2
evalA_13/DP_OP_54J19_124_8373        221.1300      0.0     221.1300      0.0000  0.0000  Eval_0_DP_OP_54J19_124_8373_J19_0_2
evalA_14                             617.9040      0.1      22.5540      0.0000  0.0000  Eval_2
evalA_14/DP_OP_52J19_122_6887        160.2720      0.0     160.2720      0.0000  0.0000  Eval_0_DP_OP_52J19_122_6887_J19_0_1
evalA_14/DP_OP_53J19_123_2684        213.9480      0.0     213.9480      0.0000  0.0000  Eval_0_DP_OP_53J19_123_2684_J19_0_1
evalA_14/DP_OP_54J19_124_8373        221.1300      0.0     221.1300      0.0000  0.0000  Eval_0_DP_OP_54J19_124_8373_J19_0_1
evalA_15                             615.8880      0.1      20.6640      0.0000  0.0000  Eval_0
evalA_15/DP_OP_52J19_122_6887        160.2720      0.0     160.2720      0.0000  0.0000  Eval_0_DP_OP_52J19_122_6887_J19_0_0
evalA_15/DP_OP_53J19_123_2684        213.9480      0.0     213.9480      0.0000  0.0000  Eval_0_DP_OP_53J19_123_2684_J19_0_0
evalA_15/DP_OP_54J19_124_8373        221.0040      0.0     221.0040      0.0000  0.0000  Eval_0_DP_OP_54J19_124_8373_J19_0_0
evalA_2                              617.9040      0.1      22.5540      0.0000  0.0000  Eval_14
evalA_2/DP_OP_52J19_122_6887         160.2720      0.0     160.2720      0.0000  0.0000  Eval_0_DP_OP_52J19_122_6887_J19_0_13
evalA_2/DP_OP_53J19_123_2684         213.9480      0.0     213.9480      0.0000  0.0000  Eval_0_DP_OP_53J19_123_2684_J19_0_13
evalA_2/DP_OP_54J19_124_8373         221.1300      0.0     221.1300      0.0000  0.0000  Eval_0_DP_OP_54J19_124_8373_J19_0_13
evalA_3                              616.5180      0.1      21.2940      0.0000  0.0000  Eval_13
evalA_3/DP_OP_52J19_122_6887         160.2720      0.0     160.2720      0.0000  0.0000  Eval_0_DP_OP_52J19_122_6887_J19_0_12
evalA_3/DP_OP_53J19_123_2684         213.9480      0.0     213.9480      0.0000  0.0000  Eval_0_DP_OP_53J19_123_2684_J19_0_12
evalA_3/DP_OP_54J19_124_8373         221.0040      0.0     221.0040      0.0000  0.0000  Eval_0_DP_OP_54J19_124_8373_J19_0_12
evalA_4                              617.1480      0.1      21.9240      0.0000  0.0000  Eval_12
evalA_4/DP_OP_52J19_122_6887         160.2720      0.0     160.2720      0.0000  0.0000  Eval_0_DP_OP_52J19_122_6887_J19_0_11
evalA_4/DP_OP_53J19_123_2684         213.9480      0.0     213.9480      0.0000  0.0000  Eval_0_DP_OP_53J19_123_2684_J19_0_11
evalA_4/DP_OP_54J19_124_8373         221.0040      0.0     221.0040      0.0000  0.0000  Eval_0_DP_OP_54J19_124_8373_J19_0_11
evalA_5                              617.9040      0.1      22.5540      0.0000  0.0000  Eval_11
evalA_5/DP_OP_52J19_122_6887         160.2720      0.0     160.2720      0.0000  0.0000  Eval_0_DP_OP_52J19_122_6887_J19_0_10
evalA_5/DP_OP_53J19_123_2684         213.9480      0.0     213.9480      0.0000  0.0000  Eval_0_DP_OP_53J19_123_2684_J19_0_10
evalA_5/DP_OP_54J19_124_8373         221.1300      0.0     221.1300      0.0000  0.0000  Eval_0_DP_OP_54J19_124_8373_J19_0_10
evalA_6                              617.9040      0.1      22.5540      0.0000  0.0000  Eval_10
evalA_6/DP_OP_52J19_122_6887         160.2720      0.0     160.2720      0.0000  0.0000  Eval_0_DP_OP_52J19_122_6887_J19_0_9
evalA_6/DP_OP_53J19_123_2684         213.9480      0.0     213.9480      0.0000  0.0000  Eval_0_DP_OP_53J19_123_2684_J19_0_9
evalA_6/DP_OP_54J19_124_8373         221.1300      0.0     221.1300      0.0000  0.0000  Eval_0_DP_OP_54J19_124_8373_J19_0_9
evalA_7                              617.2740      0.1      22.0500      0.0000  0.0000  Eval_9
evalA_7/DP_OP_52J19_122_6887         160.2720      0.0     160.2720      0.0000  0.0000  Eval_0_DP_OP_52J19_122_6887_J19_0_8
evalA_7/DP_OP_53J19_123_2684         213.9480      0.0     213.9480      0.0000  0.0000  Eval_0_DP_OP_53J19_123_2684_J19_0_8
evalA_7/DP_OP_54J19_124_8373         221.0040      0.0     221.0040      0.0000  0.0000  Eval_0_DP_OP_54J19_124_8373_J19_0_8
evalA_8                              617.1480      0.1      21.9240      0.0000  0.0000  Eval_8
evalA_8/DP_OP_52J19_122_6887         160.2720      0.0     160.2720      0.0000  0.0000  Eval_0_DP_OP_52J19_122_6887_J19_0_7
evalA_8/DP_OP_53J19_123_2684         213.9480      0.0     213.9480      0.0000  0.0000  Eval_0_DP_OP_53J19_123_2684_J19_0_7
evalA_8/DP_OP_54J19_124_8373         221.0040      0.0     221.0040      0.0000  0.0000  Eval_0_DP_OP_54J19_124_8373_J19_0_7
evalA_9                              617.9040      0.1      22.5540      0.0000  0.0000  Eval_7
evalA_9/DP_OP_52J19_122_6887         160.2720      0.0     160.2720      0.0000  0.0000  Eval_0_DP_OP_52J19_122_6887_J19_0_6
evalA_9/DP_OP_53J19_123_2684         213.9480      0.0     213.9480      0.0000  0.0000  Eval_0_DP_OP_53J19_123_2684_J19_0_6
evalA_9/DP_OP_54J19_124_8373         221.1300      0.0     221.1300      0.0000  0.0000  Eval_0_DP_OP_54J19_124_8373_J19_0_6
evalB                                274.9320      0.0      14.6160      0.0000  0.0000  Eval_1_15
evalB/DP_OP_52J27_125_4583            70.3080      0.0      70.3080      0.0000  0.0000  Eval_1_0_DP_OP_52J27_125_4583_J27_0_15
evalB/DP_OP_53J27_126_8511            92.2320      0.0      92.2320      0.0000  0.0000  Eval_1_0_DP_OP_53J27_126_8511_J27_0_15
evalB/DP_OP_54J27_127_5286            97.7760      0.0      97.7760      0.0000  0.0000  Eval_1_0_DP_OP_54J27_127_5286_J27_0_15
evalB_1                              275.0580      0.0      14.9940      0.0000  0.0000  Eval_1_14
evalB_1/DP_OP_52J27_125_4583          71.3160      0.0      71.3160      0.0000  0.0000  Eval_1_0_DP_OP_52J27_125_4583_J27_0_14
evalB_1/DP_OP_53J27_126_8511          91.0980      0.0      91.0980      0.0000  0.0000  Eval_1_0_DP_OP_53J27_126_8511_J27_0_14
evalB_1/DP_OP_54J27_127_5286          97.6500      0.0      97.6500      0.0000  0.0000  Eval_1_0_DP_OP_54J27_127_5286_J27_0_14
evalB_10                             274.3020      0.0      14.9940      0.0000  0.0000  Eval_1_5
evalB_10/DP_OP_52J27_125_4583         70.3080      0.0      70.3080      0.0000  0.0000  Eval_1_0_DP_OP_52J27_125_4583_J27_0_5
evalB_10/DP_OP_53J27_126_8511         90.4680      0.0      90.4680      0.0000  0.0000  Eval_1_0_DP_OP_53J27_126_8511_J27_0_5
evalB_10/DP_OP_54J27_127_5286         98.5320      0.0      98.5320      0.0000  0.0000  Eval_1_0_DP_OP_54J27_127_5286_J27_0_5
evalB_11                             276.8220      0.0      11.7180      0.0000  0.0000  Eval_1_4
evalB_11/DP_OP_52J27_125_4583         72.5760      0.0      72.5760      0.0000  0.0000  Eval_1_0_DP_OP_52J27_125_4583_J27_0_4
evalB_11/DP_OP_53J27_126_8511         95.0040      0.0      95.0040      0.0000  0.0000  Eval_1_0_DP_OP_53J27_126_8511_J27_0_4
evalB_11/DP_OP_54J27_127_5286         97.5240      0.0      97.5240      0.0000  0.0000  Eval_1_0_DP_OP_54J27_127_5286_J27_0_4
evalB_12                             274.0500      0.0      13.8600      0.0000  0.0000  Eval_1_3
evalB_12/DP_OP_52J27_125_4583         70.3080      0.0      70.3080      0.0000  0.0000  Eval_1_0_DP_OP_52J27_125_4583_J27_0_3
evalB_12/DP_OP_53J27_126_8511         90.4680      0.0      90.4680      0.0000  0.0000  Eval_1_0_DP_OP_53J27_126_8511_J27_0_3
evalB_12/DP_OP_54J27_127_5286         99.4140      0.0      99.4140      0.0000  0.0000  Eval_1_0_DP_OP_54J27_127_5286_J27_0_3
evalB_13                             276.9480      0.0      14.9940      0.0000  0.0000  Eval_1_2
evalB_13/DP_OP_52J27_125_4583         70.3080      0.0      70.3080      0.0000  0.0000  Eval_1_0_DP_OP_52J27_125_4583_J27_0_2
evalB_13/DP_OP_53J27_126_8511         90.4680      0.0      90.4680      0.0000  0.0000  Eval_1_0_DP_OP_53J27_126_8511_J27_0_2
evalB_13/DP_OP_54J27_127_5286        101.1780      0.0     101.1780      0.0000  0.0000  Eval_1_0_DP_OP_54J27_127_5286_J27_0_2
evalB_14                             277.5780      0.0      14.9940      0.0000  0.0000  Eval_1_1
evalB_14/DP_OP_52J27_125_4583         70.9380      0.0      70.9380      0.0000  0.0000  Eval_1_0_DP_OP_52J27_125_4583_J27_0_1
evalB_14/DP_OP_53J27_126_8511         90.8460      0.0      90.8460      0.0000  0.0000  Eval_1_0_DP_OP_53J27_126_8511_J27_0_1
evalB_14/DP_OP_54J27_127_5286        100.8000      0.0     100.8000      0.0000  0.0000  Eval_1_0_DP_OP_54J27_127_5286_J27_0_1
evalB_15                             275.1840      0.0      15.2460      0.0000  0.0000  Eval_1_0
evalB_15/DP_OP_52J27_125_4583         70.1820      0.0      70.1820      0.0000  0.0000  Eval_1_0_DP_OP_52J27_125_4583_J27_0_0
evalB_15/DP_OP_53J27_126_8511         91.8540      0.0      91.8540      0.0000  0.0000  Eval_1_0_DP_OP_53J27_126_8511_J27_0_0
evalB_15/DP_OP_54J27_127_5286         97.9020      0.0      97.9020      0.0000  0.0000  Eval_1_0_DP_OP_54J27_127_5286_J27_0_0
evalB_2                              275.5620      0.0      14.9940      0.0000  0.0000  Eval_1_13
evalB_2/DP_OP_52J27_125_4583          70.3080      0.0      70.3080      0.0000  0.0000  Eval_1_0_DP_OP_52J27_125_4583_J27_0_13
evalB_2/DP_OP_53J27_126_8511          90.4680      0.0      90.4680      0.0000  0.0000  Eval_1_0_DP_OP_53J27_126_8511_J27_0_13
evalB_2/DP_OP_54J27_127_5286          99.7920      0.0      99.7920      0.0000  0.0000  Eval_1_0_DP_OP_54J27_127_5286_J27_0_13
evalB_3                              275.4360      0.0      15.1200      0.0000  0.0000  Eval_1_12
evalB_3/DP_OP_52J27_125_4583          70.9380      0.0      70.9380      0.0000  0.0000  Eval_1_0_DP_OP_52J27_125_4583_J27_0_12
evalB_3/DP_OP_53J27_126_8511          91.8540      0.0      91.8540      0.0000  0.0000  Eval_1_0_DP_OP_53J27_126_8511_J27_0_12
evalB_3/DP_OP_54J27_127_5286          97.5240      0.0      97.5240      0.0000  0.0000  Eval_1_0_DP_OP_54J27_127_5286_J27_0_12
evalB_4                              269.0100      0.0      10.7100      0.0000  0.0000  Eval_1_11
evalB_4/DP_OP_52J27_125_4583          70.3080      0.0      70.3080      0.0000  0.0000  Eval_1_0_DP_OP_52J27_125_4583_J27_0_11
evalB_4/DP_OP_53J27_126_8511          90.4680      0.0      90.4680      0.0000  0.0000  Eval_1_0_DP_OP_53J27_126_8511_J27_0_11
evalB_4/DP_OP_54J27_127_5286          97.5240      0.0      97.5240      0.0000  0.0000  Eval_1_0_DP_OP_54J27_127_5286_J27_0_11
evalB_5                              275.9400      0.0      14.9940      0.0000  0.0000  Eval_1_10
evalB_5/DP_OP_52J27_125_4583          70.3080      0.0      70.3080      0.0000  0.0000  Eval_1_0_DP_OP_52J27_125_4583_J27_0_10
evalB_5/DP_OP_53J27_126_8511          91.0980      0.0      91.0980      0.0000  0.0000  Eval_1_0_DP_OP_53J27_126_8511_J27_0_10
evalB_5/DP_OP_54J27_127_5286          99.5400      0.0      99.5400      0.0000  0.0000  Eval_1_0_DP_OP_54J27_127_5286_J27_0_10
evalB_6                              273.4200      0.0      14.9940      0.0000  0.0000  Eval_1_9
evalB_6/DP_OP_52J27_125_4583          70.3080      0.0      70.3080      0.0000  0.0000  Eval_1_0_DP_OP_52J27_125_4583_J27_0_9
evalB_6/DP_OP_53J27_126_8511          90.4680      0.0      90.4680      0.0000  0.0000  Eval_1_0_DP_OP_53J27_126_8511_J27_0_9
evalB_6/DP_OP_54J27_127_5286          97.6500      0.0      97.6500      0.0000  0.0000  Eval_1_0_DP_OP_54J27_127_5286_J27_0_9
evalB_7                              272.0340      0.0      11.3400      0.0000  0.0000  Eval_1_8
evalB_7/DP_OP_52J27_125_4583          71.0640      0.0      71.0640      0.0000  0.0000  Eval_1_0_DP_OP_52J27_125_4583_J27_0_8
evalB_7/DP_OP_53J27_126_8511          92.1060      0.0      92.1060      0.0000  0.0000  Eval_1_0_DP_OP_53J27_126_8511_J27_0_8
evalB_7/DP_OP_54J27_127_5286          97.5240      0.0      97.5240      0.0000  0.0000  Eval_1_0_DP_OP_54J27_127_5286_J27_0_8
evalB_8                              270.6480      0.0      10.9620      0.0000  0.0000  Eval_1_7
evalB_8/DP_OP_52J27_125_4583          71.6940      0.0      71.6940      0.0000  0.0000  Eval_1_0_DP_OP_52J27_125_4583_J27_0_7
evalB_8/DP_OP_53J27_126_8511          90.4680      0.0      90.4680      0.0000  0.0000  Eval_1_0_DP_OP_53J27_126_8511_J27_0_7
evalB_8/DP_OP_54J27_127_5286          97.5240      0.0      97.5240      0.0000  0.0000  Eval_1_0_DP_OP_54J27_127_5286_J27_0_7
evalB_9                              277.0740      0.0      14.9940      0.0000  0.0000  Eval_1_6
evalB_9/DP_OP_52J27_125_4583          71.8200      0.0      71.8200      0.0000  0.0000  Eval_1_0_DP_OP_52J27_125_4583_J27_0_6
evalB_9/DP_OP_53J27_126_8511          91.3500      0.0      91.3500      0.0000  0.0000  Eval_1_0_DP_OP_53J27_126_8511_J27_0_6
evalB_9/DP_OP_54J27_127_5286          98.9100      0.0      98.9100      0.0000  0.0000  Eval_1_0_DP_OP_54J27_127_5286_J27_0_6
interp                             28597.9676      4.8       0.7560   3098.5920  0.0000  Interpolation_56
interp/interp                      25498.6196      4.3       0.2520      0.0000  0.0000  InterpolationComb_56
interp/interp/DP_OP_1681J3_122_2968  25498.3676     4.3  25498.3676      0.0000  0.0000  InterpolationComb_56_DP_OP_1681J3_122_2968_J3_0
--------------------------------  -----------  -------  -----------  ----------  ------  ---------------------------------------------------
Total                                                   531964.6835  61215.3370  0.0000

1
