 
****************************************
Report : area
Design : core64_a24_b12_c24
Version: O-2018.06-SP5
Date   : Tue May 12 21:23:42 2026
****************************************

Library(s) Used:

    tcbn28hpcplusbwp40p140lvtssg0p81vm40c_ccs (File: /export1/Library/TN28HPC+/STD_CELL_ext/track9_200824/TSMCHOME/digital/Front_End/timing_power_noise/CCS/tcbn28hpcplusbwp40p140lvt_180a/tcbn28hpcplusbwp40p140lvtssg0p81vm40c_ccs.db)
    tcbn28hpcplusbwp40p140ssg0p81vm40c_ccs (File: /export1/Library/TN28HPC+/STD_CELL_ext/track9_200824/TSMCHOME/digital/Front_End/timing_power_noise/CCS/tcbn28hpcplusbwp40p140_180a/tcbn28hpcplusbwp40p140ssg0p81vm40c_ccs.db)
    tcbn28hpcplusbwp40p140hvtssg0p81vm40c_ccs (File: /export1/Library/TN28HPC+/STD_CELL_ext/track9_200824/TSMCHOME/digital/Front_End/timing_power_noise/CCS/tcbn28hpcplusbwp40p140hvt_180a/tcbn28hpcplusbwp40p140hvtssg0p81vm40c_ccs.db)

Number of ports:                       318130
Number of nets:                        971747
Number of cells:                       496751
Number of combinational cells:         458949
Number of sequential cells:             30366
Number of macros/black boxes:               0
Number of buf/inv:                      68994
Number of references:                      45

Combinational area:             568276.119089
Buf/Inv area:                    18498.060167
Noncombinational area:           61207.398981
Macro/Black Box area:                0.000000
Net Interconnect area:      undefined  (Wire load has zero net area)

Total cell area:                629483.518069
Total area:                 undefined

Hierarchical area distribution
------------------------------

                                  Global cell area              Local cell area
                                  --------------------  ------------------------------- 
Hierarchical cell                 Absolute     Percent  Combi-       Noncombi-   Black-
                                  Total        Total    national     national    boxes   Design
--------------------------------  -----------  -------  -----------  ----------  ------  ---------------------------------------------------
core64_a24_b12_c24                629483.5181    100.0       2.0160   6001.6321  0.0000  core64_a24_b12_c24
core16_0                           77615.2431     12.3       2.0160   1671.2640  0.0000  core16_6
core16_0/core4_0                    8166.5639      1.3       1.0080    461.6640  0.0000  core4_48
core16_0/core4_0/evalA               622.3140      0.1      22.9320      0.0000  0.0000  Eval_32_48
core16_0/core4_0/evalA/DP_OP_54J25_122_2387    160.2720     0.0    160.2720     0.0000 0.0000 Eval_32_0_DP_OP_54J25_122_2387_J25_0_3
core16_0/core4_0/evalA/DP_OP_55J25_123_8268    216.5940     0.0    216.5940     0.0000 0.0000 Eval_32_0_DP_OP_55J25_123_8268_J25_0_3
core16_0/core4_0/evalA/DP_OP_56J25_124_2036    222.5160     0.0    222.5160     0.0000 0.0000 Eval_32_0_DP_OP_56J25_124_2036_J25_0_3
core16_0/core4_0/evalB               323.9460      0.1      10.3320      0.0000  0.0000  Eval_33_48
core16_0/core4_0/evalB/DP_OP_54J24_125_8703     83.1600     0.0     83.1600     0.0000 0.0000 Eval_33_0_DP_OP_54J24_125_8703_J24_0_3
core16_0/core4_0/evalB/DP_OP_55J24_126_2176    112.2660     0.0    112.2660     0.0000 0.0000 Eval_33_0_DP_OP_55J24_126_2176_J24_0_3
core16_0/core4_0/evalB/DP_OP_56J24_127_6985    118.1880     0.0    118.1880     0.0000 0.0000 Eval_33_0_DP_OP_56J24_127_6985_J24_0_3
core16_0/core4_0/interp             2057.5800      0.3       0.7560    235.8720  0.0000  Interpolation_49
core16_0/core4_0/interp/interp      1820.9520      0.3       0.2520      0.0000  0.0000  InterpolationComb_49
core16_0/core4_0/interp/interp/DP_OP_106J27_122_4702   1820.7000     0.3   1820.7000     0.0000 0.0000 InterpolationComb_0_DP_OP_106J27_122_4702_J27_0_20
core16_0/core4_0/mult_x_1            521.5140      0.1     521.5140      0.0000  0.0000  core4_48_DW_mult_uns_J17_3
core16_0/core4_0/mult_x_2            722.9880      0.1     722.9880      0.0000  0.0000  core4_48_DW_mult_uns_J17_2
core16_0/core4_0/mult_x_3            725.6340      0.1     725.6340      0.0000  0.0000  core4_48_DW_mult_tc_J17_2
core16_0/core4_0/mult_x_4            696.0240      0.1     696.0240      0.0000  0.0000  core4_48_DW_mult_tc_J17_1
core16_0/core4_0/mult_x_5            698.9220      0.1     698.9220      0.0000  0.0000  core4_48_DW_mult_uns_J17_1
core16_0/core4_0/mult_x_6            813.4560      0.1     813.4560      0.0000  0.0000  core4_48_DW_mult_tc_J17_0
core16_0/core4_0/mult_x_7            521.5140      0.1     521.5140      0.0000  0.0000  core4_48_DW_mult_uns_J17_0
core16_0/core4_1                    9480.9959      1.5       1.0080    461.5380  0.0000  core4_47
core16_0/core4_1/evalA               734.0760      0.1      22.4280      0.0000  0.0000  Eval_32_47
core16_0/core4_1/evalA/DP_OP_54J26_126_5391    189.8820     0.0    189.8820     0.0000 0.0000 Eval_32_5_DP_OP_54J26_126_5391_J26_0_3
core16_0/core4_1/evalA/DP_OP_55J26_127_1056    261.3240     0.0    261.3240     0.0000 0.0000 Eval_32_5_DP_OP_55J26_127_1056_J26_0_3
core16_0/core4_1/evalA/DP_OP_56J26_128_3738    260.4420     0.0    260.4420     0.0000 0.0000 Eval_32_5_DP_OP_56J26_128_3738_J26_0_3
core16_0/core4_1/evalB               446.4180      0.1      14.1120      0.0000  0.0000  Eval_33_47
core16_0/core4_1/evalB/DP_OP_54J26_129_1057    118.6920     0.0    118.6920     0.0000 0.0000 Eval_33_5_DP_OP_54J26_129_1057_J26_0_3
core16_0/core4_1/evalB/DP_OP_55J26_130_1772    156.9960     0.0    156.9960     0.0000 0.0000 Eval_33_5_DP_OP_55J26_130_1772_J26_0_3
core16_0/core4_1/evalB/DP_OP_56J26_131_5228    156.6180     0.0    156.6180     0.0000 0.0000 Eval_33_5_DP_OP_56J26_131_5228_J26_0_3
core16_0/core4_1/interp             2057.9580      0.3       0.7560    235.8720  0.0000  Interpolation_48
core16_0/core4_1/interp/interp      1821.3300      0.3       0.2520      0.0000  0.0000  InterpolationComb_48
core16_0/core4_1/interp/interp/DP_OP_106J27_122_4702   1821.0780     0.3   1821.0780     0.0000 0.0000 InterpolationComb_0_DP_OP_106J27_122_4702_J27_0_19
core16_0/core4_1/mult_x_1            722.9880      0.1     722.9880      0.0000  0.0000  core4_5_DW_mult_uns_J31_3_1
core16_0/core4_1/mult_x_2            839.7900      0.1     839.7900      0.0000  0.0000  core4_5_DW_mult_uns_J31_2_1
core16_0/core4_1/mult_x_3            879.2280      0.1     879.2280      0.0000  0.0000  core4_5_DW_mult_tc_J31_2_1
core16_0/core4_1/mult_x_4            860.9580      0.1     860.9580      0.0000  0.0000  core4_5_DW_mult_tc_J31_1_1
core16_0/core4_1/mult_x_5            835.1280      0.1     835.1280      0.0000  0.0000  core4_5_DW_mult_uns_J31_1_1
core16_0/core4_1/mult_x_6            918.9180      0.1     918.9180      0.0000  0.0000  core4_5_DW_mult_tc_J31_0_1
core16_0/core4_1/mult_x_7            722.9880      0.1     722.9880      0.0000  0.0000  core4_5_DW_mult_uns_J31_0_1
core16_0/core4_2                    9084.5999      1.4       1.0080    461.4120  0.0000  core4_46
core16_0/core4_2/evalA               660.3660      0.1      20.1600      0.0000  0.0000  Eval_32_46
core16_0/core4_2/evalA/DP_OP_53J27_123_8507    169.3440     0.0    169.3440     0.0000 0.0000 Eval_32_1_DP_OP_53J27_123_8507_J27_0_32
core16_0/core4_2/evalA/DP_OP_54J27_124_3738    232.8480     0.0    232.8480     0.0000 0.0000 Eval_32_1_DP_OP_54J27_124_3738_J27_0_32
core16_0/core4_2/evalA/DP_OP_55J27_125_1305    238.0140     0.0    238.0140     0.0000 0.0000 Eval_32_1_DP_OP_55J27_125_1305_J27_0_32
core16_0/core4_2/evalB               365.1480      0.1      11.5920      0.0000  0.0000  Eval_33_46
core16_0/core4_2/evalB/DP_OP_53J23_122_5226     92.6100     0.0     92.6100     0.0000 0.0000 Eval_33_1_DP_OP_53J23_122_5226_J23_0_28
core16_0/core4_2/evalB/DP_OP_54J23_123_7613    128.0160     0.0    128.0160     0.0000 0.0000 Eval_33_1_DP_OP_54J23_123_7613_J23_0_28
core16_0/core4_2/evalB/DP_OP_55J23_124_8730    132.9300     0.0    132.9300     0.0000 0.0000 Eval_33_1_DP_OP_55J23_124_8730_J23_0_28
core16_0/core4_2/interp             2149.9380      0.3       0.7560    243.9360  0.0000  Interpolation_47
core16_0/core4_2/interp/interp      1905.2460      0.3       0.2520      0.0000  0.0000  InterpolationComb_47
core16_0/core4_2/interp/interp/DP_OP_106J26_122_5351   1904.9940     0.3   1904.9940     0.0000 0.0000 InterpolationComb_1_DP_OP_106J26_122_5351_J26_0_27
core16_0/core4_2/mult_x_1            698.5440      0.1     698.5440      0.0000  0.0000  core4_1_DW_mult_tc_J20_6_22
core16_0/core4_2/mult_x_2            802.4940      0.1     802.4940      0.0000  0.0000  core4_1_DW_mult_tc_J20_5_22
core16_0/core4_2/mult_x_3            790.1460      0.1     790.1460      0.0000  0.0000  core4_1_DW_mult_tc_J20_4_22
core16_0/core4_2/mult_x_4            764.6940      0.1     764.6940      0.0000  0.0000  core4_1_DW_mult_tc_J20_3_22
core16_0/core4_2/mult_x_5            837.5220      0.1     837.5220      0.0000  0.0000  core4_1_DW_mult_tc_J20_2_22
core16_0/core4_2/mult_x_6            854.7840      0.1     854.7840      0.0000  0.0000  core4_1_DW_mult_tc_J20_1_22
core16_0/core4_2/mult_x_7            698.5440      0.1     698.5440      0.0000  0.0000  core4_1_DW_mult_tc_J20_0_22
core16_0/core4_3                   10019.7719      1.6       0.7560    461.2860  0.0000  core4_45
core16_0/core4_3/evalA               780.0660      0.1      24.6960      0.0000  0.0000  Eval_32_45
core16_0/core4_3/evalA/DP_OP_53J27_123_8507    196.9380     0.0    196.9380     0.0000 0.0000 Eval_32_1_DP_OP_53J27_123_8507_J27_0_31
core16_0/core4_3/evalA/DP_OP_54J27_124_3738    285.8940     0.0    285.8940     0.0000 0.0000 Eval_32_1_DP_OP_54J27_124_3738_J27_0_31
core16_0/core4_3/evalA/DP_OP_55J27_125_1305    272.5380     0.0    272.5380     0.0000 0.0000 Eval_32_1_DP_OP_55J27_125_1305_J27_0_31
core16_0/core4_3/evalB               583.0020      0.1      20.1600      0.0000  0.0000  Eval_33_45
core16_0/core4_3/evalB/DP_OP_53J23_122_5226    145.5300     0.0    145.5300     0.0000 0.0000 Eval_33_1_DP_OP_53J23_122_5226_J23_0_27
core16_0/core4_3/evalB/DP_OP_54J23_123_7613    215.3340     0.0    215.3340     0.0000 0.0000 Eval_33_1_DP_OP_54J23_123_7613_J23_0_27
core16_0/core4_3/evalB/DP_OP_55J23_124_8730    201.9780     0.0    201.9780     0.0000 0.0000 Eval_33_1_DP_OP_55J23_124_8730_J23_0_27
core16_0/core4_3/interp             2149.4340      0.3       0.7560    243.9360  0.0000  Interpolation_46
core16_0/core4_3/interp/interp      1904.7420      0.3       0.2520      0.0000  0.0000  InterpolationComb_46
core16_0/core4_3/interp/interp/DP_OP_106J26_122_5351   1904.4900     0.3   1904.4900     0.0000 0.0000 InterpolationComb_1_DP_OP_106J26_122_5351_J26_0_26
core16_0/core4_3/mult_x_1            670.3200      0.1     670.3200      0.0000  0.0000  core4_1_DW_mult_tc_J20_6_21
core16_0/core4_3/mult_x_2            904.9320      0.1     904.9320      0.0000  0.0000  core4_1_DW_mult_tc_J20_5_21
core16_0/core4_3/mult_x_3            949.9140      0.2     949.9140      0.0000  0.0000  core4_1_DW_mult_tc_J20_4_21
core16_0/core4_3/mult_x_4            949.9140      0.2     949.9140      0.0000  0.0000  core4_1_DW_mult_tc_J20_3_21
core16_0/core4_3/mult_x_5            949.9140      0.2     949.9140      0.0000  0.0000  core4_1_DW_mult_tc_J20_2_21
core16_0/core4_3/mult_x_6            949.9140      0.2     949.9140      0.0000  0.0000  core4_1_DW_mult_tc_J20_1_21
core16_0/core4_3/mult_x_7            670.3200      0.1     670.3200      0.0000  0.0000  core4_1_DW_mult_tc_J20_0_21
core16_0/core4_4                    9372.0059      1.5       1.0080    461.5380  0.0000  core4_44
core16_0/core4_4/evalA               735.5880      0.1      22.4280      0.0000  0.0000  Eval_32_44
core16_0/core4_4/evalA/DP_OP_54J15_122_8893    190.3860     0.0    190.3860     0.0000 0.0000 Eval_32_2_DP_OP_54J15_122_8893_J15_0_3
core16_0/core4_4/evalA/DP_OP_55J15_123_92    258.8040     0.0    258.8040     0.0000 0.0000 Eval_32_2_DP_OP_55J15_123_92_J15_0_3
core16_0/core4_4/evalA/DP_OP_56J15_124_3580    263.9700     0.0    263.9700     0.0000 0.0000 Eval_32_2_DP_OP_56J15_124_3580_J15_0_3
core16_0/core4_4/evalB               444.4020      0.1      14.2380      0.0000  0.0000  Eval_33_44
core16_0/core4_4/evalB/DP_OP_54J20_125_8205    115.2900     0.0    115.2900     0.0000 0.0000 Eval_33_2_DP_OP_54J20_125_8205_J20_0_3
core16_0/core4_4/evalB/DP_OP_55J20_126_776    154.4760     0.0    154.4760     0.0000 0.0000 Eval_33_2_DP_OP_55J20_126_776_J20_0_3
core16_0/core4_4/evalB/DP_OP_56J20_127_8061    160.3980     0.0    160.3980     0.0000 0.0000 Eval_33_2_DP_OP_56J20_127_8061_J20_0_3
core16_0/core4_4/interp             2150.4420      0.3       0.7560    243.9360  0.0000  Interpolation_45
core16_0/core4_4/interp/interp      1905.7500      0.3       0.2520      0.0000  0.0000  InterpolationComb_45
core16_0/core4_4/interp/interp/DP_OP_106J26_122_5351   1905.4980     0.3   1905.4980     0.0000 0.0000 InterpolationComb_1_DP_OP_106J26_122_5351_J26_0_25
core16_0/core4_4/mult_x_1            673.4700      0.1     673.4700      0.0000  0.0000  core4_2_DW_mult_uns_J33_3_1
core16_0/core4_4/mult_x_2            804.8880      0.1     804.8880      0.0000  0.0000  core4_2_DW_mult_uns_J33_2_1
core16_0/core4_4/mult_x_3            845.5860      0.1     845.5860      0.0000  0.0000  core4_2_DW_mult_tc_J33_2_1
core16_0/core4_4/mult_x_4            854.5320      0.1     854.5320      0.0000  0.0000  core4_2_DW_mult_tc_J33_1_1
core16_0/core4_4/mult_x_5            830.0880      0.1     830.0880      0.0000  0.0000  core4_2_DW_mult_uns_J33_1_1
core16_0/core4_4/mult_x_6            896.9940      0.1     896.9940      0.0000  0.0000  core4_2_DW_mult_tc_J33_0_1
core16_0/core4_4/mult_x_7            673.4700      0.1     673.4700      0.0000  0.0000  core4_2_DW_mult_uns_J33_0_1
core16_0/core4_5                   10236.8699      1.6       0.7560    461.6640  0.0000  core4_43
core16_0/core4_5/evalA               780.8220      0.1      25.4520      0.0000  0.0000  Eval_32_43
core16_0/core4_5/evalA/DP_OP_53J27_123_8507    196.9380     0.0    196.9380     0.0000 0.0000 Eval_32_1_DP_OP_53J27_123_8507_J27_0_30
core16_0/core4_5/evalA/DP_OP_54J27_124_3738    285.8940     0.0    285.8940     0.0000 0.0000 Eval_32_1_DP_OP_54J27_124_3738_J27_0_30
core16_0/core4_5/evalA/DP_OP_55J27_125_1305    272.5380     0.0    272.5380     0.0000 0.0000 Eval_32_1_DP_OP_55J27_125_1305_J27_0_30
core16_0/core4_5/evalB               583.0020      0.1      20.1600      0.0000  0.0000  Eval_33_43
core16_0/core4_5/evalB/DP_OP_53J23_122_5226    145.5300     0.0    145.5300     0.0000 0.0000 Eval_33_1_DP_OP_53J23_122_5226_J23_0_26
core16_0/core4_5/evalB/DP_OP_54J23_123_7613    215.3340     0.0    215.3340     0.0000 0.0000 Eval_33_1_DP_OP_54J23_123_7613_J23_0_26
core16_0/core4_5/evalB/DP_OP_55J23_124_8730    201.9780     0.0    201.9780     0.0000 0.0000 Eval_33_1_DP_OP_55J23_124_8730_J23_0_26
core16_0/core4_5/interp             2149.9380      0.3       0.7560    243.9360  0.0000  Interpolation_44
core16_0/core4_5/interp/interp      1905.2460      0.3       0.2520      0.0000  0.0000  InterpolationComb_44
core16_0/core4_5/interp/interp/DP_OP_106J26_122_5351   1904.9940     0.3   1904.9940     0.0000 0.0000 InterpolationComb_1_DP_OP_106J26_122_5351_J26_0_24
core16_0/core4_5/mult_x_1            778.0500      0.1     778.0500      0.0000  0.0000  core4_1_DW_mult_tc_J20_6_20
core16_0/core4_5/mult_x_2            904.9320      0.1     904.9320      0.0000  0.0000  core4_1_DW_mult_tc_J20_5_20
core16_0/core4_5/mult_x_3            949.9140      0.2     949.9140      0.0000  0.0000  core4_1_DW_mult_tc_J20_4_20
core16_0/core4_5/mult_x_4            949.9140      0.2     949.9140      0.0000  0.0000  core4_1_DW_mult_tc_J20_3_20
core16_0/core4_5/mult_x_5            949.9140      0.2     949.9140      0.0000  0.0000  core4_1_DW_mult_tc_J20_2_20
core16_0/core4_5/mult_x_6            949.9140      0.2     949.9140      0.0000  0.0000  core4_1_DW_mult_tc_J20_1_20
core16_0/core4_5/mult_x_7            778.0500      0.1     778.0500      0.0000  0.0000  core4_1_DW_mult_tc_J20_0_20
core16_0/core4_6                    8166.9419      1.3       1.0080    461.6640  0.0000  core4_42
core16_0/core4_6/evalA               622.3140      0.1      22.9320      0.0000  0.0000  Eval_32_42
core16_0/core4_6/evalA/DP_OP_54J25_122_2387    160.2720     0.0    160.2720     0.0000 0.0000 Eval_32_0_DP_OP_54J25_122_2387_J25_0_2
core16_0/core4_6/evalA/DP_OP_55J25_123_8268    216.5940     0.0    216.5940     0.0000 0.0000 Eval_32_0_DP_OP_55J25_123_8268_J25_0_2
core16_0/core4_6/evalA/DP_OP_56J25_124_2036    222.5160     0.0    222.5160     0.0000 0.0000 Eval_32_0_DP_OP_56J25_124_2036_J25_0_2
core16_0/core4_6/evalB               323.9460      0.1      10.3320      0.0000  0.0000  Eval_33_42
core16_0/core4_6/evalB/DP_OP_54J24_125_8703     83.1600     0.0     83.1600     0.0000 0.0000 Eval_33_0_DP_OP_54J24_125_8703_J24_0_2
core16_0/core4_6/evalB/DP_OP_55J24_126_2176    112.2660     0.0    112.2660     0.0000 0.0000 Eval_33_0_DP_OP_55J24_126_2176_J24_0_2
core16_0/core4_6/evalB/DP_OP_56J24_127_6985    118.1880     0.0    118.1880     0.0000 0.0000 Eval_33_0_DP_OP_56J24_127_6985_J24_0_2
core16_0/core4_6/interp             2057.9580      0.3       0.7560    235.8720  0.0000  Interpolation_43
core16_0/core4_6/interp/interp      1821.3300      0.3       0.2520      0.0000  0.0000  InterpolationComb_43
core16_0/core4_6/interp/interp/DP_OP_106J27_122_4702   1821.0780     0.3   1821.0780     0.0000 0.0000 InterpolationComb_0_DP_OP_106J27_122_4702_J27_0_18
core16_0/core4_6/mult_x_1            521.5140      0.1     521.5140      0.0000  0.0000  core4_42_DW_mult_uns_J16_3
core16_0/core4_6/mult_x_2            722.9880      0.1     722.9880      0.0000  0.0000  core4_42_DW_mult_uns_J16_2
core16_0/core4_6/mult_x_3            725.6340      0.1     725.6340      0.0000  0.0000  core4_42_DW_mult_tc_J16_2
core16_0/core4_6/mult_x_4            696.0240      0.1     696.0240      0.0000  0.0000  core4_42_DW_mult_tc_J16_1
core16_0/core4_6/mult_x_5            698.9220      0.1     698.9220      0.0000  0.0000  core4_42_DW_mult_uns_J16_1
core16_0/core4_6/mult_x_6            813.4560      0.1     813.4560      0.0000  0.0000  core4_42_DW_mult_tc_J16_0
core16_0/core4_6/mult_x_7            521.5140      0.1     521.5140      0.0000  0.0000  core4_42_DW_mult_uns_J16_0
core16_0/evalA                       622.3140      0.1      22.9320      0.0000  0.0000  Eval_32_76
core16_0/evalA/DP_OP_54J29_122_8676    160.2720     0.0    160.2720      0.0000  0.0000  Eval_32_76_DP_OP_54J29_122_8676_J29_0
core16_0/evalA/DP_OP_55J29_123_1116    216.5940     0.0    216.5940      0.0000  0.0000  Eval_32_76_DP_OP_55J29_123_1116_J29_0
core16_0/evalA/DP_OP_56J29_124_7890    222.5160     0.0    222.5160      0.0000  0.0000  Eval_32_76_DP_OP_56J29_124_7890_J29_0
core16_0/evalA_1                     618.0300      0.1      18.6480      0.0000  0.0000  Eval_32_75
core16_0/evalA_1/DP_OP_54J30_122_9222    160.2720     0.0    160.2720     0.0000 0.0000  Eval_32_75_DP_OP_54J30_122_9222_J30_0
core16_0/evalA_1/DP_OP_55J30_123_7275    216.5940     0.0    216.5940     0.0000 0.0000  Eval_32_75_DP_OP_55J30_123_7275_J30_0
core16_0/evalA_1/DP_OP_56J30_124_8278    222.5160     0.0    222.5160     0.0000 0.0000  Eval_32_75_DP_OP_56J30_124_8278_J30_0
core16_0/evalA_2                     618.0300      0.1      18.6480      0.0000  0.0000  Eval_32_74
core16_0/evalA_2/DP_OP_54J32_122_3351    160.2720     0.0    160.2720     0.0000 0.0000  Eval_32_74_DP_OP_54J32_122_3351_J32_0
core16_0/evalA_2/DP_OP_55J32_123_2430    216.5940     0.0    216.5940     0.0000 0.0000  Eval_32_74_DP_OP_55J32_123_2430_J32_0
core16_0/evalA_2/DP_OP_56J32_124_6576    222.5160     0.0    222.5160     0.0000 0.0000  Eval_32_74_DP_OP_56J32_124_6576_J32_0
core16_0/evalA_3                     622.3140      0.1      22.9320      0.0000  0.0000  Eval_32_73
core16_0/evalA_3/DP_OP_54J31_122_1030    160.2720     0.0    160.2720     0.0000 0.0000  Eval_32_73_DP_OP_54J31_122_1030_J31_0
core16_0/evalA_3/DP_OP_55J31_123_2818    216.5940     0.0    216.5940     0.0000 0.0000  Eval_32_73_DP_OP_55J31_123_2818_J31_0
core16_0/evalA_3/DP_OP_56J31_124_2768    222.5160     0.0    222.5160     0.0000 0.0000  Eval_32_73_DP_OP_56J31_124_2768_J31_0
core16_0/evalB                       324.1980      0.1      10.5840      0.0000  0.0000  Eval_33_76
core16_0/evalB/DP_OP_54J14_125_6069     83.1600     0.0     83.1600      0.0000  0.0000  Eval_33_76_DP_OP_54J14_125_6069_J14_0
core16_0/evalB/DP_OP_55J14_126_8851    112.2660     0.0    112.2660      0.0000  0.0000  Eval_33_76_DP_OP_55J14_126_8851_J14_0
core16_0/evalB/DP_OP_56J14_127_5799    118.1880     0.0    118.1880      0.0000  0.0000  Eval_33_76_DP_OP_56J14_127_5799_J14_0
core16_0/evalB_1                     323.1900      0.1       9.5760      0.0000  0.0000  Eval_33_75
core16_0/evalB_1/DP_OP_54J16_125_198     83.1600     0.0     83.1600     0.0000  0.0000  Eval_33_75_DP_OP_54J16_125_198_J16_0
core16_0/evalB_1/DP_OP_55J16_126_6096    112.2660     0.0    112.2660     0.0000 0.0000  Eval_33_75_DP_OP_55J16_126_6096_J16_0
core16_0/evalB_1/DP_OP_56J16_127_3044    118.1880     0.0    118.1880     0.0000 0.0000  Eval_33_75_DP_OP_56J16_127_3044_J16_0
core16_0/evalB_2                     323.5680      0.1       9.5760      0.0000  0.0000  Eval_33_74
core16_0/evalB_2/DP_OP_54J15_125_7844     83.1600     0.0     83.1600     0.0000 0.0000  Eval_33_74_DP_OP_54J15_125_7844_J15_0
core16_0/evalB_2/DP_OP_55J15_126_4394    112.2660     0.0    112.2660     0.0000 0.0000  Eval_33_74_DP_OP_55J15_126_4394_J15_0
core16_0/evalB_2/DP_OP_56J15_127_289    118.5660     0.0    118.5660     0.0000  0.0000  Eval_33_74_DP_OP_56J15_127_289_J15_0
core16_0/evalB_3                     324.3240      0.1      10.7100      0.0000  0.0000  Eval_33_73
core16_0/evalB_3/DP_OP_54J17_125_1973     83.1600     0.0     83.1600     0.0000 0.0000  Eval_33_73_DP_OP_54J17_125_1973_J17_0
core16_0/evalB_3/DP_OP_55J17_126_1639    112.2660     0.0    112.2660     0.0000 0.0000  Eval_33_73_DP_OP_55J17_126_1639_J17_0
core16_0/evalB_3/DP_OP_56J17_127_7501    118.1880     0.0    118.1880     0.0000 0.0000  Eval_33_73_DP_OP_56J17_127_7501_J17_0
core16_0/interp                     7638.2459      1.2       0.7560    840.6720  0.0000  Interpolation_7_6
core16_0/interp/interp              6796.8179      1.1       0.2520      0.0000  0.0000  InterpolationComb_7_6
core16_0/interp/interp/DP_OP_421J12_122_2675   6796.5659     1.1   6796.5659     0.0000 0.0000 InterpolationComb_7_0_DP_OP_421J12_122_2675_J12_0_2
core16_1                           84439.0249     13.4       2.0160   1671.2640  0.0000  core16_5
core16_1/core4_0                    9481.4999      1.5       1.0080    461.4120  0.0000  core4_41
core16_1/core4_0/evalA               734.3280      0.1      22.6800      0.0000  0.0000  Eval_32_41
core16_1/core4_0/evalA/DP_OP_54J26_126_5391    189.8820     0.0    189.8820     0.0000 0.0000 Eval_32_5_DP_OP_54J26_126_5391_J26_0_2
core16_1/core4_0/evalA/DP_OP_55J26_127_1056    261.3240     0.0    261.3240     0.0000 0.0000 Eval_32_5_DP_OP_55J26_127_1056_J26_0_2
core16_1/core4_0/evalA/DP_OP_56J26_128_3738    260.4420     0.0    260.4420     0.0000 0.0000 Eval_32_5_DP_OP_56J26_128_3738_J26_0_2
core16_1/core4_0/evalB               446.7960      0.1      14.4900      0.0000  0.0000  Eval_33_41
core16_1/core4_0/evalB/DP_OP_54J26_129_1057    118.6920     0.0    118.6920     0.0000 0.0000 Eval_33_5_DP_OP_54J26_129_1057_J26_0_2
core16_1/core4_0/evalB/DP_OP_55J26_130_1772    156.9960     0.0    156.9960     0.0000 0.0000 Eval_33_5_DP_OP_55J26_130_1772_J26_0_2
core16_1/core4_0/evalB/DP_OP_56J26_131_5228    156.6180     0.0    156.6180     0.0000 0.0000 Eval_33_5_DP_OP_56J26_131_5228_J26_0_2
core16_1/core4_0/interp             2057.9580      0.3       0.7560    235.8720  0.0000  Interpolation_42
core16_1/core4_0/interp/interp      1821.3300      0.3       0.2520      0.0000  0.0000  InterpolationComb_42
core16_1/core4_0/interp/interp/DP_OP_106J27_122_4702   1821.0780     0.3   1821.0780     0.0000 0.0000 InterpolationComb_0_DP_OP_106J27_122_4702_J27_0_17
core16_1/core4_0/mult_x_1            722.9880      0.1     722.9880      0.0000  0.0000  core4_35_DW_mult_uns_J32_3_1
core16_1/core4_0/mult_x_2            839.7900      0.1     839.7900      0.0000  0.0000  core4_35_DW_mult_uns_J32_2_1
core16_1/core4_0/mult_x_3            879.2280      0.1     879.2280      0.0000  0.0000  core4_35_DW_mult_tc_J32_2_1
core16_1/core4_0/mult_x_4            860.9580      0.1     860.9580      0.0000  0.0000  core4_35_DW_mult_tc_J32_1_1
core16_1/core4_0/mult_x_5            835.1280      0.1     835.1280      0.0000  0.0000  core4_35_DW_mult_uns_J32_1_1
core16_1/core4_0/mult_x_6            918.9180      0.1     918.9180      0.0000  0.0000  core4_35_DW_mult_tc_J32_0_1
core16_1/core4_0/mult_x_7            722.9880      0.1     722.9880      0.0000  0.0000  core4_35_DW_mult_uns_J32_0_1
core16_1/core4_1                   10252.6199      1.6       1.0080    461.2860  0.0000  core4_40
core16_1/core4_1/evalA               780.8220      0.1      25.4520      0.0000  0.0000  Eval_32_40
core16_1/core4_1/evalA/DP_OP_53J27_123_8507    196.9380     0.0    196.9380     0.0000 0.0000 Eval_32_1_DP_OP_53J27_123_8507_J27_0_29
core16_1/core4_1/evalA/DP_OP_54J27_124_3738    285.8940     0.0    285.8940     0.0000 0.0000 Eval_32_1_DP_OP_54J27_124_3738_J27_0_29
core16_1/core4_1/evalA/DP_OP_55J27_125_1305    272.5380     0.0    272.5380     0.0000 0.0000 Eval_32_1_DP_OP_55J27_125_1305_J27_0_29
core16_1/core4_1/evalB               567.3780      0.1      18.6480      0.0000  0.0000  Eval_33_40
core16_1/core4_1/evalB/DP_OP_55J24_122_5590    144.2700     0.0    144.2700     0.0000 0.0000 Eval_33_40_DP_OP_55J24_122_5590_J24_0
core16_1/core4_1/evalB/DP_OP_56J24_123_4442    205.7580     0.0    205.7580     0.0000 0.0000 Eval_33_40_DP_OP_56J24_123_4442_J24_0
core16_1/core4_1/evalB/DP_OP_57J24_124_6144    198.7020     0.0    198.7020     0.0000 0.0000 Eval_33_40_DP_OP_57J24_124_6144_J24_0
core16_1/core4_1/interp             2057.9580      0.3       0.7560    235.8720  0.0000  Interpolation_41
core16_1/core4_1/interp/interp      1821.3300      0.3       0.2520      0.0000  0.0000  InterpolationComb_41
core16_1/core4_1/interp/interp/DP_OP_106J27_122_4702   1821.0780     0.3   1821.0780     0.0000 0.0000 InterpolationComb_0_DP_OP_106J27_122_4702_J27_0_16
core16_1/core4_1/mult_x_1            839.7900      0.1     839.7900      0.0000  0.0000  core4_40_DW_mult_uns_J22_1
core16_1/core4_1/mult_x_2            904.9320      0.1     904.9320      0.0000  0.0000  core4_40_DW_mult_tc_J22_4
core16_1/core4_1/mult_x_3            949.9140      0.2     949.9140      0.0000  0.0000  core4_40_DW_mult_tc_J22_3
core16_1/core4_1/mult_x_4            949.9140      0.2     949.9140      0.0000  0.0000  core4_40_DW_mult_tc_J22_2
core16_1/core4_1/mult_x_5            949.9140      0.2     949.9140      0.0000  0.0000  core4_40_DW_mult_tc_J22_1
core16_1/core4_1/mult_x_6            949.9140      0.2     949.9140      0.0000  0.0000  core4_40_DW_mult_tc_J22_0
core16_1/core4_1/mult_x_7            839.7900      0.1     839.7900      0.0000  0.0000  core4_40_DW_mult_uns_J22_0
core16_1/core4_2                   10180.1699      1.6       1.0080    461.5380  0.0000  core4_39
core16_1/core4_2/evalA               776.7900      0.1      24.6960      0.0000  0.0000  Eval_32_39
core16_1/core4_2/evalA/DP_OP_53J27_123_8507    198.0720     0.0    198.0720     0.0000 0.0000 Eval_32_1_DP_OP_53J27_123_8507_J27_0_28
core16_1/core4_2/evalA/DP_OP_54J27_124_3738    282.3660     0.0    282.3660     0.0000 0.0000 Eval_32_1_DP_OP_54J27_124_3738_J27_0_28
core16_1/core4_2/evalA/DP_OP_55J27_125_1305    271.6560     0.0    271.6560     0.0000 0.0000 Eval_32_1_DP_OP_55J27_125_1305_J27_0_28
core16_1/core4_2/evalB               511.0560      0.1      16.6320      0.0000  0.0000  Eval_33_39
core16_1/core4_2/evalB/DP_OP_53J23_122_5226    130.7880     0.0    130.7880     0.0000 0.0000 Eval_33_1_DP_OP_53J23_122_5226_J23_0_25
core16_1/core4_2/evalB/DP_OP_54J23_123_7613    179.4240     0.0    179.4240     0.0000 0.0000 Eval_33_1_DP_OP_54J23_123_7613_J23_0_25
core16_1/core4_2/evalB/DP_OP_55J23_124_8730    184.2120     0.0    184.2120     0.0000 0.0000 Eval_33_1_DP_OP_55J23_124_8730_J23_0_25
core16_1/core4_2/interp             2149.9380      0.3       0.7560    243.9360  0.0000  Interpolation_40
core16_1/core4_2/interp/interp      1905.2460      0.3       0.2520      0.0000  0.0000  InterpolationComb_40
core16_1/core4_2/interp/interp/DP_OP_106J26_122_5351   1904.9940     0.3   1904.9940     0.0000 0.0000 InterpolationComb_1_DP_OP_106J26_122_5351_J26_0_23
core16_1/core4_2/mult_x_1            841.1760      0.1     841.1760      0.0000  0.0000  core4_1_DW_mult_tc_J20_6_19
core16_1/core4_2/mult_x_2            898.6320      0.1     898.6320      0.0000  0.0000  core4_1_DW_mult_tc_J20_5_19
core16_1/core4_2/mult_x_3            908.7120      0.1     908.7120      0.0000  0.0000  core4_1_DW_mult_tc_J20_4_19
core16_1/core4_2/mult_x_4            896.9940      0.1     896.9940      0.0000  0.0000  core4_1_DW_mult_tc_J20_3_19
core16_1/core4_2/mult_x_5            943.2360      0.1     943.2360      0.0000  0.0000  core4_1_DW_mult_tc_J20_2_19
core16_1/core4_2/mult_x_6            949.9140      0.2     949.9140      0.0000  0.0000  core4_1_DW_mult_tc_J20_1_19
core16_1/core4_2/mult_x_7            841.1760      0.1     841.1760      0.0000  0.0000  core4_1_DW_mult_tc_J20_0_19
core16_1/core4_3                   10327.2119      1.6       0.7560    461.2860  0.0000  core4_38
core16_1/core4_3/evalA               780.5700      0.1      25.2000      0.0000  0.0000  Eval_32_38
core16_1/core4_3/evalA/DP_OP_53J27_123_8507    196.9380     0.0    196.9380     0.0000 0.0000 Eval_32_1_DP_OP_53J27_123_8507_J27_0_27
core16_1/core4_3/evalA/DP_OP_54J27_124_3738    285.8940     0.0    285.8940     0.0000 0.0000 Eval_32_1_DP_OP_54J27_124_3738_J27_0_27
core16_1/core4_3/evalA/DP_OP_55J27_125_1305    272.5380     0.0    272.5380     0.0000 0.0000 Eval_32_1_DP_OP_55J27_125_1305_J27_0_27
core16_1/core4_3/evalB               583.5060      0.1      20.6640      0.0000  0.0000  Eval_33_38
core16_1/core4_3/evalB/DP_OP_53J23_122_5226    145.5300     0.0    145.5300     0.0000 0.0000 Eval_33_1_DP_OP_53J23_122_5226_J23_0_24
core16_1/core4_3/evalB/DP_OP_54J23_123_7613    215.3340     0.0    215.3340     0.0000 0.0000 Eval_33_1_DP_OP_54J23_123_7613_J23_0_24
core16_1/core4_3/evalB/DP_OP_55J23_124_8730    201.9780     0.0    201.9780     0.0000 0.0000 Eval_33_1_DP_OP_55J23_124_8730_J23_0_24
core16_1/core4_3/interp             2150.4420      0.3       0.7560    243.9360  0.0000  Interpolation_39
core16_1/core4_3/interp/interp      1905.7500      0.3       0.2520      0.0000  0.0000  InterpolationComb_39
core16_1/core4_3/interp/interp/DP_OP_106J26_122_5351   1905.4980     0.3   1905.4980     0.0000 0.0000 InterpolationComb_1_DP_OP_106J26_122_5351_J26_0_22
core16_1/core4_3/mult_x_1            823.0320      0.1     823.0320      0.0000  0.0000  core4_1_DW_mult_tc_J20_6_18
core16_1/core4_3/mult_x_2            904.9320      0.1     904.9320      0.0000  0.0000  core4_1_DW_mult_tc_J20_5_18
core16_1/core4_3/mult_x_3            949.9140      0.2     949.9140      0.0000  0.0000  core4_1_DW_mult_tc_J20_4_18
core16_1/core4_3/mult_x_4            949.9140      0.2     949.9140      0.0000  0.0000  core4_1_DW_mult_tc_J20_3_18
core16_1/core4_3/mult_x_5            949.9140      0.2     949.9140      0.0000  0.0000  core4_1_DW_mult_tc_J20_2_18
core16_1/core4_3/mult_x_6            949.9140      0.2     949.9140      0.0000  0.0000  core4_1_DW_mult_tc_J20_1_18
core16_1/core4_3/mult_x_7            823.0320      0.1     823.0320      0.0000  0.0000  core4_1_DW_mult_tc_J20_0_18
core16_1/core4_4                   10246.3199      1.6       1.0080    461.2860  0.0000  core4_37
core16_1/core4_4/evalA               780.8220      0.1      25.4520      0.0000  0.0000  Eval_32_37
core16_1/core4_4/evalA/DP_OP_53J27_123_8507    196.9380     0.0    196.9380     0.0000 0.0000 Eval_32_1_DP_OP_53J27_123_8507_J27_0_26
core16_1/core4_4/evalA/DP_OP_54J27_124_3738    285.8940     0.0    285.8940     0.0000 0.0000 Eval_32_1_DP_OP_54J27_124_3738_J27_0_26
core16_1/core4_4/evalA/DP_OP_55J27_125_1305    272.5380     0.0    272.5380     0.0000 0.0000 Eval_32_1_DP_OP_55J27_125_1305_J27_0_26
core16_1/core4_4/evalB               554.5260      0.1      17.8920      0.0000  0.0000  Eval_33_37
core16_1/core4_4/evalB/DP_OP_54J22_122_242    140.7420     0.0    140.7420     0.0000 0.0000 Eval_33_19_DP_OP_54J22_122_242_J22_0_1
core16_1/core4_4/evalB/DP_OP_55J22_123_4499    196.5600     0.0    196.5600     0.0000 0.0000 Eval_33_19_DP_OP_55J22_123_4499_J22_0_1
core16_1/core4_4/evalB/DP_OP_56J22_124_4860    199.3320     0.0    199.3320     0.0000 0.0000 Eval_33_19_DP_OP_56J22_124_4860_J22_0_1
core16_1/core4_4/interp             2149.9380      0.3       0.7560    243.9360  0.0000  Interpolation_38
core16_1/core4_4/interp/interp      1905.2460      0.3       0.2520      0.0000  0.0000  InterpolationComb_38
core16_1/core4_4/interp/interp/DP_OP_106J26_122_5351   1904.9940     0.3   1904.9940     0.0000 0.0000 InterpolationComb_1_DP_OP_106J26_122_5351_J26_0_21
core16_1/core4_4/mult_x_1            800.3520      0.1     800.3520      0.0000  0.0000  core4_37_DW_mult_uns_J24_1
core16_1/core4_4/mult_x_2            904.9320      0.1     904.9320      0.0000  0.0000  core4_37_DW_mult_tc_J24_4
core16_1/core4_4/mult_x_3            943.2360      0.1     943.2360      0.0000  0.0000  core4_37_DW_mult_tc_J24_3
core16_1/core4_4/mult_x_4            949.9140      0.2     949.9140      0.0000  0.0000  core4_37_DW_mult_tc_J24_2
core16_1/core4_4/mult_x_5            949.9140      0.2     949.9140      0.0000  0.0000  core4_37_DW_mult_tc_J24_1
core16_1/core4_4/mult_x_6            949.9140      0.2     949.9140      0.0000  0.0000  core4_37_DW_mult_tc_J24_0
core16_1/core4_4/mult_x_7            800.4780      0.1     800.4780      0.0000  0.0000  core4_37_DW_mult_uns_J24_0
core16_1/core4_5                   10435.8239      1.7       0.7560    461.5380  0.0000  core4_36
core16_1/core4_5/evalA               780.8220      0.1      25.4520      0.0000  0.0000  Eval_32_36
core16_1/core4_5/evalA/DP_OP_53J27_123_8507    196.9380     0.0    196.9380     0.0000 0.0000 Eval_32_1_DP_OP_53J27_123_8507_J27_0_25
core16_1/core4_5/evalA/DP_OP_54J27_124_3738    285.8940     0.0    285.8940     0.0000 0.0000 Eval_32_1_DP_OP_54J27_124_3738_J27_0_25
core16_1/core4_5/evalA/DP_OP_55J27_125_1305    272.5380     0.0    272.5380     0.0000 0.0000 Eval_32_1_DP_OP_55J27_125_1305_J27_0_25
core16_1/core4_5/evalB               583.2540      0.1      20.4120      0.0000  0.0000  Eval_33_36
core16_1/core4_5/evalB/DP_OP_53J23_122_5226    145.5300     0.0    145.5300     0.0000 0.0000 Eval_33_1_DP_OP_53J23_122_5226_J23_0_23
core16_1/core4_5/evalB/DP_OP_54J23_123_7613    215.3340     0.0    215.3340     0.0000 0.0000 Eval_33_1_DP_OP_54J23_123_7613_J23_0_23
core16_1/core4_5/evalB/DP_OP_55J23_124_8730    201.9780     0.0    201.9780     0.0000 0.0000 Eval_33_1_DP_OP_55J23_124_8730_J23_0_23
core16_1/core4_5/interp             2150.4420      0.3       0.7560    243.9360  0.0000  Interpolation_37
core16_1/core4_5/interp/interp      1905.7500      0.3       0.2520      0.0000  0.0000  InterpolationComb_37
core16_1/core4_5/interp/interp/DP_OP_106J26_122_5351   1905.4980     0.3   1905.4980     0.0000 0.0000 InterpolationComb_1_DP_OP_106J26_122_5351_J26_0_20
core16_1/core4_5/mult_x_1            877.2120      0.1     877.2120      0.0000  0.0000  core4_1_DW_mult_tc_J20_6_17
core16_1/core4_5/mult_x_2            904.9320      0.1     904.9320      0.0000  0.0000  core4_1_DW_mult_tc_J20_5_17
core16_1/core4_5/mult_x_3            949.9140      0.2     949.9140      0.0000  0.0000  core4_1_DW_mult_tc_J20_4_17
core16_1/core4_5/mult_x_4            949.9140      0.2     949.9140      0.0000  0.0000  core4_1_DW_mult_tc_J20_3_17
core16_1/core4_5/mult_x_5            949.9140      0.2     949.9140      0.0000  0.0000  core4_1_DW_mult_tc_J20_2_17
core16_1/core4_5/mult_x_6            949.9140      0.2     949.9140      0.0000  0.0000  core4_1_DW_mult_tc_J20_1_17
core16_1/core4_5/mult_x_7            877.2120      0.1     877.2120      0.0000  0.0000  core4_1_DW_mult_tc_J20_0_17
core16_1/core4_6                    9481.4999      1.5       1.0080    461.4120  0.0000  core4_35
core16_1/core4_6/evalA               734.2020      0.1      22.5540      0.0000  0.0000  Eval_32_35
core16_1/core4_6/evalA/DP_OP_54J26_126_5391    189.8820     0.0    189.8820     0.0000 0.0000 Eval_32_5_DP_OP_54J26_126_5391_J26_0_1
core16_1/core4_6/evalA/DP_OP_55J26_127_1056    261.3240     0.0    261.3240     0.0000 0.0000 Eval_32_5_DP_OP_55J26_127_1056_J26_0_1
core16_1/core4_6/evalA/DP_OP_56J26_128_3738    260.4420     0.0    260.4420     0.0000 0.0000 Eval_32_5_DP_OP_56J26_128_3738_J26_0_1
core16_1/core4_6/evalB               446.9220      0.1      14.6160      0.0000  0.0000  Eval_33_35
core16_1/core4_6/evalB/DP_OP_54J26_129_1057    118.6920     0.0    118.6920     0.0000 0.0000 Eval_33_5_DP_OP_54J26_129_1057_J26_0_1
core16_1/core4_6/evalB/DP_OP_55J26_130_1772    156.9960     0.0    156.9960     0.0000 0.0000 Eval_33_5_DP_OP_55J26_130_1772_J26_0_1
core16_1/core4_6/evalB/DP_OP_56J26_131_5228    156.6180     0.0    156.6180     0.0000 0.0000 Eval_33_5_DP_OP_56J26_131_5228_J26_0_1
core16_1/core4_6/interp             2057.9580      0.3       0.7560    235.8720  0.0000  Interpolation_36
core16_1/core4_6/interp/interp      1821.3300      0.3       0.2520      0.0000  0.0000  InterpolationComb_36
core16_1/core4_6/interp/interp/DP_OP_106J27_122_4702   1821.0780     0.3   1821.0780     0.0000 0.0000 InterpolationComb_0_DP_OP_106J27_122_4702_J27_0_15
core16_1/core4_6/mult_x_1            722.9880      0.1     722.9880      0.0000  0.0000  core4_35_DW_mult_uns_J32_3_0
core16_1/core4_6/mult_x_2            839.7900      0.1     839.7900      0.0000  0.0000  core4_35_DW_mult_uns_J32_2_0
core16_1/core4_6/mult_x_3            879.2280      0.1     879.2280      0.0000  0.0000  core4_35_DW_mult_tc_J32_2_0
core16_1/core4_6/mult_x_4            860.9580      0.1     860.9580      0.0000  0.0000  core4_35_DW_mult_tc_J32_1_0
core16_1/core4_6/mult_x_5            835.1280      0.1     835.1280      0.0000  0.0000  core4_35_DW_mult_uns_J32_1_0
core16_1/core4_6/mult_x_6            918.9180      0.1     918.9180      0.0000  0.0000  core4_35_DW_mult_tc_J32_0_0
core16_1/core4_6/mult_x_7            722.9880      0.1     722.9880      0.0000  0.0000  core4_35_DW_mult_uns_J32_0_0
core16_1/evalA                       734.2020      0.1      22.5540      0.0000  0.0000  Eval_32_72
core16_1/evalA/DP_OP_54J27_126_7038    189.8820     0.0    189.8820      0.0000  0.0000  Eval_32_69_DP_OP_54J27_126_7038_J27_0_3
core16_1/evalA/DP_OP_55J27_127_8376    261.3240     0.0    261.3240      0.0000  0.0000  Eval_32_69_DP_OP_55J27_127_8376_J27_0_3
core16_1/evalA/DP_OP_56J27_128_6512    260.4420     0.0    260.4420      0.0000  0.0000  Eval_32_69_DP_OP_56J27_128_6512_J27_0_3
core16_1/evalA_1                     733.9500      0.1      22.3020      0.0000  0.0000  Eval_32_71
core16_1/evalA_1/DP_OP_54J27_126_7038    189.8820     0.0    189.8820     0.0000 0.0000  Eval_32_69_DP_OP_54J27_126_7038_J27_0_2
core16_1/evalA_1/DP_OP_55J27_127_8376    261.3240     0.0    261.3240     0.0000 0.0000  Eval_32_69_DP_OP_55J27_127_8376_J27_0_2
core16_1/evalA_1/DP_OP_56J27_128_6512    260.4420     0.0    260.4420     0.0000 0.0000  Eval_32_69_DP_OP_56J27_128_6512_J27_0_2
core16_1/evalA_2                     733.9500      0.1      22.3020      0.0000  0.0000  Eval_32_70
core16_1/evalA_2/DP_OP_54J27_126_7038    189.8820     0.0    189.8820     0.0000 0.0000  Eval_32_69_DP_OP_54J27_126_7038_J27_0_1
core16_1/evalA_2/DP_OP_55J27_127_8376    261.3240     0.0    261.3240     0.0000 0.0000  Eval_32_69_DP_OP_55J27_127_8376_J27_0_1
core16_1/evalA_2/DP_OP_56J27_128_6512    260.4420     0.0    260.4420     0.0000 0.0000  Eval_32_69_DP_OP_56J27_128_6512_J27_0_1
core16_1/evalA_3                     734.3280      0.1      22.6800      0.0000  0.0000  Eval_32_69
core16_1/evalA_3/DP_OP_54J27_126_7038    189.8820     0.0    189.8820     0.0000 0.0000  Eval_32_69_DP_OP_54J27_126_7038_J27_0_0
core16_1/evalA_3/DP_OP_55J27_127_8376    261.3240     0.0    261.3240     0.0000 0.0000  Eval_32_69_DP_OP_55J27_127_8376_J27_0_0
core16_1/evalA_3/DP_OP_56J27_128_6512    260.4420     0.0    260.4420     0.0000 0.0000  Eval_32_69_DP_OP_56J27_128_6512_J27_0_0
core16_1/evalB                       447.3000      0.1      14.8680      0.0000  0.0000  Eval_33_72
core16_1/evalB/DP_OP_54J27_129_881    118.6920     0.0     118.6920      0.0000  0.0000  Eval_33_69_DP_OP_54J27_129_881_J27_0_3
core16_1/evalB/DP_OP_55J27_130_7101    157.1220     0.0    157.1220      0.0000  0.0000  Eval_33_69_DP_OP_55J27_130_7101_J27_0_3
core16_1/evalB/DP_OP_56J27_131_7878    156.6180     0.0    156.6180      0.0000  0.0000  Eval_33_69_DP_OP_56J27_131_7878_J27_0_3
core16_1/evalB_1                     445.5360      0.1      13.2300      0.0000  0.0000  Eval_33_71
core16_1/evalB_1/DP_OP_54J27_129_881    118.6920     0.0    118.6920     0.0000  0.0000  Eval_33_69_DP_OP_54J27_129_881_J27_0_2
core16_1/evalB_1/DP_OP_55J27_130_7101    157.1220     0.0    157.1220     0.0000 0.0000  Eval_33_69_DP_OP_55J27_130_7101_J27_0_2
core16_1/evalB_1/DP_OP_56J27_131_7878    156.4920     0.0    156.4920     0.0000 0.0000  Eval_33_69_DP_OP_56J27_131_7878_J27_0_2
core16_1/evalB_2                     445.5360      0.1      13.2300      0.0000  0.0000  Eval_33_70
core16_1/evalB_2/DP_OP_54J27_129_881    118.6920     0.0    118.6920     0.0000  0.0000  Eval_33_69_DP_OP_54J27_129_881_J27_0_1
core16_1/evalB_2/DP_OP_55J27_130_7101    157.1220     0.0    157.1220     0.0000 0.0000  Eval_33_69_DP_OP_55J27_130_7101_J27_0_1
core16_1/evalB_2/DP_OP_56J27_131_7878    156.4920     0.0    156.4920     0.0000 0.0000  Eval_33_69_DP_OP_56J27_131_7878_J27_0_1
core16_1/evalB_3                     447.1740      0.1      14.8680      0.0000  0.0000  Eval_33_69
core16_1/evalB_3/DP_OP_54J27_129_881    118.6920     0.0    118.6920     0.0000  0.0000  Eval_33_69_DP_OP_54J27_129_881_J27_0_0
core16_1/evalB_3/DP_OP_55J27_130_7101    157.1220     0.0    157.1220     0.0000 0.0000  Eval_33_69_DP_OP_55J27_130_7101_J27_0_0
core16_1/evalB_3/DP_OP_56J27_131_7878    156.4920     0.0    156.4920     0.0000 0.0000  Eval_33_69_DP_OP_56J27_131_7878_J27_0_0
core16_1/interp                     7638.6239      1.2       0.7560    840.6720  0.0000  Interpolation_7_5
core16_1/interp/interp              6797.1959      1.1       0.2520      0.0000  0.0000  InterpolationComb_7_5
core16_1/interp/interp/DP_OP_421J12_122_2675   6796.9439     1.1   6796.9439     0.0000 0.0000 InterpolationComb_7_0_DP_OP_421J12_122_2675_J12_0_1
core16_2                           80793.7190     12.8       2.0160   1671.2640  0.0000  core16_4
core16_2/core4_0                    8614.8719      1.4       1.0080    461.5380  0.0000  core4_34
core16_2/core4_0/evalA               666.0360      0.1      20.0340      0.0000  0.0000  Eval_32_34
core16_2/core4_0/evalA/DP_OP_54J17_122_624    173.1240     0.0    173.1240     0.0000 0.0000 Eval_32_28_DP_OP_54J17_122_624_J17_0_1
core16_2/core4_0/evalA/DP_OP_55J17_123_8269    233.4780     0.0    233.4780     0.0000 0.0000 Eval_32_28_DP_OP_55J17_123_8269_J17_0_1
core16_2/core4_0/evalA/DP_OP_56J17_124_614    239.4000     0.0    239.4000     0.0000 0.0000 Eval_32_28_DP_OP_56J17_124_614_J17_0_1
core16_2/core4_0/evalB               372.0780      0.1      11.8440      0.0000  0.0000  Eval_33_34
core16_2/core4_0/evalB/DP_OP_54J22_125_6883     96.0120     0.0     96.0120     0.0000 0.0000 Eval_33_28_DP_OP_54J22_125_6883_J22_0_1
core16_2/core4_0/evalB/DP_OP_55J22_126_2352    129.1500     0.0    129.1500     0.0000 0.0000 Eval_33_28_DP_OP_55J22_126_2352_J22_0_1
core16_2/core4_0/evalB/DP_OP_56J22_127_8584    135.0720     0.0    135.0720     0.0000 0.0000 Eval_33_28_DP_OP_56J22_127_8584_J22_0_1
core16_2/core4_0/interp             2057.9580      0.3       0.7560    235.8720  0.0000  Interpolation_35
core16_2/core4_0/interp/interp      1821.3300      0.3       0.2520      0.0000  0.0000  InterpolationComb_35
core16_2/core4_0/interp/interp/DP_OP_106J27_122_4702   1821.0780     0.3   1821.0780     0.0000 0.0000 InterpolationComb_0_DP_OP_106J27_122_4702_J27_0_14
core16_2/core4_0/mult_x_1            571.4100      0.1     571.4100      0.0000  0.0000  core4_28_DW_mult_uns_J14_3_1
core16_2/core4_0/mult_x_2            742.8960      0.1     742.8960      0.0000  0.0000  core4_28_DW_mult_uns_J14_2_1
core16_2/core4_0/mult_x_3            790.1460      0.1     790.1460      0.0000  0.0000  core4_28_DW_mult_tc_J14_2_1
core16_2/core4_0/mult_x_4            764.3160      0.1     764.3160      0.0000  0.0000  core4_28_DW_mult_tc_J14_1_1
core16_2/core4_0/mult_x_5            761.5440      0.1     761.5440      0.0000  0.0000  core4_28_DW_mult_uns_J14_1_1
core16_2/core4_0/mult_x_6            854.5320      0.1     854.5320      0.0000  0.0000  core4_28_DW_mult_tc_J14_0_1
core16_2/core4_0/mult_x_7            571.4100      0.1     571.4100      0.0000  0.0000  core4_28_DW_mult_uns_J14_0_1
core16_2/core4_1                    9861.5159      1.6       1.0080    461.4120  0.0000  core4_33
core16_2/core4_1/evalA               765.1980      0.1      23.9400      0.0000  0.0000  Eval_32_33
core16_2/core4_1/evalA/DP_OP_55J26_123_7806    195.6780     0.0    195.6780     0.0000 0.0000 Eval_32_33_DP_OP_55J26_123_7806_J26_0
core16_2/core4_1/evalA/DP_OP_56J26_124_3700    276.3180     0.0    276.3180     0.0000 0.0000 Eval_32_33_DP_OP_56J26_124_3700_J26_0
core16_2/core4_1/evalA/DP_OP_57J26_125_9859    269.2620     0.0    269.2620     0.0000 0.0000 Eval_32_33_DP_OP_57J26_125_9859_J26_0
core16_2/core4_1/evalB               494.0460      0.1      15.8760      0.0000  0.0000  Eval_33_33
core16_2/core4_1/evalB/DP_OP_54J20_122_3879    130.9140     0.0    130.9140     0.0000 0.0000 Eval_33_33_DP_OP_54J20_122_3879_J20_0
core16_2/core4_1/evalB/DP_OP_55J20_123_1703    173.8800     0.0    173.8800     0.0000 0.0000 Eval_33_33_DP_OP_55J20_123_1703_J20_0
core16_2/core4_1/evalB/DP_OP_56J20_124_7935    173.3760     0.0    173.3760     0.0000 0.0000 Eval_33_33_DP_OP_56J20_124_7935_J20_0
core16_2/core4_1/interp             2056.5720      0.3       0.7560    235.8720  0.0000  Interpolation_34
core16_2/core4_1/interp/interp      1819.9440      0.3       0.2520      0.0000  0.0000  InterpolationComb_34
core16_2/core4_1/interp/interp/DP_OP_106J27_122_4702   1819.6920     0.3   1819.6920     0.0000 0.0000 InterpolationComb_0_DP_OP_106J27_122_4702_J27_0_13
core16_2/core4_1/mult_x_1            742.8960      0.1     742.8960      0.0000  0.0000  core4_33_DW_mult_uns_J29_1
core16_2/core4_1/mult_x_2            898.6320      0.1     898.6320      0.0000  0.0000  core4_33_DW_mult_tc_J29_4
core16_2/core4_1/mult_x_3            908.7120      0.1     908.7120      0.0000  0.0000  core4_33_DW_mult_tc_J29_3
core16_2/core4_1/mult_x_4            896.9940      0.1     896.9940      0.0000  0.0000  core4_33_DW_mult_tc_J29_2
core16_2/core4_1/mult_x_5            943.2360      0.1     943.2360      0.0000  0.0000  core4_33_DW_mult_tc_J29_1
core16_2/core4_1/mult_x_6            949.9140      0.2     949.9140      0.0000  0.0000  core4_33_DW_mult_tc_J29_0
core16_2/core4_1/mult_x_7            742.8960      0.1     742.8960      0.0000  0.0000  core4_33_DW_mult_uns_J29_0
core16_2/core4_2                    9522.0719      1.5       1.0080    461.4120  0.0000  core4_32
core16_2/core4_2/evalA               708.6240      0.1      21.6720      0.0000  0.0000  Eval_32_32
core16_2/core4_2/evalA/DP_OP_53J27_123_8507    182.1960     0.0    182.1960     0.0000 0.0000 Eval_32_1_DP_OP_53J27_123_8507_J27_0_24
core16_2/core4_2/evalA/DP_OP_54J27_124_3738    249.9840     0.0    249.9840     0.0000 0.0000 Eval_32_1_DP_OP_54J27_124_3738_J27_0_24
core16_2/core4_2/evalA/DP_OP_55J27_125_1305    254.7720     0.0    254.7720     0.0000 0.0000 Eval_32_1_DP_OP_55J27_125_1305_J27_0_24
core16_2/core4_2/evalB               414.4140      0.1      13.8600      0.0000  0.0000  Eval_33_32
core16_2/core4_2/evalB/DP_OP_53J23_122_5226    105.4620     0.0    105.4620     0.0000 0.0000 Eval_33_1_DP_OP_53J23_122_5226_J23_0_22
core16_2/core4_2/evalB/DP_OP_54J23_123_7613    145.1520     0.0    145.1520     0.0000 0.0000 Eval_33_1_DP_OP_54J23_123_7613_J23_0_22
core16_2/core4_2/evalB/DP_OP_55J23_124_8730    149.9400     0.0    149.9400     0.0000 0.0000 Eval_33_1_DP_OP_55J23_124_8730_J23_0_22
core16_2/core4_2/interp             2150.4420      0.3       0.7560    243.9360  0.0000  Interpolation_33
core16_2/core4_2/interp/interp      1905.7500      0.3       0.2520      0.0000  0.0000  InterpolationComb_33
core16_2/core4_2/interp/interp/DP_OP_106J26_122_5351   1905.4980     0.3   1905.4980     0.0000 0.0000 InterpolationComb_1_DP_OP_106J26_122_5351_J26_0_19
core16_2/core4_2/mult_x_1            757.8900      0.1     757.8900      0.0000  0.0000  core4_1_DW_mult_tc_J20_6_16
core16_2/core4_2/mult_x_2            841.1760      0.1     841.1760      0.0000  0.0000  core4_1_DW_mult_tc_J20_5_16
core16_2/core4_2/mult_x_3            837.5220      0.1     837.5220      0.0000  0.0000  core4_1_DW_mult_tc_J20_4_16
core16_2/core4_2/mult_x_4            820.3860      0.1     820.3860      0.0000  0.0000  core4_1_DW_mult_tc_J20_3_16
core16_2/core4_2/mult_x_5            879.2280      0.1     879.2280      0.0000  0.0000  core4_1_DW_mult_tc_J20_2_16
core16_2/core4_2/mult_x_6            892.0800      0.1     892.0800      0.0000  0.0000  core4_1_DW_mult_tc_J20_1_16
core16_2/core4_2/mult_x_7            757.8900      0.1     757.8900      0.0000  0.0000  core4_1_DW_mult_tc_J20_0_16
core16_2/core4_3                   10145.8979      1.6       0.7560    461.4120  0.0000  core4_31
core16_2/core4_3/evalA               780.5700      0.1      25.2000      0.0000  0.0000  Eval_32_31
core16_2/core4_3/evalA/DP_OP_53J27_123_8507    196.9380     0.0    196.9380     0.0000 0.0000 Eval_32_1_DP_OP_53J27_123_8507_J27_0_23
core16_2/core4_3/evalA/DP_OP_54J27_124_3738    285.8940     0.0    285.8940     0.0000 0.0000 Eval_32_1_DP_OP_54J27_124_3738_J27_0_23
core16_2/core4_3/evalA/DP_OP_55J27_125_1305    272.5380     0.0    272.5380     0.0000 0.0000 Eval_32_1_DP_OP_55J27_125_1305_J27_0_23
core16_2/core4_3/evalB               583.2540      0.1      20.4120      0.0000  0.0000  Eval_33_31
core16_2/core4_3/evalB/DP_OP_53J23_122_5226    145.5300     0.0    145.5300     0.0000 0.0000 Eval_33_1_DP_OP_53J23_122_5226_J23_0_21
core16_2/core4_3/evalB/DP_OP_54J23_123_7613    215.3340     0.0    215.3340     0.0000 0.0000 Eval_33_1_DP_OP_54J23_123_7613_J23_0_21
core16_2/core4_3/evalB/DP_OP_55J23_124_8730    201.9780     0.0    201.9780     0.0000 0.0000 Eval_33_1_DP_OP_55J23_124_8730_J23_0_21
core16_2/core4_3/interp             2149.9380      0.3       0.7560    243.9360  0.0000  Interpolation_32
core16_2/core4_3/interp/interp      1905.2460      0.3       0.2520      0.0000  0.0000  InterpolationComb_32
core16_2/core4_3/interp/interp/DP_OP_106J26_122_5351   1904.9940     0.3   1904.9940     0.0000 0.0000 InterpolationComb_1_DP_OP_106J26_122_5351_J26_0_18
core16_2/core4_3/mult_x_1            732.6900      0.1     732.6900      0.0000  0.0000  core4_1_DW_mult_tc_J20_6_15
core16_2/core4_3/mult_x_2            904.9320      0.1     904.9320      0.0000  0.0000  core4_1_DW_mult_tc_J20_5_15
core16_2/core4_3/mult_x_3            949.9140      0.2     949.9140      0.0000  0.0000  core4_1_DW_mult_tc_J20_4_15
core16_2/core4_3/mult_x_4            949.9140      0.2     949.9140      0.0000  0.0000  core4_1_DW_mult_tc_J20_3_15
core16_2/core4_3/mult_x_5            949.9140      0.2     949.9140      0.0000  0.0000  core4_1_DW_mult_tc_J20_2_15
core16_2/core4_3/mult_x_6            949.9140      0.2     949.9140      0.0000  0.0000  core4_1_DW_mult_tc_J20_1_15
core16_2/core4_3/mult_x_7            732.6900      0.1     732.6900      0.0000  0.0000  core4_1_DW_mult_tc_J20_0_15
core16_2/core4_4                    9813.1319      1.6       1.0080    461.4120  0.0000  core4_30
core16_2/core4_4/evalA               764.5680      0.1      23.8140      0.0000  0.0000  Eval_32_30
core16_2/core4_4/evalA/DP_OP_54J28_122_594    194.6700     0.0    194.6700     0.0000 0.0000 Eval_32_30_DP_OP_54J28_122_594_J28_0
core16_2/core4_4/evalA/DP_OP_55J28_123_9137    275.6880     0.0    275.6880     0.0000 0.0000 Eval_32_30_DP_OP_55J28_123_9137_J28_0
core16_2/core4_4/evalA/DP_OP_56J28_124_1306    270.3960     0.0    270.3960     0.0000 0.0000 Eval_32_30_DP_OP_56J28_124_1306_J28_0
core16_2/core4_4/evalB               492.6600      0.1      15.8760      0.0000  0.0000  Eval_33_30
core16_2/core4_4/evalB/DP_OP_54J28_125_8882    128.1420     0.0    128.1420     0.0000 0.0000 Eval_33_30_DP_OP_54J28_125_8882_J28_0
core16_2/core4_4/evalB/DP_OP_55J28_126_4273    171.3600     0.0    171.3600     0.0000 0.0000 Eval_33_30_DP_OP_55J28_126_4273_J28_0
core16_2/core4_4/evalB/DP_OP_56J28_127_5018    177.2820     0.0    177.2820     0.0000 0.0000 Eval_33_30_DP_OP_56J28_127_5018_J28_0
core16_2/core4_4/interp             2150.4420      0.3       0.7560    243.9360  0.0000  Interpolation_31
core16_2/core4_4/interp/interp      1905.7500      0.3       0.2520      0.0000  0.0000  InterpolationComb_31
core16_2/core4_4/interp/interp/DP_OP_106J26_122_5351   1905.4980     0.3   1905.4980     0.0000 0.0000 InterpolationComb_1_DP_OP_106J26_122_5351_J26_0_17
core16_2/core4_4/mult_x_1            735.0840      0.1     735.0840      0.0000  0.0000  core4_30_DW_mult_uns_J30_2
core16_2/core4_4/mult_x_2            891.8280      0.1     891.8280      0.0000  0.0000  core4_30_DW_mult_tc_J30_3
core16_2/core4_4/mult_x_3            885.2760      0.1     885.2760      0.0000  0.0000  core4_30_DW_mult_tc_J30_2
core16_2/core4_4/mult_x_4            891.8280      0.1     891.8280      0.0000  0.0000  core4_30_DW_mult_tc_J30_1
core16_2/core4_4/mult_x_5            880.3620      0.1     880.3620      0.0000  0.0000  core4_30_DW_mult_uns_J30_1
core16_2/core4_4/mult_x_6            923.5800      0.1     923.5800      0.0000  0.0000  core4_30_DW_mult_tc_J30_0
core16_2/core4_4/mult_x_7            735.0840      0.1     735.0840      0.0000  0.0000  core4_30_DW_mult_uns_J30_0
core16_2/core4_5                   10314.8639      1.6       0.7560    461.5380  0.0000  core4_29
core16_2/core4_5/evalA               780.6960      0.1      25.3260      0.0000  0.0000  Eval_32_29
core16_2/core4_5/evalA/DP_OP_53J27_123_8507    196.9380     0.0    196.9380     0.0000 0.0000 Eval_32_1_DP_OP_53J27_123_8507_J27_0_22
core16_2/core4_5/evalA/DP_OP_54J27_124_3738    285.8940     0.0    285.8940     0.0000 0.0000 Eval_32_1_DP_OP_54J27_124_3738_J27_0_22
core16_2/core4_5/evalA/DP_OP_55J27_125_1305    272.5380     0.0    272.5380     0.0000 0.0000 Eval_32_1_DP_OP_55J27_125_1305_J27_0_22
core16_2/core4_5/evalB               583.1280      0.1      20.2860      0.0000  0.0000  Eval_33_29
core16_2/core4_5/evalB/DP_OP_53J23_122_5226    145.5300     0.0    145.5300     0.0000 0.0000 Eval_33_1_DP_OP_53J23_122_5226_J23_0_20
core16_2/core4_5/evalB/DP_OP_54J23_123_7613    215.3340     0.0    215.3340     0.0000 0.0000 Eval_33_1_DP_OP_54J23_123_7613_J23_0_20
core16_2/core4_5/evalB/DP_OP_55J23_124_8730    201.9780     0.0    201.9780     0.0000 0.0000 Eval_33_1_DP_OP_55J23_124_8730_J23_0_20
core16_2/core4_5/interp             2149.9380      0.3       0.7560    243.9360  0.0000  Interpolation_30
core16_2/core4_5/interp/interp      1905.2460      0.3       0.2520      0.0000  0.0000  InterpolationComb_30
core16_2/core4_5/interp/interp/DP_OP_106J26_122_5351   1904.9940     0.3   1904.9940     0.0000 0.0000 InterpolationComb_1_DP_OP_106J26_122_5351_J26_0_16
core16_2/core4_5/mult_x_1            817.1100      0.1     817.1100      0.0000  0.0000  core4_1_DW_mult_tc_J20_6_14
core16_2/core4_5/mult_x_2            904.9320      0.1     904.9320      0.0000  0.0000  core4_1_DW_mult_tc_J20_5_14
core16_2/core4_5/mult_x_3            949.9140      0.2     949.9140      0.0000  0.0000  core4_1_DW_mult_tc_J20_4_14
core16_2/core4_5/mult_x_4            949.9140      0.2     949.9140      0.0000  0.0000  core4_1_DW_mult_tc_J20_3_14
core16_2/core4_5/mult_x_5            949.9140      0.2     949.9140      0.0000  0.0000  core4_1_DW_mult_tc_J20_2_14
core16_2/core4_5/mult_x_6            949.9140      0.2     949.9140      0.0000  0.0000  core4_1_DW_mult_tc_J20_1_14
core16_2/core4_5/mult_x_7            817.1100      0.1     817.1100      0.0000  0.0000  core4_1_DW_mult_tc_J20_0_14
core16_2/core4_6                    8613.8639      1.4       1.0080    461.5380  0.0000  core4_28
core16_2/core4_6/evalA               666.1620      0.1      20.1600      0.0000  0.0000  Eval_32_28
core16_2/core4_6/evalA/DP_OP_54J17_122_624    173.1240     0.0    173.1240     0.0000 0.0000 Eval_32_28_DP_OP_54J17_122_624_J17_0_0
core16_2/core4_6/evalA/DP_OP_55J17_123_8269    233.4780     0.0    233.4780     0.0000 0.0000 Eval_32_28_DP_OP_55J17_123_8269_J17_0_0
core16_2/core4_6/evalA/DP_OP_56J17_124_614    239.4000     0.0    239.4000     0.0000 0.0000 Eval_32_28_DP_OP_56J17_124_614_J17_0_0
core16_2/core4_6/evalB               371.9520      0.1      11.7180      0.0000  0.0000  Eval_33_28
core16_2/core4_6/evalB/DP_OP_54J22_125_6883     96.0120     0.0     96.0120     0.0000 0.0000 Eval_33_28_DP_OP_54J22_125_6883_J22_0_0
core16_2/core4_6/evalB/DP_OP_55J22_126_2352    129.1500     0.0    129.1500     0.0000 0.0000 Eval_33_28_DP_OP_55J22_126_2352_J22_0_0
core16_2/core4_6/evalB/DP_OP_56J22_127_8584    135.0720     0.0    135.0720     0.0000 0.0000 Eval_33_28_DP_OP_56J22_127_8584_J22_0_0
core16_2/core4_6/interp             2056.9500      0.3       0.7560    235.8720  0.0000  Interpolation_29
core16_2/core4_6/interp/interp      1820.3220      0.3       0.2520      0.0000  0.0000  InterpolationComb_29
core16_2/core4_6/interp/interp/DP_OP_106J27_122_4702   1820.0700     0.3   1820.0700     0.0000 0.0000 InterpolationComb_0_DP_OP_106J27_122_4702_J27_0_12
core16_2/core4_6/mult_x_1            571.4100      0.1     571.4100      0.0000  0.0000  core4_28_DW_mult_uns_J14_3_0
core16_2/core4_6/mult_x_2            742.8960      0.1     742.8960      0.0000  0.0000  core4_28_DW_mult_uns_J14_2_0
core16_2/core4_6/mult_x_3            790.1460      0.1     790.1460      0.0000  0.0000  core4_28_DW_mult_tc_J14_2_0
core16_2/core4_6/mult_x_4            764.3160      0.1     764.3160      0.0000  0.0000  core4_28_DW_mult_tc_J14_1_0
core16_2/core4_6/mult_x_5            761.5440      0.1     761.5440      0.0000  0.0000  core4_28_DW_mult_uns_J14_1_0
core16_2/core4_6/mult_x_6            854.5320      0.1     854.5320      0.0000  0.0000  core4_28_DW_mult_tc_J14_0_0
core16_2/core4_6/mult_x_7            571.4100      0.1     571.4100      0.0000  0.0000  core4_28_DW_mult_uns_J14_0_0
core16_2/evalA                       666.1620      0.1      20.1600      0.0000  0.0000  Eval_32_68
core16_2/evalA/DP_OP_54J14_122_4589    173.1240     0.0    173.1240      0.0000  0.0000  Eval_32_65_DP_OP_54J14_122_4589_J14_0_3
core16_2/evalA/DP_OP_55J14_123_1041    233.4780     0.0    233.4780      0.0000  0.0000  Eval_32_65_DP_OP_55J14_123_1041_J14_0_3
core16_2/evalA/DP_OP_56J14_124_6512    239.4000     0.0    239.4000      0.0000  0.0000  Eval_32_65_DP_OP_56J14_124_6512_J14_0_3
core16_2/evalA_1                     666.0360      0.1      19.9080      0.0000  0.0000  Eval_32_67
core16_2/evalA_1/DP_OP_54J14_122_4589    173.1240     0.0    173.1240     0.0000 0.0000  Eval_32_65_DP_OP_54J14_122_4589_J14_0_2
core16_2/evalA_1/DP_OP_55J14_123_1041    233.4780     0.0    233.4780     0.0000 0.0000  Eval_32_65_DP_OP_55J14_123_1041_J14_0_2
core16_2/evalA_1/DP_OP_56J14_124_6512    239.5260     0.0    239.5260     0.0000 0.0000  Eval_32_65_DP_OP_56J14_124_6512_J14_0_2
core16_2/evalA_2                     666.0360      0.1      19.9080      0.0000  0.0000  Eval_32_66
core16_2/evalA_2/DP_OP_54J14_122_4589    173.1240     0.0    173.1240     0.0000 0.0000  Eval_32_65_DP_OP_54J14_122_4589_J14_0_1
core16_2/evalA_2/DP_OP_55J14_123_1041    233.4780     0.0    233.4780     0.0000 0.0000  Eval_32_65_DP_OP_55J14_123_1041_J14_0_1
core16_2/evalA_2/DP_OP_56J14_124_6512    239.5260     0.0    239.5260     0.0000 0.0000  Eval_32_65_DP_OP_56J14_124_6512_J14_0_1
core16_2/evalA_3                     666.1620      0.1      20.0340      0.0000  0.0000  Eval_32_65
core16_2/evalA_3/DP_OP_54J14_122_4589    173.1240     0.0    173.1240     0.0000 0.0000  Eval_32_65_DP_OP_54J14_122_4589_J14_0_0
core16_2/evalA_3/DP_OP_55J14_123_1041    233.4780     0.0    233.4780     0.0000 0.0000  Eval_32_65_DP_OP_55J14_123_1041_J14_0_0
core16_2/evalA_3/DP_OP_56J14_124_6512    239.5260     0.0    239.5260     0.0000 0.0000  Eval_32_65_DP_OP_56J14_124_6512_J14_0_0
core16_2/evalB                       372.0780      0.1      11.8440      0.0000  0.0000  Eval_33_68
core16_2/evalB/DP_OP_54J23_125_7298     96.0120     0.0     96.0120      0.0000  0.0000  Eval_33_65_DP_OP_54J23_125_7298_J23_0_3
core16_2/evalB/DP_OP_55J23_126_6048    129.1500     0.0    129.1500      0.0000  0.0000  Eval_33_65_DP_OP_55J23_126_6048_J23_0_3
core16_2/evalB/DP_OP_56J23_127_3366    135.0720     0.0    135.0720      0.0000  0.0000  Eval_33_65_DP_OP_56J23_127_3366_J23_0_3
core16_2/evalB_1                     371.1960      0.1      10.8360      0.0000  0.0000  Eval_33_67
core16_2/evalB_1/DP_OP_54J23_125_7298     96.0120     0.0     96.0120     0.0000 0.0000  Eval_33_65_DP_OP_54J23_125_7298_J23_0_2
core16_2/evalB_1/DP_OP_55J23_126_6048    129.1500     0.0    129.1500     0.0000 0.0000  Eval_33_65_DP_OP_55J23_126_6048_J23_0_2
core16_2/evalB_1/DP_OP_56J23_127_3366    135.1980     0.0    135.1980     0.0000 0.0000  Eval_33_65_DP_OP_56J23_127_3366_J23_0_2
core16_2/evalB_2                     371.1960      0.1      10.8360      0.0000  0.0000  Eval_33_66
core16_2/evalB_2/DP_OP_54J23_125_7298     96.0120     0.0     96.0120     0.0000 0.0000  Eval_33_65_DP_OP_54J23_125_7298_J23_0_1
core16_2/evalB_2/DP_OP_55J23_126_6048    129.1500     0.0    129.1500     0.0000 0.0000  Eval_33_65_DP_OP_55J23_126_6048_J23_0_1
core16_2/evalB_2/DP_OP_56J23_127_3366    135.1980     0.0    135.1980     0.0000 0.0000  Eval_33_65_DP_OP_56J23_127_3366_J23_0_1
core16_2/evalB_3                     372.3300      0.1      11.8440      0.0000  0.0000  Eval_33_65
core16_2/evalB_3/DP_OP_54J23_125_7298     96.0120     0.0     96.0120     0.0000 0.0000  Eval_33_65_DP_OP_54J23_125_7298_J23_0_0
core16_2/evalB_3/DP_OP_55J23_126_6048    129.4020     0.0    129.4020     0.0000 0.0000  Eval_33_65_DP_OP_55J23_126_6048_J23_0_0
core16_2/evalB_3/DP_OP_56J23_127_3366    135.0720     0.0    135.0720     0.0000 0.0000  Eval_33_65_DP_OP_56J23_127_3366_J23_0_0
core16_2/interp                     8083.0259      1.3       0.7560    872.9280  0.0000  Interpolation_7_4
core16_2/interp/interp              7209.3419      1.1       0.2520      0.0000  0.0000  InterpolationComb_7_4
core16_2/interp/interp/DP_OP_421J11_122_5430   7209.0899     1.1   7209.0899     0.0000 0.0000 InterpolationComb_7_1_DP_OP_421J11_122_5430_J11_0_3
core16_3                           87415.7748     13.9       2.0160   1671.2640  0.0000  core16_3
core16_3/core4_0                    9928.4219      1.6       0.7560    461.5380  0.0000  core4_27
core16_3/core4_0/evalA               780.0660      0.1      24.6960      0.0000  0.0000  Eval_32_27
core16_3/core4_0/evalA/DP_OP_53J27_123_8507    196.9380     0.0    196.9380     0.0000 0.0000 Eval_32_1_DP_OP_53J27_123_8507_J27_0_21
core16_3/core4_0/evalA/DP_OP_54J27_124_3738    285.8940     0.0    285.8940     0.0000 0.0000 Eval_32_1_DP_OP_54J27_124_3738_J27_0_21
core16_3/core4_0/evalA/DP_OP_55J27_125_1305    272.5380     0.0    272.5380     0.0000 0.0000 Eval_32_1_DP_OP_55J27_125_1305_J27_0_21
core16_3/core4_0/evalB               583.2540      0.1      20.4120      0.0000  0.0000  Eval_33_27
core16_3/core4_0/evalB/DP_OP_53J23_122_5226    145.5300     0.0    145.5300     0.0000 0.0000 Eval_33_1_DP_OP_53J23_122_5226_J23_0_19
core16_3/core4_0/evalB/DP_OP_54J23_123_7613    215.3340     0.0    215.3340     0.0000 0.0000 Eval_33_1_DP_OP_54J23_123_7613_J23_0_19
core16_3/core4_0/evalB/DP_OP_55J23_124_8730    201.9780     0.0    201.9780     0.0000 0.0000 Eval_33_1_DP_OP_55J23_124_8730_J23_0_19
core16_3/core4_0/interp             2057.5800      0.3       0.7560    235.8720  0.0000  Interpolation_28
core16_3/core4_0/interp/interp      1820.9520      0.3       0.2520      0.0000  0.0000  InterpolationComb_28
core16_3/core4_0/interp/interp/DP_OP_106J27_122_4702   1820.7000     0.3   1820.7000     0.0000 0.0000 InterpolationComb_0_DP_OP_106J27_122_4702_J27_0_11
core16_3/core4_0/mult_x_1            670.3200      0.1     670.3200      0.0000  0.0000  core4_7_DW_mult_tc_J21_6_5
core16_3/core4_0/mult_x_2            904.9320      0.1     904.9320      0.0000  0.0000  core4_7_DW_mult_tc_J21_5_5
core16_3/core4_0/mult_x_3            949.9140      0.2     949.9140      0.0000  0.0000  core4_7_DW_mult_tc_J21_4_5
core16_3/core4_0/mult_x_4            949.9140      0.2     949.9140      0.0000  0.0000  core4_7_DW_mult_tc_J21_3_5
core16_3/core4_0/mult_x_5            949.9140      0.2     949.9140      0.0000  0.0000  core4_7_DW_mult_tc_J21_2_5
core16_3/core4_0/mult_x_6            949.9140      0.2     949.9140      0.0000  0.0000  core4_7_DW_mult_tc_J21_1_5
core16_3/core4_0/mult_x_7            670.3200      0.1     670.3200      0.0000  0.0000  core4_7_DW_mult_tc_J21_0_5
core16_3/core4_1                   10398.4019      1.7       0.7560    461.4120  0.0000  core4_26
core16_3/core4_1/evalA               780.5700      0.1      25.2000      0.0000  0.0000  Eval_32_26
core16_3/core4_1/evalA/DP_OP_53J27_123_8507    196.9380     0.0    196.9380     0.0000 0.0000 Eval_32_1_DP_OP_53J27_123_8507_J27_0_20
core16_3/core4_1/evalA/DP_OP_54J27_124_3738    285.8940     0.0    285.8940     0.0000 0.0000 Eval_32_1_DP_OP_54J27_124_3738_J27_0_20
core16_3/core4_1/evalA/DP_OP_55J27_125_1305    272.5380     0.0    272.5380     0.0000 0.0000 Eval_32_1_DP_OP_55J27_125_1305_J27_0_20
core16_3/core4_1/evalB               583.2540      0.1      20.4120      0.0000  0.0000  Eval_33_26
core16_3/core4_1/evalB/DP_OP_53J23_122_5226    145.5300     0.0    145.5300     0.0000 0.0000 Eval_33_1_DP_OP_53J23_122_5226_J23_0_18
core16_3/core4_1/evalB/DP_OP_54J23_123_7613    215.3340     0.0    215.3340     0.0000 0.0000 Eval_33_1_DP_OP_54J23_123_7613_J23_0_18
core16_3/core4_1/evalB/DP_OP_55J23_124_8730    201.9780     0.0    201.9780     0.0000 0.0000 Eval_33_1_DP_OP_55J23_124_8730_J23_0_18
core16_3/core4_1/interp             2057.9580      0.3       0.7560    235.8720  0.0000  Interpolation_27
core16_3/core4_1/interp/interp      1821.3300      0.3       0.2520      0.0000  0.0000  InterpolationComb_27
core16_3/core4_1/interp/interp/DP_OP_106J27_122_4702   1821.0780     0.3   1821.0780     0.0000 0.0000 InterpolationComb_0_DP_OP_106J27_122_4702_J27_0_10
core16_3/core4_1/mult_x_1            904.9320      0.1     904.9320      0.0000  0.0000  core4_7_DW_mult_tc_J21_6_4
core16_3/core4_1/mult_x_2            904.9320      0.1     904.9320      0.0000  0.0000  core4_7_DW_mult_tc_J21_5_4
core16_3/core4_1/mult_x_3            949.9140      0.2     949.9140      0.0000  0.0000  core4_7_DW_mult_tc_J21_4_4
core16_3/core4_1/mult_x_4            949.9140      0.2     949.9140      0.0000  0.0000  core4_7_DW_mult_tc_J21_3_4
core16_3/core4_1/mult_x_5            949.9140      0.2     949.9140      0.0000  0.0000  core4_7_DW_mult_tc_J21_2_4
core16_3/core4_1/mult_x_6            949.9140      0.2     949.9140      0.0000  0.0000  core4_7_DW_mult_tc_J21_1_4
core16_3/core4_1/mult_x_7            904.9320      0.1     904.9320      0.0000  0.0000  core4_7_DW_mult_tc_J21_0_4
core16_3/core4_2                   10490.3819      1.7       0.7560    461.1600  0.0000  core4_25
core16_3/core4_2/evalA               780.8220      0.1      25.4520      0.0000  0.0000  Eval_32_25
core16_3/core4_2/evalA/DP_OP_53J27_123_8507    196.9380     0.0    196.9380     0.0000 0.0000 Eval_32_1_DP_OP_53J27_123_8507_J27_0_19
core16_3/core4_2/evalA/DP_OP_54J27_124_3738    285.8940     0.0    285.8940     0.0000 0.0000 Eval_32_1_DP_OP_54J27_124_3738_J27_0_19
core16_3/core4_2/evalA/DP_OP_55J27_125_1305    272.5380     0.0    272.5380     0.0000 0.0000 Eval_32_1_DP_OP_55J27_125_1305_J27_0_19
core16_3/core4_2/evalB               583.2540      0.1      20.4120      0.0000  0.0000  Eval_33_25
core16_3/core4_2/evalB/DP_OP_53J23_122_5226    145.5300     0.0    145.5300     0.0000 0.0000 Eval_33_1_DP_OP_53J23_122_5226_J23_0_17
core16_3/core4_2/evalB/DP_OP_54J23_123_7613    215.3340     0.0    215.3340     0.0000 0.0000 Eval_33_1_DP_OP_54J23_123_7613_J23_0_17
core16_3/core4_2/evalB/DP_OP_55J23_124_8730    201.9780     0.0    201.9780     0.0000 0.0000 Eval_33_1_DP_OP_55J23_124_8730_J23_0_17
core16_3/core4_2/interp             2149.9380      0.3       0.7560    243.9360  0.0000  Interpolation_26
core16_3/core4_2/interp/interp      1905.2460      0.3       0.2520      0.0000  0.0000  InterpolationComb_26
core16_3/core4_2/interp/interp/DP_OP_106J26_122_5351   1904.9940     0.3   1904.9940     0.0000 0.0000 InterpolationComb_1_DP_OP_106J26_122_5351_J26_0_15
core16_3/core4_2/mult_x_1            904.9320      0.1     904.9320      0.0000  0.0000  core4_1_DW_mult_tc_J20_6_13
core16_3/core4_2/mult_x_2            904.9320      0.1     904.9320      0.0000  0.0000  core4_1_DW_mult_tc_J20_5_13
core16_3/core4_2/mult_x_3            949.9140      0.2     949.9140      0.0000  0.0000  core4_1_DW_mult_tc_J20_4_13
core16_3/core4_2/mult_x_4            949.9140      0.2     949.9140      0.0000  0.0000  core4_1_DW_mult_tc_J20_3_13
core16_3/core4_2/mult_x_5            949.9140      0.2     949.9140      0.0000  0.0000  core4_1_DW_mult_tc_J20_2_13
core16_3/core4_2/mult_x_6            949.9140      0.2     949.9140      0.0000  0.0000  core4_1_DW_mult_tc_J20_1_13
core16_3/core4_2/mult_x_7            904.9320      0.1     904.9320      0.0000  0.0000  core4_1_DW_mult_tc_J20_0_13
core16_3/core4_3                   10490.6339      1.7       0.7560    461.1600  0.0000  core4_24
core16_3/core4_3/evalA               780.5700      0.1      25.2000      0.0000  0.0000  Eval_32_24
core16_3/core4_3/evalA/DP_OP_53J27_123_8507    196.9380     0.0    196.9380     0.0000 0.0000 Eval_32_1_DP_OP_53J27_123_8507_J27_0_18
core16_3/core4_3/evalA/DP_OP_54J27_124_3738    285.8940     0.0    285.8940     0.0000 0.0000 Eval_32_1_DP_OP_54J27_124_3738_J27_0_18
core16_3/core4_3/evalA/DP_OP_55J27_125_1305    272.5380     0.0    272.5380     0.0000 0.0000 Eval_32_1_DP_OP_55J27_125_1305_J27_0_18
core16_3/core4_3/evalB               583.2540      0.1      20.4120      0.0000  0.0000  Eval_33_24
core16_3/core4_3/evalB/DP_OP_53J23_122_5226    145.5300     0.0    145.5300     0.0000 0.0000 Eval_33_1_DP_OP_53J23_122_5226_J23_0_16
core16_3/core4_3/evalB/DP_OP_54J23_123_7613    215.3340     0.0    215.3340     0.0000 0.0000 Eval_33_1_DP_OP_54J23_123_7613_J23_0_16
core16_3/core4_3/evalB/DP_OP_55J23_124_8730    201.9780     0.0    201.9780     0.0000 0.0000 Eval_33_1_DP_OP_55J23_124_8730_J23_0_16
core16_3/core4_3/interp             2150.4420      0.3       0.7560    243.9360  0.0000  Interpolation_25
core16_3/core4_3/interp/interp      1905.7500      0.3       0.2520      0.0000  0.0000  InterpolationComb_25
core16_3/core4_3/interp/interp/DP_OP_106J26_122_5351   1905.4980     0.3   1905.4980     0.0000 0.0000 InterpolationComb_1_DP_OP_106J26_122_5351_J26_0_14
core16_3/core4_3/mult_x_1            904.9320      0.1     904.9320      0.0000  0.0000  core4_1_DW_mult_tc_J20_6_12
core16_3/core4_3/mult_x_2            904.9320      0.1     904.9320      0.0000  0.0000  core4_1_DW_mult_tc_J20_5_12
core16_3/core4_3/mult_x_3            949.9140      0.2     949.9140      0.0000  0.0000  core4_1_DW_mult_tc_J20_4_12
core16_3/core4_3/mult_x_4            949.9140      0.2     949.9140      0.0000  0.0000  core4_1_DW_mult_tc_J20_3_12
core16_3/core4_3/mult_x_5            949.9140      0.2     949.9140      0.0000  0.0000  core4_1_DW_mult_tc_J20_2_12
core16_3/core4_3/mult_x_6            949.9140      0.2     949.9140      0.0000  0.0000  core4_1_DW_mult_tc_J20_1_12
core16_3/core4_3/mult_x_7            904.9320      0.1     904.9320      0.0000  0.0000  core4_1_DW_mult_tc_J20_0_12
core16_3/core4_4                   10490.1299      1.7       0.7560    461.1600  0.0000  core4_23
core16_3/core4_4/evalA               780.5700      0.1      25.2000      0.0000  0.0000  Eval_32_23
core16_3/core4_4/evalA/DP_OP_53J27_123_8507    196.9380     0.0    196.9380     0.0000 0.0000 Eval_32_1_DP_OP_53J27_123_8507_J27_0_17
core16_3/core4_4/evalA/DP_OP_54J27_124_3738    285.8940     0.0    285.8940     0.0000 0.0000 Eval_32_1_DP_OP_54J27_124_3738_J27_0_17
core16_3/core4_4/evalA/DP_OP_55J27_125_1305    272.5380     0.0    272.5380     0.0000 0.0000 Eval_32_1_DP_OP_55J27_125_1305_J27_0_17
core16_3/core4_4/evalB               583.2540      0.1      20.4120      0.0000  0.0000  Eval_33_23
core16_3/core4_4/evalB/DP_OP_53J23_122_5226    145.5300     0.0    145.5300     0.0000 0.0000 Eval_33_1_DP_OP_53J23_122_5226_J23_0_15
core16_3/core4_4/evalB/DP_OP_54J23_123_7613    215.3340     0.0    215.3340     0.0000 0.0000 Eval_33_1_DP_OP_54J23_123_7613_J23_0_15
core16_3/core4_4/evalB/DP_OP_55J23_124_8730    201.9780     0.0    201.9780     0.0000 0.0000 Eval_33_1_DP_OP_55J23_124_8730_J23_0_15
core16_3/core4_4/interp             2149.9380      0.3       0.7560    243.9360  0.0000  Interpolation_24
core16_3/core4_4/interp/interp      1905.2460      0.3       0.2520      0.0000  0.0000  InterpolationComb_24
core16_3/core4_4/interp/interp/DP_OP_106J26_122_5351   1904.9940     0.3   1904.9940     0.0000 0.0000 InterpolationComb_1_DP_OP_106J26_122_5351_J26_0_13
core16_3/core4_4/mult_x_1            904.9320      0.1     904.9320      0.0000  0.0000  core4_1_DW_mult_tc_J20_6_11
core16_3/core4_4/mult_x_2            904.9320      0.1     904.9320      0.0000  0.0000  core4_1_DW_mult_tc_J20_5_11
core16_3/core4_4/mult_x_3            949.9140      0.2     949.9140      0.0000  0.0000  core4_1_DW_mult_tc_J20_4_11
core16_3/core4_4/mult_x_4            949.9140      0.2     949.9140      0.0000  0.0000  core4_1_DW_mult_tc_J20_3_11
core16_3/core4_4/mult_x_5            949.9140      0.2     949.9140      0.0000  0.0000  core4_1_DW_mult_tc_J20_2_11
core16_3/core4_4/mult_x_6            949.9140      0.2     949.9140      0.0000  0.0000  core4_1_DW_mult_tc_J20_1_11
core16_3/core4_4/mult_x_7            904.9320      0.1     904.9320      0.0000  0.0000  core4_1_DW_mult_tc_J20_0_11
core16_3/core4_5                   10490.3819      1.7       0.7560    461.4120  0.0000  core4_22
core16_3/core4_5/evalA               780.5700      0.1      25.2000      0.0000  0.0000  Eval_32_22
core16_3/core4_5/evalA/DP_OP_53J27_123_8507    196.9380     0.0    196.9380     0.0000 0.0000 Eval_32_1_DP_OP_53J27_123_8507_J27_0_16
core16_3/core4_5/evalA/DP_OP_54J27_124_3738    285.8940     0.0    285.8940     0.0000 0.0000 Eval_32_1_DP_OP_54J27_124_3738_J27_0_16
core16_3/core4_5/evalA/DP_OP_55J27_125_1305    272.5380     0.0    272.5380     0.0000 0.0000 Eval_32_1_DP_OP_55J27_125_1305_J27_0_16
core16_3/core4_5/evalB               583.2540      0.1      20.4120      0.0000  0.0000  Eval_33_22
core16_3/core4_5/evalB/DP_OP_53J23_122_5226    145.5300     0.0    145.5300     0.0000 0.0000 Eval_33_1_DP_OP_53J23_122_5226_J23_0_14
core16_3/core4_5/evalB/DP_OP_54J23_123_7613    215.3340     0.0    215.3340     0.0000 0.0000 Eval_33_1_DP_OP_54J23_123_7613_J23_0_14
core16_3/core4_5/evalB/DP_OP_55J23_124_8730    201.9780     0.0    201.9780     0.0000 0.0000 Eval_33_1_DP_OP_55J23_124_8730_J23_0_14
core16_3/core4_5/interp             2149.9380      0.3       0.7560    243.9360  0.0000  Interpolation_23
core16_3/core4_5/interp/interp      1905.2460      0.3       0.2520      0.0000  0.0000  InterpolationComb_23
core16_3/core4_5/interp/interp/DP_OP_106J26_122_5351   1904.9940     0.3   1904.9940     0.0000 0.0000 InterpolationComb_1_DP_OP_106J26_122_5351_J26_0_12
core16_3/core4_5/mult_x_1            904.9320      0.1     904.9320      0.0000  0.0000  core4_1_DW_mult_tc_J20_6_10
core16_3/core4_5/mult_x_2            904.9320      0.1     904.9320      0.0000  0.0000  core4_1_DW_mult_tc_J20_5_10
core16_3/core4_5/mult_x_3            949.9140      0.2     949.9140      0.0000  0.0000  core4_1_DW_mult_tc_J20_4_10
core16_3/core4_5/mult_x_4            949.9140      0.2     949.9140      0.0000  0.0000  core4_1_DW_mult_tc_J20_3_10
core16_3/core4_5/mult_x_5            949.9140      0.2     949.9140      0.0000  0.0000  core4_1_DW_mult_tc_J20_2_10
core16_3/core4_5/mult_x_6            949.9140      0.2     949.9140      0.0000  0.0000  core4_1_DW_mult_tc_J20_1_10
core16_3/core4_5/mult_x_7            904.9320      0.1     904.9320      0.0000  0.0000  core4_1_DW_mult_tc_J20_0_10
core16_3/core4_6                    9928.5479      1.6       0.7560    461.2860  0.0000  core4_21
core16_3/core4_6/evalA               780.0660      0.1      24.6960      0.0000  0.0000  Eval_32_21
core16_3/core4_6/evalA/DP_OP_53J27_123_8507    196.9380     0.0    196.9380     0.0000 0.0000 Eval_32_1_DP_OP_53J27_123_8507_J27_0_15
core16_3/core4_6/evalA/DP_OP_54J27_124_3738    285.8940     0.0    285.8940     0.0000 0.0000 Eval_32_1_DP_OP_54J27_124_3738_J27_0_15
core16_3/core4_6/evalA/DP_OP_55J27_125_1305    272.5380     0.0    272.5380     0.0000 0.0000 Eval_32_1_DP_OP_55J27_125_1305_J27_0_15
core16_3/core4_6/evalB               583.2540      0.1      20.4120      0.0000  0.0000  Eval_33_21
core16_3/core4_6/evalB/DP_OP_53J23_122_5226    145.5300     0.0    145.5300     0.0000 0.0000 Eval_33_1_DP_OP_53J23_122_5226_J23_0_13
core16_3/core4_6/evalB/DP_OP_54J23_123_7613    215.3340     0.0    215.3340     0.0000 0.0000 Eval_33_1_DP_OP_54J23_123_7613_J23_0_13
core16_3/core4_6/evalB/DP_OP_55J23_124_8730    201.9780     0.0    201.9780     0.0000 0.0000 Eval_33_1_DP_OP_55J23_124_8730_J23_0_13
core16_3/core4_6/interp             2057.9580      0.3       0.7560    235.8720  0.0000  Interpolation_22
core16_3/core4_6/interp/interp      1821.3300      0.3       0.2520      0.0000  0.0000  InterpolationComb_22
core16_3/core4_6/interp/interp/DP_OP_106J27_122_4702   1821.0780     0.3   1821.0780     0.0000 0.0000 InterpolationComb_0_DP_OP_106J27_122_4702_J27_0_9
core16_3/core4_6/mult_x_1            670.3200      0.1     670.3200      0.0000  0.0000  core4_7_DW_mult_tc_J21_6_3
core16_3/core4_6/mult_x_2            904.9320      0.1     904.9320      0.0000  0.0000  core4_7_DW_mult_tc_J21_5_3
core16_3/core4_6/mult_x_3            949.9140      0.2     949.9140      0.0000  0.0000  core4_7_DW_mult_tc_J21_4_3
core16_3/core4_6/mult_x_4            949.9140      0.2     949.9140      0.0000  0.0000  core4_7_DW_mult_tc_J21_3_3
core16_3/core4_6/mult_x_5            949.9140      0.2     949.9140      0.0000  0.0000  core4_7_DW_mult_tc_J21_2_3
core16_3/core4_6/mult_x_6            949.9140      0.2     949.9140      0.0000  0.0000  core4_7_DW_mult_tc_J21_1_3
core16_3/core4_6/mult_x_7            670.3200      0.1     670.3200      0.0000  0.0000  core4_7_DW_mult_tc_J21_0_3
core16_3/evalA                       778.3020      0.1      22.9320      0.0000  0.0000  Eval_32_64
core16_3/evalA/DP_OP_53J27_123_8507    196.9380     0.0    196.9380      0.0000  0.0000  Eval_32_1_DP_OP_53J27_123_8507_J27_0_40
core16_3/evalA/DP_OP_54J27_124_3738    285.8940     0.0    285.8940      0.0000  0.0000  Eval_32_1_DP_OP_54J27_124_3738_J27_0_40
core16_3/evalA/DP_OP_55J27_125_1305    272.5380     0.0    272.5380      0.0000  0.0000  Eval_32_1_DP_OP_55J27_125_1305_J27_0_40
core16_3/evalA_1                     780.1920      0.1      24.6960      0.0000  0.0000  Eval_32_63
core16_3/evalA_1/DP_OP_53J27_123_8507    196.9380     0.0    196.9380     0.0000 0.0000  Eval_32_1_DP_OP_53J27_123_8507_J27_0_39
core16_3/evalA_1/DP_OP_54J27_124_3738    285.8940     0.0    285.8940     0.0000 0.0000  Eval_32_1_DP_OP_54J27_124_3738_J27_0_39
core16_3/evalA_1/DP_OP_55J27_125_1305    272.6640     0.0    272.6640     0.0000 0.0000  Eval_32_1_DP_OP_55J27_125_1305_J27_0_39
core16_3/evalA_2                     780.1920      0.1      24.6960      0.0000  0.0000  Eval_32_62
core16_3/evalA_2/DP_OP_53J27_123_8507    196.9380     0.0    196.9380     0.0000 0.0000  Eval_32_1_DP_OP_53J27_123_8507_J27_0_38
core16_3/evalA_2/DP_OP_54J27_124_3738    285.8940     0.0    285.8940     0.0000 0.0000  Eval_32_1_DP_OP_54J27_124_3738_J27_0_38
core16_3/evalA_2/DP_OP_55J27_125_1305    272.6640     0.0    272.6640     0.0000 0.0000  Eval_32_1_DP_OP_55J27_125_1305_J27_0_38
core16_3/evalA_3                     778.3020      0.1      22.9320      0.0000  0.0000  Eval_32_61
core16_3/evalA_3/DP_OP_53J27_123_8507    196.9380     0.0    196.9380     0.0000 0.0000  Eval_32_1_DP_OP_53J27_123_8507_J27_0_37
core16_3/evalA_3/DP_OP_54J27_124_3738    285.8940     0.0    285.8940     0.0000 0.0000  Eval_32_1_DP_OP_54J27_124_3738_J27_0_37
core16_3/evalA_3/DP_OP_55J27_125_1305    272.5380     0.0    272.5380     0.0000 0.0000  Eval_32_1_DP_OP_55J27_125_1305_J27_0_37
core16_3/evalB                       582.2460      0.1      19.4040      0.0000  0.0000  Eval_33_64
core16_3/evalB/DP_OP_53J23_122_5226    145.5300     0.0    145.5300      0.0000  0.0000  Eval_33_1_DP_OP_53J23_122_5226_J23_0_36
core16_3/evalB/DP_OP_54J23_123_7613    215.3340     0.0    215.3340      0.0000  0.0000  Eval_33_1_DP_OP_54J23_123_7613_J23_0_36
core16_3/evalB/DP_OP_55J23_124_8730    201.9780     0.0    201.9780      0.0000  0.0000  Eval_33_1_DP_OP_55J23_124_8730_J23_0_36
core16_3/evalB_1                     580.4820      0.1      17.5140      0.0000  0.0000  Eval_33_63
core16_3/evalB_1/DP_OP_53J23_122_5226    145.5300     0.0    145.5300     0.0000 0.0000  Eval_33_1_DP_OP_53J23_122_5226_J23_0_35
core16_3/evalB_1/DP_OP_54J23_123_7613    215.3340     0.0    215.3340     0.0000 0.0000  Eval_33_1_DP_OP_54J23_123_7613_J23_0_35
core16_3/evalB_1/DP_OP_55J23_124_8730    202.1040     0.0    202.1040     0.0000 0.0000  Eval_33_1_DP_OP_55J23_124_8730_J23_0_35
core16_3/evalB_2                     580.4820      0.1      17.5140      0.0000  0.0000  Eval_33_62
core16_3/evalB_2/DP_OP_53J23_122_5226    145.5300     0.0    145.5300     0.0000 0.0000  Eval_33_1_DP_OP_53J23_122_5226_J23_0_34
core16_3/evalB_2/DP_OP_54J23_123_7613    215.3340     0.0    215.3340     0.0000 0.0000  Eval_33_1_DP_OP_54J23_123_7613_J23_0_34
core16_3/evalB_2/DP_OP_55J23_124_8730    202.1040     0.0    202.1040     0.0000 0.0000  Eval_33_1_DP_OP_55J23_124_8730_J23_0_34
core16_3/evalB_3                     582.3720      0.1      19.5300      0.0000  0.0000  Eval_33_61
core16_3/evalB_3/DP_OP_53J23_122_5226    145.5300     0.0    145.5300     0.0000 0.0000  Eval_33_1_DP_OP_53J23_122_5226_J23_0_33
core16_3/evalB_3/DP_OP_54J23_123_7613    215.3340     0.0    215.3340     0.0000 0.0000  Eval_33_1_DP_OP_54J23_123_7613_J23_0_33
core16_3/evalB_3/DP_OP_55J23_124_8730    201.9780     0.0    201.9780     0.0000 0.0000  Eval_33_1_DP_OP_55J23_124_8730_J23_0_33
core16_3/interp                     8083.0259      1.3       0.7560    872.9280  0.0000  Interpolation_7_3
core16_3/interp/interp              7209.3419      1.1       0.2520      0.0000  0.0000  InterpolationComb_7_3
core16_3/interp/interp/DP_OP_421J11_122_5430   7209.0899     1.1   7209.0899     0.0000 0.0000 InterpolationComb_7_1_DP_OP_421J11_122_5430_J11_0_2
core16_4                           84095.5489     13.4       2.0160   1671.2640  0.0000  core16_2
core16_4/core4_0                    9279.5219      1.5       1.0080    461.4120  0.0000  core4_20
core16_4/core4_0/evalA               735.5880      0.1      22.4280      0.0000  0.0000  Eval_32_20
core16_4/core4_0/evalA/DP_OP_54J15_122_8893    190.3860     0.0    190.3860     0.0000 0.0000 Eval_32_2_DP_OP_54J15_122_8893_J15_0_2
core16_4/core4_0/evalA/DP_OP_55J15_123_92    258.8040     0.0    258.8040     0.0000 0.0000 Eval_32_2_DP_OP_55J15_123_92_J15_0_2
core16_4/core4_0/evalA/DP_OP_56J15_124_3580    263.9700     0.0    263.9700     0.0000 0.0000 Eval_32_2_DP_OP_56J15_124_3580_J15_0_2
core16_4/core4_0/evalB               444.5280      0.1      14.3640      0.0000  0.0000  Eval_33_20
core16_4/core4_0/evalB/DP_OP_54J20_125_8205    115.2900     0.0    115.2900     0.0000 0.0000 Eval_33_2_DP_OP_54J20_125_8205_J20_0_2
core16_4/core4_0/evalB/DP_OP_55J20_126_776    154.4760     0.0    154.4760     0.0000 0.0000 Eval_33_2_DP_OP_55J20_126_776_J20_0_2
core16_4/core4_0/evalB/DP_OP_56J20_127_8061    160.3980     0.0    160.3980     0.0000 0.0000 Eval_33_2_DP_OP_56J20_127_8061_J20_0_2
core16_4/core4_0/interp             2057.9580      0.3       0.7560    235.8720  0.0000  Interpolation_21
core16_4/core4_0/interp/interp      1821.3300      0.3       0.2520      0.0000  0.0000  InterpolationComb_21
core16_4/core4_0/interp/interp/DP_OP_106J27_122_4702   1821.0780     0.3   1821.0780     0.0000 0.0000 InterpolationComb_0_DP_OP_106J27_122_4702_J27_0_8
core16_4/core4_0/mult_x_1            673.4700      0.1     673.4700      0.0000  0.0000  core4_14_DW_mult_uns_J25_3_1
core16_4/core4_0/mult_x_2            805.0140      0.1     805.0140      0.0000  0.0000  core4_14_DW_mult_uns_J25_2_1
core16_4/core4_0/mult_x_3            845.5860      0.1     845.5860      0.0000  0.0000  core4_14_DW_mult_tc_J25_2_1
core16_4/core4_0/mult_x_4            854.5320      0.1     854.5320      0.0000  0.0000  core4_14_DW_mult_tc_J25_1_1
core16_4/core4_0/mult_x_5            829.9620      0.1     829.9620      0.0000  0.0000  core4_14_DW_mult_uns_J25_1_1
core16_4/core4_0/mult_x_6            896.9940      0.1     896.9940      0.0000  0.0000  core4_14_DW_mult_tc_J25_0_1
core16_4/core4_0/mult_x_7            673.4700      0.1     673.4700      0.0000  0.0000  core4_14_DW_mult_uns_J25_0_1
core16_4/core4_1                   10167.5699      1.6       1.0080    461.4120  0.0000  core4_19
core16_4/core4_1/evalA               780.8220      0.1      25.4520      0.0000  0.0000  Eval_32_19
core16_4/core4_1/evalA/DP_OP_53J27_123_8507    196.9380     0.0    196.9380     0.0000 0.0000 Eval_32_1_DP_OP_53J27_123_8507_J27_0_14
core16_4/core4_1/evalA/DP_OP_54J27_124_3738    285.8940     0.0    285.8940     0.0000 0.0000 Eval_32_1_DP_OP_54J27_124_3738_J27_0_14
core16_4/core4_1/evalA/DP_OP_55J27_125_1305    272.5380     0.0    272.5380     0.0000 0.0000 Eval_32_1_DP_OP_55J27_125_1305_J27_0_14
core16_4/core4_1/evalB               551.8800      0.1      17.8920      0.0000  0.0000  Eval_33_19
core16_4/core4_1/evalB/DP_OP_54J22_122_242    139.9860     0.0    139.9860     0.0000 0.0000 Eval_33_19_DP_OP_54J22_122_242_J22_0_0
core16_4/core4_1/evalB/DP_OP_55J22_123_4499    199.2060     0.0    199.2060     0.0000 0.0000 Eval_33_19_DP_OP_55J22_123_4499_J22_0_0
core16_4/core4_1/evalB/DP_OP_56J22_124_4860    194.7960     0.0    194.7960     0.0000 0.0000 Eval_33_19_DP_OP_56J22_124_4860_J22_0_0
core16_4/core4_1/interp             2057.9580      0.3       0.7560    235.8720  0.0000  Interpolation_20
core16_4/core4_1/interp/interp      1821.3300      0.3       0.2520      0.0000  0.0000  InterpolationComb_20
core16_4/core4_1/interp/interp/DP_OP_106J27_122_4702   1821.0780     0.3   1821.0780     0.0000 0.0000 InterpolationComb_0_DP_OP_106J27_122_4702_J27_0_7
core16_4/core4_1/mult_x_1            804.8880      0.1     804.8880      0.0000  0.0000  core4_19_DW_mult_uns_J23_1
core16_4/core4_1/mult_x_2            904.9320      0.1     904.9320      0.0000  0.0000  core4_19_DW_mult_tc_J23_4
core16_4/core4_1/mult_x_3            949.9140      0.2     949.9140      0.0000  0.0000  core4_19_DW_mult_tc_J23_3
core16_4/core4_1/mult_x_4            949.9140      0.2     949.9140      0.0000  0.0000  core4_19_DW_mult_tc_J23_2
core16_4/core4_1/mult_x_5            949.9140      0.2     949.9140      0.0000  0.0000  core4_19_DW_mult_tc_J23_1
core16_4/core4_1/mult_x_6            949.9140      0.2     949.9140      0.0000  0.0000  core4_19_DW_mult_tc_J23_0
core16_4/core4_1/mult_x_7            805.0140      0.1     805.0140      0.0000  0.0000  core4_19_DW_mult_uns_J23_0
core16_4/core4_2                    9973.2779      1.6       1.0080    461.4120  0.0000  core4_18
core16_4/core4_2/evalA               767.7180      0.1      23.9400      0.0000  0.0000  Eval_32_18
core16_4/core4_2/evalA/DP_OP_53J27_123_8507    198.1980     0.0    198.1980     0.0000 0.0000 Eval_32_1_DP_OP_53J27_123_8507_J27_0_13
core16_4/core4_2/evalA/DP_OP_54J27_124_3738    275.6880     0.0    275.6880     0.0000 0.0000 Eval_32_1_DP_OP_54J27_124_3738_J27_0_13
core16_4/core4_2/evalA/DP_OP_55J27_125_1305    269.8920     0.0    269.8920     0.0000 0.0000 Eval_32_1_DP_OP_55J27_125_1305_J27_0_13
core16_4/core4_2/evalB               486.9900      0.1      16.0020      0.0000  0.0000  Eval_33_18
core16_4/core4_2/evalB/DP_OP_53J23_122_5226    124.3620     0.0    124.3620     0.0000 0.0000 Eval_33_1_DP_OP_53J23_122_5226_J23_0_12
core16_4/core4_2/evalB/DP_OP_54J23_123_7613    170.8560     0.0    170.8560     0.0000 0.0000 Eval_33_1_DP_OP_54J23_123_7613_J23_0_12
core16_4/core4_2/evalB/DP_OP_55J23_124_8730    175.7700     0.0    175.7700     0.0000 0.0000 Eval_33_1_DP_OP_55J23_124_8730_J23_0_12
core16_4/core4_2/interp             2150.4420      0.3       0.7560    243.9360  0.0000  Interpolation_19
core16_4/core4_2/interp/interp      1905.7500      0.3       0.2520      0.0000  0.0000  InterpolationComb_19
core16_4/core4_2/interp/interp/DP_OP_106J26_122_5351   1905.4980     0.3   1905.4980     0.0000 0.0000 InterpolationComb_1_DP_OP_106J26_122_5351_J26_0_11
core16_4/core4_2/mult_x_1            809.8020      0.1     809.8020      0.0000  0.0000  core4_1_DW_mult_tc_J20_6_9
core16_4/core4_2/mult_x_2            871.9200      0.1     871.9200      0.0000  0.0000  core4_1_DW_mult_tc_J20_5_9
core16_4/core4_2/mult_x_3            885.2760      0.1     885.2760      0.0000  0.0000  core4_1_DW_mult_tc_J20_4_9
core16_4/core4_2/mult_x_4            892.0800      0.1     892.0800      0.0000  0.0000  core4_1_DW_mult_tc_J20_3_9
core16_4/core4_2/mult_x_5            913.2480      0.1     913.2480      0.0000  0.0000  core4_1_DW_mult_tc_J20_2_9
core16_4/core4_2/mult_x_6            923.5800      0.1     923.5800      0.0000  0.0000  core4_1_DW_mult_tc_J20_1_9
core16_4/core4_2/mult_x_7            809.8020      0.1     809.8020      0.0000  0.0000  core4_1_DW_mult_tc_J20_0_9
core16_4/core4_3                   10314.6119      1.6       0.7560    461.2860  0.0000  core4_17
core16_4/core4_3/evalA               780.5700      0.1      25.2000      0.0000  0.0000  Eval_32_17
core16_4/core4_3/evalA/DP_OP_53J27_123_8507    196.9380     0.0    196.9380     0.0000 0.0000 Eval_32_1_DP_OP_53J27_123_8507_J27_0_12
core16_4/core4_3/evalA/DP_OP_54J27_124_3738    285.8940     0.0    285.8940     0.0000 0.0000 Eval_32_1_DP_OP_54J27_124_3738_J27_0_12
core16_4/core4_3/evalA/DP_OP_55J27_125_1305    272.5380     0.0    272.5380     0.0000 0.0000 Eval_32_1_DP_OP_55J27_125_1305_J27_0_12
core16_4/core4_3/evalB               583.2540      0.1      20.4120      0.0000  0.0000  Eval_33_17
core16_4/core4_3/evalB/DP_OP_53J23_122_5226    145.5300     0.0    145.5300     0.0000 0.0000 Eval_33_1_DP_OP_53J23_122_5226_J23_0_11
core16_4/core4_3/evalB/DP_OP_54J23_123_7613    215.3340     0.0    215.3340     0.0000 0.0000 Eval_33_1_DP_OP_54J23_123_7613_J23_0_11
core16_4/core4_3/evalB/DP_OP_55J23_124_8730    201.9780     0.0    201.9780     0.0000 0.0000 Eval_33_1_DP_OP_55J23_124_8730_J23_0_11
core16_4/core4_3/interp             2149.9380      0.3       0.7560    243.9360  0.0000  Interpolation_18
core16_4/core4_3/interp/interp      1905.2460      0.3       0.2520      0.0000  0.0000  InterpolationComb_18
core16_4/core4_3/interp/interp/DP_OP_106J26_122_5351   1904.9940     0.3   1904.9940     0.0000 0.0000 InterpolationComb_1_DP_OP_106J26_122_5351_J26_0_10
core16_4/core4_3/mult_x_1            817.1100      0.1     817.1100      0.0000  0.0000  core4_1_DW_mult_tc_J20_6_8
core16_4/core4_3/mult_x_2            904.9320      0.1     904.9320      0.0000  0.0000  core4_1_DW_mult_tc_J20_5_8
core16_4/core4_3/mult_x_3            949.9140      0.2     949.9140      0.0000  0.0000  core4_1_DW_mult_tc_J20_4_8
core16_4/core4_3/mult_x_4            949.9140      0.2     949.9140      0.0000  0.0000  core4_1_DW_mult_tc_J20_3_8
core16_4/core4_3/mult_x_5            949.9140      0.2     949.9140      0.0000  0.0000  core4_1_DW_mult_tc_J20_2_8
core16_4/core4_3/mult_x_6            949.9140      0.2     949.9140      0.0000  0.0000  core4_1_DW_mult_tc_J20_1_8
core16_4/core4_3/mult_x_7            817.1100      0.1     817.1100      0.0000  0.0000  core4_1_DW_mult_tc_J20_0_8
core16_4/core4_4                   10210.2839      1.6       1.0080    461.2860  0.0000  core4_16
core16_4/core4_4/evalA               780.8220      0.1      25.4520      0.0000  0.0000  Eval_32_16
core16_4/core4_4/evalA/DP_OP_53J27_123_8507    196.9380     0.0    196.9380     0.0000 0.0000 Eval_32_1_DP_OP_53J27_123_8507_J27_0_11
core16_4/core4_4/evalA/DP_OP_54J27_124_3738    285.8940     0.0    285.8940     0.0000 0.0000 Eval_32_1_DP_OP_54J27_124_3738_J27_0_11
core16_4/core4_4/evalA/DP_OP_55J27_125_1305    272.5380     0.0    272.5380     0.0000 0.0000 Eval_32_1_DP_OP_55J27_125_1305_J27_0_11
core16_4/core4_4/evalB               554.0220      0.1      18.1440      0.0000  0.0000  Eval_33_16
core16_4/core4_4/evalB/DP_OP_54J21_122_3607    141.3720     0.0    141.3720     0.0000 0.0000 Eval_33_16_DP_OP_54J21_122_3607_J21_0
core16_4/core4_4/evalB/DP_OP_55J21_123_8883    196.6860     0.0    196.6860     0.0000 0.0000 Eval_33_16_DP_OP_55J21_123_8883_J21_0
core16_4/core4_4/evalB/DP_OP_56J21_124_5831    197.8200     0.0    197.8200     0.0000 0.0000 Eval_33_16_DP_OP_56J21_124_5831_J21_0
core16_4/core4_4/interp             2149.9380      0.3       0.7560    243.9360  0.0000  Interpolation_17
core16_4/core4_4/interp/interp      1905.2460      0.3       0.2520      0.0000  0.0000  InterpolationComb_17
core16_4/core4_4/interp/interp/DP_OP_106J26_122_5351   1904.9940     0.3   1904.9940     0.0000 0.0000 InterpolationComb_1_DP_OP_106J26_122_5351_J26_0_9
core16_4/core4_4/mult_x_1            795.8160      0.1     795.8160      0.0000  0.0000  core4_16_DW_mult_uns_J19_1
core16_4/core4_4/mult_x_2            904.9320      0.1     904.9320      0.0000  0.0000  core4_16_DW_mult_tc_J19_4
core16_4/core4_4/mult_x_3            943.2360      0.1     943.2360      0.0000  0.0000  core4_16_DW_mult_tc_J19_3
core16_4/core4_4/mult_x_4            923.5800      0.1     923.5800      0.0000  0.0000  core4_16_DW_mult_tc_J19_2
core16_4/core4_4/mult_x_5            949.9140      0.2     949.9140      0.0000  0.0000  core4_16_DW_mult_tc_J19_1
core16_4/core4_4/mult_x_6            949.9140      0.2     949.9140      0.0000  0.0000  core4_16_DW_mult_tc_J19_0
core16_4/core4_4/mult_x_7            795.8160      0.1     795.8160      0.0000  0.0000  core4_16_DW_mult_uns_J19_0
core16_4/core4_5                   10395.5039      1.7       0.7560    461.5380  0.0000  core4_15
core16_4/core4_5/evalA               780.8220      0.1      25.4520      0.0000  0.0000  Eval_32_15
core16_4/core4_5/evalA/DP_OP_53J27_123_8507    196.9380     0.0    196.9380     0.0000 0.0000 Eval_32_1_DP_OP_53J27_123_8507_J27_0_10
core16_4/core4_5/evalA/DP_OP_54J27_124_3738    285.8940     0.0    285.8940     0.0000 0.0000 Eval_32_1_DP_OP_54J27_124_3738_J27_0_10
core16_4/core4_5/evalA/DP_OP_55J27_125_1305    272.5380     0.0    272.5380     0.0000 0.0000 Eval_32_1_DP_OP_55J27_125_1305_J27_0_10
core16_4/core4_5/evalB               583.2540      0.1      20.4120      0.0000  0.0000  Eval_33_15
core16_4/core4_5/evalB/DP_OP_53J23_122_5226    145.5300     0.0    145.5300     0.0000 0.0000 Eval_33_1_DP_OP_53J23_122_5226_J23_0_10
core16_4/core4_5/evalB/DP_OP_54J23_123_7613    215.3340     0.0    215.3340     0.0000 0.0000 Eval_33_1_DP_OP_54J23_123_7613_J23_0_10
core16_4/core4_5/evalB/DP_OP_55J23_124_8730    201.9780     0.0    201.9780     0.0000 0.0000 Eval_33_1_DP_OP_55J23_124_8730_J23_0_10
core16_4/core4_5/interp             2150.4420      0.3       0.7560    243.9360  0.0000  Interpolation_16
core16_4/core4_5/interp/interp      1905.7500      0.3       0.2520      0.0000  0.0000  InterpolationComb_16
core16_4/core4_5/interp/interp/DP_OP_106J26_122_5351   1905.4980     0.3   1905.4980     0.0000 0.0000 InterpolationComb_1_DP_OP_106J26_122_5351_J26_0_8
core16_4/core4_5/mult_x_1            857.0520      0.1     857.0520      0.0000  0.0000  core4_1_DW_mult_tc_J20_6_7
core16_4/core4_5/mult_x_2            904.9320      0.1     904.9320      0.0000  0.0000  core4_1_DW_mult_tc_J20_5_7
core16_4/core4_5/mult_x_3            949.9140      0.2     949.9140      0.0000  0.0000  core4_1_DW_mult_tc_J20_4_7
core16_4/core4_5/mult_x_4            949.9140      0.2     949.9140      0.0000  0.0000  core4_1_DW_mult_tc_J20_3_7
core16_4/core4_5/mult_x_5            949.9140      0.2     949.9140      0.0000  0.0000  core4_1_DW_mult_tc_J20_2_7
core16_4/core4_5/mult_x_6            949.9140      0.2     949.9140      0.0000  0.0000  core4_1_DW_mult_tc_J20_1_7
core16_4/core4_5/mult_x_7            857.0520      0.1     857.0520      0.0000  0.0000  core4_1_DW_mult_tc_J20_0_7
core16_4/core4_6                    9279.5219      1.5       1.0080    461.4120  0.0000  core4_14
core16_4/core4_6/evalA               735.5880      0.1      22.4280      0.0000  0.0000  Eval_32_14
core16_4/core4_6/evalA/DP_OP_54J15_122_8893    190.3860     0.0    190.3860     0.0000 0.0000 Eval_32_2_DP_OP_54J15_122_8893_J15_0_1
core16_4/core4_6/evalA/DP_OP_55J15_123_92    258.8040     0.0    258.8040     0.0000 0.0000 Eval_32_2_DP_OP_55J15_123_92_J15_0_1
core16_4/core4_6/evalA/DP_OP_56J15_124_3580    263.9700     0.0    263.9700     0.0000 0.0000 Eval_32_2_DP_OP_56J15_124_3580_J15_0_1
core16_4/core4_6/evalB               444.4020      0.1      14.2380      0.0000  0.0000  Eval_33_14
core16_4/core4_6/evalB/DP_OP_54J20_125_8205    115.2900     0.0    115.2900     0.0000 0.0000 Eval_33_2_DP_OP_54J20_125_8205_J20_0_1
core16_4/core4_6/evalB/DP_OP_55J20_126_776    154.4760     0.0    154.4760     0.0000 0.0000 Eval_33_2_DP_OP_55J20_126_776_J20_0_1
core16_4/core4_6/evalB/DP_OP_56J20_127_8061    160.3980     0.0    160.3980     0.0000 0.0000 Eval_33_2_DP_OP_56J20_127_8061_J20_0_1
core16_4/core4_6/interp             2057.9580      0.3       0.7560    235.8720  0.0000  Interpolation_15
core16_4/core4_6/interp/interp      1821.3300      0.3       0.2520      0.0000  0.0000  InterpolationComb_15
core16_4/core4_6/interp/interp/DP_OP_106J27_122_4702   1821.0780     0.3   1821.0780     0.0000 0.0000 InterpolationComb_0_DP_OP_106J27_122_4702_J27_0_6
core16_4/core4_6/mult_x_1            673.4700      0.1     673.4700      0.0000  0.0000  core4_14_DW_mult_uns_J25_3_0
core16_4/core4_6/mult_x_2            805.0140      0.1     805.0140      0.0000  0.0000  core4_14_DW_mult_uns_J25_2_0
core16_4/core4_6/mult_x_3            845.5860      0.1     845.5860      0.0000  0.0000  core4_14_DW_mult_tc_J25_2_0
core16_4/core4_6/mult_x_4            854.5320      0.1     854.5320      0.0000  0.0000  core4_14_DW_mult_tc_J25_1_0
core16_4/core4_6/mult_x_5            830.0880      0.1     830.0880      0.0000  0.0000  core4_14_DW_mult_uns_J25_1_0
core16_4/core4_6/mult_x_6            896.9940      0.1     896.9940      0.0000  0.0000  core4_14_DW_mult_tc_J25_0_0
core16_4/core4_6/mult_x_7            673.4700      0.1     673.4700      0.0000  0.0000  core4_14_DW_mult_uns_J25_0_0
core16_4/evalA                       735.5880      0.1      22.4280      0.0000  0.0000  Eval_32_60
core16_4/evalA/DP_OP_54J16_122_872    190.3860     0.0     190.3860      0.0000  0.0000  Eval_32_57_DP_OP_54J16_122_872_J16_0_3
core16_4/evalA/DP_OP_55J16_123_7403    258.8040     0.0    258.8040      0.0000  0.0000  Eval_32_57_DP_OP_55J16_123_7403_J16_0_3
core16_4/evalA/DP_OP_56J16_124_913    263.9700     0.0     263.9700      0.0000  0.0000  Eval_32_57_DP_OP_56J16_124_913_J16_0_3
core16_4/evalA_1                     735.5880      0.1      22.4280      0.0000  0.0000  Eval_32_59
core16_4/evalA_1/DP_OP_54J16_122_872    190.3860     0.0    190.3860     0.0000  0.0000  Eval_32_57_DP_OP_54J16_122_872_J16_0_2
core16_4/evalA_1/DP_OP_55J16_123_7403    258.8040     0.0    258.8040     0.0000 0.0000  Eval_32_57_DP_OP_55J16_123_7403_J16_0_2
core16_4/evalA_1/DP_OP_56J16_124_913    263.9700     0.0    263.9700     0.0000  0.0000  Eval_32_57_DP_OP_56J16_124_913_J16_0_2
core16_4/evalA_2                     735.5880      0.1      22.4280      0.0000  0.0000  Eval_32_58
core16_4/evalA_2/DP_OP_54J16_122_872    190.3860     0.0    190.3860     0.0000  0.0000  Eval_32_57_DP_OP_54J16_122_872_J16_0_1
core16_4/evalA_2/DP_OP_55J16_123_7403    258.8040     0.0    258.8040     0.0000 0.0000  Eval_32_57_DP_OP_55J16_123_7403_J16_0_1
core16_4/evalA_2/DP_OP_56J16_124_913    263.9700     0.0    263.9700     0.0000  0.0000  Eval_32_57_DP_OP_56J16_124_913_J16_0_1
core16_4/evalA_3                     735.5880      0.1      22.4280      0.0000  0.0000  Eval_32_57
core16_4/evalA_3/DP_OP_54J16_122_872    190.3860     0.0    190.3860     0.0000  0.0000  Eval_32_57_DP_OP_54J16_122_872_J16_0_0
core16_4/evalA_3/DP_OP_55J16_123_7403    258.8040     0.0    258.8040     0.0000 0.0000  Eval_32_57_DP_OP_55J16_123_7403_J16_0_0
core16_4/evalA_3/DP_OP_56J16_124_913    263.9700     0.0    263.9700     0.0000  0.0000  Eval_32_57_DP_OP_56J16_124_913_J16_0_0
core16_4/evalB                       444.7800      0.1      14.6160      0.0000  0.0000  Eval_33_60
core16_4/evalB/DP_OP_54J21_125_5299    115.2900     0.0    115.2900      0.0000  0.0000  Eval_33_57_DP_OP_54J21_125_5299_J21_0_3
core16_4/evalB/DP_OP_55J21_126_7839    154.4760     0.0    154.4760      0.0000  0.0000  Eval_33_57_DP_OP_55J21_126_7839_J21_0_3
core16_4/evalB/DP_OP_56J21_127_5157    160.3980     0.0    160.3980      0.0000  0.0000  Eval_33_57_DP_OP_56J21_127_5157_J21_0_3
core16_4/evalB_1                     443.5200      0.1      13.3560      0.0000  0.0000  Eval_33_59
core16_4/evalB_1/DP_OP_54J21_125_5299    115.2900     0.0    115.2900     0.0000 0.0000  Eval_33_57_DP_OP_54J21_125_5299_J21_0_2
core16_4/evalB_1/DP_OP_55J21_126_7839    154.4760     0.0    154.4760     0.0000 0.0000  Eval_33_57_DP_OP_55J21_126_7839_J21_0_2
core16_4/evalB_1/DP_OP_56J21_127_5157    160.3980     0.0    160.3980     0.0000 0.0000  Eval_33_57_DP_OP_56J21_127_5157_J21_0_2
core16_4/evalB_2                     443.5200      0.1      13.3560      0.0000  0.0000  Eval_33_58
core16_4/evalB_2/DP_OP_54J21_125_5299    115.2900     0.0    115.2900     0.0000 0.0000  Eval_33_57_DP_OP_54J21_125_5299_J21_0_1
core16_4/evalB_2/DP_OP_55J21_126_7839    154.4760     0.0    154.4760     0.0000 0.0000  Eval_33_57_DP_OP_55J21_126_7839_J21_0_1
core16_4/evalB_2/DP_OP_56J21_127_5157    160.3980     0.0    160.3980     0.0000 0.0000  Eval_33_57_DP_OP_56J21_127_5157_J21_0_1
core16_4/evalB_3                     444.7800      0.1      14.6160      0.0000  0.0000  Eval_33_57
core16_4/evalB_3/DP_OP_54J21_125_5299    115.2900     0.0    115.2900     0.0000 0.0000  Eval_33_57_DP_OP_54J21_125_5299_J21_0_0
core16_4/evalB_3/DP_OP_55J21_126_7839    154.4760     0.0    154.4760     0.0000 0.0000  Eval_33_57_DP_OP_55J21_126_7839_J21_0_0
core16_4/evalB_3/DP_OP_56J21_127_5157    160.3980     0.0    160.3980     0.0000 0.0000  Eval_33_57_DP_OP_56J21_127_5157_J21_0_0
core16_4/interp                     8083.0259      1.3       0.7560    872.9280  0.0000  Interpolation_7_2
core16_4/interp/interp              7209.3419      1.1       0.2520      0.0000  0.0000  InterpolationComb_7_2
core16_4/interp/interp/DP_OP_421J11_122_5430   7209.0899     1.1   7209.0899     0.0000 0.0000 InterpolationComb_7_1_DP_OP_421J11_122_5430_J11_0_1
core16_5                           87858.7908     14.0       2.0160   1671.2640  0.0000  core16_1
core16_5/core4_0                   10145.3939      1.6       0.7560    461.6640  0.0000  core4_13
core16_5/core4_0/evalA               781.0740      0.1      25.7040      0.0000  0.0000  Eval_32_13
core16_5/core4_0/evalA/DP_OP_53J27_123_8507    196.9380     0.0    196.9380     0.0000 0.0000 Eval_32_1_DP_OP_53J27_123_8507_J27_0_9
core16_5/core4_0/evalA/DP_OP_54J27_124_3738    285.8940     0.0    285.8940     0.0000 0.0000 Eval_32_1_DP_OP_54J27_124_3738_J27_0_9
core16_5/core4_0/evalA/DP_OP_55J27_125_1305    272.5380     0.0    272.5380     0.0000 0.0000 Eval_32_1_DP_OP_55J27_125_1305_J27_0_9
core16_5/core4_0/evalB               583.2540      0.1      20.4120      0.0000  0.0000  Eval_33_13
core16_5/core4_0/evalB/DP_OP_53J23_122_5226    145.5300     0.0    145.5300     0.0000 0.0000 Eval_33_1_DP_OP_53J23_122_5226_J23_0_9
core16_5/core4_0/evalB/DP_OP_54J23_123_7613    215.3340     0.0    215.3340     0.0000 0.0000 Eval_33_1_DP_OP_54J23_123_7613_J23_0_9
core16_5/core4_0/evalB/DP_OP_55J23_124_8730    201.9780     0.0    201.9780     0.0000 0.0000 Eval_33_1_DP_OP_55J23_124_8730_J23_0_9
core16_5/core4_0/interp             2057.9580      0.3       0.7560    235.8720  0.0000  Interpolation_14
core16_5/core4_0/interp/interp      1821.3300      0.3       0.2520      0.0000  0.0000  InterpolationComb_14
core16_5/core4_0/interp/interp/DP_OP_106J27_122_4702   1821.0780     0.3   1821.0780     0.0000 0.0000 InterpolationComb_0_DP_OP_106J27_122_4702_J27_0_5
core16_5/core4_0/mult_x_1            778.0500      0.1     778.0500      0.0000  0.0000  core4_7_DW_mult_tc_J21_6_2
core16_5/core4_0/mult_x_2            904.9320      0.1     904.9320      0.0000  0.0000  core4_7_DW_mult_tc_J21_5_2
core16_5/core4_0/mult_x_3            949.9140      0.2     949.9140      0.0000  0.0000  core4_7_DW_mult_tc_J21_4_2
core16_5/core4_0/mult_x_4            949.9140      0.2     949.9140      0.0000  0.0000  core4_7_DW_mult_tc_J21_3_2
core16_5/core4_0/mult_x_5            949.9140      0.2     949.9140      0.0000  0.0000  core4_7_DW_mult_tc_J21_2_2
core16_5/core4_0/mult_x_6            949.9140      0.2     949.9140      0.0000  0.0000  core4_7_DW_mult_tc_J21_1_2
core16_5/core4_0/mult_x_7            778.0500      0.1     778.0500      0.0000  0.0000  core4_7_DW_mult_tc_J21_0_2
core16_5/core4_1                   10397.2679      1.7       0.7560    461.4120  0.0000  core4_12
core16_5/core4_1/evalA               780.8220      0.1      25.4520      0.0000  0.0000  Eval_32_12
core16_5/core4_1/evalA/DP_OP_53J27_123_8507    196.9380     0.0    196.9380     0.0000 0.0000 Eval_32_1_DP_OP_53J27_123_8507_J27_0_8
core16_5/core4_1/evalA/DP_OP_54J27_124_3738    285.8940     0.0    285.8940     0.0000 0.0000 Eval_32_1_DP_OP_54J27_124_3738_J27_0_8
core16_5/core4_1/evalA/DP_OP_55J27_125_1305    272.5380     0.0    272.5380     0.0000 0.0000 Eval_32_1_DP_OP_55J27_125_1305_J27_0_8
core16_5/core4_1/evalB               583.2540      0.1      20.4120      0.0000  0.0000  Eval_33_12
core16_5/core4_1/evalB/DP_OP_53J23_122_5226    145.5300     0.0    145.5300     0.0000 0.0000 Eval_33_1_DP_OP_53J23_122_5226_J23_0_8
core16_5/core4_1/evalB/DP_OP_54J23_123_7613    215.3340     0.0    215.3340     0.0000 0.0000 Eval_33_1_DP_OP_54J23_123_7613_J23_0_8
core16_5/core4_1/evalB/DP_OP_55J23_124_8730    201.9780     0.0    201.9780     0.0000 0.0000 Eval_33_1_DP_OP_55J23_124_8730_J23_0_8
core16_5/core4_1/interp             2056.5720      0.3       0.7560    235.8720  0.0000  Interpolation_13
core16_5/core4_1/interp/interp      1819.9440      0.3       0.2520      0.0000  0.0000  InterpolationComb_13
core16_5/core4_1/interp/interp/DP_OP_106J27_122_4702   1819.6920     0.3   1819.6920     0.0000 0.0000 InterpolationComb_0_DP_OP_106J27_122_4702_J27_0_4
core16_5/core4_1/mult_x_1            904.9320      0.1     904.9320      0.0000  0.0000  core4_7_DW_mult_tc_J21_6_1
core16_5/core4_1/mult_x_2            904.9320      0.1     904.9320      0.0000  0.0000  core4_7_DW_mult_tc_J21_5_1
core16_5/core4_1/mult_x_3            949.9140      0.2     949.9140      0.0000  0.0000  core4_7_DW_mult_tc_J21_4_1
core16_5/core4_1/mult_x_4            949.9140      0.2     949.9140      0.0000  0.0000  core4_7_DW_mult_tc_J21_3_1
core16_5/core4_1/mult_x_5            949.9140      0.2     949.9140      0.0000  0.0000  core4_7_DW_mult_tc_J21_2_1
core16_5/core4_1/mult_x_6            949.9140      0.2     949.9140      0.0000  0.0000  core4_7_DW_mult_tc_J21_1_1
core16_5/core4_1/mult_x_7            904.9320      0.1     904.9320      0.0000  0.0000  core4_7_DW_mult_tc_J21_0_1
core16_5/core4_2                   10490.6339      1.7       0.7560    461.4120  0.0000  core4_11
core16_5/core4_2/evalA               780.8220      0.1      25.4520      0.0000  0.0000  Eval_32_11
core16_5/core4_2/evalA/DP_OP_53J27_123_8507    196.9380     0.0    196.9380     0.0000 0.0000 Eval_32_1_DP_OP_53J27_123_8507_J27_0_7
core16_5/core4_2/evalA/DP_OP_54J27_124_3738    285.8940     0.0    285.8940     0.0000 0.0000 Eval_32_1_DP_OP_54J27_124_3738_J27_0_7
core16_5/core4_2/evalA/DP_OP_55J27_125_1305    272.5380     0.0    272.5380     0.0000 0.0000 Eval_32_1_DP_OP_55J27_125_1305_J27_0_7
core16_5/core4_2/evalB               583.2540      0.1      20.4120      0.0000  0.0000  Eval_33_11
core16_5/core4_2/evalB/DP_OP_53J23_122_5226    145.5300     0.0    145.5300     0.0000 0.0000 Eval_33_1_DP_OP_53J23_122_5226_J23_0_7
core16_5/core4_2/evalB/DP_OP_54J23_123_7613    215.3340     0.0    215.3340     0.0000 0.0000 Eval_33_1_DP_OP_54J23_123_7613_J23_0_7
core16_5/core4_2/evalB/DP_OP_55J23_124_8730    201.9780     0.0    201.9780     0.0000 0.0000 Eval_33_1_DP_OP_55J23_124_8730_J23_0_7
core16_5/core4_2/interp             2149.9380      0.3       0.7560    243.9360  0.0000  Interpolation_12
core16_5/core4_2/interp/interp      1905.2460      0.3       0.2520      0.0000  0.0000  InterpolationComb_12
core16_5/core4_2/interp/interp/DP_OP_106J26_122_5351   1904.9940     0.3   1904.9940     0.0000 0.0000 InterpolationComb_1_DP_OP_106J26_122_5351_J26_0_7
core16_5/core4_2/mult_x_1            904.9320      0.1     904.9320      0.0000  0.0000  core4_1_DW_mult_tc_J20_6_6
core16_5/core4_2/mult_x_2            904.9320      0.1     904.9320      0.0000  0.0000  core4_1_DW_mult_tc_J20_5_6
core16_5/core4_2/mult_x_3            949.9140      0.2     949.9140      0.0000  0.0000  core4_1_DW_mult_tc_J20_4_6
core16_5/core4_2/mult_x_4            949.9140      0.2     949.9140      0.0000  0.0000  core4_1_DW_mult_tc_J20_3_6
core16_5/core4_2/mult_x_5            949.9140      0.2     949.9140      0.0000  0.0000  core4_1_DW_mult_tc_J20_2_6
core16_5/core4_2/mult_x_6            949.9140      0.2     949.9140      0.0000  0.0000  core4_1_DW_mult_tc_J20_1_6
core16_5/core4_2/mult_x_7            904.9320      0.1     904.9320      0.0000  0.0000  core4_1_DW_mult_tc_J20_0_6
core16_5/core4_3                   10489.7519      1.7       0.7560    461.2860  0.0000  core4_10
core16_5/core4_3/evalA               780.5700      0.1      25.2000      0.0000  0.0000  Eval_32_10
core16_5/core4_3/evalA/DP_OP_53J27_123_8507    196.9380     0.0    196.9380     0.0000 0.0000 Eval_32_1_DP_OP_53J27_123_8507_J27_0_6
core16_5/core4_3/evalA/DP_OP_54J27_124_3738    285.8940     0.0    285.8940     0.0000 0.0000 Eval_32_1_DP_OP_54J27_124_3738_J27_0_6
core16_5/core4_3/evalA/DP_OP_55J27_125_1305    272.5380     0.0    272.5380     0.0000 0.0000 Eval_32_1_DP_OP_55J27_125_1305_J27_0_6
core16_5/core4_3/evalB               583.2540      0.1      20.4120      0.0000  0.0000  Eval_33_10
core16_5/core4_3/evalB/DP_OP_53J23_122_5226    145.5300     0.0    145.5300     0.0000 0.0000 Eval_33_1_DP_OP_53J23_122_5226_J23_0_6
core16_5/core4_3/evalB/DP_OP_54J23_123_7613    215.3340     0.0    215.3340     0.0000 0.0000 Eval_33_1_DP_OP_54J23_123_7613_J23_0_6
core16_5/core4_3/evalB/DP_OP_55J23_124_8730    201.9780     0.0    201.9780     0.0000 0.0000 Eval_33_1_DP_OP_55J23_124_8730_J23_0_6
core16_5/core4_3/interp             2149.4340      0.3       0.7560    243.9360  0.0000  Interpolation_11
core16_5/core4_3/interp/interp      1904.7420      0.3       0.2520      0.0000  0.0000  InterpolationComb_11
core16_5/core4_3/interp/interp/DP_OP_106J26_122_5351   1904.4900     0.3   1904.4900     0.0000 0.0000 InterpolationComb_1_DP_OP_106J26_122_5351_J26_0_6
core16_5/core4_3/mult_x_1            904.9320      0.1     904.9320      0.0000  0.0000  core4_1_DW_mult_tc_J20_6_5
core16_5/core4_3/mult_x_2            904.9320      0.1     904.9320      0.0000  0.0000  core4_1_DW_mult_tc_J20_5_5
core16_5/core4_3/mult_x_3            949.9140      0.2     949.9140      0.0000  0.0000  core4_1_DW_mult_tc_J20_4_5
core16_5/core4_3/mult_x_4            949.9140      0.2     949.9140      0.0000  0.0000  core4_1_DW_mult_tc_J20_3_5
core16_5/core4_3/mult_x_5            949.9140      0.2     949.9140      0.0000  0.0000  core4_1_DW_mult_tc_J20_2_5
core16_5/core4_3/mult_x_6            949.9140      0.2     949.9140      0.0000  0.0000  core4_1_DW_mult_tc_J20_1_5
core16_5/core4_3/mult_x_7            904.9320      0.1     904.9320      0.0000  0.0000  core4_1_DW_mult_tc_J20_0_5
core16_5/core4_4                   10491.3899      1.7       0.7560    461.6640  0.0000  core4_9
core16_5/core4_4/evalA               780.8220      0.1      25.4520      0.0000  0.0000  Eval_32_9
core16_5/core4_4/evalA/DP_OP_53J27_123_8507    196.9380     0.0    196.9380     0.0000 0.0000 Eval_32_1_DP_OP_53J27_123_8507_J27_0_5
core16_5/core4_4/evalA/DP_OP_54J27_124_3738    285.8940     0.0    285.8940     0.0000 0.0000 Eval_32_1_DP_OP_54J27_124_3738_J27_0_5
core16_5/core4_4/evalA/DP_OP_55J27_125_1305    272.5380     0.0    272.5380     0.0000 0.0000 Eval_32_1_DP_OP_55J27_125_1305_J27_0_5
core16_5/core4_4/evalB               583.2540      0.1      20.4120      0.0000  0.0000  Eval_33_9
core16_5/core4_4/evalB/DP_OP_53J23_122_5226    145.5300     0.0    145.5300     0.0000 0.0000 Eval_33_1_DP_OP_53J23_122_5226_J23_0_5
core16_5/core4_4/evalB/DP_OP_54J23_123_7613    215.3340     0.0    215.3340     0.0000 0.0000 Eval_33_1_DP_OP_54J23_123_7613_J23_0_5
core16_5/core4_4/evalB/DP_OP_55J23_124_8730    201.9780     0.0    201.9780     0.0000 0.0000 Eval_33_1_DP_OP_55J23_124_8730_J23_0_5
core16_5/core4_4/interp             2150.4420      0.3       0.7560    243.9360  0.0000  Interpolation_10
core16_5/core4_4/interp/interp      1905.7500      0.3       0.2520      0.0000  0.0000  InterpolationComb_10
core16_5/core4_4/interp/interp/DP_OP_106J26_122_5351   1905.4980     0.3   1905.4980     0.0000 0.0000 InterpolationComb_1_DP_OP_106J26_122_5351_J26_0_5
core16_5/core4_4/mult_x_1            904.9320      0.1     904.9320      0.0000  0.0000  core4_1_DW_mult_tc_J20_6_4
core16_5/core4_4/mult_x_2            904.9320      0.1     904.9320      0.0000  0.0000  core4_1_DW_mult_tc_J20_5_4
core16_5/core4_4/mult_x_3            949.9140      0.2     949.9140      0.0000  0.0000  core4_1_DW_mult_tc_J20_4_4
core16_5/core4_4/mult_x_4            949.9140      0.2     949.9140      0.0000  0.0000  core4_1_DW_mult_tc_J20_3_4
core16_5/core4_4/mult_x_5            949.9140      0.2     949.9140      0.0000  0.0000  core4_1_DW_mult_tc_J20_2_4
core16_5/core4_4/mult_x_6            949.9140      0.2     949.9140      0.0000  0.0000  core4_1_DW_mult_tc_J20_1_4
core16_5/core4_4/mult_x_7            904.9320      0.1     904.9320      0.0000  0.0000  core4_1_DW_mult_tc_J20_0_4
core16_5/core4_5                   10490.5079      1.7       0.7560    461.2860  0.0000  core4_8
core16_5/core4_5/evalA               780.8220      0.1      25.4520      0.0000  0.0000  Eval_32_8
core16_5/core4_5/evalA/DP_OP_53J27_123_8507    196.9380     0.0    196.9380     0.0000 0.0000 Eval_32_1_DP_OP_53J27_123_8507_J27_0_4
core16_5/core4_5/evalA/DP_OP_54J27_124_3738    285.8940     0.0    285.8940     0.0000 0.0000 Eval_32_1_DP_OP_54J27_124_3738_J27_0_4
core16_5/core4_5/evalA/DP_OP_55J27_125_1305    272.5380     0.0    272.5380     0.0000 0.0000 Eval_32_1_DP_OP_55J27_125_1305_J27_0_4
core16_5/core4_5/evalB               583.2540      0.1      20.4120      0.0000  0.0000  Eval_33_8
core16_5/core4_5/evalB/DP_OP_53J23_122_5226    145.5300     0.0    145.5300     0.0000 0.0000 Eval_33_1_DP_OP_53J23_122_5226_J23_0_4
core16_5/core4_5/evalB/DP_OP_54J23_123_7613    215.3340     0.0    215.3340     0.0000 0.0000 Eval_33_1_DP_OP_54J23_123_7613_J23_0_4
core16_5/core4_5/evalB/DP_OP_55J23_124_8730    201.9780     0.0    201.9780     0.0000 0.0000 Eval_33_1_DP_OP_55J23_124_8730_J23_0_4
core16_5/core4_5/interp             2149.9380      0.3       0.7560    243.9360  0.0000  Interpolation_9
core16_5/core4_5/interp/interp      1905.2460      0.3       0.2520      0.0000  0.0000  InterpolationComb_9
core16_5/core4_5/interp/interp/DP_OP_106J26_122_5351   1904.9940     0.3   1904.9940     0.0000 0.0000 InterpolationComb_1_DP_OP_106J26_122_5351_J26_0_4
core16_5/core4_5/mult_x_1            904.9320      0.1     904.9320      0.0000  0.0000  core4_1_DW_mult_tc_J20_6_3
core16_5/core4_5/mult_x_2            904.9320      0.1     904.9320      0.0000  0.0000  core4_1_DW_mult_tc_J20_5_3
core16_5/core4_5/mult_x_3            949.9140      0.2     949.9140      0.0000  0.0000  core4_1_DW_mult_tc_J20_4_3
core16_5/core4_5/mult_x_4            949.9140      0.2     949.9140      0.0000  0.0000  core4_1_DW_mult_tc_J20_3_3
core16_5/core4_5/mult_x_5            949.9140      0.2     949.9140      0.0000  0.0000  core4_1_DW_mult_tc_J20_2_3
core16_5/core4_5/mult_x_6            949.9140      0.2     949.9140      0.0000  0.0000  core4_1_DW_mult_tc_J20_1_3
core16_5/core4_5/mult_x_7            904.9320      0.1     904.9320      0.0000  0.0000  core4_1_DW_mult_tc_J20_0_3
core16_5/core4_6                   10145.3939      1.6       0.7560    461.6640  0.0000  core4_7
core16_5/core4_6/evalA               781.0740      0.1      25.7040      0.0000  0.0000  Eval_32_7
core16_5/core4_6/evalA/DP_OP_53J27_123_8507    196.9380     0.0    196.9380     0.0000 0.0000 Eval_32_1_DP_OP_53J27_123_8507_J27_0_3
core16_5/core4_6/evalA/DP_OP_54J27_124_3738    285.8940     0.0    285.8940     0.0000 0.0000 Eval_32_1_DP_OP_54J27_124_3738_J27_0_3
core16_5/core4_6/evalA/DP_OP_55J27_125_1305    272.5380     0.0    272.5380     0.0000 0.0000 Eval_32_1_DP_OP_55J27_125_1305_J27_0_3
core16_5/core4_6/evalB               583.2540      0.1      20.4120      0.0000  0.0000  Eval_33_7
core16_5/core4_6/evalB/DP_OP_53J23_122_5226    145.5300     0.0    145.5300     0.0000 0.0000 Eval_33_1_DP_OP_53J23_122_5226_J23_0_3
core16_5/core4_6/evalB/DP_OP_54J23_123_7613    215.3340     0.0    215.3340     0.0000 0.0000 Eval_33_1_DP_OP_54J23_123_7613_J23_0_3
core16_5/core4_6/evalB/DP_OP_55J23_124_8730    201.9780     0.0    201.9780     0.0000 0.0000 Eval_33_1_DP_OP_55J23_124_8730_J23_0_3
core16_5/core4_6/interp             2057.9580      0.3       0.7560    235.8720  0.0000  Interpolation_8
core16_5/core4_6/interp/interp      1821.3300      0.3       0.2520      0.0000  0.0000  InterpolationComb_8
core16_5/core4_6/interp/interp/DP_OP_106J27_122_4702   1821.0780     0.3   1821.0780     0.0000 0.0000 InterpolationComb_0_DP_OP_106J27_122_4702_J27_0_3
core16_5/core4_6/mult_x_1            778.0500      0.1     778.0500      0.0000  0.0000  core4_7_DW_mult_tc_J21_6_0
core16_5/core4_6/mult_x_2            904.9320      0.1     904.9320      0.0000  0.0000  core4_7_DW_mult_tc_J21_5_0
core16_5/core4_6/mult_x_3            949.9140      0.2     949.9140      0.0000  0.0000  core4_7_DW_mult_tc_J21_4_0
core16_5/core4_6/mult_x_4            949.9140      0.2     949.9140      0.0000  0.0000  core4_7_DW_mult_tc_J21_3_0
core16_5/core4_6/mult_x_5            949.9140      0.2     949.9140      0.0000  0.0000  core4_7_DW_mult_tc_J21_2_0
core16_5/core4_6/mult_x_6            949.9140      0.2     949.9140      0.0000  0.0000  core4_7_DW_mult_tc_J21_1_0
core16_5/core4_6/mult_x_7            778.0500      0.1     778.0500      0.0000  0.0000  core4_7_DW_mult_tc_J21_0_0
core16_5/evalA                       780.8220      0.1      25.4520      0.0000  0.0000  Eval_32_56
core16_5/evalA/DP_OP_53J27_123_8507    196.9380     0.0    196.9380      0.0000  0.0000  Eval_32_1_DP_OP_53J27_123_8507_J27_0_36
core16_5/evalA/DP_OP_54J27_124_3738    285.8940     0.0    285.8940      0.0000  0.0000  Eval_32_1_DP_OP_54J27_124_3738_J27_0_36
core16_5/evalA/DP_OP_55J27_125_1305    272.5380     0.0    272.5380      0.0000  0.0000  Eval_32_1_DP_OP_55J27_125_1305_J27_0_36
core16_5/evalA_1                     781.0740      0.1      25.7040      0.0000  0.0000  Eval_32_55
core16_5/evalA_1/DP_OP_53J27_123_8507    196.9380     0.0    196.9380     0.0000 0.0000  Eval_32_1_DP_OP_53J27_123_8507_J27_0_35
core16_5/evalA_1/DP_OP_54J27_124_3738    285.8940     0.0    285.8940     0.0000 0.0000  Eval_32_1_DP_OP_54J27_124_3738_J27_0_35
core16_5/evalA_1/DP_OP_55J27_125_1305    272.5380     0.0    272.5380     0.0000 0.0000  Eval_32_1_DP_OP_55J27_125_1305_J27_0_35
core16_5/evalA_2                     781.0740      0.1      25.7040      0.0000  0.0000  Eval_32_54
core16_5/evalA_2/DP_OP_53J27_123_8507    196.9380     0.0    196.9380     0.0000 0.0000  Eval_32_1_DP_OP_53J27_123_8507_J27_0_34
core16_5/evalA_2/DP_OP_54J27_124_3738    285.8940     0.0    285.8940     0.0000 0.0000  Eval_32_1_DP_OP_54J27_124_3738_J27_0_34
core16_5/evalA_2/DP_OP_55J27_125_1305    272.5380     0.0    272.5380     0.0000 0.0000  Eval_32_1_DP_OP_55J27_125_1305_J27_0_34
core16_5/evalA_3                     780.8220      0.1      25.4520      0.0000  0.0000  Eval_32_53
core16_5/evalA_3/DP_OP_53J27_123_8507    196.9380     0.0    196.9380     0.0000 0.0000  Eval_32_1_DP_OP_53J27_123_8507_J27_0_33
core16_5/evalA_3/DP_OP_54J27_124_3738    285.8940     0.0    285.8940     0.0000 0.0000  Eval_32_1_DP_OP_54J27_124_3738_J27_0_33
core16_5/evalA_3/DP_OP_55J27_125_1305    272.5380     0.0    272.5380     0.0000 0.0000  Eval_32_1_DP_OP_55J27_125_1305_J27_0_33
core16_5/evalB                       582.7500      0.1      19.9080      0.0000  0.0000  Eval_33_56
core16_5/evalB/DP_OP_53J23_122_5226    145.5300     0.0    145.5300      0.0000  0.0000  Eval_33_1_DP_OP_53J23_122_5226_J23_0_32
core16_5/evalB/DP_OP_54J23_123_7613    215.3340     0.0    215.3340      0.0000  0.0000  Eval_33_1_DP_OP_54J23_123_7613_J23_0_32
core16_5/evalB/DP_OP_55J23_124_8730    201.9780     0.0    201.9780      0.0000  0.0000  Eval_33_1_DP_OP_55J23_124_8730_J23_0_32
core16_5/evalB_1                     581.3640      0.1      18.5220      0.0000  0.0000  Eval_33_55
core16_5/evalB_1/DP_OP_53J23_122_5226    145.5300     0.0    145.5300     0.0000 0.0000  Eval_33_1_DP_OP_53J23_122_5226_J23_0_31
core16_5/evalB_1/DP_OP_54J23_123_7613    215.3340     0.0    215.3340     0.0000 0.0000  Eval_33_1_DP_OP_54J23_123_7613_J23_0_31
core16_5/evalB_1/DP_OP_55J23_124_8730    201.9780     0.0    201.9780     0.0000 0.0000  Eval_33_1_DP_OP_55J23_124_8730_J23_0_31
core16_5/evalB_2                     581.3640      0.1      18.5220      0.0000  0.0000  Eval_33_54
core16_5/evalB_2/DP_OP_53J23_122_5226    145.5300     0.0    145.5300     0.0000 0.0000  Eval_33_1_DP_OP_53J23_122_5226_J23_0_30
core16_5/evalB_2/DP_OP_54J23_123_7613    215.3340     0.0    215.3340     0.0000 0.0000  Eval_33_1_DP_OP_54J23_123_7613_J23_0_30
core16_5/evalB_2/DP_OP_55J23_124_8730    201.9780     0.0    201.9780     0.0000 0.0000  Eval_33_1_DP_OP_55J23_124_8730_J23_0_30
core16_5/evalB_3                     582.8760      0.1      20.0340      0.0000  0.0000  Eval_33_53
core16_5/evalB_3/DP_OP_53J23_122_5226    145.5300     0.0    145.5300     0.0000 0.0000  Eval_33_1_DP_OP_53J23_122_5226_J23_0_29
core16_5/evalB_3/DP_OP_54J23_123_7613    215.3340     0.0    215.3340     0.0000 0.0000  Eval_33_1_DP_OP_54J23_123_7613_J23_0_29
core16_5/evalB_3/DP_OP_55J23_124_8730    201.9780     0.0    201.9780     0.0000 0.0000  Eval_33_1_DP_OP_55J23_124_8730_J23_0_29
core16_5/interp                     8083.0259      1.3       0.7560    872.9280  0.0000  Interpolation_7_1
core16_5/interp/interp              7209.3419      1.1       0.2520      0.0000  0.0000  InterpolationComb_7_1
core16_5/interp/interp/DP_OP_421J11_122_5430   7209.0899     1.1   7209.0899     0.0000 0.0000 InterpolationComb_7_1_DP_OP_421J11_122_5430_J11_0_0
core16_6                           77615.9991     12.3       2.0160   1671.2640  0.0000  core16_0
core16_6/core4_0                    8166.5639      1.3       1.0080    461.6640  0.0000  core4_6
core16_6/core4_0/evalA               622.3140      0.1      22.9320      0.0000  0.0000  Eval_32_6
core16_6/core4_0/evalA/DP_OP_54J25_122_2387    160.2720     0.0    160.2720     0.0000 0.0000 Eval_32_0_DP_OP_54J25_122_2387_J25_0_1
core16_6/core4_0/evalA/DP_OP_55J25_123_8268    216.5940     0.0    216.5940     0.0000 0.0000 Eval_32_0_DP_OP_55J25_123_8268_J25_0_1
core16_6/core4_0/evalA/DP_OP_56J25_124_2036    222.5160     0.0    222.5160     0.0000 0.0000 Eval_32_0_DP_OP_56J25_124_2036_J25_0_1
core16_6/core4_0/evalB               323.9460      0.1      10.3320      0.0000  0.0000  Eval_33_6
core16_6/core4_0/evalB/DP_OP_54J24_125_8703     83.1600     0.0     83.1600     0.0000 0.0000 Eval_33_0_DP_OP_54J24_125_8703_J24_0_1
core16_6/core4_0/evalB/DP_OP_55J24_126_2176    112.2660     0.0    112.2660     0.0000 0.0000 Eval_33_0_DP_OP_55J24_126_2176_J24_0_1
core16_6/core4_0/evalB/DP_OP_56J24_127_6985    118.1880     0.0    118.1880     0.0000 0.0000 Eval_33_0_DP_OP_56J24_127_6985_J24_0_1
core16_6/core4_0/interp             2057.5800      0.3       0.7560    235.8720  0.0000  Interpolation_6
core16_6/core4_0/interp/interp      1820.9520      0.3       0.2520      0.0000  0.0000  InterpolationComb_6
core16_6/core4_0/interp/interp/DP_OP_106J27_122_4702   1820.7000     0.3   1820.7000     0.0000 0.0000 InterpolationComb_0_DP_OP_106J27_122_4702_J27_0_2
core16_6/core4_0/mult_x_1            521.5140      0.1     521.5140      0.0000  0.0000  core4_0_DW_mult_uns_J15_3_1
core16_6/core4_0/mult_x_2            722.9880      0.1     722.9880      0.0000  0.0000  core4_0_DW_mult_uns_J15_2_1
core16_6/core4_0/mult_x_3            725.6340      0.1     725.6340      0.0000  0.0000  core4_0_DW_mult_tc_J15_2_1
core16_6/core4_0/mult_x_4            696.0240      0.1     696.0240      0.0000  0.0000  core4_0_DW_mult_tc_J15_1_1
core16_6/core4_0/mult_x_5            698.9220      0.1     698.9220      0.0000  0.0000  core4_0_DW_mult_uns_J15_1_1
core16_6/core4_0/mult_x_6            813.4560      0.1     813.4560      0.0000  0.0000  core4_0_DW_mult_tc_J15_0_1
core16_6/core4_0/mult_x_7            521.5140      0.1     521.5140      0.0000  0.0000  core4_0_DW_mult_uns_J15_0_1
core16_6/core4_1                    9481.1219      1.5       1.0080    461.4120  0.0000  core4_5
core16_6/core4_1/evalA               734.0760      0.1      22.4280      0.0000  0.0000  Eval_32_5
core16_6/core4_1/evalA/DP_OP_54J26_126_5391    189.8820     0.0    189.8820     0.0000 0.0000 Eval_32_5_DP_OP_54J26_126_5391_J26_0_0
core16_6/core4_1/evalA/DP_OP_55J26_127_1056    261.3240     0.0    261.3240     0.0000 0.0000 Eval_32_5_DP_OP_55J26_127_1056_J26_0_0
core16_6/core4_1/evalA/DP_OP_56J26_128_3738    260.4420     0.0    260.4420     0.0000 0.0000 Eval_32_5_DP_OP_56J26_128_3738_J26_0_0
core16_6/core4_1/evalB               446.6700      0.1      14.1120      0.0000  0.0000  Eval_33_5
core16_6/core4_1/evalB/DP_OP_54J26_129_1057    118.6920     0.0    118.6920     0.0000 0.0000 Eval_33_5_DP_OP_54J26_129_1057_J26_0_0
core16_6/core4_1/evalB/DP_OP_55J26_130_1772    156.9960     0.0    156.9960     0.0000 0.0000 Eval_33_5_DP_OP_55J26_130_1772_J26_0_0
core16_6/core4_1/evalB/DP_OP_56J26_131_5228    156.8700     0.0    156.8700     0.0000 0.0000 Eval_33_5_DP_OP_56J26_131_5228_J26_0_0
core16_6/core4_1/interp             2057.9580      0.3       0.7560    235.8720  0.0000  Interpolation_5
core16_6/core4_1/interp/interp      1821.3300      0.3       0.2520      0.0000  0.0000  InterpolationComb_5
core16_6/core4_1/interp/interp/DP_OP_106J27_122_4702   1821.0780     0.3   1821.0780     0.0000 0.0000 InterpolationComb_0_DP_OP_106J27_122_4702_J27_0_1
core16_6/core4_1/mult_x_1            722.9880      0.1     722.9880      0.0000  0.0000  core4_5_DW_mult_uns_J31_3_0
core16_6/core4_1/mult_x_2            839.7900      0.1     839.7900      0.0000  0.0000  core4_5_DW_mult_uns_J31_2_0
core16_6/core4_1/mult_x_3            879.2280      0.1     879.2280      0.0000  0.0000  core4_5_DW_mult_tc_J31_2_0
core16_6/core4_1/mult_x_4            860.9580      0.1     860.9580      0.0000  0.0000  core4_5_DW_mult_tc_J31_1_0
core16_6/core4_1/mult_x_5            835.1280      0.1     835.1280      0.0000  0.0000  core4_5_DW_mult_uns_J31_1_0
core16_6/core4_1/mult_x_6            918.9180      0.1     918.9180      0.0000  0.0000  core4_5_DW_mult_tc_J31_0_0
core16_6/core4_1/mult_x_7            722.9880      0.1     722.9880      0.0000  0.0000  core4_5_DW_mult_uns_J31_0_0
core16_6/core4_2                    9084.4739      1.4       1.0080    461.5380  0.0000  core4_4
core16_6/core4_2/evalA               660.3660      0.1      20.1600      0.0000  0.0000  Eval_32_4
core16_6/core4_2/evalA/DP_OP_53J27_123_8507    169.3440     0.0    169.3440     0.0000 0.0000 Eval_32_1_DP_OP_53J27_123_8507_J27_0_2
core16_6/core4_2/evalA/DP_OP_54J27_124_3738    232.8480     0.0    232.8480     0.0000 0.0000 Eval_32_1_DP_OP_54J27_124_3738_J27_0_2
core16_6/core4_2/evalA/DP_OP_55J27_125_1305    238.0140     0.0    238.0140     0.0000 0.0000 Eval_32_1_DP_OP_55J27_125_1305_J27_0_2
core16_6/core4_2/evalB               365.1480      0.1      11.5920      0.0000  0.0000  Eval_33_4
core16_6/core4_2/evalB/DP_OP_53J23_122_5226     92.6100     0.0     92.6100     0.0000 0.0000 Eval_33_1_DP_OP_53J23_122_5226_J23_0_2
core16_6/core4_2/evalB/DP_OP_54J23_123_7613    128.0160     0.0    128.0160     0.0000 0.0000 Eval_33_1_DP_OP_54J23_123_7613_J23_0_2
core16_6/core4_2/evalB/DP_OP_55J23_124_8730    132.9300     0.0    132.9300     0.0000 0.0000 Eval_33_1_DP_OP_55J23_124_8730_J23_0_2
core16_6/core4_2/interp             2149.4340      0.3       0.7560    243.9360  0.0000  Interpolation_4
core16_6/core4_2/interp/interp      1904.7420      0.3       0.2520      0.0000  0.0000  InterpolationComb_4
core16_6/core4_2/interp/interp/DP_OP_106J26_122_5351   1904.4900     0.3   1904.4900     0.0000 0.0000 InterpolationComb_1_DP_OP_106J26_122_5351_J26_0_3
core16_6/core4_2/mult_x_1            698.5440      0.1     698.5440      0.0000  0.0000  core4_1_DW_mult_tc_J20_6_2
core16_6/core4_2/mult_x_2            802.7460      0.1     802.7460      0.0000  0.0000  core4_1_DW_mult_tc_J20_5_2
core16_6/core4_2/mult_x_3            790.1460      0.1     790.1460      0.0000  0.0000  core4_1_DW_mult_tc_J20_4_2
core16_6/core4_2/mult_x_4            764.6940      0.1     764.6940      0.0000  0.0000  core4_1_DW_mult_tc_J20_3_2
core16_6/core4_2/mult_x_5            837.5220      0.1     837.5220      0.0000  0.0000  core4_1_DW_mult_tc_J20_2_2
core16_6/core4_2/mult_x_6            854.7840      0.1     854.7840      0.0000  0.0000  core4_1_DW_mult_tc_J20_1_2
core16_6/core4_2/mult_x_7            698.5440      0.1     698.5440      0.0000  0.0000  core4_1_DW_mult_tc_J20_0_2
core16_6/core4_3                   10021.1579      1.6       0.7560    461.6640  0.0000  core4_3
core16_6/core4_3/evalA               780.0660      0.1      24.6960      0.0000  0.0000  Eval_32_3
core16_6/core4_3/evalA/DP_OP_53J27_123_8507    196.9380     0.0    196.9380     0.0000 0.0000 Eval_32_1_DP_OP_53J27_123_8507_J27_0_1
core16_6/core4_3/evalA/DP_OP_54J27_124_3738    285.8940     0.0    285.8940     0.0000 0.0000 Eval_32_1_DP_OP_54J27_124_3738_J27_0_1
core16_6/core4_3/evalA/DP_OP_55J27_125_1305    272.5380     0.0    272.5380     0.0000 0.0000 Eval_32_1_DP_OP_55J27_125_1305_J27_0_1
core16_6/core4_3/evalB               583.0020      0.1      20.1600      0.0000  0.0000  Eval_33_3
core16_6/core4_3/evalB/DP_OP_53J23_122_5226    145.5300     0.0    145.5300     0.0000 0.0000 Eval_33_1_DP_OP_53J23_122_5226_J23_0_1
core16_6/core4_3/evalB/DP_OP_54J23_123_7613    215.3340     0.0    215.3340     0.0000 0.0000 Eval_33_1_DP_OP_54J23_123_7613_J23_0_1
core16_6/core4_3/evalB/DP_OP_55J23_124_8730    201.9780     0.0    201.9780     0.0000 0.0000 Eval_33_1_DP_OP_55J23_124_8730_J23_0_1
core16_6/core4_3/interp             2150.4420      0.3       0.7560    243.9360  0.0000  Interpolation_3
core16_6/core4_3/interp/interp      1905.7500      0.3       0.2520      0.0000  0.0000  InterpolationComb_3
core16_6/core4_3/interp/interp/DP_OP_106J26_122_5351   1905.4980     0.3   1905.4980     0.0000 0.0000 InterpolationComb_1_DP_OP_106J26_122_5351_J26_0_2
core16_6/core4_3/mult_x_1            670.3200      0.1     670.3200      0.0000  0.0000  core4_1_DW_mult_tc_J20_6_1
core16_6/core4_3/mult_x_2            904.9320      0.1     904.9320      0.0000  0.0000  core4_1_DW_mult_tc_J20_5_1
core16_6/core4_3/mult_x_3            949.9140      0.2     949.9140      0.0000  0.0000  core4_1_DW_mult_tc_J20_4_1
core16_6/core4_3/mult_x_4            949.9140      0.2     949.9140      0.0000  0.0000  core4_1_DW_mult_tc_J20_3_1
core16_6/core4_3/mult_x_5            949.9140      0.2     949.9140      0.0000  0.0000  core4_1_DW_mult_tc_J20_2_1
core16_6/core4_3/mult_x_6            949.9140      0.2     949.9140      0.0000  0.0000  core4_1_DW_mult_tc_J20_1_1
core16_6/core4_3/mult_x_7            670.3200      0.1     670.3200      0.0000  0.0000  core4_1_DW_mult_tc_J20_0_1
core16_6/core4_4                    9371.3759      1.5       1.0080    461.4120  0.0000  core4_2
core16_6/core4_4/evalA               735.5880      0.1      22.4280      0.0000  0.0000  Eval_32_2
core16_6/core4_4/evalA/DP_OP_54J15_122_8893    190.3860     0.0    190.3860     0.0000 0.0000 Eval_32_2_DP_OP_54J15_122_8893_J15_0_0
core16_6/core4_4/evalA/DP_OP_55J15_123_92    258.8040     0.0    258.8040     0.0000 0.0000 Eval_32_2_DP_OP_55J15_123_92_J15_0_0
core16_6/core4_4/evalA/DP_OP_56J15_124_3580    263.9700     0.0    263.9700     0.0000 0.0000 Eval_32_2_DP_OP_56J15_124_3580_J15_0_0
core16_6/core4_4/evalB               444.2760      0.1      14.1120      0.0000  0.0000  Eval_33_2
core16_6/core4_4/evalB/DP_OP_54J20_125_8205    115.2900     0.0    115.2900     0.0000 0.0000 Eval_33_2_DP_OP_54J20_125_8205_J20_0_0
core16_6/core4_4/evalB/DP_OP_55J20_126_776    154.4760     0.0    154.4760     0.0000 0.0000 Eval_33_2_DP_OP_55J20_126_776_J20_0_0
core16_6/core4_4/evalB/DP_OP_56J20_127_8061    160.3980     0.0    160.3980     0.0000 0.0000 Eval_33_2_DP_OP_56J20_127_8061_J20_0_0
core16_6/core4_4/interp             2149.9380      0.3       0.7560    243.9360  0.0000  Interpolation_2
core16_6/core4_4/interp/interp      1905.2460      0.3       0.2520      0.0000  0.0000  InterpolationComb_2
core16_6/core4_4/interp/interp/DP_OP_106J26_122_5351   1904.9940     0.3   1904.9940     0.0000 0.0000 InterpolationComb_1_DP_OP_106J26_122_5351_J26_0_1
core16_6/core4_4/mult_x_1            673.4700      0.1     673.4700      0.0000  0.0000  core4_2_DW_mult_uns_J33_3_0
core16_6/core4_4/mult_x_2            805.0140      0.1     805.0140      0.0000  0.0000  core4_2_DW_mult_uns_J33_2_0
core16_6/core4_4/mult_x_3            845.5860      0.1     845.5860      0.0000  0.0000  core4_2_DW_mult_tc_J33_2_0
core16_6/core4_4/mult_x_4            854.5320      0.1     854.5320      0.0000  0.0000  core4_2_DW_mult_tc_J33_1_0
core16_6/core4_4/mult_x_5            830.0880      0.1     830.0880      0.0000  0.0000  core4_2_DW_mult_uns_J33_1_0
core16_6/core4_4/mult_x_6            896.9940      0.1     896.9940      0.0000  0.0000  core4_2_DW_mult_tc_J33_0_0
core16_6/core4_4/mult_x_7            673.4700      0.1     673.4700      0.0000  0.0000  core4_2_DW_mult_uns_J33_0_0
core16_6/core4_5                   10237.3739      1.6       0.7560    461.6640  0.0000  core4_1
core16_6/core4_5/evalA               780.8220      0.1      25.4520      0.0000  0.0000  Eval_32_1
core16_6/core4_5/evalA/DP_OP_53J27_123_8507    196.9380     0.0    196.9380     0.0000 0.0000 Eval_32_1_DP_OP_53J27_123_8507_J27_0_0
core16_6/core4_5/evalA/DP_OP_54J27_124_3738    285.8940     0.0    285.8940     0.0000 0.0000 Eval_32_1_DP_OP_54J27_124_3738_J27_0_0
core16_6/core4_5/evalA/DP_OP_55J27_125_1305    272.5380     0.0    272.5380     0.0000 0.0000 Eval_32_1_DP_OP_55J27_125_1305_J27_0_0
core16_6/core4_5/evalB               583.0020      0.1      20.1600      0.0000  0.0000  Eval_33_1
core16_6/core4_5/evalB/DP_OP_53J23_122_5226    145.5300     0.0    145.5300     0.0000 0.0000 Eval_33_1_DP_OP_53J23_122_5226_J23_0_0
core16_6/core4_5/evalB/DP_OP_54J23_123_7613    215.3340     0.0    215.3340     0.0000 0.0000 Eval_33_1_DP_OP_54J23_123_7613_J23_0_0
core16_6/core4_5/evalB/DP_OP_55J23_124_8730    201.9780     0.0    201.9780     0.0000 0.0000 Eval_33_1_DP_OP_55J23_124_8730_J23_0_0
core16_6/core4_5/interp             2150.4420      0.3       0.7560    243.9360  0.0000  Interpolation_1
core16_6/core4_5/interp/interp      1905.7500      0.3       0.2520      0.0000  0.0000  InterpolationComb_1
core16_6/core4_5/interp/interp/DP_OP_106J26_122_5351   1905.4980     0.3   1905.4980     0.0000 0.0000 InterpolationComb_1_DP_OP_106J26_122_5351_J26_0_0
core16_6/core4_5/mult_x_1            778.0500      0.1     778.0500      0.0000  0.0000  core4_1_DW_mult_tc_J20_6_0
core16_6/core4_5/mult_x_2            904.9320      0.1     904.9320      0.0000  0.0000  core4_1_DW_mult_tc_J20_5_0
core16_6/core4_5/mult_x_3            949.9140      0.2     949.9140      0.0000  0.0000  core4_1_DW_mult_tc_J20_4_0
core16_6/core4_5/mult_x_4            949.9140      0.2     949.9140      0.0000  0.0000  core4_1_DW_mult_tc_J20_3_0
core16_6/core4_5/mult_x_5            949.9140      0.2     949.9140      0.0000  0.0000  core4_1_DW_mult_tc_J20_2_0
core16_6/core4_5/mult_x_6            949.9140      0.2     949.9140      0.0000  0.0000  core4_1_DW_mult_tc_J20_1_0
core16_6/core4_5/mult_x_7            778.0500      0.1     778.0500      0.0000  0.0000  core4_1_DW_mult_tc_J20_0_0
core16_6/core4_6                    8166.9419      1.3       1.0080    461.6640  0.0000  core4_0
core16_6/core4_6/evalA               622.3140      0.1      22.9320      0.0000  0.0000  Eval_32_0
core16_6/core4_6/evalA/DP_OP_54J25_122_2387    160.2720     0.0    160.2720     0.0000 0.0000 Eval_32_0_DP_OP_54J25_122_2387_J25_0_0
core16_6/core4_6/evalA/DP_OP_55J25_123_8268    216.5940     0.0    216.5940     0.0000 0.0000 Eval_32_0_DP_OP_55J25_123_8268_J25_0_0
core16_6/core4_6/evalA/DP_OP_56J25_124_2036    222.5160     0.0    222.5160     0.0000 0.0000 Eval_32_0_DP_OP_56J25_124_2036_J25_0_0
core16_6/core4_6/evalB               323.9460      0.1      10.3320      0.0000  0.0000  Eval_33_0
core16_6/core4_6/evalB/DP_OP_54J24_125_8703     83.1600     0.0     83.1600     0.0000 0.0000 Eval_33_0_DP_OP_54J24_125_8703_J24_0_0
core16_6/core4_6/evalB/DP_OP_55J24_126_2176    112.2660     0.0    112.2660     0.0000 0.0000 Eval_33_0_DP_OP_55J24_126_2176_J24_0_0
core16_6/core4_6/evalB/DP_OP_56J24_127_6985    118.1880     0.0    118.1880     0.0000 0.0000 Eval_33_0_DP_OP_56J24_127_6985_J24_0_0
core16_6/core4_6/interp             2057.9580      0.3       0.7560    235.8720  0.0000  Interpolation_0
core16_6/core4_6/interp/interp      1821.3300      0.3       0.2520      0.0000  0.0000  InterpolationComb_0
core16_6/core4_6/interp/interp/DP_OP_106J27_122_4702   1821.0780     0.3   1821.0780     0.0000 0.0000 InterpolationComb_0_DP_OP_106J27_122_4702_J27_0_0
core16_6/core4_6/mult_x_1            521.5140      0.1     521.5140      0.0000  0.0000  core4_0_DW_mult_uns_J15_3_0
core16_6/core4_6/mult_x_2            722.9880      0.1     722.9880      0.0000  0.0000  core4_0_DW_mult_uns_J15_2_0
core16_6/core4_6/mult_x_3            725.6340      0.1     725.6340      0.0000  0.0000  core4_0_DW_mult_tc_J15_2_0
core16_6/core4_6/mult_x_4            696.0240      0.1     696.0240      0.0000  0.0000  core4_0_DW_mult_tc_J15_1_0
core16_6/core4_6/mult_x_5            698.9220      0.1     698.9220      0.0000  0.0000  core4_0_DW_mult_uns_J15_1_0
core16_6/core4_6/mult_x_6            813.4560      0.1     813.4560      0.0000  0.0000  core4_0_DW_mult_tc_J15_0_0
core16_6/core4_6/mult_x_7            521.5140      0.1     521.5140      0.0000  0.0000  core4_0_DW_mult_uns_J15_0_0
core16_6/evalA                       622.3140      0.1      22.9320      0.0000  0.0000  Eval_32_52
core16_6/evalA/DP_OP_54J33_122_4711    160.2720     0.0    160.2720      0.0000  0.0000  Eval_32_49_DP_OP_54J33_122_4711_J33_0_3
core16_6/evalA/DP_OP_55J33_123_8408    216.5940     0.0    216.5940      0.0000  0.0000  Eval_32_49_DP_OP_55J33_123_8408_J33_0_3
core16_6/evalA/DP_OP_56J33_124_9411    222.5160     0.0    222.5160      0.0000  0.0000  Eval_32_49_DP_OP_56J33_124_9411_J33_0_3
core16_6/evalA_1                     617.9040      0.1      18.5220      0.0000  0.0000  Eval_32_51
core16_6/evalA_1/DP_OP_54J33_122_4711    160.2720     0.0    160.2720     0.0000 0.0000  Eval_32_49_DP_OP_54J33_122_4711_J33_0_2
core16_6/evalA_1/DP_OP_55J33_123_8408    216.5940     0.0    216.5940     0.0000 0.0000  Eval_32_49_DP_OP_55J33_123_8408_J33_0_2
core16_6/evalA_1/DP_OP_56J33_124_9411    222.5160     0.0    222.5160     0.0000 0.0000  Eval_32_49_DP_OP_56J33_124_9411_J33_0_2
core16_6/evalA_2                     617.9040      0.1      18.5220      0.0000  0.0000  Eval_32_50
core16_6/evalA_2/DP_OP_54J33_122_4711    160.2720     0.0    160.2720     0.0000 0.0000  Eval_32_49_DP_OP_54J33_122_4711_J33_0_1
core16_6/evalA_2/DP_OP_55J33_123_8408    216.5940     0.0    216.5940     0.0000 0.0000  Eval_32_49_DP_OP_55J33_123_8408_J33_0_1
core16_6/evalA_2/DP_OP_56J33_124_9411    222.5160     0.0    222.5160     0.0000 0.0000  Eval_32_49_DP_OP_56J33_124_9411_J33_0_1
core16_6/evalA_3                     622.3140      0.1      22.9320      0.0000  0.0000  Eval_32_49
core16_6/evalA_3/DP_OP_54J33_122_4711    160.2720     0.0    160.2720     0.0000 0.0000  Eval_32_49_DP_OP_54J33_122_4711_J33_0_0
core16_6/evalA_3/DP_OP_55J33_123_8408    216.5940     0.0    216.5940     0.0000 0.0000  Eval_32_49_DP_OP_55J33_123_8408_J33_0_0
core16_6/evalA_3/DP_OP_56J33_124_9411    222.5160     0.0    222.5160     0.0000 0.0000  Eval_32_49_DP_OP_56J33_124_9411_J33_0_0
core16_6/evalB                       324.1980      0.1      10.5840      0.0000  0.0000  Eval_33_52
core16_6/evalB/DP_OP_54J19_125_8521     83.1600     0.0     83.1600      0.0000  0.0000  Eval_33_49_DP_OP_54J19_125_8521_J19_0_3
core16_6/evalB/DP_OP_55J19_126_7197    112.2660     0.0    112.2660      0.0000  0.0000  Eval_33_49_DP_OP_55J19_126_7197_J19_0_3
core16_6/evalB/DP_OP_56J19_127_2039    118.1880     0.0    118.1880      0.0000  0.0000  Eval_33_49_DP_OP_56J19_127_2039_J19_0_3
core16_6/evalB_1                     323.0640      0.1       9.4500      0.0000  0.0000  Eval_33_51
core16_6/evalB_1/DP_OP_54J19_125_8521     83.1600     0.0     83.1600     0.0000 0.0000  Eval_33_49_DP_OP_54J19_125_8521_J19_0_2
core16_6/evalB_1/DP_OP_55J19_126_7197    112.2660     0.0    112.2660     0.0000 0.0000  Eval_33_49_DP_OP_55J19_126_7197_J19_0_2
core16_6/evalB_1/DP_OP_56J19_127_2039    118.1880     0.0    118.1880     0.0000 0.0000  Eval_33_49_DP_OP_56J19_127_2039_J19_0_2
core16_6/evalB_2                     323.0640      0.1       9.4500      0.0000  0.0000  Eval_33_50
core16_6/evalB_2/DP_OP_54J19_125_8521     83.1600     0.0     83.1600     0.0000 0.0000  Eval_33_49_DP_OP_54J19_125_8521_J19_0_1
core16_6/evalB_2/DP_OP_55J19_126_7197    112.2660     0.0    112.2660     0.0000 0.0000  Eval_33_49_DP_OP_55J19_126_7197_J19_0_1
core16_6/evalB_2/DP_OP_56J19_127_2039    118.1880     0.0    118.1880     0.0000 0.0000  Eval_33_49_DP_OP_56J19_127_2039_J19_0_1
core16_6/evalB_3                     324.3240      0.1      10.7100      0.0000  0.0000  Eval_33_49
core16_6/evalB_3/DP_OP_54J19_125_8521     83.1600     0.0     83.1600     0.0000 0.0000  Eval_33_49_DP_OP_54J19_125_8521_J19_0_0
core16_6/evalB_3/DP_OP_55J19_126_7197    112.2660     0.0    112.2660     0.0000 0.0000  Eval_33_49_DP_OP_55J19_126_7197_J19_0_0
core16_6/evalB_3/DP_OP_56J19_127_2039    118.1880     0.0    118.1880     0.0000 0.0000  Eval_33_49_DP_OP_56J19_127_2039_J19_0_0
core16_6/interp                     7638.6239      1.2       0.7560    840.6720  0.0000  Interpolation_7_0
core16_6/interp/interp              6797.1959      1.1       0.2520      0.0000  0.0000  InterpolationComb_7_0
core16_6/interp/interp/DP_OP_421J12_122_2675   6796.9439     1.1   6796.9439     0.0000 0.0000 InterpolationComb_7_0_DP_OP_421J12_122_2675_J12_0_0
evalA                                620.4240      0.1      25.2000      0.0000  0.0000  Eval_16
evalA/DP_OP_52J19_122_6887           160.2720      0.0     160.2720      0.0000  0.0000  Eval_0_DP_OP_52J19_122_6887_J19_0_15
evalA/DP_OP_53J19_123_2684           213.9480      0.0     213.9480      0.0000  0.0000  Eval_0_DP_OP_53J19_123_2684_J19_0_15
evalA/DP_OP_54J19_124_8373           221.0040      0.0     221.0040      0.0000  0.0000  Eval_0_DP_OP_54J19_124_8373_J19_0_15
evalA_1                              617.9040      0.1      22.5540      0.0000  0.0000  Eval_15
evalA_1/DP_OP_52J19_122_6887         160.2720      0.0     160.2720      0.0000  0.0000  Eval_0_DP_OP_52J19_122_6887_J19_0_14
evalA_1/DP_OP_53J19_123_2684         213.9480      0.0     213.9480      0.0000  0.0000  Eval_0_DP_OP_53J19_123_2684_J19_0_14
evalA_1/DP_OP_54J19_124_8373         221.1300      0.0     221.1300      0.0000  0.0000  Eval_0_DP_OP_54J19_124_8373_J19_0_14
evalA_10                             617.9040      0.1      22.5540      0.0000  0.0000  Eval_6
evalA_10/DP_OP_52J19_122_6887        160.2720      0.0     160.2720      0.0000  0.0000  Eval_0_DP_OP_52J19_122_6887_J19_0_5
evalA_10/DP_OP_53J19_123_2684        213.9480      0.0     213.9480      0.0000  0.0000  Eval_0_DP_OP_53J19_123_2684_J19_0_5
evalA_10/DP_OP_54J19_124_8373        221.1300      0.0     221.1300      0.0000  0.0000  Eval_0_DP_OP_54J19_124_8373_J19_0_5
evalA_11                             616.8960      0.1      21.6720      0.0000  0.0000  Eval_5
evalA_11/DP_OP_52J19_122_6887        160.2720      0.0     160.2720      0.0000  0.0000  Eval_0_DP_OP_52J19_122_6887_J19_0_4
evalA_11/DP_OP_53J19_123_2684        213.9480      0.0     213.9480      0.0000  0.0000  Eval_0_DP_OP_53J19_123_2684_J19_0_4
evalA_11/DP_OP_54J19_124_8373        221.0040      0.0     221.0040      0.0000  0.0000  Eval_0_DP_OP_54J19_124_8373_J19_0_4
evalA_12                             621.1800      0.1      25.9560      0.0000  0.0000  Eval_4
evalA_12/DP_OP_52J19_122_6887        160.2720      0.0     160.2720      0.0000  0.0000  Eval_0_DP_OP_52J19_122_6887_J19_0_3
evalA_12/DP_OP_53J19_123_2684        213.9480      0.0     213.9480      0.0000  0.0000  Eval_0_DP_OP_53J19_123_2684_J19_0_3
evalA_12/DP_OP_54J19_124_8373        221.0040      0.0     221.0040      0.0000  0.0000  Eval_0_DP_OP_54J19_124_8373_J19_0_3
evalA_13                             617.9040      0.1      22.5540      0.0000  0.0000  Eval_3
evalA_13/DP_OP_52J19_122_6887        160.2720      0.0     160.2720      0.0000  0.0000  Eval_0_DP_OP_52J19_122_6887_J19_0_2
evalA_13/DP_OP_53J19_123_2684        213.9480      0.0     213.9480      0.0000  0.0000  Eval_0_DP_OP_53J19_123_2684_J19_0_2
evalA_13/DP_OP_54J19_124_8373        221.1300      0.0     221.1300      0.0000  0.0000  Eval_0_DP_OP_54J19_124_8373_J19_0_2
evalA_14                             617.9040      0.1      22.5540      0.0000  0.0000  Eval_2
evalA_14/DP_OP_52J19_122_6887        160.2720      0.0     160.2720      0.0000  0.0000  Eval_0_DP_OP_52J19_122_6887_J19_0_1
evalA_14/DP_OP_53J19_123_2684        213.9480      0.0     213.9480      0.0000  0.0000  Eval_0_DP_OP_53J19_123_2684_J19_0_1
evalA_14/DP_OP_54J19_124_8373        221.1300      0.0     221.1300      0.0000  0.0000  Eval_0_DP_OP_54J19_124_8373_J19_0_1
evalA_15                             621.1800      0.1      25.9560      0.0000  0.0000  Eval_0
evalA_15/DP_OP_52J19_122_6887        160.2720      0.0     160.2720      0.0000  0.0000  Eval_0_DP_OP_52J19_122_6887_J19_0_0
evalA_15/DP_OP_53J19_123_2684        213.9480      0.0     213.9480      0.0000  0.0000  Eval_0_DP_OP_53J19_123_2684_J19_0_0
evalA_15/DP_OP_54J19_124_8373        221.0040      0.0     221.0040      0.0000  0.0000  Eval_0_DP_OP_54J19_124_8373_J19_0_0
evalA_2                              617.9040      0.1      22.5540      0.0000  0.0000  Eval_14
evalA_2/DP_OP_52J19_122_6887         160.2720      0.0     160.2720      0.0000  0.0000  Eval_0_DP_OP_52J19_122_6887_J19_0_13
evalA_2/DP_OP_53J19_123_2684         213.9480      0.0     213.9480      0.0000  0.0000  Eval_0_DP_OP_53J19_123_2684_J19_0_13
evalA_2/DP_OP_54J19_124_8373         221.1300      0.0     221.1300      0.0000  0.0000  Eval_0_DP_OP_54J19_124_8373_J19_0_13
evalA_3                              620.8020      0.1      25.5780      0.0000  0.0000  Eval_13
evalA_3/DP_OP_52J19_122_6887         160.2720      0.0     160.2720      0.0000  0.0000  Eval_0_DP_OP_52J19_122_6887_J19_0_12
evalA_3/DP_OP_53J19_123_2684         213.9480      0.0     213.9480      0.0000  0.0000  Eval_0_DP_OP_53J19_123_2684_J19_0_12
evalA_3/DP_OP_54J19_124_8373         221.0040      0.0     221.0040      0.0000  0.0000  Eval_0_DP_OP_54J19_124_8373_J19_0_12
evalA_4                              617.1480      0.1      21.9240      0.0000  0.0000  Eval_12
evalA_4/DP_OP_52J19_122_6887         160.2720      0.0     160.2720      0.0000  0.0000  Eval_0_DP_OP_52J19_122_6887_J19_0_11
evalA_4/DP_OP_53J19_123_2684         213.9480      0.0     213.9480      0.0000  0.0000  Eval_0_DP_OP_53J19_123_2684_J19_0_11
evalA_4/DP_OP_54J19_124_8373         221.0040      0.0     221.0040      0.0000  0.0000  Eval_0_DP_OP_54J19_124_8373_J19_0_11
evalA_5                              617.9040      0.1      22.5540      0.0000  0.0000  Eval_11
evalA_5/DP_OP_52J19_122_6887         160.2720      0.0     160.2720      0.0000  0.0000  Eval_0_DP_OP_52J19_122_6887_J19_0_10
evalA_5/DP_OP_53J19_123_2684         213.9480      0.0     213.9480      0.0000  0.0000  Eval_0_DP_OP_53J19_123_2684_J19_0_10
evalA_5/DP_OP_54J19_124_8373         221.1300      0.0     221.1300      0.0000  0.0000  Eval_0_DP_OP_54J19_124_8373_J19_0_10
evalA_6                              617.9040      0.1      22.5540      0.0000  0.0000  Eval_10
evalA_6/DP_OP_52J19_122_6887         160.2720      0.0     160.2720      0.0000  0.0000  Eval_0_DP_OP_52J19_122_6887_J19_0_9
evalA_6/DP_OP_53J19_123_2684         213.9480      0.0     213.9480      0.0000  0.0000  Eval_0_DP_OP_53J19_123_2684_J19_0_9
evalA_6/DP_OP_54J19_124_8373         221.1300      0.0     221.1300      0.0000  0.0000  Eval_0_DP_OP_54J19_124_8373_J19_0_9
evalA_7                              617.2740      0.1      22.0500      0.0000  0.0000  Eval_9
evalA_7/DP_OP_52J19_122_6887         160.2720      0.0     160.2720      0.0000  0.0000  Eval_0_DP_OP_52J19_122_6887_J19_0_8
evalA_7/DP_OP_53J19_123_2684         213.9480      0.0     213.9480      0.0000  0.0000  Eval_0_DP_OP_53J19_123_2684_J19_0_8
evalA_7/DP_OP_54J19_124_8373         221.0040      0.0     221.0040      0.0000  0.0000  Eval_0_DP_OP_54J19_124_8373_J19_0_8
evalA_8                              617.1480      0.1      21.9240      0.0000  0.0000  Eval_8
evalA_8/DP_OP_52J19_122_6887         160.2720      0.0     160.2720      0.0000  0.0000  Eval_0_DP_OP_52J19_122_6887_J19_0_7
evalA_8/DP_OP_53J19_123_2684         213.9480      0.0     213.9480      0.0000  0.0000  Eval_0_DP_OP_53J19_123_2684_J19_0_7
evalA_8/DP_OP_54J19_124_8373         221.0040      0.0     221.0040      0.0000  0.0000  Eval_0_DP_OP_54J19_124_8373_J19_0_7
evalA_9                              617.9040      0.1      22.5540      0.0000  0.0000  Eval_7
evalA_9/DP_OP_52J19_122_6887         160.2720      0.0     160.2720      0.0000  0.0000  Eval_0_DP_OP_52J19_122_6887_J19_0_6
evalA_9/DP_OP_53J19_123_2684         213.9480      0.0     213.9480      0.0000  0.0000  Eval_0_DP_OP_53J19_123_2684_J19_0_6
evalA_9/DP_OP_54J19_124_8373         221.1300      0.0     221.1300      0.0000  0.0000  Eval_0_DP_OP_54J19_124_8373_J19_0_6
evalB                                320.7960      0.1      14.3640      0.0000  0.0000  Eval_1_15
evalB/DP_OP_52J25_125_7082            83.1600      0.0      83.1600      0.0000  0.0000  Eval_1_0_DP_OP_52J25_125_7082_J25_0_15
evalB/DP_OP_53J25_126_1358           108.1080      0.0     108.1080      0.0000  0.0000  Eval_1_0_DP_OP_53J25_126_1358_J25_0_15
evalB/DP_OP_54J25_127_7047           115.1640      0.0     115.1640      0.0000  0.0000  Eval_1_0_DP_OP_54J25_127_7047_J25_0_15
evalB_1                              323.0640      0.1      16.5060      0.0000  0.0000  Eval_1_14
evalB_1/DP_OP_52J25_125_7082          83.1600      0.0      83.1600      0.0000  0.0000  Eval_1_0_DP_OP_52J25_125_7082_J25_0_14
evalB_1/DP_OP_53J25_126_1358         108.1080      0.0     108.1080      0.0000  0.0000  Eval_1_0_DP_OP_53J25_126_1358_J25_0_14
evalB_1/DP_OP_54J25_127_7047         115.2900      0.0     115.2900      0.0000  0.0000  Eval_1_0_DP_OP_54J25_127_7047_J25_0_14
evalB_10                             323.0640      0.1      16.5060      0.0000  0.0000  Eval_1_5
evalB_10/DP_OP_52J25_125_7082         83.1600      0.0      83.1600      0.0000  0.0000  Eval_1_0_DP_OP_52J25_125_7082_J25_0_5
evalB_10/DP_OP_53J25_126_1358        108.1080      0.0     108.1080      0.0000  0.0000  Eval_1_0_DP_OP_53J25_126_1358_J25_0_5
evalB_10/DP_OP_54J25_127_7047        115.2900      0.0     115.2900      0.0000  0.0000  Eval_1_0_DP_OP_54J25_127_7047_J25_0_5
evalB_11                             320.4180      0.1      13.9860      0.0000  0.0000  Eval_1_4
evalB_11/DP_OP_52J25_125_7082         83.1600      0.0      83.1600      0.0000  0.0000  Eval_1_0_DP_OP_52J25_125_7082_J25_0_4
evalB_11/DP_OP_53J25_126_1358        108.1080      0.0     108.1080      0.0000  0.0000  Eval_1_0_DP_OP_53J25_126_1358_J25_0_4
evalB_11/DP_OP_54J25_127_7047        115.1640      0.0     115.1640      0.0000  0.0000  Eval_1_0_DP_OP_54J25_127_7047_J25_0_4
evalB_12                             323.0640      0.1      15.8760      0.0000  0.0000  Eval_1_3
evalB_12/DP_OP_52J25_125_7082         83.5380      0.0      83.5380      0.0000  0.0000  Eval_1_0_DP_OP_52J25_125_7082_J25_0_3
evalB_12/DP_OP_53J25_126_1358        108.4860      0.0     108.4860      0.0000  0.0000  Eval_1_0_DP_OP_53J25_126_1358_J25_0_3
evalB_12/DP_OP_54J25_127_7047        115.1640      0.0     115.1640      0.0000  0.0000  Eval_1_0_DP_OP_54J25_127_7047_J25_0_3
evalB_13                             323.0640      0.1      16.5060      0.0000  0.0000  Eval_1_2
evalB_13/DP_OP_52J25_125_7082         83.1600      0.0      83.1600      0.0000  0.0000  Eval_1_0_DP_OP_52J25_125_7082_J25_0_2
evalB_13/DP_OP_53J25_126_1358        108.1080      0.0     108.1080      0.0000  0.0000  Eval_1_0_DP_OP_53J25_126_1358_J25_0_2
evalB_13/DP_OP_54J25_127_7047        115.2900      0.0     115.2900      0.0000  0.0000  Eval_1_0_DP_OP_54J25_127_7047_J25_0_2
evalB_14                             323.0640      0.1      16.5060      0.0000  0.0000  Eval_1_1
evalB_14/DP_OP_52J25_125_7082         83.1600      0.0      83.1600      0.0000  0.0000  Eval_1_0_DP_OP_52J25_125_7082_J25_0_1
evalB_14/DP_OP_53J25_126_1358        108.1080      0.0     108.1080      0.0000  0.0000  Eval_1_0_DP_OP_53J25_126_1358_J25_0_1
evalB_14/DP_OP_54J25_127_7047        115.2900      0.0     115.2900      0.0000  0.0000  Eval_1_0_DP_OP_54J25_127_7047_J25_0_1
evalB_15                             323.3160      0.1      15.6240      0.0000  0.0000  Eval_1_0
evalB_15/DP_OP_52J25_125_7082         83.1600      0.0      83.1600      0.0000  0.0000  Eval_1_0_DP_OP_52J25_125_7082_J25_0_0
evalB_15/DP_OP_53J25_126_1358        109.3680      0.0     109.3680      0.0000  0.0000  Eval_1_0_DP_OP_53J25_126_1358_J25_0_0
evalB_15/DP_OP_54J25_127_7047        115.1640      0.0     115.1640      0.0000  0.0000  Eval_1_0_DP_OP_54J25_127_7047_J25_0_0
evalB_2                              323.0640      0.1      16.5060      0.0000  0.0000  Eval_1_13
evalB_2/DP_OP_52J25_125_7082          83.1600      0.0      83.1600      0.0000  0.0000  Eval_1_0_DP_OP_52J25_125_7082_J25_0_13
evalB_2/DP_OP_53J25_126_1358         108.1080      0.0     108.1080      0.0000  0.0000  Eval_1_0_DP_OP_53J25_126_1358_J25_0_13
evalB_2/DP_OP_54J25_127_7047         115.2900      0.0     115.2900      0.0000  0.0000  Eval_1_0_DP_OP_54J25_127_7047_J25_0_13
evalB_3                              322.8120      0.1      16.0020      0.0000  0.0000  Eval_1_12
evalB_3/DP_OP_52J25_125_7082          83.5380      0.0      83.5380      0.0000  0.0000  Eval_1_0_DP_OP_52J25_125_7082_J25_0_12
evalB_3/DP_OP_53J25_126_1358         108.1080      0.0     108.1080      0.0000  0.0000  Eval_1_0_DP_OP_53J25_126_1358_J25_0_12
evalB_3/DP_OP_54J25_127_7047         115.1640      0.0     115.1640      0.0000  0.0000  Eval_1_0_DP_OP_54J25_127_7047_J25_0_12
evalB_4                              318.9060      0.1      12.4740      0.0000  0.0000  Eval_1_11
evalB_4/DP_OP_52J25_125_7082          83.1600      0.0      83.1600      0.0000  0.0000  Eval_1_0_DP_OP_52J25_125_7082_J25_0_11
evalB_4/DP_OP_53J25_126_1358         108.1080      0.0     108.1080      0.0000  0.0000  Eval_1_0_DP_OP_53J25_126_1358_J25_0_11
evalB_4/DP_OP_54J25_127_7047         115.1640      0.0     115.1640      0.0000  0.0000  Eval_1_0_DP_OP_54J25_127_7047_J25_0_11
evalB_5                              323.0640      0.1      16.5060      0.0000  0.0000  Eval_1_10
evalB_5/DP_OP_52J25_125_7082          83.1600      0.0      83.1600      0.0000  0.0000  Eval_1_0_DP_OP_52J25_125_7082_J25_0_10
evalB_5/DP_OP_53J25_126_1358         108.1080      0.0     108.1080      0.0000  0.0000  Eval_1_0_DP_OP_53J25_126_1358_J25_0_10
evalB_5/DP_OP_54J25_127_7047         115.2900      0.0     115.2900      0.0000  0.0000  Eval_1_0_DP_OP_54J25_127_7047_J25_0_10
evalB_6                              323.0640      0.1      16.5060      0.0000  0.0000  Eval_1_9
evalB_6/DP_OP_52J25_125_7082          83.1600      0.0      83.1600      0.0000  0.0000  Eval_1_0_DP_OP_52J25_125_7082_J25_0_9
evalB_6/DP_OP_53J25_126_1358         108.1080      0.0     108.1080      0.0000  0.0000  Eval_1_0_DP_OP_53J25_126_1358_J25_0_9
evalB_6/DP_OP_54J25_127_7047         115.2900      0.0     115.2900      0.0000  0.0000  Eval_1_0_DP_OP_54J25_127_7047_J25_0_9
evalB_7                              319.7880      0.1      13.3560      0.0000  0.0000  Eval_1_8
evalB_7/DP_OP_52J25_125_7082          83.1600      0.0      83.1600      0.0000  0.0000  Eval_1_0_DP_OP_52J25_125_7082_J25_0_8
evalB_7/DP_OP_53J25_126_1358         108.1080      0.0     108.1080      0.0000  0.0000  Eval_1_0_DP_OP_53J25_126_1358_J25_0_8
evalB_7/DP_OP_54J25_127_7047         115.1640      0.0     115.1640      0.0000  0.0000  Eval_1_0_DP_OP_54J25_127_7047_J25_0_8
evalB_8                              318.9060      0.1      12.4740      0.0000  0.0000  Eval_1_7
evalB_8/DP_OP_52J25_125_7082          83.1600      0.0      83.1600      0.0000  0.0000  Eval_1_0_DP_OP_52J25_125_7082_J25_0_7
evalB_8/DP_OP_53J25_126_1358         108.1080      0.0     108.1080      0.0000  0.0000  Eval_1_0_DP_OP_53J25_126_1358_J25_0_7
evalB_8/DP_OP_54J25_127_7047         115.1640      0.0     115.1640      0.0000  0.0000  Eval_1_0_DP_OP_54J25_127_7047_J25_0_7
evalB_9                              323.0640      0.1      16.5060      0.0000  0.0000  Eval_1_6
evalB_9/DP_OP_52J25_125_7082          83.1600      0.0      83.1600      0.0000  0.0000  Eval_1_0_DP_OP_52J25_125_7082_J25_0_6
evalB_9/DP_OP_53J25_126_1358         108.1080      0.0     108.1080      0.0000  0.0000  Eval_1_0_DP_OP_53J25_126_1358_J25_0_6
evalB_9/DP_OP_54J25_127_7047         115.2900      0.0     115.2900      0.0000  0.0000  Eval_1_0_DP_OP_54J25_127_7047_J25_0_6
interp                             28597.9676      4.5       0.7560   3098.5920  0.0000  Interpolation_56
interp/interp                      25498.6196      4.1       0.2520      0.0000  0.0000  InterpolationComb_56
interp/interp/DP_OP_1681J3_122_2968  25498.3676     4.1  25498.3676      0.0000  0.0000  InterpolationComb_56_DP_OP_1681J3_122_2968_J3_0
--------------------------------  -----------  -------  -----------  ----------  ------  ---------------------------------------------------
Total                                                   568276.1191  61207.3990  0.0000

1
