 
****************************************
Report : area
Design : core64_a28_b12_c28
Version: O-2018.06-SP5
Date   : Tue May 12 23:49:43 2026
****************************************

Library(s) Used:

    tcbn28hpcplusbwp40p140lvtssg0p81vm40c_ccs (File: /export1/Library/TN28HPC+/STD_CELL_ext/track9_200824/TSMCHOME/digital/Front_End/timing_power_noise/CCS/tcbn28hpcplusbwp40p140lvt_180a/tcbn28hpcplusbwp40p140lvtssg0p81vm40c_ccs.db)
    tcbn28hpcplusbwp40p140ssg0p81vm40c_ccs (File: /export1/Library/TN28HPC+/STD_CELL_ext/track9_200824/TSMCHOME/digital/Front_End/timing_power_noise/CCS/tcbn28hpcplusbwp40p140_180a/tcbn28hpcplusbwp40p140ssg0p81vm40c_ccs.db)
    tcbn28hpcplusbwp40p140hvtssg0p81vm40c_ccs (File: /export1/Library/TN28HPC+/STD_CELL_ext/track9_200824/TSMCHOME/digital/Front_End/timing_power_noise/CCS/tcbn28hpcplusbwp40p140hvt_180a/tcbn28hpcplusbwp40p140hvtssg0p81vm40c_ccs.db)

Number of ports:                       349146
Number of nets:                       1100606
Number of cells:                       568300
Number of combinational cells:         526414
Number of sequential cells:             34458
Number of macros/black boxes:               0
Number of buf/inv:                      71036
Number of references:                      45

Combinational area:             657445.814108
Buf/Inv area:                    19105.380167
Noncombinational area:           69453.847112
Macro/Black Box area:                0.000000
Net Interconnect area:      undefined  (Wire load has zero net area)

Total cell area:                726899.661220
Total area:                 undefined

Hierarchical area distribution
------------------------------

                                  Global cell area              Local cell area
                                  --------------------  ------------------------------- 
Hierarchical cell                 Absolute     Percent  Combi-       Noncombi-   Black-
                                  Total        Total    national     national    boxes   Design
--------------------------------  -----------  -------  -----------  ----------  ------  ---------------------------------------------------
core64_a28_b12_c28                726899.6612    100.0       2.0160   6904.8001  0.0000  core64_a28_b12_c28
core16_0                           89668.7809     12.3       2.0160   1897.0560  0.0000  core16_6
core16_0/core4_0                    9476.2079      1.3       1.0080    518.1120  0.0000  core4_48
core16_0/core4_0/evalA               722.6100      0.1      26.9640      0.0000  0.0000  Eval_32_48
core16_0/core4_0/evalA/DP_OP_54J20_122_2391    185.9760     0.0    185.9760     0.0000 0.0000 Eval_32_0_DP_OP_54J20_122_2391_J20_0_3
core16_0/core4_0/evalA/DP_OP_55J20_123_3961    251.8740     0.0    251.8740     0.0000 0.0000 Eval_32_0_DP_OP_55J20_123_3961_J20_0_3
core16_0/core4_0/evalA/DP_OP_56J20_124_3269    257.7960     0.0    257.7960     0.0000 0.0000 Eval_32_0_DP_OP_56J20_124_3269_J20_0_3
core16_0/core4_0/evalB               328.9860      0.0      10.0800      0.0000  0.0000  Eval_33_48
core16_0/core4_0/evalB/DP_OP_54J22_129_8703     83.1600     0.0     83.1600     0.0000 0.0000 Eval_33_0_DP_OP_54J22_129_8703_J22_0_3
core16_0/core4_0/evalB/DP_OP_55J22_130_2176    115.6680     0.0    115.6680     0.0000 0.0000 Eval_33_0_DP_OP_55J22_130_2176_J22_0_3
core16_0/core4_0/evalB/DP_OP_56J22_131_6985    120.0780     0.0    120.0780     0.0000 0.0000 Eval_33_0_DP_OP_56J22_131_6985_J22_0_3
core16_0/core4_0/interp             2612.9880      0.4       0.7560    268.1280  0.0000  Interpolation_49
core16_0/core4_0/interp/interp      2344.1040      0.3       0.2520      0.0000  0.0000  InterpolationComb_49
core16_0/core4_0/interp/interp/DP_OP_106J22_122_4023   2343.8520     0.3   2343.8520     0.0000 0.0000 InterpolationComb_0_DP_OP_106J22_122_4023_J22_0_20
core16_0/core4_0/mult_x_1            602.6580      0.1     602.6580      0.0000  0.0000  core4_48_DW_mult_uns_J18_3
core16_0/core4_0/mult_x_2            840.0420      0.1     840.0420      0.0000  0.0000  core4_48_DW_mult_uns_J18_2
core16_0/core4_0/mult_x_3            679.3920      0.1     679.3920      0.0000  0.0000  core4_48_DW_mult_tc_J18_2
core16_0/core4_0/mult_x_4            839.1600      0.1     839.1600      0.0000  0.0000  core4_48_DW_mult_tc_J18_1
core16_0/core4_0/mult_x_5            809.1720      0.1     809.1720      0.0000  0.0000  core4_48_DW_mult_uns_J18_1
core16_0/core4_0/mult_x_6            919.4220      0.1     919.4220      0.0000  0.0000  core4_48_DW_mult_tc_J18_0
core16_0/core4_0/mult_x_7            602.6580      0.1     602.6580      0.0000  0.0000  core4_48_DW_mult_uns_J18_0
core16_0/core4_1                   10974.8519      1.5       1.0080    517.9860  0.0000  core4_47
core16_0/core4_1/evalA               833.3640      0.1      25.4520      0.0000  0.0000  Eval_32_47
core16_0/core4_1/evalA/DP_OP_54J21_126_5395    215.5860     0.0    215.5860     0.0000 0.0000 Eval_32_5_DP_OP_54J21_126_5395_J21_0_3
core16_0/core4_1/evalA/DP_OP_55J21_127_4610    296.6040     0.0    296.6040     0.0000 0.0000 Eval_32_5_DP_OP_55J21_127_4610_J21_0_3
core16_0/core4_1/evalA/DP_OP_56J21_128_7292    295.7220     0.0    295.7220     0.0000 0.0000 Eval_32_5_DP_OP_56J21_128_7292_J21_0_3
core16_0/core4_1/evalB               450.1980      0.1      14.3640      0.0000  0.0000  Eval_33_47
core16_0/core4_1/evalB/DP_OP_54J24_125_1057    119.8260     0.0    119.8260     0.0000 0.0000 Eval_33_5_DP_OP_54J24_125_1057_J24_0_3
core16_0/core4_1/evalB/DP_OP_55J24_126_1772    157.3740     0.0    157.3740     0.0000 0.0000 Eval_33_5_DP_OP_55J24_126_1772_J24_0_3
core16_0/core4_1/evalB/DP_OP_56J24_127_5228    158.6340     0.0    158.6340     0.0000 0.0000 Eval_33_5_DP_OP_56J24_127_5228_J24_0_3
core16_0/core4_1/interp             2613.4920      0.4       0.7560    268.1280  0.0000  Interpolation_48
core16_0/core4_1/interp/interp      2344.6080      0.3       0.2520      0.0000  0.0000  InterpolationComb_48
core16_0/core4_1/interp/interp/DP_OP_106J22_122_4023   2344.3560     0.3   2344.3560     0.0000 0.0000 InterpolationComb_0_DP_OP_106J22_122_4023_J22_0_19
core16_0/core4_1/mult_x_1            840.0420      0.1     840.0420      0.0000  0.0000  core4_5_DW_mult_uns_J31_3_1
core16_0/core4_1/mult_x_2            993.3840      0.1     993.3840      0.0000  0.0000  core4_5_DW_mult_uns_J31_2_1
core16_0/core4_1/mult_x_3            908.2080      0.1     908.2080      0.0000  0.0000  core4_5_DW_mult_tc_J31_2_1
core16_0/core4_1/mult_x_4            980.7840      0.1     980.7840      0.0000  0.0000  core4_5_DW_mult_tc_J31_1_1
core16_0/core4_1/mult_x_5            969.6960      0.1     969.6960      0.0000  0.0000  core4_5_DW_mult_uns_J31_1_1
core16_0/core4_1/mult_x_6           1026.6480      0.1    1026.6480      0.0000  0.0000  core4_5_DW_mult_tc_J31_0_1
core16_0/core4_1/mult_x_7            840.0420      0.1     840.0420      0.0000  0.0000  core4_5_DW_mult_uns_J31_0_1
core16_0/core4_2                   10479.6719      1.4       1.0080    518.1120  0.0000  core4_46
core16_0/core4_2/evalA               759.6540      0.1      23.1840      0.0000  0.0000  Eval_32_46
core16_0/core4_2/evalA/DP_OP_53J22_123_3533    195.0480     0.0    195.0480     0.0000 0.0000 Eval_32_1_DP_OP_53J22_123_3533_J22_0_32
core16_0/core4_2/evalA/DP_OP_54J22_124_9398    268.1280     0.0    268.1280     0.0000 0.0000 Eval_32_1_DP_OP_54J22_124_9398_J22_0_32
core16_0/core4_2/evalA/DP_OP_55J22_125_9832    273.2940     0.0    273.2940     0.0000 0.0000 Eval_32_1_DP_OP_55J22_125_9832_J22_0_32
core16_0/core4_2/evalB               367.9200      0.1      11.8440      0.0000  0.0000  Eval_33_46
core16_0/core4_2/evalB/DP_OP_53J27_122_5226     92.2320     0.0     92.2320     0.0000 0.0000 Eval_33_1_DP_OP_53J27_122_5226_J27_0_28
core16_0/core4_2/evalB/DP_OP_54J27_123_7613    130.0320     0.0    130.0320     0.0000 0.0000 Eval_33_1_DP_OP_54J27_123_7613_J27_0_28
core16_0/core4_2/evalB/DP_OP_55J27_124_8730    133.8120     0.0    133.8120     0.0000 0.0000 Eval_33_1_DP_OP_55J27_124_8730_J27_0_28
core16_0/core4_2/interp             2712.9060      0.4       0.7560    276.1920  0.0000  Interpolation_47
core16_0/core4_2/interp/interp      2435.9580      0.3       0.2520      0.0000  0.0000  InterpolationComb_47
core16_0/core4_2/interp/interp/DP_OP_106J21_122_4688   2435.7060     0.3   2435.7060     0.0000 0.0000 InterpolationComb_1_DP_OP_106J21_122_4688_J21_0_27
core16_0/core4_2/mult_x_1            824.0400      0.1     824.0400      0.0000  0.0000  core4_1_DW_mult_tc_J24_6_22
core16_0/core4_2/mult_x_2            951.6780      0.1     951.6780      0.0000  0.0000  core4_1_DW_mult_tc_J24_5_22
core16_0/core4_2/mult_x_3            776.0340      0.1     776.0340      0.0000  0.0000  core4_1_DW_mult_tc_J24_4_22
core16_0/core4_2/mult_x_4            895.7340      0.1     895.7340      0.0000  0.0000  core4_1_DW_mult_tc_J24_3_22
core16_0/core4_2/mult_x_5            876.4560      0.1     876.4560      0.0000  0.0000  core4_1_DW_mult_tc_J24_2_22
core16_0/core4_2/mult_x_6            972.0900      0.1     972.0900      0.0000  0.0000  core4_1_DW_mult_tc_J24_1_22
core16_0/core4_2/mult_x_7            824.0400      0.1     824.0400      0.0000  0.0000  core4_1_DW_mult_tc_J24_0_22
core16_0/core4_3                   11577.1319      1.6       0.7560    517.7340  0.0000  core4_45
core16_0/core4_3/evalA               879.3540      0.1      27.7200      0.0000  0.0000  Eval_32_45
core16_0/core4_3/evalA/DP_OP_53J22_123_3533    222.6420     0.0    222.6420     0.0000 0.0000 Eval_32_1_DP_OP_53J22_123_3533_J22_0_31
core16_0/core4_3/evalA/DP_OP_54J22_124_9398    321.1740     0.0    321.1740     0.0000 0.0000 Eval_32_1_DP_OP_54J22_124_9398_J22_0_31
core16_0/core4_3/evalA/DP_OP_55J22_125_9832    307.8180     0.0    307.8180     0.0000 0.0000 Eval_32_1_DP_OP_55J22_125_9832_J22_0_31
core16_0/core4_3/evalB               585.7740      0.1      20.1600      0.0000  0.0000  Eval_33_45
core16_0/core4_3/evalB/DP_OP_53J27_122_5226    145.5300     0.0    145.5300     0.0000 0.0000 Eval_33_1_DP_OP_53J27_122_5226_J27_0_27
core16_0/core4_3/evalB/DP_OP_54J27_123_7613    216.8460     0.0    216.8460     0.0000 0.0000 Eval_33_1_DP_OP_54J27_123_7613_J27_0_27
core16_0/core4_3/evalB/DP_OP_55J27_124_8730    203.2380     0.0    203.2380     0.0000 0.0000 Eval_33_1_DP_OP_55J27_124_8730_J27_0_27
core16_0/core4_3/interp             2712.4020      0.4       0.7560    276.1920  0.0000  Interpolation_46
core16_0/core4_3/interp/interp      2435.4540      0.3       0.2520      0.0000  0.0000  InterpolationComb_46
core16_0/core4_3/interp/interp/DP_OP_106J21_122_4688   2435.2020     0.3   2435.2020     0.0000 0.0000 InterpolationComb_1_DP_OP_106J21_122_4688_J21_0_26
core16_0/core4_3/mult_x_1            779.6880      0.1     779.6880      0.0000  0.0000  core4_1_DW_mult_tc_J24_6_21
core16_0/core4_3/mult_x_2           1084.8600      0.1    1084.8600      0.0000  0.0000  core4_1_DW_mult_tc_J24_5_21
core16_0/core4_3/mult_x_3           1059.0300      0.1    1059.0300      0.0000  0.0000  core4_1_DW_mult_tc_J24_4_21
core16_0/core4_3/mult_x_4           1060.1640      0.1    1060.1640      0.0000  0.0000  core4_1_DW_mult_tc_J24_3_21
core16_0/core4_3/mult_x_5           1057.5180      0.1    1057.5180      0.0000  0.0000  core4_1_DW_mult_tc_J24_2_21
core16_0/core4_3/mult_x_6           1060.1640      0.1    1060.1640      0.0000  0.0000  core4_1_DW_mult_tc_J24_1_21
core16_0/core4_3/mult_x_7            779.6880      0.1     779.6880      0.0000  0.0000  core4_1_DW_mult_tc_J24_0_21
core16_0/core4_4                   10873.4219      1.5       1.0080    518.1120  0.0000  core4_44
core16_0/core4_4/evalA               834.8760      0.1      25.4520      0.0000  0.0000  Eval_32_44
core16_0/core4_4/evalA/DP_OP_54J16_122_2576    216.0900     0.0    216.0900     0.0000 0.0000 Eval_32_2_DP_OP_54J16_122_2576_J16_0_3
core16_0/core4_4/evalA/DP_OP_55J16_123_96    294.0840     0.0    294.0840     0.0000 0.0000 Eval_32_2_DP_OP_55J16_123_96_J16_0_3
core16_0/core4_4/evalA/DP_OP_56J16_124_6698    299.2500     0.0    299.2500     0.0000 0.0000 Eval_32_2_DP_OP_56J16_124_6698_J16_0_3
core16_0/core4_4/evalB               448.1820      0.1      13.8600      0.0000  0.0000  Eval_33_44
core16_0/core4_4/evalB/DP_OP_54J25_125_8205    115.2900     0.0    115.2900     0.0000 0.0000 Eval_33_2_DP_OP_54J25_125_8205_J25_0_3
core16_0/core4_4/evalB/DP_OP_55J25_126_776    156.9960     0.0    156.9960     0.0000 0.0000 Eval_33_2_DP_OP_55J25_126_776_J25_0_3
core16_0/core4_4/evalB/DP_OP_56J25_127_8061    162.0360     0.0    162.0360     0.0000 0.0000 Eval_33_2_DP_OP_56J25_127_8061_J25_0_3
core16_0/core4_4/interp             2712.4020      0.4       0.7560    276.1920  0.0000  Interpolation_45
core16_0/core4_4/interp/interp      2435.4540      0.3       0.2520      0.0000  0.0000  InterpolationComb_45
core16_0/core4_4/interp/interp/DP_OP_106J21_122_4688   2435.2020     0.3   2435.2020     0.0000 0.0000 InterpolationComb_1_DP_OP_106J21_122_4688_J21_0_25
core16_0/core4_4/mult_x_1            778.8060      0.1     778.8060      0.0000  0.0000  core4_2_DW_mult_uns_J33_3_1
core16_0/core4_4/mult_x_2            945.1260      0.1     945.1260      0.0000  0.0000  core4_2_DW_mult_uns_J33_2_1
core16_0/core4_4/mult_x_3            885.7800      0.1     885.7800      0.0000  0.0000  core4_2_DW_mult_tc_J33_2_1
core16_0/core4_4/mult_x_4            970.5780      0.1     970.5780      0.0000  0.0000  core4_2_DW_mult_tc_J33_1_1
core16_0/core4_4/mult_x_5            969.0660      0.1     969.0660      0.0000  0.0000  core4_2_DW_mult_uns_J33_1_1
core16_0/core4_4/mult_x_6           1030.6800      0.1    1030.6800      0.0000  0.0000  core4_2_DW_mult_tc_J33_0_1
core16_0/core4_4/mult_x_7            778.8060      0.1     778.8060      0.0000  0.0000  core4_2_DW_mult_uns_J33_0_1
core16_0/core4_5                   11862.6479      1.6       0.7560    517.9860  0.0000  core4_43
core16_0/core4_5/evalA               880.1100      0.1      28.4760      0.0000  0.0000  Eval_32_43
core16_0/core4_5/evalA/DP_OP_53J22_123_3533    222.6420     0.0    222.6420     0.0000 0.0000 Eval_32_1_DP_OP_53J22_123_3533_J22_0_30
core16_0/core4_5/evalA/DP_OP_54J22_124_9398    321.1740     0.0    321.1740     0.0000 0.0000 Eval_32_1_DP_OP_54J22_124_9398_J22_0_30
core16_0/core4_5/evalA/DP_OP_55J22_125_9832    307.8180     0.0    307.8180     0.0000 0.0000 Eval_32_1_DP_OP_55J22_125_9832_J22_0_30
core16_0/core4_5/evalB               587.0340      0.1      20.1600      0.0000  0.0000  Eval_33_43
core16_0/core4_5/evalB/DP_OP_53J27_122_5226    145.5300     0.0    145.5300     0.0000 0.0000 Eval_33_1_DP_OP_53J27_122_5226_J27_0_26
core16_0/core4_5/evalB/DP_OP_54J27_123_7613    217.9800     0.0    217.9800     0.0000 0.0000 Eval_33_1_DP_OP_54J27_123_7613_J27_0_26
core16_0/core4_5/evalB/DP_OP_55J27_124_8730    203.3640     0.0    203.3640     0.0000 0.0000 Eval_33_1_DP_OP_55J27_124_8730_J27_0_26
core16_0/core4_5/interp             2712.9060      0.4       0.7560    276.1920  0.0000  Interpolation_44
core16_0/core4_5/interp/interp      2435.9580      0.3       0.2520      0.0000  0.0000  InterpolationComb_44
core16_0/core4_5/interp/interp/DP_OP_106J21_122_4688   2435.7060     0.3   2435.7060     0.0000 0.0000 InterpolationComb_1_DP_OP_106J21_122_4688_J21_0_24
core16_0/core4_5/mult_x_1            920.6820      0.1     920.6820      0.0000  0.0000  core4_1_DW_mult_tc_J24_6_20
core16_0/core4_5/mult_x_2           1084.8600      0.1    1084.8600      0.0000  0.0000  core4_1_DW_mult_tc_J24_5_20
core16_0/core4_5/mult_x_3           1058.0220      0.1    1058.0220      0.0000  0.0000  core4_1_DW_mult_tc_J24_4_20
core16_0/core4_5/mult_x_4           1060.7940      0.1    1060.7940      0.0000  0.0000  core4_1_DW_mult_tc_J24_3_20
core16_0/core4_5/mult_x_5           1058.4000      0.1    1058.4000      0.0000  0.0000  core4_1_DW_mult_tc_J24_2_20
core16_0/core4_5/mult_x_6           1060.4160      0.1    1060.4160      0.0000  0.0000  core4_1_DW_mult_tc_J24_1_20
core16_0/core4_5/mult_x_7            920.6820      0.1     920.6820      0.0000  0.0000  core4_1_DW_mult_tc_J24_0_20
core16_0/core4_6                    9470.6639      1.3       1.0080    518.1120  0.0000  core4_42
core16_0/core4_6/evalA               722.6100      0.1      26.9640      0.0000  0.0000  Eval_32_42
core16_0/core4_6/evalA/DP_OP_54J20_122_2391    185.9760     0.0    185.9760     0.0000 0.0000 Eval_32_0_DP_OP_54J20_122_2391_J20_0_2
core16_0/core4_6/evalA/DP_OP_55J20_123_3961    251.8740     0.0    251.8740     0.0000 0.0000 Eval_32_0_DP_OP_55J20_123_3961_J20_0_2
core16_0/core4_6/evalA/DP_OP_56J20_124_3269    257.7960     0.0    257.7960     0.0000 0.0000 Eval_32_0_DP_OP_56J20_124_3269_J20_0_2
core16_0/core4_6/evalB               325.8360      0.0      10.0800      0.0000  0.0000  Eval_33_42
core16_0/core4_6/evalB/DP_OP_54J22_129_8703     83.1600     0.0     83.1600     0.0000 0.0000 Eval_33_0_DP_OP_54J22_129_8703_J22_0_2
core16_0/core4_6/evalB/DP_OP_55J22_130_2176    112.8960     0.0    112.8960     0.0000 0.0000 Eval_33_0_DP_OP_55J22_130_2176_J22_0_2
core16_0/core4_6/evalB/DP_OP_56J22_131_6985    119.7000     0.0    119.7000     0.0000 0.0000 Eval_33_0_DP_OP_56J22_131_6985_J22_0_2
core16_0/core4_6/interp             2613.4920      0.4       0.7560    268.1280  0.0000  Interpolation_43
core16_0/core4_6/interp/interp      2344.6080      0.3       0.2520      0.0000  0.0000  InterpolationComb_43
core16_0/core4_6/interp/interp/DP_OP_106J22_122_4023   2344.3560     0.3   2344.3560     0.0000 0.0000 InterpolationComb_0_DP_OP_106J22_122_4023_J22_0_18
core16_0/core4_6/mult_x_1            602.6580      0.1     602.6580      0.0000  0.0000  core4_42_DW_mult_uns_J17_3
core16_0/core4_6/mult_x_2            840.0420      0.1     840.0420      0.0000  0.0000  core4_42_DW_mult_uns_J17_2
core16_0/core4_6/mult_x_3            680.5260      0.1     680.5260      0.0000  0.0000  core4_42_DW_mult_tc_J17_2
core16_0/core4_6/mult_x_4            841.3020      0.1     841.3020      0.0000  0.0000  core4_42_DW_mult_tc_J17_1
core16_0/core4_6/mult_x_5            809.4240      0.1     809.4240      0.0000  0.0000  core4_42_DW_mult_uns_J17_1
core16_0/core4_6/mult_x_6            912.9960      0.1     912.9960      0.0000  0.0000  core4_42_DW_mult_tc_J17_0
core16_0/core4_6/mult_x_7            602.6580      0.1     602.6580      0.0000  0.0000  core4_42_DW_mult_uns_J17_0
core16_0/evalA                       722.6100      0.1      26.9640      0.0000  0.0000  Eval_32_76
core16_0/evalA/DP_OP_54J29_122_8680    185.9760     0.0    185.9760      0.0000  0.0000  Eval_32_76_DP_OP_54J29_122_8680_J29_0
core16_0/evalA/DP_OP_55J29_123_5431    251.8740     0.0    251.8740      0.0000  0.0000  Eval_32_76_DP_OP_55J29_123_5431_J29_0
core16_0/evalA/DP_OP_56J29_124_4718    257.7960     0.0    257.7960      0.0000  0.0000  Eval_32_76_DP_OP_56J29_124_4718_J29_0
core16_0/evalA_1                     717.3180      0.1      21.6720      0.0000  0.0000  Eval_32_75
core16_0/evalA_1/DP_OP_54J30_122_6359    185.9760     0.0    185.9760     0.0000 0.0000  Eval_32_75_DP_OP_54J30_122_6359_J30_0
core16_0/evalA_1/DP_OP_55J30_123_3729    251.8740     0.0    251.8740     0.0000 0.0000  Eval_32_75_DP_OP_55J30_123_3729_J30_0
core16_0/evalA_1/DP_OP_56J30_124_8771    257.7960     0.0    257.7960     0.0000 0.0000  Eval_32_75_DP_OP_56J30_124_8771_J30_0
core16_0/evalA_2                     717.3180      0.1      21.6720      0.0000  0.0000  Eval_32_74
core16_0/evalA_2/DP_OP_54J32_122_3355    185.9760     0.0    185.9760     0.0000 0.0000  Eval_32_74_DP_OP_54J32_122_3355_J32_0
core16_0/evalA_2/DP_OP_55J32_123_8851    251.8740     0.0    251.8740     0.0000 0.0000  Eval_32_74_DP_OP_55J32_123_8851_J32_0
core16_0/evalA_2/DP_OP_56J32_124_8122    257.7960     0.0    257.7960     0.0000 0.0000  Eval_32_74_DP_OP_56J32_124_8122_J32_0
core16_0/evalA_3                     722.6100      0.1      26.9640      0.0000  0.0000  Eval_32_73
core16_0/evalA_3/DP_OP_54J31_122_1034    185.9760     0.0    185.9760     0.0000 0.0000  Eval_32_73_DP_OP_54J31_122_1034_J31_0
core16_0/evalA_3/DP_OP_55J31_123_9239    251.8740     0.0    251.8740     0.0000 0.0000  Eval_32_73_DP_OP_55J31_123_9239_J31_0
core16_0/evalA_3/DP_OP_56J31_124_4314    257.7960     0.0    257.7960     0.0000 0.0000  Eval_32_73_DP_OP_56J31_124_4314_J31_0
core16_0/evalB                       326.7180      0.0      10.7100      0.0000  0.0000  Eval_33_76
core16_0/evalB/DP_OP_54J15_125_6069     84.4200     0.0     84.4200      0.0000  0.0000  Eval_33_76_DP_OP_54J15_125_6069_J15_0
core16_0/evalB/DP_OP_55J15_126_8851    113.4000     0.0    113.4000      0.0000  0.0000  Eval_33_76_DP_OP_55J15_126_8851_J15_0
core16_0/evalB/DP_OP_56J15_127_5799    118.1880     0.0    118.1880      0.0000  0.0000  Eval_33_76_DP_OP_56J15_127_5799_J15_0
core16_0/evalB_1                     329.9940      0.0       9.5760      0.0000  0.0000  Eval_33_75
core16_0/evalB_1/DP_OP_54J17_125_198     84.6720     0.0     84.6720     0.0000  0.0000  Eval_33_75_DP_OP_54J17_125_198_J17_0
core16_0/evalB_1/DP_OP_55J17_126_6096    114.6600     0.0    114.6600     0.0000 0.0000  Eval_33_75_DP_OP_55J17_126_6096_J17_0
core16_0/evalB_1/DP_OP_56J17_127_3044    121.0860     0.0    121.0860     0.0000 0.0000  Eval_33_75_DP_OP_56J17_127_3044_J17_0
core16_0/evalB_2                     333.9000      0.0       9.7020      0.0000  0.0000  Eval_33_74
core16_0/evalB_2/DP_OP_54J16_125_7844     85.6800     0.0     85.6800     0.0000 0.0000  Eval_33_74_DP_OP_54J16_125_7844_J16_0
core16_0/evalB_2/DP_OP_55J16_126_4394    116.0460     0.0    116.0460     0.0000 0.0000  Eval_33_74_DP_OP_55J16_126_4394_J16_0
core16_0/evalB_2/DP_OP_56J16_127_289    122.4720     0.0    122.4720     0.0000  0.0000  Eval_33_74_DP_OP_56J16_127_289_J16_0
core16_0/evalB_3                     325.9620      0.0      10.9620      0.0000  0.0000  Eval_33_73
core16_0/evalB_3/DP_OP_54J18_125_1973     83.1600     0.0     83.1600     0.0000 0.0000  Eval_33_73_DP_OP_54J18_125_1973_J18_0
core16_0/evalB_3/DP_OP_55J18_126_1639    113.2740     0.0    113.2740     0.0000 0.0000  Eval_33_73_DP_OP_55J18_126_1639_J18_0
core16_0/evalB_3/DP_OP_56J18_127_7501    118.5660     0.0    118.5660     0.0000 0.0000  Eval_33_73_DP_OP_56J18_127_7501_J18_0
core16_0/interp                     8858.6819      1.2       0.7560    969.6960  0.0000  Interpolation_7_6
core16_0/interp/interp              7888.2299      1.1       0.2520      0.0000  0.0000  InterpolationComb_7_6
core16_0/interp/interp/DP_OP_421J12_122_4174   7887.9779     1.1   7887.9779     0.0000 0.0000 InterpolationComb_7_0_DP_OP_421J12_122_4174_J12_0_2
core16_1                           97461.3768     13.4       2.0160   1897.0560  0.0000  core16_5
core16_1/core4_0                   10966.0319      1.5       1.0080    517.8600  0.0000  core4_41
core16_1/core4_0/evalA               833.6160      0.1      25.7040      0.0000  0.0000  Eval_32_41
core16_1/core4_0/evalA/DP_OP_54J21_126_5395    215.5860     0.0    215.5860     0.0000 0.0000 Eval_32_5_DP_OP_54J21_126_5395_J21_0_2
core16_1/core4_0/evalA/DP_OP_55J21_127_4610    296.6040     0.0    296.6040     0.0000 0.0000 Eval_32_5_DP_OP_55J21_127_4610_J21_0_2
core16_1/core4_0/evalA/DP_OP_56J21_128_7292    295.7220     0.0    295.7220     0.0000 0.0000 Eval_32_5_DP_OP_56J21_128_7292_J21_0_2
core16_1/core4_0/evalB               447.5520      0.1      14.7420      0.0000  0.0000  Eval_33_41
core16_1/core4_0/evalB/DP_OP_54J24_125_1057    118.5660     0.0    118.5660     0.0000 0.0000 Eval_33_5_DP_OP_54J24_125_1057_J24_0_2
core16_1/core4_0/evalB/DP_OP_55J24_126_1772    156.9960     0.0    156.9960     0.0000 0.0000 Eval_33_5_DP_OP_55J24_126_1772_J24_0_2
core16_1/core4_0/evalB/DP_OP_56J24_127_5228    157.2480     0.0    157.2480     0.0000 0.0000 Eval_33_5_DP_OP_56J24_127_5228_J24_0_2
core16_1/core4_0/interp             2612.6100      0.4       0.7560    268.1280  0.0000  Interpolation_42
core16_1/core4_0/interp/interp      2343.7260      0.3       0.2520      0.0000  0.0000  InterpolationComb_42
core16_1/core4_0/interp/interp/DP_OP_106J22_122_4023   2343.4740     0.3   2343.4740     0.0000 0.0000 InterpolationComb_0_DP_OP_106J22_122_4023_J22_0_17
core16_1/core4_0/mult_x_1            840.0420      0.1     840.0420      0.0000  0.0000  core4_35_DW_mult_uns_J32_3_1
core16_1/core4_0/mult_x_2            991.9980      0.1     991.9980      0.0000  0.0000  core4_35_DW_mult_uns_J32_2_1
core16_1/core4_0/mult_x_3            907.9560      0.1     907.9560      0.0000  0.0000  core4_35_DW_mult_tc_J32_2_1
core16_1/core4_0/mult_x_4            981.2880      0.1     981.2880      0.0000  0.0000  core4_35_DW_mult_tc_J32_1_1
core16_1/core4_0/mult_x_5            968.5620      0.1     968.5620      0.0000  0.0000  core4_35_DW_mult_uns_J32_1_1
core16_1/core4_0/mult_x_6           1023.4980      0.1    1023.4980      0.0000  0.0000  core4_35_DW_mult_tc_J32_0_1
core16_1/core4_0/mult_x_7            840.0420      0.1     840.0420      0.0000  0.0000  core4_35_DW_mult_uns_J32_0_1
core16_1/core4_1                   11889.2338      1.6       1.0080    517.6080  0.0000  core4_40
core16_1/core4_1/evalA               880.1100      0.1      28.4760      0.0000  0.0000  Eval_32_40
core16_1/core4_1/evalA/DP_OP_53J22_123_3533    222.6420     0.0    222.6420     0.0000 0.0000 Eval_32_1_DP_OP_53J22_123_3533_J22_0_29
core16_1/core4_1/evalA/DP_OP_54J22_124_9398    321.1740     0.0    321.1740     0.0000 0.0000 Eval_32_1_DP_OP_54J22_124_9398_J22_0_29
core16_1/core4_1/evalA/DP_OP_55J22_125_9832    307.8180     0.0    307.8180     0.0000 0.0000 Eval_32_1_DP_OP_55J22_125_9832_J22_0_29
core16_1/core4_1/evalB               570.0240      0.1      19.2780      0.0000  0.0000  Eval_33_40
core16_1/core4_1/evalB/DP_OP_55J26_122_5590    144.2700     0.0    144.2700     0.0000 0.0000 Eval_33_40_DP_OP_55J26_122_5590_J26_0
core16_1/core4_1/evalB/DP_OP_56J26_123_4442    206.5140     0.0    206.5140     0.0000 0.0000 Eval_33_40_DP_OP_56J26_123_4442_J26_0
core16_1/core4_1/evalB/DP_OP_57J26_124_6144    199.9620     0.0    199.9620     0.0000 0.0000 Eval_33_40_DP_OP_57J26_124_6144_J26_0
core16_1/core4_1/interp             2613.4920      0.4       0.7560    268.1280  0.0000  Interpolation_41
core16_1/core4_1/interp/interp      2344.6080      0.3       0.2520      0.0000  0.0000  InterpolationComb_41
core16_1/core4_1/interp/interp/DP_OP_106J22_122_4023   2344.3560     0.3   2344.3560     0.0000 0.0000 InterpolationComb_0_DP_OP_106J22_122_4023_J22_0_16
core16_1/core4_1/mult_x_1            991.9980      0.1     991.9980      0.0000  0.0000  core4_40_DW_mult_uns_J25_1
core16_1/core4_1/mult_x_2           1085.4900      0.1    1085.4900      0.0000  0.0000  core4_40_DW_mult_tc_J25_4
core16_1/core4_1/mult_x_3           1060.1640      0.1    1060.1640      0.0000  0.0000  core4_40_DW_mult_tc_J25_3
core16_1/core4_1/mult_x_4           1058.1480      0.1    1058.1480      0.0000  0.0000  core4_40_DW_mult_tc_J25_2
core16_1/core4_1/mult_x_5           1059.7860      0.1    1059.7860      0.0000  0.0000  core4_40_DW_mult_tc_J25_1
core16_1/core4_1/mult_x_6           1059.4080      0.1    1059.4080      0.0000  0.0000  core4_40_DW_mult_tc_J25_0
core16_1/core4_1/mult_x_7            991.9980      0.1     991.9980      0.0000  0.0000  core4_40_DW_mult_uns_J25_0
core16_1/core4_2                   11804.0579      1.6       1.0080    517.8600  0.0000  core4_39
core16_1/core4_2/evalA               876.0780      0.1      27.7200      0.0000  0.0000  Eval_32_39
core16_1/core4_2/evalA/DP_OP_53J22_123_3533    223.7760     0.0    223.7760     0.0000 0.0000 Eval_32_1_DP_OP_53J22_123_3533_J22_0_28
core16_1/core4_2/evalA/DP_OP_54J22_124_9398    317.6460     0.0    317.6460     0.0000 0.0000 Eval_32_1_DP_OP_54J22_124_9398_J22_0_28
core16_1/core4_2/evalA/DP_OP_55J22_125_9832    306.9360     0.0    306.9360     0.0000 0.0000 Eval_32_1_DP_OP_55J22_125_9832_J22_0_28
core16_1/core4_2/evalB               514.7100      0.1      17.1360      0.0000  0.0000  Eval_33_39
core16_1/core4_2/evalB/DP_OP_53J27_122_5226    131.4180     0.0    131.4180     0.0000 0.0000 Eval_33_1_DP_OP_53J27_122_5226_J27_0_25
core16_1/core4_2/evalB/DP_OP_54J27_123_7613    180.8100     0.0    180.8100     0.0000 0.0000 Eval_33_1_DP_OP_54J27_123_7613_J27_0_25
core16_1/core4_2/evalB/DP_OP_55J27_124_8730    185.3460     0.0    185.3460     0.0000 0.0000 Eval_33_1_DP_OP_55J27_124_8730_J27_0_25
core16_1/core4_2/interp             2712.4020      0.4       0.7560    276.1920  0.0000  Interpolation_40
core16_1/core4_2/interp/interp      2435.4540      0.3       0.2520      0.0000  0.0000  InterpolationComb_40
core16_1/core4_2/interp/interp/DP_OP_106J21_122_4688   2435.2020     0.3   2435.2020     0.0000 0.0000 InterpolationComb_1_DP_OP_106J21_122_4688_J21_0_23
core16_1/core4_2/mult_x_1            997.4160      0.1     997.4160      0.0000  0.0000  core4_1_DW_mult_tc_J24_6_19
core16_1/core4_2/mult_x_2           1077.3000      0.1    1077.3000      0.0000  0.0000  core4_1_DW_mult_tc_J24_5_19
core16_1/core4_2/mult_x_3            973.3500      0.1     973.3500      0.0000  0.0000  core4_1_DW_mult_tc_J24_4_19
core16_1/core4_2/mult_x_4           1033.5780      0.1    1033.5780      0.0000  0.0000  core4_1_DW_mult_tc_J24_3_19
core16_1/core4_2/mult_x_5           1036.3500      0.1    1036.3500      0.0000  0.0000  core4_1_DW_mult_tc_J24_2_19
core16_1/core4_2/mult_x_6           1066.5900      0.1    1066.5900      0.0000  0.0000  core4_1_DW_mult_tc_J24_1_19
core16_1/core4_2/mult_x_7            997.4160      0.1     997.4160      0.0000  0.0000  core4_1_DW_mult_tc_J24_0_19
core16_1/core4_3                   11985.1199      1.6       0.7560    517.7340  0.0000  core4_38
core16_1/core4_3/evalA               879.8580      0.1      28.2240      0.0000  0.0000  Eval_32_38
core16_1/core4_3/evalA/DP_OP_53J22_123_3533    222.6420     0.0    222.6420     0.0000 0.0000 Eval_32_1_DP_OP_53J22_123_3533_J22_0_27
core16_1/core4_3/evalA/DP_OP_54J22_124_9398    321.1740     0.0    321.1740     0.0000 0.0000 Eval_32_1_DP_OP_54J22_124_9398_J22_0_27
core16_1/core4_3/evalA/DP_OP_55J22_125_9832    307.8180     0.0    307.8180     0.0000 0.0000 Eval_32_1_DP_OP_55J22_125_9832_J22_0_27
core16_1/core4_3/evalB               587.0340      0.1      21.1680      0.0000  0.0000  Eval_33_38
core16_1/core4_3/evalB/DP_OP_53J27_122_5226    145.5300     0.0    145.5300     0.0000 0.0000 Eval_33_1_DP_OP_53J27_122_5226_J27_0_24
core16_1/core4_3/evalB/DP_OP_54J27_123_7613    218.3580     0.0    218.3580     0.0000 0.0000 Eval_33_1_DP_OP_54J27_123_7613_J27_0_24
core16_1/core4_3/evalB/DP_OP_55J27_124_8730    201.9780     0.0    201.9780     0.0000 0.0000 Eval_33_1_DP_OP_55J27_124_8730_J27_0_24
core16_1/core4_3/interp             2712.4020      0.4       0.7560    276.1920  0.0000  Interpolation_39
core16_1/core4_3/interp/interp      2435.4540      0.3       0.2520      0.0000  0.0000  InterpolationComb_39
core16_1/core4_3/interp/interp/DP_OP_106J21_122_4688   2435.2020     0.3   2435.2020     0.0000 0.0000 InterpolationComb_1_DP_OP_106J21_122_4688_J21_0_22
core16_1/core4_3/mult_x_1            974.7360      0.1     974.7360      0.0000  0.0000  core4_1_DW_mult_tc_J24_6_18
core16_1/core4_3/mult_x_2           1085.8680      0.1    1085.8680      0.0000  0.0000  core4_1_DW_mult_tc_J24_5_18
core16_1/core4_3/mult_x_3           1062.5580      0.1    1062.5580      0.0000  0.0000  core4_1_DW_mult_tc_J24_4_18
core16_1/core4_3/mult_x_4           1061.0460      0.1    1061.0460      0.0000  0.0000  core4_1_DW_mult_tc_J24_3_18
core16_1/core4_3/mult_x_5           1065.5820      0.1    1065.5820      0.0000  0.0000  core4_1_DW_mult_tc_J24_2_18
core16_1/core4_3/mult_x_6           1062.8100      0.1    1062.8100      0.0000  0.0000  core4_1_DW_mult_tc_J24_1_18
core16_1/core4_3/mult_x_7            974.7360      0.1     974.7360      0.0000  0.0000  core4_1_DW_mult_tc_J24_0_18
core16_1/core4_4                   11839.8418      1.6       1.0080    517.7340  0.0000  core4_37
core16_1/core4_4/evalA               880.1100      0.1      28.4760      0.0000  0.0000  Eval_32_37
core16_1/core4_4/evalA/DP_OP_53J22_123_3533    222.6420     0.0    222.6420     0.0000 0.0000 Eval_32_1_DP_OP_53J22_123_3533_J22_0_26
core16_1/core4_4/evalA/DP_OP_54J22_124_9398    321.1740     0.0    321.1740     0.0000 0.0000 Eval_32_1_DP_OP_54J22_124_9398_J22_0_26
core16_1/core4_4/evalA/DP_OP_55J22_125_9832    307.8180     0.0    307.8180     0.0000 0.0000 Eval_32_1_DP_OP_55J22_125_9832_J22_0_26
core16_1/core4_4/evalB               556.9200      0.1      18.2700      0.0000  0.0000  Eval_33_37
core16_1/core4_4/evalB/DP_OP_54J25_122_242    141.3720     0.0    141.3720     0.0000 0.0000 Eval_33_19_DP_OP_54J25_122_242_J25_0_1
core16_1/core4_4/evalB/DP_OP_55J25_123_4499    197.3160     0.0    197.3160     0.0000 0.0000 Eval_33_19_DP_OP_55J25_123_4499_J25_0_1
core16_1/core4_4/evalB/DP_OP_56J25_124_4860    199.9620     0.0    199.9620     0.0000 0.0000 Eval_33_19_DP_OP_56J25_124_4860_J25_0_1
core16_1/core4_4/interp             2712.4020      0.4       0.7560    276.1920  0.0000  Interpolation_38
core16_1/core4_4/interp/interp      2435.4540      0.3       0.2520      0.0000  0.0000  InterpolationComb_38
core16_1/core4_4/interp/interp/DP_OP_106J21_122_4688   2435.2020     0.3   2435.2020     0.0000 0.0000 InterpolationComb_1_DP_OP_106J21_122_4688_J21_0_21
core16_1/core4_4/mult_x_1            934.7940      0.1     934.7940      0.0000  0.0000  core4_37_DW_mult_uns_J26_1
core16_1/core4_4/mult_x_2           1085.6160      0.1    1085.6160      0.0000  0.0000  core4_37_DW_mult_tc_J26_4
core16_1/core4_4/mult_x_3           1036.2240      0.1    1036.2240      0.0000  0.0000  core4_37_DW_mult_tc_J26_3
core16_1/core4_4/mult_x_4           1061.4240      0.1    1061.4240      0.0000  0.0000  core4_37_DW_mult_tc_J26_2
core16_1/core4_4/mult_x_5           1057.2660      0.1    1057.2660      0.0000  0.0000  core4_37_DW_mult_tc_J26_1
core16_1/core4_4/mult_x_6           1059.4080      0.1    1059.4080      0.0000  0.0000  core4_37_DW_mult_tc_J26_0
core16_1/core4_4/mult_x_7            936.9360      0.1     936.9360      0.0000  0.0000  core4_37_DW_mult_uns_J26_0
core16_1/core4_5                   12105.7018      1.7       0.7560    517.6080  0.0000  core4_36
core16_1/core4_5/evalA               880.1100      0.1      28.4760      0.0000  0.0000  Eval_32_36
core16_1/core4_5/evalA/DP_OP_53J22_123_3533    222.6420     0.0    222.6420     0.0000 0.0000 Eval_32_1_DP_OP_53J22_123_3533_J22_0_25
core16_1/core4_5/evalA/DP_OP_54J22_124_9398    321.1740     0.0    321.1740     0.0000 0.0000 Eval_32_1_DP_OP_54J22_124_9398_J22_0_25
core16_1/core4_5/evalA/DP_OP_55J22_125_9832    307.8180     0.0    307.8180     0.0000 0.0000 Eval_32_1_DP_OP_55J22_125_9832_J22_0_25
core16_1/core4_5/evalB               586.1520      0.1      20.9160      0.0000  0.0000  Eval_33_36
core16_1/core4_5/evalB/DP_OP_53J27_122_5226    146.7900     0.0    146.7900     0.0000 0.0000 Eval_33_1_DP_OP_53J27_122_5226_J27_0_23
core16_1/core4_5/evalB/DP_OP_54J27_123_7613    216.2160     0.0    216.2160     0.0000 0.0000 Eval_33_1_DP_OP_54J27_123_7613_J27_0_23
core16_1/core4_5/evalB/DP_OP_55J27_124_8730    202.2300     0.0    202.2300     0.0000 0.0000 Eval_33_1_DP_OP_55J27_124_8730_J27_0_23
core16_1/core4_5/interp             2712.9060      0.4       0.7560    276.1920  0.0000  Interpolation_37
core16_1/core4_5/interp/interp      2435.9580      0.3       0.2520      0.0000  0.0000  InterpolationComb_37
core16_1/core4_5/interp/interp/DP_OP_106J21_122_4688   2435.7060     0.3   2435.7060     0.0000 0.0000 InterpolationComb_1_DP_OP_106J21_122_4688_J21_0_20
core16_1/core4_5/mult_x_1           1044.2880      0.1    1044.2880      0.0000  0.0000  core4_1_DW_mult_tc_J24_6_17
core16_1/core4_5/mult_x_2           1085.4900      0.1    1085.4900      0.0000  0.0000  core4_1_DW_mult_tc_J24_5_17
core16_1/core4_5/mult_x_3           1061.1720      0.1    1061.1720      0.0000  0.0000  core4_1_DW_mult_tc_J24_4_17
core16_1/core4_5/mult_x_4           1057.5180      0.1    1057.5180      0.0000  0.0000  core4_1_DW_mult_tc_J24_3_17
core16_1/core4_5/mult_x_5           1058.1480      0.1    1058.1480      0.0000  0.0000  core4_1_DW_mult_tc_J24_2_17
core16_1/core4_5/mult_x_6           1057.2660      0.1    1057.2660      0.0000  0.0000  core4_1_DW_mult_tc_J24_1_17
core16_1/core4_5/mult_x_7           1044.2880      0.1    1044.2880      0.0000  0.0000  core4_1_DW_mult_tc_J24_0_17
core16_1/core4_6                   10975.8599      1.5       1.0080    517.9860  0.0000  core4_35
core16_1/core4_6/evalA               833.4900      0.1      25.5780      0.0000  0.0000  Eval_32_35
core16_1/core4_6/evalA/DP_OP_54J21_126_5395    215.5860     0.0    215.5860     0.0000 0.0000 Eval_32_5_DP_OP_54J21_126_5395_J21_0_1
core16_1/core4_6/evalA/DP_OP_55J21_127_4610    296.6040     0.0    296.6040     0.0000 0.0000 Eval_32_5_DP_OP_55J21_127_4610_J21_0_1
core16_1/core4_6/evalA/DP_OP_56J21_128_7292    295.7220     0.0    295.7220     0.0000 0.0000 Eval_32_5_DP_OP_56J21_128_7292_J21_0_1
core16_1/core4_6/evalB               448.6860      0.1      14.6160      0.0000  0.0000  Eval_33_35
core16_1/core4_6/evalB/DP_OP_54J24_125_1057    118.5660     0.0    118.5660     0.0000 0.0000 Eval_33_5_DP_OP_54J24_125_1057_J24_0_1
core16_1/core4_6/evalB/DP_OP_55J24_126_1772    158.2560     0.0    158.2560     0.0000 0.0000 Eval_33_5_DP_OP_55J24_126_1772_J24_0_1
core16_1/core4_6/evalB/DP_OP_56J24_127_5228    157.2480     0.0    157.2480     0.0000 0.0000 Eval_33_5_DP_OP_56J24_127_5228_J24_0_1
core16_1/core4_6/interp             2613.9960      0.4       0.7560    268.1280  0.0000  Interpolation_36
core16_1/core4_6/interp/interp      2345.1120      0.3       0.2520      0.0000  0.0000  InterpolationComb_36
core16_1/core4_6/interp/interp/DP_OP_106J22_122_4023   2344.8600     0.3   2344.8600     0.0000 0.0000 InterpolationComb_0_DP_OP_106J22_122_4023_J22_0_15
core16_1/core4_6/mult_x_1            840.0420      0.1     840.0420      0.0000  0.0000  core4_35_DW_mult_uns_J32_3_0
core16_1/core4_6/mult_x_2            993.0060      0.1     993.0060      0.0000  0.0000  core4_35_DW_mult_uns_J32_2_0
core16_1/core4_6/mult_x_3            911.4840      0.1     911.4840      0.0000  0.0000  core4_35_DW_mult_tc_J32_2_0
core16_1/core4_6/mult_x_4            980.7840      0.1     980.7840      0.0000  0.0000  core4_35_DW_mult_tc_J32_1_0
core16_1/core4_6/mult_x_5            968.3100      0.1     968.3100      0.0000  0.0000  core4_35_DW_mult_uns_J32_1_0
core16_1/core4_6/mult_x_6           1027.0260      0.1    1027.0260      0.0000  0.0000  core4_35_DW_mult_tc_J32_0_0
core16_1/core4_6/mult_x_7            840.0420      0.1     840.0420      0.0000  0.0000  core4_35_DW_mult_uns_J32_0_0
core16_1/evalA                       833.4900      0.1      25.5780      0.0000  0.0000  Eval_32_72
core16_1/evalA/DP_OP_54J22_126_4175    215.5860     0.0    215.5860      0.0000  0.0000  Eval_32_69_DP_OP_54J22_126_4175_J22_0_3
core16_1/evalA/DP_OP_55J22_127_4830    296.6040     0.0    296.6040      0.0000  0.0000  Eval_32_69_DP_OP_55J22_127_4830_J22_0_3
core16_1/evalA/DP_OP_56J22_128_5833    295.7220     0.0    295.7220      0.0000  0.0000  Eval_32_69_DP_OP_56J22_128_5833_J22_0_3
core16_1/evalA_1                     833.2380      0.1      25.3260      0.0000  0.0000  Eval_32_71
core16_1/evalA_1/DP_OP_54J22_126_4175    215.5860     0.0    215.5860     0.0000 0.0000  Eval_32_69_DP_OP_54J22_126_4175_J22_0_2
core16_1/evalA_1/DP_OP_55J22_127_4830    296.6040     0.0    296.6040     0.0000 0.0000  Eval_32_69_DP_OP_55J22_127_4830_J22_0_2
core16_1/evalA_1/DP_OP_56J22_128_5833    295.7220     0.0    295.7220     0.0000 0.0000  Eval_32_69_DP_OP_56J22_128_5833_J22_0_2
core16_1/evalA_2                     833.2380      0.1      25.3260      0.0000  0.0000  Eval_32_70
core16_1/evalA_2/DP_OP_54J22_126_4175    215.5860     0.0    215.5860     0.0000 0.0000  Eval_32_69_DP_OP_54J22_126_4175_J22_0_1
core16_1/evalA_2/DP_OP_55J22_127_4830    296.6040     0.0    296.6040     0.0000 0.0000  Eval_32_69_DP_OP_55J22_127_4830_J22_0_1
core16_1/evalA_2/DP_OP_56J22_128_5833    295.7220     0.0    295.7220     0.0000 0.0000  Eval_32_69_DP_OP_56J22_128_5833_J22_0_1
core16_1/evalA_3                     833.6160      0.1      25.7040      0.0000  0.0000  Eval_32_69
core16_1/evalA_3/DP_OP_54J22_126_4175    215.5860     0.0    215.5860     0.0000 0.0000  Eval_32_69_DP_OP_54J22_126_4175_J22_0_0
core16_1/evalA_3/DP_OP_55J22_127_4830    296.6040     0.0    296.6040     0.0000 0.0000  Eval_32_69_DP_OP_55J22_127_4830_J22_0_0
core16_1/evalA_3/DP_OP_56J22_128_5833    295.7220     0.0    295.7220     0.0000 0.0000  Eval_32_69_DP_OP_56J22_128_5833_J22_0_0
core16_1/evalB                       447.6780      0.1      14.6160      0.0000  0.0000  Eval_33_72
core16_1/evalB/DP_OP_54J23_125_881    118.5660     0.0     118.5660      0.0000  0.0000  Eval_33_69_DP_OP_54J23_125_881_J23_0_3
core16_1/evalB/DP_OP_55J23_126_7101    156.9960     0.0    156.9960      0.0000  0.0000  Eval_33_69_DP_OP_55J23_126_7101_J23_0_3
core16_1/evalB/DP_OP_56J23_127_7878    157.5000     0.0    157.5000      0.0000  0.0000  Eval_33_69_DP_OP_56J23_127_7878_J23_0_3
core16_1/evalB_1                     448.1820      0.1      13.2300      0.0000  0.0000  Eval_33_71
core16_1/evalB_1/DP_OP_54J23_125_881    118.5660     0.0    118.5660     0.0000  0.0000  Eval_33_69_DP_OP_54J23_125_881_J23_0_2
core16_1/evalB_1/DP_OP_55J23_126_7101    157.6260     0.0    157.6260     0.0000 0.0000  Eval_33_69_DP_OP_55J23_126_7101_J23_0_2
core16_1/evalB_1/DP_OP_56J23_127_7878    158.7600     0.0    158.7600     0.0000 0.0000  Eval_33_69_DP_OP_56J23_127_7878_J23_0_2
core16_1/evalB_2                     450.7020      0.1      13.2300      0.0000  0.0000  Eval_33_70
core16_1/evalB_2/DP_OP_54J23_125_881    119.1960     0.0    119.1960     0.0000  0.0000  Eval_33_69_DP_OP_54J23_125_881_J23_0_1
core16_1/evalB_2/DP_OP_55J23_126_7101    161.1540     0.0    161.1540     0.0000 0.0000  Eval_33_69_DP_OP_55J23_126_7101_J23_0_1
core16_1/evalB_2/DP_OP_56J23_127_7878    157.1220     0.0    157.1220     0.0000 0.0000  Eval_33_69_DP_OP_56J23_127_7878_J23_0_1
core16_1/evalB_3                     456.1200      0.1      14.7420      0.0000  0.0000  Eval_33_69
core16_1/evalB_3/DP_OP_54J23_125_881    119.1960     0.0    119.1960     0.0000  0.0000  Eval_33_69_DP_OP_54J23_125_881_J23_0_0
core16_1/evalB_3/DP_OP_55J23_126_7101    161.6580     0.0    161.6580     0.0000 0.0000  Eval_33_69_DP_OP_55J23_126_7101_J23_0_0
core16_1/evalB_3/DP_OP_56J23_127_7878    160.5240     0.0    160.5240     0.0000 0.0000  Eval_33_69_DP_OP_56J23_127_7878_J23_0_0
core16_1/interp                     8860.1939      1.2       0.7560    969.6960  0.0000  Interpolation_7_5
core16_1/interp/interp              7889.7419      1.1       0.2520      0.0000  0.0000  InterpolationComb_7_5
core16_1/interp/interp/DP_OP_421J12_122_4174   7889.4899     1.1   7889.4899     0.0000 0.0000 InterpolationComb_7_0_DP_OP_421J12_122_4174_J12_0_1
core16_2                           93260.4109     12.8       2.0160   1897.0560  0.0000  core16_4
core16_2/core4_0                   10005.4079      1.4       1.0080    517.9860  0.0000  core4_34
core16_2/core4_0/evalA               765.4500      0.1      23.0580      0.0000  0.0000  Eval_32_34
core16_2/core4_0/evalA/DP_OP_54J18_122_3077    198.8280     0.0    198.8280     0.0000 0.0000 Eval_32_28_DP_OP_54J18_122_3077_J18_0_1
core16_2/core4_0/evalA/DP_OP_55J18_123_9952    268.7580     0.0    268.7580     0.0000 0.0000 Eval_32_28_DP_OP_55J18_123_9952_J18_0_1
core16_2/core4_0/evalA/DP_OP_56J18_124_7035    274.8060     0.0    274.8060     0.0000 0.0000 Eval_32_28_DP_OP_56J18_124_7035_J18_0_1
core16_2/core4_0/evalB               374.7240      0.1      11.8440      0.0000  0.0000  Eval_33_34
core16_2/core4_0/evalB/DP_OP_54J27_125_6883     96.0120     0.0     96.0120     0.0000 0.0000 Eval_33_28_DP_OP_54J27_125_6883_J27_0_1
core16_2/core4_0/evalB/DP_OP_55J27_126_2352    130.5360     0.0    130.5360     0.0000 0.0000 Eval_33_28_DP_OP_55J27_126_2352_J27_0_1
core16_2/core4_0/evalB/DP_OP_56J27_127_8584    136.3320     0.0    136.3320     0.0000 0.0000 Eval_33_28_DP_OP_56J27_127_8584_J27_0_1
core16_2/core4_0/interp             2613.4920      0.4       0.7560    268.1280  0.0000  Interpolation_35
core16_2/core4_0/interp/interp      2344.6080      0.3       0.2520      0.0000  0.0000  InterpolationComb_35
core16_2/core4_0/interp/interp/DP_OP_106J22_122_4023   2344.3560     0.3   2344.3560     0.0000 0.0000 InterpolationComb_0_DP_OP_106J22_122_4023_J22_0_14
core16_2/core4_0/mult_x_1            658.0980      0.1     658.0980      0.0000  0.0000  core4_28_DW_mult_uns_J15_3_1
core16_2/core4_0/mult_x_2            862.5960      0.1     862.5960      0.0000  0.0000  core4_28_DW_mult_uns_J15_2_1
core16_2/core4_0/mult_x_3            774.9000      0.1     774.9000      0.0000  0.0000  core4_28_DW_mult_tc_J15_2_1
core16_2/core4_0/mult_x_4            913.2480      0.1     913.2480      0.0000  0.0000  core4_28_DW_mult_tc_J15_1_1
core16_2/core4_0/mult_x_5            890.4420      0.1     890.4420      0.0000  0.0000  core4_28_DW_mult_uns_J15_1_1
core16_2/core4_0/mult_x_6            975.3660      0.1     975.3660      0.0000  0.0000  core4_28_DW_mult_tc_J15_0_1
core16_2/core4_0/mult_x_7            658.0980      0.1     658.0980      0.0000  0.0000  core4_28_DW_mult_uns_J15_0_1
core16_2/core4_1                   11405.3939      1.6       1.0080    517.4820  0.0000  core4_33
core16_2/core4_1/evalA               864.4860      0.1      26.9640      0.0000  0.0000  Eval_32_33
core16_2/core4_1/evalA/DP_OP_55J21_123_7810    221.3820     0.0    221.3820     0.0000 0.0000 Eval_32_33_DP_OP_55J21_123_7810_J21_0
core16_2/core4_1/evalA/DP_OP_56J21_124_154    311.5980     0.0    311.5980     0.0000 0.0000 Eval_32_33_DP_OP_56J21_124_154_J21_0
core16_2/core4_1/evalA/DP_OP_57J21_125_8419    304.5420     0.0    304.5420     0.0000 0.0000 Eval_32_33_DP_OP_57J21_125_8419_J21_0
core16_2/core4_1/evalB               496.9440      0.1      15.8760      0.0000  0.0000  Eval_33_33
core16_2/core4_1/evalB/DP_OP_54J24_122_3879    130.9140     0.0    130.9140     0.0000 0.0000 Eval_33_33_DP_OP_54J24_122_3879_J24_0
core16_2/core4_1/evalB/DP_OP_55J24_123_1703    174.7620     0.0    174.7620     0.0000 0.0000 Eval_33_33_DP_OP_55J24_123_1703_J24_0
core16_2/core4_1/evalB/DP_OP_56J24_124_7935    175.3920     0.0    175.3920     0.0000 0.0000 Eval_33_33_DP_OP_56J24_124_7935_J24_0
core16_2/core4_1/interp             2613.6180      0.4       0.7560    268.1280  0.0000  Interpolation_34
core16_2/core4_1/interp/interp      2344.7340      0.3       0.2520      0.0000  0.0000  InterpolationComb_34
core16_2/core4_1/interp/interp/DP_OP_106J22_122_4023   2344.4820     0.3   2344.4820     0.0000 0.0000 InterpolationComb_0_DP_OP_106J22_122_4023_J22_0_13
core16_2/core4_1/mult_x_1            862.8480      0.1     862.8480      0.0000  0.0000  core4_33_DW_mult_uns_J29_1
core16_2/core4_1/mult_x_2           1078.5600      0.1    1078.5600      0.0000  0.0000  core4_33_DW_mult_tc_J29_4
core16_2/core4_1/mult_x_3            978.7680      0.1     978.7680      0.0000  0.0000  core4_33_DW_mult_tc_J29_3
core16_2/core4_1/mult_x_4           1033.5780      0.1    1033.5780      0.0000  0.0000  core4_33_DW_mult_tc_J29_2
core16_2/core4_1/mult_x_5           1034.7120      0.1    1034.7120      0.0000  0.0000  core4_33_DW_mult_tc_J29_1
core16_2/core4_1/mult_x_6           1060.6680      0.1    1060.6680      0.0000  0.0000  core4_33_DW_mult_tc_J29_0
core16_2/core4_1/mult_x_7            862.7220      0.1     862.7220      0.0000  0.0000  core4_33_DW_mult_uns_J29_0
core16_2/core4_2                   10953.4319      1.5       1.0080    517.8600  0.0000  core4_32
core16_2/core4_2/evalA               807.9120      0.1      24.6960      0.0000  0.0000  Eval_32_32
core16_2/core4_2/evalA/DP_OP_53J22_123_3533    207.9000     0.0    207.9000     0.0000 0.0000 Eval_32_1_DP_OP_53J22_123_3533_J22_0_24
core16_2/core4_2/evalA/DP_OP_54J22_124_9398    285.2640     0.0    285.2640     0.0000 0.0000 Eval_32_1_DP_OP_54J22_124_9398_J22_0_24
core16_2/core4_2/evalA/DP_OP_55J22_125_9832    290.0520     0.0    290.0520     0.0000 0.0000 Eval_32_1_DP_OP_55J22_125_9832_J22_0_24
core16_2/core4_2/evalB               416.0520      0.1      13.6080      0.0000  0.0000  Eval_33_32
core16_2/core4_2/evalB/DP_OP_53J27_122_5226    105.0840     0.0    105.0840     0.0000 0.0000 Eval_33_1_DP_OP_53J27_122_5226_J27_0_22
core16_2/core4_2/evalB/DP_OP_54J27_123_7613    146.4120     0.0    146.4120     0.0000 0.0000 Eval_33_1_DP_OP_54J27_123_7613_J27_0_22
core16_2/core4_2/evalB/DP_OP_55J27_124_8730    150.9480     0.0    150.9480     0.0000 0.0000 Eval_33_1_DP_OP_55J27_124_8730_J27_0_22
core16_2/core4_2/interp             2712.9060      0.4       0.7560    276.1920  0.0000  Interpolation_33
core16_2/core4_2/interp/interp      2435.9580      0.3       0.2520      0.0000  0.0000  InterpolationComb_33
core16_2/core4_2/interp/interp/DP_OP_106J21_122_4688   2435.7060     0.3   2435.7060     0.0000 0.0000 InterpolationComb_1_DP_OP_106J21_122_4688_J21_0_19
core16_2/core4_2/mult_x_1            898.3800      0.1     898.3800      0.0000  0.0000  core4_1_DW_mult_tc_J24_6_16
core16_2/core4_2/mult_x_2            997.7940      0.1     997.7940      0.0000  0.0000  core4_1_DW_mult_tc_J24_5_16
core16_2/core4_2/mult_x_3            875.4480      0.1     875.4480      0.0000  0.0000  core4_1_DW_mult_tc_J24_4_16
core16_2/core4_2/mult_x_4            923.8320      0.1     923.8320      0.0000  0.0000  core4_1_DW_mult_tc_J24_3_16
core16_2/core4_2/mult_x_5            909.2160      0.1     909.2160      0.0000  0.0000  core4_1_DW_mult_tc_J24_2_16
core16_2/core4_2/mult_x_6            994.6440      0.1     994.6440      0.0000  0.0000  core4_1_DW_mult_tc_J24_1_16
core16_2/core4_2/mult_x_7            898.3800      0.1     898.3800      0.0000  0.0000  core4_1_DW_mult_tc_J24_0_16
core16_2/core4_3                   11743.4519      1.6       0.7560    517.3560  0.0000  core4_31
core16_2/core4_3/evalA               879.8580      0.1      28.2240      0.0000  0.0000  Eval_32_31
core16_2/core4_3/evalA/DP_OP_53J22_123_3533    222.6420     0.0    222.6420     0.0000 0.0000 Eval_32_1_DP_OP_53J22_123_3533_J22_0_23
core16_2/core4_3/evalA/DP_OP_54J22_124_9398    321.1740     0.0    321.1740     0.0000 0.0000 Eval_32_1_DP_OP_54J22_124_9398_J22_0_23
core16_2/core4_3/evalA/DP_OP_55J22_125_9832    307.8180     0.0    307.8180     0.0000 0.0000 Eval_32_1_DP_OP_55J22_125_9832_J22_0_23
core16_2/core4_3/evalB               587.5380      0.1      20.4120      0.0000  0.0000  Eval_33_31
core16_2/core4_3/evalB/DP_OP_53J27_122_5226    146.7900     0.0    146.7900     0.0000 0.0000 Eval_33_1_DP_OP_53J27_122_5226_J27_0_21
core16_2/core4_3/evalB/DP_OP_54J27_123_7613    217.4760     0.0    217.4760     0.0000 0.0000 Eval_33_1_DP_OP_54J27_123_7613_J27_0_21
core16_2/core4_3/evalB/DP_OP_55J27_124_8730    202.8600     0.0    202.8600     0.0000 0.0000 Eval_33_1_DP_OP_55J27_124_8730_J27_0_21
core16_2/core4_3/interp             2712.9060      0.4       0.7560    276.1920  0.0000  Interpolation_32
core16_2/core4_3/interp/interp      2435.9580      0.3       0.2520      0.0000  0.0000  InterpolationComb_32
core16_2/core4_3/interp/interp/DP_OP_106J21_122_4688   2435.7060     0.3   2435.7060     0.0000 0.0000 InterpolationComb_1_DP_OP_106J21_122_4688_J21_0_18
core16_2/core4_3/mult_x_1            861.7140      0.1     861.7140      0.0000  0.0000  core4_1_DW_mult_tc_J24_6_15
core16_2/core4_3/mult_x_2           1085.8680      0.1    1085.8680      0.0000  0.0000  core4_1_DW_mult_tc_J24_5_15
core16_2/core4_3/mult_x_3           1057.3920      0.1    1057.3920      0.0000  0.0000  core4_1_DW_mult_tc_J24_4_15
core16_2/core4_3/mult_x_4           1061.0460      0.1    1061.0460      0.0000  0.0000  core4_1_DW_mult_tc_J24_3_15
core16_2/core4_3/mult_x_5           1059.6600      0.1    1059.6600      0.0000  0.0000  core4_1_DW_mult_tc_J24_2_15
core16_2/core4_3/mult_x_6           1057.6440      0.1    1057.6440      0.0000  0.0000  core4_1_DW_mult_tc_J24_1_15
core16_2/core4_3/mult_x_7            861.7140      0.1     861.7140      0.0000  0.0000  core4_1_DW_mult_tc_J24_0_15
core16_2/core4_4                   11406.0239      1.6       1.0080    517.8600  0.0000  core4_30
core16_2/core4_4/evalA               863.8560      0.1      26.8380      0.0000  0.0000  Eval_32_30
core16_2/core4_4/evalA/DP_OP_54J28_122_598    220.3740     0.0    220.3740     0.0000 0.0000 Eval_32_30_DP_OP_54J28_122_598_J28_0
core16_2/core4_4/evalA/DP_OP_55J28_123_2724    310.9680     0.0    310.9680     0.0000 0.0000 Eval_32_30_DP_OP_55J28_123_2724_J28_0
core16_2/core4_4/evalA/DP_OP_56J28_124_8504    305.6760     0.0    305.6760     0.0000 0.0000 Eval_32_30_DP_OP_56J28_124_8504_J28_0
core16_2/core4_4/evalB               495.1800      0.1      16.0020      0.0000  0.0000  Eval_33_30
core16_2/core4_4/evalB/DP_OP_54J28_125_8882    128.7720     0.0    128.7720     0.0000 0.0000 Eval_33_30_DP_OP_54J28_125_8882_J28_0
core16_2/core4_4/evalB/DP_OP_55J28_126_4273    173.1240     0.0    173.1240     0.0000 0.0000 Eval_33_30_DP_OP_55J28_126_4273_J28_0
core16_2/core4_4/evalB/DP_OP_56J28_127_5018    177.2820     0.0    177.2820     0.0000 0.0000 Eval_33_30_DP_OP_56J28_127_5018_J28_0
core16_2/core4_4/interp             2712.9060      0.4       0.7560    276.1920  0.0000  Interpolation_31
core16_2/core4_4/interp/interp      2435.9580      0.3       0.2520      0.0000  0.0000  InterpolationComb_31
core16_2/core4_4/interp/interp/DP_OP_106J21_122_4688   2435.7060     0.3   2435.7060     0.0000 0.0000 InterpolationComb_1_DP_OP_106J21_122_4688_J21_0_17
core16_2/core4_4/mult_x_1            852.8940      0.1     852.8940      0.0000  0.0000  core4_30_DW_mult_uns_J30_2
core16_2/core4_4/mult_x_2           1068.3540      0.1    1068.3540      0.0000  0.0000  core4_30_DW_mult_tc_J30_3
core16_2/core4_4/mult_x_3            965.0340      0.1     965.0340      0.0000  0.0000  core4_30_DW_mult_tc_J30_2
core16_2/core4_4/mult_x_4            996.6600      0.1     996.6600      0.0000  0.0000  core4_30_DW_mult_tc_J30_1
core16_2/core4_4/mult_x_5           1035.8460      0.1    1035.8460      0.0000  0.0000  core4_30_DW_mult_uns_J30_1
core16_2/core4_4/mult_x_6           1037.7360      0.1    1037.7360      0.0000  0.0000  core4_30_DW_mult_tc_J30_0
core16_2/core4_4/mult_x_7            858.6900      0.1     858.6900      0.0000  0.0000  core4_30_DW_mult_uns_J30_0
core16_2/core4_5                   11953.8718      1.6       0.7560    517.7340  0.0000  core4_29
core16_2/core4_5/evalA               880.1100      0.1      28.3500      0.0000  0.0000  Eval_32_29
core16_2/core4_5/evalA/DP_OP_53J22_123_3533    222.6420     0.0    222.6420     0.0000 0.0000 Eval_32_1_DP_OP_53J22_123_3533_J22_0_22
core16_2/core4_5/evalA/DP_OP_54J22_124_9398    321.1740     0.0    321.1740     0.0000 0.0000 Eval_32_1_DP_OP_54J22_124_9398_J22_0_22
core16_2/core4_5/evalA/DP_OP_55J22_125_9832    307.9440     0.0    307.9440     0.0000 0.0000 Eval_32_1_DP_OP_55J22_125_9832_J22_0_22
core16_2/core4_5/evalB               583.7580      0.1      20.2860      0.0000  0.0000  Eval_33_29
core16_2/core4_5/evalB/DP_OP_53J27_122_5226    145.5300     0.0    145.5300     0.0000 0.0000 Eval_33_1_DP_OP_53J27_122_5226_J27_0_20
core16_2/core4_5/evalB/DP_OP_54J27_123_7613    215.9640     0.0    215.9640     0.0000 0.0000 Eval_33_1_DP_OP_54J27_123_7613_J27_0_20
core16_2/core4_5/evalB/DP_OP_55J27_124_8730    201.9780     0.0    201.9780     0.0000 0.0000 Eval_33_1_DP_OP_55J27_124_8730_J27_0_20
core16_2/core4_5/interp             2712.9060      0.4       0.7560    276.1920  0.0000  Interpolation_30
core16_2/core4_5/interp/interp      2435.9580      0.3       0.2520      0.0000  0.0000  InterpolationComb_30
core16_2/core4_5/interp/interp/DP_OP_106J21_122_4688   2435.7060     0.3   2435.7060     0.0000 0.0000 InterpolationComb_1_DP_OP_106J21_122_4688_J21_0_16
core16_2/core4_5/mult_x_1            967.5540      0.1     967.5540      0.0000  0.0000  core4_1_DW_mult_tc_J24_6_14
core16_2/core4_5/mult_x_2           1085.4900      0.1    1085.4900      0.0000  0.0000  core4_1_DW_mult_tc_J24_5_14
core16_2/core4_5/mult_x_3           1060.6680      0.1    1060.6680      0.0000  0.0000  core4_1_DW_mult_tc_J24_4_14
core16_2/core4_5/mult_x_4           1059.1560      0.1    1059.1560      0.0000  0.0000  core4_1_DW_mult_tc_J24_3_14
core16_2/core4_5/mult_x_5           1061.1720      0.1    1061.1720      0.0000  0.0000  core4_1_DW_mult_tc_J24_2_14
core16_2/core4_5/mult_x_6           1057.0140      0.1    1057.0140      0.0000  0.0000  core4_1_DW_mult_tc_J24_1_14
core16_2/core4_5/mult_x_7            967.5540      0.1     967.5540      0.0000  0.0000  core4_1_DW_mult_tc_J24_0_14
core16_2/core4_6                    9991.5479      1.4       1.0080    517.7340  0.0000  core4_28
core16_2/core4_6/evalA               765.4500      0.1      23.1840      0.0000  0.0000  Eval_32_28
core16_2/core4_6/evalA/DP_OP_54J18_122_3077    198.8280     0.0    198.8280     0.0000 0.0000 Eval_32_28_DP_OP_54J18_122_3077_J18_0_0
core16_2/core4_6/evalA/DP_OP_55J18_123_9952    268.7580     0.0    268.7580     0.0000 0.0000 Eval_32_28_DP_OP_55J18_123_9952_J18_0_0
core16_2/core4_6/evalA/DP_OP_56J18_124_7035    274.6800     0.0    274.6800     0.0000 0.0000 Eval_32_28_DP_OP_56J18_124_7035_J18_0_0
core16_2/core4_6/evalB               374.8500      0.1      11.8440      0.0000  0.0000  Eval_33_28
core16_2/core4_6/evalB/DP_OP_54J27_125_6883     96.0120     0.0     96.0120     0.0000 0.0000 Eval_33_28_DP_OP_54J27_125_6883_J27_0_0
core16_2/core4_6/evalB/DP_OP_55J27_126_2352    130.4100     0.0    130.4100     0.0000 0.0000 Eval_33_28_DP_OP_55J27_126_2352_J27_0_0
core16_2/core4_6/evalB/DP_OP_56J27_127_8584    136.5840     0.0    136.5840     0.0000 0.0000 Eval_33_28_DP_OP_56J27_127_8584_J27_0_0
core16_2/core4_6/interp             2612.6100      0.4       0.7560    268.1280  0.0000  Interpolation_29
core16_2/core4_6/interp/interp      2343.7260      0.3       0.2520      0.0000  0.0000  InterpolationComb_29
core16_2/core4_6/interp/interp/DP_OP_106J22_122_4023   2343.4740     0.3   2343.4740     0.0000 0.0000 InterpolationComb_0_DP_OP_106J22_122_4023_J22_0_12
core16_2/core4_6/mult_x_1            658.0980      0.1     658.0980      0.0000  0.0000  core4_28_DW_mult_uns_J15_3_0
core16_2/core4_6/mult_x_2            862.5960      0.1     862.5960      0.0000  0.0000  core4_28_DW_mult_uns_J15_2_0
core16_2/core4_6/mult_x_3            774.5220      0.1     774.5220      0.0000  0.0000  core4_28_DW_mult_tc_J15_2_0
core16_2/core4_6/mult_x_4            910.0980      0.1     910.0980      0.0000  0.0000  core4_28_DW_mult_tc_J15_1_0
core16_2/core4_6/mult_x_5            880.4880      0.1     880.4880      0.0000  0.0000  core4_28_DW_mult_uns_J15_1_0
core16_2/core4_6/mult_x_6            975.9960      0.1     975.9960      0.0000  0.0000  core4_28_DW_mult_tc_J15_0_0
core16_2/core4_6/mult_x_7            658.0980      0.1     658.0980      0.0000  0.0000  core4_28_DW_mult_uns_J15_0_0
core16_2/evalA                       765.4500      0.1      23.1840      0.0000  0.0000  Eval_32_68
core16_2/evalA/DP_OP_54J15_122_5398    198.8280     0.0    198.8280      0.0000  0.0000  Eval_32_65_DP_OP_54J15_122_5398_J15_0_3
core16_2/evalA/DP_OP_55J15_123_3777    268.7580     0.0    268.7580      0.0000  0.0000  Eval_32_65_DP_OP_55J15_123_3777_J15_0_3
core16_2/evalA/DP_OP_56J15_124_1913    274.6800     0.0    274.6800      0.0000  0.0000  Eval_32_65_DP_OP_56J15_124_1913_J15_0_3
core16_2/evalA_1                     765.3240      0.1      22.9320      0.0000  0.0000  Eval_32_67
core16_2/evalA_1/DP_OP_54J15_122_5398    198.8280     0.0    198.8280     0.0000 0.0000  Eval_32_65_DP_OP_54J15_122_5398_J15_0_2
core16_2/evalA_1/DP_OP_55J15_123_3777    268.7580     0.0    268.7580     0.0000 0.0000  Eval_32_65_DP_OP_55J15_123_3777_J15_0_2
core16_2/evalA_1/DP_OP_56J15_124_1913    274.8060     0.0    274.8060     0.0000 0.0000  Eval_32_65_DP_OP_56J15_124_1913_J15_0_2
core16_2/evalA_2                     765.3240      0.1      22.9320      0.0000  0.0000  Eval_32_66
core16_2/evalA_2/DP_OP_54J15_122_5398    198.8280     0.0    198.8280     0.0000 0.0000  Eval_32_65_DP_OP_54J15_122_5398_J15_0_1
core16_2/evalA_2/DP_OP_55J15_123_3777    268.7580     0.0    268.7580     0.0000 0.0000  Eval_32_65_DP_OP_55J15_123_3777_J15_0_1
core16_2/evalA_2/DP_OP_56J15_124_1913    274.8060     0.0    274.8060     0.0000 0.0000  Eval_32_65_DP_OP_56J15_124_1913_J15_0_1
core16_2/evalA_3                     765.4500      0.1      23.0580      0.0000  0.0000  Eval_32_65
core16_2/evalA_3/DP_OP_54J15_122_5398    198.8280     0.0    198.8280     0.0000 0.0000  Eval_32_65_DP_OP_54J15_122_5398_J15_0_0
core16_2/evalA_3/DP_OP_55J15_123_3777    268.7580     0.0    268.7580     0.0000 0.0000  Eval_32_65_DP_OP_55J15_123_3777_J15_0_0
core16_2/evalA_3/DP_OP_56J15_124_1913    274.8060     0.0    274.8060     0.0000 0.0000  Eval_32_65_DP_OP_56J15_124_1913_J15_0_0
core16_2/evalB                       374.9760      0.1      11.9700      0.0000  0.0000  Eval_33_68
core16_2/evalB/DP_OP_54J21_129_7298     98.1540     0.0     98.1540      0.0000  0.0000  Eval_33_65_DP_OP_54J21_129_7298_J21_0_3
core16_2/evalB/DP_OP_55J21_130_6048    129.1500     0.0    129.1500      0.0000  0.0000  Eval_33_65_DP_OP_55J21_130_6048_J21_0_3
core16_2/evalB/DP_OP_56J21_131_3366    135.7020     0.0    135.7020      0.0000  0.0000  Eval_33_65_DP_OP_56J21_131_3366_J21_0_3
core16_2/evalB_1                     374.4720      0.1      10.8360      0.0000  0.0000  Eval_33_67
core16_2/evalB_1/DP_OP_54J21_129_7298     96.8940     0.0     96.8940     0.0000 0.0000  Eval_33_65_DP_OP_54J21_129_7298_J21_0_2
core16_2/evalB_1/DP_OP_55J21_130_6048    130.0320     0.0    130.0320     0.0000 0.0000  Eval_33_65_DP_OP_55J21_130_6048_J21_0_2
core16_2/evalB_1/DP_OP_56J21_131_3366    136.7100     0.0    136.7100     0.0000 0.0000  Eval_33_65_DP_OP_56J21_131_3366_J21_0_2
core16_2/evalB_2                     381.0240      0.1      10.8360      0.0000  0.0000  Eval_33_66
core16_2/evalB_2/DP_OP_54J21_129_7298     99.1620     0.0     99.1620     0.0000 0.0000  Eval_33_65_DP_OP_54J21_129_7298_J21_0_1
core16_2/evalB_2/DP_OP_55J21_130_6048    132.5520     0.0    132.5520     0.0000 0.0000  Eval_33_65_DP_OP_55J21_130_6048_J21_0_1
core16_2/evalB_2/DP_OP_56J21_131_3366    138.4740     0.0    138.4740     0.0000 0.0000  Eval_33_65_DP_OP_56J21_131_3366_J21_0_1
core16_2/evalB_3                     372.2040      0.1      11.9700      0.0000  0.0000  Eval_33_65
core16_2/evalB_3/DP_OP_54J21_129_7298     96.0120     0.0     96.0120     0.0000 0.0000  Eval_33_65_DP_OP_54J21_129_7298_J21_0_0
core16_2/evalB_3/DP_OP_55J21_130_6048    129.1500     0.0    129.1500     0.0000 0.0000  Eval_33_65_DP_OP_55J21_130_6048_J21_0_0
core16_2/evalB_3/DP_OP_56J21_131_3366    135.0720     0.0    135.0720     0.0000 0.0000  Eval_33_65_DP_OP_56J21_131_3366_J21_0_0
core16_2/interp                     9337.9859      1.3       0.7560   1001.9520  0.0000  Interpolation_7_4
core16_2/interp/interp              8335.2779      1.1       0.2520      0.0000  0.0000  InterpolationComb_7_4
core16_2/interp/interp/DP_OP_421J11_122_4903   8335.0259     1.1   8335.0259     0.0000 0.0000 InterpolationComb_7_1_DP_OP_421J11_122_4903_J11_0_3
core16_3                          100928.2667     13.9       2.0160   1897.0560  0.0000  core16_3
core16_3/core4_0                   11472.8039      1.6       0.7560    517.9860  0.0000  core4_27
core16_3/core4_0/evalA               879.3540      0.1      27.7200      0.0000  0.0000  Eval_32_27
core16_3/core4_0/evalA/DP_OP_53J22_123_3533    222.6420     0.0    222.6420     0.0000 0.0000 Eval_32_1_DP_OP_53J22_123_3533_J22_0_21
core16_3/core4_0/evalA/DP_OP_54J22_124_9398    321.1740     0.0    321.1740     0.0000 0.0000 Eval_32_1_DP_OP_54J22_124_9398_J22_0_21
core16_3/core4_0/evalA/DP_OP_55J22_125_9832    307.8180     0.0    307.8180     0.0000 0.0000 Eval_32_1_DP_OP_55J22_125_9832_J22_0_21
core16_3/core4_0/evalB               585.1440      0.1      20.9160      0.0000  0.0000  Eval_33_27
core16_3/core4_0/evalB/DP_OP_53J27_122_5226    145.5300     0.0    145.5300     0.0000 0.0000 Eval_33_1_DP_OP_53J27_122_5226_J27_0_19
core16_3/core4_0/evalB/DP_OP_54J27_123_7613    216.7200     0.0    216.7200     0.0000 0.0000 Eval_33_1_DP_OP_54J27_123_7613_J27_0_19
core16_3/core4_0/evalB/DP_OP_55J27_124_8730    201.9780     0.0    201.9780     0.0000 0.0000 Eval_33_1_DP_OP_55J27_124_8730_J27_0_19
core16_3/core4_0/interp             2612.9880      0.4       0.7560    268.1280  0.0000  Interpolation_28
core16_3/core4_0/interp/interp      2344.1040      0.3       0.2520      0.0000  0.0000  InterpolationComb_28
core16_3/core4_0/interp/interp/DP_OP_106J22_122_4023   2343.8520     0.3   2343.8520     0.0000 0.0000 InterpolationComb_0_DP_OP_106J22_122_4023_J22_0_11
core16_3/core4_0/mult_x_1            779.6880      0.1     779.6880      0.0000  0.0000  core4_7_DW_mult_tc_J23_6_5
core16_3/core4_0/mult_x_2           1085.1120      0.1    1085.1120      0.0000  0.0000  core4_7_DW_mult_tc_J23_5_5
core16_3/core4_0/mult_x_3           1057.0140      0.1    1057.0140      0.0000  0.0000  core4_7_DW_mult_tc_J23_4_5
core16_3/core4_0/mult_x_4           1057.3920      0.1    1057.3920      0.0000  0.0000  core4_7_DW_mult_tc_J23_3_5
core16_3/core4_0/mult_x_5           1057.5180      0.1    1057.5180      0.0000  0.0000  core4_7_DW_mult_tc_J23_2_5
core16_3/core4_0/mult_x_6           1060.1640      0.1    1060.1640      0.0000  0.0000  core4_7_DW_mult_tc_J23_1_5
core16_3/core4_0/mult_x_7            779.6880      0.1     779.6880      0.0000  0.0000  core4_7_DW_mult_tc_J23_0_5
core16_3/core4_1                   12089.3218      1.7       0.7560    517.4820  0.0000  core4_26
core16_3/core4_1/evalA               879.8580      0.1      28.2240      0.0000  0.0000  Eval_32_26
core16_3/core4_1/evalA/DP_OP_53J22_123_3533    222.6420     0.0    222.6420     0.0000 0.0000 Eval_32_1_DP_OP_53J22_123_3533_J22_0_20
core16_3/core4_1/evalA/DP_OP_54J22_124_9398    321.1740     0.0    321.1740     0.0000 0.0000 Eval_32_1_DP_OP_54J22_124_9398_J22_0_20
core16_3/core4_1/evalA/DP_OP_55J22_125_9832    307.8180     0.0    307.8180     0.0000 0.0000 Eval_32_1_DP_OP_55J22_125_9832_J22_0_20
core16_3/core4_1/evalB               584.1360      0.1      20.9160      0.0000  0.0000  Eval_33_26
core16_3/core4_1/evalB/DP_OP_53J27_122_5226    145.5300     0.0    145.5300     0.0000 0.0000 Eval_33_1_DP_OP_53J27_122_5226_J27_0_18
core16_3/core4_1/evalB/DP_OP_54J27_123_7613    215.3340     0.0    215.3340     0.0000 0.0000 Eval_33_1_DP_OP_54J27_123_7613_J27_0_18
core16_3/core4_1/evalB/DP_OP_55J27_124_8730    202.3560     0.0    202.3560     0.0000 0.0000 Eval_33_1_DP_OP_55J27_124_8730_J27_0_18
core16_3/core4_1/interp             2613.4920      0.4       0.7560    268.1280  0.0000  Interpolation_27
core16_3/core4_1/interp/interp      2344.6080      0.3       0.2520      0.0000  0.0000  InterpolationComb_27
core16_3/core4_1/interp/interp/DP_OP_106J22_122_4023   2344.3560     0.3   2344.3560     0.0000 0.0000 InterpolationComb_0_DP_OP_106J22_122_4023_J22_0_10
core16_3/core4_1/mult_x_1           1084.8600      0.1    1084.8600      0.0000  0.0000  core4_7_DW_mult_tc_J23_6_4
core16_3/core4_1/mult_x_2           1085.9940      0.1    1085.9940      0.0000  0.0000  core4_7_DW_mult_tc_J23_5_4
core16_3/core4_1/mult_x_3           1058.4000      0.1    1058.4000      0.0000  0.0000  core4_7_DW_mult_tc_J23_4_4
core16_3/core4_1/mult_x_4           1057.6440      0.1    1057.6440      0.0000  0.0000  core4_7_DW_mult_tc_J23_3_4
core16_3/core4_1/mult_x_5           1062.9360      0.1    1062.9360      0.0000  0.0000  core4_7_DW_mult_tc_J23_2_4
core16_3/core4_1/mult_x_6           1058.9040      0.1    1058.9040      0.0000  0.0000  core4_7_DW_mult_tc_J23_1_4
core16_3/core4_1/mult_x_7           1084.8600      0.1    1084.8600      0.0000  0.0000  core4_7_DW_mult_tc_J23_0_4
core16_3/core4_2                   12198.0598      1.7       0.7560    517.7340  0.0000  core4_25
core16_3/core4_2/evalA               880.1100      0.1      28.4760      0.0000  0.0000  Eval_32_25
core16_3/core4_2/evalA/DP_OP_53J22_123_3533    222.6420     0.0    222.6420     0.0000 0.0000 Eval_32_1_DP_OP_53J22_123_3533_J22_0_19
core16_3/core4_2/evalA/DP_OP_54J22_124_9398    321.1740     0.0    321.1740     0.0000 0.0000 Eval_32_1_DP_OP_54J22_124_9398_J22_0_19
core16_3/core4_2/evalA/DP_OP_55J22_125_9832    307.8180     0.0    307.8180     0.0000 0.0000 Eval_32_1_DP_OP_55J22_125_9832_J22_0_19
core16_3/core4_2/evalB               585.9000      0.1      20.9160      0.0000  0.0000  Eval_33_25
core16_3/core4_2/evalB/DP_OP_53J27_122_5226    145.5300     0.0    145.5300     0.0000 0.0000 Eval_33_1_DP_OP_53J27_122_5226_J27_0_17
core16_3/core4_2/evalB/DP_OP_54J27_123_7613    217.4760     0.0    217.4760     0.0000 0.0000 Eval_33_1_DP_OP_54J27_123_7613_J27_0_17
core16_3/core4_2/evalB/DP_OP_55J27_124_8730    201.9780     0.0    201.9780     0.0000 0.0000 Eval_33_1_DP_OP_55J27_124_8730_J27_0_17
core16_3/core4_2/interp             2712.9060      0.4       0.7560    276.1920  0.0000  Interpolation_26
core16_3/core4_2/interp/interp      2435.9580      0.3       0.2520      0.0000  0.0000  InterpolationComb_26
core16_3/core4_2/interp/interp/DP_OP_106J21_122_4688   2435.7060     0.3   2435.7060     0.0000 0.0000 InterpolationComb_1_DP_OP_106J21_122_4688_J21_0_15
core16_3/core4_2/mult_x_1           1085.2380      0.1    1085.2380      0.0000  0.0000  core4_1_DW_mult_tc_J24_6_13
core16_3/core4_2/mult_x_2           1085.4900      0.1    1085.4900      0.0000  0.0000  core4_1_DW_mult_tc_J24_5_13
core16_3/core4_2/mult_x_3           1066.7160      0.1    1066.7160      0.0000  0.0000  core4_1_DW_mult_tc_J24_4_13
core16_3/core4_2/mult_x_4           1058.6520      0.1    1058.6520      0.0000  0.0000  core4_1_DW_mult_tc_J24_3_13
core16_3/core4_2/mult_x_5           1059.9120      0.1    1059.9120      0.0000  0.0000  core4_1_DW_mult_tc_J24_2_13
core16_3/core4_2/mult_x_6           1059.6600      0.1    1059.6600      0.0000  0.0000  core4_1_DW_mult_tc_J24_1_13
core16_3/core4_2/mult_x_7           1084.9860      0.1    1084.9860      0.0000  0.0000  core4_1_DW_mult_tc_J24_0_13
core16_3/core4_3                   12196.6738      1.7       0.7560    517.7340  0.0000  core4_24
core16_3/core4_3/evalA               879.8580      0.1      28.2240      0.0000  0.0000  Eval_32_24
core16_3/core4_3/evalA/DP_OP_53J22_123_3533    222.6420     0.0    222.6420     0.0000 0.0000 Eval_32_1_DP_OP_53J22_123_3533_J22_0_18
core16_3/core4_3/evalA/DP_OP_54J22_124_9398    321.1740     0.0    321.1740     0.0000 0.0000 Eval_32_1_DP_OP_54J22_124_9398_J22_0_18
core16_3/core4_3/evalA/DP_OP_55J22_125_9832    307.8180     0.0    307.8180     0.0000 0.0000 Eval_32_1_DP_OP_55J22_125_9832_J22_0_18
core16_3/core4_3/evalB               589.1760      0.1      20.9160      0.0000  0.0000  Eval_33_24
core16_3/core4_3/evalB/DP_OP_53J27_122_5226    146.4120     0.0    146.4120     0.0000 0.0000 Eval_33_1_DP_OP_53J27_122_5226_J27_0_16
core16_3/core4_3/evalB/DP_OP_54J27_123_7613    216.8460     0.0    216.8460     0.0000 0.0000 Eval_33_1_DP_OP_54J27_123_7613_J27_0_16
core16_3/core4_3/evalB/DP_OP_55J27_124_8730    205.0020     0.0    205.0020     0.0000 0.0000 Eval_33_1_DP_OP_55J27_124_8730_J27_0_16
core16_3/core4_3/interp             2712.4020      0.4       0.7560    276.1920  0.0000  Interpolation_25
core16_3/core4_3/interp/interp      2435.4540      0.3       0.2520      0.0000  0.0000  InterpolationComb_25
core16_3/core4_3/interp/interp/DP_OP_106J21_122_4688   2435.2020     0.3   2435.2020     0.0000 0.0000 InterpolationComb_1_DP_OP_106J21_122_4688_J21_0_14
core16_3/core4_3/mult_x_1           1085.6160      0.1    1085.6160      0.0000  0.0000  core4_1_DW_mult_tc_J24_6_12
core16_3/core4_3/mult_x_2           1085.2380      0.1    1085.2380      0.0000  0.0000  core4_1_DW_mult_tc_J24_5_12
core16_3/core4_3/mult_x_3           1059.4080      0.1    1059.4080      0.0000  0.0000  core4_1_DW_mult_tc_J24_4_12
core16_3/core4_3/mult_x_4           1061.0460      0.1    1061.0460      0.0000  0.0000  core4_1_DW_mult_tc_J24_3_12
core16_3/core4_3/mult_x_5           1058.7780      0.1    1058.7780      0.0000  0.0000  core4_1_DW_mult_tc_J24_2_12
core16_3/core4_3/mult_x_6           1061.6760      0.1    1061.6760      0.0000  0.0000  core4_1_DW_mult_tc_J24_1_12
core16_3/core4_3/mult_x_7           1084.9860      0.1    1084.9860      0.0000  0.0000  core4_1_DW_mult_tc_J24_0_12
core16_3/core4_4                   12190.3738      1.7       0.7560    517.6080  0.0000  core4_23
core16_3/core4_4/evalA               879.8580      0.1      28.2240      0.0000  0.0000  Eval_32_23
core16_3/core4_4/evalA/DP_OP_53J22_123_3533    222.6420     0.0    222.6420     0.0000 0.0000 Eval_32_1_DP_OP_53J22_123_3533_J22_0_17
core16_3/core4_4/evalA/DP_OP_54J22_124_9398    321.1740     0.0    321.1740     0.0000 0.0000 Eval_32_1_DP_OP_54J22_124_9398_J22_0_17
core16_3/core4_4/evalA/DP_OP_55J22_125_9832    307.8180     0.0    307.8180     0.0000 0.0000 Eval_32_1_DP_OP_55J22_125_9832_J22_0_17
core16_3/core4_4/evalB               587.2860      0.1      20.9160      0.0000  0.0000  Eval_33_23
core16_3/core4_4/evalB/DP_OP_53J27_122_5226    145.5300     0.0    145.5300     0.0000 0.0000 Eval_33_1_DP_OP_53J27_122_5226_J27_0_15
core16_3/core4_4/evalB/DP_OP_54J27_123_7613    218.2320     0.0    218.2320     0.0000 0.0000 Eval_33_1_DP_OP_54J27_123_7613_J27_0_15
core16_3/core4_4/evalB/DP_OP_55J27_124_8730    202.6080     0.0    202.6080     0.0000 0.0000 Eval_33_1_DP_OP_55J27_124_8730_J27_0_15
core16_3/core4_4/interp             2712.4020      0.4       0.7560    276.1920  0.0000  Interpolation_24
core16_3/core4_4/interp/interp      2435.4540      0.3       0.2520      0.0000  0.0000  InterpolationComb_24
core16_3/core4_4/interp/interp/DP_OP_106J21_122_4688   2435.2020     0.3   2435.2020     0.0000 0.0000 InterpolationComb_1_DP_OP_106J21_122_4688_J21_0_13
core16_3/core4_4/mult_x_1           1084.8600      0.1    1084.8600      0.0000  0.0000  core4_1_DW_mult_tc_J24_6_11
core16_3/core4_4/mult_x_2           1085.4900      0.1    1085.4900      0.0000  0.0000  core4_1_DW_mult_tc_J24_5_11
core16_3/core4_4/mult_x_3           1060.0380      0.1    1060.0380      0.0000  0.0000  core4_1_DW_mult_tc_J24_4_11
core16_3/core4_4/mult_x_4           1058.4000      0.1    1058.4000      0.0000  0.0000  core4_1_DW_mult_tc_J24_3_11
core16_3/core4_4/mult_x_5           1061.5500      0.1    1061.5500      0.0000  0.0000  core4_1_DW_mult_tc_J24_2_11
core16_3/core4_4/mult_x_6           1057.2660      0.1    1057.2660      0.0000  0.0000  core4_1_DW_mult_tc_J24_1_11
core16_3/core4_4/mult_x_7           1084.8600      0.1    1084.8600      0.0000  0.0000  core4_1_DW_mult_tc_J24_0_11
core16_3/core4_5                   12193.2718      1.7       0.7560    517.6080  0.0000  core4_22
core16_3/core4_5/evalA               879.8580      0.1      28.2240      0.0000  0.0000  Eval_32_22
core16_3/core4_5/evalA/DP_OP_53J22_123_3533    222.6420     0.0    222.6420     0.0000 0.0000 Eval_32_1_DP_OP_53J22_123_3533_J22_0_16
core16_3/core4_5/evalA/DP_OP_54J22_124_9398    321.1740     0.0    321.1740     0.0000 0.0000 Eval_32_1_DP_OP_54J22_124_9398_J22_0_16
core16_3/core4_5/evalA/DP_OP_55J22_125_9832    307.8180     0.0    307.8180     0.0000 0.0000 Eval_32_1_DP_OP_55J22_125_9832_J22_0_16
core16_3/core4_5/evalB               585.9000      0.1      20.9160      0.0000  0.0000  Eval_33_22
core16_3/core4_5/evalB/DP_OP_53J27_122_5226    145.5300     0.0    145.5300     0.0000 0.0000 Eval_33_1_DP_OP_53J27_122_5226_J27_0_14
core16_3/core4_5/evalB/DP_OP_54J27_123_7613    217.4760     0.0    217.4760     0.0000 0.0000 Eval_33_1_DP_OP_54J27_123_7613_J27_0_14
core16_3/core4_5/evalB/DP_OP_55J27_124_8730    201.9780     0.0    201.9780     0.0000 0.0000 Eval_33_1_DP_OP_55J27_124_8730_J27_0_14
core16_3/core4_5/interp             2712.9060      0.4       0.7560    276.1920  0.0000  Interpolation_23
core16_3/core4_5/interp/interp      2435.9580      0.3       0.2520      0.0000  0.0000  InterpolationComb_23
core16_3/core4_5/interp/interp/DP_OP_106J21_122_4688   2435.7060     0.3   2435.7060     0.0000 0.0000 InterpolationComb_1_DP_OP_106J21_122_4688_J21_0_12
core16_3/core4_5/mult_x_1           1084.8600      0.1    1084.8600      0.0000  0.0000  core4_1_DW_mult_tc_J24_6_10
core16_3/core4_5/mult_x_2           1085.3640      0.1    1085.3640      0.0000  0.0000  core4_1_DW_mult_tc_J24_5_10
core16_3/core4_5/mult_x_3           1059.5340      0.1    1059.5340      0.0000  0.0000  core4_1_DW_mult_tc_J24_4_10
core16_3/core4_5/mult_x_4           1059.5340      0.1    1059.5340      0.0000  0.0000  core4_1_DW_mult_tc_J24_3_10
core16_3/core4_5/mult_x_5           1064.0700      0.1    1064.0700      0.0000  0.0000  core4_1_DW_mult_tc_J24_2_10
core16_3/core4_5/mult_x_6           1058.0220      0.1    1058.0220      0.0000  0.0000  core4_1_DW_mult_tc_J24_1_10
core16_3/core4_5/mult_x_7           1084.8600      0.1    1084.8600      0.0000  0.0000  core4_1_DW_mult_tc_J24_0_10
core16_3/core4_6                   11480.4899      1.6       0.7560    517.6080  0.0000  core4_21
core16_3/core4_6/evalA               879.3540      0.1      27.7200      0.0000  0.0000  Eval_32_21
core16_3/core4_6/evalA/DP_OP_53J22_123_3533    222.6420     0.0    222.6420     0.0000 0.0000 Eval_32_1_DP_OP_53J22_123_3533_J22_0_15
core16_3/core4_6/evalA/DP_OP_54J22_124_9398    321.1740     0.0    321.1740     0.0000 0.0000 Eval_32_1_DP_OP_54J22_124_9398_J22_0_15
core16_3/core4_6/evalA/DP_OP_55J22_125_9832    307.8180     0.0    307.8180     0.0000 0.0000 Eval_32_1_DP_OP_55J22_125_9832_J22_0_15
core16_3/core4_6/evalB               586.0260      0.1      20.9160      0.0000  0.0000  Eval_33_21
core16_3/core4_6/evalB/DP_OP_53J27_122_5226    145.5300     0.0    145.5300     0.0000 0.0000 Eval_33_1_DP_OP_53J27_122_5226_J27_0_13
core16_3/core4_6/evalB/DP_OP_54J27_123_7613    217.2240     0.0    217.2240     0.0000 0.0000 Eval_33_1_DP_OP_54J27_123_7613_J27_0_13
core16_3/core4_6/evalB/DP_OP_55J27_124_8730    202.3560     0.0    202.3560     0.0000 0.0000 Eval_33_1_DP_OP_55J27_124_8730_J27_0_13
core16_3/core4_6/interp             2613.4920      0.4       0.7560    268.1280  0.0000  Interpolation_22
core16_3/core4_6/interp/interp      2344.6080      0.3       0.2520      0.0000  0.0000  InterpolationComb_22
core16_3/core4_6/interp/interp/DP_OP_106J22_122_4023   2344.3560     0.3   2344.3560     0.0000 0.0000 InterpolationComb_0_DP_OP_106J22_122_4023_J22_0_9
core16_3/core4_6/mult_x_1            779.6880      0.1     779.6880      0.0000  0.0000  core4_7_DW_mult_tc_J23_6_3
core16_3/core4_6/mult_x_2           1085.1120      0.1    1085.1120      0.0000  0.0000  core4_7_DW_mult_tc_J23_5_3
core16_3/core4_6/mult_x_3           1062.6840      0.1    1062.6840      0.0000  0.0000  core4_7_DW_mult_tc_J23_4_3
core16_3/core4_6/mult_x_4           1057.2660      0.1    1057.2660      0.0000  0.0000  core4_7_DW_mult_tc_J23_3_3
core16_3/core4_6/mult_x_5           1058.1480      0.1    1058.1480      0.0000  0.0000  core4_7_DW_mult_tc_J23_2_3
core16_3/core4_6/mult_x_6           1060.6680      0.1    1060.6680      0.0000  0.0000  core4_7_DW_mult_tc_J23_1_3
core16_3/core4_6/mult_x_7            779.6880      0.1     779.6880      0.0000  0.0000  core4_7_DW_mult_tc_J23_0_3
core16_3/evalA                       877.5900      0.1      25.9560      0.0000  0.0000  Eval_32_64
core16_3/evalA/DP_OP_53J22_123_3533    222.6420     0.0    222.6420      0.0000  0.0000  Eval_32_1_DP_OP_53J22_123_3533_J22_0_40
core16_3/evalA/DP_OP_54J22_124_9398    321.1740     0.0    321.1740      0.0000  0.0000  Eval_32_1_DP_OP_54J22_124_9398_J22_0_40
core16_3/evalA/DP_OP_55J22_125_9832    307.8180     0.0    307.8180      0.0000  0.0000  Eval_32_1_DP_OP_55J22_125_9832_J22_0_40
core16_3/evalA_1                     879.4800      0.1      27.7200      0.0000  0.0000  Eval_32_63
core16_3/evalA_1/DP_OP_53J22_123_3533    222.6420     0.0    222.6420     0.0000 0.0000  Eval_32_1_DP_OP_53J22_123_3533_J22_0_39
core16_3/evalA_1/DP_OP_54J22_124_9398    321.1740     0.0    321.1740     0.0000 0.0000  Eval_32_1_DP_OP_54J22_124_9398_J22_0_39
core16_3/evalA_1/DP_OP_55J22_125_9832    307.9440     0.0    307.9440     0.0000 0.0000  Eval_32_1_DP_OP_55J22_125_9832_J22_0_39
core16_3/evalA_2                     879.4800      0.1      27.7200      0.0000  0.0000  Eval_32_62
core16_3/evalA_2/DP_OP_53J22_123_3533    222.6420     0.0    222.6420     0.0000 0.0000  Eval_32_1_DP_OP_53J22_123_3533_J22_0_38
core16_3/evalA_2/DP_OP_54J22_124_9398    321.1740     0.0    321.1740     0.0000 0.0000  Eval_32_1_DP_OP_54J22_124_9398_J22_0_38
core16_3/evalA_2/DP_OP_55J22_125_9832    307.9440     0.0    307.9440     0.0000 0.0000  Eval_32_1_DP_OP_55J22_125_9832_J22_0_38
core16_3/evalA_3                     877.5900      0.1      25.9560      0.0000  0.0000  Eval_32_61
core16_3/evalA_3/DP_OP_53J22_123_3533    222.6420     0.0    222.6420     0.0000 0.0000  Eval_32_1_DP_OP_53J22_123_3533_J22_0_37
core16_3/evalA_3/DP_OP_54J22_124_9398    321.1740     0.0    321.1740     0.0000 0.0000  Eval_32_1_DP_OP_54J22_124_9398_J22_0_37
core16_3/evalA_3/DP_OP_55J22_125_9832    307.8180     0.0    307.8180     0.0000 0.0000  Eval_32_1_DP_OP_55J22_125_9832_J22_0_37
core16_3/evalB                       583.8840      0.1      19.4040      0.0000  0.0000  Eval_33_64
core16_3/evalB/DP_OP_53J27_122_5226    145.5300     0.0    145.5300      0.0000  0.0000  Eval_33_1_DP_OP_53J27_122_5226_J27_0_36
core16_3/evalB/DP_OP_54J27_123_7613    215.3340     0.0    215.3340      0.0000  0.0000  Eval_33_1_DP_OP_54J27_123_7613_J27_0_36
core16_3/evalB/DP_OP_55J27_124_8730    203.6160     0.0    203.6160      0.0000  0.0000  Eval_33_1_DP_OP_55J27_124_8730_J27_0_36
core16_3/evalB_1                     590.1840      0.1      17.5140      0.0000  0.0000  Eval_33_63
core16_3/evalB_1/DP_OP_53J27_122_5226    149.4360     0.0    149.4360     0.0000 0.0000  Eval_33_1_DP_OP_53J27_122_5226_J27_0_35
core16_3/evalB_1/DP_OP_54J27_123_7613    219.2400     0.0    219.2400     0.0000 0.0000  Eval_33_1_DP_OP_54J27_123_7613_J27_0_35
core16_3/evalB_1/DP_OP_55J27_124_8730    203.9940     0.0    203.9940     0.0000 0.0000  Eval_33_1_DP_OP_55J27_124_8730_J27_0_35
core16_3/evalB_2                     595.3500      0.1      17.5140      0.0000  0.0000  Eval_33_62
core16_3/evalB_2/DP_OP_53J27_122_5226    147.4200     0.0    147.4200     0.0000 0.0000  Eval_33_1_DP_OP_53J27_122_5226_J27_0_34
core16_3/evalB_2/DP_OP_54J27_123_7613    220.7520     0.0    220.7520     0.0000 0.0000  Eval_33_1_DP_OP_54J27_123_7613_J27_0_34
core16_3/evalB_2/DP_OP_55J27_124_8730    209.6640     0.0    209.6640     0.0000 0.0000  Eval_33_1_DP_OP_55J27_124_8730_J27_0_34
core16_3/evalB_3                     586.1520      0.1      19.4040      0.0000  0.0000  Eval_33_61
core16_3/evalB_3/DP_OP_53J27_122_5226    146.1600     0.0    146.1600     0.0000 0.0000  Eval_33_1_DP_OP_53J27_122_5226_J27_0_33
core16_3/evalB_3/DP_OP_54J27_123_7613    216.3420     0.0    216.3420     0.0000 0.0000  Eval_33_1_DP_OP_54J27_123_7613_J27_0_33
core16_3/evalB_3/DP_OP_55J27_124_8730    204.2460     0.0    204.2460     0.0000 0.0000  Eval_33_1_DP_OP_55J27_124_8730_J27_0_33
core16_3/interp                     9338.4899      1.3       0.7560   1001.9520  0.0000  Interpolation_7_3
core16_3/interp/interp              8335.7819      1.1       0.2520      0.0000  0.0000  InterpolationComb_7_3
core16_3/interp/interp/DP_OP_421J11_122_4903   8335.5299     1.1   8335.5299     0.0000 0.0000 InterpolationComb_7_1_DP_OP_421J11_122_4903_J11_0_2
core16_4                           97080.3528     13.4       2.0160   1897.0560  0.0000  core16_2
core16_4/core4_0                   10782.8279      1.5       1.0080    518.1120  0.0000  core4_20
core16_4/core4_0/evalA               834.8760      0.1      25.4520      0.0000  0.0000  Eval_32_20
core16_4/core4_0/evalA/DP_OP_54J16_122_2576    216.0900     0.0    216.0900     0.0000 0.0000 Eval_32_2_DP_OP_54J16_122_2576_J16_0_2
core16_4/core4_0/evalA/DP_OP_55J16_123_96    294.0840     0.0    294.0840     0.0000 0.0000 Eval_32_2_DP_OP_55J16_123_96_J16_0_2
core16_4/core4_0/evalA/DP_OP_56J16_124_6698    299.2500     0.0    299.2500     0.0000 0.0000 Eval_32_2_DP_OP_56J16_124_6698_J16_0_2
core16_4/core4_0/evalB               452.8440      0.1      14.3640      0.0000  0.0000  Eval_33_20
core16_4/core4_0/evalB/DP_OP_54J25_125_8205    118.4400     0.0    118.4400     0.0000 0.0000 Eval_33_2_DP_OP_54J25_125_8205_J25_0_2
core16_4/core4_0/evalB/DP_OP_55J25_126_776    156.9960     0.0    156.9960     0.0000 0.0000 Eval_33_2_DP_OP_55J25_126_776_J25_0_2
core16_4/core4_0/evalB/DP_OP_56J25_127_8061    163.0440     0.0    163.0440     0.0000 0.0000 Eval_33_2_DP_OP_56J25_127_8061_J25_0_2
core16_4/core4_0/interp             2612.6100      0.4       0.7560    268.1280  0.0000  Interpolation_21
core16_4/core4_0/interp/interp      2343.7260      0.3       0.2520      0.0000  0.0000  InterpolationComb_21
core16_4/core4_0/interp/interp/DP_OP_106J22_122_4023   2343.4740     0.3   2343.4740     0.0000 0.0000 InterpolationComb_0_DP_OP_106J22_122_4023_J22_0_8
core16_4/core4_0/mult_x_1            778.8060      0.1     778.8060      0.0000  0.0000  core4_14_DW_mult_uns_J20_3_1
core16_4/core4_0/mult_x_2            944.1180      0.1     944.1180      0.0000  0.0000  core4_14_DW_mult_uns_J20_2_1
core16_4/core4_0/mult_x_3            886.1580      0.1     886.1580      0.0000  0.0000  core4_14_DW_mult_tc_J20_2_1
core16_4/core4_0/mult_x_4            974.7360      0.1     974.7360      0.0000  0.0000  core4_14_DW_mult_tc_J20_1_1
core16_4/core4_0/mult_x_5            969.6960      0.1     969.6960      0.0000  0.0000  core4_14_DW_mult_uns_J20_1_1
core16_4/core4_0/mult_x_6           1031.0580      0.1    1031.0580      0.0000  0.0000  core4_14_DW_mult_tc_J20_0_1
core16_4/core4_0/mult_x_7            778.8060      0.1     778.8060      0.0000  0.0000  core4_14_DW_mult_uns_J20_0_1
core16_4/core4_1                   11782.2599      1.6       1.0080    517.8600  0.0000  core4_19
core16_4/core4_1/evalA               880.1100      0.1      28.4760      0.0000  0.0000  Eval_32_19
core16_4/core4_1/evalA/DP_OP_53J22_123_3533    222.6420     0.0    222.6420     0.0000 0.0000 Eval_32_1_DP_OP_53J22_123_3533_J22_0_14
core16_4/core4_1/evalA/DP_OP_54J22_124_9398    321.1740     0.0    321.1740     0.0000 0.0000 Eval_32_1_DP_OP_54J22_124_9398_J22_0_14
core16_4/core4_1/evalA/DP_OP_55J22_125_9832    307.8180     0.0    307.8180     0.0000 0.0000 Eval_32_1_DP_OP_55J22_125_9832_J22_0_14
core16_4/core4_1/evalB               553.0140      0.1      18.2700      0.0000  0.0000  Eval_33_19
core16_4/core4_1/evalB/DP_OP_54J25_122_242    139.9860     0.0    139.9860     0.0000 0.0000 Eval_33_19_DP_OP_54J25_122_242_J25_0_0
core16_4/core4_1/evalB/DP_OP_55J25_123_4499    199.2060     0.0    199.2060     0.0000 0.0000 Eval_33_19_DP_OP_55J25_123_4499_J25_0_0
core16_4/core4_1/evalB/DP_OP_56J25_124_4860    195.5520     0.0    195.5520     0.0000 0.0000 Eval_33_19_DP_OP_56J25_124_4860_J25_0_0
core16_4/core4_1/interp             2613.4920      0.4       0.7560    268.1280  0.0000  Interpolation_20
core16_4/core4_1/interp/interp      2344.6080      0.3       0.2520      0.0000  0.0000  InterpolationComb_20
core16_4/core4_1/interp/interp/DP_OP_106J22_122_4023   2344.3560     0.3   2344.3560     0.0000 0.0000 InterpolationComb_0_DP_OP_106J22_122_4023_J22_0_7
core16_4/core4_1/mult_x_1            942.7320      0.1     942.7320      0.0000  0.0000  core4_19_DW_mult_uns_J27_1
core16_4/core4_1/mult_x_2           1084.9860      0.1    1084.9860      0.0000  0.0000  core4_19_DW_mult_tc_J27_4
core16_4/core4_1/mult_x_3           1061.8020      0.1    1061.8020      0.0000  0.0000  core4_19_DW_mult_tc_J27_3
core16_4/core4_1/mult_x_4           1060.6680      0.1    1060.6680      0.0000  0.0000  core4_19_DW_mult_tc_J27_2
core16_4/core4_1/mult_x_5           1062.8100      0.1    1062.8100      0.0000  0.0000  core4_19_DW_mult_tc_J27_1
core16_4/core4_1/mult_x_6           1060.4160      0.1    1060.4160      0.0000  0.0000  core4_19_DW_mult_tc_J27_0
core16_4/core4_1/mult_x_7            943.3620      0.1     943.3620      0.0000  0.0000  core4_19_DW_mult_uns_J27_0
core16_4/core4_2                   11533.2839      1.6       1.0080    517.8600  0.0000  core4_18
core16_4/core4_2/evalA               867.0060      0.1      26.9640      0.0000  0.0000  Eval_32_18
core16_4/core4_2/evalA/DP_OP_53J22_123_3533    223.9020     0.0    223.9020     0.0000 0.0000 Eval_32_1_DP_OP_53J22_123_3533_J22_0_13
core16_4/core4_2/evalA/DP_OP_54J22_124_9398    310.9680     0.0    310.9680     0.0000 0.0000 Eval_32_1_DP_OP_54J22_124_9398_J22_0_13
core16_4/core4_2/evalA/DP_OP_55J22_125_9832    305.1720     0.0    305.1720     0.0000 0.0000 Eval_32_1_DP_OP_55J22_125_9832_J22_0_13
core16_4/core4_2/evalB               491.4000      0.1      16.1280      0.0000  0.0000  Eval_33_18
core16_4/core4_2/evalB/DP_OP_53J27_122_5226    124.9920     0.0    124.9920     0.0000 0.0000 Eval_33_1_DP_OP_53J27_122_5226_J27_0_12
core16_4/core4_2/evalB/DP_OP_54J27_123_7613    172.7460     0.0    172.7460     0.0000 0.0000 Eval_33_1_DP_OP_54J27_123_7613_J27_0_12
core16_4/core4_2/evalB/DP_OP_55J27_124_8730    177.5340     0.0    177.5340     0.0000 0.0000 Eval_33_1_DP_OP_55J27_124_8730_J27_0_12
core16_4/core4_2/interp             2712.4020      0.4       0.7560    276.1920  0.0000  Interpolation_19
core16_4/core4_2/interp/interp      2435.4540      0.3       0.2520      0.0000  0.0000  InterpolationComb_19
core16_4/core4_2/interp/interp/DP_OP_106J21_122_4688   2435.2020     0.3   2435.2020     0.0000 0.0000 InterpolationComb_1_DP_OP_106J21_122_4688_J21_0_11
core16_4/core4_2/mult_x_1            958.9860      0.1     958.9860      0.0000  0.0000  core4_1_DW_mult_tc_J24_6_9
core16_4/core4_2/mult_x_2           1037.6100      0.1    1037.6100      0.0000  0.0000  core4_1_DW_mult_tc_J24_5_9
core16_4/core4_2/mult_x_3            965.2860      0.1     965.2860      0.0000  0.0000  core4_1_DW_mult_tc_J24_4_9
core16_4/core4_2/mult_x_4            991.6200      0.1     991.6200      0.0000  0.0000  core4_1_DW_mult_tc_J24_3_9
core16_4/core4_2/mult_x_5            990.3600      0.1     990.3600      0.0000  0.0000  core4_1_DW_mult_tc_J24_2_9
core16_4/core4_2/mult_x_6           1040.7600      0.1    1040.7600      0.0000  0.0000  core4_1_DW_mult_tc_J24_1_9
core16_4/core4_2/mult_x_7            958.9860      0.1     958.9860      0.0000  0.0000  core4_1_DW_mult_tc_J24_0_9
core16_4/core4_3                   11950.2178      1.6       0.7560    517.6080  0.0000  core4_17
core16_4/core4_3/evalA               879.8580      0.1      28.2240      0.0000  0.0000  Eval_32_17
core16_4/core4_3/evalA/DP_OP_53J22_123_3533    222.6420     0.0    222.6420     0.0000 0.0000 Eval_32_1_DP_OP_53J22_123_3533_J22_0_12
core16_4/core4_3/evalA/DP_OP_54J22_124_9398    321.1740     0.0    321.1740     0.0000 0.0000 Eval_32_1_DP_OP_54J22_124_9398_J22_0_12
core16_4/core4_3/evalA/DP_OP_55J22_125_9832    307.8180     0.0    307.8180     0.0000 0.0000 Eval_32_1_DP_OP_55J22_125_9832_J22_0_12
core16_4/core4_3/evalB               585.9000      0.1      20.6640      0.0000  0.0000  Eval_33_17
core16_4/core4_3/evalB/DP_OP_53J27_122_5226    145.5300     0.0    145.5300     0.0000 0.0000 Eval_33_1_DP_OP_53J27_122_5226_J27_0_11
core16_4/core4_3/evalB/DP_OP_54J27_123_7613    215.3340     0.0    215.3340     0.0000 0.0000 Eval_33_1_DP_OP_54J27_123_7613_J27_0_11
core16_4/core4_3/evalB/DP_OP_55J27_124_8730    204.3720     0.0    204.3720     0.0000 0.0000 Eval_33_1_DP_OP_55J27_124_8730_J27_0_11
core16_4/core4_3/interp             2712.4020      0.4       0.7560    276.1920  0.0000  Interpolation_18
core16_4/core4_3/interp/interp      2435.4540      0.3       0.2520      0.0000  0.0000  InterpolationComb_18
core16_4/core4_3/interp/interp/DP_OP_106J21_122_4688   2435.2020     0.3   2435.2020     0.0000 0.0000 InterpolationComb_1_DP_OP_106J21_122_4688_J21_0_10
core16_4/core4_3/mult_x_1            967.5540      0.1     967.5540      0.0000  0.0000  core4_1_DW_mult_tc_J24_6_8
core16_4/core4_3/mult_x_2           1084.9860      0.1    1084.9860      0.0000  0.0000  core4_1_DW_mult_tc_J24_5_8
core16_4/core4_3/mult_x_3           1059.6600      0.1    1059.6600      0.0000  0.0000  core4_1_DW_mult_tc_J24_4_8
core16_4/core4_3/mult_x_4           1058.4000      0.1    1058.4000      0.0000  0.0000  core4_1_DW_mult_tc_J24_3_8
core16_4/core4_3/mult_x_5           1058.0220      0.1    1058.0220      0.0000  0.0000  core4_1_DW_mult_tc_J24_2_8
core16_4/core4_3/mult_x_6           1057.5180      0.1    1057.5180      0.0000  0.0000  core4_1_DW_mult_tc_J24_1_8
core16_4/core4_3/mult_x_7            967.5540      0.1     967.5540      0.0000  0.0000  core4_1_DW_mult_tc_J24_0_8
core16_4/core4_4                   11804.6878      1.6       1.0080    517.6080  0.0000  core4_16
core16_4/core4_4/evalA               880.2360      0.1      28.6020      0.0000  0.0000  Eval_32_16
core16_4/core4_4/evalA/DP_OP_53J22_123_3533    222.6420     0.0    222.6420     0.0000 0.0000 Eval_32_1_DP_OP_53J22_123_3533_J22_0_11
core16_4/core4_4/evalA/DP_OP_54J22_124_9398    321.1740     0.0    321.1740     0.0000 0.0000 Eval_32_1_DP_OP_54J22_124_9398_J22_0_11
core16_4/core4_4/evalA/DP_OP_55J22_125_9832    307.8180     0.0    307.8180     0.0000 0.0000 Eval_32_1_DP_OP_55J22_125_9832_J22_0_11
core16_4/core4_4/evalB               558.9360      0.1      18.1440      0.0000  0.0000  Eval_33_16
core16_4/core4_4/evalB/DP_OP_54J23_122_3607    141.3720     0.0    141.3720     0.0000 0.0000 Eval_33_16_DP_OP_54J23_122_3607_J23_0
core16_4/core4_4/evalB/DP_OP_55J23_123_8883    198.7020     0.0    198.7020     0.0000 0.0000 Eval_33_16_DP_OP_55J23_123_8883_J23_0
core16_4/core4_4/evalB/DP_OP_56J23_124_5831    200.7180     0.0    200.7180     0.0000 0.0000 Eval_33_16_DP_OP_56J23_124_5831_J23_0
core16_4/core4_4/interp             2712.4020      0.4       0.7560    276.1920  0.0000  Interpolation_17
core16_4/core4_4/interp/interp      2435.4540      0.3       0.2520      0.0000  0.0000  InterpolationComb_17
core16_4/core4_4/interp/interp/DP_OP_106J21_122_4688   2435.2020     0.3   2435.2020     0.0000 0.0000 InterpolationComb_1_DP_OP_106J21_122_4688_J21_0_9
core16_4/core4_4/mult_x_1            934.7940      0.1     934.7940      0.0000  0.0000  core4_16_DW_mult_uns_J19_1
core16_4/core4_4/mult_x_2           1084.8600      0.1    1084.8600      0.0000  0.0000  core4_16_DW_mult_tc_J19_4
core16_4/core4_4/mult_x_3           1036.2240      0.1    1036.2240      0.0000  0.0000  core4_16_DW_mult_tc_J19_3
core16_4/core4_4/mult_x_4           1020.7260      0.1    1020.7260      0.0000  0.0000  core4_16_DW_mult_tc_J19_2
core16_4/core4_4/mult_x_5           1060.9200      0.1    1060.9200      0.0000  0.0000  core4_16_DW_mult_tc_J19_1
core16_4/core4_4/mult_x_6           1059.4080      0.1    1059.4080      0.0000  0.0000  core4_16_DW_mult_tc_J19_0
core16_4/core4_4/mult_x_7            937.5660      0.1     937.5660      0.0000  0.0000  core4_16_DW_mult_uns_J19_0
core16_4/core4_5                   12062.7358      1.7       0.7560    517.7340  0.0000  core4_15
core16_4/core4_5/evalA               880.1100      0.1      28.4760      0.0000  0.0000  Eval_32_15
core16_4/core4_5/evalA/DP_OP_53J22_123_3533    222.6420     0.0    222.6420     0.0000 0.0000 Eval_32_1_DP_OP_53J22_123_3533_J22_0_10
core16_4/core4_5/evalA/DP_OP_54J22_124_9398    321.1740     0.0    321.1740     0.0000 0.0000 Eval_32_1_DP_OP_54J22_124_9398_J22_0_10
core16_4/core4_5/evalA/DP_OP_55J22_125_9832    307.8180     0.0    307.8180     0.0000 0.0000 Eval_32_1_DP_OP_55J22_125_9832_J22_0_10
core16_4/core4_5/evalB               586.1520      0.1      20.9160      0.0000  0.0000  Eval_33_15
core16_4/core4_5/evalB/DP_OP_53J27_122_5226    145.5300     0.0    145.5300     0.0000 0.0000 Eval_33_1_DP_OP_53J27_122_5226_J27_0_10
core16_4/core4_5/evalB/DP_OP_54J27_123_7613    216.2160     0.0    216.2160     0.0000 0.0000 Eval_33_1_DP_OP_54J27_123_7613_J27_0_10
core16_4/core4_5/evalB/DP_OP_55J27_124_8730    203.4900     0.0    203.4900     0.0000 0.0000 Eval_33_1_DP_OP_55J27_124_8730_J27_0_10
core16_4/core4_5/interp             2712.9060      0.4       0.7560    276.1920  0.0000  Interpolation_16
core16_4/core4_5/interp/interp      2435.9580      0.3       0.2520      0.0000  0.0000  InterpolationComb_16
core16_4/core4_5/interp/interp/DP_OP_106J21_122_4688   2435.7060     0.3   2435.7060     0.0000 0.0000 InterpolationComb_1_DP_OP_106J21_122_4688_J21_0_8
core16_4/core4_5/mult_x_1           1016.8200      0.1    1016.8200      0.0000  0.0000  core4_1_DW_mult_tc_J24_6_7
core16_4/core4_5/mult_x_2           1084.8600      0.1    1084.8600      0.0000  0.0000  core4_1_DW_mult_tc_J24_5_7
core16_4/core4_5/mult_x_3           1068.3540      0.1    1068.3540      0.0000  0.0000  core4_1_DW_mult_tc_J24_4_7
core16_4/core4_5/mult_x_4           1061.2980      0.1    1061.2980      0.0000  0.0000  core4_1_DW_mult_tc_J24_3_7
core16_4/core4_5/mult_x_5           1058.0220      0.1    1058.0220      0.0000  0.0000  core4_1_DW_mult_tc_J24_2_7
core16_4/core4_5/mult_x_6           1058.9040      0.1    1058.9040      0.0000  0.0000  core4_1_DW_mult_tc_J24_1_7
core16_4/core4_5/mult_x_7           1016.8200      0.1    1016.8200      0.0000  0.0000  core4_1_DW_mult_tc_J24_0_7
core16_4/core4_6                   10782.8279      1.5       1.0080    518.1120  0.0000  core4_14
core16_4/core4_6/evalA               834.8760      0.1      25.4520      0.0000  0.0000  Eval_32_14
core16_4/core4_6/evalA/DP_OP_54J16_122_2576    216.0900     0.0    216.0900     0.0000 0.0000 Eval_32_2_DP_OP_54J16_122_2576_J16_0_1
core16_4/core4_6/evalA/DP_OP_55J16_123_96    294.0840     0.0    294.0840     0.0000 0.0000 Eval_32_2_DP_OP_55J16_123_96_J16_0_1
core16_4/core4_6/evalA/DP_OP_56J16_124_6698    299.2500     0.0    299.2500     0.0000 0.0000 Eval_32_2_DP_OP_56J16_124_6698_J16_0_1
core16_4/core4_6/evalB               452.3400      0.1      14.3640      0.0000  0.0000  Eval_33_14
core16_4/core4_6/evalB/DP_OP_54J25_125_8205    118.4400     0.0    118.4400     0.0000 0.0000 Eval_33_2_DP_OP_54J25_125_8205_J25_0_1
core16_4/core4_6/evalB/DP_OP_55J25_126_776    155.9880     0.0    155.9880     0.0000 0.0000 Eval_33_2_DP_OP_55J25_126_776_J25_0_1
core16_4/core4_6/evalB/DP_OP_56J25_127_8061    163.5480     0.0    163.5480     0.0000 0.0000 Eval_33_2_DP_OP_56J25_127_8061_J25_0_1
core16_4/core4_6/interp             2613.9960      0.4       0.7560    268.1280  0.0000  Interpolation_15
core16_4/core4_6/interp/interp      2345.1120      0.3       0.2520      0.0000  0.0000  InterpolationComb_15
core16_4/core4_6/interp/interp/DP_OP_106J22_122_4023   2344.8600     0.3   2344.8600     0.0000 0.0000 InterpolationComb_0_DP_OP_106J22_122_4023_J22_0_6
core16_4/core4_6/mult_x_1            778.8060      0.1     778.8060      0.0000  0.0000  core4_14_DW_mult_uns_J20_3_0
core16_4/core4_6/mult_x_2            944.7480      0.1     944.7480      0.0000  0.0000  core4_14_DW_mult_uns_J20_2_0
core16_4/core4_6/mult_x_3            885.9060      0.1     885.9060      0.0000  0.0000  core4_14_DW_mult_tc_J20_2_0
core16_4/core4_6/mult_x_4            974.8620      0.1     974.8620      0.0000  0.0000  core4_14_DW_mult_tc_J20_1_0
core16_4/core4_6/mult_x_5            967.8060      0.1     967.8060      0.0000  0.0000  core4_14_DW_mult_uns_J20_1_0
core16_4/core4_6/mult_x_6           1031.5620      0.1    1031.5620      0.0000  0.0000  core4_14_DW_mult_tc_J20_0_0
core16_4/core4_6/mult_x_7            778.8060      0.1     778.8060      0.0000  0.0000  core4_14_DW_mult_uns_J20_0_0
core16_4/evalA                       834.8760      0.1      25.4520      0.0000  0.0000  Eval_32_60
core16_4/evalA/DP_OP_54J17_122_4700    216.0900     0.0    216.0900      0.0000  0.0000  Eval_32_57_DP_OP_54J17_122_4700_J17_0_3
core16_4/evalA/DP_OP_55J17_123_7798    294.0840     0.0    294.0840      0.0000  0.0000  Eval_32_57_DP_OP_55J17_123_7798_J17_0_3
core16_4/evalA/DP_OP_56J17_124_7165    299.2500     0.0    299.2500      0.0000  0.0000  Eval_32_57_DP_OP_56J17_124_7165_J17_0_3
core16_4/evalA_1                     834.8760      0.1      25.4520      0.0000  0.0000  Eval_32_59
core16_4/evalA_1/DP_OP_54J17_122_4700    216.0900     0.0    216.0900     0.0000 0.0000  Eval_32_57_DP_OP_54J17_122_4700_J17_0_2
core16_4/evalA_1/DP_OP_55J17_123_7798    294.0840     0.0    294.0840     0.0000 0.0000  Eval_32_57_DP_OP_55J17_123_7798_J17_0_2
core16_4/evalA_1/DP_OP_56J17_124_7165    299.2500     0.0    299.2500     0.0000 0.0000  Eval_32_57_DP_OP_56J17_124_7165_J17_0_2
core16_4/evalA_2                     834.8760      0.1      25.4520      0.0000  0.0000  Eval_32_58
core16_4/evalA_2/DP_OP_54J17_122_4700    216.0900     0.0    216.0900     0.0000 0.0000  Eval_32_57_DP_OP_54J17_122_4700_J17_0_1
core16_4/evalA_2/DP_OP_55J17_123_7798    294.0840     0.0    294.0840     0.0000 0.0000  Eval_32_57_DP_OP_55J17_123_7798_J17_0_1
core16_4/evalA_2/DP_OP_56J17_124_7165    299.2500     0.0    299.2500     0.0000 0.0000  Eval_32_57_DP_OP_56J17_124_7165_J17_0_1
core16_4/evalA_3                     834.8760      0.1      25.4520      0.0000  0.0000  Eval_32_57
core16_4/evalA_3/DP_OP_54J17_122_4700    216.0900     0.0    216.0900     0.0000 0.0000  Eval_32_57_DP_OP_54J17_122_4700_J17_0_0
core16_4/evalA_3/DP_OP_55J17_123_7798    294.0840     0.0    294.0840     0.0000 0.0000  Eval_32_57_DP_OP_55J17_123_7798_J17_0_0
core16_4/evalA_3/DP_OP_56J17_124_7165    299.2500     0.0    299.2500     0.0000 0.0000  Eval_32_57_DP_OP_56J17_124_7165_J17_0_0
core16_4/evalB                       447.9300      0.1      14.3640      0.0000  0.0000  Eval_33_60
core16_4/evalB/DP_OP_54J26_125_5299    115.9200     0.0    115.9200      0.0000  0.0000  Eval_33_57_DP_OP_54J26_125_5299_J26_0_3
core16_4/evalB/DP_OP_55J26_126_7839    155.4840     0.0    155.4840      0.0000  0.0000  Eval_33_57_DP_OP_55J26_126_7839_J26_0_3
core16_4/evalB/DP_OP_56J26_127_5157    162.1620     0.0    162.1620      0.0000  0.0000  Eval_33_57_DP_OP_56J26_127_5157_J26_0_3
core16_4/evalB_1                     448.9380      0.1      13.4820      0.0000  0.0000  Eval_33_59
core16_4/evalB_1/DP_OP_54J26_125_5299    117.1800     0.0    117.1800     0.0000 0.0000  Eval_33_57_DP_OP_54J26_125_5299_J26_0_2
core16_4/evalB_1/DP_OP_55J26_126_7839    156.6180     0.0    156.6180     0.0000 0.0000  Eval_33_57_DP_OP_55J26_126_7839_J26_0_2
core16_4/evalB_1/DP_OP_56J26_127_5157    161.6580     0.0    161.6580     0.0000 0.0000  Eval_33_57_DP_OP_56J26_127_5157_J26_0_2
core16_4/evalB_2                     453.7260      0.1      13.6080      0.0000  0.0000  Eval_33_58
core16_4/evalB_2/DP_OP_54J26_125_5299    115.2900     0.0    115.2900     0.0000 0.0000  Eval_33_57_DP_OP_54J26_125_5299_J26_0_1
core16_4/evalB_2/DP_OP_55J26_126_7839    159.2640     0.0    159.2640     0.0000 0.0000  Eval_33_57_DP_OP_55J26_126_7839_J26_0_1
core16_4/evalB_2/DP_OP_56J26_127_5157    165.5640     0.0    165.5640     0.0000 0.0000  Eval_33_57_DP_OP_56J26_127_5157_J26_0_1
core16_4/evalB_3                     451.8360      0.1      14.6160      0.0000  0.0000  Eval_33_57
core16_4/evalB_3/DP_OP_54J26_125_5299    117.9360     0.0    117.9360     0.0000 0.0000  Eval_33_57_DP_OP_54J26_125_5299_J26_0_0
core16_4/evalB_3/DP_OP_55J26_126_7839    154.4760     0.0    154.4760     0.0000 0.0000  Eval_33_57_DP_OP_55J26_126_7839_J26_0_0
core16_4/evalB_3/DP_OP_56J26_127_5157    164.8080     0.0    164.8080     0.0000 0.0000  Eval_33_57_DP_OP_56J26_127_5157_J26_0_0
core16_4/interp                     9340.5059      1.3       0.7560   1001.9520  0.0000  Interpolation_7_2
core16_4/interp/interp              8337.7979      1.1       0.2520      0.0000  0.0000  InterpolationComb_7_2
core16_4/interp/interp/DP_OP_421J11_122_4903   8337.5459     1.1   8337.5459     0.0000 0.0000 InterpolationComb_7_1_DP_OP_421J11_122_4903_J11_0_1
core16_5                          101483.2967     14.0       2.0160   1897.0560  0.0000  core16_1
core16_5/core4_0                   11765.2499      1.6       0.7560    518.1120  0.0000  core4_13
core16_5/core4_0/evalA               880.3620      0.1      28.7280      0.0000  0.0000  Eval_32_13
core16_5/core4_0/evalA/DP_OP_53J22_123_3533    222.6420     0.0    222.6420     0.0000 0.0000 Eval_32_1_DP_OP_53J22_123_3533_J22_0_9
core16_5/core4_0/evalA/DP_OP_54J22_124_9398    321.1740     0.0    321.1740     0.0000 0.0000 Eval_32_1_DP_OP_54J22_124_9398_J22_0_9
core16_5/core4_0/evalA/DP_OP_55J22_125_9832    307.8180     0.0    307.8180     0.0000 0.0000 Eval_32_1_DP_OP_55J22_125_9832_J22_0_9
core16_5/core4_0/evalB               586.1520      0.1      20.9160      0.0000  0.0000  Eval_33_13
core16_5/core4_0/evalB/DP_OP_53J27_122_5226    145.5300     0.0    145.5300     0.0000 0.0000 Eval_33_1_DP_OP_53J27_122_5226_J27_0_9
core16_5/core4_0/evalB/DP_OP_54J27_123_7613    216.8460     0.0    216.8460     0.0000 0.0000 Eval_33_1_DP_OP_54J27_123_7613_J27_0_9
core16_5/core4_0/evalB/DP_OP_55J27_124_8730    202.8600     0.0    202.8600     0.0000 0.0000 Eval_33_1_DP_OP_55J27_124_8730_J27_0_9
core16_5/core4_0/interp             2613.4920      0.4       0.7560    268.1280  0.0000  Interpolation_14
core16_5/core4_0/interp/interp      2344.6080      0.3       0.2520      0.0000  0.0000  InterpolationComb_14
core16_5/core4_0/interp/interp/DP_OP_106J22_122_4023   2344.3560     0.3   2344.3560     0.0000 0.0000 InterpolationComb_0_DP_OP_106J22_122_4023_J22_0_5
core16_5/core4_0/mult_x_1            920.6820      0.1     920.6820      0.0000  0.0000  core4_7_DW_mult_tc_J23_6_2
core16_5/core4_0/mult_x_2           1084.9860      0.1    1084.9860      0.0000  0.0000  core4_7_DW_mult_tc_J23_5_2
core16_5/core4_0/mult_x_3           1060.2900      0.1    1060.2900      0.0000  0.0000  core4_7_DW_mult_tc_J23_4_2
core16_5/core4_0/mult_x_4           1060.9200      0.1    1060.9200      0.0000  0.0000  core4_7_DW_mult_tc_J23_3_2
core16_5/core4_0/mult_x_5           1057.7700      0.1    1057.7700      0.0000  0.0000  core4_7_DW_mult_tc_J23_2_2
core16_5/core4_0/mult_x_6           1061.0460      0.1    1061.0460      0.0000  0.0000  core4_7_DW_mult_tc_J23_1_2
core16_5/core4_0/mult_x_7            920.6820      0.1     920.6820      0.0000  0.0000  core4_7_DW_mult_tc_J23_0_2
core16_5/core4_1                   12093.7318      1.7       0.7560    517.7340  0.0000  core4_12
core16_5/core4_1/evalA               880.1100      0.1      28.4760      0.0000  0.0000  Eval_32_12
core16_5/core4_1/evalA/DP_OP_53J22_123_3533    222.6420     0.0    222.6420     0.0000 0.0000 Eval_32_1_DP_OP_53J22_123_3533_J22_0_8
core16_5/core4_1/evalA/DP_OP_54J22_124_9398    321.1740     0.0    321.1740     0.0000 0.0000 Eval_32_1_DP_OP_54J22_124_9398_J22_0_8
core16_5/core4_1/evalA/DP_OP_55J22_125_9832    307.8180     0.0    307.8180     0.0000 0.0000 Eval_32_1_DP_OP_55J22_125_9832_J22_0_8
core16_5/core4_1/evalB               584.7660      0.1      21.0420      0.0000  0.0000  Eval_33_12
core16_5/core4_1/evalB/DP_OP_53J27_122_5226    145.5300     0.0    145.5300     0.0000 0.0000 Eval_33_1_DP_OP_53J27_122_5226_J27_0_8
core16_5/core4_1/evalB/DP_OP_54J27_123_7613    216.2160     0.0    216.2160     0.0000 0.0000 Eval_33_1_DP_OP_54J27_123_7613_J27_0_8
core16_5/core4_1/evalB/DP_OP_55J27_124_8730    201.9780     0.0    201.9780     0.0000 0.0000 Eval_33_1_DP_OP_55J27_124_8730_J27_0_8
core16_5/core4_1/interp             2613.6180      0.4       0.7560    268.1280  0.0000  Interpolation_13
core16_5/core4_1/interp/interp      2344.7340      0.3       0.2520      0.0000  0.0000  InterpolationComb_13
core16_5/core4_1/interp/interp/DP_OP_106J22_122_4023   2344.4820     0.3   2344.4820     0.0000 0.0000 InterpolationComb_0_DP_OP_106J22_122_4023_J22_0_4
core16_5/core4_1/mult_x_1           1084.8600      0.1    1084.8600      0.0000  0.0000  core4_7_DW_mult_tc_J23_6_1
core16_5/core4_1/mult_x_2           1084.9860      0.1    1084.9860      0.0000  0.0000  core4_7_DW_mult_tc_J23_5_1
core16_5/core4_1/mult_x_3           1057.8960      0.1    1057.8960      0.0000  0.0000  core4_7_DW_mult_tc_J23_4_1
core16_5/core4_1/mult_x_4           1065.8340      0.1    1065.8340      0.0000  0.0000  core4_7_DW_mult_tc_J23_3_1
core16_5/core4_1/mult_x_5           1058.7780      0.1    1058.7780      0.0000  0.0000  core4_7_DW_mult_tc_J23_2_1
core16_5/core4_1/mult_x_6           1059.5340      0.1    1059.5340      0.0000  0.0000  core4_7_DW_mult_tc_J23_1_1
core16_5/core4_1/mult_x_7           1084.8600      0.1    1084.8600      0.0000  0.0000  core4_7_DW_mult_tc_J23_0_1
core16_5/core4_2                   12194.4058      1.7       0.7560    517.8600  0.0000  core4_11
core16_5/core4_2/evalA               880.1100      0.1      28.4760      0.0000  0.0000  Eval_32_11
core16_5/core4_2/evalA/DP_OP_53J22_123_3533    222.6420     0.0    222.6420     0.0000 0.0000 Eval_32_1_DP_OP_53J22_123_3533_J22_0_7
core16_5/core4_2/evalA/DP_OP_54J22_124_9398    321.1740     0.0    321.1740     0.0000 0.0000 Eval_32_1_DP_OP_54J22_124_9398_J22_0_7
core16_5/core4_2/evalA/DP_OP_55J22_125_9832    307.8180     0.0    307.8180     0.0000 0.0000 Eval_32_1_DP_OP_55J22_125_9832_J22_0_7
core16_5/core4_2/evalB               586.4040      0.1      20.9160      0.0000  0.0000  Eval_33_11
core16_5/core4_2/evalB/DP_OP_53J27_122_5226    145.5300     0.0    145.5300     0.0000 0.0000 Eval_33_1_DP_OP_53J27_122_5226_J27_0_7
core16_5/core4_2/evalB/DP_OP_54J27_123_7613    216.7200     0.0    216.7200     0.0000 0.0000 Eval_33_1_DP_OP_54J27_123_7613_J27_0_7
core16_5/core4_2/evalB/DP_OP_55J27_124_8730    203.2380     0.0    203.2380     0.0000 0.0000 Eval_33_1_DP_OP_55J27_124_8730_J27_0_7
core16_5/core4_2/interp             2712.4020      0.4       0.7560    276.1920  0.0000  Interpolation_12
core16_5/core4_2/interp/interp      2435.4540      0.3       0.2520      0.0000  0.0000  InterpolationComb_12
core16_5/core4_2/interp/interp/DP_OP_106J21_122_4688   2435.2020     0.3   2435.2020     0.0000 0.0000 InterpolationComb_1_DP_OP_106J21_122_4688_J21_0_7
core16_5/core4_2/mult_x_1           1084.8600      0.1    1084.8600      0.0000  0.0000  core4_1_DW_mult_tc_J24_6_6
core16_5/core4_2/mult_x_2           1085.6160      0.1    1085.6160      0.0000  0.0000  core4_1_DW_mult_tc_J24_5_6
core16_5/core4_2/mult_x_3           1059.5340      0.1    1059.5340      0.0000  0.0000  core4_1_DW_mult_tc_J24_4_6
core16_5/core4_2/mult_x_4           1063.3140      0.1    1063.3140      0.0000  0.0000  core4_1_DW_mult_tc_J24_3_6
core16_5/core4_2/mult_x_5           1058.5260      0.1    1058.5260      0.0000  0.0000  core4_1_DW_mult_tc_J24_2_6
core16_5/core4_2/mult_x_6           1060.1640      0.1    1060.1640      0.0000  0.0000  core4_1_DW_mult_tc_J24_1_6
core16_5/core4_2/mult_x_7           1084.8600      0.1    1084.8600      0.0000  0.0000  core4_1_DW_mult_tc_J24_0_6
core16_5/core4_3                   12188.9878      1.7       0.7560    517.7340  0.0000  core4_10
core16_5/core4_3/evalA               879.8580      0.1      28.2240      0.0000  0.0000  Eval_32_10
core16_5/core4_3/evalA/DP_OP_53J22_123_3533    222.6420     0.0    222.6420     0.0000 0.0000 Eval_32_1_DP_OP_53J22_123_3533_J22_0_6
core16_5/core4_3/evalA/DP_OP_54J22_124_9398    321.1740     0.0    321.1740     0.0000 0.0000 Eval_32_1_DP_OP_54J22_124_9398_J22_0_6
core16_5/core4_3/evalA/DP_OP_55J22_125_9832    307.8180     0.0    307.8180     0.0000 0.0000 Eval_32_1_DP_OP_55J22_125_9832_J22_0_6
core16_5/core4_3/evalB               586.7820      0.1      20.9160      0.0000  0.0000  Eval_33_10
core16_5/core4_3/evalB/DP_OP_53J27_122_5226    146.7900     0.0    146.7900     0.0000 0.0000 Eval_33_1_DP_OP_53J27_122_5226_J27_0_6
core16_5/core4_3/evalB/DP_OP_54J27_123_7613    216.2160     0.0    216.2160     0.0000 0.0000 Eval_33_1_DP_OP_54J27_123_7613_J27_0_6
core16_5/core4_3/evalB/DP_OP_55J27_124_8730    202.8600     0.0    202.8600     0.0000 0.0000 Eval_33_1_DP_OP_55J27_124_8730_J27_0_6
core16_5/core4_3/interp             2712.4020      0.4       0.7560    276.1920  0.0000  Interpolation_11
core16_5/core4_3/interp/interp      2435.4540      0.3       0.2520      0.0000  0.0000  InterpolationComb_11
core16_5/core4_3/interp/interp/DP_OP_106J21_122_4688   2435.2020     0.3   2435.2020     0.0000 0.0000 InterpolationComb_1_DP_OP_106J21_122_4688_J21_0_6
core16_5/core4_3/mult_x_1           1084.8600      0.1    1084.8600      0.0000  0.0000  core4_1_DW_mult_tc_J24_6_5
core16_5/core4_3/mult_x_2           1084.9860      0.1    1084.9860      0.0000  0.0000  core4_1_DW_mult_tc_J24_5_5
core16_5/core4_3/mult_x_3           1059.5340      0.1    1059.5340      0.0000  0.0000  core4_1_DW_mult_tc_J24_4_5
core16_5/core4_3/mult_x_4           1060.0380      0.1    1060.0380      0.0000  0.0000  core4_1_DW_mult_tc_J24_3_5
core16_5/core4_3/mult_x_5           1059.5340      0.1    1059.5340      0.0000  0.0000  core4_1_DW_mult_tc_J24_2_5
core16_5/core4_3/mult_x_6           1057.6440      0.1    1057.6440      0.0000  0.0000  core4_1_DW_mult_tc_J24_1_5
core16_5/core4_3/mult_x_7           1084.8600      0.1    1084.8600      0.0000  0.0000  core4_1_DW_mult_tc_J24_0_5
core16_5/core4_4                   12186.0898      1.7       0.7560    517.7340  0.0000  core4_9
core16_5/core4_4/evalA               880.1100      0.1      28.4760      0.0000  0.0000  Eval_32_9
core16_5/core4_4/evalA/DP_OP_53J22_123_3533    222.6420     0.0    222.6420     0.0000 0.0000 Eval_32_1_DP_OP_53J22_123_3533_J22_0_5
core16_5/core4_4/evalA/DP_OP_54J22_124_9398    321.1740     0.0    321.1740     0.0000 0.0000 Eval_32_1_DP_OP_54J22_124_9398_J22_0_5
core16_5/core4_4/evalA/DP_OP_55J22_125_9832    307.8180     0.0    307.8180     0.0000 0.0000 Eval_32_1_DP_OP_55J22_125_9832_J22_0_5
core16_5/core4_4/evalB               585.6480      0.1      20.9160      0.0000  0.0000  Eval_33_9
core16_5/core4_4/evalB/DP_OP_53J27_122_5226    145.5300     0.0    145.5300     0.0000 0.0000 Eval_33_1_DP_OP_53J27_122_5226_J27_0_5
core16_5/core4_4/evalB/DP_OP_54J27_123_7613    215.9640     0.0    215.9640     0.0000 0.0000 Eval_33_1_DP_OP_54J27_123_7613_J27_0_5
core16_5/core4_4/evalB/DP_OP_55J27_124_8730    203.2380     0.0    203.2380     0.0000 0.0000 Eval_33_1_DP_OP_55J27_124_8730_J27_0_5
core16_5/core4_4/interp             2712.4020      0.4       0.7560    276.1920  0.0000  Interpolation_10
core16_5/core4_4/interp/interp      2435.4540      0.3       0.2520      0.0000  0.0000  InterpolationComb_10
core16_5/core4_4/interp/interp/DP_OP_106J21_122_4688   2435.2020     0.3   2435.2020     0.0000 0.0000 InterpolationComb_1_DP_OP_106J21_122_4688_J21_0_5
core16_5/core4_4/mult_x_1           1084.8600      0.1    1084.8600      0.0000  0.0000  core4_1_DW_mult_tc_J24_6_4
core16_5/core4_4/mult_x_2           1084.8600      0.1    1084.8600      0.0000  0.0000  core4_1_DW_mult_tc_J24_5_4
core16_5/core4_4/mult_x_3           1058.1480      0.1    1058.1480      0.0000  0.0000  core4_1_DW_mult_tc_J24_4_4
core16_5/core4_4/mult_x_4           1057.3920      0.1    1057.3920      0.0000  0.0000  core4_1_DW_mult_tc_J24_3_4
core16_5/core4_4/mult_x_5           1058.6520      0.1    1058.6520      0.0000  0.0000  core4_1_DW_mult_tc_J24_2_4
core16_5/core4_4/mult_x_6           1060.6680      0.1    1060.6680      0.0000  0.0000  core4_1_DW_mult_tc_J24_1_4
core16_5/core4_4/mult_x_7           1084.8600      0.1    1084.8600      0.0000  0.0000  core4_1_DW_mult_tc_J24_0_4
core16_5/core4_5                   12183.6958      1.7       0.7560    517.6080  0.0000  core4_8
core16_5/core4_5/evalA               880.1100      0.1      28.4760      0.0000  0.0000  Eval_32_8
core16_5/core4_5/evalA/DP_OP_53J22_123_3533    222.6420     0.0    222.6420     0.0000 0.0000 Eval_32_1_DP_OP_53J22_123_3533_J22_0_4
core16_5/core4_5/evalA/DP_OP_54J22_124_9398    321.1740     0.0    321.1740     0.0000 0.0000 Eval_32_1_DP_OP_54J22_124_9398_J22_0_4
core16_5/core4_5/evalA/DP_OP_55J22_125_9832    307.8180     0.0    307.8180     0.0000 0.0000 Eval_32_1_DP_OP_55J22_125_9832_J22_0_4
core16_5/core4_5/evalB               584.8920      0.1      20.7900      0.0000  0.0000  Eval_33_8
core16_5/core4_5/evalB/DP_OP_53J27_122_5226    145.5300     0.0    145.5300     0.0000 0.0000 Eval_33_1_DP_OP_53J27_122_5226_J27_0_4
core16_5/core4_5/evalB/DP_OP_54J27_123_7613    215.3340     0.0    215.3340     0.0000 0.0000 Eval_33_1_DP_OP_54J27_123_7613_J27_0_4
core16_5/core4_5/evalB/DP_OP_55J27_124_8730    203.2380     0.0    203.2380     0.0000 0.0000 Eval_33_1_DP_OP_55J27_124_8730_J27_0_4
core16_5/core4_5/interp             2712.4020      0.4       0.7560    276.1920  0.0000  Interpolation_9
core16_5/core4_5/interp/interp      2435.4540      0.3       0.2520      0.0000  0.0000  InterpolationComb_9
core16_5/core4_5/interp/interp/DP_OP_106J21_122_4688   2435.2020     0.3   2435.2020     0.0000 0.0000 InterpolationComb_1_DP_OP_106J21_122_4688_J21_0_4
core16_5/core4_5/mult_x_1           1085.1120      0.1    1085.1120      0.0000  0.0000  core4_1_DW_mult_tc_J24_6_3
core16_5/core4_5/mult_x_2           1084.9860      0.1    1084.9860      0.0000  0.0000  core4_1_DW_mult_tc_J24_5_3
core16_5/core4_5/mult_x_3           1058.4000      0.1    1058.4000      0.0000  0.0000  core4_1_DW_mult_tc_J24_4_3
core16_5/core4_5/mult_x_4           1058.2740      0.1    1058.2740      0.0000  0.0000  core4_1_DW_mult_tc_J24_3_3
core16_5/core4_5/mult_x_5           1058.1480      0.1    1058.1480      0.0000  0.0000  core4_1_DW_mult_tc_J24_2_3
core16_5/core4_5/mult_x_6           1058.1480      0.1    1058.1480      0.0000  0.0000  core4_1_DW_mult_tc_J24_1_3
core16_5/core4_5/mult_x_7           1084.8600      0.1    1084.8600      0.0000  0.0000  core4_1_DW_mult_tc_J24_0_3
core16_5/core4_6                   11761.2179      1.6       0.7560    517.8600  0.0000  core4_7
core16_5/core4_6/evalA               880.3620      0.1      28.7280      0.0000  0.0000  Eval_32_7
core16_5/core4_6/evalA/DP_OP_53J22_123_3533    222.6420     0.0    222.6420     0.0000 0.0000 Eval_32_1_DP_OP_53J22_123_3533_J22_0_3
core16_5/core4_6/evalA/DP_OP_54J22_124_9398    321.1740     0.0    321.1740     0.0000 0.0000 Eval_32_1_DP_OP_54J22_124_9398_J22_0_3
core16_5/core4_6/evalA/DP_OP_55J22_125_9832    307.8180     0.0    307.8180     0.0000 0.0000 Eval_32_1_DP_OP_55J22_125_9832_J22_0_3
core16_5/core4_6/evalB               585.9000      0.1      20.9160      0.0000  0.0000  Eval_33_7
core16_5/core4_6/evalB/DP_OP_53J27_122_5226    145.5300     0.0    145.5300     0.0000 0.0000 Eval_33_1_DP_OP_53J27_122_5226_J27_0_3
core16_5/core4_6/evalB/DP_OP_54J27_123_7613    216.2160     0.0    216.2160     0.0000 0.0000 Eval_33_1_DP_OP_54J27_123_7613_J27_0_3
core16_5/core4_6/evalB/DP_OP_55J27_124_8730    203.2380     0.0    203.2380     0.0000 0.0000 Eval_33_1_DP_OP_55J27_124_8730_J27_0_3
core16_5/core4_6/interp             2612.6100      0.4       0.7560    268.1280  0.0000  Interpolation_8
core16_5/core4_6/interp/interp      2343.7260      0.3       0.2520      0.0000  0.0000  InterpolationComb_8
core16_5/core4_6/interp/interp/DP_OP_106J22_122_4023   2343.4740     0.3   2343.4740     0.0000 0.0000 InterpolationComb_0_DP_OP_106J22_122_4023_J22_0_3
core16_5/core4_6/mult_x_1            920.6820      0.1     920.6820      0.0000  0.0000  core4_7_DW_mult_tc_J23_6_0
core16_5/core4_6/mult_x_2           1084.8600      0.1    1084.8600      0.0000  0.0000  core4_7_DW_mult_tc_J23_5_0
core16_5/core4_6/mult_x_3           1059.1560      0.1    1059.1560      0.0000  0.0000  core4_7_DW_mult_tc_J23_4_0
core16_5/core4_6/mult_x_4           1060.4160      0.1    1060.4160      0.0000  0.0000  core4_7_DW_mult_tc_J23_3_0
core16_5/core4_6/mult_x_5           1058.1480      0.1    1058.1480      0.0000  0.0000  core4_7_DW_mult_tc_J23_2_0
core16_5/core4_6/mult_x_6           1059.7860      0.1    1059.7860      0.0000  0.0000  core4_7_DW_mult_tc_J23_1_0
core16_5/core4_6/mult_x_7            920.6820      0.1     920.6820      0.0000  0.0000  core4_7_DW_mult_tc_J23_0_0
core16_5/evalA                       880.1100      0.1      28.4760      0.0000  0.0000  Eval_32_56
core16_5/evalA/DP_OP_53J22_123_3533    222.6420     0.0    222.6420      0.0000  0.0000  Eval_32_1_DP_OP_53J22_123_3533_J22_0_36
core16_5/evalA/DP_OP_54J22_124_9398    321.1740     0.0    321.1740      0.0000  0.0000  Eval_32_1_DP_OP_54J22_124_9398_J22_0_36
core16_5/evalA/DP_OP_55J22_125_9832    307.8180     0.0    307.8180      0.0000  0.0000  Eval_32_1_DP_OP_55J22_125_9832_J22_0_36
core16_5/evalA_1                     880.3620      0.1      28.7280      0.0000  0.0000  Eval_32_55
core16_5/evalA_1/DP_OP_53J22_123_3533    222.6420     0.0    222.6420     0.0000 0.0000  Eval_32_1_DP_OP_53J22_123_3533_J22_0_35
core16_5/evalA_1/DP_OP_54J22_124_9398    321.1740     0.0    321.1740     0.0000 0.0000  Eval_32_1_DP_OP_54J22_124_9398_J22_0_35
core16_5/evalA_1/DP_OP_55J22_125_9832    307.8180     0.0    307.8180     0.0000 0.0000  Eval_32_1_DP_OP_55J22_125_9832_J22_0_35
core16_5/evalA_2                     880.3620      0.1      28.7280      0.0000  0.0000  Eval_32_54
core16_5/evalA_2/DP_OP_53J22_123_3533    222.6420     0.0    222.6420     0.0000 0.0000  Eval_32_1_DP_OP_53J22_123_3533_J22_0_34
core16_5/evalA_2/DP_OP_54J22_124_9398    321.1740     0.0    321.1740     0.0000 0.0000  Eval_32_1_DP_OP_54J22_124_9398_J22_0_34
core16_5/evalA_2/DP_OP_55J22_125_9832    307.8180     0.0    307.8180     0.0000 0.0000  Eval_32_1_DP_OP_55J22_125_9832_J22_0_34
core16_5/evalA_3                     880.1100      0.1      28.4760      0.0000  0.0000  Eval_32_53
core16_5/evalA_3/DP_OP_53J22_123_3533    222.6420     0.0    222.6420     0.0000 0.0000  Eval_32_1_DP_OP_53J22_123_3533_J22_0_33
core16_5/evalA_3/DP_OP_54J22_124_9398    321.1740     0.0    321.1740     0.0000 0.0000  Eval_32_1_DP_OP_54J22_124_9398_J22_0_33
core16_5/evalA_3/DP_OP_55J22_125_9832    307.8180     0.0    307.8180     0.0000 0.0000  Eval_32_1_DP_OP_55J22_125_9832_J22_0_33
core16_5/evalB                       584.8920      0.1      20.1600      0.0000  0.0000  Eval_33_56
core16_5/evalB/DP_OP_53J27_122_5226    147.4200     0.0    147.4200      0.0000  0.0000  Eval_33_1_DP_OP_53J27_122_5226_J27_0_32
core16_5/evalB/DP_OP_54J27_123_7613    215.3340     0.0    215.3340      0.0000  0.0000  Eval_33_1_DP_OP_54J27_123_7613_J27_0_32
core16_5/evalB/DP_OP_55J27_124_8730    201.9780     0.0    201.9780      0.0000  0.0000  Eval_33_1_DP_OP_55J27_124_8730_J27_0_32
core16_5/evalB_1                     589.8060      0.1      18.5220      0.0000  0.0000  Eval_33_55
core16_5/evalB_1/DP_OP_53J27_122_5226    148.6800     0.0    148.6800     0.0000 0.0000  Eval_33_1_DP_OP_53J27_122_5226_J27_0_31
core16_5/evalB_1/DP_OP_54J27_123_7613    219.7440     0.0    219.7440     0.0000 0.0000  Eval_33_1_DP_OP_54J27_123_7613_J27_0_31
core16_5/evalB_1/DP_OP_55J27_124_8730    202.8600     0.0    202.8600     0.0000 0.0000  Eval_33_1_DP_OP_55J27_124_8730_J27_0_31
core16_5/evalB_2                     592.3260      0.1      18.5220      0.0000  0.0000  Eval_33_54
core16_5/evalB_2/DP_OP_53J27_122_5226    147.4200     0.0    147.4200     0.0000 0.0000  Eval_33_1_DP_OP_53J27_122_5226_J27_0_30
core16_5/evalB_2/DP_OP_54J27_123_7613    217.2240     0.0    217.2240     0.0000 0.0000  Eval_33_1_DP_OP_54J27_123_7613_J27_0_30
core16_5/evalB_2/DP_OP_55J27_124_8730    209.1600     0.0    209.1600     0.0000 0.0000  Eval_33_1_DP_OP_55J27_124_8730_J27_0_30
core16_5/evalB_3                     584.8920      0.1      20.2860      0.0000  0.0000  Eval_33_53
core16_5/evalB_3/DP_OP_53J27_122_5226    145.5300     0.0    145.5300     0.0000 0.0000  Eval_33_1_DP_OP_53J27_122_5226_J27_0_29
core16_5/evalB_3/DP_OP_54J27_123_7613    216.7200     0.0    216.7200     0.0000 0.0000  Eval_33_1_DP_OP_54J27_123_7613_J27_0_29
core16_5/evalB_3/DP_OP_55J27_124_8730    202.3560     0.0    202.3560     0.0000 0.0000  Eval_33_1_DP_OP_55J27_124_8730_J27_0_29
core16_5/interp                     9337.9859      1.3       0.7560   1001.9520  0.0000  Interpolation_7_1
core16_5/interp/interp              8335.2779      1.1       0.2520      0.0000  0.0000  InterpolationComb_7_1
core16_5/interp/interp/DP_OP_421J11_122_4903   8335.0259     1.1   8335.0259     0.0000 0.0000 InterpolationComb_7_1_DP_OP_421J11_122_4903_J11_0_0
core16_6                           89678.7349     12.3       2.0160   1897.0560  0.0000  core16_0
core16_6/core4_0                    9474.1919      1.3       1.0080    518.1120  0.0000  core4_6
core16_6/core4_0/evalA               722.6100      0.1      26.9640      0.0000  0.0000  Eval_32_6
core16_6/core4_0/evalA/DP_OP_54J20_122_2391    185.9760     0.0    185.9760     0.0000 0.0000 Eval_32_0_DP_OP_54J20_122_2391_J20_0_1
core16_6/core4_0/evalA/DP_OP_55J20_123_3961    251.8740     0.0    251.8740     0.0000 0.0000 Eval_32_0_DP_OP_55J20_123_3961_J20_0_1
core16_6/core4_0/evalA/DP_OP_56J20_124_3269    257.7960     0.0    257.7960     0.0000 0.0000 Eval_32_0_DP_OP_56J20_124_3269_J20_0_1
core16_6/core4_0/evalB               324.9540      0.0      10.0800      0.0000  0.0000  Eval_33_6
core16_6/core4_0/evalB/DP_OP_54J22_129_8703     83.1600     0.0     83.1600     0.0000 0.0000 Eval_33_0_DP_OP_54J22_129_8703_J22_0_1
core16_6/core4_0/evalB/DP_OP_55J22_130_2176    112.8960     0.0    112.8960     0.0000 0.0000 Eval_33_0_DP_OP_55J22_130_2176_J22_0_1
core16_6/core4_0/evalB/DP_OP_56J22_131_6985    118.8180     0.0    118.8180     0.0000 0.0000 Eval_33_0_DP_OP_56J22_131_6985_J22_0_1
core16_6/core4_0/interp             2612.9880      0.4       0.7560    268.1280  0.0000  Interpolation_6
core16_6/core4_0/interp/interp      2344.1040      0.3       0.2520      0.0000  0.0000  InterpolationComb_6
core16_6/core4_0/interp/interp/DP_OP_106J22_122_4023   2343.8520     0.3   2343.8520     0.0000 0.0000 InterpolationComb_0_DP_OP_106J22_122_4023_J22_0_2
core16_6/core4_0/mult_x_1            602.6580      0.1     602.6580      0.0000  0.0000  core4_0_DW_mult_uns_J16_3_1
core16_6/core4_0/mult_x_2            840.0420      0.1     840.0420      0.0000  0.0000  core4_0_DW_mult_uns_J16_2_1
core16_6/core4_0/mult_x_3            681.9120      0.1     681.9120      0.0000  0.0000  core4_0_DW_mult_tc_J16_2_1
core16_6/core4_0/mult_x_4            839.1600      0.1     839.1600      0.0000  0.0000  core4_0_DW_mult_tc_J16_1_1
core16_6/core4_0/mult_x_5            809.2980      0.1     809.2980      0.0000  0.0000  core4_0_DW_mult_uns_J16_1_1
core16_6/core4_0/mult_x_6            918.7920      0.1     918.7920      0.0000  0.0000  core4_0_DW_mult_tc_J16_0_1
core16_6/core4_0/mult_x_7            602.6580      0.1     602.6580      0.0000  0.0000  core4_0_DW_mult_uns_J16_0_1
core16_6/core4_1                   10970.5679      1.5       1.0080    518.1120  0.0000  core4_5
core16_6/core4_1/evalA               833.3640      0.1      25.4520      0.0000  0.0000  Eval_32_5
core16_6/core4_1/evalA/DP_OP_54J21_126_5395    215.5860     0.0    215.5860     0.0000 0.0000 Eval_32_5_DP_OP_54J21_126_5395_J21_0_0
core16_6/core4_1/evalA/DP_OP_55J21_127_4610    296.6040     0.0    296.6040     0.0000 0.0000 Eval_32_5_DP_OP_55J21_127_4610_J21_0_0
core16_6/core4_1/evalA/DP_OP_56J21_128_7292    295.7220     0.0    295.7220     0.0000 0.0000 Eval_32_5_DP_OP_56J21_128_7292_J21_0_0
core16_6/core4_1/evalB               448.9380      0.1      14.2380      0.0000  0.0000  Eval_33_5
core16_6/core4_1/evalB/DP_OP_54J24_125_1057    118.5660     0.0    118.5660     0.0000 0.0000 Eval_33_5_DP_OP_54J24_125_1057_J24_0_0
core16_6/core4_1/evalB/DP_OP_55J24_126_1772    158.0040     0.0    158.0040     0.0000 0.0000 Eval_33_5_DP_OP_55J24_126_1772_J24_0_0
core16_6/core4_1/evalB/DP_OP_56J24_127_5228    158.1300     0.0    158.1300     0.0000 0.0000 Eval_33_5_DP_OP_56J24_127_5228_J24_0_0
core16_6/core4_1/interp             2613.4920      0.4       0.7560    268.1280  0.0000  Interpolation_5
core16_6/core4_1/interp/interp      2344.6080      0.3       0.2520      0.0000  0.0000  InterpolationComb_5
core16_6/core4_1/interp/interp/DP_OP_106J22_122_4023   2344.3560     0.3   2344.3560     0.0000 0.0000 InterpolationComb_0_DP_OP_106J22_122_4023_J22_0_1
core16_6/core4_1/mult_x_1            840.0420      0.1     840.0420      0.0000  0.0000  core4_5_DW_mult_uns_J31_3_0
core16_6/core4_1/mult_x_2            995.6520      0.1     995.6520      0.0000  0.0000  core4_5_DW_mult_uns_J31_2_0
core16_6/core4_1/mult_x_3            908.2080      0.1     908.2080      0.0000  0.0000  core4_5_DW_mult_tc_J31_2_0
core16_6/core4_1/mult_x_4            978.2640      0.1     978.2640      0.0000  0.0000  core4_5_DW_mult_tc_J31_1_0
core16_6/core4_1/mult_x_5            969.4440      0.1     969.4440      0.0000  0.0000  core4_5_DW_mult_uns_J31_1_0
core16_6/core4_1/mult_x_6           1024.0020      0.1    1024.0020      0.0000  0.0000  core4_5_DW_mult_tc_J31_0_0
core16_6/core4_1/mult_x_7            840.0420      0.1     840.0420      0.0000  0.0000  core4_5_DW_mult_uns_J31_0_0
core16_6/core4_2                   10484.2079      1.4       1.0080    517.8600  0.0000  core4_4
core16_6/core4_2/evalA               759.6540      0.1      23.1840      0.0000  0.0000  Eval_32_4
core16_6/core4_2/evalA/DP_OP_53J22_123_3533    195.0480     0.0    195.0480     0.0000 0.0000 Eval_32_1_DP_OP_53J22_123_3533_J22_0_2
core16_6/core4_2/evalA/DP_OP_54J22_124_9398    268.1280     0.0    268.1280     0.0000 0.0000 Eval_32_1_DP_OP_54J22_124_9398_J22_0_2
core16_6/core4_2/evalA/DP_OP_55J22_125_9832    273.2940     0.0    273.2940     0.0000 0.0000 Eval_32_1_DP_OP_55J22_125_9832_J22_0_2
core16_6/core4_2/evalB               369.0540      0.1      11.8440      0.0000  0.0000  Eval_33_4
core16_6/core4_2/evalB/DP_OP_53J27_122_5226     92.2320     0.0     92.2320     0.0000 0.0000 Eval_33_1_DP_OP_53J27_122_5226_J27_0_2
core16_6/core4_2/evalB/DP_OP_54J27_123_7613    131.1660     0.0    131.1660     0.0000 0.0000 Eval_33_1_DP_OP_54J27_123_7613_J27_0_2
core16_6/core4_2/evalB/DP_OP_55J27_124_8730    133.8120     0.0    133.8120     0.0000 0.0000 Eval_33_1_DP_OP_55J27_124_8730_J27_0_2
core16_6/core4_2/interp             2712.9060      0.4       0.7560    276.1920  0.0000  Interpolation_4
core16_6/core4_2/interp/interp      2435.9580      0.3       0.2520      0.0000  0.0000  InterpolationComb_4
core16_6/core4_2/interp/interp/DP_OP_106J21_122_4688   2435.7060     0.3   2435.7060     0.0000 0.0000 InterpolationComb_1_DP_OP_106J21_122_4688_J21_0_3
core16_6/core4_2/mult_x_1            824.5440      0.1     824.5440      0.0000  0.0000  core4_1_DW_mult_tc_J24_6_2
core16_6/core4_2/mult_x_2            950.6700      0.1     950.6700      0.0000  0.0000  core4_1_DW_mult_tc_J24_5_2
core16_6/core4_2/mult_x_3            773.8920      0.1     773.8920      0.0000  0.0000  core4_1_DW_mult_tc_J24_4_2
core16_6/core4_2/mult_x_4            896.4900      0.1     896.4900      0.0000  0.0000  core4_1_DW_mult_tc_J24_3_2
core16_6/core4_2/mult_x_5            876.4560      0.1     876.4560      0.0000  0.0000  core4_1_DW_mult_tc_J24_2_2
core16_6/core4_2/mult_x_6            977.6340      0.1     977.6340      0.0000  0.0000  core4_1_DW_mult_tc_J24_1_2
core16_6/core4_2/mult_x_7            824.0400      0.1     824.0400      0.0000  0.0000  core4_1_DW_mult_tc_J24_0_2
core16_6/core4_3                   11579.6519      1.6       0.7560    517.9860  0.0000  core4_3
core16_6/core4_3/evalA               879.3540      0.1      27.7200      0.0000  0.0000  Eval_32_3
core16_6/core4_3/evalA/DP_OP_53J22_123_3533    222.6420     0.0    222.6420     0.0000 0.0000 Eval_32_1_DP_OP_53J22_123_3533_J22_0_1
core16_6/core4_3/evalA/DP_OP_54J22_124_9398    321.1740     0.0    321.1740     0.0000 0.0000 Eval_32_1_DP_OP_54J22_124_9398_J22_0_1
core16_6/core4_3/evalA/DP_OP_55J22_125_9832    307.8180     0.0    307.8180     0.0000 0.0000 Eval_32_1_DP_OP_55J22_125_9832_J22_0_1
core16_6/core4_3/evalB               585.7740      0.1      20.1600      0.0000  0.0000  Eval_33_3
core16_6/core4_3/evalB/DP_OP_53J27_122_5226    145.5300     0.0    145.5300     0.0000 0.0000 Eval_33_1_DP_OP_53J27_122_5226_J27_0_1
core16_6/core4_3/evalB/DP_OP_54J27_123_7613    215.9640     0.0    215.9640     0.0000 0.0000 Eval_33_1_DP_OP_54J27_123_7613_J27_0_1
core16_6/core4_3/evalB/DP_OP_55J27_124_8730    204.1200     0.0    204.1200     0.0000 0.0000 Eval_33_1_DP_OP_55J27_124_8730_J27_0_1
core16_6/core4_3/interp             2712.4020      0.4       0.7560    276.1920  0.0000  Interpolation_3
core16_6/core4_3/interp/interp      2435.4540      0.3       0.2520      0.0000  0.0000  InterpolationComb_3
core16_6/core4_3/interp/interp/DP_OP_106J21_122_4688   2435.2020     0.3   2435.2020     0.0000 0.0000 InterpolationComb_1_DP_OP_106J21_122_4688_J21_0_2
core16_6/core4_3/mult_x_1            779.6880      0.1     779.6880      0.0000  0.0000  core4_1_DW_mult_tc_J24_6_1
core16_6/core4_3/mult_x_2           1084.9860      0.1    1084.9860      0.0000  0.0000  core4_1_DW_mult_tc_J24_5_1
core16_6/core4_3/mult_x_3           1058.7780      0.1    1058.7780      0.0000  0.0000  core4_1_DW_mult_tc_J24_4_1
core16_6/core4_3/mult_x_4           1060.1640      0.1    1060.1640      0.0000  0.0000  core4_1_DW_mult_tc_J24_3_1
core16_6/core4_3/mult_x_5           1059.6600      0.1    1059.6600      0.0000  0.0000  core4_1_DW_mult_tc_J24_2_1
core16_6/core4_3/mult_x_6           1060.4160      0.1    1060.4160      0.0000  0.0000  core4_1_DW_mult_tc_J24_1_1
core16_6/core4_3/mult_x_7            779.6880      0.1     779.6880      0.0000  0.0000  core4_1_DW_mult_tc_J24_0_1
core16_6/core4_4                   10875.6899      1.5       1.0080    518.1120  0.0000  core4_2
core16_6/core4_4/evalA               834.8760      0.1      25.4520      0.0000  0.0000  Eval_32_2
core16_6/core4_4/evalA/DP_OP_54J16_122_2576    216.0900     0.0    216.0900     0.0000 0.0000 Eval_32_2_DP_OP_54J16_122_2576_J16_0_0
core16_6/core4_4/evalA/DP_OP_55J16_123_96    294.0840     0.0    294.0840     0.0000 0.0000 Eval_32_2_DP_OP_55J16_123_96_J16_0_0
core16_6/core4_4/evalA/DP_OP_56J16_124_6698    299.2500     0.0    299.2500     0.0000 0.0000 Eval_32_2_DP_OP_56J16_124_6698_J16_0_0
core16_6/core4_4/evalB               448.1820      0.1      13.9860      0.0000  0.0000  Eval_33_2
core16_6/core4_4/evalB/DP_OP_54J25_125_8205    117.8100     0.0    117.8100     0.0000 0.0000 Eval_33_2_DP_OP_54J25_125_8205_J25_0_0
core16_6/core4_4/evalB/DP_OP_55J25_126_776    154.4760     0.0    154.4760     0.0000 0.0000 Eval_33_2_DP_OP_55J25_126_776_J25_0_0
core16_6/core4_4/evalB/DP_OP_56J25_127_8061    161.9100     0.0    161.9100     0.0000 0.0000 Eval_33_2_DP_OP_56J25_127_8061_J25_0_0
core16_6/core4_4/interp             2712.4020      0.4       0.7560    276.1920  0.0000  Interpolation_2
core16_6/core4_4/interp/interp      2435.4540      0.3       0.2520      0.0000  0.0000  InterpolationComb_2
core16_6/core4_4/interp/interp/DP_OP_106J21_122_4688   2435.2020     0.3   2435.2020     0.0000 0.0000 InterpolationComb_1_DP_OP_106J21_122_4688_J21_0_1
core16_6/core4_4/mult_x_1            778.8060      0.1     778.8060      0.0000  0.0000  core4_2_DW_mult_uns_J33_3_0
core16_6/core4_4/mult_x_2            945.0000      0.1     945.0000      0.0000  0.0000  core4_2_DW_mult_uns_J33_2_0
core16_6/core4_4/mult_x_3            885.9060      0.1     885.9060      0.0000  0.0000  core4_2_DW_mult_tc_J33_2_0
core16_6/core4_4/mult_x_4            974.1060      0.1     974.1060      0.0000  0.0000  core4_2_DW_mult_tc_J33_1_0
core16_6/core4_4/mult_x_5            966.4200      0.1     966.4200      0.0000  0.0000  core4_2_DW_mult_uns_J33_1_0
core16_6/core4_4/mult_x_6           1032.0660      0.1    1032.0660      0.0000  0.0000  core4_2_DW_mult_tc_J33_0_0
core16_6/core4_4/mult_x_7            778.8060      0.1     778.8060      0.0000  0.0000  core4_2_DW_mult_uns_J33_0_0
core16_6/core4_5                   11866.1759      1.6       0.7560    517.9860  0.0000  core4_1
core16_6/core4_5/evalA               880.1100      0.1      28.4760      0.0000  0.0000  Eval_32_1
core16_6/core4_5/evalA/DP_OP_53J22_123_3533    222.6420     0.0    222.6420     0.0000 0.0000 Eval_32_1_DP_OP_53J22_123_3533_J22_0_0
core16_6/core4_5/evalA/DP_OP_54J22_124_9398    321.1740     0.0    321.1740     0.0000 0.0000 Eval_32_1_DP_OP_54J22_124_9398_J22_0_0
core16_6/core4_5/evalA/DP_OP_55J22_125_9832    307.8180     0.0    307.8180     0.0000 0.0000 Eval_32_1_DP_OP_55J22_125_9832_J22_0_0
core16_6/core4_5/evalB               588.1680      0.1      20.1600      0.0000  0.0000  Eval_33_1
core16_6/core4_5/evalB/DP_OP_53J27_122_5226    145.5300     0.0    145.5300     0.0000 0.0000 Eval_33_1_DP_OP_53J27_122_5226_J27_0_0
core16_6/core4_5/evalB/DP_OP_54J27_123_7613    218.9880     0.0    218.9880     0.0000 0.0000 Eval_33_1_DP_OP_54J27_123_7613_J27_0_0
core16_6/core4_5/evalB/DP_OP_55J27_124_8730    203.4900     0.0    203.4900     0.0000 0.0000 Eval_33_1_DP_OP_55J27_124_8730_J27_0_0
core16_6/core4_5/interp             2712.9060      0.4       0.7560    276.1920  0.0000  Interpolation_1
core16_6/core4_5/interp/interp      2435.9580      0.3       0.2520      0.0000  0.0000  InterpolationComb_1
core16_6/core4_5/interp/interp/DP_OP_106J21_122_4688   2435.7060     0.3   2435.7060     0.0000 0.0000 InterpolationComb_1_DP_OP_106J21_122_4688_J21_0_0
core16_6/core4_5/mult_x_1            920.6820      0.1     920.6820      0.0000  0.0000  core4_1_DW_mult_tc_J24_6_0
core16_6/core4_5/mult_x_2           1084.8600      0.1    1084.8600      0.0000  0.0000  core4_1_DW_mult_tc_J24_5_0
core16_6/core4_5/mult_x_3           1058.5260      0.1    1058.5260      0.0000  0.0000  core4_1_DW_mult_tc_J24_4_0
core16_6/core4_5/mult_x_4           1063.5660      0.1    1063.5660      0.0000  0.0000  core4_1_DW_mult_tc_J24_3_0
core16_6/core4_5/mult_x_5           1057.5180      0.1    1057.5180      0.0000  0.0000  core4_1_DW_mult_tc_J24_2_0
core16_6/core4_5/mult_x_6           1060.4160      0.1    1060.4160      0.0000  0.0000  core4_1_DW_mult_tc_J24_1_0
core16_6/core4_5/mult_x_7            920.6820      0.1     920.6820      0.0000  0.0000  core4_1_DW_mult_tc_J24_0_0
core16_6/core4_6                    9476.2079      1.3       1.0080    517.9860  0.0000  core4_0
core16_6/core4_6/evalA               722.6100      0.1      26.9640      0.0000  0.0000  Eval_32_0
core16_6/core4_6/evalA/DP_OP_54J20_122_2391    185.9760     0.0    185.9760     0.0000 0.0000 Eval_32_0_DP_OP_54J20_122_2391_J20_0_0
core16_6/core4_6/evalA/DP_OP_55J20_123_3961    251.8740     0.0    251.8740     0.0000 0.0000 Eval_32_0_DP_OP_55J20_123_3961_J20_0_0
core16_6/core4_6/evalA/DP_OP_56J20_124_3269    257.7960     0.0    257.7960     0.0000 0.0000 Eval_32_0_DP_OP_56J20_124_3269_J20_0_0
core16_6/core4_6/evalB               332.1360      0.0      10.0800      0.0000  0.0000  Eval_33_0
core16_6/core4_6/evalB/DP_OP_54J22_129_8703     83.1600     0.0     83.1600     0.0000 0.0000 Eval_33_0_DP_OP_54J22_129_8703_J22_0_0
core16_6/core4_6/evalB/DP_OP_55J22_130_2176    117.0540     0.0    117.0540     0.0000 0.0000 Eval_33_0_DP_OP_55J22_130_2176_J22_0_0
core16_6/core4_6/evalB/DP_OP_56J22_131_6985    121.8420     0.0    121.8420     0.0000 0.0000 Eval_33_0_DP_OP_56J22_131_6985_J22_0_0
core16_6/core4_6/interp             2613.4920      0.4       0.7560    268.1280  0.0000  Interpolation_0
core16_6/core4_6/interp/interp      2344.6080      0.3       0.2520      0.0000  0.0000  InterpolationComb_0
core16_6/core4_6/interp/interp/DP_OP_106J22_122_4023   2344.3560     0.3   2344.3560     0.0000 0.0000 InterpolationComb_0_DP_OP_106J22_122_4023_J22_0_0
core16_6/core4_6/mult_x_1            602.6580      0.1     602.6580      0.0000  0.0000  core4_0_DW_mult_uns_J16_3_0
core16_6/core4_6/mult_x_2            840.0420      0.1     840.0420      0.0000  0.0000  core4_0_DW_mult_uns_J16_2_0
core16_6/core4_6/mult_x_3            675.3600      0.1     675.3600      0.0000  0.0000  core4_0_DW_mult_tc_J16_2_0
core16_6/core4_6/mult_x_4            844.3260      0.1     844.3260      0.0000  0.0000  core4_0_DW_mult_tc_J16_1_0
core16_6/core4_6/mult_x_5            809.4240      0.1     809.4240      0.0000  0.0000  core4_0_DW_mult_uns_J16_1_0
core16_6/core4_6/mult_x_6            914.5080      0.1     914.5080      0.0000  0.0000  core4_0_DW_mult_tc_J16_0_0
core16_6/core4_6/mult_x_7            602.6580      0.1     602.6580      0.0000  0.0000  core4_0_DW_mult_uns_J16_0_0
core16_6/evalA                       722.6100      0.1      26.9640      0.0000  0.0000  Eval_32_52
core16_6/evalA/DP_OP_54J33_122_7582    185.9760     0.0    185.9760      0.0000  0.0000  Eval_32_49_DP_OP_54J33_122_7582_J33_0_3
core16_6/evalA/DP_OP_55J33_123_4862    251.8740     0.0    251.8740      0.0000  0.0000  Eval_32_49_DP_OP_55J33_123_4862_J33_0_3
core16_6/evalA/DP_OP_56J33_124_9872    257.7960     0.0    257.7960      0.0000  0.0000  Eval_32_49_DP_OP_56J33_124_9872_J33_0_3
core16_6/evalA_1                     717.1920      0.1      21.5460      0.0000  0.0000  Eval_32_51
core16_6/evalA_1/DP_OP_54J33_122_7582    185.9760     0.0    185.9760     0.0000 0.0000  Eval_32_49_DP_OP_54J33_122_7582_J33_0_2
core16_6/evalA_1/DP_OP_55J33_123_4862    251.8740     0.0    251.8740     0.0000 0.0000  Eval_32_49_DP_OP_55J33_123_4862_J33_0_2
core16_6/evalA_1/DP_OP_56J33_124_9872    257.7960     0.0    257.7960     0.0000 0.0000  Eval_32_49_DP_OP_56J33_124_9872_J33_0_2
core16_6/evalA_2                     717.1920      0.1      21.5460      0.0000  0.0000  Eval_32_50
core16_6/evalA_2/DP_OP_54J33_122_7582    185.9760     0.0    185.9760     0.0000 0.0000  Eval_32_49_DP_OP_54J33_122_7582_J33_0_1
core16_6/evalA_2/DP_OP_55J33_123_4862    251.8740     0.0    251.8740     0.0000 0.0000  Eval_32_49_DP_OP_55J33_123_4862_J33_0_1
core16_6/evalA_2/DP_OP_56J33_124_9872    257.7960     0.0    257.7960     0.0000 0.0000  Eval_32_49_DP_OP_56J33_124_9872_J33_0_1
core16_6/evalA_3                     722.6100      0.1      26.9640      0.0000  0.0000  Eval_32_49
core16_6/evalA_3/DP_OP_54J33_122_7582    185.9760     0.0    185.9760     0.0000 0.0000  Eval_32_49_DP_OP_54J33_122_7582_J33_0_0
core16_6/evalA_3/DP_OP_55J33_123_4862    251.8740     0.0    251.8740     0.0000 0.0000  Eval_32_49_DP_OP_55J33_123_4862_J33_0_0
core16_6/evalA_3/DP_OP_56J33_124_9872    257.7960     0.0    257.7960     0.0000 0.0000  Eval_32_49_DP_OP_56J33_124_9872_J33_0_0
core16_6/evalB                       325.7100      0.0      10.5840      0.0000  0.0000  Eval_33_52
core16_6/evalB/DP_OP_54J19_125_8521     84.6720     0.0     84.6720      0.0000  0.0000  Eval_33_49_DP_OP_54J19_125_8521_J19_0_3
core16_6/evalB/DP_OP_55J19_126_7197    112.2660     0.0    112.2660      0.0000  0.0000  Eval_33_49_DP_OP_55J19_126_7197_J19_0_3
core16_6/evalB/DP_OP_56J19_127_2039    118.1880     0.0    118.1880      0.0000  0.0000  Eval_33_49_DP_OP_56J19_127_2039_J19_0_3
core16_6/evalB_1                     326.8440      0.0       9.5760      0.0000  0.0000  Eval_33_51
core16_6/evalB_1/DP_OP_54J19_125_8521     85.3020     0.0     85.3020     0.0000 0.0000  Eval_33_49_DP_OP_54J19_125_8521_J19_0_2
core16_6/evalB_1/DP_OP_55J19_126_7197    113.7780     0.0    113.7780     0.0000 0.0000  Eval_33_49_DP_OP_55J19_126_7197_J19_0_2
core16_6/evalB_1/DP_OP_56J19_127_2039    118.1880     0.0    118.1880     0.0000 0.0000  Eval_33_49_DP_OP_56J19_127_2039_J19_0_2
core16_6/evalB_2                     331.0020      0.0       9.9540      0.0000  0.0000  Eval_33_50
core16_6/evalB_2/DP_OP_54J19_125_8521     84.0420     0.0     84.0420     0.0000 0.0000  Eval_33_49_DP_OP_54J19_125_8521_J19_0_1
core16_6/evalB_2/DP_OP_55J19_126_7197    114.4080     0.0    114.4080     0.0000 0.0000  Eval_33_49_DP_OP_55J19_126_7197_J19_0_1
core16_6/evalB_2/DP_OP_56J19_127_2039    122.5980     0.0    122.5980     0.0000 0.0000  Eval_33_49_DP_OP_56J19_127_2039_J19_0_1
core16_6/evalB_3                     330.1200      0.0      10.8360      0.0000  0.0000  Eval_33_49
core16_6/evalB_3/DP_OP_54J19_125_8521     85.9320     0.0     85.9320     0.0000 0.0000  Eval_33_49_DP_OP_54J19_125_8521_J19_0_0
core16_6/evalB_3/DP_OP_55J19_126_7197    113.1480     0.0    113.1480     0.0000 0.0000  Eval_33_49_DP_OP_55J19_126_7197_J19_0_0
core16_6/evalB_3/DP_OP_56J19_127_2039    120.2040     0.0    120.2040     0.0000 0.0000  Eval_33_49_DP_OP_56J19_127_2039_J19_0_0
core16_6/interp                     8859.6899      1.2       0.7560    969.6960  0.0000  Interpolation_7_0
core16_6/interp/interp              7889.2379      1.1       0.2520      0.0000  0.0000  InterpolationComb_7_0
core16_6/interp/interp/DP_OP_421J12_122_4174   7888.9859     1.1   7888.9859     0.0000 0.0000 InterpolationComb_7_0_DP_OP_421J12_122_4174_J12_0_0
evalA                                721.4760      0.1      29.9880      0.0000  0.0000  Eval_16
evalA/DP_OP_52J19_122_6891           185.9760      0.0     185.9760      0.0000  0.0000  Eval_0_DP_OP_52J19_122_6891_J19_0_15
evalA/DP_OP_53J19_123_6653           249.2280      0.0     249.2280      0.0000  0.0000  Eval_0_DP_OP_53J19_123_6653_J19_0_15
evalA/DP_OP_54J19_124_5333           256.2840      0.0     256.2840      0.0000  0.0000  Eval_0_DP_OP_54J19_124_5333_J19_0_15
evalA_1                              717.1920      0.1      25.5780      0.0000  0.0000  Eval_15
evalA_1/DP_OP_52J19_122_6891         185.9760      0.0     185.9760      0.0000  0.0000  Eval_0_DP_OP_52J19_122_6891_J19_0_14
evalA_1/DP_OP_53J19_123_6653         249.2280      0.0     249.2280      0.0000  0.0000  Eval_0_DP_OP_53J19_123_6653_J19_0_14
evalA_1/DP_OP_54J19_124_5333         256.4100      0.0     256.4100      0.0000  0.0000  Eval_0_DP_OP_54J19_124_5333_J19_0_14
evalA_10                             717.1920      0.1      25.5780      0.0000  0.0000  Eval_6
evalA_10/DP_OP_52J19_122_6891        185.9760      0.0     185.9760      0.0000  0.0000  Eval_0_DP_OP_52J19_122_6891_J19_0_5
evalA_10/DP_OP_53J19_123_6653        249.2280      0.0     249.2280      0.0000  0.0000  Eval_0_DP_OP_53J19_123_6653_J19_0_5
evalA_10/DP_OP_54J19_124_5333        256.4100      0.0     256.4100      0.0000  0.0000  Eval_0_DP_OP_54J19_124_5333_J19_0_5
evalA_11                             718.9560      0.1      25.0740      0.0000  0.0000  Eval_5
evalA_11/DP_OP_52J19_122_6891        185.9760      0.0     185.9760      0.0000  0.0000  Eval_0_DP_OP_52J19_122_6891_J19_0_4
evalA_11/DP_OP_53J19_123_6653        251.6220      0.0     251.6220      0.0000  0.0000  Eval_0_DP_OP_53J19_123_6653_J19_0_4
evalA_11/DP_OP_54J19_124_5333        256.2840      0.0     256.2840      0.0000  0.0000  Eval_0_DP_OP_54J19_124_5333_J19_0_4
evalA_12                             721.4760      0.1      29.9880      0.0000  0.0000  Eval_4
evalA_12/DP_OP_52J19_122_6891        185.9760      0.0     185.9760      0.0000  0.0000  Eval_0_DP_OP_52J19_122_6891_J19_0_3
evalA_12/DP_OP_53J19_123_6653        249.2280      0.0     249.2280      0.0000  0.0000  Eval_0_DP_OP_53J19_123_6653_J19_0_3
evalA_12/DP_OP_54J19_124_5333        256.2840      0.0     256.2840      0.0000  0.0000  Eval_0_DP_OP_54J19_124_5333_J19_0_3
evalA_13                             717.1920      0.1      25.5780      0.0000  0.0000  Eval_3
evalA_13/DP_OP_52J19_122_6891        185.9760      0.0     185.9760      0.0000  0.0000  Eval_0_DP_OP_52J19_122_6891_J19_0_2
evalA_13/DP_OP_53J19_123_6653        249.2280      0.0     249.2280      0.0000  0.0000  Eval_0_DP_OP_53J19_123_6653_J19_0_2
evalA_13/DP_OP_54J19_124_5333        256.4100      0.0     256.4100      0.0000  0.0000  Eval_0_DP_OP_54J19_124_5333_J19_0_2
evalA_14                             717.1920      0.1      25.5780      0.0000  0.0000  Eval_2
evalA_14/DP_OP_52J19_122_6891        185.9760      0.0     185.9760      0.0000  0.0000  Eval_0_DP_OP_52J19_122_6891_J19_0_1
evalA_14/DP_OP_53J19_123_6653        249.2280      0.0     249.2280      0.0000  0.0000  Eval_0_DP_OP_53J19_123_6653_J19_0_1
evalA_14/DP_OP_54J19_124_5333        256.4100      0.0     256.4100      0.0000  0.0000  Eval_0_DP_OP_54J19_124_5333_J19_0_1
evalA_15                             721.4760      0.1      29.9880      0.0000  0.0000  Eval_0
evalA_15/DP_OP_52J19_122_6891        185.9760      0.0     185.9760      0.0000  0.0000  Eval_0_DP_OP_52J19_122_6891_J19_0_0
evalA_15/DP_OP_53J19_123_6653        249.2280      0.0     249.2280      0.0000  0.0000  Eval_0_DP_OP_53J19_123_6653_J19_0_0
evalA_15/DP_OP_54J19_124_5333        256.2840      0.0     256.2840      0.0000  0.0000  Eval_0_DP_OP_54J19_124_5333_J19_0_0
evalA_2                              717.1920      0.1      25.5780      0.0000  0.0000  Eval_14
evalA_2/DP_OP_52J19_122_6891         185.9760      0.0     185.9760      0.0000  0.0000  Eval_0_DP_OP_52J19_122_6891_J19_0_13
evalA_2/DP_OP_53J19_123_6653         249.2280      0.0     249.2280      0.0000  0.0000  Eval_0_DP_OP_53J19_123_6653_J19_0_13
evalA_2/DP_OP_54J19_124_5333         256.4100      0.0     256.4100      0.0000  0.0000  Eval_0_DP_OP_54J19_124_5333_J19_0_13
evalA_3                              721.0980      0.1      29.6100      0.0000  0.0000  Eval_13
evalA_3/DP_OP_52J19_122_6891         185.9760      0.0     185.9760      0.0000  0.0000  Eval_0_DP_OP_52J19_122_6891_J19_0_12
evalA_3/DP_OP_53J19_123_6653         249.2280      0.0     249.2280      0.0000  0.0000  Eval_0_DP_OP_53J19_123_6653_J19_0_12
evalA_3/DP_OP_54J19_124_5333         256.2840      0.0     256.2840      0.0000  0.0000  Eval_0_DP_OP_54J19_124_5333_J19_0_12
evalA_4                              716.0580      0.1      24.5700      0.0000  0.0000  Eval_12
evalA_4/DP_OP_52J19_122_6891         185.9760      0.0     185.9760      0.0000  0.0000  Eval_0_DP_OP_52J19_122_6891_J19_0_11
evalA_4/DP_OP_53J19_123_6653         249.2280      0.0     249.2280      0.0000  0.0000  Eval_0_DP_OP_53J19_123_6653_J19_0_11
evalA_4/DP_OP_54J19_124_5333         256.2840      0.0     256.2840      0.0000  0.0000  Eval_0_DP_OP_54J19_124_5333_J19_0_11
evalA_5                              717.1920      0.1      25.5780      0.0000  0.0000  Eval_11
evalA_5/DP_OP_52J19_122_6891         185.9760      0.0     185.9760      0.0000  0.0000  Eval_0_DP_OP_52J19_122_6891_J19_0_10
evalA_5/DP_OP_53J19_123_6653         249.2280      0.0     249.2280      0.0000  0.0000  Eval_0_DP_OP_53J19_123_6653_J19_0_10
evalA_5/DP_OP_54J19_124_5333         256.4100      0.0     256.4100      0.0000  0.0000  Eval_0_DP_OP_54J19_124_5333_J19_0_10
evalA_6                              717.1920      0.1      25.5780      0.0000  0.0000  Eval_10
evalA_6/DP_OP_52J19_122_6891         185.9760      0.0     185.9760      0.0000  0.0000  Eval_0_DP_OP_52J19_122_6891_J19_0_9
evalA_6/DP_OP_53J19_123_6653         249.2280      0.0     249.2280      0.0000  0.0000  Eval_0_DP_OP_53J19_123_6653_J19_0_9
evalA_6/DP_OP_54J19_124_5333         256.4100      0.0     256.4100      0.0000  0.0000  Eval_0_DP_OP_54J19_124_5333_J19_0_9
evalA_7                              716.5620      0.1      25.0740      0.0000  0.0000  Eval_9
evalA_7/DP_OP_52J19_122_6891         185.9760      0.0     185.9760      0.0000  0.0000  Eval_0_DP_OP_52J19_122_6891_J19_0_8
evalA_7/DP_OP_53J19_123_6653         249.2280      0.0     249.2280      0.0000  0.0000  Eval_0_DP_OP_53J19_123_6653_J19_0_8
evalA_7/DP_OP_54J19_124_5333         256.2840      0.0     256.2840      0.0000  0.0000  Eval_0_DP_OP_54J19_124_5333_J19_0_8
evalA_8                              716.4360      0.1      24.9480      0.0000  0.0000  Eval_8
evalA_8/DP_OP_52J19_122_6891         185.9760      0.0     185.9760      0.0000  0.0000  Eval_0_DP_OP_52J19_122_6891_J19_0_7
evalA_8/DP_OP_53J19_123_6653         249.2280      0.0     249.2280      0.0000  0.0000  Eval_0_DP_OP_53J19_123_6653_J19_0_7
evalA_8/DP_OP_54J19_124_5333         256.2840      0.0     256.2840      0.0000  0.0000  Eval_0_DP_OP_54J19_124_5333_J19_0_7
evalA_9                              717.1920      0.1      25.5780      0.0000  0.0000  Eval_7
evalA_9/DP_OP_52J19_122_6891         185.9760      0.0     185.9760      0.0000  0.0000  Eval_0_DP_OP_52J19_122_6891_J19_0_6
evalA_9/DP_OP_53J19_123_6653         249.2280      0.0     249.2280      0.0000  0.0000  Eval_0_DP_OP_53J19_123_6653_J19_0_6
evalA_9/DP_OP_54J19_124_5333         256.4100      0.0     256.4100      0.0000  0.0000  Eval_0_DP_OP_54J19_124_5333_J19_0_6
evalB                                329.3640      0.0      15.7500      0.0000  0.0000  Eval_1_15
evalB/DP_OP_52J20_125_7082            89.4600      0.0      89.4600      0.0000  0.0000  Eval_1_0_DP_OP_52J20_125_7082_J20_0_15
evalB/DP_OP_53J20_126_1358           108.9900      0.0     108.9900      0.0000  0.0000  Eval_1_0_DP_OP_53J20_126_1358_J20_0_15
evalB/DP_OP_54J20_127_7047           115.1640      0.0     115.1640      0.0000  0.0000  Eval_1_0_DP_OP_54J20_127_7047_J20_0_15
evalB_1                              331.5060      0.0      16.5060      0.0000  0.0000  Eval_1_14
evalB_1/DP_OP_52J20_125_7082          84.6720      0.0      84.6720      0.0000  0.0000  Eval_1_0_DP_OP_52J20_125_7082_J20_0_14
evalB_1/DP_OP_53J20_126_1358         112.3920      0.0     112.3920      0.0000  0.0000  Eval_1_0_DP_OP_53J20_126_1358_J20_0_14
evalB_1/DP_OP_54J20_127_7047         117.9360      0.0     117.9360      0.0000  0.0000  Eval_1_0_DP_OP_54J20_127_7047_J20_0_14
evalB_10                             341.8380      0.0      16.7580      0.0000  0.0000  Eval_1_5
evalB_10/DP_OP_52J20_125_7082         91.2240      0.0      91.2240      0.0000  0.0000  Eval_1_0_DP_OP_52J20_125_7082_J20_0_5
evalB_10/DP_OP_53J20_126_1358        114.7860      0.0     114.7860      0.0000  0.0000  Eval_1_0_DP_OP_53J20_126_1358_J20_0_5
evalB_10/DP_OP_54J20_127_7047        119.0700      0.0     119.0700      0.0000  0.0000  Eval_1_0_DP_OP_54J20_127_7047_J20_0_5
evalB_11                             335.5380      0.0      14.4900      0.0000  0.0000  Eval_1_4
evalB_11/DP_OP_52J20_125_7082         85.3020      0.0      85.3020      0.0000  0.0000  Eval_1_0_DP_OP_52J20_125_7082_J20_0_4
evalB_11/DP_OP_53J20_126_1358        114.6600      0.0     114.6600      0.0000  0.0000  Eval_1_0_DP_OP_53J20_126_1358_J20_0_4
evalB_11/DP_OP_54J20_127_7047        121.0860      0.0     121.0860      0.0000  0.0000  Eval_1_0_DP_OP_54J20_127_7047_J20_0_4
evalB_12                             326.7180      0.0      15.7500      0.0000  0.0000  Eval_1_3
evalB_12/DP_OP_52J20_125_7082         84.2940      0.0      84.2940      0.0000  0.0000  Eval_1_0_DP_OP_52J20_125_7082_J20_0_3
evalB_12/DP_OP_53J20_126_1358        110.2500      0.0     110.2500      0.0000  0.0000  Eval_1_0_DP_OP_53J20_126_1358_J20_0_3
evalB_12/DP_OP_54J20_127_7047        116.4240      0.0     116.4240      0.0000  0.0000  Eval_1_0_DP_OP_54J20_127_7047_J20_0_3
evalB_13                             335.9160      0.0      16.5060      0.0000  0.0000  Eval_1_2
evalB_13/DP_OP_52J20_125_7082         85.5540      0.0      85.5540      0.0000  0.0000  Eval_1_0_DP_OP_52J20_125_7082_J20_0_2
evalB_13/DP_OP_53J20_126_1358        118.4400      0.0     118.4400      0.0000  0.0000  Eval_1_0_DP_OP_53J20_126_1358_J20_0_2
evalB_13/DP_OP_54J20_127_7047        115.4160      0.0     115.4160      0.0000  0.0000  Eval_1_0_DP_OP_54J20_127_7047_J20_0_2
evalB_14                             324.8280      0.0      16.6320      0.0000  0.0000  Eval_1_1
evalB_14/DP_OP_52J20_125_7082         83.2860      0.0      83.2860      0.0000  0.0000  Eval_1_0_DP_OP_52J20_125_7082_J20_0_1
evalB_14/DP_OP_53J20_126_1358        109.6200      0.0     109.6200      0.0000  0.0000  Eval_1_0_DP_OP_53J20_126_1358_J20_0_1
evalB_14/DP_OP_54J20_127_7047        115.2900      0.0     115.2900      0.0000  0.0000  Eval_1_0_DP_OP_54J20_127_7047_J20_0_1
evalB_15                             329.6160      0.0      16.5060      0.0000  0.0000  Eval_1_0
evalB_15/DP_OP_52J20_125_7082         85.3020      0.0      85.3020      0.0000  0.0000  Eval_1_0_DP_OP_52J20_125_7082_J20_0_0
evalB_15/DP_OP_53J20_126_1358        109.6200      0.0     109.6200      0.0000  0.0000  Eval_1_0_DP_OP_53J20_126_1358_J20_0_0
evalB_15/DP_OP_54J20_127_7047        118.1880      0.0     118.1880      0.0000  0.0000  Eval_1_0_DP_OP_54J20_127_7047_J20_0_0
evalB_2                              329.2380      0.0      16.7580      0.0000  0.0000  Eval_1_13
evalB_2/DP_OP_52J20_125_7082          84.1680      0.0      84.1680      0.0000  0.0000  Eval_1_0_DP_OP_52J20_125_7082_J20_0_13
evalB_2/DP_OP_53J20_126_1358         112.1400      0.0     112.1400      0.0000  0.0000  Eval_1_0_DP_OP_53J20_126_1358_J20_0_13
evalB_2/DP_OP_54J20_127_7047         116.1720      0.0     116.1720      0.0000  0.0000  Eval_1_0_DP_OP_54J20_127_7047_J20_0_13
evalB_3                              330.2460      0.0      16.8840      0.0000  0.0000  Eval_1_12
evalB_3/DP_OP_52J20_125_7082          83.5380      0.0      83.5380      0.0000  0.0000  Eval_1_0_DP_OP_52J20_125_7082_J20_0_12
evalB_3/DP_OP_53J20_126_1358         111.8880      0.0     111.8880      0.0000  0.0000  Eval_1_0_DP_OP_53J20_126_1358_J20_0_12
evalB_3/DP_OP_54J20_127_7047         117.9360      0.0     117.9360      0.0000  0.0000  Eval_1_0_DP_OP_54J20_127_7047_J20_0_12
evalB_4                              320.6700      0.0      13.3560      0.0000  0.0000  Eval_1_11
evalB_4/DP_OP_52J20_125_7082          84.0420      0.0      84.0420      0.0000  0.0000  Eval_1_0_DP_OP_52J20_125_7082_J20_0_11
evalB_4/DP_OP_53J20_126_1358         108.1080      0.0     108.1080      0.0000  0.0000  Eval_1_0_DP_OP_53J20_126_1358_J20_0_11
evalB_4/DP_OP_54J20_127_7047         115.1640      0.0     115.1640      0.0000  0.0000  Eval_1_0_DP_OP_54J20_127_7047_J20_0_11
evalB_5                              334.6560      0.0      16.5060      0.0000  0.0000  Eval_1_10
evalB_5/DP_OP_52J20_125_7082          84.6720      0.0      84.6720      0.0000  0.0000  Eval_1_0_DP_OP_52J20_125_7082_J20_0_10
evalB_5/DP_OP_53J20_126_1358         113.2740      0.0     113.2740      0.0000  0.0000  Eval_1_0_DP_OP_53J20_126_1358_J20_0_10
evalB_5/DP_OP_54J20_127_7047         120.2040      0.0     120.2040      0.0000  0.0000  Eval_1_0_DP_OP_54J20_127_7047_J20_0_10
evalB_6                              332.0100      0.0      16.6320      0.0000  0.0000  Eval_1_9
evalB_6/DP_OP_52J20_125_7082          85.3020      0.0      85.3020      0.0000  0.0000  Eval_1_0_DP_OP_52J20_125_7082_J20_0_9
evalB_6/DP_OP_53J20_126_1358         111.3840      0.0     111.3840      0.0000  0.0000  Eval_1_0_DP_OP_53J20_126_1358_J20_0_9
evalB_6/DP_OP_54J20_127_7047         118.6920      0.0     118.6920      0.0000  0.0000  Eval_1_0_DP_OP_54J20_127_7047_J20_0_9
evalB_7                              329.8680      0.0      13.8600      0.0000  0.0000  Eval_1_8
evalB_7/DP_OP_52J20_125_7082          85.4280      0.0      85.4280      0.0000  0.0000  Eval_1_0_DP_OP_52J20_125_7082_J20_0_8
evalB_7/DP_OP_53J20_126_1358         112.0140      0.0     112.0140      0.0000  0.0000  Eval_1_0_DP_OP_53J20_126_1358_J20_0_8
evalB_7/DP_OP_54J20_127_7047         118.5660      0.0     118.5660      0.0000  0.0000  Eval_1_0_DP_OP_54J20_127_7047_J20_0_8
evalB_8                              324.7020      0.0      12.8520      0.0000  0.0000  Eval_1_7
evalB_8/DP_OP_52J20_125_7082          87.6960      0.0      87.6960      0.0000  0.0000  Eval_1_0_DP_OP_52J20_125_7082_J20_0_7
evalB_8/DP_OP_53J20_126_1358         108.1080      0.0     108.1080      0.0000  0.0000  Eval_1_0_DP_OP_53J20_126_1358_J20_0_7
evalB_8/DP_OP_54J20_127_7047         116.0460      0.0     116.0460      0.0000  0.0000  Eval_1_0_DP_OP_54J20_127_7047_J20_0_7
evalB_9                              339.8220      0.0      16.7580      0.0000  0.0000  Eval_1_6
evalB_9/DP_OP_52J20_125_7082          89.2080      0.0      89.2080      0.0000  0.0000  Eval_1_0_DP_OP_52J20_125_7082_J20_0_6
evalB_9/DP_OP_53J20_126_1358         113.6520      0.0     113.6520      0.0000  0.0000  Eval_1_0_DP_OP_53J20_126_1358_J20_0_6
evalB_9/DP_OP_54J20_127_7047         120.2040      0.0     120.2040      0.0000  0.0000  Eval_1_0_DP_OP_54J20_127_7047_J20_0_6
interp                             33644.0156      4.6       0.7560   3614.6881  0.0000  Interpolation_56
interp/interp                      30028.5715      4.1       0.2520      0.0000  0.0000  InterpolationComb_56
interp/interp/DP_OP_1681J3_122_140  30028.3195     4.1   30028.3195      0.0000  0.0000  InterpolationComb_56_DP_OP_1681J3_122_140_J3_0
--------------------------------  -----------  -------  -----------  ----------  ------  ---------------------------------------------------
Total                                                   657445.8141  69453.8471  0.0000

1
