 
****************************************
Report : area
Design : core64_a36_b16_c36
Version: O-2018.06-SP5
Date   : Wed May 13 09:02:03 2026
****************************************

Library(s) Used:

    tcbn28hpcplusbwp40p140lvtssg0p81vm40c_ccs (File: /export1/Library/TN28HPC+/STD_CELL_ext/track9_200824/TSMCHOME/digital/Front_End/timing_power_noise/CCS/tcbn28hpcplusbwp40p140lvt_180a/tcbn28hpcplusbwp40p140lvtssg0p81vm40c_ccs.db)
    tcbn28hpcplusbwp40p140ssg0p81vm40c_ccs (File: /export1/Library/TN28HPC+/STD_CELL_ext/track9_200824/TSMCHOME/digital/Front_End/timing_power_noise/CCS/tcbn28hpcplusbwp40p140_180a/tcbn28hpcplusbwp40p140ssg0p81vm40c_ccs.db)
    tcbn28hpcplusbwp40p140hvtssg0p81vm40c_ccs (File: /export1/Library/TN28HPC+/STD_CELL_ext/track9_200824/TSMCHOME/digital/Front_End/timing_power_noise/CCS/tcbn28hpcplusbwp40p140hvt_180a/tcbn28hpcplusbwp40p140hvtssg0p81vm40c_ccs.db)

Number of ports:                       425826
Number of nets:                       1441365
Number of cells:                       767880
Number of combinational cells:         717730
Number of sequential cells:             42642
Number of macros/black boxes:               0
Number of buf/inv:                      84809
Number of references:                      45

Combinational area:             888540.898442
Buf/Inv area:                    22824.900197
Noncombinational area:           85937.293372
Macro/Black Box area:                0.000000
Net Interconnect area:      undefined  (Wire load has zero net area)

Total cell area:                974478.191813
Total area:                 undefined

Hierarchical area distribution
------------------------------

                                  Global cell area              Local cell area
                                  --------------------  ------------------------------- 
Hierarchical cell                 Absolute     Percent  Combi-       Noncombi-   Black-
                                  Total        Total    national     national    boxes   Design
--------------------------------  -----------  -------  -----------  ----------  ------  ---------------------------------------------------
core64_a36_b16_c36                974478.1918    100.0       2.0160   8711.1361  0.0000  core64_a36_b16_c36
core16_0                          120591.8265     12.4       2.0160   2348.6400  0.0000  core16_6
core16_0/core4_0                   12964.2658      1.3       1.0080    631.0080  0.0000  core4_48
core16_0/core4_0/evalA               916.6500      0.1      28.4760      0.0000  0.0000  Eval_32_48
core16_0/core4_0/evalA/DP_OP_54J20_122_5955    237.3840     0.0    237.3840     0.0000 0.0000 Eval_32_0_DP_OP_54J20_122_5955_J20_0_3
core16_0/core4_0/evalA/DP_OP_55J20_123_5437    322.4340     0.0    322.4340     0.0000 0.0000 Eval_32_0_DP_OP_55J20_123_5437_J20_0_3
core16_0/core4_0/evalA/DP_OP_56J20_124_5252    328.3560     0.0    328.3560     0.0000 0.0000 Eval_32_0_DP_OP_56J20_124_5252_J20_0_3
core16_0/core4_0/evalB               429.0300      0.0      13.3560      0.0000  0.0000  Eval_33_48
core16_0/core4_0/evalB/DP_OP_54J22_129_1607    109.7460     0.0    109.7460     0.0000 0.0000 Eval_33_0_DP_OP_54J22_129_1607_J22_0_3
core16_0/core4_0/evalB/DP_OP_55J22_130_5730    149.5620     0.0    149.5620     0.0000 0.0000 Eval_33_0_DP_OP_55J22_130_5730_J22_0_3
core16_0/core4_0/evalB/DP_OP_56J22_131_8412    156.3660     0.0    156.3660     0.0000 0.0000 Eval_33_0_DP_OP_56J22_131_8412_J22_0_3
core16_0/core4_0/interp             3354.2460      0.3       0.7560    332.6400  0.0000  Interpolation_49
core16_0/core4_0/interp/interp      3020.8500      0.3       0.2520      0.0000  0.0000  InterpolationComb_49
core16_0/core4_0/interp/interp/DP_OP_106J22_122_6228   3020.5980     0.3   3020.5980     0.0000 0.0000 InterpolationComb_0_DP_OP_106J22_122_6228_J22_0_20
core16_0/core4_0/mult_x_1            932.1480      0.1     932.1480      0.0000  0.0000  core4_48_DW_mult_uns_J18_3
core16_0/core4_0/mult_x_2           1170.6660      0.1    1170.6660      0.0000  0.0000  core4_48_DW_mult_uns_J18_2
core16_0/core4_0/mult_x_3           1079.4420      0.1    1079.4420      0.0000  0.0000  core4_48_DW_mult_tc_J18_2
core16_0/core4_0/mult_x_4           1081.9620      0.1    1081.9620      0.0000  0.0000  core4_48_DW_mult_tc_J18_1
core16_0/core4_0/mult_x_5           1229.7600      0.1    1229.7600      0.0000  0.0000  core4_48_DW_mult_uns_J18_1
core16_0/core4_0/mult_x_6           1206.1980      0.1    1206.1980      0.0000  0.0000  core4_48_DW_mult_tc_J18_0
core16_0/core4_0/mult_x_7            932.1480      0.1     932.1480      0.0000  0.0000  core4_48_DW_mult_uns_J18_0
core16_0/core4_1                   14730.7858      1.5       1.0080    630.6300  0.0000  core4_47
core16_0/core4_1/evalA              1032.0660      0.1      31.6260      0.0000  0.0000  Eval_32_47
core16_0/core4_1/evalA/DP_OP_54J21_126_8276    266.9940     0.0    266.9940     0.0000 0.0000 Eval_32_5_DP_OP_54J21_126_8276_J21_0_3
core16_0/core4_1/evalA/DP_OP_55J21_127_5033    367.1640     0.0    367.1640     0.0000 0.0000 Eval_32_5_DP_OP_55J21_127_5033_J21_0_3
core16_0/core4_1/evalA/DP_OP_56J21_128_5140    366.2820     0.0    366.2820     0.0000 0.0000 Eval_32_5_DP_OP_56J21_128_5140_J21_0_3
core16_0/core4_1/evalB               549.9900      0.1      16.6320      0.0000  0.0000  Eval_33_47
core16_0/core4_1/evalB/DP_OP_54J24_125_3928    147.7980     0.0    147.7980     0.0000 0.0000 Eval_33_5_DP_OP_54J24_125_3928_J24_0_3
core16_0/core4_1/evalB/DP_OP_55J24_126_5326    193.1580     0.0    193.1580     0.0000 0.0000 Eval_33_5_DP_OP_55J24_126_5326_J24_0_3
core16_0/core4_1/evalB/DP_OP_56J24_127_8300    192.4020     0.0    192.4020     0.0000 0.0000 Eval_33_5_DP_OP_56J24_127_8300_J24_0_3
core16_0/core4_1/interp             3354.2460      0.3       0.7560    332.6400  0.0000  Interpolation_48
core16_0/core4_1/interp/interp      3020.8500      0.3       0.2520      0.0000  0.0000  InterpolationComb_48
core16_0/core4_1/interp/interp/DP_OP_106J22_122_6228   3020.5980     0.3   3020.5980     0.0000 0.0000 InterpolationComb_0_DP_OP_106J22_122_6228_J22_0_19
core16_0/core4_1/mult_x_1           1174.0680      0.1    1174.0680      0.0000  0.0000  core4_5_DW_mult_uns_J31_3_1
core16_0/core4_1/mult_x_2           1376.0460      0.1    1376.0460      0.0000  0.0000  core4_5_DW_mult_uns_J31_2_1
core16_0/core4_1/mult_x_3           1337.1120      0.1    1337.1120      0.0000  0.0000  core4_5_DW_mult_tc_J31_2_1
core16_0/core4_1/mult_x_4           1315.3140      0.1    1315.3140      0.0000  0.0000  core4_5_DW_mult_tc_J31_1_1
core16_0/core4_1/mult_x_5           1377.1800      0.1    1377.1800      0.0000  0.0000  core4_5_DW_mult_uns_J31_1_1
core16_0/core4_1/mult_x_6           1413.9720      0.1    1413.9720      0.0000  0.0000  core4_5_DW_mult_tc_J31_0_1
core16_0/core4_1/mult_x_7           1169.1540      0.1    1169.1540      0.0000  0.0000  core4_5_DW_mult_uns_J31_0_1
core16_0/core4_2                   13715.2258      1.4       1.0080    630.5040  0.0000  core4_46
core16_0/core4_2/evalA               959.6160      0.1      29.9880      0.0000  0.0000  Eval_32_46
core16_0/core4_2/evalA/DP_OP_53J22_123_9578    246.4560     0.0    246.4560     0.0000 0.0000 Eval_32_1_DP_OP_53J22_123_9578_J22_0_32
core16_0/core4_2/evalA/DP_OP_54J22_124_907    338.6880     0.0    338.6880     0.0000 0.0000 Eval_32_1_DP_OP_54J22_124_907_J22_0_32
core16_0/core4_2/evalA/DP_OP_55J22_125_2024    344.4840     0.0    344.4840     0.0000 0.0000 Eval_32_1_DP_OP_55J22_125_2024_J22_0_32
core16_0/core4_2/evalB               470.7360      0.0      14.1120      0.0000  0.0000  Eval_33_46
core16_0/core4_2/evalB/DP_OP_53J27_122_8097    120.5820     0.0    120.5820     0.0000 0.0000 Eval_33_1_DP_OP_53J27_122_8097_J27_0_28
core16_0/core4_2/evalB/DP_OP_54J27_123_1200    165.5640     0.0    165.5640     0.0000 0.0000 Eval_33_1_DP_OP_54J27_123_1200_J27_0_28
core16_0/core4_2/evalB/DP_OP_55J27_124_5184    170.4780     0.0    170.4780     0.0000 0.0000 Eval_33_1_DP_OP_55J27_124_5184_J27_0_28
core16_0/core4_2/interp             3462.6060      0.4       0.7560    340.7040  0.0000  Interpolation_47
core16_0/core4_2/interp/interp      3121.1459      0.3       0.2520      0.0000  0.0000  InterpolationComb_47
core16_0/core4_2/interp/interp/DP_OP_106J21_122_8999   3120.8939     0.3   3120.8939     0.0000 0.0000 InterpolationComb_1_DP_OP_106J21_122_8999_J21_0_27
core16_0/core4_2/mult_x_1           1060.1640      0.1    1060.1640      0.0000  0.0000  core4_1_DW_mult_tc_J24_6_22
core16_0/core4_2/mult_x_2           1208.3400      0.1    1208.3400      0.0000  0.0000  core4_1_DW_mult_tc_J24_5_22
core16_0/core4_2/mult_x_3           1141.4340      0.1    1141.4340      0.0000  0.0000  core4_1_DW_mult_tc_J24_4_22
core16_0/core4_2/mult_x_4           1184.5260      0.1    1184.5260      0.0000  0.0000  core4_1_DW_mult_tc_J24_3_22
core16_0/core4_2/mult_x_5           1236.6900      0.1    1236.6900      0.0000  0.0000  core4_1_DW_mult_tc_J24_2_22
core16_0/core4_2/mult_x_6           1298.8080      0.1    1298.8080      0.0000  0.0000  core4_1_DW_mult_tc_J24_1_22
core16_0/core4_2/mult_x_7           1060.7940      0.1    1060.7940      0.0000  0.0000  core4_1_DW_mult_tc_J24_0_22
core16_0/core4_3                   15359.6518      1.6       0.7560    630.3780  0.0000  core4_45
core16_0/core4_3/evalA              1078.0560      0.1      33.8940      0.0000  0.0000  Eval_32_45
core16_0/core4_3/evalA/DP_OP_53J22_123_9578    274.0500     0.0    274.0500     0.0000 0.0000 Eval_32_1_DP_OP_53J22_123_9578_J22_0_31
core16_0/core4_3/evalA/DP_OP_54J22_124_907    391.7340     0.0    391.7340     0.0000 0.0000 Eval_32_1_DP_OP_54J22_124_907_J22_0_31
core16_0/core4_3/evalA/DP_OP_55J22_125_2024    378.3780     0.0    378.3780     0.0000 0.0000 Eval_32_1_DP_OP_55J22_125_2024_J22_0_31
core16_0/core4_3/evalB               692.3700      0.1      21.6720      0.0000  0.0000  Eval_33_45
core16_0/core4_3/evalB/DP_OP_53J27_122_8097    177.0300     0.0    177.0300     0.0000 0.0000 Eval_33_1_DP_OP_53J27_122_8097_J27_0_27
core16_0/core4_3/evalB/DP_OP_54J27_123_1200    250.6140     0.0    250.6140     0.0000 0.0000 Eval_33_1_DP_OP_54J27_123_1200_J27_0_27
core16_0/core4_3/evalB/DP_OP_55J27_124_5184    243.0540     0.0    243.0540     0.0000 0.0000 Eval_33_1_DP_OP_55J27_124_5184_J27_0_27
core16_0/core4_3/interp             3462.1020      0.4       0.7560    340.7040  0.0000  Interpolation_46
core16_0/core4_3/interp/interp      3120.6419      0.3       0.2520      0.0000  0.0000  InterpolationComb_46
core16_0/core4_3/interp/interp/DP_OP_106J21_122_8999   3120.3899     0.3   3120.3899     0.0000 0.0000 InterpolationComb_1_DP_OP_106J21_122_8999_J21_0_26
core16_0/core4_3/mult_x_1           1061.6760      0.1    1061.6760      0.0000  0.0000  core4_1_DW_mult_tc_J24_6_21
core16_0/core4_3/mult_x_2           1442.9520      0.1    1442.9520      0.0000  0.0000  core4_1_DW_mult_tc_J24_5_21
core16_0/core4_3/mult_x_3           1479.4920      0.2    1479.4920      0.0000  0.0000  core4_1_DW_mult_tc_J24_4_21
core16_0/core4_3/mult_x_4           1485.6660      0.2    1485.6660      0.0000  0.0000  core4_1_DW_mult_tc_J24_3_21
core16_0/core4_3/mult_x_5           1485.7920      0.2    1485.7920      0.0000  0.0000  core4_1_DW_mult_tc_J24_2_21
core16_0/core4_3/mult_x_6           1479.3660      0.2    1479.3660      0.0000  0.0000  core4_1_DW_mult_tc_J24_1_21
core16_0/core4_3/mult_x_7           1061.0460      0.1    1061.0460      0.0000  0.0000  core4_1_DW_mult_tc_J24_0_21
core16_0/core4_4                   14782.1938      1.5       1.0080    630.7560  0.0000  core4_44
core16_0/core4_4/evalA              1036.6020      0.1      31.5000      0.0000  0.0000  Eval_32_44
core16_0/core4_4/evalA/DP_OP_54J16_122_854    267.4980     0.0    267.4980     0.0000 0.0000 Eval_32_2_DP_OP_54J16_122_854_J16_0_3
core16_0/core4_4/evalA/DP_OP_55J16_123_7587    367.7940     0.0    367.7940     0.0000 0.0000 Eval_32_2_DP_OP_55J16_123_7587_J16_0_3
core16_0/core4_4/evalA/DP_OP_56J16_124_7642    369.8100     0.0    369.8100     0.0000 0.0000 Eval_32_2_DP_OP_56J16_124_7642_J16_0_3
core16_0/core4_4/evalB               548.3520      0.1      16.6320      0.0000  0.0000  Eval_33_44
core16_0/core4_4/evalB/DP_OP_54J25_125_6473    140.9940     0.0    140.9940     0.0000 0.0000 Eval_33_2_DP_OP_54J25_125_6473_J25_0_3
core16_0/core4_4/evalB/DP_OP_55J25_126_780    192.7800     0.0    192.7800     0.0000 0.0000 Eval_33_2_DP_OP_55J25_126_780_J25_0_3
core16_0/core4_4/evalB/DP_OP_56J25_127_9714    197.9460     0.0    197.9460     0.0000 0.0000 Eval_33_2_DP_OP_56J25_127_9714_J25_0_3
core16_0/core4_4/interp             3463.1100      0.4       0.7560    340.7040  0.0000  Interpolation_45
core16_0/core4_4/interp/interp      3121.6499      0.3       0.2520      0.0000  0.0000  InterpolationComb_45
core16_0/core4_4/interp/interp/DP_OP_106J21_122_8999   3121.3979     0.3   3121.3979     0.0000 0.0000 InterpolationComb_1_DP_OP_106J21_122_8999_J21_0_25
core16_0/core4_4/mult_x_1           1191.9600      0.1    1191.9600      0.0000  0.0000  core4_2_DW_mult_uns_J33_3_1
core16_0/core4_4/mult_x_2           1390.4100      0.1    1390.4100      0.0000  0.0000  core4_2_DW_mult_uns_J33_2_1
core16_0/core4_4/mult_x_3           1262.6460      0.1    1262.6460      0.0000  0.0000  core4_2_DW_mult_tc_J33_2_1
core16_0/core4_4/mult_x_4           1298.4300      0.1    1298.4300      0.0000  0.0000  core4_2_DW_mult_tc_J33_1_1
core16_0/core4_4/mult_x_5           1364.3280      0.1    1364.3280      0.0000  0.0000  core4_2_DW_mult_uns_J33_1_1
core16_0/core4_4/mult_x_6           1401.7500      0.1    1401.7500      0.0000  0.0000  core4_2_DW_mult_tc_J33_0_1
core16_0/core4_4/mult_x_7           1192.8420      0.1    1192.8420      0.0000  0.0000  core4_2_DW_mult_uns_J33_0_1
core16_0/core4_5                   15593.5078      1.6       0.7560    630.5040  0.0000  core4_43
core16_0/core4_5/evalA              1080.9540      0.1      35.5320      0.0000  0.0000  Eval_32_43
core16_0/core4_5/evalA/DP_OP_53J22_123_9578    274.0500     0.0    274.0500     0.0000 0.0000 Eval_32_1_DP_OP_53J22_123_9578_J22_0_30
core16_0/core4_5/evalA/DP_OP_54J22_124_907    391.7340     0.0    391.7340     0.0000 0.0000 Eval_32_1_DP_OP_54J22_124_907_J22_0_30
core16_0/core4_5/evalA/DP_OP_55J22_125_2024    379.6380     0.0    379.6380     0.0000 0.0000 Eval_32_1_DP_OP_55J22_125_2024_J22_0_30
core16_0/core4_5/evalB               691.6140      0.1      22.1760      0.0000  0.0000  Eval_33_43
core16_0/core4_5/evalB/DP_OP_53J27_122_8097    175.0140     0.0    175.0140     0.0000 0.0000 Eval_33_1_DP_OP_53J27_122_8097_J27_0_26
core16_0/core4_5/evalB/DP_OP_54J27_123_1200    255.6540     0.0    255.6540     0.0000 0.0000 Eval_33_1_DP_OP_54J27_123_1200_J27_0_26
core16_0/core4_5/evalB/DP_OP_55J27_124_5184    238.7700     0.0    238.7700     0.0000 0.0000 Eval_33_1_DP_OP_55J27_124_5184_J27_0_26
core16_0/core4_5/interp             3462.1020      0.4       0.7560    340.7040  0.0000  Interpolation_44
core16_0/core4_5/interp/interp      3120.6419      0.3       0.2520      0.0000  0.0000  InterpolationComb_44
core16_0/core4_5/interp/interp/DP_OP_106J21_122_8999   3120.3899     0.3   3120.3899     0.0000 0.0000 InterpolationComb_1_DP_OP_106J21_122_8999_J21_0_24
core16_0/core4_5/mult_x_1           1181.1240      0.1    1181.1240      0.0000  0.0000  core4_1_DW_mult_tc_J24_6_20
core16_0/core4_5/mult_x_2           1438.4160      0.1    1438.4160      0.0000  0.0000  core4_1_DW_mult_tc_J24_5_20
core16_0/core4_5/mult_x_3           1479.8700      0.2    1479.8700      0.0000  0.0000  core4_1_DW_mult_tc_J24_4_20
core16_0/core4_5/mult_x_4           1479.7440      0.2    1479.7440      0.0000  0.0000  core4_1_DW_mult_tc_J24_3_20
core16_0/core4_5/mult_x_5           1485.1620      0.2    1485.1620      0.0000  0.0000  core4_1_DW_mult_tc_J24_2_20
core16_0/core4_5/mult_x_6           1479.4920      0.2    1479.4920      0.0000  0.0000  core4_1_DW_mult_tc_J24_1_20
core16_0/core4_5/mult_x_7           1183.7700      0.1    1183.7700      0.0000  0.0000  core4_1_DW_mult_tc_J24_0_20
core16_0/core4_6                   12965.9038      1.3       1.0080    630.8820  0.0000  core4_42
core16_0/core4_6/evalA               916.5240      0.1      28.3500      0.0000  0.0000  Eval_32_42
core16_0/core4_6/evalA/DP_OP_54J20_122_5955    237.3840     0.0    237.3840     0.0000 0.0000 Eval_32_0_DP_OP_54J20_122_5955_J20_0_2
core16_0/core4_6/evalA/DP_OP_55J20_123_5437    322.4340     0.0    322.4340     0.0000 0.0000 Eval_32_0_DP_OP_55J20_123_5437_J20_0_2
core16_0/core4_6/evalA/DP_OP_56J20_124_5252    328.3560     0.0    328.3560     0.0000 0.0000 Eval_32_0_DP_OP_56J20_124_5252_J20_0_2
core16_0/core4_6/evalB               429.0300      0.0      13.3560      0.0000  0.0000  Eval_33_42
core16_0/core4_6/evalB/DP_OP_54J22_129_1607    108.8640     0.0    108.8640     0.0000 0.0000 Eval_33_0_DP_OP_54J22_129_1607_J22_0_2
core16_0/core4_6/evalB/DP_OP_55J22_130_5730    150.3180     0.0    150.3180     0.0000 0.0000 Eval_33_0_DP_OP_55J22_130_5730_J22_0_2
core16_0/core4_6/evalB/DP_OP_56J22_131_8412    156.4920     0.0    156.4920     0.0000 0.0000 Eval_33_0_DP_OP_56J22_131_8412_J22_0_2
core16_0/core4_6/interp             3354.6240      0.3       0.7560    332.6400  0.0000  Interpolation_43
core16_0/core4_6/interp/interp      3021.2280      0.3       0.2520      0.0000  0.0000  InterpolationComb_43
core16_0/core4_6/interp/interp/DP_OP_106J22_122_6228   3020.9760     0.3   3020.9760     0.0000 0.0000 InterpolationComb_0_DP_OP_106J22_122_6228_J22_0_18
core16_0/core4_6/mult_x_1            932.2740      0.1     932.2740      0.0000  0.0000  core4_42_DW_mult_uns_J17_3
core16_0/core4_6/mult_x_2           1167.2640      0.1    1167.2640      0.0000  0.0000  core4_42_DW_mult_uns_J17_2
core16_0/core4_6/mult_x_3           1084.6080      0.1    1084.6080      0.0000  0.0000  core4_42_DW_mult_tc_J17_2
core16_0/core4_6/mult_x_4           1082.2140      0.1    1082.2140      0.0000  0.0000  core4_42_DW_mult_tc_J17_1
core16_0/core4_6/mult_x_5           1229.7600      0.1    1229.7600      0.0000  0.0000  core4_42_DW_mult_uns_J17_1
core16_0/core4_6/mult_x_6           1205.5680      0.1    1205.5680      0.0000  0.0000  core4_42_DW_mult_tc_J17_0
core16_0/core4_6/mult_x_7            932.1480      0.1     932.1480      0.0000  0.0000  core4_42_DW_mult_uns_J17_0
core16_0/evalA                       916.5240      0.1      28.3500      0.0000  0.0000  Eval_32_76
core16_0/evalA/DP_OP_54J29_122_6213    237.3840     0.0    237.3840      0.0000  0.0000  Eval_32_76_DP_OP_54J29_122_6213_J29_0
core16_0/evalA/DP_OP_55J29_123_6224    322.4340     0.0    322.4340      0.0000  0.0000  Eval_32_76_DP_OP_55J29_123_6224_J29_0
core16_0/evalA/DP_OP_56J29_124_1050    328.3560     0.0    328.3560      0.0000  0.0000  Eval_32_76_DP_OP_56J29_124_1050_J29_0
core16_0/evalA_1                     915.8940      0.1      27.7200      0.0000  0.0000  Eval_32_75
core16_0/evalA_1/DP_OP_54J30_122_342    237.3840     0.0    237.3840     0.0000  0.0000  Eval_32_75_DP_OP_54J30_122_342_J30_0
core16_0/evalA_1/DP_OP_55J30_123_3469    322.4340     0.0    322.4340     0.0000 0.0000  Eval_32_75_DP_OP_55J30_123_3469_J30_0
core16_0/evalA_1/DP_OP_56J30_124_2523    328.3560     0.0    328.3560     0.0000 0.0000  Eval_32_75_DP_OP_56J30_124_2523_J30_0
core16_0/evalA_2                     916.5240      0.1      27.7200      0.0000  0.0000  Eval_32_74
core16_0/evalA_2/DP_OP_54J32_122_7988    237.3840     0.0    237.3840     0.0000 0.0000  Eval_32_74_DP_OP_54J32_122_7988_J32_0
core16_0/evalA_2/DP_OP_55J32_123_9628    323.0640     0.0    323.0640     0.0000 0.0000  Eval_32_74_DP_OP_55J32_123_9628_J32_0
core16_0/evalA_2/DP_OP_56J32_124_7629    328.3560     0.0    328.3560     0.0000 0.0000  Eval_32_74_DP_OP_56J32_124_7629_J32_0
core16_0/evalA_3                     921.1860      0.1      28.4760      0.0000  0.0000  Eval_32_73
core16_0/evalA_3/DP_OP_54J31_122_9217    237.3840     0.0    237.3840     0.0000 0.0000  Eval_32_73_DP_OP_54J31_122_9217_J31_0
core16_0/evalA_3/DP_OP_55J31_123_8979    323.6940     0.0    323.6940     0.0000 0.0000  Eval_32_73_DP_OP_55J31_123_8979_J31_0
core16_0/evalA_3/DP_OP_56J31_124_6980    331.6320     0.0    331.6320     0.0000 0.0000  Eval_32_73_DP_OP_56J31_124_6980_J31_0
core16_0/evalB                       432.8100      0.0      14.3640      0.0000  0.0000  Eval_33_76
core16_0/evalB/DP_OP_54J15_125_8940    113.7780     0.0    113.7780      0.0000  0.0000  Eval_33_76_DP_OP_54J15_125_8940_J15_0
core16_0/evalB/DP_OP_55J15_126_2438    149.4360     0.0    149.4360      0.0000  0.0000  Eval_33_76_DP_OP_55J15_126_2438_J15_0
core16_0/evalB/DP_OP_56J15_127_2998    155.2320     0.0    155.2320      0.0000  0.0000  Eval_33_76_DP_OP_56J15_127_2998_J15_0
core16_0/evalB_1                     435.8340      0.0      12.9780      0.0000  0.0000  Eval_33_75
core16_0/evalB_1/DP_OP_54J17_125_3069    108.8640     0.0    108.8640     0.0000 0.0000  Eval_33_75_DP_OP_54J17_125_3069_J17_0
core16_0/evalB_1/DP_OP_55J17_126_9650    155.8620     0.0    155.8620     0.0000 0.0000  Eval_33_75_DP_OP_55J17_126_9650_J17_0
core16_0/evalB_1/DP_OP_56J17_127_4471    158.1300     0.0    158.1300     0.0000 0.0000  Eval_33_75_DP_OP_56J17_127_4471_J17_0
core16_0/evalB_2                     434.9520      0.0      12.9780      0.0000  0.0000  Eval_33_74
core16_0/evalB_2/DP_OP_54J16_125_748    110.3760     0.0    110.3760     0.0000  0.0000  Eval_33_74_DP_OP_54J16_125_748_J16_0
core16_0/evalB_2/DP_OP_55J16_126_5842    153.9720     0.0    153.9720     0.0000 0.0000  Eval_33_74_DP_OP_55J16_126_5842_J16_0
core16_0/evalB_2/DP_OP_56J16_127_9577    157.6260     0.0    157.6260     0.0000 0.0000  Eval_33_74_DP_OP_56J16_127_9577_J16_0
core16_0/evalB_3                     439.7400      0.0      14.8680      0.0000  0.0000  Eval_33_73
core16_0/evalB_3/DP_OP_54J18_125_1977    111.5100     0.0    111.5100     0.0000 0.0000  Eval_33_73_DP_OP_54J18_125_1977_J18_0
core16_0/evalB_3/DP_OP_55J18_126_5193    155.1060     0.0    155.1060     0.0000 0.0000  Eval_33_73_DP_OP_55J18_126_5193_J18_0
core16_0/evalB_3/DP_OP_56J18_127_8928    158.2560     0.0    158.2560     0.0000 0.0000  Eval_33_73_DP_OP_56J18_127_8928_J18_0
core16_0/interp                    12716.1718      1.3       0.7560   1227.7440  0.0000  Interpolation_7_6
core16_0/interp/interp             11487.6718      1.2       0.2520      0.0000  0.0000  InterpolationComb_7_6
core16_0/interp/interp/DP_OP_421J12_122_3346  11487.4198     1.2  11487.4198     0.0000 0.0000 InterpolationComb_7_0_DP_OP_421J12_122_3346_J12_0_2
core16_1                          130322.1764     13.4       2.0160   2348.6400  0.0000  core16_5
core16_1/core4_0                   14740.8658      1.5       1.0080    630.6300  0.0000  core4_41
core16_1/core4_0/evalA              1051.5960      0.1      38.5560      0.0000  0.0000  Eval_32_41
core16_1/core4_0/evalA/DP_OP_54J21_126_8276    266.9940     0.0    266.9940     0.0000 0.0000 Eval_32_5_DP_OP_54J21_126_8276_J21_0_2
core16_1/core4_0/evalA/DP_OP_55J21_127_5033    372.5820     0.0    372.5820     0.0000 0.0000 Eval_32_5_DP_OP_55J21_127_5033_J21_0_2
core16_1/core4_0/evalA/DP_OP_56J21_128_5140    373.4640     0.0    373.4640     0.0000 0.0000 Eval_32_5_DP_OP_56J21_128_5140_J21_0_2
core16_1/core4_0/evalB               552.6360      0.1      17.2620      0.0000  0.0000  Eval_33_41
core16_1/core4_0/evalB/DP_OP_54J24_125_3928    143.8920     0.0    143.8920     0.0000 0.0000 Eval_33_5_DP_OP_54J24_125_3928_J24_0_2
core16_1/core4_0/evalB/DP_OP_55J24_126_5326    199.4580     0.0    199.4580     0.0000 0.0000 Eval_33_5_DP_OP_55J24_126_5326_J24_0_2
core16_1/core4_0/evalB/DP_OP_56J24_127_8300    192.0240     0.0    192.0240     0.0000 0.0000 Eval_33_5_DP_OP_56J24_127_8300_J24_0_2
core16_1/core4_0/interp             3354.6240      0.3       0.7560    332.6400  0.0000  Interpolation_42
core16_1/core4_0/interp/interp      3021.2280      0.3       0.2520      0.0000  0.0000  InterpolationComb_42
core16_1/core4_0/interp/interp/DP_OP_106J22_122_6228   3020.9760     0.3   3020.9760     0.0000 0.0000 InterpolationComb_0_DP_OP_106J22_122_6228_J22_0_17
core16_1/core4_0/mult_x_1           1192.7160      0.1    1192.7160      0.0000  0.0000  core4_35_DW_mult_uns_J32_3_1
core16_1/core4_0/mult_x_2           1336.8600      0.1    1336.8600      0.0000  0.0000  core4_35_DW_mult_uns_J32_2_1
core16_1/core4_0/mult_x_3           1346.4360      0.1    1346.4360      0.0000  0.0000  core4_35_DW_mult_tc_J32_2_1
core16_1/core4_0/mult_x_4           1323.3780      0.1    1323.3780      0.0000  0.0000  core4_35_DW_mult_tc_J32_1_1
core16_1/core4_0/mult_x_5           1369.1160      0.1    1369.1160      0.0000  0.0000  core4_35_DW_mult_uns_J32_1_1
core16_1/core4_0/mult_x_6           1413.8460      0.1    1413.8460      0.0000  0.0000  core4_35_DW_mult_tc_J32_0_1
core16_1/core4_0/mult_x_7           1168.0200      0.1    1168.0200      0.0000  0.0000  core4_35_DW_mult_uns_J32_0_1
core16_1/core4_1                   15802.5418      1.6       1.0080    630.3780  0.0000  core4_40
core16_1/core4_1/evalA              1078.9380      0.1      34.7760      0.0000  0.0000  Eval_32_40
core16_1/core4_1/evalA/DP_OP_53J22_123_9578    274.0500     0.0    274.0500     0.0000 0.0000 Eval_32_1_DP_OP_53J22_123_9578_J22_0_29
core16_1/core4_1/evalA/DP_OP_54J22_124_907    391.7340     0.0    391.7340     0.0000 0.0000 Eval_32_1_DP_OP_54J22_124_907_J22_0_29
core16_1/core4_1/evalA/DP_OP_55J22_125_2024    378.3780     0.0    378.3780     0.0000 0.0000 Eval_32_1_DP_OP_55J22_125_2024_J22_0_29
core16_1/core4_1/evalB               672.3360      0.1      21.1680      0.0000  0.0000  Eval_33_40
core16_1/core4_1/evalB/DP_OP_55J26_122_5594    171.3600     0.0    171.3600     0.0000 0.0000 Eval_33_40_DP_OP_55J26_122_5594_J26_0
core16_1/core4_1/evalB/DP_OP_56J26_123_7996    241.5420     0.0    241.5420     0.0000 0.0000 Eval_33_40_DP_OP_56J26_123_7996_J26_0
core16_1/core4_1/evalB/DP_OP_57J26_124_9698    238.2660     0.0    238.2660     0.0000 0.0000 Eval_33_40_DP_OP_57J26_124_9698_J26_0
core16_1/core4_1/interp             3354.6240      0.3       0.7560    332.6400  0.0000  Interpolation_41
core16_1/core4_1/interp/interp      3021.2280      0.3       0.2520      0.0000  0.0000  InterpolationComb_41
core16_1/core4_1/interp/interp/DP_OP_106J22_122_6228   3020.9760     0.3   3020.9760     0.0000 0.0000 InterpolationComb_0_DP_OP_106J22_122_6228_J22_0_16
core16_1/core4_1/mult_x_1           1329.8040      0.1    1329.8040      0.0000  0.0000  core4_40_DW_mult_uns_J25_1
core16_1/core4_1/mult_x_2           1436.4000      0.1    1436.4000      0.0000  0.0000  core4_40_DW_mult_tc_J25_4
core16_1/core4_1/mult_x_3           1481.2560      0.2    1481.2560      0.0000  0.0000  core4_40_DW_mult_tc_J25_3
core16_1/core4_1/mult_x_4           1484.5320      0.2    1484.5320      0.0000  0.0000  core4_40_DW_mult_tc_J25_2
core16_1/core4_1/mult_x_5           1479.9960      0.2    1479.9960      0.0000  0.0000  core4_40_DW_mult_tc_J25_1
core16_1/core4_1/mult_x_6           1481.7600      0.2    1481.7600      0.0000  0.0000  core4_40_DW_mult_tc_J25_0
core16_1/core4_1/mult_x_7           1371.5100      0.1    1371.5100      0.0000  0.0000  core4_40_DW_mult_uns_J25_0
core16_1/core4_2                   15535.4218      1.6       1.0080    630.3780  0.0000  core4_39
core16_1/core4_2/evalA              1079.6940      0.1      34.2720      0.0000  0.0000  Eval_32_39
core16_1/core4_2/evalA/DP_OP_53J22_123_9578    275.1840     0.0    275.1840     0.0000 0.0000 Eval_32_1_DP_OP_53J22_123_9578_J22_0_28
core16_1/core4_2/evalA/DP_OP_54J22_124_907    392.1120     0.0    392.1120     0.0000 0.0000 Eval_32_1_DP_OP_54J22_124_907_J22_0_28
core16_1/core4_2/evalA/DP_OP_55J22_125_2024    378.1260     0.0    378.1260     0.0000 0.0000 Eval_32_1_DP_OP_55J22_125_2024_J22_0_28
core16_1/core4_2/evalB               614.1240      0.1      19.0260      0.0000  0.0000  Eval_33_39
core16_1/core4_2/evalB/DP_OP_53J27_122_8097    159.2640     0.0    159.2640     0.0000 0.0000 Eval_33_1_DP_OP_53J27_122_8097_J27_0_25
core16_1/core4_2/evalB/DP_OP_54J27_123_1200    215.5860     0.0    215.5860     0.0000 0.0000 Eval_33_1_DP_OP_54J27_123_1200_J27_0_25
core16_1/core4_2/evalB/DP_OP_55J27_124_5184    220.2480     0.0    220.2480     0.0000 0.0000 Eval_33_1_DP_OP_55J27_124_5184_J27_0_25
core16_1/core4_2/interp             3461.5980      0.4       0.7560    340.7040  0.0000  Interpolation_40
core16_1/core4_2/interp/interp      3120.1379      0.3       0.2520      0.0000  0.0000  InterpolationComb_40
core16_1/core4_2/interp/interp/DP_OP_106J21_122_8999   3119.8859     0.3   3119.8859     0.0000 0.0000 InterpolationComb_1_DP_OP_106J21_122_8999_J21_0_23
core16_1/core4_2/mult_x_1           1303.8480      0.1    1303.8480      0.0000  0.0000  core4_1_DW_mult_tc_J24_6_19
core16_1/core4_2/mult_x_2           1405.1520      0.1    1405.1520      0.0000  0.0000  core4_1_DW_mult_tc_J24_5_19
core16_1/core4_2/mult_x_3           1375.6680      0.1    1375.6680      0.0000  0.0000  core4_1_DW_mult_tc_J24_4_19
core16_1/core4_2/mult_x_4           1394.0640      0.1    1394.0640      0.0000  0.0000  core4_1_DW_mult_tc_J24_3_19
core16_1/core4_2/mult_x_5           1441.8180      0.1    1441.8180      0.0000  0.0000  core4_1_DW_mult_tc_J24_2_19
core16_1/core4_2/mult_x_6           1523.0880      0.2    1523.0880      0.0000  0.0000  core4_39_DW_mult_tc_0
core16_1/core4_2/mult_x_7           1304.9820      0.1    1304.9820      0.0000  0.0000  core4_1_DW_mult_tc_J24_0_19
core16_1/core4_3                   15881.1658      1.6       0.7560    630.3780  0.0000  core4_38
core16_1/core4_3/evalA              1080.4500      0.1      35.0280      0.0000  0.0000  Eval_32_38
core16_1/core4_3/evalA/DP_OP_53J22_123_9578    274.0500     0.0    274.0500     0.0000 0.0000 Eval_32_1_DP_OP_53J22_123_9578_J22_0_27
core16_1/core4_3/evalA/DP_OP_54J22_124_907    391.7340     0.0    391.7340     0.0000 0.0000 Eval_32_1_DP_OP_54J22_124_907_J22_0_27
core16_1/core4_3/evalA/DP_OP_55J22_125_2024    379.6380     0.0    379.6380     0.0000 0.0000 Eval_32_1_DP_OP_55J22_125_2024_J22_0_27
core16_1/core4_3/evalB               762.5520      0.1      22.8060      0.0000  0.0000  Eval_33_38
core16_1/core4_3/evalB/DP_OP_53J27_122_8097    179.2980     0.0    179.2980     0.0000 0.0000 Eval_33_1_DP_OP_53J27_122_8097_J27_0_24
core16_1/core4_3/evalB/DP_OP_54J27_123_1200    322.1820     0.0    322.1820     0.0000 0.0000 Eval_33_38_DP_OP_54J27_123_1200_0
core16_1/core4_3/evalB/DP_OP_55J27_124_5184    238.2660     0.0    238.2660     0.0000 0.0000 Eval_33_1_DP_OP_55J27_124_5184_J27_0_24
core16_1/core4_3/interp             3463.1100      0.4       0.7560    340.7040  0.0000  Interpolation_39
core16_1/core4_3/interp/interp      3121.6499      0.3       0.2520      0.0000  0.0000  InterpolationComb_39
core16_1/core4_3/interp/interp/DP_OP_106J21_122_8999   3121.3979     0.3   3121.3979     0.0000 0.0000 InterpolationComb_1_DP_OP_106J21_122_8999_J21_0_22
core16_1/core4_3/mult_x_1           1281.4200      0.1    1281.4200      0.0000  0.0000  core4_1_DW_mult_tc_J24_6_18
core16_1/core4_3/mult_x_2           1442.3220      0.1    1442.3220      0.0000  0.0000  core4_1_DW_mult_tc_J24_5_18
core16_1/core4_3/mult_x_3           1480.8780      0.2    1480.8780      0.0000  0.0000  core4_1_DW_mult_tc_J24_4_18
core16_1/core4_3/mult_x_4           1483.6500      0.2    1483.6500      0.0000  0.0000  core4_1_DW_mult_tc_J24_3_18
core16_1/core4_3/mult_x_5           1487.8080      0.2    1487.8080      0.0000  0.0000  core4_1_DW_mult_tc_J24_2_18
core16_1/core4_3/mult_x_6           1486.0440      0.2    1486.0440      0.0000  0.0000  core4_1_DW_mult_tc_J24_1_18
core16_1/core4_3/mult_x_7           1281.7980      0.1    1281.7980      0.0000  0.0000  core4_1_DW_mult_tc_J24_0_18
core16_1/core4_4                   16019.6398      1.6       1.0080    630.2520  0.0000  core4_37
core16_1/core4_4/evalA              1078.9380      0.1      34.7760      0.0000  0.0000  Eval_32_37
core16_1/core4_4/evalA/DP_OP_53J22_123_9578    274.0500     0.0    274.0500     0.0000 0.0000 Eval_32_1_DP_OP_53J22_123_9578_J22_0_26
core16_1/core4_4/evalA/DP_OP_54J22_124_907    391.7340     0.0    391.7340     0.0000 0.0000 Eval_32_1_DP_OP_54J22_124_907_J22_0_26
core16_1/core4_4/evalA/DP_OP_55J22_125_2024    378.3780     0.0    378.3780     0.0000 0.0000 Eval_32_1_DP_OP_55J22_125_2024_J22_0_26
core16_1/core4_4/evalB               785.7360      0.1      20.9160      0.0000  0.0000  Eval_33_37
core16_1/core4_4/evalB/DP_OP_54J25_122_246    168.9660     0.0    168.9660     0.0000 0.0000 Eval_33_19_DP_OP_54J25_122_246_J25_0_1
core16_1/core4_4/evalB/DP_OP_55J25_123_8053    356.5800     0.0    356.5800     0.0000 0.0000 Eval_33_37_DP_OP_55J25_123_8053_0
core16_1/core4_4/evalB/DP_OP_56J25_124_8414    239.2740     0.0    239.2740     0.0000 0.0000 Eval_33_19_DP_OP_56J25_124_8414_J25_0_1
core16_1/core4_4/interp             3462.6060      0.4       0.7560    340.7040  0.0000  Interpolation_38
core16_1/core4_4/interp/interp      3121.1459      0.3       0.2520      0.0000  0.0000  InterpolationComb_38
core16_1/core4_4/interp/interp/DP_OP_106J21_122_8999   3120.8939     0.3   3120.8939     0.0000 0.0000 InterpolationComb_1_DP_OP_106J21_122_8999_J21_0_21
core16_1/core4_4/mult_x_1           1336.6080      0.1    1336.6080      0.0000  0.0000  core4_37_DW_mult_uns_J26_1
core16_1/core4_4/mult_x_2           1445.7240      0.1    1445.7240      0.0000  0.0000  core4_37_DW_mult_tc_J26_4
core16_1/core4_4/mult_x_3           1441.6920      0.1    1441.6920      0.0000  0.0000  core4_37_DW_mult_tc_J26_3
core16_1/core4_4/mult_x_4           1481.2560      0.2    1481.2560      0.0000  0.0000  core4_37_DW_mult_tc_J26_2
core16_1/core4_4/mult_x_5           1499.1480      0.2    1499.1480      0.0000  0.0000  core4_37_DW_mult_tc_J26_1
core16_1/core4_4/mult_x_6           1525.8600      0.2    1525.8600      0.0000  0.0000  core4_37_DW_mult_tc_0
core16_1/core4_4/mult_x_7           1330.8120      0.1    1330.8120      0.0000  0.0000  core4_37_DW_mult_uns_J26_0
core16_1/core4_5                   16002.6298      1.6       0.7560    630.1260  0.0000  core4_36
core16_1/core4_5/evalA              1080.8280      0.1      35.2800      0.0000  0.0000  Eval_32_36
core16_1/core4_5/evalA/DP_OP_53J22_123_9578    274.6800     0.0    274.6800     0.0000 0.0000 Eval_32_1_DP_OP_53J22_123_9578_J22_0_25
core16_1/core4_5/evalA/DP_OP_54J22_124_907    392.4900     0.0    392.4900     0.0000 0.0000 Eval_32_1_DP_OP_54J22_124_907_J22_0_25
core16_1/core4_5/evalA/DP_OP_55J22_125_2024    378.3780     0.0    378.3780     0.0000 0.0000 Eval_32_1_DP_OP_55J22_125_2024_J22_0_25
core16_1/core4_5/evalB               689.7240      0.1      22.8060      0.0000  0.0000  Eval_33_36
core16_1/core4_5/evalB/DP_OP_53J27_122_8097    171.9900     0.0    171.9900     0.0000 0.0000 Eval_33_1_DP_OP_53J27_122_8097_J27_0_23
core16_1/core4_5/evalB/DP_OP_54J27_123_1200    256.0320     0.0    256.0320     0.0000 0.0000 Eval_33_1_DP_OP_54J27_123_1200_J27_0_23
core16_1/core4_5/evalB/DP_OP_55J27_124_5184    238.8960     0.0    238.8960     0.0000 0.0000 Eval_33_1_DP_OP_55J27_124_5184_J27_0_23
core16_1/core4_5/interp             3461.0940      0.4       0.7560    340.7040  0.0000  Interpolation_37
core16_1/core4_5/interp/interp      3119.6339      0.3       0.2520      0.0000  0.0000  InterpolationComb_37
core16_1/core4_5/interp/interp/DP_OP_106J21_122_8999   3119.3819     0.3   3119.3819     0.0000 0.0000 InterpolationComb_1_DP_OP_106J21_122_8999_J21_0_20
core16_1/core4_5/mult_x_1           1372.7700      0.1    1372.7700      0.0000  0.0000  core4_1_DW_mult_tc_J24_6_17
core16_1/core4_5/mult_x_2           1440.5580      0.1    1440.5580      0.0000  0.0000  core4_1_DW_mult_tc_J24_5_17
core16_1/core4_5/mult_x_3           1499.0220      0.2    1499.0220      0.0000  0.0000  core4_1_DW_mult_tc_J24_4_17
core16_1/core4_5/mult_x_4           1487.0520      0.2    1487.0520      0.0000  0.0000  core4_1_DW_mult_tc_J24_3_17
core16_1/core4_5/mult_x_5           1486.8000      0.2    1486.8000      0.0000  0.0000  core4_1_DW_mult_tc_J24_2_17
core16_1/core4_5/mult_x_6           1480.2480      0.2    1480.2480      0.0000  0.0000  core4_1_DW_mult_tc_J24_1_17
core16_1/core4_5/mult_x_7           1373.6520      0.1    1373.6520      0.0000  0.0000  core4_1_DW_mult_tc_J24_0_17
core16_1/core4_6                   14826.6718      1.5       1.0080    630.5040  0.0000  core4_35
core16_1/core4_6/evalA              1046.0520      0.1      38.5560      0.0000  0.0000  Eval_32_35
core16_1/core4_6/evalA/DP_OP_54J21_126_8276    266.9940     0.0    266.9940     0.0000 0.0000 Eval_32_5_DP_OP_54J21_126_8276_J21_0_1
core16_1/core4_6/evalA/DP_OP_55J21_127_5033    372.0780     0.0    372.0780     0.0000 0.0000 Eval_32_5_DP_OP_55J21_127_5033_J21_0_1
core16_1/core4_6/evalA/DP_OP_56J21_128_5140    368.4240     0.0    368.4240     0.0000 0.0000 Eval_32_5_DP_OP_56J21_128_5140_J21_0_1
core16_1/core4_6/evalB               654.6960      0.1      17.2620      0.0000  0.0000  Eval_33_35
core16_1/core4_6/evalB/DP_OP_54J24_125_3928    144.5220     0.0    144.5220     0.0000 0.0000 Eval_33_5_DP_OP_54J24_125_3928_J24_0_1
core16_1/core4_6/evalB/DP_OP_55J24_126_5326    197.1900     0.0    197.1900     0.0000 0.0000 Eval_33_5_DP_OP_55J24_126_5326_J24_0_1
core16_1/core4_6/evalB/DP_OP_56J24_127_8300    295.7220     0.0    295.7220     0.0000 0.0000 Eval_33_35_DP_OP_56J24_127_8300_0
core16_1/core4_6/interp             3354.6240      0.3       0.7560    332.6400  0.0000  Interpolation_36
core16_1/core4_6/interp/interp      3021.2280      0.3       0.2520      0.0000  0.0000  InterpolationComb_36
core16_1/core4_6/interp/interp/DP_OP_106J22_122_6228   3020.9760     0.3   3020.9760     0.0000 0.0000 InterpolationComb_0_DP_OP_106J22_122_6228_J22_0_15
core16_1/core4_6/mult_x_1           1190.1960      0.1    1190.1960      0.0000  0.0000  core4_35_DW_mult_uns_J32_3_0
core16_1/core4_6/mult_x_2           1329.3000      0.1    1329.3000      0.0000  0.0000  core4_35_DW_mult_uns_J32_2_0
core16_1/core4_6/mult_x_3           1348.2000      0.1    1348.2000      0.0000  0.0000  core4_35_DW_mult_tc_J32_2_0
core16_1/core4_6/mult_x_4           1315.5660      0.1    1315.5660      0.0000  0.0000  core4_35_DW_mult_tc_J32_1_0
core16_1/core4_6/mult_x_5           1369.2420      0.1    1369.2420      0.0000  0.0000  core4_35_DW_mult_uns_J32_1_0
core16_1/core4_6/mult_x_6           1417.5000      0.1    1417.5000      0.0000  0.0000  core4_35_DW_mult_tc_J32_0_0
core16_1/core4_6/mult_x_7           1169.7840      0.1    1169.7840      0.0000  0.0000  core4_35_DW_mult_uns_J32_0_0
core16_1/evalA                      1038.9960      0.1      38.5560      0.0000  0.0000  Eval_32_72
core16_1/evalA/DP_OP_54J22_126_7364    266.9940     0.0    266.9940      0.0000  0.0000  Eval_32_69_DP_OP_54J22_126_7364_J22_0_3
core16_1/evalA/DP_OP_55J22_127_1671    367.1640     0.0    367.1640      0.0000  0.0000  Eval_32_69_DP_OP_55J22_127_1671_J22_0_3
core16_1/evalA/DP_OP_56J22_128_2247    366.2820     0.0    366.2820      0.0000  0.0000  Eval_32_69_DP_OP_56J22_128_2247_J22_0_3
core16_1/evalA_1                    1034.7120      0.1      31.3740      0.0000  0.0000  Eval_32_71
core16_1/evalA_1/DP_OP_54J22_126_7364    266.9940     0.0    266.9940     0.0000 0.0000  Eval_32_69_DP_OP_54J22_126_7364_J22_0_2
core16_1/evalA_1/DP_OP_55J22_127_1671    367.7940     0.0    367.7940     0.0000 0.0000  Eval_32_69_DP_OP_55J22_127_1671_J22_0_2
core16_1/evalA_1/DP_OP_56J22_128_2247    368.5500     0.0    368.5500     0.0000 0.0000  Eval_32_69_DP_OP_56J22_128_2247_J22_0_2
core16_1/evalA_2                    1034.9640      0.1      31.3740      0.0000  0.0000  Eval_32_70
core16_1/evalA_2/DP_OP_54J22_126_7364    266.9940     0.0    266.9940     0.0000 0.0000  Eval_32_69_DP_OP_54J22_126_7364_J22_0_1
core16_1/evalA_2/DP_OP_55J22_127_1671    369.0540     0.0    369.0540     0.0000 0.0000  Eval_32_69_DP_OP_55J22_127_1671_J22_0_1
core16_1/evalA_2/DP_OP_56J22_128_2247    367.5420     0.0    367.5420     0.0000 0.0000  Eval_32_69_DP_OP_56J22_128_2247_J22_0_1
core16_1/evalA_3                    1039.6260      0.1      38.5560      0.0000  0.0000  Eval_32_69
core16_1/evalA_3/DP_OP_54J22_126_7364    266.9940     0.0    266.9940     0.0000 0.0000  Eval_32_69_DP_OP_54J22_126_7364_J22_0_0
core16_1/evalA_3/DP_OP_55J22_127_1671    367.7940     0.0    367.7940     0.0000 0.0000  Eval_32_69_DP_OP_55J22_127_1671_J22_0_0
core16_1/evalA_3/DP_OP_56J22_128_2247    366.2820     0.0    366.2820     0.0000 0.0000  Eval_32_69_DP_OP_56J22_128_2247_J22_0_0
core16_1/evalB                       549.9900      0.1      17.1360      0.0000  0.0000  Eval_33_72
core16_1/evalB/DP_OP_54J23_125_7985    145.4040     0.0    145.4040      0.0000  0.0000  Eval_33_69_DP_OP_54J23_125_7985_J23_0_3
core16_1/evalB/DP_OP_55J23_126_688    194.9220     0.0     194.9220      0.0000  0.0000  Eval_33_69_DP_OP_55J23_126_688_J23_0_3
core16_1/evalB/DP_OP_56J23_127_8364    192.5280     0.0    192.5280      0.0000  0.0000  Eval_33_69_DP_OP_56J23_127_8364_J23_0_3
core16_1/evalB_1                     550.1160      0.1      16.2540      0.0000  0.0000  Eval_33_71
core16_1/evalB_1/DP_OP_54J23_125_7985    144.2700     0.0    144.2700     0.0000 0.0000  Eval_33_69_DP_OP_54J23_125_7985_J23_0_2
core16_1/evalB_1/DP_OP_55J23_126_688    192.9060     0.0    192.9060     0.0000  0.0000  Eval_33_69_DP_OP_55J23_126_688_J23_0_2
core16_1/evalB_1/DP_OP_56J23_127_8364    196.6860     0.0    196.6860     0.0000 0.0000  Eval_33_69_DP_OP_56J23_127_8364_J23_0_2
core16_1/evalB_2                     546.5880      0.1      16.2540      0.0000  0.0000  Eval_33_70
core16_1/evalB_2/DP_OP_54J23_125_7985    144.2700     0.0    144.2700     0.0000 0.0000  Eval_33_69_DP_OP_54J23_125_7985_J23_0_1
core16_1/evalB_2/DP_OP_55J23_126_688    192.2760     0.0    192.2760     0.0000  0.0000  Eval_33_69_DP_OP_55J23_126_688_J23_0_1
core16_1/evalB_2/DP_OP_56J23_127_8364    193.7880     0.0    193.7880     0.0000 0.0000  Eval_33_69_DP_OP_56J23_127_8364_J23_0_1
core16_1/evalB_3                     652.6800      0.1      17.3880      0.0000  0.0000  Eval_33_69
core16_1/evalB_3/DP_OP_54J23_125_7985    145.2780     0.0    145.2780     0.0000 0.0000  Eval_33_69_DP_OP_54J23_125_7985_J23_0_0
core16_1/evalB_3/DP_OP_55J23_126_688    194.5440     0.0    194.5440     0.0000  0.0000  Eval_33_69_DP_OP_55J23_126_688_J23_0_0
core16_1/evalB_3/DP_OP_56J23_127_8364    295.4700     0.0    295.4700     0.0000 0.0000  Eval_33_69_DP_OP_56J23_127_8364_0
core16_1/interp                    12714.9118      1.3       0.7560   1227.7440  0.0000  Interpolation_7_5
core16_1/interp/interp             11486.4118      1.2       0.2520      0.0000  0.0000  InterpolationComb_7_5
core16_1/interp/interp/DP_OP_421J12_122_3346  11486.1598     1.2  11486.1598     0.0000 0.0000 InterpolationComb_7_0_DP_OP_421J12_122_3346_J12_0_1
core16_2                          125491.2104     12.9       2.0160   2348.6400  0.0000  core16_4
core16_2/core4_0                   13759.8298      1.4       1.0080    630.8820  0.0000  core4_34
core16_2/core4_0/evalA               964.0260      0.1      29.1060      0.0000  0.0000  Eval_32_34
core16_2/core4_0/evalA/DP_OP_54J18_122_3091    250.2360     0.0    250.2360     0.0000 0.0000 Eval_32_28_DP_OP_54J18_122_3091_J18_0_1
core16_2/core4_0/evalA/DP_OP_55J18_123_7508    339.3180     0.0    339.3180     0.0000 0.0000 Eval_32_28_DP_OP_55J18_123_7508_J18_0_1
core16_2/core4_0/evalA/DP_OP_56J18_124_8232    345.3660     0.0    345.3660     0.0000 0.0000 Eval_32_28_DP_OP_56J18_124_8232_J18_0_1
core16_2/core4_0/evalB               483.5880      0.0      14.8680      0.0000  0.0000  Eval_33_34
core16_2/core4_0/evalB/DP_OP_54J27_125_6887    128.8980     0.0    128.8980     0.0000 0.0000 Eval_33_28_DP_OP_54J27_125_6887_J27_0_1
core16_2/core4_0/evalB/DP_OP_55J27_126_5906    167.3280     0.0    167.3280     0.0000 0.0000 Eval_33_28_DP_OP_55J27_126_5906_J27_0_1
core16_2/core4_0/evalB/DP_OP_56J27_127_896    172.4940     0.0    172.4940     0.0000 0.0000 Eval_33_28_DP_OP_56J27_127_896_J27_0_1
core16_2/core4_0/interp             3354.6240      0.3       0.7560    332.6400  0.0000  Interpolation_35
core16_2/core4_0/interp/interp      3021.2280      0.3       0.2520      0.0000  0.0000  InterpolationComb_35
core16_2/core4_0/interp/interp/DP_OP_106J22_122_6228   3020.9760     0.3   3020.9760     0.0000 0.0000 InterpolationComb_0_DP_OP_106J22_122_6228_J22_0_14
core16_2/core4_0/mult_x_1           1066.9680      0.1    1066.9680      0.0000  0.0000  core4_28_DW_mult_uns_J15_3_1
core16_2/core4_0/mult_x_2           1299.9420      0.1    1299.9420      0.0000  0.0000  core4_28_DW_mult_uns_J15_2_1
core16_2/core4_0/mult_x_3           1133.7480      0.1    1133.7480      0.0000  0.0000  core4_28_DW_mult_tc_J15_2_1
core16_2/core4_0/mult_x_4           1185.4080      0.1    1185.4080      0.0000  0.0000  core4_28_DW_mult_tc_J15_1_1
core16_2/core4_0/mult_x_5           1269.4500      0.1    1269.4500      0.0000  0.0000  core4_28_DW_mult_uns_J15_1_1
core16_2/core4_0/mult_x_6           1299.5640      0.1    1299.5640      0.0000  0.0000  core4_28_DW_mult_tc_J15_0_1
core16_2/core4_0/mult_x_7           1070.6220      0.1    1070.6220      0.0000  0.0000  core4_28_DW_mult_uns_J15_0_1
core16_2/core4_1                   15368.8498      1.6       1.0080    630.1260  0.0000  core4_33
core16_2/core4_1/evalA              1065.4560      0.1      33.2640      0.0000  0.0000  Eval_32_33
core16_2/core4_1/evalA/DP_OP_55J21_123_4242    272.7900     0.0    272.7900     0.0000 0.0000 Eval_32_33_DP_OP_55J21_123_4242_J21_0
core16_2/core4_1/evalA/DP_OP_56J21_124_6859    384.3000     0.0    384.3000     0.0000 0.0000 Eval_32_33_DP_OP_56J21_124_6859_J21_0
core16_2/core4_1/evalA/DP_OP_57J21_125_4104    375.1020     0.0    375.1020     0.0000 0.0000 Eval_32_33_DP_OP_57J21_125_4104_J21_0
core16_2/core4_1/evalB               605.4300      0.1      18.7740      0.0000  0.0000  Eval_33_33
core16_2/core4_1/evalB/DP_OP_54J24_122_3883    157.2480     0.0    157.2480     0.0000 0.0000 Eval_33_33_DP_OP_54J24_122_3883_J24_0
core16_2/core4_1/evalB/DP_OP_55J24_123_5257    212.4360     0.0    212.4360     0.0000 0.0000 Eval_33_33_DP_OP_55J24_123_5257_J24_0
core16_2/core4_1/evalB/DP_OP_56J24_124_1522    216.9720     0.0    216.9720     0.0000 0.0000 Eval_33_33_DP_OP_56J24_124_1522_J24_0
core16_2/core4_1/interp             3354.6240      0.3       0.7560    332.6400  0.0000  Interpolation_34
core16_2/core4_1/interp/interp      3021.2280      0.3       0.2520      0.0000  0.0000  InterpolationComb_34
core16_2/core4_1/interp/interp/DP_OP_106J22_122_6228   3020.9760     0.3   3020.9760     0.0000 0.0000 InterpolationComb_0_DP_OP_106J22_122_6228_J22_0_13
core16_2/core4_1/mult_x_1           1298.5560      0.1    1298.5560      0.0000  0.0000  core4_33_DW_mult_uns_J29_1
core16_2/core4_1/mult_x_2           1405.1520      0.1    1405.1520      0.0000  0.0000  core4_33_DW_mult_tc_J29_4
core16_2/core4_1/mult_x_3           1368.7380      0.1    1368.7380      0.0000  0.0000  core4_33_DW_mult_tc_J29_3
core16_2/core4_1/mult_x_4           1400.1120      0.1    1400.1120      0.0000  0.0000  core4_33_DW_mult_tc_J29_2
core16_2/core4_1/mult_x_5           1455.3000      0.1    1455.3000      0.0000  0.0000  core4_33_DW_mult_tc_J29_1
core16_2/core4_1/mult_x_6           1488.5640      0.2    1488.5640      0.0000  0.0000  core4_33_DW_mult_tc_J29_0
core16_2/core4_1/mult_x_7           1295.7840      0.1    1295.7840      0.0000  0.0000  core4_33_DW_mult_uns_J29_0
core16_2/core4_2                   14405.9578      1.5       1.0080    630.1260  0.0000  core4_32
core16_2/core4_2/evalA              1020.0960      0.1      31.5000      0.0000  0.0000  Eval_32_32
core16_2/core4_2/evalA/DP_OP_53J22_123_9578    259.3080     0.0    259.3080     0.0000 0.0000 Eval_32_1_DP_OP_53J22_123_9578_J22_0_24
core16_2/core4_2/evalA/DP_OP_54J22_124_907    365.5260     0.0    365.5260     0.0000 0.0000 Eval_32_1_DP_OP_54J22_124_907_J22_0_24
core16_2/core4_2/evalA/DP_OP_55J22_125_2024    363.7620     0.0    363.7620     0.0000 0.0000 Eval_32_1_DP_OP_55J22_125_2024_J22_0_24
core16_2/core4_2/evalB               514.3320      0.1      15.7500      0.0000  0.0000  Eval_33_32
core16_2/core4_2/evalB/DP_OP_53J27_122_8097    131.2920     0.0    131.2920     0.0000 0.0000 Eval_33_1_DP_OP_53J27_122_8097_J27_0_22
core16_2/core4_2/evalB/DP_OP_54J27_123_1200    181.3140     0.0    181.3140     0.0000 0.0000 Eval_33_1_DP_OP_54J27_123_1200_J27_0_22
core16_2/core4_2/evalB/DP_OP_55J27_124_5184    185.9760     0.0    185.9760     0.0000 0.0000 Eval_33_1_DP_OP_55J27_124_5184_J27_0_22
core16_2/core4_2/interp             3461.5980      0.4       0.7560    340.7040  0.0000  Interpolation_33
core16_2/core4_2/interp/interp      3120.1379      0.3       0.2520      0.0000  0.0000  InterpolationComb_33
core16_2/core4_2/interp/interp/DP_OP_106J21_122_8999   3119.8859     0.3   3119.8859     0.0000 0.0000 InterpolationComb_1_DP_OP_106J21_122_8999_J21_0_19
core16_2/core4_2/mult_x_1           1111.9500      0.1    1111.9500      0.0000  0.0000  core4_1_DW_mult_tc_J24_6_16
core16_2/core4_2/mult_x_2           1303.7220      0.1    1303.7220      0.0000  0.0000  core4_1_DW_mult_tc_J24_5_16
core16_2/core4_2/mult_x_3           1232.2800      0.1    1232.2800      0.0000  0.0000  core4_1_DW_mult_tc_J24_4_16
core16_2/core4_2/mult_x_4           1285.0740      0.1    1285.0740      0.0000  0.0000  core4_1_DW_mult_tc_J24_3_16
core16_2/core4_2/mult_x_5           1337.7420      0.1    1337.7420      0.0000  0.0000  core4_1_DW_mult_tc_J24_2_16
core16_2/core4_2/mult_x_6           1391.0400      0.1    1391.0400      0.0000  0.0000  core4_1_DW_mult_tc_J24_1_16
core16_2/core4_2/mult_x_7           1116.9900      0.1    1116.9900      0.0000  0.0000  core4_1_DW_mult_tc_J24_0_16
core16_2/core4_3                   15574.2298      1.6       0.7560    630.2520  0.0000  core4_31
core16_2/core4_3/evalA              1084.8600      0.1      35.2800      0.0000  0.0000  Eval_32_31
core16_2/core4_3/evalA/DP_OP_53J22_123_9578    274.6800     0.0    274.6800     0.0000 0.0000 Eval_32_1_DP_OP_53J22_123_9578_J22_0_23
core16_2/core4_3/evalA/DP_OP_54J22_124_907    395.2620     0.0    395.2620     0.0000 0.0000 Eval_32_1_DP_OP_54J22_124_907_J22_0_23
core16_2/core4_3/evalA/DP_OP_55J22_125_2024    379.6380     0.0    379.6380     0.0000 0.0000 Eval_32_1_DP_OP_55J22_125_2024_J22_0_23
core16_2/core4_3/evalB               694.0080      0.1      22.3020      0.0000  0.0000  Eval_33_31
core16_2/core4_3/evalB/DP_OP_53J27_122_8097    173.2500     0.0    173.2500     0.0000 0.0000 Eval_33_1_DP_OP_53J27_122_8097_J27_0_21
core16_2/core4_3/evalB/DP_OP_54J27_123_1200    252.3780     0.0    252.3780     0.0000 0.0000 Eval_33_1_DP_OP_54J27_123_1200_J27_0_21
core16_2/core4_3/evalB/DP_OP_55J27_124_5184    246.0780     0.0    246.0780     0.0000 0.0000 Eval_33_1_DP_OP_55J27_124_5184_J27_0_21
core16_2/core4_3/interp             3461.5980      0.4       0.7560    340.7040  0.0000  Interpolation_32
core16_2/core4_3/interp/interp      3120.1379      0.3       0.2520      0.0000  0.0000  InterpolationComb_32
core16_2/core4_3/interp/interp/DP_OP_106J21_122_8999   3119.8859     0.3   3119.8859     0.0000 0.0000 InterpolationComb_1_DP_OP_106J21_122_8999_J21_0_18
core16_2/core4_3/mult_x_1           1156.9320      0.1    1156.9320      0.0000  0.0000  core4_1_DW_mult_tc_J24_6_15
core16_2/core4_3/mult_x_2           1441.9440      0.1    1441.9440      0.0000  0.0000  core4_1_DW_mult_tc_J24_5_15
core16_2/core4_3/mult_x_3           1489.4460      0.2    1489.4460      0.0000  0.0000  core4_1_DW_mult_tc_J24_4_15
core16_2/core4_3/mult_x_4           1480.7520      0.2    1480.7520      0.0000  0.0000  core4_1_DW_mult_tc_J24_3_15
core16_2/core4_3/mult_x_5           1489.5720      0.2    1489.5720      0.0000  0.0000  core4_1_DW_mult_tc_J24_2_15
core16_2/core4_3/mult_x_6           1487.0520      0.2    1487.0520      0.0000  0.0000  core4_1_DW_mult_tc_J24_1_15
core16_2/core4_3/mult_x_7           1157.0580      0.1    1157.0580      0.0000  0.0000  core4_1_DW_mult_tc_J24_0_15
core16_2/core4_4                   15308.8738      1.6       1.0080    630.2520  0.0000  core4_30
core16_2/core4_4/evalA              1063.6920      0.1      32.8860      0.0000  0.0000  Eval_32_30
core16_2/core4_4/evalA/DP_OP_54J28_122_580    271.7820     0.0    271.7820     0.0000 0.0000 Eval_32_30_DP_OP_54J28_122_580_J28_0
core16_2/core4_4/evalA/DP_OP_55J28_123_5196    382.1580     0.0    382.1580     0.0000 0.0000 Eval_32_30_DP_OP_55J28_123_5196_J28_0
core16_2/core4_4/evalA/DP_OP_56J28_124_4835    376.8660     0.0    376.8660     0.0000 0.0000 Eval_32_30_DP_OP_56J28_124_4835_J28_0
core16_2/core4_4/evalB               591.5700      0.1      18.5220      0.0000  0.0000  Eval_33_30
core16_2/core4_4/evalB/DP_OP_54J28_125_5297    156.9960     0.0    156.9960     0.0000 0.0000 Eval_33_30_DP_OP_54J28_125_5297_J28_0
core16_2/core4_4/evalB/DP_OP_55J28_126_4277    206.1360     0.0    206.1360     0.0000 0.0000 Eval_33_30_DP_OP_55J28_126_4277_J28_0
core16_2/core4_4/evalB/DP_OP_56J28_127_7329    209.9160     0.0    209.9160     0.0000 0.0000 Eval_33_30_DP_OP_56J28_127_7329_J28_0
core16_2/core4_4/interp             3462.1020      0.4       0.7560    340.7040  0.0000  Interpolation_31
core16_2/core4_4/interp/interp      3120.6419      0.3       0.2520      0.0000  0.0000  InterpolationComb_31
core16_2/core4_4/interp/interp/DP_OP_106J21_122_8999   3120.3899     0.3   3120.3899     0.0000 0.0000 InterpolationComb_1_DP_OP_106J21_122_8999_J21_0_17
core16_2/core4_4/mult_x_1           1230.0120      0.1    1230.0120      0.0000  0.0000  core4_30_DW_mult_uns_J30_2
core16_2/core4_4/mult_x_2           1450.0080      0.1    1450.0080      0.0000  0.0000  core4_30_DW_mult_tc_J30_3
core16_2/core4_4/mult_x_3           1344.7980      0.1    1344.7980      0.0000  0.0000  core4_30_DW_mult_tc_J30_2
core16_2/core4_4/mult_x_4           1385.2440      0.1    1385.2440      0.0000  0.0000  core4_30_DW_mult_tc_J30_1
core16_2/core4_4/mult_x_5           1444.7160      0.1    1444.7160      0.0000  0.0000  core4_30_DW_mult_uns_J30_1
core16_2/core4_4/mult_x_6           1474.9560      0.2    1474.9560      0.0000  0.0000  core4_30_DW_mult_tc_J30_0
core16_2/core4_4/mult_x_7           1230.5160      0.1    1230.5160      0.0000  0.0000  core4_30_DW_mult_uns_J30_0
core16_2/core4_5                   15830.7658      1.6       0.7560    630.3780  0.0000  core4_29
core16_2/core4_5/evalA              1083.2220      0.1      35.1540      0.0000  0.0000  Eval_32_29
core16_2/core4_5/evalA/DP_OP_53J22_123_9578    274.6800     0.0    274.6800     0.0000 0.0000 Eval_32_1_DP_OP_53J22_123_9578_J22_0_22
core16_2/core4_5/evalA/DP_OP_54J22_124_907    393.6240     0.0    393.6240     0.0000 0.0000 Eval_32_1_DP_OP_54J22_124_907_J22_0_22
core16_2/core4_5/evalA/DP_OP_55J22_125_2024    379.7640     0.0    379.7640     0.0000 0.0000 Eval_32_1_DP_OP_55J22_125_2024_J22_0_22
core16_2/core4_5/evalB               753.1020      0.1      23.0580      0.0000  0.0000  Eval_33_29
core16_2/core4_5/evalB/DP_OP_53J27_122_8097    164.6820     0.0    164.6820     0.0000 0.0000 Eval_33_29_DP_OP_53J27_122_8097_0
core16_2/core4_5/evalB/DP_OP_54J27_123_1200    316.7640     0.0    316.7640     0.0000 0.0000 Eval_33_29_DP_OP_54J27_123_1200_0
core16_2/core4_5/evalB/DP_OP_55J27_124_5184    248.5980     0.0    248.5980     0.0000 0.0000 Eval_33_1_DP_OP_55J27_124_5184_J27_0_20
core16_2/core4_5/interp             3463.1100      0.4       0.7560    340.7040  0.0000  Interpolation_30
core16_2/core4_5/interp/interp      3121.6499      0.3       0.2520      0.0000  0.0000  InterpolationComb_30
core16_2/core4_5/interp/interp/DP_OP_106J21_122_8999   3121.3979     0.3   3121.3979     0.0000 0.0000 InterpolationComb_1_DP_OP_106J21_122_8999_J21_0_16
core16_2/core4_5/mult_x_1           1267.6860      0.1    1267.6860      0.0000  0.0000  core4_1_DW_mult_tc_J24_6_14
core16_2/core4_5/mult_x_2           1438.1640      0.1    1438.1640      0.0000  0.0000  core4_1_DW_mult_tc_J24_5_14
core16_2/core4_5/mult_x_3           1480.7520      0.2    1480.7520      0.0000  0.0000  core4_1_DW_mult_tc_J24_4_14
core16_2/core4_5/mult_x_4           1482.8940      0.2    1482.8940      0.0000  0.0000  core4_1_DW_mult_tc_J24_3_14
core16_2/core4_5/mult_x_5           1481.6340      0.2    1481.6340      0.0000  0.0000  core4_1_DW_mult_tc_J24_2_14
core16_2/core4_5/mult_x_6           1486.2960      0.2    1486.2960      0.0000  0.0000  core4_1_DW_mult_tc_J24_1_14
core16_2/core4_5/mult_x_7           1262.7720      0.1    1262.7720      0.0000  0.0000  core4_1_DW_mult_tc_J24_0_14
core16_2/core4_6                   13746.0958      1.4       1.0080    630.2520  0.0000  core4_28
core16_2/core4_6/evalA               964.0260      0.1      29.2320      0.0000  0.0000  Eval_32_28
core16_2/core4_6/evalA/DP_OP_54J18_122_3091    250.2360     0.0    250.2360     0.0000 0.0000 Eval_32_28_DP_OP_54J18_122_3091_J18_0_0
core16_2/core4_6/evalA/DP_OP_55J18_123_7508    339.3180     0.0    339.3180     0.0000 0.0000 Eval_32_28_DP_OP_55J18_123_7508_J18_0_0
core16_2/core4_6/evalA/DP_OP_56J18_124_8232    345.2400     0.0    345.2400     0.0000 0.0000 Eval_32_28_DP_OP_56J18_124_8232_J18_0_0
core16_2/core4_6/evalB               477.0360      0.0      14.8680      0.0000  0.0000  Eval_33_28
core16_2/core4_6/evalB/DP_OP_54J27_125_6887    123.3540     0.0    123.3540     0.0000 0.0000 Eval_33_28_DP_OP_54J27_125_6887_J27_0_0
core16_2/core4_6/evalB/DP_OP_55J27_126_5906    166.8240     0.0    166.8240     0.0000 0.0000 Eval_33_28_DP_OP_55J27_126_5906_J27_0_0
core16_2/core4_6/evalB/DP_OP_56J27_127_896    171.9900     0.0    171.9900     0.0000 0.0000 Eval_33_28_DP_OP_56J27_127_896_J27_0_0
core16_2/core4_6/interp             3354.6240      0.3       0.7560    332.6400  0.0000  Interpolation_29
core16_2/core4_6/interp/interp      3021.2280      0.3       0.2520      0.0000  0.0000  InterpolationComb_29
core16_2/core4_6/interp/interp/DP_OP_106J22_122_6228   3020.9760     0.3   3020.9760     0.0000 0.0000 InterpolationComb_0_DP_OP_106J22_122_6228_J22_0_12
core16_2/core4_6/mult_x_1           1066.7160      0.1    1066.7160      0.0000  0.0000  core4_28_DW_mult_uns_J15_3_0
core16_2/core4_6/mult_x_2           1296.6660      0.1    1296.6660      0.0000  0.0000  core4_28_DW_mult_uns_J15_2_0
core16_2/core4_6/mult_x_3           1136.6460      0.1    1136.6460      0.0000  0.0000  core4_28_DW_mult_tc_J15_2_0
core16_2/core4_6/mult_x_4           1186.9200      0.1    1186.9200      0.0000  0.0000  core4_28_DW_mult_tc_J15_1_0
core16_2/core4_6/mult_x_5           1265.6700      0.1    1265.6700      0.0000  0.0000  core4_28_DW_mult_uns_J15_1_0
core16_2/core4_6/mult_x_6           1294.0200      0.1    1294.0200      0.0000  0.0000  core4_28_DW_mult_tc_J15_0_0
core16_2/core4_6/mult_x_7           1072.5120      0.1    1072.5120      0.0000  0.0000  core4_28_DW_mult_uns_J15_0_0
core16_2/evalA                       965.9160      0.1      29.2320      0.0000  0.0000  Eval_32_68
core16_2/evalA/DP_OP_54J15_122_639    250.2360     0.0     250.2360      0.0000  0.0000  Eval_32_65_DP_OP_54J15_122_639_J15_0_3
core16_2/evalA/DP_OP_55J15_123_1301    339.9480     0.0    339.9480      0.0000  0.0000  Eval_32_65_DP_OP_55J15_123_1301_J15_0_3
core16_2/evalA/DP_OP_56J15_124_7812    346.5000     0.0    346.5000      0.0000  0.0000  Eval_32_65_DP_OP_56J15_124_7812_J15_0_3
core16_2/evalA_1                     967.9320      0.1      28.9800      0.0000  0.0000  Eval_32_67
core16_2/evalA_1/DP_OP_54J15_122_639    251.4960     0.0    251.4960     0.0000  0.0000  Eval_32_65_DP_OP_54J15_122_639_J15_0_2
core16_2/evalA_1/DP_OP_55J15_123_1301    341.2080     0.0    341.2080     0.0000 0.0000  Eval_32_65_DP_OP_55J15_123_1301_J15_0_2
core16_2/evalA_1/DP_OP_56J15_124_7812    346.2480     0.0    346.2480     0.0000 0.0000  Eval_32_65_DP_OP_56J15_124_7812_J15_0_2
core16_2/evalA_2                     967.6800      0.1      28.9800      0.0000  0.0000  Eval_32_66
core16_2/evalA_2/DP_OP_54J15_122_639    250.2360     0.0    250.2360     0.0000  0.0000  Eval_32_65_DP_OP_54J15_122_639_J15_0_1
core16_2/evalA_2/DP_OP_55J15_123_1301    340.5780     0.0    340.5780     0.0000 0.0000  Eval_32_65_DP_OP_55J15_123_1301_J15_0_1
core16_2/evalA_2/DP_OP_56J15_124_7812    347.8860     0.0    347.8860     0.0000 0.0000  Eval_32_65_DP_OP_56J15_124_7812_J15_0_1
core16_2/evalA_3                     976.1220      0.1      29.1060      0.0000  0.0000  Eval_32_65
core16_2/evalA_3/DP_OP_54J15_122_639    251.4960     0.0    251.4960     0.0000  0.0000  Eval_32_65_DP_OP_54J15_122_639_J15_0_0
core16_2/evalA_3/DP_OP_55J15_123_1301    342.4680     0.0    342.4680     0.0000 0.0000  Eval_32_65_DP_OP_55J15_123_1301_J15_0_0
core16_2/evalA_3/DP_OP_56J15_124_7812    353.0520     0.0    353.0520     0.0000 0.0000  Eval_32_65_DP_OP_56J15_124_7812_J15_0_0
core16_2/evalB                       479.0520      0.0      14.8680      0.0000  0.0000  Eval_33_68
core16_2/evalB/DP_OP_54J21_129_4435    125.2440     0.0    125.2440      0.0000  0.0000  Eval_33_65_DP_OP_54J21_129_4435_J21_0_3
core16_2/evalB/DP_OP_55J21_130_9602    168.5880     0.0    168.5880      0.0000  0.0000  Eval_33_65_DP_OP_55J21_130_9602_J21_0_3
core16_2/evalB/DP_OP_56J21_131_412    170.3520     0.0     170.3520      0.0000  0.0000  Eval_33_65_DP_OP_56J21_131_412_J21_0_3
core16_2/evalB_1                     559.8180      0.1      13.9860      0.0000  0.0000  Eval_33_67
core16_2/evalB_1/DP_OP_54J21_129_4435    122.5980     0.0    122.5980     0.0000 0.0000  Eval_33_65_DP_OP_54J21_129_4435_J21_0_2
core16_2/evalB_1/DP_OP_55J21_130_9602    167.8320     0.0    167.8320     0.0000 0.0000  Eval_33_65_DP_OP_55J21_130_9602_J21_0_2
core16_2/evalB_1/DP_OP_56J21_131_412    255.4020     0.0    255.4020     0.0000  0.0000  Eval_33_67_DP_OP_56J21_131_412_0
core16_2/evalB_2                     479.5560      0.0      13.8600      0.0000  0.0000  Eval_33_66
core16_2/evalB_2/DP_OP_54J21_129_4435    126.1260     0.0    126.1260     0.0000 0.0000  Eval_33_65_DP_OP_54J21_129_4435_J21_0_1
core16_2/evalB_2/DP_OP_55J21_130_9602    168.0840     0.0    168.0840     0.0000 0.0000  Eval_33_65_DP_OP_55J21_130_9602_J21_0_1
core16_2/evalB_2/DP_OP_56J21_131_412    171.4860     0.0    171.4860     0.0000  0.0000  Eval_33_65_DP_OP_56J21_131_412_J21_0_1
core16_2/evalB_3                     483.7140      0.0      14.8680      0.0000  0.0000  Eval_33_65
core16_2/evalB_3/DP_OP_54J21_129_4435    127.5120     0.0    127.5120     0.0000 0.0000  Eval_33_65_DP_OP_54J21_129_4435_J21_0_0
core16_2/evalB_3/DP_OP_55J21_130_9602    169.5960     0.0    169.5960     0.0000 0.0000  Eval_33_65_DP_OP_55J21_130_9602_J21_0_0
core16_2/evalB_3/DP_OP_56J21_131_412    171.7380     0.0    171.7380     0.0000  0.0000  Eval_33_65_DP_OP_56J21_131_412_J21_0_0
core16_2/interp                    13266.1618      1.4       0.7560   1260.0000  0.0000  Interpolation_7_4
core16_2/interp/interp             12005.4058      1.2       0.2520      0.0000  0.0000  InterpolationComb_7_4
core16_2/interp/interp/DP_OP_421J11_122_4043  12005.1538     1.2  12005.1538     0.0000 0.0000 InterpolationComb_7_1_DP_OP_421J11_122_4043_J11_0_3
core16_3                          133840.0963     13.7       2.0160   2348.6400  0.0000  core16_3
core16_3/core4_0                   15256.2058      1.6       0.7560    630.1260  0.0000  core4_27
core16_3/core4_0/evalA              1089.0180      0.1      41.0760      0.0000  0.0000  Eval_32_27
core16_3/core4_0/evalA/DP_OP_53J22_123_9578    274.0500     0.0    274.0500     0.0000 0.0000 Eval_32_1_DP_OP_53J22_123_9578_J22_0_21
core16_3/core4_0/evalA/DP_OP_54J22_124_907    393.6240     0.0    393.6240     0.0000 0.0000 Eval_32_1_DP_OP_54J22_124_907_J22_0_21
core16_3/core4_0/evalA/DP_OP_55J22_125_2024    380.2680     0.0    380.2680     0.0000 0.0000 Eval_32_1_DP_OP_55J22_125_2024_J22_0_21
core16_3/core4_0/evalB               687.9600      0.1      22.1760      0.0000  0.0000  Eval_33_27
core16_3/core4_0/evalB/DP_OP_53J27_122_8097    171.8640     0.0    171.8640     0.0000 0.0000 Eval_33_1_DP_OP_53J27_122_8097_J27_0_19
core16_3/core4_0/evalB/DP_OP_54J27_123_1200    256.6620     0.0    256.6620     0.0000 0.0000 Eval_33_1_DP_OP_54J27_123_1200_J27_0_19
core16_3/core4_0/evalB/DP_OP_55J27_124_5184    237.2580     0.0    237.2580     0.0000 0.0000 Eval_33_1_DP_OP_55J27_124_5184_J27_0_19
core16_3/core4_0/interp             3354.6240      0.3       0.7560    332.6400  0.0000  Interpolation_28
core16_3/core4_0/interp/interp      3021.2280      0.3       0.2520      0.0000  0.0000  InterpolationComb_28
core16_3/core4_0/interp/interp/DP_OP_106J22_122_6228   3020.9760     0.3   3020.9760     0.0000 0.0000 InterpolationComb_0_DP_OP_106J22_122_6228_J22_0_11
core16_3/core4_0/mult_x_1           1066.3380      0.1    1066.3380      0.0000  0.0000  core4_7_DW_mult_tc_J23_6_5
core16_3/core4_0/mult_x_2           1435.8960      0.1    1435.8960      0.0000  0.0000  core4_7_DW_mult_tc_J23_5_5
core16_3/core4_0/mult_x_3           1487.8080      0.2    1487.8080      0.0000  0.0000  core4_7_DW_mult_tc_J23_4_5
core16_3/core4_0/mult_x_4           1480.5000      0.2    1480.5000      0.0000  0.0000  core4_7_DW_mult_tc_J23_3_5
core16_3/core4_0/mult_x_5           1485.4140      0.2    1485.4140      0.0000  0.0000  core4_7_DW_mult_tc_J23_2_5
core16_3/core4_0/mult_x_6           1479.2400      0.2    1479.2400      0.0000  0.0000  core4_7_DW_mult_tc_J23_1_5
core16_3/core4_0/mult_x_7           1058.5260      0.1    1058.5260      0.0000  0.0000  core4_7_DW_mult_tc_J23_0_5
core16_3/core4_1                   16036.3978      1.6       0.7560    630.1260  0.0000  core4_26
core16_3/core4_1/evalA              1090.4040      0.1      38.0520      0.0000  0.0000  Eval_32_26
core16_3/core4_1/evalA/DP_OP_53J22_123_9578    274.0500     0.0    274.0500     0.0000 0.0000 Eval_32_1_DP_OP_53J22_123_9578_J22_0_20
core16_3/core4_1/evalA/DP_OP_54J22_124_907    393.6240     0.0    393.6240     0.0000 0.0000 Eval_32_1_DP_OP_54J22_124_907_J22_0_20
core16_3/core4_1/evalA/DP_OP_55J22_125_2024    384.6780     0.0    384.6780     0.0000 0.0000 Eval_32_1_DP_OP_55J22_125_2024_J22_0_20
core16_3/core4_1/evalB               693.2520      0.1      23.0580      0.0000  0.0000  Eval_33_26
core16_3/core4_1/evalB/DP_OP_53J27_122_8097    173.1240     0.0    173.1240     0.0000 0.0000 Eval_33_1_DP_OP_53J27_122_8097_J27_0_18
core16_3/core4_1/evalB/DP_OP_54J27_123_1200    259.4340     0.0    259.4340     0.0000 0.0000 Eval_33_1_DP_OP_54J27_123_1200_J27_0_18
core16_3/core4_1/evalB/DP_OP_55J27_124_5184    237.6360     0.0    237.6360     0.0000 0.0000 Eval_33_1_DP_OP_55J27_124_5184_J27_0_18
core16_3/core4_1/interp             3354.6240      0.3       0.7560    332.6400  0.0000  Interpolation_27
core16_3/core4_1/interp/interp      3021.2280      0.3       0.2520      0.0000  0.0000  InterpolationComb_27
core16_3/core4_1/interp/interp/DP_OP_106J22_122_6228   3020.9760     0.3   3020.9760     0.0000 0.0000 InterpolationComb_0_DP_OP_106J22_122_6228_J22_0_10
core16_3/core4_1/mult_x_1           1437.0300      0.1    1437.0300      0.0000  0.0000  core4_7_DW_mult_tc_J23_6_4
core16_3/core4_1/mult_x_2           1449.0000      0.1    1449.0000      0.0000  0.0000  core4_7_DW_mult_tc_J23_5_4
core16_3/core4_1/mult_x_3           1485.2880      0.2    1485.2880      0.0000  0.0000  core4_7_DW_mult_tc_J23_4_4
core16_3/core4_1/mult_x_4           1495.2420      0.2    1495.2420      0.0000  0.0000  core4_7_DW_mult_tc_J23_3_4
core16_3/core4_1/mult_x_5           1479.3660      0.2    1479.3660      0.0000  0.0000  core4_7_DW_mult_tc_J23_2_4
core16_3/core4_1/mult_x_6           1484.0280      0.2    1484.0280      0.0000  0.0000  core4_7_DW_mult_tc_J23_1_4
core16_3/core4_1/mult_x_7           1437.2820      0.1    1437.2820      0.0000  0.0000  core4_7_DW_mult_tc_J23_0_4
core16_3/core4_2                   16144.5058      1.7       0.7560    630.2520  0.0000  core4_25
core16_3/core4_2/evalA              1091.1600      0.1      38.3040      0.0000  0.0000  Eval_32_25
core16_3/core4_2/evalA/DP_OP_53J22_123_9578    277.8300     0.0    277.8300     0.0000 0.0000 Eval_32_1_DP_OP_53J22_123_9578_J22_0_19
core16_3/core4_2/evalA/DP_OP_54J22_124_907    392.3640     0.0    392.3640     0.0000 0.0000 Eval_32_1_DP_OP_54J22_124_907_J22_0_19
core16_3/core4_2/evalA/DP_OP_55J22_125_2024    382.6620     0.0    382.6620     0.0000 0.0000 Eval_32_1_DP_OP_55J22_125_2024_J22_0_19
core16_3/core4_2/evalB               689.2200      0.1      22.6800      0.0000  0.0000  Eval_33_25
core16_3/core4_2/evalB/DP_OP_53J27_122_8097    173.8800     0.0    173.8800     0.0000 0.0000 Eval_33_1_DP_OP_53J27_122_8097_J27_0_17
core16_3/core4_2/evalB/DP_OP_54J27_123_1200    252.3780     0.0    252.3780     0.0000 0.0000 Eval_33_1_DP_OP_54J27_123_1200_J27_0_17
core16_3/core4_2/evalB/DP_OP_55J27_124_5184    240.2820     0.0    240.2820     0.0000 0.0000 Eval_33_1_DP_OP_55J27_124_5184_J27_0_17
core16_3/core4_2/interp             3462.1020      0.4       0.7560    340.7040  0.0000  Interpolation_26
core16_3/core4_2/interp/interp      3120.6419      0.3       0.2520      0.0000  0.0000  InterpolationComb_26
core16_3/core4_2/interp/interp/DP_OP_106J21_122_8999   3120.3899     0.3   3120.3899     0.0000 0.0000 InterpolationComb_1_DP_OP_106J21_122_8999_J21_0_15
core16_3/core4_2/mult_x_1           1436.9040      0.1    1436.9040      0.0000  0.0000  core4_1_DW_mult_tc_J24_6_13
core16_3/core4_2/mult_x_2           1443.8340      0.1    1443.8340      0.0000  0.0000  core4_1_DW_mult_tc_J24_5_13
core16_3/core4_2/mult_x_3           1491.9660      0.2    1491.9660      0.0000  0.0000  core4_1_DW_mult_tc_J24_4_13
core16_3/core4_2/mult_x_4           1492.0920      0.2    1492.0920      0.0000  0.0000  core4_1_DW_mult_tc_J24_3_13
core16_3/core4_2/mult_x_5           1483.1460      0.2    1483.1460      0.0000  0.0000  core4_1_DW_mult_tc_J24_2_13
core16_3/core4_2/mult_x_6           1481.7600      0.2    1481.7600      0.0000  0.0000  core4_1_DW_mult_tc_J24_1_13
core16_3/core4_2/mult_x_7           1441.3140      0.1    1441.3140      0.0000  0.0000  core4_1_DW_mult_tc_J24_0_13
core16_3/core4_3                   16123.5898      1.7       0.7560    630.2520  0.0000  core4_24
core16_3/core4_3/evalA              1082.8440      0.1      38.0520      0.0000  0.0000  Eval_32_24
core16_3/core4_3/evalA/DP_OP_53J22_123_9578    274.0500     0.0    274.0500     0.0000 0.0000 Eval_32_1_DP_OP_53J22_123_9578_J22_0_18
core16_3/core4_3/evalA/DP_OP_54J22_124_907    391.7340     0.0    391.7340     0.0000 0.0000 Eval_32_1_DP_OP_54J22_124_907_J22_0_18
core16_3/core4_3/evalA/DP_OP_55J22_125_2024    379.0080     0.0    379.0080     0.0000 0.0000 Eval_32_1_DP_OP_55J22_125_2024_J22_0_18
core16_3/core4_3/evalB               691.9920      0.1      22.6800      0.0000  0.0000  Eval_33_24
core16_3/core4_3/evalB/DP_OP_53J27_122_8097    173.5020     0.0    173.5020     0.0000 0.0000 Eval_33_1_DP_OP_53J27_122_8097_J27_0_16
core16_3/core4_3/evalB/DP_OP_54J27_123_1200    257.4180     0.0    257.4180     0.0000 0.0000 Eval_33_1_DP_OP_54J27_123_1200_J27_0_16
core16_3/core4_3/evalB/DP_OP_55J27_124_5184    238.3920     0.0    238.3920     0.0000 0.0000 Eval_33_1_DP_OP_55J27_124_5184_J27_0_16
core16_3/core4_3/interp             3462.1020      0.4       0.7560    340.7040  0.0000  Interpolation_25
core16_3/core4_3/interp/interp      3120.6419      0.3       0.2520      0.0000  0.0000  InterpolationComb_25
core16_3/core4_3/interp/interp/DP_OP_106J21_122_8999   3120.3899     0.3   3120.3899     0.0000 0.0000 InterpolationComb_1_DP_OP_106J21_122_8999_J21_0_14
core16_3/core4_3/mult_x_1           1438.7940      0.1    1438.7940      0.0000  0.0000  core4_1_DW_mult_tc_J24_6_12
core16_3/core4_3/mult_x_2           1440.3060      0.1    1440.3060      0.0000  0.0000  core4_1_DW_mult_tc_J24_5_12
core16_3/core4_3/mult_x_3           1487.0520      0.2    1487.0520      0.0000  0.0000  core4_1_DW_mult_tc_J24_4_12
core16_3/core4_3/mult_x_4           1487.0520      0.2    1487.0520      0.0000  0.0000  core4_1_DW_mult_tc_J24_3_12
core16_3/core4_3/mult_x_5           1480.7520      0.2    1480.7520      0.0000  0.0000  core4_1_DW_mult_tc_J24_2_12
core16_3/core4_3/mult_x_6           1485.2880      0.2    1485.2880      0.0000  0.0000  core4_1_DW_mult_tc_J24_1_12
core16_3/core4_3/mult_x_7           1436.4000      0.1    1436.4000      0.0000  0.0000  core4_1_DW_mult_tc_J24_0_12
core16_3/core4_4                   16130.0158      1.7       0.7560    630.5040  0.0000  core4_23
core16_3/core4_4/evalA              1088.8920      0.1      38.3040      0.0000  0.0000  Eval_32_23
core16_3/core4_4/evalA/DP_OP_53J22_123_9578    274.0500     0.0    274.0500     0.0000 0.0000 Eval_32_1_DP_OP_53J22_123_9578_J22_0_17
core16_3/core4_4/evalA/DP_OP_54J22_124_907    394.2540     0.0    394.2540     0.0000 0.0000 Eval_32_1_DP_OP_54J22_124_907_J22_0_17
core16_3/core4_4/evalA/DP_OP_55J22_125_2024    382.2840     0.0    382.2840     0.0000 0.0000 Eval_32_1_DP_OP_55J22_125_2024_J22_0_17
core16_3/core4_4/evalB               692.1180      0.1      22.8060      0.0000  0.0000  Eval_33_23
core16_3/core4_4/evalB/DP_OP_53J27_122_8097    171.8640     0.0    171.8640     0.0000 0.0000 Eval_33_1_DP_OP_53J27_122_8097_J27_0_15
core16_3/core4_4/evalB/DP_OP_54J27_123_1200    251.4960     0.0    251.4960     0.0000 0.0000 Eval_33_1_DP_OP_54J27_123_1200_J27_0_15
core16_3/core4_4/evalB/DP_OP_55J27_124_5184    245.9520     0.0    245.9520     0.0000 0.0000 Eval_33_1_DP_OP_55J27_124_5184_J27_0_15
core16_3/core4_4/interp             3462.1020      0.4       0.7560    340.7040  0.0000  Interpolation_24
core16_3/core4_4/interp/interp      3120.6419      0.3       0.2520      0.0000  0.0000  InterpolationComb_24
core16_3/core4_4/interp/interp/DP_OP_106J21_122_8999   3120.3899     0.3   3120.3899     0.0000 0.0000 InterpolationComb_1_DP_OP_106J21_122_8999_J21_0_13
core16_3/core4_4/mult_x_1           1437.5340      0.1    1437.5340      0.0000  0.0000  core4_1_DW_mult_tc_J24_6_11
core16_3/core4_4/mult_x_2           1436.9040      0.1    1436.9040      0.0000  0.0000  core4_1_DW_mult_tc_J24_5_11
core16_3/core4_4/mult_x_3           1483.0200      0.2    1483.0200      0.0000  0.0000  core4_1_DW_mult_tc_J24_4_11
core16_3/core4_4/mult_x_4           1482.3900      0.2    1482.3900      0.0000  0.0000  core4_1_DW_mult_tc_J24_3_11
core16_3/core4_4/mult_x_5           1488.9420      0.2    1488.9420      0.0000  0.0000  core4_1_DW_mult_tc_J24_2_11
core16_3/core4_4/mult_x_6           1483.0200      0.2    1483.0200      0.0000  0.0000  core4_1_DW_mult_tc_J24_1_11
core16_3/core4_4/mult_x_7           1443.8340      0.1    1443.8340      0.0000  0.0000  core4_1_DW_mult_tc_J24_0_11
core16_3/core4_5                   16135.3078      1.7       0.7560    630.2520  0.0000  core4_22
core16_3/core4_5/evalA              1085.6160      0.1      38.3040      0.0000  0.0000  Eval_32_22
core16_3/core4_5/evalA/DP_OP_53J22_123_9578    274.0500     0.0    274.0500     0.0000 0.0000 Eval_32_1_DP_OP_53J22_123_9578_J22_0_16
core16_3/core4_5/evalA/DP_OP_54J22_124_907    392.9940     0.0    392.9940     0.0000 0.0000 Eval_32_1_DP_OP_54J22_124_907_J22_0_16
core16_3/core4_5/evalA/DP_OP_55J22_125_2024    380.2680     0.0    380.2680     0.0000 0.0000 Eval_32_1_DP_OP_55J22_125_2024_J22_0_16
core16_3/core4_5/evalB               695.0160      0.1      23.0580      0.0000  0.0000  Eval_33_22
core16_3/core4_5/evalB/DP_OP_53J27_122_8097    176.2740     0.0    176.2740     0.0000 0.0000 Eval_33_1_DP_OP_53J27_122_8097_J27_0_14
core16_3/core4_5/evalB/DP_OP_54J27_123_1200    255.5280     0.0    255.5280     0.0000 0.0000 Eval_33_1_DP_OP_54J27_123_1200_J27_0_14
core16_3/core4_5/evalB/DP_OP_55J27_124_5184    240.1560     0.0    240.1560     0.0000 0.0000 Eval_33_1_DP_OP_55J27_124_5184_J27_0_14
core16_3/core4_5/interp             3461.5980      0.4       0.7560    340.7040  0.0000  Interpolation_23
core16_3/core4_5/interp/interp      3120.1379      0.3       0.2520      0.0000  0.0000  InterpolationComb_23
core16_3/core4_5/interp/interp/DP_OP_106J21_122_8999   3119.8859     0.3   3119.8859     0.0000 0.0000 InterpolationComb_1_DP_OP_106J21_122_8999_J21_0_12
core16_3/core4_5/mult_x_1           1436.9040      0.1    1436.9040      0.0000  0.0000  core4_1_DW_mult_tc_J24_6_10
core16_3/core4_5/mult_x_2           1443.7080      0.1    1443.7080      0.0000  0.0000  core4_1_DW_mult_tc_J24_5_10
core16_3/core4_5/mult_x_3           1489.8240      0.2    1489.8240      0.0000  0.0000  core4_1_DW_mult_tc_J24_4_10
core16_3/core4_5/mult_x_4           1485.4140      0.2    1485.4140      0.0000  0.0000  core4_1_DW_mult_tc_J24_3_10
core16_3/core4_5/mult_x_5           1481.3820      0.2    1481.3820      0.0000  0.0000  core4_1_DW_mult_tc_J24_2_10
core16_3/core4_5/mult_x_6           1483.1460      0.2    1483.1460      0.0000  0.0000  core4_1_DW_mult_tc_J24_1_10
core16_3/core4_5/mult_x_7           1441.6920      0.1    1441.6920      0.0000  0.0000  core4_1_DW_mult_tc_J24_0_10
core16_3/core4_6                   15273.2158      1.6       0.7560    630.3780  0.0000  core4_21
core16_3/core4_6/evalA              1092.5460      0.1      41.0760      0.0000  0.0000  Eval_32_21
core16_3/core4_6/evalA/DP_OP_53J22_123_9578    274.0500     0.0    274.0500     0.0000 0.0000 Eval_32_1_DP_OP_53J22_123_9578_J22_0_15
core16_3/core4_6/evalA/DP_OP_54J22_124_907    394.3800     0.0    394.3800     0.0000 0.0000 Eval_32_1_DP_OP_54J22_124_907_J22_0_15
core16_3/core4_6/evalA/DP_OP_55J22_125_2024    383.0400     0.0    383.0400     0.0000 0.0000 Eval_32_1_DP_OP_55J22_125_2024_J22_0_15
core16_3/core4_6/evalB               698.0400      0.1      22.1760      0.0000  0.0000  Eval_33_21
core16_3/core4_6/evalB/DP_OP_53J27_122_8097    175.7700     0.0    175.7700     0.0000 0.0000 Eval_33_1_DP_OP_53J27_122_8097_J27_0_13
core16_3/core4_6/evalB/DP_OP_54J27_123_1200    257.0400     0.0    257.0400     0.0000 0.0000 Eval_33_1_DP_OP_54J27_123_1200_J27_0_13
core16_3/core4_6/evalB/DP_OP_55J27_124_5184    243.0540     0.0    243.0540     0.0000 0.0000 Eval_33_1_DP_OP_55J27_124_5184_J27_0_13
core16_3/core4_6/interp             3354.2460      0.3       0.7560    332.6400  0.0000  Interpolation_22
core16_3/core4_6/interp/interp      3020.8500      0.3       0.2520      0.0000  0.0000  InterpolationComb_22
core16_3/core4_6/interp/interp/DP_OP_106J22_122_6228   3020.5980     0.3   3020.5980     0.0000 0.0000 InterpolationComb_0_DP_OP_106J22_122_6228_J22_0_9
core16_3/core4_6/mult_x_1           1060.5420      0.1    1060.5420      0.0000  0.0000  core4_7_DW_mult_tc_J23_6_3
core16_3/core4_6/mult_x_2           1442.1960      0.1    1442.1960      0.0000  0.0000  core4_7_DW_mult_tc_J23_5_3
core16_3/core4_6/mult_x_3           1480.5000      0.2    1480.5000      0.0000  0.0000  core4_7_DW_mult_tc_J23_4_3
core16_3/core4_6/mult_x_4           1481.7600      0.2    1481.7600      0.0000  0.0000  core4_7_DW_mult_tc_J23_3_3
core16_3/core4_6/mult_x_5           1481.6340      0.2    1481.6340      0.0000  0.0000  core4_7_DW_mult_tc_J23_2_3
core16_3/core4_6/mult_x_6           1485.6660      0.2    1485.6660      0.0000  0.0000  core4_7_DW_mult_tc_J23_1_3
core16_3/core4_6/mult_x_7           1064.9520      0.1    1064.9520      0.0000  0.0000  core4_7_DW_mult_tc_J23_0_3
core16_3/evalA                      1087.5060      0.1      39.3120      0.0000  0.0000  Eval_32_64
core16_3/evalA/DP_OP_53J22_123_9578    274.6800     0.0    274.6800      0.0000  0.0000  Eval_32_1_DP_OP_53J22_123_9578_J22_0_40
core16_3/evalA/DP_OP_54J22_124_907    393.2460     0.0     393.2460      0.0000  0.0000  Eval_32_1_DP_OP_54J22_124_907_J22_0_40
core16_3/evalA/DP_OP_55J22_125_2024    380.2680     0.0    380.2680      0.0000  0.0000  Eval_32_1_DP_OP_55J22_125_2024_J22_0_40
core16_3/evalA_1                    1081.8360      0.1      33.7680      0.0000  0.0000  Eval_32_63
core16_3/evalA_1/DP_OP_53J22_123_9578    275.9400     0.0    275.9400     0.0000 0.0000  Eval_32_1_DP_OP_53J22_123_9578_J22_0_39
core16_3/evalA_1/DP_OP_54J22_124_907    393.6240     0.0    393.6240     0.0000  0.0000  Eval_32_1_DP_OP_54J22_124_907_J22_0_39
core16_3/evalA_1/DP_OP_55J22_125_2024    378.5040     0.0    378.5040     0.0000 0.0000  Eval_32_1_DP_OP_55J22_125_2024_J22_0_39
core16_3/evalA_2                    1082.4660      0.1      33.7680      0.0000  0.0000  Eval_32_62
core16_3/evalA_2/DP_OP_53J22_123_9578    274.0500     0.0    274.0500     0.0000 0.0000  Eval_32_1_DP_OP_53J22_123_9578_J22_0_38
core16_3/evalA_2/DP_OP_54J22_124_907    395.5140     0.0    395.5140     0.0000  0.0000  Eval_32_1_DP_OP_54J22_124_907_J22_0_38
core16_3/evalA_2/DP_OP_55J22_125_2024    379.1340     0.0    379.1340     0.0000 0.0000  Eval_32_1_DP_OP_55J22_125_2024_J22_0_38
core16_3/evalA_3                    1103.0040      0.1      39.0600      0.0000  0.0000  Eval_32_61
core16_3/evalA_3/DP_OP_53J22_123_9578    282.8700     0.0    282.8700     0.0000 0.0000  Eval_32_1_DP_OP_53J22_123_9578_J22_0_37
core16_3/evalA_3/DP_OP_54J22_124_907    398.1600     0.0    398.1600     0.0000  0.0000  Eval_32_1_DP_OP_54J22_124_907_J22_0_37
core16_3/evalA_3/DP_OP_55J22_125_2024    382.9140     0.0    382.9140     0.0000 0.0000  Eval_32_1_DP_OP_55J22_125_2024_J22_0_37
core16_3/evalB                       702.1980      0.1      20.0340      0.0000  0.0000  Eval_33_64
core16_3/evalB/DP_OP_53J27_122_8097    174.5100     0.0    174.5100      0.0000  0.0000  Eval_33_1_DP_OP_53J27_122_8097_J27_0_36
core16_3/evalB/DP_OP_54J27_123_1200    261.1980     0.0    261.1980      0.0000  0.0000  Eval_33_1_DP_OP_54J27_123_1200_J27_0_36
core16_3/evalB/DP_OP_55J27_124_5184    246.4560     0.0    246.4560      0.0000  0.0000  Eval_33_1_DP_OP_55J27_124_5184_J27_0_36
core16_3/evalB_1                     684.5580      0.1      20.6640      0.0000  0.0000  Eval_33_63
core16_3/evalB_1/DP_OP_53J27_122_8097    174.6360     0.0    174.6360     0.0000 0.0000  Eval_33_1_DP_OP_53J27_122_8097_J27_0_35
core16_3/evalB_1/DP_OP_54J27_123_1200    251.8740     0.0    251.8740     0.0000 0.0000  Eval_33_1_DP_OP_54J27_123_1200_J27_0_35
core16_3/evalB_1/DP_OP_55J27_124_5184    237.3840     0.0    237.3840     0.0000 0.0000  Eval_33_1_DP_OP_55J27_124_5184_J27_0_35
core16_3/evalB_2                     687.7080      0.1      20.6640      0.0000  0.0000  Eval_33_62
core16_3/evalB_2/DP_OP_53J27_122_8097    174.0060     0.0    174.0060     0.0000 0.0000  Eval_33_1_DP_OP_53J27_122_8097_J27_0_34
core16_3/evalB_2/DP_OP_54J27_123_1200    254.5200     0.0    254.5200     0.0000 0.0000  Eval_33_1_DP_OP_54J27_123_1200_J27_0_34
core16_3/evalB_2/DP_OP_55J27_124_5184    238.5180     0.0    238.5180     0.0000 0.0000  Eval_33_1_DP_OP_55J27_124_5184_J27_0_34
core16_3/evalB_3                     694.7640      0.1      21.0420      0.0000  0.0000  Eval_33_61
core16_3/evalB_3/DP_OP_53J27_122_8097    174.6360     0.0    174.6360     0.0000 0.0000  Eval_33_1_DP_OP_53J27_122_8097_J27_0_33
core16_3/evalB_3/DP_OP_54J27_123_1200    255.4020     0.0    255.4020     0.0000 0.0000  Eval_33_1_DP_OP_54J27_123_1200_J27_0_33
core16_3/evalB_3/DP_OP_55J27_124_5184    243.6840     0.0    243.6840     0.0000 0.0000  Eval_33_1_DP_OP_55J27_124_5184_J27_0_33
core16_3/interp                    13266.1618      1.4       0.7560   1260.0000  0.0000  Interpolation_7_3
core16_3/interp/interp             12005.4058      1.2       0.2520      0.0000  0.0000  InterpolationComb_7_3
core16_3/interp/interp/DP_OP_421J11_122_4043  12005.1538     1.2  12005.1538     0.0000 0.0000 InterpolationComb_7_1_DP_OP_421J11_122_4043_J11_0_2
core16_4                          130115.2843     13.4       2.0160   2348.6400  0.0000  core16_2
core16_4/core4_0                   14693.9938      1.5       1.0080    630.7560  0.0000  core4_20
core16_4/core4_0/evalA              1034.8380      0.1      32.2560      0.0000  0.0000  Eval_32_20
core16_4/core4_0/evalA/DP_OP_54J16_122_854    267.4980     0.0    267.4980     0.0000 0.0000 Eval_32_2_DP_OP_54J16_122_854_J16_0_2
core16_4/core4_0/evalA/DP_OP_55J16_123_7587    365.2740     0.0    365.2740     0.0000 0.0000 Eval_32_2_DP_OP_55J16_123_7587_J16_0_2
core16_4/core4_0/evalA/DP_OP_56J16_124_7642    369.8100     0.0    369.8100     0.0000 0.0000 Eval_32_2_DP_OP_56J16_124_7642_J16_0_2
core16_4/core4_0/evalB               562.0860      0.1      17.3880      0.0000  0.0000  Eval_33_20
core16_4/core4_0/evalB/DP_OP_54J25_125_6473    143.3880     0.0    143.3880     0.0000 0.0000 Eval_33_2_DP_OP_54J25_125_6473_J25_0_2
core16_4/core4_0/evalB/DP_OP_55J25_126_780    199.7100     0.0    199.7100     0.0000 0.0000 Eval_33_2_DP_OP_55J25_126_780_J25_0_2
core16_4/core4_0/evalB/DP_OP_56J25_127_9714    201.6000     0.0    201.6000     0.0000 0.0000 Eval_33_2_DP_OP_56J25_127_9714_J25_0_2
core16_4/core4_0/interp             3354.2460      0.3       0.7560    332.6400  0.0000  Interpolation_21
core16_4/core4_0/interp/interp      3020.8500      0.3       0.2520      0.0000  0.0000  InterpolationComb_21
core16_4/core4_0/interp/interp/DP_OP_106J22_122_6228   3020.5980     0.3   3020.5980     0.0000 0.0000 InterpolationComb_0_DP_OP_106J22_122_6228_J22_0_8
core16_4/core4_0/mult_x_1           1199.2680      0.1    1199.2680      0.0000  0.0000  core4_14_DW_mult_uns_J20_3_1
core16_4/core4_0/mult_x_2           1389.0240      0.1    1389.0240      0.0000  0.0000  core4_14_DW_mult_uns_J20_2_1
core16_4/core4_0/mult_x_3           1264.0320      0.1    1264.0320      0.0000  0.0000  core4_14_DW_mult_tc_J20_2_1
core16_4/core4_0/mult_x_4           1297.6740      0.1    1297.6740      0.0000  0.0000  core4_14_DW_mult_tc_J20_1_1
core16_4/core4_0/mult_x_5           1366.9740      0.1    1366.9740      0.0000  0.0000  core4_14_DW_mult_uns_J20_1_1
core16_4/core4_0/mult_x_6           1400.2380      0.1    1400.2380      0.0000  0.0000  core4_14_DW_mult_tc_J20_0_1
core16_4/core4_0/mult_x_7           1193.8500      0.1    1193.8500      0.0000  0.0000  core4_14_DW_mult_uns_J20_0_1
core16_4/core4_1                   15892.6318      1.6       1.0080    630.5040  0.0000  core4_19
core16_4/core4_1/evalA              1078.9380      0.1      34.7760      0.0000  0.0000  Eval_32_19
core16_4/core4_1/evalA/DP_OP_53J22_123_9578    274.0500     0.0    274.0500     0.0000 0.0000 Eval_32_1_DP_OP_53J22_123_9578_J22_0_14
core16_4/core4_1/evalA/DP_OP_54J22_124_907    391.7340     0.0    391.7340     0.0000 0.0000 Eval_32_1_DP_OP_54J22_124_907_J22_0_14
core16_4/core4_1/evalA/DP_OP_55J22_125_2024    378.3780     0.0    378.3780     0.0000 0.0000 Eval_32_1_DP_OP_55J22_125_2024_J22_0_14
core16_4/core4_1/evalB               664.7760      0.1      20.9160      0.0000  0.0000  Eval_33_19
core16_4/core4_1/evalB/DP_OP_54J25_122_246    168.9660     0.0    168.9660     0.0000 0.0000 Eval_33_19_DP_OP_54J25_122_246_J25_0_0
core16_4/core4_1/evalB/DP_OP_55J25_123_8053    238.5180     0.0    238.5180     0.0000 0.0000 Eval_33_19_DP_OP_55J25_123_8053_J25_0_0
core16_4/core4_1/evalB/DP_OP_56J25_124_8414    236.3760     0.0    236.3760     0.0000 0.0000 Eval_33_19_DP_OP_56J25_124_8414_J25_0_0
core16_4/core4_1/interp             3354.2460      0.3       0.7560    332.6400  0.0000  Interpolation_20
core16_4/core4_1/interp/interp      3020.8500      0.3       0.2520      0.0000  0.0000  InterpolationComb_20
core16_4/core4_1/interp/interp/DP_OP_106J22_122_6228   3020.5980     0.3   3020.5980     0.0000 0.0000 InterpolationComb_0_DP_OP_106J22_122_6228_J22_0_7
core16_4/core4_1/mult_x_1           1390.5360      0.1    1390.5360      0.0000  0.0000  core4_19_DW_mult_uns_J27_1
core16_4/core4_1/mult_x_2           1438.9200      0.1    1438.9200      0.0000  0.0000  core4_19_DW_mult_tc_J27_4
core16_4/core4_1/mult_x_3           1487.4300      0.2    1487.4300      0.0000  0.0000  core4_19_DW_mult_tc_J27_3
core16_4/core4_1/mult_x_4           1483.5240      0.2    1483.5240      0.0000  0.0000  core4_19_DW_mult_tc_J27_2
core16_4/core4_1/mult_x_5           1489.0680      0.2    1489.0680      0.0000  0.0000  core4_19_DW_mult_tc_J27_1
core16_4/core4_1/mult_x_6           1485.0360      0.2    1485.0360      0.0000  0.0000  core4_19_DW_mult_tc_J27_0
core16_4/core4_1/mult_x_7           1388.6460      0.1    1388.6460      0.0000  0.0000  core4_19_DW_mult_uns_J27_0
core16_4/core4_2                   15290.2258      1.6       1.0080    630.3780  0.0000  core4_18
core16_4/core4_2/evalA              1068.8580      0.1      33.7680      0.0000  0.0000  Eval_32_18
core16_4/core4_2/evalA/DP_OP_53J22_123_9578    275.3100     0.0    275.3100     0.0000 0.0000 Eval_32_1_DP_OP_53J22_123_9578_J22_0_13
core16_4/core4_2/evalA/DP_OP_54J22_124_907    383.4180     0.0    383.4180     0.0000 0.0000 Eval_32_1_DP_OP_54J22_124_907_J22_0_13
core16_4/core4_2/evalA/DP_OP_55J22_125_2024    376.3620     0.0    376.3620     0.0000 0.0000 Eval_32_1_DP_OP_55J22_125_2024_J22_0_13
core16_4/core4_2/evalB               600.0120      0.1      17.8920      0.0000  0.0000  Eval_33_18
core16_4/core4_2/evalB/DP_OP_53J27_122_8097    156.8700     0.0    156.8700     0.0000 0.0000 Eval_33_1_DP_OP_53J27_122_8097_J27_0_12
core16_4/core4_2/evalB/DP_OP_54J27_123_1200    212.0580     0.0    212.0580     0.0000 0.0000 Eval_33_1_DP_OP_54J27_123_1200_J27_0_12
core16_4/core4_2/evalB/DP_OP_55J27_124_5184    213.1920     0.0    213.1920     0.0000 0.0000 Eval_33_1_DP_OP_55J27_124_5184_J27_0_12
core16_4/core4_2/interp             3463.1100      0.4       0.7560    340.7040  0.0000  Interpolation_19
core16_4/core4_2/interp/interp      3121.6499      0.3       0.2520      0.0000  0.0000  InterpolationComb_19
core16_4/core4_2/interp/interp/DP_OP_106J21_122_8999   3121.3979     0.3   3121.3979     0.0000 0.0000 InterpolationComb_1_DP_OP_106J21_122_8999_J21_0_11
core16_4/core4_2/mult_x_1           1233.1620      0.1    1233.1620      0.0000  0.0000  core4_1_DW_mult_tc_J24_6_9
core16_4/core4_2/mult_x_2           1403.6400      0.1    1403.6400      0.0000  0.0000  core4_1_DW_mult_tc_J24_5_9
core16_4/core4_2/mult_x_3           1358.9100      0.1    1358.9100      0.0000  0.0000  core4_1_DW_mult_tc_J24_4_9
core16_4/core4_2/mult_x_4           1389.2760      0.1    1389.2760      0.0000  0.0000  core4_1_DW_mult_tc_J24_3_9
core16_4/core4_2/mult_x_5           1435.6440      0.1    1435.6440      0.0000  0.0000  core4_1_DW_mult_tc_J24_2_9
core16_4/core4_2/mult_x_6           1473.5700      0.2    1473.5700      0.0000  0.0000  core4_1_DW_mult_tc_J24_1_9
core16_4/core4_2/mult_x_7           1232.6580      0.1    1232.6580      0.0000  0.0000  core4_1_DW_mult_tc_J24_0_9
core16_4/core4_3                   15775.8298      1.6       0.7560    630.1260  0.0000  core4_17
core16_4/core4_3/evalA              1082.4660      0.1      35.1540      0.0000  0.0000  Eval_32_17
core16_4/core4_3/evalA/DP_OP_53J22_123_9578    274.6800     0.0    274.6800     0.0000 0.0000 Eval_32_1_DP_OP_53J22_123_9578_J22_0_12
core16_4/core4_3/evalA/DP_OP_54J22_124_907    392.9940     0.0    392.9940     0.0000 0.0000 Eval_32_1_DP_OP_54J22_124_907_J22_0_12
core16_4/core4_3/evalA/DP_OP_55J22_125_2024    379.6380     0.0    379.6380     0.0000 0.0000 Eval_32_1_DP_OP_55J22_125_2024_J22_0_12
core16_4/core4_3/evalB               686.3220      0.1      22.5540      0.0000  0.0000  Eval_33_17
core16_4/core4_3/evalB/DP_OP_53J27_122_8097    171.2340     0.0    171.2340     0.0000 0.0000 Eval_33_1_DP_OP_53J27_122_8097_J27_0_11
core16_4/core4_3/evalB/DP_OP_54J27_123_1200    250.8660     0.0    250.8660     0.0000 0.0000 Eval_33_1_DP_OP_54J27_123_1200_J27_0_11
core16_4/core4_3/evalB/DP_OP_55J27_124_5184    241.6680     0.0    241.6680     0.0000 0.0000 Eval_33_1_DP_OP_55J27_124_5184_J27_0_11
core16_4/core4_3/interp             3461.0940      0.4       0.7560    340.7040  0.0000  Interpolation_18
core16_4/core4_3/interp/interp      3119.6339      0.3       0.2520      0.0000  0.0000  InterpolationComb_18
core16_4/core4_3/interp/interp/DP_OP_106J21_122_8999   3119.3819     0.3   3119.3819     0.0000 0.0000 InterpolationComb_1_DP_OP_106J21_122_8999_J21_0_10
core16_4/core4_3/mult_x_1           1262.7720      0.1    1262.7720      0.0000  0.0000  core4_1_DW_mult_tc_J24_6_8
core16_4/core4_3/mult_x_2           1437.0300      0.1    1437.0300      0.0000  0.0000  core4_1_DW_mult_tc_J24_5_8
core16_4/core4_3/mult_x_3           1481.0040      0.2    1481.0040      0.0000  0.0000  core4_1_DW_mult_tc_J24_4_8
core16_4/core4_3/mult_x_4           1491.4620      0.2    1491.4620      0.0000  0.0000  core4_1_DW_mult_tc_J24_3_8
core16_4/core4_3/mult_x_5           1493.7300      0.2    1493.7300      0.0000  0.0000  core4_1_DW_mult_tc_J24_2_8
core16_4/core4_3/mult_x_6           1485.1620      0.2    1485.1620      0.0000  0.0000  core4_1_DW_mult_tc_J24_1_8
core16_4/core4_3/mult_x_7           1263.9060      0.1    1263.9060      0.0000  0.0000  core4_1_DW_mult_tc_J24_0_8
core16_4/core4_4                   15833.6638      1.6       1.0080    630.5040  0.0000  core4_16
core16_4/core4_4/evalA              1096.0740      0.1      40.3200      0.0000  0.0000  Eval_32_16
core16_4/core4_4/evalA/DP_OP_53J22_123_9578    274.6800     0.0    274.6800     0.0000 0.0000 Eval_32_1_DP_OP_53J22_123_9578_J22_0_11
core16_4/core4_4/evalA/DP_OP_54J22_124_907    395.1360     0.0    395.1360     0.0000 0.0000 Eval_32_1_DP_OP_54J22_124_907_J22_0_11
core16_4/core4_4/evalA/DP_OP_55J22_125_2024    385.9380     0.0    385.9380     0.0000 0.0000 Eval_32_1_DP_OP_55J22_125_2024_J22_0_11
core16_4/core4_4/evalB               658.4760      0.1      21.1680      0.0000  0.0000  Eval_33_16
core16_4/core4_4/evalB/DP_OP_54J23_122_6478    171.2340     0.0    171.2340     0.0000 0.0000 Eval_33_16_DP_OP_54J23_122_6478_J23_0
core16_4/core4_4/evalB/DP_OP_55J23_123_2470    231.9660     0.0    231.9660     0.0000 0.0000 Eval_33_16_DP_OP_55J23_123_2470_J23_0
core16_4/core4_4/evalB/DP_OP_56J23_124_3030    234.1080     0.0    234.1080     0.0000 0.0000 Eval_33_16_DP_OP_56J23_124_3030_J23_0
core16_4/core4_4/interp             3461.5980      0.4       0.7560    340.7040  0.0000  Interpolation_17
core16_4/core4_4/interp/interp      3120.1379      0.3       0.2520      0.0000  0.0000  InterpolationComb_17
core16_4/core4_4/interp/interp/DP_OP_106J21_122_8999   3119.8859     0.3   3119.8859     0.0000 0.0000 InterpolationComb_1_DP_OP_106J21_122_8999_J21_0_9
core16_4/core4_4/mult_x_1           1331.0640      0.1    1331.0640      0.0000  0.0000  core4_16_DW_mult_uns_J19_1
core16_4/core4_4/mult_x_2           1440.8100      0.1    1440.8100      0.0000  0.0000  core4_16_DW_mult_tc_J19_4
core16_4/core4_4/mult_x_3           1442.7000      0.1    1442.7000      0.0000  0.0000  core4_16_DW_mult_tc_J19_3
core16_4/core4_4/mult_x_4           1474.3260      0.2    1474.3260      0.0000  0.0000  core4_16_DW_mult_tc_J19_2
core16_4/core4_4/mult_x_5           1480.1220      0.2    1480.1220      0.0000  0.0000  core4_16_DW_mult_tc_J19_1
core16_4/core4_4/mult_x_6           1485.6660      0.2    1485.6660      0.0000  0.0000  core4_16_DW_mult_tc_J19_0
core16_4/core4_4/mult_x_7           1331.3160      0.1    1331.3160      0.0000  0.0000  core4_16_DW_mult_uns_J19_0
core16_4/core4_5                   15946.4338      1.6       0.7560    630.2520  0.0000  core4_15
core16_4/core4_5/evalA              1082.0880      0.1      35.4060      0.0000  0.0000  Eval_32_15
core16_4/core4_5/evalA/DP_OP_53J22_123_9578    274.0500     0.0    274.0500     0.0000 0.0000 Eval_32_1_DP_OP_53J22_123_9578_J22_0_10
core16_4/core4_5/evalA/DP_OP_54J22_124_907    392.9940     0.0    392.9940     0.0000 0.0000 Eval_32_1_DP_OP_54J22_124_907_J22_0_10
core16_4/core4_5/evalA/DP_OP_55J22_125_2024    379.6380     0.0    379.6380     0.0000 0.0000 Eval_32_1_DP_OP_55J22_125_2024_J22_0_10
core16_4/core4_5/evalB               687.0780      0.1      23.0580      0.0000  0.0000  Eval_33_15
core16_4/core4_5/evalB/DP_OP_53J27_122_8097    172.4940     0.0    172.4940     0.0000 0.0000 Eval_33_1_DP_OP_53J27_122_8097_J27_0_10
core16_4/core4_5/evalB/DP_OP_54J27_123_1200    252.7560     0.0    252.7560     0.0000 0.0000 Eval_33_1_DP_OP_54J27_123_1200_J27_0_10
core16_4/core4_5/evalB/DP_OP_55J27_124_5184    238.7700     0.0    238.7700     0.0000 0.0000 Eval_33_1_DP_OP_55J27_124_5184_J27_0_10
core16_4/core4_5/interp             3462.1020      0.4       0.7560    340.7040  0.0000  Interpolation_16
core16_4/core4_5/interp/interp      3120.6419      0.3       0.2520      0.0000  0.0000  InterpolationComb_16
core16_4/core4_5/interp/interp/DP_OP_106J21_122_8999   3120.3899     0.3   3120.3899     0.0000 0.0000 InterpolationComb_1_DP_OP_106J21_122_8999_J21_0_8
core16_4/core4_5/mult_x_1           1355.8860      0.1    1355.8860      0.0000  0.0000  core4_1_DW_mult_tc_J24_6_7
core16_4/core4_5/mult_x_2           1446.2280      0.1    1446.2280      0.0000  0.0000  core4_1_DW_mult_tc_J24_5_7
core16_4/core4_5/mult_x_3           1480.8780      0.2    1480.8780      0.0000  0.0000  core4_1_DW_mult_tc_J24_4_7
core16_4/core4_5/mult_x_4           1482.2640      0.2    1482.2640      0.0000  0.0000  core4_1_DW_mult_tc_J24_3_7
core16_4/core4_5/mult_x_5           1481.7600      0.2    1481.7600      0.0000  0.0000  core4_1_DW_mult_tc_J24_2_7
core16_4/core4_5/mult_x_6           1483.5240      0.2    1483.5240      0.0000  0.0000  core4_1_DW_mult_tc_J24_1_7
core16_4/core4_5/mult_x_7           1353.6180      0.1    1353.6180      0.0000  0.0000  core4_1_DW_mult_tc_J24_0_7
core16_4/core4_6                   14679.2518      1.5       1.0080    630.6300  0.0000  core4_14
core16_4/core4_6/evalA              1034.2080      0.1      32.2560      0.0000  0.0000  Eval_32_14
core16_4/core4_6/evalA/DP_OP_54J16_122_854    267.4980     0.0    267.4980     0.0000 0.0000 Eval_32_2_DP_OP_54J16_122_854_J16_0_1
core16_4/core4_6/evalA/DP_OP_55J16_123_7587    364.6440     0.0    364.6440     0.0000 0.0000 Eval_32_2_DP_OP_55J16_123_7587_J16_0_1
core16_4/core4_6/evalA/DP_OP_56J16_124_7642    369.8100     0.0    369.8100     0.0000 0.0000 Eval_32_2_DP_OP_56J16_124_7642_J16_0_1
core16_4/core4_6/evalB               552.8880      0.1      17.7660      0.0000  0.0000  Eval_33_14
core16_4/core4_6/evalB/DP_OP_54J25_125_6473    140.9940     0.0    140.9940     0.0000 0.0000 Eval_33_2_DP_OP_54J25_125_6473_J25_0_1
core16_4/core4_6/evalB/DP_OP_55J25_126_780    192.4020     0.0    192.4020     0.0000 0.0000 Eval_33_2_DP_OP_55J25_126_780_J25_0_1
core16_4/core4_6/evalB/DP_OP_56J25_127_9714    201.7260     0.0    201.7260     0.0000 0.0000 Eval_33_2_DP_OP_56J25_127_9714_J25_0_1
core16_4/core4_6/interp             3354.6240      0.3       0.7560    332.6400  0.0000  Interpolation_15
core16_4/core4_6/interp/interp      3021.2280      0.3       0.2520      0.0000  0.0000  InterpolationComb_15
core16_4/core4_6/interp/interp/DP_OP_106J22_122_6228   3020.9760     0.3   3020.9760     0.0000 0.0000 InterpolationComb_0_DP_OP_106J22_122_6228_J22_0_6
core16_4/core4_6/mult_x_1           1192.2120      0.1    1192.2120      0.0000  0.0000  core4_14_DW_mult_uns_J20_3_0
core16_4/core4_6/mult_x_2           1387.8900      0.1    1387.8900      0.0000  0.0000  core4_14_DW_mult_uns_J20_2_0
core16_4/core4_6/mult_x_3           1262.8980      0.1    1262.8980      0.0000  0.0000  core4_14_DW_mult_tc_J20_2_0
core16_4/core4_6/mult_x_4           1298.6820      0.1    1298.6820      0.0000  0.0000  core4_14_DW_mult_tc_J20_1_0
core16_4/core4_6/mult_x_5           1371.3840      0.1    1371.3840      0.0000  0.0000  core4_14_DW_mult_uns_J20_1_0
core16_4/core4_6/mult_x_6           1397.8440      0.1    1397.8440      0.0000  0.0000  core4_14_DW_mult_tc_J20_0_0
core16_4/core4_6/mult_x_7           1194.9840      0.1    1194.9840      0.0000  0.0000  core4_14_DW_mult_uns_J20_0_0
core16_4/evalA                      1040.6340      0.1      32.2560      0.0000  0.0000  Eval_32_60
core16_4/evalA/DP_OP_54J17_122_4682    267.4980     0.0    267.4980      0.0000  0.0000  Eval_32_57_DP_OP_54J17_122_4682_J17_0_3
core16_4/evalA/DP_OP_55J17_123_3462    369.8100     0.0    369.8100      0.0000  0.0000  Eval_32_57_DP_OP_55J17_123_3462_J17_0_3
core16_4/evalA/DP_OP_56J17_124_6905    371.0700     0.0    371.0700      0.0000  0.0000  Eval_32_57_DP_OP_56J17_124_6905_J17_0_3
core16_4/evalA_1                    1051.9740      0.1      31.5000      0.0000  0.0000  Eval_32_59
core16_4/evalA_1/DP_OP_54J17_122_4682    268.1280     0.0    268.1280     0.0000 0.0000  Eval_32_57_DP_OP_54J17_122_4682_J17_0_2
core16_4/evalA_1/DP_OP_55J17_123_3462    374.7240     0.0    374.7240     0.0000 0.0000  Eval_32_57_DP_OP_55J17_123_3462_J17_0_2
core16_4/evalA_1/DP_OP_56J17_124_6905    377.6220     0.0    377.6220     0.0000 0.0000  Eval_32_57_DP_OP_56J17_124_6905_J17_0_2
core16_4/evalA_2                    1034.8380      0.1      31.6260      0.0000  0.0000  Eval_32_58
core16_4/evalA_2/DP_OP_54J17_122_4682    267.4980     0.0    267.4980     0.0000 0.0000  Eval_32_57_DP_OP_54J17_122_4682_J17_0_1
core16_4/evalA_2/DP_OP_55J17_123_3462    364.6440     0.0    364.6440     0.0000 0.0000  Eval_32_57_DP_OP_55J17_123_3462_J17_0_1
core16_4/evalA_2/DP_OP_56J17_124_6905    371.0700     0.0    371.0700     0.0000 0.0000  Eval_32_57_DP_OP_56J17_124_6905_J17_0_1
core16_4/evalA_3                    1056.3840      0.1      32.2560      0.0000  0.0000  Eval_32_57
core16_4/evalA_3/DP_OP_54J17_122_4682    271.7820     0.0    271.7820     0.0000 0.0000  Eval_32_57_DP_OP_54J17_122_4682_J17_0_0
core16_4/evalA_3/DP_OP_55J17_123_3462    375.2280     0.0    375.2280     0.0000 0.0000  Eval_32_57_DP_OP_55J17_123_3462_J17_0_0
core16_4/evalA_3/DP_OP_56J17_124_6905    377.1180     0.0    377.1180     0.0000 0.0000  Eval_32_57_DP_OP_56J17_124_6905_J17_0_0
core16_4/evalB                       551.8800      0.1      17.3880      0.0000  0.0000  Eval_33_60
core16_4/evalB/DP_OP_54J26_125_4250    144.2700     0.0    144.2700      0.0000  0.0000  Eval_33_57_DP_OP_54J26_125_4250_J26_0_3
core16_4/evalB/DP_OP_55J26_126_8896    191.2680     0.0    191.2680      0.0000  0.0000  Eval_33_57_DP_OP_55J26_126_8896_J26_0_3
core16_4/evalB/DP_OP_56J26_127_6605    198.9540     0.0    198.9540      0.0000  0.0000  Eval_33_57_DP_OP_56J26_127_6605_J26_0_3
core16_4/evalB_1                     549.9900      0.1      16.7580      0.0000  0.0000  Eval_33_59
core16_4/evalB_1/DP_OP_54J26_125_4250    143.5140     0.0    143.5140     0.0000 0.0000  Eval_33_57_DP_OP_54J26_125_4250_J26_0_2
core16_4/evalB_1/DP_OP_55J26_126_8896    191.2680     0.0    191.2680     0.0000 0.0000  Eval_33_57_DP_OP_55J26_126_8896_J26_0_2
core16_4/evalB_1/DP_OP_56J26_127_6605    198.4500     0.0    198.4500     0.0000 0.0000  Eval_33_57_DP_OP_56J26_127_6605_J26_0_2
core16_4/evalB_2                     543.5640      0.1      16.5060      0.0000  0.0000  Eval_33_58
core16_4/evalB_2/DP_OP_54J26_125_4250    140.9940     0.0    140.9940     0.0000 0.0000  Eval_33_57_DP_OP_54J26_125_4250_J26_0_1
core16_4/evalB_2/DP_OP_55J26_126_8896    189.7560     0.0    189.7560     0.0000 0.0000  Eval_33_57_DP_OP_55J26_126_8896_J26_0_1
core16_4/evalB_2/DP_OP_56J26_127_6605    196.3080     0.0    196.3080     0.0000 0.0000  Eval_33_57_DP_OP_56J26_127_6605_J26_0_1
core16_4/evalB_3                     557.1720      0.1      17.3880      0.0000  0.0000  Eval_33_57
core16_4/evalB_3/DP_OP_54J26_125_4250    146.4120     0.0    146.4120     0.0000 0.0000  Eval_33_57_DP_OP_54J26_125_4250_J26_0_0
core16_4/evalB_3/DP_OP_55J26_126_8896    191.5200     0.0    191.5200     0.0000 0.0000  Eval_33_57_DP_OP_55J26_126_8896_J26_0_0
core16_4/evalB_3/DP_OP_56J26_127_6605    201.8520     0.0    201.8520     0.0000 0.0000  Eval_33_57_DP_OP_56J26_127_6605_J26_0_0
core16_4/interp                    13266.1618      1.4       0.7560   1260.0000  0.0000  Interpolation_7_2
core16_4/interp/interp             12005.4058      1.2       0.2520      0.0000  0.0000  InterpolationComb_7_2
core16_4/interp/interp/DP_OP_421J11_122_4043  12005.1538     1.2  12005.1538     0.0000 0.0000 InterpolationComb_7_1_DP_OP_421J11_122_4043_J11_0_1
core16_5                          134293.8223     13.8       2.0160   2348.6400  0.0000  core16_1
core16_5/core4_0                   15503.7958      1.6       0.7560    630.5040  0.0000  core4_13
core16_5/core4_0/evalA              1089.9000      0.1      41.8320      0.0000  0.0000  Eval_32_13
core16_5/core4_0/evalA/DP_OP_53J22_123_9578    274.0500     0.0    274.0500     0.0000 0.0000 Eval_32_1_DP_OP_53J22_123_9578_J22_0_9
core16_5/core4_0/evalA/DP_OP_54J22_124_907    395.6400     0.0    395.6400     0.0000 0.0000 Eval_32_1_DP_OP_54J22_124_907_J22_0_9
core16_5/core4_0/evalA/DP_OP_55J22_125_2024    378.3780     0.0    378.3780     0.0000 0.0000 Eval_32_1_DP_OP_55J22_125_2024_J22_0_9
core16_5/core4_0/evalB               695.1420      0.1      23.8140      0.0000  0.0000  Eval_33_13
core16_5/core4_0/evalB/DP_OP_53J27_122_8097    173.1240     0.0    173.1240     0.0000 0.0000 Eval_33_1_DP_OP_53J27_122_8097_J27_0_9
core16_5/core4_0/evalB/DP_OP_54J27_123_1200    257.6700     0.0    257.6700     0.0000 0.0000 Eval_33_1_DP_OP_54J27_123_1200_J27_0_9
core16_5/core4_0/evalB/DP_OP_55J27_124_5184    240.5340     0.0    240.5340     0.0000 0.0000 Eval_33_1_DP_OP_55J27_124_5184_J27_0_9
core16_5/core4_0/interp             3354.6240      0.3       0.7560    332.6400  0.0000  Interpolation_14
core16_5/core4_0/interp/interp      3021.2280      0.3       0.2520      0.0000  0.0000  InterpolationComb_14
core16_5/core4_0/interp/interp/DP_OP_106J22_122_6228   3020.9760     0.3   3020.9760     0.0000 0.0000 InterpolationComb_0_DP_OP_106J22_122_6228_J22_0_5
core16_5/core4_0/mult_x_1           1182.8880      0.1    1182.8880      0.0000  0.0000  core4_7_DW_mult_tc_J23_6_2
core16_5/core4_0/mult_x_2           1438.5420      0.1    1438.5420      0.0000  0.0000  core4_7_DW_mult_tc_J23_5_2
core16_5/core4_0/mult_x_3           1491.2100      0.2    1491.2100      0.0000  0.0000  core4_7_DW_mult_tc_J23_4_2
core16_5/core4_0/mult_x_4           1484.6580      0.2    1484.6580      0.0000  0.0000  core4_7_DW_mult_tc_J23_3_2
core16_5/core4_0/mult_x_5           1479.6180      0.2    1479.6180      0.0000  0.0000  core4_7_DW_mult_tc_J23_2_2
core16_5/core4_0/mult_x_6           1478.9880      0.2    1478.9880      0.0000  0.0000  core4_7_DW_mult_tc_J23_1_2
core16_5/core4_0/mult_x_7           1176.9660      0.1    1176.9660      0.0000  0.0000  core4_7_DW_mult_tc_J23_0_2
core16_5/core4_1                   16018.6318      1.6       0.7560    630.5040  0.0000  core4_12
core16_5/core4_1/evalA              1084.8600      0.1      38.0520      0.0000  0.0000  Eval_32_12
core16_5/core4_1/evalA/DP_OP_53J22_123_9578    274.0500     0.0    274.0500     0.0000 0.0000 Eval_32_1_DP_OP_53J22_123_9578_J22_0_8
core16_5/core4_1/evalA/DP_OP_54J22_124_907    392.9940     0.0    392.9940     0.0000 0.0000 Eval_32_1_DP_OP_54J22_124_907_J22_0_8
core16_5/core4_1/evalA/DP_OP_55J22_125_2024    379.7640     0.0    379.7640     0.0000 0.0000 Eval_32_1_DP_OP_55J22_125_2024_J22_0_8
core16_5/core4_1/evalB               691.6140      0.1      22.9320      0.0000  0.0000  Eval_33_12
core16_5/core4_1/evalB/DP_OP_53J27_122_8097    177.2820     0.0    177.2820     0.0000 0.0000 Eval_33_1_DP_OP_53J27_122_8097_J27_0_8
core16_5/core4_1/evalB/DP_OP_54J27_123_1200    250.8660     0.0    250.8660     0.0000 0.0000 Eval_33_1_DP_OP_54J27_123_1200_J27_0_8
core16_5/core4_1/evalB/DP_OP_55J27_124_5184    240.5340     0.0    240.5340     0.0000 0.0000 Eval_33_1_DP_OP_55J27_124_5184_J27_0_8
core16_5/core4_1/interp             3354.6240      0.3       0.7560    332.6400  0.0000  Interpolation_13
core16_5/core4_1/interp/interp      3021.2280      0.3       0.2520      0.0000  0.0000  InterpolationComb_13
core16_5/core4_1/interp/interp/DP_OP_106J22_122_6228   3020.9760     0.3   3020.9760     0.0000 0.0000 InterpolationComb_0_DP_OP_106J22_122_6228_J22_0_4
core16_5/core4_1/mult_x_1           1442.5740      0.1    1442.5740      0.0000  0.0000  core4_7_DW_mult_tc_J23_6_1
core16_5/core4_1/mult_x_2           1437.9120      0.1    1437.9120      0.0000  0.0000  core4_7_DW_mult_tc_J23_5_1
core16_5/core4_1/mult_x_3           1480.2480      0.2    1480.2480      0.0000  0.0000  core4_7_DW_mult_tc_J23_4_1
core16_5/core4_1/mult_x_4           1486.4220      0.2    1486.4220      0.0000  0.0000  core4_7_DW_mult_tc_J23_3_1
core16_5/core4_1/mult_x_5           1489.1940      0.2    1489.1940      0.0000  0.0000  core4_7_DW_mult_tc_J23_2_1
core16_5/core4_1/mult_x_6           1482.2640      0.2    1482.2640      0.0000  0.0000  core4_7_DW_mult_tc_J23_1_1
core16_5/core4_1/mult_x_7           1437.6600      0.1    1437.6600      0.0000  0.0000  core4_7_DW_mult_tc_J23_0_1
core16_5/core4_2                   16133.4178      1.7       0.7560    630.2520  0.0000  core4_11
core16_5/core4_2/evalA              1090.6560      0.1      38.3040      0.0000  0.0000  Eval_32_11
core16_5/core4_2/evalA/DP_OP_53J22_123_9578    274.0500     0.0    274.0500     0.0000 0.0000 Eval_32_1_DP_OP_53J22_123_9578_J22_0_7
core16_5/core4_2/evalA/DP_OP_54J22_124_907    396.9000     0.0    396.9000     0.0000 0.0000 Eval_32_1_DP_OP_54J22_124_907_J22_0_7
core16_5/core4_2/evalA/DP_OP_55J22_125_2024    381.4020     0.0    381.4020     0.0000 0.0000 Eval_32_1_DP_OP_55J22_125_2024_J22_0_7
core16_5/core4_2/evalB               695.0160      0.1      22.6800      0.0000  0.0000  Eval_33_11
core16_5/core4_2/evalB/DP_OP_53J27_122_8097    176.6520     0.0    176.6520     0.0000 0.0000 Eval_33_1_DP_OP_53J27_122_8097_J27_0_7
core16_5/core4_2/evalB/DP_OP_54J27_123_1200    252.8820     0.0    252.8820     0.0000 0.0000 Eval_33_1_DP_OP_54J27_123_1200_J27_0_7
core16_5/core4_2/evalB/DP_OP_55J27_124_5184    242.8020     0.0    242.8020     0.0000 0.0000 Eval_33_1_DP_OP_55J27_124_5184_J27_0_7
core16_5/core4_2/interp             3461.5980      0.4       0.7560    340.7040  0.0000  Interpolation_12
core16_5/core4_2/interp/interp      3120.1379      0.3       0.2520      0.0000  0.0000  InterpolationComb_12
core16_5/core4_2/interp/interp/DP_OP_106J21_122_8999   3119.8859     0.3   3119.8859     0.0000 0.0000 InterpolationComb_1_DP_OP_106J21_122_8999_J21_0_7
core16_5/core4_2/mult_x_1           1439.0460      0.1    1439.0460      0.0000  0.0000  core4_1_DW_mult_tc_J24_6_6
core16_5/core4_2/mult_x_2           1444.7160      0.1    1444.7160      0.0000  0.0000  core4_1_DW_mult_tc_J24_5_6
core16_5/core4_2/mult_x_3           1484.6580      0.2    1484.6580      0.0000  0.0000  core4_1_DW_mult_tc_J24_4_6
core16_5/core4_2/mult_x_4           1479.6180      0.2    1479.6180      0.0000  0.0000  core4_1_DW_mult_tc_J24_3_6
core16_5/core4_2/mult_x_5           1483.6500      0.2    1483.6500      0.0000  0.0000  core4_1_DW_mult_tc_J24_2_6
core16_5/core4_2/mult_x_6           1485.9180      0.2    1485.9180      0.0000  0.0000  core4_1_DW_mult_tc_J24_1_6
core16_5/core4_2/mult_x_7           1437.5340      0.1    1437.5340      0.0000  0.0000  core4_1_DW_mult_tc_J24_0_6
core16_5/core4_3                   16125.6058      1.7       0.7560    630.3780  0.0000  core4_10
core16_5/core4_3/evalA              1085.1120      0.1      37.9260      0.0000  0.0000  Eval_32_10
core16_5/core4_3/evalA/DP_OP_53J22_123_9578    274.0500     0.0    274.0500     0.0000 0.0000 Eval_32_1_DP_OP_53J22_123_9578_J22_0_6
core16_5/core4_3/evalA/DP_OP_54J22_124_907    394.7580     0.0    394.7580     0.0000 0.0000 Eval_32_1_DP_OP_54J22_124_907_J22_0_6
core16_5/core4_3/evalA/DP_OP_55J22_125_2024    378.3780     0.0    378.3780     0.0000 0.0000 Eval_32_1_DP_OP_55J22_125_2024_J22_0_6
core16_5/core4_3/evalB               697.5360      0.1      22.9320      0.0000  0.0000  Eval_33_10
core16_5/core4_3/evalB/DP_OP_53J27_122_8097    179.2980     0.0    179.2980     0.0000 0.0000 Eval_33_1_DP_OP_53J27_122_8097_J27_0_6
core16_5/core4_3/evalB/DP_OP_54J27_123_1200    252.6300     0.0    252.6300     0.0000 0.0000 Eval_33_1_DP_OP_54J27_123_1200_J27_0_6
core16_5/core4_3/evalB/DP_OP_55J27_124_5184    242.6760     0.0    242.6760     0.0000 0.0000 Eval_33_1_DP_OP_55J27_124_5184_J27_0_6
core16_5/core4_3/interp             3462.6060      0.4       0.7560    340.7040  0.0000  Interpolation_11
core16_5/core4_3/interp/interp      3121.1459      0.3       0.2520      0.0000  0.0000  InterpolationComb_11
core16_5/core4_3/interp/interp/DP_OP_106J21_122_8999   3120.8939     0.3   3120.8939     0.0000 0.0000 InterpolationComb_1_DP_OP_106J21_122_8999_J21_0_6
core16_5/core4_3/mult_x_1           1437.4080      0.1    1437.4080      0.0000  0.0000  core4_1_DW_mult_tc_J24_6_5
core16_5/core4_3/mult_x_2           1446.2280      0.1    1446.2280      0.0000  0.0000  core4_1_DW_mult_tc_J24_5_5
core16_5/core4_3/mult_x_3           1481.0040      0.2    1481.0040      0.0000  0.0000  core4_1_DW_mult_tc_J24_4_5
core16_5/core4_3/mult_x_4           1481.5080      0.2    1481.5080      0.0000  0.0000  core4_1_DW_mult_tc_J24_3_5
core16_5/core4_3/mult_x_5           1482.1380      0.2    1482.1380      0.0000  0.0000  core4_1_DW_mult_tc_J24_2_5
core16_5/core4_3/mult_x_6           1483.9020      0.2    1483.9020      0.0000  0.0000  core4_1_DW_mult_tc_J24_1_5
core16_5/core4_3/mult_x_7           1437.0300      0.1    1437.0300      0.0000  0.0000  core4_1_DW_mult_tc_J24_0_5
core16_5/core4_4                   16123.8418      1.7       0.7560    630.2520  0.0000  core4_9
core16_5/core4_4/evalA              1085.8680      0.1      37.9260      0.0000  0.0000  Eval_32_9
core16_5/core4_4/evalA/DP_OP_53J22_123_9578    274.0500     0.0    274.0500     0.0000 0.0000 Eval_32_1_DP_OP_53J22_123_9578_J22_0_5
core16_5/core4_4/evalA/DP_OP_54J22_124_907    392.3640     0.0    392.3640     0.0000 0.0000 Eval_32_1_DP_OP_54J22_124_907_J22_0_5
core16_5/core4_4/evalA/DP_OP_55J22_125_2024    381.5280     0.0    381.5280     0.0000 0.0000 Eval_32_1_DP_OP_55J22_125_2024_J22_0_5
core16_5/core4_4/evalB               690.7320      0.1      22.9320      0.0000  0.0000  Eval_33_9
core16_5/core4_4/evalB/DP_OP_53J27_122_8097    174.1320     0.0    174.1320     0.0000 0.0000 Eval_33_1_DP_OP_53J27_122_8097_J27_0_5
core16_5/core4_4/evalB/DP_OP_54J27_123_1200    254.0160     0.0    254.0160     0.0000 0.0000 Eval_33_1_DP_OP_54J27_123_1200_J27_0_5
core16_5/core4_4/evalB/DP_OP_55J27_124_5184    239.6520     0.0    239.6520     0.0000 0.0000 Eval_33_1_DP_OP_55J27_124_5184_J27_0_5
core16_5/core4_4/interp             3463.1100      0.4       0.7560    340.7040  0.0000  Interpolation_10
core16_5/core4_4/interp/interp      3121.6499      0.3       0.2520      0.0000  0.0000  InterpolationComb_10
core16_5/core4_4/interp/interp/DP_OP_106J21_122_8999   3121.3979     0.3   3121.3979     0.0000 0.0000 InterpolationComb_1_DP_OP_106J21_122_8999_J21_0_5
core16_5/core4_4/mult_x_1           1438.5420      0.1    1438.5420      0.0000  0.0000  core4_1_DW_mult_tc_J24_6_4
core16_5/core4_4/mult_x_2           1446.8580      0.1    1446.8580      0.0000  0.0000  core4_1_DW_mult_tc_J24_5_4
core16_5/core4_4/mult_x_3           1481.2560      0.2    1481.2560      0.0000  0.0000  core4_1_DW_mult_tc_J24_4_4
core16_5/core4_4/mult_x_4           1480.7520      0.2    1480.7520      0.0000  0.0000  core4_1_DW_mult_tc_J24_3_4
core16_5/core4_4/mult_x_5           1488.3120      0.2    1488.3120      0.0000  0.0000  core4_1_DW_mult_tc_J24_2_4
core16_5/core4_4/mult_x_6           1480.6260      0.2    1480.6260      0.0000  0.0000  core4_1_DW_mult_tc_J24_1_4
core16_5/core4_4/mult_x_7           1436.7780      0.1    1436.7780      0.0000  0.0000  core4_1_DW_mult_tc_J24_0_4
core16_5/core4_5                   16134.8038      1.7       0.7560    630.2520  0.0000  core4_8
core16_5/core4_5/evalA              1083.7260      0.1      38.3040      0.0000  0.0000  Eval_32_8
core16_5/core4_5/evalA/DP_OP_53J22_123_9578    274.0500     0.0    274.0500     0.0000 0.0000 Eval_32_1_DP_OP_53J22_123_9578_J22_0_4
core16_5/core4_5/evalA/DP_OP_54J22_124_907    392.3640     0.0    392.3640     0.0000 0.0000 Eval_32_1_DP_OP_54J22_124_907_J22_0_4
core16_5/core4_5/evalA/DP_OP_55J22_125_2024    379.0080     0.0    379.0080     0.0000 0.0000 Eval_32_1_DP_OP_55J22_125_2024_J22_0_4
core16_5/core4_5/evalB               691.3620      0.1      22.9320      0.0000  0.0000  Eval_33_8
core16_5/core4_5/evalB/DP_OP_53J27_122_8097    172.6200     0.0    172.6200     0.0000 0.0000 Eval_33_1_DP_OP_53J27_122_8097_J27_0_4
core16_5/core4_5/evalB/DP_OP_54J27_123_1200    255.5280     0.0    255.5280     0.0000 0.0000 Eval_33_1_DP_OP_54J27_123_1200_J27_0_4
core16_5/core4_5/evalB/DP_OP_55J27_124_5184    240.2820     0.0    240.2820     0.0000 0.0000 Eval_33_1_DP_OP_55J27_124_5184_J27_0_4
core16_5/core4_5/interp             3462.1020      0.4       0.7560    340.7040  0.0000  Interpolation_9
core16_5/core4_5/interp/interp      3120.6419      0.3       0.2520      0.0000  0.0000  InterpolationComb_9
core16_5/core4_5/interp/interp/DP_OP_106J21_122_8999   3120.3899     0.3   3120.3899     0.0000 0.0000 InterpolationComb_1_DP_OP_106J21_122_8999_J21_0_4
core16_5/core4_5/mult_x_1           1439.0460      0.1    1439.0460      0.0000  0.0000  core4_1_DW_mult_tc_J24_6_3
core16_5/core4_5/mult_x_2           1446.8580      0.1    1446.8580      0.0000  0.0000  core4_1_DW_mult_tc_J24_5_3
core16_5/core4_5/mult_x_3           1485.5400      0.2    1485.5400      0.0000  0.0000  core4_1_DW_mult_tc_J24_4_3
core16_5/core4_5/mult_x_4           1486.4220      0.2    1486.4220      0.0000  0.0000  core4_1_DW_mult_tc_J24_3_3
core16_5/core4_5/mult_x_5           1484.4060      0.2    1484.4060      0.0000  0.0000  core4_1_DW_mult_tc_J24_2_3
core16_5/core4_5/mult_x_6           1487.5560      0.2    1487.5560      0.0000  0.0000  core4_1_DW_mult_tc_J24_1_3
core16_5/core4_5/mult_x_7           1436.7780      0.1    1436.7780      0.0000  0.0000  core4_1_DW_mult_tc_J24_0_3
core16_5/core4_6                   15516.0178      1.6       0.7560    630.5040  0.0000  core4_7
core16_5/core4_6/evalA              1087.2540      0.1      41.8320      0.0000  0.0000  Eval_32_7
core16_5/core4_6/evalA/DP_OP_53J22_123_9578    274.0500     0.0    274.0500     0.0000 0.0000 Eval_32_1_DP_OP_53J22_123_9578_J22_0_3
core16_5/core4_6/evalA/DP_OP_54J22_124_907    392.3640     0.0    392.3640     0.0000 0.0000 Eval_32_1_DP_OP_54J22_124_907_J22_0_3
core16_5/core4_6/evalA/DP_OP_55J22_125_2024    379.0080     0.0    379.0080     0.0000 0.0000 Eval_32_1_DP_OP_55J22_125_2024_J22_0_3
core16_5/core4_6/evalB               692.7480      0.1      23.4360      0.0000  0.0000  Eval_33_7
core16_5/core4_6/evalB/DP_OP_53J27_122_8097    175.2660     0.0    175.2660     0.0000 0.0000 Eval_33_1_DP_OP_53J27_122_8097_J27_0_3
core16_5/core4_6/evalB/DP_OP_54J27_123_1200    251.3700     0.0    251.3700     0.0000 0.0000 Eval_33_1_DP_OP_54J27_123_1200_J27_0_3
core16_5/core4_6/evalB/DP_OP_55J27_124_5184    242.6760     0.0    242.6760     0.0000 0.0000 Eval_33_1_DP_OP_55J27_124_5184_J27_0_3
core16_5/core4_6/interp             3354.6240      0.3       0.7560    332.6400  0.0000  Interpolation_8
core16_5/core4_6/interp/interp      3021.2280      0.3       0.2520      0.0000  0.0000  InterpolationComb_8
core16_5/core4_6/interp/interp/DP_OP_106J22_122_6228   3020.9760     0.3   3020.9760     0.0000 0.0000 InterpolationComb_0_DP_OP_106J22_122_6228_J22_0_3
core16_5/core4_6/mult_x_1           1182.3840      0.1    1182.3840      0.0000  0.0000  core4_7_DW_mult_tc_J23_6_0
core16_5/core4_6/mult_x_2           1443.4560      0.1    1443.4560      0.0000  0.0000  core4_7_DW_mult_tc_J23_5_0
core16_5/core4_6/mult_x_3           1480.6260      0.2    1480.6260      0.0000  0.0000  core4_7_DW_mult_tc_J23_4_0
core16_5/core4_6/mult_x_4           1485.6660      0.2    1485.6660      0.0000  0.0000  core4_7_DW_mult_tc_J23_3_0
core16_5/core4_6/mult_x_5           1493.6040      0.2    1493.6040      0.0000  0.0000  core4_7_DW_mult_tc_J23_2_0
core16_5/core4_6/mult_x_6           1481.8860      0.2    1481.8860      0.0000  0.0000  core4_7_DW_mult_tc_J23_1_0
core16_5/core4_6/mult_x_7           1182.5100      0.1    1182.5100      0.0000  0.0000  core4_7_DW_mult_tc_J23_0_0
core16_5/evalA                      1091.7900      0.1      41.0760      0.0000  0.0000  Eval_32_56
core16_5/evalA/DP_OP_53J22_123_9578    275.3100     0.0    275.3100      0.0000  0.0000  Eval_32_1_DP_OP_53J22_123_9578_J22_0_36
core16_5/evalA/DP_OP_54J22_124_907    393.7500     0.0     393.7500      0.0000  0.0000  Eval_32_1_DP_OP_54J22_124_907_J22_0_36
core16_5/evalA/DP_OP_55J22_125_2024    381.6540     0.0    381.6540      0.0000  0.0000  Eval_32_1_DP_OP_55J22_125_2024_J22_0_36
core16_5/evalA_1                    1087.6320      0.1      34.7760      0.0000  0.0000  Eval_32_55
core16_5/evalA_1/DP_OP_53J22_123_9578    274.0500     0.0    274.0500     0.0000 0.0000  Eval_32_1_DP_OP_53J22_123_9578_J22_0_35
core16_5/evalA_1/DP_OP_54J22_124_907    391.7340     0.0    391.7340     0.0000  0.0000  Eval_32_1_DP_OP_54J22_124_907_J22_0_35
core16_5/evalA_1/DP_OP_55J22_125_2024    387.0720     0.0    387.0720     0.0000 0.0000  Eval_32_1_DP_OP_55J22_125_2024_J22_0_35
core16_5/evalA_2                    1083.3480      0.1      34.7760      0.0000  0.0000  Eval_32_54
core16_5/evalA_2/DP_OP_53J22_123_9578    274.0500     0.0    274.0500     0.0000 0.0000  Eval_32_1_DP_OP_53J22_123_9578_J22_0_34
core16_5/evalA_2/DP_OP_54J22_124_907    394.8840     0.0    394.8840     0.0000  0.0000  Eval_32_1_DP_OP_54J22_124_907_J22_0_34
core16_5/evalA_2/DP_OP_55J22_125_2024    379.6380     0.0    379.6380     0.0000 0.0000  Eval_32_1_DP_OP_55J22_125_2024_J22_0_34
core16_5/evalA_3                    1096.3260      0.1      41.2020      0.0000  0.0000  Eval_32_53
core16_5/evalA_3/DP_OP_53J22_123_9578    274.6800     0.0    274.6800     0.0000 0.0000  Eval_32_1_DP_OP_53J22_123_9578_J22_0_33
core16_5/evalA_3/DP_OP_54J22_124_907    396.6480     0.0    396.6480     0.0000  0.0000  Eval_32_1_DP_OP_54J22_124_907_J22_0_33
core16_5/evalA_3/DP_OP_55J22_125_2024    383.7960     0.0    383.7960     0.0000 0.0000  Eval_32_1_DP_OP_55J22_125_2024_J22_0_33
core16_5/evalB                       690.7320      0.1      22.3020      0.0000  0.0000  Eval_33_56
core16_5/evalB/DP_OP_53J27_122_8097    174.8880     0.0    174.8880      0.0000  0.0000  Eval_33_1_DP_OP_53J27_122_8097_J27_0_32
core16_5/evalB/DP_OP_54J27_123_1200    252.0000     0.0    252.0000      0.0000  0.0000  Eval_33_1_DP_OP_54J27_123_1200_J27_0_32
core16_5/evalB/DP_OP_55J27_124_5184    241.5420     0.0    241.5420      0.0000  0.0000  Eval_33_1_DP_OP_55J27_124_5184_J27_0_32
core16_5/evalB_1                     686.0700      0.1      21.6720      0.0000  0.0000  Eval_33_55
core16_5/evalB_1/DP_OP_53J27_122_8097    173.6280     0.0    173.6280     0.0000 0.0000  Eval_33_1_DP_OP_53J27_122_8097_J27_0_31
core16_5/evalB_1/DP_OP_54J27_123_1200    250.6140     0.0    250.6140     0.0000 0.0000  Eval_33_1_DP_OP_54J27_123_1200_J27_0_31
core16_5/evalB_1/DP_OP_55J27_124_5184    240.1560     0.0    240.1560     0.0000 0.0000  Eval_33_1_DP_OP_55J27_124_5184_J27_0_31
core16_5/evalB_2                     689.7240      0.1      21.9240      0.0000  0.0000  Eval_33_54
core16_5/evalB_2/DP_OP_53J27_122_8097    173.1240     0.0    173.1240     0.0000 0.0000  Eval_33_1_DP_OP_53J27_122_8097_J27_0_30
core16_5/evalB_2/DP_OP_54J27_123_1200    251.6220     0.0    251.6220     0.0000 0.0000  Eval_33_1_DP_OP_54J27_123_1200_J27_0_30
core16_5/evalB_2/DP_OP_55J27_124_5184    243.0540     0.0    243.0540     0.0000 0.0000  Eval_33_1_DP_OP_55J27_124_5184_J27_0_30
core16_5/evalB_3                     695.2680      0.1      22.4280      0.0000  0.0000  Eval_33_53
core16_5/evalB_3/DP_OP_53J27_122_8097    178.6680     0.0    178.6680     0.0000 0.0000  Eval_33_1_DP_OP_53J27_122_8097_J27_0_29
core16_5/evalB_3/DP_OP_54J27_123_1200    254.5200     0.0    254.5200     0.0000 0.0000  Eval_33_1_DP_OP_54J27_123_1200_J27_0_29
core16_5/evalB_3/DP_OP_55J27_124_5184    239.6520     0.0    239.6520     0.0000 0.0000  Eval_33_1_DP_OP_55J27_124_5184_J27_0_29
core16_5/interp                    13266.1618      1.4       0.7560   1260.0000  0.0000  Interpolation_7_1
core16_5/interp/interp             12005.4058      1.2       0.2520      0.0000  0.0000  InterpolationComb_7_1
core16_5/interp/interp/DP_OP_421J11_122_4043  12005.1538     1.2  12005.1538     0.0000 0.0000 InterpolationComb_7_1_DP_OP_421J11_122_4043_J11_0_0
core16_6                          120721.3545     12.4       2.0160   2348.6400  0.0000  core16_0
core16_6/core4_0                   12971.0698      1.3       1.0080    630.6300  0.0000  core4_6
core16_6/core4_0/evalA               916.5240      0.1      28.3500      0.0000  0.0000  Eval_32_6
core16_6/core4_0/evalA/DP_OP_54J20_122_5955    237.3840     0.0    237.3840     0.0000 0.0000 Eval_32_0_DP_OP_54J20_122_5955_J20_0_1
core16_6/core4_0/evalA/DP_OP_55J20_123_5437    322.4340     0.0    322.4340     0.0000 0.0000 Eval_32_0_DP_OP_55J20_123_5437_J20_0_1
core16_6/core4_0/evalA/DP_OP_56J20_124_5252    328.3560     0.0    328.3560     0.0000 0.0000 Eval_32_0_DP_OP_56J20_124_5252_J20_0_1
core16_6/core4_0/evalB               428.5260      0.0      13.3560      0.0000  0.0000  Eval_33_6
core16_6/core4_0/evalB/DP_OP_54J22_129_1607    110.1240     0.0    110.1240     0.0000 0.0000 Eval_33_0_DP_OP_54J22_129_1607_J22_0_1
core16_6/core4_0/evalB/DP_OP_55J22_130_5730    150.3180     0.0    150.3180     0.0000 0.0000 Eval_33_0_DP_OP_55J22_130_5730_J22_0_1
core16_6/core4_0/evalB/DP_OP_56J22_131_8412    154.7280     0.0    154.7280     0.0000 0.0000 Eval_33_0_DP_OP_56J22_131_8412_J22_0_1
core16_6/core4_0/interp             3354.6240      0.3       0.7560    332.6400  0.0000  Interpolation_6
core16_6/core4_0/interp/interp      3021.2280      0.3       0.2520      0.0000  0.0000  InterpolationComb_6
core16_6/core4_0/interp/interp/DP_OP_106J22_122_6228   3020.9760     0.3   3020.9760     0.0000 0.0000 InterpolationComb_0_DP_OP_106J22_122_6228_J22_0_2
core16_6/core4_0/mult_x_1            932.1480      0.1     932.1480      0.0000  0.0000  core4_0_DW_mult_uns_J16_3_1
core16_6/core4_0/mult_x_2           1168.5240      0.1    1168.5240      0.0000  0.0000  core4_0_DW_mult_uns_J16_2_1
core16_6/core4_0/mult_x_3           1088.0100      0.1    1088.0100      0.0000  0.0000  core4_0_DW_mult_tc_J16_2_1
core16_6/core4_0/mult_x_4           1081.5840      0.1    1081.5840      0.0000  0.0000  core4_0_DW_mult_tc_J16_1_1
core16_6/core4_0/mult_x_5           1227.3660      0.1    1227.3660      0.0000  0.0000  core4_0_DW_mult_uns_J16_1_1
core16_6/core4_0/mult_x_6           1209.9780      0.1    1209.9780      0.0000  0.0000  core4_0_DW_mult_tc_J16_0_1
core16_6/core4_0/mult_x_7            932.1480      0.1     932.1480      0.0000  0.0000  core4_0_DW_mult_uns_J16_0_1
core16_6/core4_1                   14822.0098      1.5       1.0080    630.3780  0.0000  core4_5
core16_6/core4_1/evalA              1035.2160      0.1      31.6260      0.0000  0.0000  Eval_32_5
core16_6/core4_1/evalA/DP_OP_54J21_126_8276    266.9940     0.0    266.9940     0.0000 0.0000 Eval_32_5_DP_OP_54J21_126_8276_J21_0_0
core16_6/core4_1/evalA/DP_OP_55J21_127_5033    370.3140     0.0    370.3140     0.0000 0.0000 Eval_32_5_DP_OP_55J21_127_5033_J21_0_0
core16_6/core4_1/evalA/DP_OP_56J21_128_5140    366.2820     0.0    366.2820     0.0000 0.0000 Eval_32_5_DP_OP_56J21_128_5140_J21_0_0
core16_6/core4_1/evalB               651.7980      0.1      16.8840      0.0000  0.0000  Eval_33_5
core16_6/core4_1/evalB/DP_OP_54J24_125_3928    143.8920     0.0    143.8920     0.0000 0.0000 Eval_33_5_DP_OP_54J24_125_3928_J24_0_0
core16_6/core4_1/evalB/DP_OP_55J24_126_5326    195.1740     0.0    195.1740     0.0000 0.0000 Eval_33_5_DP_OP_55J24_126_5326_J24_0_0
core16_6/core4_1/evalB/DP_OP_56J24_127_8300    295.8480     0.0    295.8480     0.0000 0.0000 Eval_33_5_DP_OP_56J24_127_8300_0
core16_6/core4_1/interp             3354.6240      0.3       0.7560    332.6400  0.0000  Interpolation_5
core16_6/core4_1/interp/interp      3021.2280      0.3       0.2520      0.0000  0.0000  InterpolationComb_5
core16_6/core4_1/interp/interp/DP_OP_106J22_122_6228   3020.9760     0.3   3020.9760     0.0000 0.0000 InterpolationComb_0_DP_OP_106J22_122_6228_J22_0_1
core16_6/core4_1/mult_x_1           1192.8420      0.1    1192.8420      0.0000  0.0000  core4_5_DW_mult_uns_J31_3_0
core16_6/core4_1/mult_x_2           1339.5060      0.1    1339.5060      0.0000  0.0000  core4_5_DW_mult_uns_J31_2_0
core16_6/core4_1/mult_x_3           1339.2540      0.1    1339.2540      0.0000  0.0000  core4_5_DW_mult_tc_J31_2_0
core16_6/core4_1/mult_x_4           1324.0080      0.1    1324.0080      0.0000  0.0000  core4_5_DW_mult_tc_J31_1_0
core16_6/core4_1/mult_x_5           1369.6200      0.1    1369.6200      0.0000  0.0000  core4_5_DW_mult_uns_J31_1_0
core16_6/core4_1/mult_x_6           1415.9880      0.1    1415.9880      0.0000  0.0000  core4_5_DW_mult_tc_J31_0_0
core16_6/core4_1/mult_x_7           1167.7680      0.1    1167.7680      0.0000  0.0000  core4_5_DW_mult_uns_J31_0_0
core16_6/core4_2                   13694.5618      1.4       1.0080    630.2520  0.0000  core4_4
core16_6/core4_2/evalA               960.2460      0.1      29.9880      0.0000  0.0000  Eval_32_4
core16_6/core4_2/evalA/DP_OP_53J22_123_9578    246.4560     0.0    246.4560     0.0000 0.0000 Eval_32_1_DP_OP_53J22_123_9578_J22_0_2
core16_6/core4_2/evalA/DP_OP_54J22_124_907    339.3180     0.0    339.3180     0.0000 0.0000 Eval_32_1_DP_OP_54J22_124_907_J22_0_2
core16_6/core4_2/evalA/DP_OP_55J22_125_2024    344.4840     0.0    344.4840     0.0000 0.0000 Eval_32_1_DP_OP_55J22_125_2024_J22_0_2
core16_6/core4_2/evalB               471.6180      0.0      14.1120      0.0000  0.0000  Eval_33_4
core16_6/core4_2/evalB/DP_OP_53J27_122_8097    121.3380     0.0    121.3380     0.0000 0.0000 Eval_33_1_DP_OP_53J27_122_8097_J27_0_2
core16_6/core4_2/evalB/DP_OP_54J27_123_1200    165.4380     0.0    165.4380     0.0000 0.0000 Eval_33_1_DP_OP_54J27_123_1200_J27_0_2
core16_6/core4_2/evalB/DP_OP_55J27_124_5184    170.7300     0.0    170.7300     0.0000 0.0000 Eval_33_1_DP_OP_55J27_124_5184_J27_0_2
core16_6/core4_2/interp             3462.1020      0.4       0.7560    340.7040  0.0000  Interpolation_4
core16_6/core4_2/interp/interp      3120.6419      0.3       0.2520      0.0000  0.0000  InterpolationComb_4
core16_6/core4_2/interp/interp/DP_OP_106J21_122_8999   3120.3899     0.3   3120.3899     0.0000 0.0000 InterpolationComb_1_DP_OP_106J21_122_8999_J21_0_3
core16_6/core4_2/mult_x_1           1060.2900      0.1    1060.2900      0.0000  0.0000  core4_1_DW_mult_tc_J24_6_2
core16_6/core4_2/mult_x_2           1206.0720      0.1    1206.0720      0.0000  0.0000  core4_1_DW_mult_tc_J24_5_2
core16_6/core4_2/mult_x_3           1131.3540      0.1    1131.3540      0.0000  0.0000  core4_1_DW_mult_tc_J24_4_2
core16_6/core4_2/mult_x_4           1182.6360      0.1    1182.6360      0.0000  0.0000  core4_1_DW_mult_tc_J24_3_2
core16_6/core4_2/mult_x_5           1233.4140      0.1    1233.4140      0.0000  0.0000  core4_1_DW_mult_tc_J24_2_2
core16_6/core4_2/mult_x_6           1294.3980      0.1    1294.3980      0.0000  0.0000  core4_1_DW_mult_tc_J24_1_2
core16_6/core4_2/mult_x_7           1061.1720      0.1    1061.1720      0.0000  0.0000  core4_1_DW_mult_tc_J24_0_2
core16_6/core4_3                   15371.2438      1.6       0.7560    630.1260  0.0000  core4_3
core16_6/core4_3/evalA              1079.3160      0.1      33.8940      0.0000  0.0000  Eval_32_3
core16_6/core4_3/evalA/DP_OP_53J22_123_9578    274.0500     0.0    274.0500     0.0000 0.0000 Eval_32_1_DP_OP_53J22_123_9578_J22_0_1
core16_6/core4_3/evalA/DP_OP_54J22_124_907    392.9940     0.0    392.9940     0.0000 0.0000 Eval_32_1_DP_OP_54J22_124_907_J22_0_1
core16_6/core4_3/evalA/DP_OP_55J22_125_2024    378.3780     0.0    378.3780     0.0000 0.0000 Eval_32_1_DP_OP_55J22_125_2024_J22_0_1
core16_6/core4_3/evalB               693.2520      0.1      21.6720      0.0000  0.0000  Eval_33_3
core16_6/core4_3/evalB/DP_OP_53J27_122_8097    175.0140     0.0    175.0140     0.0000 0.0000 Eval_33_1_DP_OP_53J27_122_8097_J27_0_1
core16_6/core4_3/evalB/DP_OP_54J27_123_1200    256.7880     0.0    256.7880     0.0000 0.0000 Eval_33_1_DP_OP_54J27_123_1200_J27_0_1
core16_6/core4_3/evalB/DP_OP_55J27_124_5184    239.7780     0.0    239.7780     0.0000 0.0000 Eval_33_1_DP_OP_55J27_124_5184_J27_0_1
core16_6/core4_3/interp             3461.5980      0.4       0.7560    340.7040  0.0000  Interpolation_3
core16_6/core4_3/interp/interp      3120.1379      0.3       0.2520      0.0000  0.0000  InterpolationComb_3
core16_6/core4_3/interp/interp/DP_OP_106J21_122_8999   3119.8859     0.3   3119.8859     0.0000 0.0000 InterpolationComb_1_DP_OP_106J21_122_8999_J21_0_2
core16_6/core4_3/mult_x_1           1063.5660      0.1    1063.5660      0.0000  0.0000  core4_1_DW_mult_tc_J24_6_1
core16_6/core4_3/mult_x_2           1437.9120      0.1    1437.9120      0.0000  0.0000  core4_1_DW_mult_tc_J24_5_1
core16_6/core4_3/mult_x_3           1479.9960      0.2    1479.9960      0.0000  0.0000  core4_1_DW_mult_tc_J24_4_1
core16_6/core4_3/mult_x_4           1483.3980      0.2    1483.3980      0.0000  0.0000  core4_1_DW_mult_tc_J24_3_1
core16_6/core4_3/mult_x_5           1482.0120      0.2    1482.0120      0.0000  0.0000  core4_1_DW_mult_tc_J24_2_1
core16_6/core4_3/mult_x_6           1500.9120      0.2    1500.9120      0.0000  0.0000  core4_1_DW_mult_tc_J24_1_1
core16_6/core4_3/mult_x_7           1058.4000      0.1    1058.4000      0.0000  0.0000  core4_1_DW_mult_tc_J24_0_1
core16_6/core4_4                   14771.6098      1.5       1.0080    630.8820  0.0000  core4_2
core16_6/core4_4/evalA              1033.4520      0.1      31.5000      0.0000  0.0000  Eval_32_2
core16_6/core4_4/evalA/DP_OP_54J16_122_854    267.4980     0.0    267.4980     0.0000 0.0000 Eval_32_2_DP_OP_54J16_122_854_J16_0_0
core16_6/core4_4/evalA/DP_OP_55J16_123_7587    364.6440     0.0    364.6440     0.0000 0.0000 Eval_32_2_DP_OP_55J16_123_7587_J16_0_0
core16_6/core4_4/evalA/DP_OP_56J16_124_7642    369.8100     0.0    369.8100     0.0000 0.0000 Eval_32_2_DP_OP_56J16_124_7642_J16_0_0
core16_6/core4_4/evalB               550.2420      0.1      16.7580      0.0000  0.0000  Eval_33_2
core16_6/core4_4/evalB/DP_OP_54J25_125_6473    140.9940     0.0    140.9940     0.0000 0.0000 Eval_33_2_DP_OP_54J25_125_6473_J25_0_0
core16_6/core4_4/evalB/DP_OP_55J25_126_780    191.6460     0.0    191.6460     0.0000 0.0000 Eval_33_2_DP_OP_55J25_126_780_J25_0_0
core16_6/core4_4/evalB/DP_OP_56J25_127_9714    200.8440     0.0    200.8440     0.0000 0.0000 Eval_33_2_DP_OP_56J25_127_9714_J25_0_0
core16_6/core4_4/interp             3461.5980      0.4       0.7560    340.7040  0.0000  Interpolation_2
core16_6/core4_4/interp/interp      3120.1379      0.3       0.2520      0.0000  0.0000  InterpolationComb_2
core16_6/core4_4/interp/interp/DP_OP_106J21_122_8999   3119.8859     0.3   3119.8859     0.0000 0.0000 InterpolationComb_1_DP_OP_106J21_122_8999_J21_0_1
core16_6/core4_4/mult_x_1           1194.8580      0.1    1194.8580      0.0000  0.0000  core4_2_DW_mult_uns_J33_3_0
core16_6/core4_4/mult_x_2           1387.5120      0.1    1387.5120      0.0000  0.0000  core4_2_DW_mult_uns_J33_2_0
core16_6/core4_4/mult_x_3           1260.6300      0.1    1260.6300      0.0000  0.0000  core4_2_DW_mult_tc_J33_2_0
core16_6/core4_4/mult_x_4           1294.1460      0.1    1294.1460      0.0000  0.0000  core4_2_DW_mult_tc_J33_1_0
core16_6/core4_4/mult_x_5           1366.8480      0.1    1366.8480      0.0000  0.0000  core4_2_DW_mult_uns_J33_1_0
core16_6/core4_4/mult_x_6           1396.7100      0.1    1396.7100      0.0000  0.0000  core4_2_DW_mult_tc_J33_0_0
core16_6/core4_4/mult_x_7           1193.7240      0.1    1193.7240      0.0000  0.0000  core4_2_DW_mult_uns_J33_0_0
core16_6/core4_5                   15630.1738      1.6       0.7560    630.1260  0.0000  core4_1
core16_6/core4_5/evalA              1081.5840      0.1      35.5320      0.0000  0.0000  Eval_32_1
core16_6/core4_5/evalA/DP_OP_53J22_123_9578    274.0500     0.0    274.0500     0.0000 0.0000 Eval_32_1_DP_OP_53J22_123_9578_J22_0_0
core16_6/core4_5/evalA/DP_OP_54J22_124_907    392.3640     0.0    392.3640     0.0000 0.0000 Eval_32_1_DP_OP_54J22_124_907_J22_0_0
core16_6/core4_5/evalA/DP_OP_55J22_125_2024    379.6380     0.0    379.6380     0.0000 0.0000 Eval_32_1_DP_OP_55J22_125_2024_J22_0_0
core16_6/core4_5/evalB               697.2840      0.1      22.1760      0.0000  0.0000  Eval_33_1
core16_6/core4_5/evalB/DP_OP_53J27_122_8097    173.1240     0.0    173.1240     0.0000 0.0000 Eval_33_1_DP_OP_53J27_122_8097_J27_0_0
core16_6/core4_5/evalB/DP_OP_54J27_123_1200    261.0720     0.0    261.0720     0.0000 0.0000 Eval_33_1_DP_OP_54J27_123_1200_J27_0_0
core16_6/core4_5/evalB/DP_OP_55J27_124_5184    240.9120     0.0    240.9120     0.0000 0.0000 Eval_33_1_DP_OP_55J27_124_5184_J27_0_0
core16_6/core4_5/interp             3462.1020      0.4       0.7560    340.7040  0.0000  Interpolation_1
core16_6/core4_5/interp/interp      3120.6419      0.3       0.2520      0.0000  0.0000  InterpolationComb_1
core16_6/core4_5/interp/interp/DP_OP_106J21_122_8999   3120.3899     0.3   3120.3899     0.0000 0.0000 InterpolationComb_1_DP_OP_106J21_122_8999_J21_0_0
core16_6/core4_5/mult_x_1           1180.8720      0.1    1180.8720      0.0000  0.0000  core4_1_DW_mult_tc_J24_6_0
core16_6/core4_5/mult_x_2           1439.0460      0.1    1439.0460      0.0000  0.0000  core4_1_DW_mult_tc_J24_5_0
core16_6/core4_5/mult_x_3           1500.0300      0.2    1500.0300      0.0000  0.0000  core4_1_DW_mult_tc_J24_4_0
core16_6/core4_5/mult_x_4           1493.7300      0.2    1493.7300      0.0000  0.0000  core4_1_DW_mult_tc_J24_3_0
core16_6/core4_5/mult_x_5           1481.3820      0.2    1481.3820      0.0000  0.0000  core4_1_DW_mult_tc_J24_2_0
core16_6/core4_5/mult_x_6           1486.6740      0.2    1486.6740      0.0000  0.0000  core4_1_DW_mult_tc_J24_1_0
core16_6/core4_5/mult_x_7           1176.5880      0.1    1176.5880      0.0000  0.0000  core4_1_DW_mult_tc_J24_0_0
core16_6/core4_6                   12968.2978      1.3       1.0080    630.7560  0.0000  core4_0
core16_6/core4_6/evalA               916.3980      0.1      28.2240      0.0000  0.0000  Eval_32_0
core16_6/core4_6/evalA/DP_OP_54J20_122_5955    237.3840     0.0    237.3840     0.0000 0.0000 Eval_32_0_DP_OP_54J20_122_5955_J20_0_0
core16_6/core4_6/evalA/DP_OP_55J20_123_5437    322.4340     0.0    322.4340     0.0000 0.0000 Eval_32_0_DP_OP_55J20_123_5437_J20_0_0
core16_6/core4_6/evalA/DP_OP_56J20_124_5252    328.3560     0.0    328.3560     0.0000 0.0000 Eval_32_0_DP_OP_56J20_124_5252_J20_0_0
core16_6/core4_6/evalB               429.9120      0.0      13.3560      0.0000  0.0000  Eval_33_0
core16_6/core4_6/evalB/DP_OP_54J22_129_1607    111.3840     0.0    111.3840     0.0000 0.0000 Eval_33_0_DP_OP_54J22_129_1607_J22_0_0
core16_6/core4_6/evalB/DP_OP_55J22_130_5730    150.1920     0.0    150.1920     0.0000 0.0000 Eval_33_0_DP_OP_55J22_130_5730_J22_0_0
core16_6/core4_6/evalB/DP_OP_56J22_131_8412    154.9800     0.0    154.9800     0.0000 0.0000 Eval_33_0_DP_OP_56J22_131_8412_J22_0_0
core16_6/core4_6/interp             3354.6240      0.3       0.7560    332.6400  0.0000  Interpolation_0
core16_6/core4_6/interp/interp      3021.2280      0.3       0.2520      0.0000  0.0000  InterpolationComb_0
core16_6/core4_6/interp/interp/DP_OP_106J22_122_6228   3020.9760     0.3   3020.9760     0.0000 0.0000 InterpolationComb_0_DP_OP_106J22_122_6228_J22_0_0
core16_6/core4_6/mult_x_1            932.1480      0.1     932.1480      0.0000  0.0000  core4_0_DW_mult_uns_J16_3_0
core16_6/core4_6/mult_x_2           1170.0360      0.1    1170.0360      0.0000  0.0000  core4_0_DW_mult_uns_J16_2_0
core16_6/core4_6/mult_x_3           1082.5920      0.1    1082.5920      0.0000  0.0000  core4_0_DW_mult_tc_J16_2_0
core16_6/core4_6/mult_x_4           1081.4580      0.1    1081.4580      0.0000  0.0000  core4_0_DW_mult_tc_J16_1_0
core16_6/core4_6/mult_x_5           1228.1220      0.1    1228.1220      0.0000  0.0000  core4_0_DW_mult_uns_J16_1_0
core16_6/core4_6/mult_x_6           1208.9700      0.1    1208.9700      0.0000  0.0000  core4_0_DW_mult_tc_J16_0_0
core16_6/core4_6/mult_x_7            932.2740      0.1     932.2740      0.0000  0.0000  core4_0_DW_mult_uns_J16_0_0
core16_6/evalA                       916.3980      0.1      28.2240      0.0000  0.0000  Eval_32_52
core16_6/evalA/DP_OP_54J33_122_8665    237.3840     0.0    237.3840      0.0000  0.0000  Eval_32_49_DP_OP_54J33_122_8665_J33_0_3
core16_6/evalA/DP_OP_55J33_123_4570    322.4340     0.0    322.4340      0.0000  0.0000  Eval_32_49_DP_OP_55J33_123_4570_J33_0_3
core16_6/evalA/DP_OP_56J33_124_1518    328.3560     0.0    328.3560      0.0000  0.0000  Eval_32_49_DP_OP_56J33_124_1518_J33_0_3
core16_6/evalA_1                     917.6580      0.1      27.5940      0.0000  0.0000  Eval_32_51
core16_6/evalA_1/DP_OP_54J33_122_8665    239.2740     0.0    239.2740     0.0000 0.0000  Eval_32_49_DP_OP_54J33_122_8665_J33_0_2
core16_6/evalA_1/DP_OP_55J33_123_4570    322.4340     0.0    322.4340     0.0000 0.0000  Eval_32_49_DP_OP_55J33_123_4570_J33_0_2
core16_6/evalA_1/DP_OP_56J33_124_1518    328.3560     0.0    328.3560     0.0000 0.0000  Eval_32_49_DP_OP_56J33_124_1518_J33_0_2
core16_6/evalA_2                     915.7680      0.1      27.5940      0.0000  0.0000  Eval_32_50
core16_6/evalA_2/DP_OP_54J33_122_8665    237.3840     0.0    237.3840     0.0000 0.0000  Eval_32_49_DP_OP_54J33_122_8665_J33_0_1
core16_6/evalA_2/DP_OP_55J33_123_4570    322.4340     0.0    322.4340     0.0000 0.0000  Eval_32_49_DP_OP_55J33_123_4570_J33_0_1
core16_6/evalA_2/DP_OP_56J33_124_1518    328.3560     0.0    328.3560     0.0000 0.0000  Eval_32_49_DP_OP_56J33_124_1518_J33_0_1
core16_6/evalA_3                     923.5800      0.1      28.3500      0.0000  0.0000  Eval_32_49
core16_6/evalA_3/DP_OP_54J33_122_8665    238.3920     0.0    238.3920     0.0000 0.0000  Eval_32_49_DP_OP_54J33_122_8665_J33_0_0
core16_6/evalA_3/DP_OP_55J33_123_4570    325.3320     0.0    325.3320     0.0000 0.0000  Eval_32_49_DP_OP_55J33_123_4570_J33_0_0
core16_6/evalA_3/DP_OP_56J33_124_1518    331.5060     0.0    331.5060     0.0000 0.0000  Eval_32_49_DP_OP_56J33_124_1518_J33_0_0
core16_6/evalB                       437.7240      0.0      14.6160      0.0000  0.0000  Eval_33_52
core16_6/evalB/DP_OP_54J19_125_1425    112.3920     0.0    112.3920      0.0000  0.0000  Eval_33_49_DP_OP_54J19_125_1425_J19_0_3
core16_6/evalB/DP_OP_55J19_126_784    151.3260     0.0     151.3260      0.0000  0.0000  Eval_33_49_DP_OP_55J19_126_784_J19_0_3
core16_6/evalB/DP_OP_56J19_127_3466    159.3900     0.0    159.3900      0.0000  0.0000  Eval_33_49_DP_OP_56J19_127_3466_J19_0_3
core16_6/evalB_1                     450.4500      0.0      12.3480      0.0000  0.0000  Eval_33_51
core16_6/evalB_1/DP_OP_54J19_125_1425    110.6280     0.0    110.6280     0.0000 0.0000  Eval_33_49_DP_OP_54J19_125_1425_J19_0_2
core16_6/evalB_1/DP_OP_55J19_126_784    167.9580     0.0    167.9580     0.0000  0.0000  Eval_33_49_DP_OP_55J19_126_784_J19_0_2
core16_6/evalB_1/DP_OP_56J19_127_3466    159.5160     0.0    159.5160     0.0000 0.0000  Eval_33_49_DP_OP_56J19_127_3466_J19_0_2
core16_6/evalB_2                     434.9520      0.0      12.7260      0.0000  0.0000  Eval_33_50
core16_6/evalB_2/DP_OP_54J19_125_1425    111.3840     0.0    111.3840     0.0000 0.0000  Eval_33_49_DP_OP_54J19_125_1425_J19_0_1
core16_6/evalB_2/DP_OP_55J19_126_784    154.6020     0.0    154.6020     0.0000  0.0000  Eval_33_49_DP_OP_55J19_126_784_J19_0_1
core16_6/evalB_2/DP_OP_56J19_127_3466    156.2400     0.0    156.2400     0.0000 0.0000  Eval_33_49_DP_OP_56J19_127_3466_J19_0_1
core16_6/evalB_3                     431.2980      0.0      14.6160      0.0000  0.0000  Eval_33_49
core16_6/evalB_3/DP_OP_54J19_125_1425    104.9580     0.0    104.9580     0.0000 0.0000  Eval_33_49_DP_OP_54J19_125_1425_0
core16_6/evalB_3/DP_OP_55J19_126_784    151.5780     0.0    151.5780     0.0000  0.0000  Eval_33_49_DP_OP_55J19_126_784_J19_0_0
core16_6/evalB_3/DP_OP_56J19_127_3466    160.1460     0.0    160.1460     0.0000 0.0000  Eval_33_49_DP_OP_56J19_127_3466_J19_0_0
core16_6/interp                    12713.9038      1.3       0.7560   1227.7440  0.0000  Interpolation_7_0
core16_6/interp/interp             11485.4038      1.2       0.2520      0.0000  0.0000  InterpolationComb_7_0
core16_6/interp/interp/DP_OP_421J12_122_3346  11485.1518     1.2  11485.1518     0.0000 0.0000 InterpolationComb_7_0_DP_OP_421J12_122_3346_J12_0_0
evalA                                922.6980      0.1      31.3740      0.0000  0.0000  Eval_16
evalA/DP_OP_52J19_122_3730           240.2820      0.0     240.2820      0.0000  0.0000  Eval_0_DP_OP_52J19_122_3730_J19_0_15
evalA/DP_OP_53J19_123_8845           320.1660      0.0     320.1660      0.0000  0.0000  Eval_0_DP_OP_53J19_123_8845_J19_0_15
evalA/DP_OP_54J19_124_1745           330.8760      0.0     330.8760      0.0000  0.0000  Eval_0_DP_OP_54J19_124_1745_J19_0_15
evalA_1                              923.4540      0.1      31.6260      0.0000  0.0000  Eval_15
evalA_1/DP_OP_52J19_122_3730         237.3840      0.0     237.3840      0.0000  0.0000  Eval_0_DP_OP_52J19_122_3730_J19_0_14
evalA_1/DP_OP_53J19_123_8845         325.0800      0.0     325.0800      0.0000  0.0000  Eval_0_DP_OP_53J19_123_8845_J19_0_14
evalA_1/DP_OP_54J19_124_1745         329.3640      0.0     329.3640      0.0000  0.0000  Eval_0_DP_OP_54J19_124_1745_J19_0_14
evalA_10                             929.6280      0.1      31.6260      0.0000  0.0000  Eval_6
evalA_10/DP_OP_52J19_122_3730        237.3840      0.0     237.3840      0.0000  0.0000  Eval_0_DP_OP_52J19_122_3730_J19_0_5
evalA_10/DP_OP_53J19_123_8845        333.6480      0.0     333.6480      0.0000  0.0000  Eval_0_DP_OP_53J19_123_8845_J19_0_5
evalA_10/DP_OP_54J19_124_1745        326.9700      0.0     326.9700      0.0000  0.0000  Eval_0_DP_OP_54J19_124_1745_J19_0_5
evalA_11                             943.9920      0.1      30.8700      0.0000  0.0000  Eval_5
evalA_11/DP_OP_52J19_122_3730        249.6060      0.0     249.6060      0.0000  0.0000  Eval_0_DP_OP_52J19_122_3730_J19_0_4
evalA_11/DP_OP_53J19_123_8845        328.4820      0.0     328.4820      0.0000  0.0000  Eval_0_DP_OP_53J19_123_8845_J19_0_4
evalA_11/DP_OP_54J19_124_1745        335.0340      0.0     335.0340      0.0000  0.0000  Eval_0_DP_OP_54J19_124_1745_J19_0_4
evalA_12                             929.7540      0.1      31.5000      0.0000  0.0000  Eval_4
evalA_12/DP_OP_52J19_122_3730        245.1960      0.0     245.1960      0.0000  0.0000  Eval_0_DP_OP_52J19_122_3730_J19_0_3
evalA_12/DP_OP_53J19_123_8845        321.9300      0.0     321.9300      0.0000  0.0000  Eval_0_DP_OP_53J19_123_8845_J19_0_3
evalA_12/DP_OP_54J19_124_1745        331.1280      0.0     331.1280      0.0000  0.0000  Eval_0_DP_OP_54J19_124_1745_J19_0_3
evalA_13                             936.3060      0.1      32.0040      0.0000  0.0000  Eval_3
evalA_13/DP_OP_52J19_122_3730        246.3300      0.0     246.3300      0.0000  0.0000  Eval_0_DP_OP_52J19_122_3730_J19_0_2
evalA_13/DP_OP_53J19_123_8845        328.7340      0.0     328.7340      0.0000  0.0000  Eval_0_DP_OP_53J19_123_8845_J19_0_2
evalA_13/DP_OP_54J19_124_1745        329.2380      0.0     329.2380      0.0000  0.0000  Eval_0_DP_OP_54J19_124_1745_J19_0_2
evalA_14                             933.9120      0.1      31.6260      0.0000  0.0000  Eval_2
evalA_14/DP_OP_52J19_122_3730        242.2980      0.0     242.2980      0.0000  0.0000  Eval_0_DP_OP_52J19_122_3730_J19_0_1
evalA_14/DP_OP_53J19_123_8845        329.2380      0.0     329.2380      0.0000  0.0000  Eval_0_DP_OP_53J19_123_8845_J19_0_1
evalA_14/DP_OP_54J19_124_1745        330.7500      0.0     330.7500      0.0000  0.0000  Eval_0_DP_OP_54J19_124_1745_J19_0_1
evalA_15                             938.7000      0.1      31.3740      0.0000  0.0000  Eval_0
evalA_15/DP_OP_52J19_122_3730        242.2980      0.0     242.2980      0.0000  0.0000  Eval_0_DP_OP_52J19_122_3730_J19_0_0
evalA_15/DP_OP_53J19_123_8845        329.6160      0.0     329.6160      0.0000  0.0000  Eval_0_DP_OP_53J19_123_8845_J19_0_0
evalA_15/DP_OP_54J19_124_1745        335.4120      0.0     335.4120      0.0000  0.0000  Eval_0_DP_OP_54J19_124_1745_J19_0_0
evalA_2                              921.0600      0.1      31.6260      0.0000  0.0000  Eval_14
evalA_2/DP_OP_52J19_122_3730         237.7620      0.0     237.7620      0.0000  0.0000  Eval_0_DP_OP_52J19_122_3730_J19_0_13
evalA_2/DP_OP_53J19_123_8845         323.4420      0.0     323.4420      0.0000  0.0000  Eval_0_DP_OP_53J19_123_8845_J19_0_13
evalA_2/DP_OP_54J19_124_1745         328.2300      0.0     328.2300      0.0000  0.0000  Eval_0_DP_OP_54J19_124_1745_J19_0_13
evalA_3                              926.3520      0.1      31.5000      0.0000  0.0000  Eval_13
evalA_3/DP_OP_52J19_122_3730         238.8960      0.0     238.8960      0.0000  0.0000  Eval_0_DP_OP_52J19_122_3730_J19_0_12
evalA_3/DP_OP_53J19_123_8845         320.2920      0.0     320.2920      0.0000  0.0000  Eval_0_DP_OP_53J19_123_8845_J19_0_12
evalA_3/DP_OP_54J19_124_1745         335.6640      0.0     335.6640      0.0000  0.0000  Eval_0_DP_OP_54J19_124_1745_J19_0_12
evalA_4                              924.4620      0.1      30.7440      0.0000  0.0000  Eval_12
evalA_4/DP_OP_52J19_122_3730         238.0140      0.0     238.0140      0.0000  0.0000  Eval_0_DP_OP_52J19_122_3730_J19_0_11
evalA_4/DP_OP_53J19_123_8845         328.8600      0.0     328.8600      0.0000  0.0000  Eval_0_DP_OP_53J19_123_8845_J19_0_11
evalA_4/DP_OP_54J19_124_1745         326.8440      0.0     326.8440      0.0000  0.0000  Eval_0_DP_OP_54J19_124_1745_J19_0_11
evalA_5                              924.3360      0.1      31.6260      0.0000  0.0000  Eval_11
evalA_5/DP_OP_52J19_122_3730         244.9440      0.0     244.9440      0.0000  0.0000  Eval_0_DP_OP_52J19_122_3730_J19_0_10
evalA_5/DP_OP_53J19_123_8845         320.4180      0.0     320.4180      0.0000  0.0000  Eval_0_DP_OP_53J19_123_8845_J19_0_10
evalA_5/DP_OP_54J19_124_1745         327.3480      0.0     327.3480      0.0000  0.0000  Eval_0_DP_OP_54J19_124_1745_J19_0_10
evalA_6                              916.7760      0.1      31.6260      0.0000  0.0000  Eval_10
evalA_6/DP_OP_52J19_122_3730         237.3840      0.0     237.3840      0.0000  0.0000  Eval_0_DP_OP_52J19_122_3730_J19_0_9
evalA_6/DP_OP_53J19_123_8845         320.7960      0.0     320.7960      0.0000  0.0000  Eval_0_DP_OP_53J19_123_8845_J19_0_9
evalA_6/DP_OP_54J19_124_1745         326.9700      0.0     326.9700      0.0000  0.0000  Eval_0_DP_OP_54J19_124_1745_J19_0_9
evalA_7                              929.6280      0.1      30.9960      0.0000  0.0000  Eval_9
evalA_7/DP_OP_52J19_122_3730         239.5260      0.0     239.5260      0.0000  0.0000  Eval_0_DP_OP_52J19_122_3730_J19_0_8
evalA_7/DP_OP_53J19_123_8845         331.0020      0.0     331.0020      0.0000  0.0000  Eval_0_DP_OP_53J19_123_8845_J19_0_8
evalA_7/DP_OP_54J19_124_1745         328.1040      0.0     328.1040      0.0000  0.0000  Eval_0_DP_OP_54J19_124_1745_J19_0_8
evalA_8                              917.4060      0.1      30.6180      0.0000  0.0000  Eval_8
evalA_8/DP_OP_52J19_122_3730         237.3840      0.0     237.3840      0.0000  0.0000  Eval_0_DP_OP_52J19_122_3730_J19_0_7
evalA_8/DP_OP_53J19_123_8845         322.5600      0.0     322.5600      0.0000  0.0000  Eval_0_DP_OP_53J19_123_8845_J19_0_7
evalA_8/DP_OP_54J19_124_1745         326.8440      0.0     326.8440      0.0000  0.0000  Eval_0_DP_OP_54J19_124_1745_J19_0_7
evalA_9                              930.5100      0.1      31.6260      0.0000  0.0000  Eval_7
evalA_9/DP_OP_52J19_122_3730         244.9440      0.0     244.9440      0.0000  0.0000  Eval_0_DP_OP_52J19_122_3730_J19_0_6
evalA_9/DP_OP_53J19_123_8845         325.7100      0.0     325.7100      0.0000  0.0000  Eval_0_DP_OP_53J19_123_8845_J19_0_6
evalA_9/DP_OP_54J19_124_1745         328.2300      0.0     328.2300      0.0000  0.0000  Eval_0_DP_OP_54J19_124_1745_J19_0_6
evalB                                437.7240      0.0      18.5220      0.0000  0.0000  Eval_1_15
evalB/DP_OP_52J20_125_2082           112.3920      0.0     112.3920      0.0000  0.0000  Eval_1_0_DP_OP_52J20_125_2082_J20_0_15
evalB/DP_OP_53J20_126_7779           150.1920      0.0     150.1920      0.0000  0.0000  Eval_1_0_DP_OP_53J20_126_7779_J20_0_15
evalB/DP_OP_54J20_127_2477           156.6180      0.0     156.6180      0.0000  0.0000  Eval_1_0_DP_OP_54J20_127_2477_J20_0_15
evalB_1                              443.2680      0.0      19.5300      0.0000  0.0000  Eval_1_14
evalB_1/DP_OP_52J20_125_2082         114.4080      0.0     114.4080      0.0000  0.0000  Eval_1_0_DP_OP_52J20_125_2082_J20_0_14
evalB_1/DP_OP_53J20_126_7779         150.3180      0.0     150.3180      0.0000  0.0000  Eval_1_0_DP_OP_53J20_126_7779_J20_0_14
evalB_1/DP_OP_54J20_127_2477         159.0120      0.0     159.0120      0.0000  0.0000  Eval_1_0_DP_OP_54J20_127_2477_J20_0_14
evalB_10                             438.3540      0.0      19.7820      0.0000  0.0000  Eval_1_5
evalB_10/DP_OP_52J20_125_2082        109.8720      0.0     109.8720      0.0000  0.0000  Eval_1_0_DP_OP_52J20_125_2082_J20_0_5
evalB_10/DP_OP_53J20_126_7779        149.9400      0.0     149.9400      0.0000  0.0000  Eval_1_0_DP_OP_53J20_126_7779_J20_0_5
evalB_10/DP_OP_54J20_127_2477        158.7600      0.0     158.7600      0.0000  0.0000  Eval_1_0_DP_OP_54J20_127_2477_J20_0_5
evalB_11                             526.8060      0.1      17.7660      0.0000  0.0000  Eval_1_4
evalB_11/DP_OP_52J20_125_2082        115.9200      0.0     115.9200      0.0000  0.0000  Eval_1_0_DP_OP_52J20_125_2082_J20_0_4
evalB_11/DP_OP_53J20_126_7779        228.9420      0.0     228.9420      0.0000  0.0000  Eval_1_4_DP_OP_53J20_126_7779_0
evalB_11/DP_OP_54J20_127_2477        164.1780      0.0     164.1780      0.0000  0.0000  Eval_1_0_DP_OP_54J20_127_2477_J20_0_4
evalB_12                             434.8260      0.0      18.7740      0.0000  0.0000  Eval_1_3
evalB_12/DP_OP_52J20_125_2082        109.2420      0.0     109.2420      0.0000  0.0000  Eval_1_3_DP_OP_52J20_125_2082_0
evalB_12/DP_OP_53J20_126_7779        150.1920      0.0     150.1920      0.0000  0.0000  Eval_1_0_DP_OP_53J20_126_7779_J20_0_3
evalB_12/DP_OP_54J20_127_2477        156.6180      0.0     156.6180      0.0000  0.0000  Eval_1_0_DP_OP_54J20_127_2477_J20_0_3
evalB_13                             453.6000      0.0      20.0340      0.0000  0.0000  Eval_1_2
evalB_13/DP_OP_52J20_125_2082        115.1640      0.0     115.1640      0.0000  0.0000  Eval_1_0_DP_OP_52J20_125_2082_J20_0_2
evalB_13/DP_OP_53J20_126_7779        156.3660      0.0     156.3660      0.0000  0.0000  Eval_1_0_DP_OP_53J20_126_7779_J20_0_2
evalB_13/DP_OP_54J20_127_2477        162.0360      0.0     162.0360      0.0000  0.0000  Eval_1_0_DP_OP_54J20_127_2477_J20_0_2
evalB_14                             440.6220      0.0      20.0340      0.0000  0.0000  Eval_1_1
evalB_14/DP_OP_52J20_125_2082        109.7460      0.0     109.7460      0.0000  0.0000  Eval_1_1_DP_OP_52J20_125_2082_0
evalB_14/DP_OP_53J20_126_7779        145.7820      0.0     145.7820      0.0000  0.0000  Eval_1_0_DP_OP_53J20_126_7779_J20_0_1
evalB_14/DP_OP_54J20_127_2477        165.0600      0.0     165.0600      0.0000  0.0000  Eval_1_0_DP_OP_54J20_127_2477_J20_0_1
evalB_15                             530.8380      0.1      19.7820      0.0000  0.0000  Eval_1_0
evalB_15/DP_OP_52J20_125_2082        109.9980      0.0     109.9980      0.0000  0.0000  Eval_1_0_DP_OP_52J20_125_2082_0
evalB_15/DP_OP_53J20_126_7779        234.1080      0.0     234.1080      0.0000  0.0000  Eval_1_0_DP_OP_53J20_126_7779_0
evalB_15/DP_OP_54J20_127_2477        166.9500      0.0     166.9500      0.0000  0.0000  Eval_1_0_DP_OP_54J20_127_2477_J20_0_0
evalB_2                              441.6300      0.0      19.5300      0.0000  0.0000  Eval_1_13
evalB_2/DP_OP_52J20_125_2082         113.5260      0.0     113.5260      0.0000  0.0000  Eval_1_0_DP_OP_52J20_125_2082_J20_0_13
evalB_2/DP_OP_53J20_126_7779         152.5860      0.0     152.5860      0.0000  0.0000  Eval_1_0_DP_OP_53J20_126_7779_J20_0_13
evalB_2/DP_OP_54J20_127_2477         155.9880      0.0     155.9880      0.0000  0.0000  Eval_1_0_DP_OP_54J20_127_2477_J20_0_13
evalB_3                              448.5600      0.0      17.5140      0.0000  0.0000  Eval_1_12
evalB_3/DP_OP_52J20_125_2082         113.1480      0.0     113.1480      0.0000  0.0000  Eval_1_0_DP_OP_52J20_125_2082_J20_0_12
evalB_3/DP_OP_53J20_126_7779         153.2160      0.0     153.2160      0.0000  0.0000  Eval_1_0_DP_OP_53J20_126_7779_J20_0_12
evalB_3/DP_OP_54J20_127_2477         164.6820      0.0     164.6820      0.0000  0.0000  Eval_1_0_DP_OP_54J20_127_2477_J20_0_12
evalB_4                              428.9040      0.0      16.3800      0.0000  0.0000  Eval_1_11
evalB_4/DP_OP_52J20_125_2082         109.4940      0.0     109.4940      0.0000  0.0000  Eval_1_0_DP_OP_52J20_125_2082_J20_0_11
evalB_4/DP_OP_53J20_126_7779         144.9000      0.0     144.9000      0.0000  0.0000  Eval_1_0_DP_OP_53J20_126_7779_J20_0_11
evalB_4/DP_OP_54J20_127_2477         158.1300      0.0     158.1300      0.0000  0.0000  Eval_1_0_DP_OP_54J20_127_2477_J20_0_11
evalB_5                              428.6520      0.0      19.5300      0.0000  0.0000  Eval_1_10
evalB_5/DP_OP_52J20_125_2082         108.6120      0.0     108.6120      0.0000  0.0000  Eval_1_0_DP_OP_52J20_125_2082_J20_0_10
evalB_5/DP_OP_53J20_126_7779         149.0580      0.0     149.0580      0.0000  0.0000  Eval_1_0_DP_OP_53J20_126_7779_J20_0_10
evalB_5/DP_OP_54J20_127_2477         151.4520      0.0     151.4520      0.0000  0.0000  Eval_1_0_DP_OP_54J20_127_2477_J20_0_10
evalB_6                              514.7100      0.1      19.6560      0.0000  0.0000  Eval_1_9
evalB_6/DP_OP_52J20_125_2082         112.7700      0.0     112.7700      0.0000  0.0000  Eval_1_0_DP_OP_52J20_125_2082_J20_0_9
evalB_6/DP_OP_53J20_126_7779         230.4540      0.0     230.4540      0.0000  0.0000  Eval_1_9_DP_OP_53J20_126_7779_0
evalB_6/DP_OP_54J20_127_2477         151.8300      0.0     151.8300      0.0000  0.0000  Eval_1_0_DP_OP_54J20_127_2477_J20_0_9
evalB_7                              511.4340      0.1      17.6400      0.0000  0.0000  Eval_1_8
evalB_7/DP_OP_52J20_125_2082         110.3760      0.0     110.3760      0.0000  0.0000  Eval_1_0_DP_OP_52J20_125_2082_J20_0_8
evalB_7/DP_OP_53J20_126_7779         231.0840      0.0     231.0840      0.0000  0.0000  Eval_1_8_DP_OP_53J20_126_7779_0
evalB_7/DP_OP_54J20_127_2477         152.3340      0.0     152.3340      0.0000  0.0000  Eval_1_0_DP_OP_54J20_127_2477_J20_0_8
evalB_8                              430.4160      0.0      16.7580      0.0000  0.0000  Eval_1_7
evalB_8/DP_OP_52J20_125_2082         109.7460      0.0     109.7460      0.0000  0.0000  Eval_1_0_DP_OP_52J20_125_2082_J20_0_7
evalB_8/DP_OP_53J20_126_7779         148.4280      0.0     148.4280      0.0000  0.0000  Eval_1_0_DP_OP_53J20_126_7779_J20_0_7
evalB_8/DP_OP_54J20_127_2477         155.4840      0.0     155.4840      0.0000  0.0000  Eval_1_0_DP_OP_54J20_127_2477_J20_0_7
evalB_9                              436.9680      0.0      20.0340      0.0000  0.0000  Eval_1_6
evalB_9/DP_OP_52J20_125_2082         109.2420      0.0     109.2420      0.0000  0.0000  Eval_1_0_DP_OP_52J20_125_2082_J20_0_6
evalB_9/DP_OP_53J20_126_7779         147.4200      0.0     147.4200      0.0000  0.0000  Eval_1_0_DP_OP_53J20_126_7779_J20_0_6
evalB_9/DP_OP_54J20_127_2477         160.2720      0.0     160.2720      0.0000  0.0000  Eval_1_0_DP_OP_54J20_127_2477_J20_0_6
interp                             48192.9834      4.9       0.7560   4646.8801  0.0000  Interpolation_56
interp/interp                      43545.3473      4.5       0.2520      0.0000  0.0000  InterpolationComb_56
interp/interp/DP_OP_1681J3_122_1523  43545.0953     4.5  43545.0953      0.0000  0.0000  InterpolationComb_56_DP_OP_1681J3_122_1523_J3_0
--------------------------------  -----------  -------  -----------  ----------  ------  ---------------------------------------------------
Total                                                   888540.8984  85937.2934  0.0000

1
