 
****************************************
Report : area
Design : poly_fast_split_mult_unit
Version: O-2018.06-SP5
Date   : Fri May 22 20:10:00 2026
****************************************

Library(s) Used:

    tcbn28hpcplusbwp40p140lvtssg0p81vm40c_ccs (File: /export1/Library/TN28HPC+/STD_CELL_ext/track9_200824/TSMCHOME/digital/Front_End/timing_power_noise/CCS/tcbn28hpcplusbwp40p140lvt_180a/tcbn28hpcplusbwp40p140lvtssg0p81vm40c_ccs.db)
    tcbn28hpcplusbwp40p140ssg0p81vm40c_ccs (File: /export1/Library/TN28HPC+/STD_CELL_ext/track9_200824/TSMCHOME/digital/Front_End/timing_power_noise/CCS/tcbn28hpcplusbwp40p140_180a/tcbn28hpcplusbwp40p140ssg0p81vm40c_ccs.db)
    ts1n28hpcphvtb32x96m4s_ssg0p81vm40c (File: /export4/Home/yvxinglong/Work/SramLibrary28/ts1n28hpcphvtb32x96m4s_180a/NLDM/ts1n28hpcphvtb32x96m4s_ssg0p81vm40c.db)
    tcbn28hpcplusbwp40p140hvtssg0p81vm40c_ccs (File: /export1/Library/TN28HPC+/STD_CELL_ext/track9_200824/TSMCHOME/digital/Front_End/timing_power_noise/CCS/tcbn28hpcplusbwp40p140hvt_180a/tcbn28hpcplusbwp40p140hvtssg0p81vm40c_ccs.db)
    ts1n28hpcphvtb64x112m4s_ssg0p81vm40c (File: /export4/Home/yvxinglong/Work/SramLibrary28/ts1n28hpcphvtb64x112m4s_180a/NLDM/ts1n28hpcphvtb64x112m4s_ssg0p81vm40c.db)
    ts1n28hpcphvtb64x96m4s_ssg0p81vm40c (File: /export4/Home/yvxinglong/Work/SramLibrary28/ts1n28hpcphvtb64x96m4s_180a/NLDM/ts1n28hpcphvtb64x96m4s_ssg0p81vm40c.db)

Number of ports:                        94770
Number of nets:                        259245
Number of cells:                       142451
Number of combinational cells:         106381
Number of sequential cells:             34741
Number of macros/black boxes:              14
Number of buf/inv:                      13760
Number of references:                      42

Combinational area:             102002.291376
Buf/Inv area:                     3696.966033
Noncombinational area:           72712.835569
Macro/Black Box area:            76753.665039
Net Interconnect area:      undefined  (Wire load has zero net area)

Total cell area:                251468.791984
Total area:                 undefined

Hierarchical area distribution
------------------------------

                                  Global cell area                Local cell area
                                  --------------------  ----------------------------------- 
Hierarchical cell                 Absolute     Percent  Combi-       Noncombi-   Black-
                                  Total        Total    national     national    boxes       Design
--------------------------------  -----------  -------  -----------  ----------  ----------  ------------------------------------------------------------
poly_fast_split_mult_unit         251468.7920    100.0       2.7720      0.0000      0.0000  poly_fast_split_mult_unit
poly_fast_split_mult_core         114995.6622     45.7     154.2240   1388.0159      0.0000  poly_fast_split_mult_core
poly_fast_split_mult_core/poly_fast_split_mult_kernel  76701.6166    30.5    935.9280  7352.8556     0.0000 poly_fast_split_mult_kernel
poly_fast_split_mult_core/poly_fast_split_mult_kernel/DP_OP_3961J3_122_1542  11225.4658     4.5  11225.4658     0.0000     0.0000 poly_fast_split_mult_kernel_DP_OP_3961J3_122_1542_J3_0
poly_fast_split_mult_core/poly_fast_split_mult_kernel/DP_OP_3962J3_123_6110   1363.1940     0.5   1363.1940     0.0000     0.0000 poly_fast_split_mult_kernel_DP_OP_3962J3_123_6110_J3_0
poly_fast_split_mult_core/poly_fast_split_mult_kernel/DP_OP_3963J3_124_1430    454.7340     0.2    454.7340     0.0000     0.0000 poly_fast_split_mult_kernel_DP_OP_3963J3_124_1430_J3_0
poly_fast_split_mult_core/poly_fast_split_mult_kernel/DP_OP_3964J3_125_1430    454.7340     0.2    454.7340     0.0000     0.0000 poly_fast_split_mult_kernel_DP_OP_3964J3_125_1430_J3_0
poly_fast_split_mult_core/poly_fast_split_mult_kernel/DP_OP_3965J3_126_9237    151.5780     0.1    151.5780     0.0000     0.0000 poly_fast_split_mult_kernel_DP_OP_3965J3_126_9237_J3_0
poly_fast_split_mult_core/poly_fast_split_mult_kernel/DP_OP_3966J3_127_9237    151.5780     0.1    151.5780     0.0000     0.0000 poly_fast_split_mult_kernel_DP_OP_3966J3_127_9237_J3_0
poly_fast_split_mult_core/poly_fast_split_mult_kernel/DP_OP_3967J3_128_9237    151.5780     0.1    151.5780     0.0000     0.0000 poly_fast_split_mult_kernel_DP_OP_3967J3_128_9237_J3_0
poly_fast_split_mult_core/poly_fast_split_mult_kernel/DP_OP_3968J3_129_9237    151.5780     0.1    151.5780     0.0000     0.0000 poly_fast_split_mult_kernel_DP_OP_3968J3_129_9237_J3_0
poly_fast_split_mult_core/poly_fast_split_mult_kernel/DP_OP_3969J3_130_6596    110.7540     0.0    110.7540     0.0000     0.0000 poly_fast_split_mult_kernel_DP_OP_3969J3_130_6596_J3_0
poly_fast_split_mult_core/poly_fast_split_mult_kernel/add_x_25     50.5260     0.0     50.5260     0.0000     0.0000 poly_fast_split_mult_kernel_DW01_add_J3_45
poly_fast_split_mult_core/poly_fast_split_mult_kernel/add_x_27     50.5260     0.0     50.5260     0.0000     0.0000 poly_fast_split_mult_kernel_DW01_add_J3_43
poly_fast_split_mult_core/poly_fast_split_mult_kernel/add_x_29     50.5260     0.0     50.5260     0.0000     0.0000 poly_fast_split_mult_kernel_DW01_add_J3_41
poly_fast_split_mult_core/poly_fast_split_mult_kernel/add_x_31     50.5260     0.0     50.5260     0.0000     0.0000 poly_fast_split_mult_kernel_DW01_add_J3_39
poly_fast_split_mult_core/poly_fast_split_mult_kernel/add_x_33     50.5260     0.0     50.5260     0.0000     0.0000 poly_fast_split_mult_kernel_DW01_add_J3_37
poly_fast_split_mult_core/poly_fast_split_mult_kernel/add_x_35     50.5260     0.0     50.5260     0.0000     0.0000 poly_fast_split_mult_kernel_DW01_add_J3_35
poly_fast_split_mult_core/poly_fast_split_mult_kernel/add_x_37     50.5260     0.0     50.5260     0.0000     0.0000 poly_fast_split_mult_kernel_DW01_add_J3_33
poly_fast_split_mult_core/poly_fast_split_mult_kernel/add_x_39     50.5260     0.0     50.5260     0.0000     0.0000 poly_fast_split_mult_kernel_DW01_add_J3_31
poly_fast_split_mult_core/poly_fast_split_mult_kernel/add_x_41     34.9020     0.0     34.9020     0.0000     0.0000 poly_fast_split_mult_kernel_DW01_add_J3_29
poly_fast_split_mult_core/poly_fast_split_mult_kernel/add_x_42     34.9020     0.0     34.9020     0.0000     0.0000 poly_fast_split_mult_kernel_DW01_add_J3_28
poly_fast_split_mult_core/poly_fast_split_mult_kernel/add_x_43     34.9020     0.0     34.9020     0.0000     0.0000 poly_fast_split_mult_kernel_DW01_add_J3_27
poly_fast_split_mult_core/poly_fast_split_mult_kernel/add_x_44     34.9020     0.0     34.9020     0.0000     0.0000 poly_fast_split_mult_kernel_DW01_add_J3_26
poly_fast_split_mult_core/poly_fast_split_mult_kernel/add_x_45     34.9020     0.0     34.9020     0.0000     0.0000 poly_fast_split_mult_kernel_DW01_add_J3_25
poly_fast_split_mult_core/poly_fast_split_mult_kernel/add_x_46     34.9020     0.0     34.9020     0.0000     0.0000 poly_fast_split_mult_kernel_DW01_add_J3_24
poly_fast_split_mult_core/poly_fast_split_mult_kernel/add_x_47     36.6660     0.0     36.6660     0.0000     0.0000 poly_fast_split_mult_kernel_DW01_add_J3_23
poly_fast_split_mult_core/poly_fast_split_mult_kernel/add_x_48     34.9020     0.0     34.9020     0.0000     0.0000 poly_fast_split_mult_kernel_DW01_add_J3_22
poly_fast_split_mult_core/poly_fast_split_mult_kernel/add_x_49     36.6660     0.0     36.6660     0.0000     0.0000 poly_fast_split_mult_kernel_DW01_add_J3_21
poly_fast_split_mult_core/poly_fast_split_mult_kernel/add_x_50     34.9020     0.0     34.9020     0.0000     0.0000 poly_fast_split_mult_kernel_DW01_add_J3_20
poly_fast_split_mult_core/poly_fast_split_mult_kernel/add_x_51     34.9020     0.0     34.9020     0.0000     0.0000 poly_fast_split_mult_kernel_DW01_add_J3_19
poly_fast_split_mult_core/poly_fast_split_mult_kernel/add_x_52     34.9020     0.0     34.9020     0.0000     0.0000 poly_fast_split_mult_kernel_DW01_add_J3_18
poly_fast_split_mult_core/poly_fast_split_mult_kernel/add_x_53     34.9020     0.0     34.9020     0.0000     0.0000 poly_fast_split_mult_kernel_DW01_add_J3_17
poly_fast_split_mult_core/poly_fast_split_mult_kernel/add_x_54     34.9020     0.0     34.9020     0.0000     0.0000 poly_fast_split_mult_kernel_DW01_add_J3_16
poly_fast_split_mult_core/poly_fast_split_mult_kernel/add_x_55     34.9020     0.0     34.9020     0.0000     0.0000 poly_fast_split_mult_kernel_DW01_add_J3_15
poly_fast_split_mult_core/poly_fast_split_mult_kernel/add_x_56     34.9020     0.0     34.9020     0.0000     0.0000 poly_fast_split_mult_kernel_DW01_add_J3_14
poly_fast_split_mult_core/poly_fast_split_mult_kernel/add_x_57     36.6660     0.0     36.6660     0.0000     0.0000 poly_fast_split_mult_kernel_DW01_add_J3_13
poly_fast_split_mult_core/poly_fast_split_mult_kernel/add_x_58     34.9020     0.0     34.9020     0.0000     0.0000 poly_fast_split_mult_kernel_DW01_add_J3_12
poly_fast_split_mult_core/poly_fast_split_mult_kernel/add_x_59     36.6660     0.0     36.6660     0.0000     0.0000 poly_fast_split_mult_kernel_DW01_add_J3_11
poly_fast_split_mult_core/poly_fast_split_mult_kernel/add_x_60     34.9020     0.0     34.9020     0.0000     0.0000 poly_fast_split_mult_kernel_DW01_add_J3_10
poly_fast_split_mult_core/poly_fast_split_mult_kernel/add_x_61     34.9020     0.0     34.9020     0.0000     0.0000 poly_fast_split_mult_kernel_DW01_add_J3_9
poly_fast_split_mult_core/poly_fast_split_mult_kernel/add_x_62     34.9020     0.0     34.9020     0.0000     0.0000 poly_fast_split_mult_kernel_DW01_add_J3_8
poly_fast_split_mult_core/poly_fast_split_mult_kernel/add_x_63     36.6660     0.0     36.6660     0.0000     0.0000 poly_fast_split_mult_kernel_DW01_add_J3_7
poly_fast_split_mult_core/poly_fast_split_mult_kernel/add_x_64     34.9020     0.0     34.9020     0.0000     0.0000 poly_fast_split_mult_kernel_DW01_add_J3_6
poly_fast_split_mult_core/poly_fast_split_mult_kernel/add_x_65     36.6660     0.0     36.6660     0.0000     0.0000 poly_fast_split_mult_kernel_DW01_add_J3_5
poly_fast_split_mult_core/poly_fast_split_mult_kernel/add_x_66     34.9020     0.0     34.9020     0.0000     0.0000 poly_fast_split_mult_kernel_DW01_add_J3_4
poly_fast_split_mult_core/poly_fast_split_mult_kernel/add_x_67     34.9020     0.0     34.9020     0.0000     0.0000 poly_fast_split_mult_kernel_DW01_add_J3_3
poly_fast_split_mult_core/poly_fast_split_mult_kernel/add_x_68     34.9020     0.0     34.9020     0.0000     0.0000 poly_fast_split_mult_kernel_DW01_add_J3_2
poly_fast_split_mult_core/poly_fast_split_mult_kernel/add_x_69     34.9020     0.0     34.9020     0.0000     0.0000 poly_fast_split_mult_kernel_DW01_add_J3_1
poly_fast_split_mult_core/poly_fast_split_mult_kernel/add_x_70     34.9020     0.0     34.9020     0.0000     0.0000 poly_fast_split_mult_kernel_DW01_add_J3_0
poly_fast_split_mult_core/poly_fast_split_mult_kernel/usint_ext_mult    626.9760     0.2     21.1680    90.7200     0.0000 usint_ext_mult_80
poly_fast_split_mult_core/poly_fast_split_mult_kernel/usint_ext_mult/DP_OP_16J9_122_1390    196.6860     0.1    196.6860     0.0000     0.0000 usint_ext_mult_0_DP_OP_16J9_122_1390_J9_0_80
poly_fast_split_mult_core/poly_fast_split_mult_kernel/usint_ext_mult/add_x_3     33.3900     0.0     33.3900     0.0000     0.0000 usint_ext_mult_0_DW01_add_J9_0_80
poly_fast_split_mult_core/poly_fast_split_mult_kernel/usint_ext_mult/mult_x_1    285.0120     0.1    285.0120     0.0000     0.0000 usint_ext_mult_0_DW_mult_uns_J9_0_80
poly_fast_split_mult_core/poly_fast_split_mult_kernel/usint_ext_mult_1    626.9760     0.2     21.1680    90.7200     0.0000 usint_ext_mult_79
poly_fast_split_mult_core/poly_fast_split_mult_kernel/usint_ext_mult_1/DP_OP_16J9_122_1390    196.6860     0.1    196.6860     0.0000     0.0000 usint_ext_mult_0_DP_OP_16J9_122_1390_J9_0_79
poly_fast_split_mult_core/poly_fast_split_mult_kernel/usint_ext_mult_1/add_x_3     33.3900     0.0     33.3900     0.0000     0.0000 usint_ext_mult_0_DW01_add_J9_0_79
poly_fast_split_mult_core/poly_fast_split_mult_kernel/usint_ext_mult_1/mult_x_1    285.0120     0.1    285.0120     0.0000     0.0000 usint_ext_mult_0_DW_mult_uns_J9_0_79
poly_fast_split_mult_core/poly_fast_split_mult_kernel/usint_ext_mult_10    626.9760     0.2     21.1680    90.7200     0.0000 usint_ext_mult_70
poly_fast_split_mult_core/poly_fast_split_mult_kernel/usint_ext_mult_10/DP_OP_16J9_122_1390    196.6860     0.1    196.6860     0.0000     0.0000 usint_ext_mult_0_DP_OP_16J9_122_1390_J9_0_70
poly_fast_split_mult_core/poly_fast_split_mult_kernel/usint_ext_mult_10/add_x_3     33.3900     0.0     33.3900     0.0000     0.0000 usint_ext_mult_0_DW01_add_J9_0_70
poly_fast_split_mult_core/poly_fast_split_mult_kernel/usint_ext_mult_10/mult_x_1    285.0120     0.1    285.0120     0.0000     0.0000 usint_ext_mult_0_DW_mult_uns_J9_0_70
poly_fast_split_mult_core/poly_fast_split_mult_kernel/usint_ext_mult_11    651.2940     0.3     22.0500    90.7200     0.0000 usint_ext_mult_69
poly_fast_split_mult_core/poly_fast_split_mult_kernel/usint_ext_mult_11/DP_OP_16J9_122_1390    220.1220     0.1    220.1220     0.0000     0.0000 usint_ext_mult_0_DP_OP_16J9_122_1390_J9_0_69
poly_fast_split_mult_core/poly_fast_split_mult_kernel/usint_ext_mult_11/add_x_3     33.3900     0.0     33.3900     0.0000     0.0000 usint_ext_mult_0_DW01_add_J9_0_69
poly_fast_split_mult_core/poly_fast_split_mult_kernel/usint_ext_mult_11/mult_x_1    285.0120     0.1    285.0120     0.0000     0.0000 usint_ext_mult_0_DW_mult_uns_J9_0_69
poly_fast_split_mult_core/poly_fast_split_mult_kernel/usint_ext_mult_12    626.9760     0.2     21.1680    90.7200     0.0000 usint_ext_mult_68
poly_fast_split_mult_core/poly_fast_split_mult_kernel/usint_ext_mult_12/DP_OP_16J9_122_1390    196.6860     0.1    196.6860     0.0000     0.0000 usint_ext_mult_0_DP_OP_16J9_122_1390_J9_0_68
poly_fast_split_mult_core/poly_fast_split_mult_kernel/usint_ext_mult_12/add_x_3     33.3900     0.0     33.3900     0.0000     0.0000 usint_ext_mult_0_DW01_add_J9_0_68
poly_fast_split_mult_core/poly_fast_split_mult_kernel/usint_ext_mult_12/mult_x_1    285.0120     0.1    285.0120     0.0000     0.0000 usint_ext_mult_0_DW_mult_uns_J9_0_68
poly_fast_split_mult_core/poly_fast_split_mult_kernel/usint_ext_mult_13    626.9760     0.2     21.1680    90.7200     0.0000 usint_ext_mult_67
poly_fast_split_mult_core/poly_fast_split_mult_kernel/usint_ext_mult_13/DP_OP_16J9_122_1390    196.6860     0.1    196.6860     0.0000     0.0000 usint_ext_mult_0_DP_OP_16J9_122_1390_J9_0_67
poly_fast_split_mult_core/poly_fast_split_mult_kernel/usint_ext_mult_13/add_x_3     33.3900     0.0     33.3900     0.0000     0.0000 usint_ext_mult_0_DW01_add_J9_0_67
poly_fast_split_mult_core/poly_fast_split_mult_kernel/usint_ext_mult_13/mult_x_1    285.0120     0.1    285.0120     0.0000     0.0000 usint_ext_mult_0_DW_mult_uns_J9_0_67
poly_fast_split_mult_core/poly_fast_split_mult_kernel/usint_ext_mult_14    651.2940     0.3     22.0500    90.7200     0.0000 usint_ext_mult_66
poly_fast_split_mult_core/poly_fast_split_mult_kernel/usint_ext_mult_14/DP_OP_16J9_122_1390    220.1220     0.1    220.1220     0.0000     0.0000 usint_ext_mult_0_DP_OP_16J9_122_1390_J9_0_66
poly_fast_split_mult_core/poly_fast_split_mult_kernel/usint_ext_mult_14/add_x_3     33.3900     0.0     33.3900     0.0000     0.0000 usint_ext_mult_0_DW01_add_J9_0_66
poly_fast_split_mult_core/poly_fast_split_mult_kernel/usint_ext_mult_14/mult_x_1    285.0120     0.1    285.0120     0.0000     0.0000 usint_ext_mult_0_DW_mult_uns_J9_0_66
poly_fast_split_mult_core/poly_fast_split_mult_kernel/usint_ext_mult_15    651.2940     0.3     22.0500    90.7200     0.0000 usint_ext_mult_65
poly_fast_split_mult_core/poly_fast_split_mult_kernel/usint_ext_mult_15/DP_OP_16J9_122_1390    220.1220     0.1    220.1220     0.0000     0.0000 usint_ext_mult_0_DP_OP_16J9_122_1390_J9_0_65
poly_fast_split_mult_core/poly_fast_split_mult_kernel/usint_ext_mult_15/add_x_3     33.3900     0.0     33.3900     0.0000     0.0000 usint_ext_mult_0_DW01_add_J9_0_65
poly_fast_split_mult_core/poly_fast_split_mult_kernel/usint_ext_mult_15/mult_x_1    285.0120     0.1    285.0120     0.0000     0.0000 usint_ext_mult_0_DW_mult_uns_J9_0_65
poly_fast_split_mult_core/poly_fast_split_mult_kernel/usint_ext_mult_16    651.2940     0.3     22.0500    90.7200     0.0000 usint_ext_mult_64
poly_fast_split_mult_core/poly_fast_split_mult_kernel/usint_ext_mult_16/DP_OP_16J9_122_1390    220.1220     0.1    220.1220     0.0000     0.0000 usint_ext_mult_0_DP_OP_16J9_122_1390_J9_0_64
poly_fast_split_mult_core/poly_fast_split_mult_kernel/usint_ext_mult_16/add_x_3     33.3900     0.0     33.3900     0.0000     0.0000 usint_ext_mult_0_DW01_add_J9_0_64
poly_fast_split_mult_core/poly_fast_split_mult_kernel/usint_ext_mult_16/mult_x_1    285.0120     0.1    285.0120     0.0000     0.0000 usint_ext_mult_0_DW_mult_uns_J9_0_64
poly_fast_split_mult_core/poly_fast_split_mult_kernel/usint_ext_mult_17    662.5080     0.3     25.3260    90.7200     0.0000 usint_ext_mult_63
poly_fast_split_mult_core/poly_fast_split_mult_kernel/usint_ext_mult_17/DP_OP_16J9_122_1390    228.0600     0.1    228.0600     0.0000     0.0000 usint_ext_mult_0_DP_OP_16J9_122_1390_J9_0_63
poly_fast_split_mult_core/poly_fast_split_mult_kernel/usint_ext_mult_17/add_x_3     33.3900     0.0     33.3900     0.0000     0.0000 usint_ext_mult_0_DW01_add_J9_0_63
poly_fast_split_mult_core/poly_fast_split_mult_kernel/usint_ext_mult_17/mult_x_1    285.0120     0.1    285.0120     0.0000     0.0000 usint_ext_mult_0_DW_mult_uns_J9_0_63
poly_fast_split_mult_core/poly_fast_split_mult_kernel/usint_ext_mult_18    651.2940     0.3     22.0500    90.7200     0.0000 usint_ext_mult_62
poly_fast_split_mult_core/poly_fast_split_mult_kernel/usint_ext_mult_18/DP_OP_16J9_122_1390    220.1220     0.1    220.1220     0.0000     0.0000 usint_ext_mult_0_DP_OP_16J9_122_1390_J9_0_62
poly_fast_split_mult_core/poly_fast_split_mult_kernel/usint_ext_mult_18/add_x_3     33.3900     0.0     33.3900     0.0000     0.0000 usint_ext_mult_0_DW01_add_J9_0_62
poly_fast_split_mult_core/poly_fast_split_mult_kernel/usint_ext_mult_18/mult_x_1    285.0120     0.1    285.0120     0.0000     0.0000 usint_ext_mult_0_DW_mult_uns_J9_0_62
poly_fast_split_mult_core/poly_fast_split_mult_kernel/usint_ext_mult_19    651.2940     0.3     22.0500    90.7200     0.0000 usint_ext_mult_61
poly_fast_split_mult_core/poly_fast_split_mult_kernel/usint_ext_mult_19/DP_OP_16J9_122_1390    220.1220     0.1    220.1220     0.0000     0.0000 usint_ext_mult_0_DP_OP_16J9_122_1390_J9_0_61
poly_fast_split_mult_core/poly_fast_split_mult_kernel/usint_ext_mult_19/add_x_3     33.3900     0.0     33.3900     0.0000     0.0000 usint_ext_mult_0_DW01_add_J9_0_61
poly_fast_split_mult_core/poly_fast_split_mult_kernel/usint_ext_mult_19/mult_x_1    285.0120     0.1    285.0120     0.0000     0.0000 usint_ext_mult_0_DW_mult_uns_J9_0_61
poly_fast_split_mult_core/poly_fast_split_mult_kernel/usint_ext_mult_2    651.2940     0.3     22.0500    90.7200     0.0000 usint_ext_mult_78
poly_fast_split_mult_core/poly_fast_split_mult_kernel/usint_ext_mult_2/DP_OP_16J9_122_1390    220.1220     0.1    220.1220     0.0000     0.0000 usint_ext_mult_0_DP_OP_16J9_122_1390_J9_0_78
poly_fast_split_mult_core/poly_fast_split_mult_kernel/usint_ext_mult_2/add_x_3     33.3900     0.0     33.3900     0.0000     0.0000 usint_ext_mult_0_DW01_add_J9_0_78
poly_fast_split_mult_core/poly_fast_split_mult_kernel/usint_ext_mult_2/mult_x_1    285.0120     0.1    285.0120     0.0000     0.0000 usint_ext_mult_0_DW_mult_uns_J9_0_78
poly_fast_split_mult_core/poly_fast_split_mult_kernel/usint_ext_mult_20    662.5080     0.3     25.3260    90.7200     0.0000 usint_ext_mult_60
poly_fast_split_mult_core/poly_fast_split_mult_kernel/usint_ext_mult_20/DP_OP_16J9_122_1390    228.0600     0.1    228.0600     0.0000     0.0000 usint_ext_mult_0_DP_OP_16J9_122_1390_J9_0_60
poly_fast_split_mult_core/poly_fast_split_mult_kernel/usint_ext_mult_20/add_x_3     33.3900     0.0     33.3900     0.0000     0.0000 usint_ext_mult_0_DW01_add_J9_0_60
poly_fast_split_mult_core/poly_fast_split_mult_kernel/usint_ext_mult_20/mult_x_1    285.0120     0.1    285.0120     0.0000     0.0000 usint_ext_mult_0_DW_mult_uns_J9_0_60
poly_fast_split_mult_core/poly_fast_split_mult_kernel/usint_ext_mult_21    651.2940     0.3     22.0500    90.7200     0.0000 usint_ext_mult_59
poly_fast_split_mult_core/poly_fast_split_mult_kernel/usint_ext_mult_21/DP_OP_16J9_122_1390    220.1220     0.1    220.1220     0.0000     0.0000 usint_ext_mult_0_DP_OP_16J9_122_1390_J9_0_59
poly_fast_split_mult_core/poly_fast_split_mult_kernel/usint_ext_mult_21/add_x_3     33.3900     0.0     33.3900     0.0000     0.0000 usint_ext_mult_0_DW01_add_J9_0_59
poly_fast_split_mult_core/poly_fast_split_mult_kernel/usint_ext_mult_21/mult_x_1    285.0120     0.1    285.0120     0.0000     0.0000 usint_ext_mult_0_DW_mult_uns_J9_0_59
poly_fast_split_mult_core/poly_fast_split_mult_kernel/usint_ext_mult_22    651.2940     0.3     22.0500    90.7200     0.0000 usint_ext_mult_58
poly_fast_split_mult_core/poly_fast_split_mult_kernel/usint_ext_mult_22/DP_OP_16J9_122_1390    220.1220     0.1    220.1220     0.0000     0.0000 usint_ext_mult_0_DP_OP_16J9_122_1390_J9_0_58
poly_fast_split_mult_core/poly_fast_split_mult_kernel/usint_ext_mult_22/add_x_3     33.3900     0.0     33.3900     0.0000     0.0000 usint_ext_mult_0_DW01_add_J9_0_58
poly_fast_split_mult_core/poly_fast_split_mult_kernel/usint_ext_mult_22/mult_x_1    285.0120     0.1    285.0120     0.0000     0.0000 usint_ext_mult_0_DW_mult_uns_J9_0_58
poly_fast_split_mult_core/poly_fast_split_mult_kernel/usint_ext_mult_23    662.5080     0.3     25.3260    90.7200     0.0000 usint_ext_mult_57
poly_fast_split_mult_core/poly_fast_split_mult_kernel/usint_ext_mult_23/DP_OP_16J9_122_1390    228.0600     0.1    228.0600     0.0000     0.0000 usint_ext_mult_0_DP_OP_16J9_122_1390_J9_0_57
poly_fast_split_mult_core/poly_fast_split_mult_kernel/usint_ext_mult_23/add_x_3     33.3900     0.0     33.3900     0.0000     0.0000 usint_ext_mult_0_DW01_add_J9_0_57
poly_fast_split_mult_core/poly_fast_split_mult_kernel/usint_ext_mult_23/mult_x_1    285.0120     0.1    285.0120     0.0000     0.0000 usint_ext_mult_0_DW_mult_uns_J9_0_57
poly_fast_split_mult_core/poly_fast_split_mult_kernel/usint_ext_mult_24    662.5080     0.3     25.3260    90.7200     0.0000 usint_ext_mult_56
poly_fast_split_mult_core/poly_fast_split_mult_kernel/usint_ext_mult_24/DP_OP_16J9_122_1390    228.0600     0.1    228.0600     0.0000     0.0000 usint_ext_mult_0_DP_OP_16J9_122_1390_J9_0_56
poly_fast_split_mult_core/poly_fast_split_mult_kernel/usint_ext_mult_24/add_x_3     33.3900     0.0     33.3900     0.0000     0.0000 usint_ext_mult_0_DW01_add_J9_0_56
poly_fast_split_mult_core/poly_fast_split_mult_kernel/usint_ext_mult_24/mult_x_1    285.0120     0.1    285.0120     0.0000     0.0000 usint_ext_mult_0_DW_mult_uns_J9_0_56
poly_fast_split_mult_core/poly_fast_split_mult_kernel/usint_ext_mult_25    662.5080     0.3     25.3260    90.7200     0.0000 usint_ext_mult_55
poly_fast_split_mult_core/poly_fast_split_mult_kernel/usint_ext_mult_25/DP_OP_16J9_122_1390    228.0600     0.1    228.0600     0.0000     0.0000 usint_ext_mult_0_DP_OP_16J9_122_1390_J9_0_55
poly_fast_split_mult_core/poly_fast_split_mult_kernel/usint_ext_mult_25/add_x_3     33.3900     0.0     33.3900     0.0000     0.0000 usint_ext_mult_0_DW01_add_J9_0_55
poly_fast_split_mult_core/poly_fast_split_mult_kernel/usint_ext_mult_25/mult_x_1    285.0120     0.1    285.0120     0.0000     0.0000 usint_ext_mult_0_DW_mult_uns_J9_0_55
poly_fast_split_mult_core/poly_fast_split_mult_kernel/usint_ext_mult_26    662.5080     0.3     25.3260    90.7200     0.0000 usint_ext_mult_54
poly_fast_split_mult_core/poly_fast_split_mult_kernel/usint_ext_mult_26/DP_OP_16J9_122_1390    228.0600     0.1    228.0600     0.0000     0.0000 usint_ext_mult_0_DP_OP_16J9_122_1390_J9_0_54
poly_fast_split_mult_core/poly_fast_split_mult_kernel/usint_ext_mult_26/add_x_3     33.3900     0.0     33.3900     0.0000     0.0000 usint_ext_mult_0_DW01_add_J9_0_54
poly_fast_split_mult_core/poly_fast_split_mult_kernel/usint_ext_mult_26/mult_x_1    285.0120     0.1    285.0120     0.0000     0.0000 usint_ext_mult_0_DW_mult_uns_J9_0_54
poly_fast_split_mult_core/poly_fast_split_mult_kernel/usint_ext_mult_27    626.9760     0.2     21.1680    90.7200     0.0000 usint_ext_mult_53
poly_fast_split_mult_core/poly_fast_split_mult_kernel/usint_ext_mult_27/DP_OP_16J9_122_1390    196.6860     0.1    196.6860     0.0000     0.0000 usint_ext_mult_0_DP_OP_16J9_122_1390_J9_0_53
poly_fast_split_mult_core/poly_fast_split_mult_kernel/usint_ext_mult_27/add_x_3     33.3900     0.0     33.3900     0.0000     0.0000 usint_ext_mult_0_DW01_add_J9_0_53
poly_fast_split_mult_core/poly_fast_split_mult_kernel/usint_ext_mult_27/mult_x_1    285.0120     0.1    285.0120     0.0000     0.0000 usint_ext_mult_0_DW_mult_uns_J9_0_53
poly_fast_split_mult_core/poly_fast_split_mult_kernel/usint_ext_mult_28    626.9760     0.2     21.1680    90.7200     0.0000 usint_ext_mult_52
poly_fast_split_mult_core/poly_fast_split_mult_kernel/usint_ext_mult_28/DP_OP_16J9_122_1390    196.6860     0.1    196.6860     0.0000     0.0000 usint_ext_mult_0_DP_OP_16J9_122_1390_J9_0_52
poly_fast_split_mult_core/poly_fast_split_mult_kernel/usint_ext_mult_28/add_x_3     33.3900     0.0     33.3900     0.0000     0.0000 usint_ext_mult_0_DW01_add_J9_0_52
poly_fast_split_mult_core/poly_fast_split_mult_kernel/usint_ext_mult_28/mult_x_1    285.0120     0.1    285.0120     0.0000     0.0000 usint_ext_mult_0_DW_mult_uns_J9_0_52
poly_fast_split_mult_core/poly_fast_split_mult_kernel/usint_ext_mult_29    651.2940     0.3     22.0500    90.7200     0.0000 usint_ext_mult_51
poly_fast_split_mult_core/poly_fast_split_mult_kernel/usint_ext_mult_29/DP_OP_16J9_122_1390    220.1220     0.1    220.1220     0.0000     0.0000 usint_ext_mult_0_DP_OP_16J9_122_1390_J9_0_51
poly_fast_split_mult_core/poly_fast_split_mult_kernel/usint_ext_mult_29/add_x_3     33.3900     0.0     33.3900     0.0000     0.0000 usint_ext_mult_0_DW01_add_J9_0_51
poly_fast_split_mult_core/poly_fast_split_mult_kernel/usint_ext_mult_29/mult_x_1    285.0120     0.1    285.0120     0.0000     0.0000 usint_ext_mult_0_DW_mult_uns_J9_0_51
poly_fast_split_mult_core/poly_fast_split_mult_kernel/usint_ext_mult_3    626.9760     0.2     21.1680    90.7200     0.0000 usint_ext_mult_77
poly_fast_split_mult_core/poly_fast_split_mult_kernel/usint_ext_mult_3/DP_OP_16J9_122_1390    196.6860     0.1    196.6860     0.0000     0.0000 usint_ext_mult_0_DP_OP_16J9_122_1390_J9_0_77
poly_fast_split_mult_core/poly_fast_split_mult_kernel/usint_ext_mult_3/add_x_3     33.3900     0.0     33.3900     0.0000     0.0000 usint_ext_mult_0_DW01_add_J9_0_77
poly_fast_split_mult_core/poly_fast_split_mult_kernel/usint_ext_mult_3/mult_x_1    285.0120     0.1    285.0120     0.0000     0.0000 usint_ext_mult_0_DW_mult_uns_J9_0_77
poly_fast_split_mult_core/poly_fast_split_mult_kernel/usint_ext_mult_30    626.9760     0.2     21.1680    90.7200     0.0000 usint_ext_mult_50
poly_fast_split_mult_core/poly_fast_split_mult_kernel/usint_ext_mult_30/DP_OP_16J9_122_1390    196.6860     0.1    196.6860     0.0000     0.0000 usint_ext_mult_0_DP_OP_16J9_122_1390_J9_0_50
poly_fast_split_mult_core/poly_fast_split_mult_kernel/usint_ext_mult_30/add_x_3     33.3900     0.0     33.3900     0.0000     0.0000 usint_ext_mult_0_DW01_add_J9_0_50
poly_fast_split_mult_core/poly_fast_split_mult_kernel/usint_ext_mult_30/mult_x_1    285.0120     0.1    285.0120     0.0000     0.0000 usint_ext_mult_0_DW_mult_uns_J9_0_50
poly_fast_split_mult_core/poly_fast_split_mult_kernel/usint_ext_mult_31    626.9760     0.2     21.1680    90.7200     0.0000 usint_ext_mult_49
poly_fast_split_mult_core/poly_fast_split_mult_kernel/usint_ext_mult_31/DP_OP_16J9_122_1390    196.6860     0.1    196.6860     0.0000     0.0000 usint_ext_mult_0_DP_OP_16J9_122_1390_J9_0_49
poly_fast_split_mult_core/poly_fast_split_mult_kernel/usint_ext_mult_31/add_x_3     33.3900     0.0     33.3900     0.0000     0.0000 usint_ext_mult_0_DW01_add_J9_0_49
poly_fast_split_mult_core/poly_fast_split_mult_kernel/usint_ext_mult_31/mult_x_1    285.0120     0.1    285.0120     0.0000     0.0000 usint_ext_mult_0_DW_mult_uns_J9_0_49
poly_fast_split_mult_core/poly_fast_split_mult_kernel/usint_ext_mult_32    651.2940     0.3     22.0500    90.7200     0.0000 usint_ext_mult_48
poly_fast_split_mult_core/poly_fast_split_mult_kernel/usint_ext_mult_32/DP_OP_16J9_122_1390    220.1220     0.1    220.1220     0.0000     0.0000 usint_ext_mult_0_DP_OP_16J9_122_1390_J9_0_48
poly_fast_split_mult_core/poly_fast_split_mult_kernel/usint_ext_mult_32/add_x_3     33.3900     0.0     33.3900     0.0000     0.0000 usint_ext_mult_0_DW01_add_J9_0_48
poly_fast_split_mult_core/poly_fast_split_mult_kernel/usint_ext_mult_32/mult_x_1    285.0120     0.1    285.0120     0.0000     0.0000 usint_ext_mult_0_DW_mult_uns_J9_0_48
poly_fast_split_mult_core/poly_fast_split_mult_kernel/usint_ext_mult_33    651.2940     0.3     22.0500    90.7200     0.0000 usint_ext_mult_47
poly_fast_split_mult_core/poly_fast_split_mult_kernel/usint_ext_mult_33/DP_OP_16J9_122_1390    220.1220     0.1    220.1220     0.0000     0.0000 usint_ext_mult_0_DP_OP_16J9_122_1390_J9_0_47
poly_fast_split_mult_core/poly_fast_split_mult_kernel/usint_ext_mult_33/add_x_3     33.3900     0.0     33.3900     0.0000     0.0000 usint_ext_mult_0_DW01_add_J9_0_47
poly_fast_split_mult_core/poly_fast_split_mult_kernel/usint_ext_mult_33/mult_x_1    285.0120     0.1    285.0120     0.0000     0.0000 usint_ext_mult_0_DW_mult_uns_J9_0_47
poly_fast_split_mult_core/poly_fast_split_mult_kernel/usint_ext_mult_34    651.2940     0.3     22.0500    90.7200     0.0000 usint_ext_mult_46
poly_fast_split_mult_core/poly_fast_split_mult_kernel/usint_ext_mult_34/DP_OP_16J9_122_1390    220.1220     0.1    220.1220     0.0000     0.0000 usint_ext_mult_0_DP_OP_16J9_122_1390_J9_0_46
poly_fast_split_mult_core/poly_fast_split_mult_kernel/usint_ext_mult_34/add_x_3     33.3900     0.0     33.3900     0.0000     0.0000 usint_ext_mult_0_DW01_add_J9_0_46
poly_fast_split_mult_core/poly_fast_split_mult_kernel/usint_ext_mult_34/mult_x_1    285.0120     0.1    285.0120     0.0000     0.0000 usint_ext_mult_0_DW_mult_uns_J9_0_46
poly_fast_split_mult_core/poly_fast_split_mult_kernel/usint_ext_mult_35    662.5080     0.3     25.3260    90.7200     0.0000 usint_ext_mult_45
poly_fast_split_mult_core/poly_fast_split_mult_kernel/usint_ext_mult_35/DP_OP_16J9_122_1390    228.0600     0.1    228.0600     0.0000     0.0000 usint_ext_mult_0_DP_OP_16J9_122_1390_J9_0_45
poly_fast_split_mult_core/poly_fast_split_mult_kernel/usint_ext_mult_35/add_x_3     33.3900     0.0     33.3900     0.0000     0.0000 usint_ext_mult_0_DW01_add_J9_0_45
poly_fast_split_mult_core/poly_fast_split_mult_kernel/usint_ext_mult_35/mult_x_1    285.0120     0.1    285.0120     0.0000     0.0000 usint_ext_mult_0_DW_mult_uns_J9_0_45
poly_fast_split_mult_core/poly_fast_split_mult_kernel/usint_ext_mult_36    626.9760     0.2     21.1680    90.7200     0.0000 usint_ext_mult_44
poly_fast_split_mult_core/poly_fast_split_mult_kernel/usint_ext_mult_36/DP_OP_16J9_122_1390    196.6860     0.1    196.6860     0.0000     0.0000 usint_ext_mult_0_DP_OP_16J9_122_1390_J9_0_44
poly_fast_split_mult_core/poly_fast_split_mult_kernel/usint_ext_mult_36/add_x_3     33.3900     0.0     33.3900     0.0000     0.0000 usint_ext_mult_0_DW01_add_J9_0_44
poly_fast_split_mult_core/poly_fast_split_mult_kernel/usint_ext_mult_36/mult_x_1    285.0120     0.1    285.0120     0.0000     0.0000 usint_ext_mult_0_DW_mult_uns_J9_0_44
poly_fast_split_mult_core/poly_fast_split_mult_kernel/usint_ext_mult_37    626.9760     0.2     21.1680    90.7200     0.0000 usint_ext_mult_43
poly_fast_split_mult_core/poly_fast_split_mult_kernel/usint_ext_mult_37/DP_OP_16J9_122_1390    196.6860     0.1    196.6860     0.0000     0.0000 usint_ext_mult_0_DP_OP_16J9_122_1390_J9_0_43
poly_fast_split_mult_core/poly_fast_split_mult_kernel/usint_ext_mult_37/add_x_3     33.3900     0.0     33.3900     0.0000     0.0000 usint_ext_mult_0_DW01_add_J9_0_43
poly_fast_split_mult_core/poly_fast_split_mult_kernel/usint_ext_mult_37/mult_x_1    285.0120     0.1    285.0120     0.0000     0.0000 usint_ext_mult_0_DW_mult_uns_J9_0_43
poly_fast_split_mult_core/poly_fast_split_mult_kernel/usint_ext_mult_38    651.2940     0.3     22.0500    90.7200     0.0000 usint_ext_mult_42
poly_fast_split_mult_core/poly_fast_split_mult_kernel/usint_ext_mult_38/DP_OP_16J9_122_1390    220.1220     0.1    220.1220     0.0000     0.0000 usint_ext_mult_0_DP_OP_16J9_122_1390_J9_0_42
poly_fast_split_mult_core/poly_fast_split_mult_kernel/usint_ext_mult_38/add_x_3     33.3900     0.0     33.3900     0.0000     0.0000 usint_ext_mult_0_DW01_add_J9_0_42
poly_fast_split_mult_core/poly_fast_split_mult_kernel/usint_ext_mult_38/mult_x_1    285.0120     0.1    285.0120     0.0000     0.0000 usint_ext_mult_0_DW_mult_uns_J9_0_42
poly_fast_split_mult_core/poly_fast_split_mult_kernel/usint_ext_mult_39    626.9760     0.2     21.1680    90.7200     0.0000 usint_ext_mult_41
poly_fast_split_mult_core/poly_fast_split_mult_kernel/usint_ext_mult_39/DP_OP_16J9_122_1390    196.6860     0.1    196.6860     0.0000     0.0000 usint_ext_mult_0_DP_OP_16J9_122_1390_J9_0_41
poly_fast_split_mult_core/poly_fast_split_mult_kernel/usint_ext_mult_39/add_x_3     33.3900     0.0     33.3900     0.0000     0.0000 usint_ext_mult_0_DW01_add_J9_0_41
poly_fast_split_mult_core/poly_fast_split_mult_kernel/usint_ext_mult_39/mult_x_1    285.0120     0.1    285.0120     0.0000     0.0000 usint_ext_mult_0_DW_mult_uns_J9_0_41
poly_fast_split_mult_core/poly_fast_split_mult_kernel/usint_ext_mult_4    626.9760     0.2     21.1680    90.7200     0.0000 usint_ext_mult_76
poly_fast_split_mult_core/poly_fast_split_mult_kernel/usint_ext_mult_4/DP_OP_16J9_122_1390    196.6860     0.1    196.6860     0.0000     0.0000 usint_ext_mult_0_DP_OP_16J9_122_1390_J9_0_76
poly_fast_split_mult_core/poly_fast_split_mult_kernel/usint_ext_mult_4/add_x_3     33.3900     0.0     33.3900     0.0000     0.0000 usint_ext_mult_0_DW01_add_J9_0_76
poly_fast_split_mult_core/poly_fast_split_mult_kernel/usint_ext_mult_4/mult_x_1    285.0120     0.1    285.0120     0.0000     0.0000 usint_ext_mult_0_DW_mult_uns_J9_0_76
poly_fast_split_mult_core/poly_fast_split_mult_kernel/usint_ext_mult_40    626.9760     0.2     21.1680    90.7200     0.0000 usint_ext_mult_40
poly_fast_split_mult_core/poly_fast_split_mult_kernel/usint_ext_mult_40/DP_OP_16J9_122_1390    196.6860     0.1    196.6860     0.0000     0.0000 usint_ext_mult_0_DP_OP_16J9_122_1390_J9_0_40
poly_fast_split_mult_core/poly_fast_split_mult_kernel/usint_ext_mult_40/add_x_3     33.3900     0.0     33.3900     0.0000     0.0000 usint_ext_mult_0_DW01_add_J9_0_40
poly_fast_split_mult_core/poly_fast_split_mult_kernel/usint_ext_mult_40/mult_x_1    285.0120     0.1    285.0120     0.0000     0.0000 usint_ext_mult_0_DW_mult_uns_J9_0_40
poly_fast_split_mult_core/poly_fast_split_mult_kernel/usint_ext_mult_41    651.2940     0.3     22.0500    90.7200     0.0000 usint_ext_mult_39
poly_fast_split_mult_core/poly_fast_split_mult_kernel/usint_ext_mult_41/DP_OP_16J9_122_1390    220.1220     0.1    220.1220     0.0000     0.0000 usint_ext_mult_0_DP_OP_16J9_122_1390_J9_0_39
poly_fast_split_mult_core/poly_fast_split_mult_kernel/usint_ext_mult_41/add_x_3     33.3900     0.0     33.3900     0.0000     0.0000 usint_ext_mult_0_DW01_add_J9_0_39
poly_fast_split_mult_core/poly_fast_split_mult_kernel/usint_ext_mult_41/mult_x_1    285.0120     0.1    285.0120     0.0000     0.0000 usint_ext_mult_0_DW_mult_uns_J9_0_39
poly_fast_split_mult_core/poly_fast_split_mult_kernel/usint_ext_mult_42    651.2940     0.3     22.0500    90.7200     0.0000 usint_ext_mult_38
poly_fast_split_mult_core/poly_fast_split_mult_kernel/usint_ext_mult_42/DP_OP_16J9_122_1390    220.1220     0.1    220.1220     0.0000     0.0000 usint_ext_mult_0_DP_OP_16J9_122_1390_J9_0_38
poly_fast_split_mult_core/poly_fast_split_mult_kernel/usint_ext_mult_42/add_x_3     33.3900     0.0     33.3900     0.0000     0.0000 usint_ext_mult_0_DW01_add_J9_0_38
poly_fast_split_mult_core/poly_fast_split_mult_kernel/usint_ext_mult_42/mult_x_1    285.0120     0.1    285.0120     0.0000     0.0000 usint_ext_mult_0_DW_mult_uns_J9_0_38
poly_fast_split_mult_core/poly_fast_split_mult_kernel/usint_ext_mult_43    651.2940     0.3     22.0500    90.7200     0.0000 usint_ext_mult_37
poly_fast_split_mult_core/poly_fast_split_mult_kernel/usint_ext_mult_43/DP_OP_16J9_122_1390    220.1220     0.1    220.1220     0.0000     0.0000 usint_ext_mult_0_DP_OP_16J9_122_1390_J9_0_37
poly_fast_split_mult_core/poly_fast_split_mult_kernel/usint_ext_mult_43/add_x_3     33.3900     0.0     33.3900     0.0000     0.0000 usint_ext_mult_0_DW01_add_J9_0_37
poly_fast_split_mult_core/poly_fast_split_mult_kernel/usint_ext_mult_43/mult_x_1    285.0120     0.1    285.0120     0.0000     0.0000 usint_ext_mult_0_DW_mult_uns_J9_0_37
poly_fast_split_mult_core/poly_fast_split_mult_kernel/usint_ext_mult_44    662.5080     0.3     25.3260    90.7200     0.0000 usint_ext_mult_36
poly_fast_split_mult_core/poly_fast_split_mult_kernel/usint_ext_mult_44/DP_OP_16J9_122_1390    228.0600     0.1    228.0600     0.0000     0.0000 usint_ext_mult_0_DP_OP_16J9_122_1390_J9_0_36
poly_fast_split_mult_core/poly_fast_split_mult_kernel/usint_ext_mult_44/add_x_3     33.3900     0.0     33.3900     0.0000     0.0000 usint_ext_mult_0_DW01_add_J9_0_36
poly_fast_split_mult_core/poly_fast_split_mult_kernel/usint_ext_mult_44/mult_x_1    285.0120     0.1    285.0120     0.0000     0.0000 usint_ext_mult_0_DW_mult_uns_J9_0_36
poly_fast_split_mult_core/poly_fast_split_mult_kernel/usint_ext_mult_45    651.2940     0.3     22.0500    90.7200     0.0000 usint_ext_mult_35
poly_fast_split_mult_core/poly_fast_split_mult_kernel/usint_ext_mult_45/DP_OP_16J9_122_1390    220.1220     0.1    220.1220     0.0000     0.0000 usint_ext_mult_0_DP_OP_16J9_122_1390_J9_0_35
poly_fast_split_mult_core/poly_fast_split_mult_kernel/usint_ext_mult_45/add_x_3     33.3900     0.0     33.3900     0.0000     0.0000 usint_ext_mult_0_DW01_add_J9_0_35
poly_fast_split_mult_core/poly_fast_split_mult_kernel/usint_ext_mult_45/mult_x_1    285.0120     0.1    285.0120     0.0000     0.0000 usint_ext_mult_0_DW_mult_uns_J9_0_35
poly_fast_split_mult_core/poly_fast_split_mult_kernel/usint_ext_mult_46    651.2940     0.3     22.0500    90.7200     0.0000 usint_ext_mult_34
poly_fast_split_mult_core/poly_fast_split_mult_kernel/usint_ext_mult_46/DP_OP_16J9_122_1390    220.1220     0.1    220.1220     0.0000     0.0000 usint_ext_mult_0_DP_OP_16J9_122_1390_J9_0_34
poly_fast_split_mult_core/poly_fast_split_mult_kernel/usint_ext_mult_46/add_x_3     33.3900     0.0     33.3900     0.0000     0.0000 usint_ext_mult_0_DW01_add_J9_0_34
poly_fast_split_mult_core/poly_fast_split_mult_kernel/usint_ext_mult_46/mult_x_1    285.0120     0.1    285.0120     0.0000     0.0000 usint_ext_mult_0_DW_mult_uns_J9_0_34
poly_fast_split_mult_core/poly_fast_split_mult_kernel/usint_ext_mult_47    662.5080     0.3     25.3260    90.7200     0.0000 usint_ext_mult_33
poly_fast_split_mult_core/poly_fast_split_mult_kernel/usint_ext_mult_47/DP_OP_16J9_122_1390    228.0600     0.1    228.0600     0.0000     0.0000 usint_ext_mult_0_DP_OP_16J9_122_1390_J9_0_33
poly_fast_split_mult_core/poly_fast_split_mult_kernel/usint_ext_mult_47/add_x_3     33.3900     0.0     33.3900     0.0000     0.0000 usint_ext_mult_0_DW01_add_J9_0_33
poly_fast_split_mult_core/poly_fast_split_mult_kernel/usint_ext_mult_47/mult_x_1    285.0120     0.1    285.0120     0.0000     0.0000 usint_ext_mult_0_DW_mult_uns_J9_0_33
poly_fast_split_mult_core/poly_fast_split_mult_kernel/usint_ext_mult_48    651.2940     0.3     22.0500    90.7200     0.0000 usint_ext_mult_32
poly_fast_split_mult_core/poly_fast_split_mult_kernel/usint_ext_mult_48/DP_OP_16J9_122_1390    220.1220     0.1    220.1220     0.0000     0.0000 usint_ext_mult_0_DP_OP_16J9_122_1390_J9_0_32
poly_fast_split_mult_core/poly_fast_split_mult_kernel/usint_ext_mult_48/add_x_3     33.3900     0.0     33.3900     0.0000     0.0000 usint_ext_mult_0_DW01_add_J9_0_32
poly_fast_split_mult_core/poly_fast_split_mult_kernel/usint_ext_mult_48/mult_x_1    285.0120     0.1    285.0120     0.0000     0.0000 usint_ext_mult_0_DW_mult_uns_J9_0_32
poly_fast_split_mult_core/poly_fast_split_mult_kernel/usint_ext_mult_49    651.2940     0.3     22.0500    90.7200     0.0000 usint_ext_mult_31
poly_fast_split_mult_core/poly_fast_split_mult_kernel/usint_ext_mult_49/DP_OP_16J9_122_1390    220.1220     0.1    220.1220     0.0000     0.0000 usint_ext_mult_0_DP_OP_16J9_122_1390_J9_0_31
poly_fast_split_mult_core/poly_fast_split_mult_kernel/usint_ext_mult_49/add_x_3     33.3900     0.0     33.3900     0.0000     0.0000 usint_ext_mult_0_DW01_add_J9_0_31
poly_fast_split_mult_core/poly_fast_split_mult_kernel/usint_ext_mult_49/mult_x_1    285.0120     0.1    285.0120     0.0000     0.0000 usint_ext_mult_0_DW_mult_uns_J9_0_31
poly_fast_split_mult_core/poly_fast_split_mult_kernel/usint_ext_mult_5    651.2940     0.3     22.0500    90.7200     0.0000 usint_ext_mult_75
poly_fast_split_mult_core/poly_fast_split_mult_kernel/usint_ext_mult_5/DP_OP_16J9_122_1390    220.1220     0.1    220.1220     0.0000     0.0000 usint_ext_mult_0_DP_OP_16J9_122_1390_J9_0_75
poly_fast_split_mult_core/poly_fast_split_mult_kernel/usint_ext_mult_5/add_x_3     33.3900     0.0     33.3900     0.0000     0.0000 usint_ext_mult_0_DW01_add_J9_0_75
poly_fast_split_mult_core/poly_fast_split_mult_kernel/usint_ext_mult_5/mult_x_1    285.0120     0.1    285.0120     0.0000     0.0000 usint_ext_mult_0_DW_mult_uns_J9_0_75
poly_fast_split_mult_core/poly_fast_split_mult_kernel/usint_ext_mult_50    662.5080     0.3     25.3260    90.7200     0.0000 usint_ext_mult_30
poly_fast_split_mult_core/poly_fast_split_mult_kernel/usint_ext_mult_50/DP_OP_16J9_122_1390    228.0600     0.1    228.0600     0.0000     0.0000 usint_ext_mult_0_DP_OP_16J9_122_1390_J9_0_30
poly_fast_split_mult_core/poly_fast_split_mult_kernel/usint_ext_mult_50/add_x_3     33.3900     0.0     33.3900     0.0000     0.0000 usint_ext_mult_0_DW01_add_J9_0_30
poly_fast_split_mult_core/poly_fast_split_mult_kernel/usint_ext_mult_50/mult_x_1    285.0120     0.1    285.0120     0.0000     0.0000 usint_ext_mult_0_DW_mult_uns_J9_0_30
poly_fast_split_mult_core/poly_fast_split_mult_kernel/usint_ext_mult_51    662.5080     0.3     25.3260    90.7200     0.0000 usint_ext_mult_29
poly_fast_split_mult_core/poly_fast_split_mult_kernel/usint_ext_mult_51/DP_OP_16J9_122_1390    228.0600     0.1    228.0600     0.0000     0.0000 usint_ext_mult_0_DP_OP_16J9_122_1390_J9_0_29
poly_fast_split_mult_core/poly_fast_split_mult_kernel/usint_ext_mult_51/add_x_3     33.3900     0.0     33.3900     0.0000     0.0000 usint_ext_mult_0_DW01_add_J9_0_29
poly_fast_split_mult_core/poly_fast_split_mult_kernel/usint_ext_mult_51/mult_x_1    285.0120     0.1    285.0120     0.0000     0.0000 usint_ext_mult_0_DW_mult_uns_J9_0_29
poly_fast_split_mult_core/poly_fast_split_mult_kernel/usint_ext_mult_52    662.5080     0.3     25.3260    90.7200     0.0000 usint_ext_mult_28
poly_fast_split_mult_core/poly_fast_split_mult_kernel/usint_ext_mult_52/DP_OP_16J9_122_1390    228.0600     0.1    228.0600     0.0000     0.0000 usint_ext_mult_0_DP_OP_16J9_122_1390_J9_0_28
poly_fast_split_mult_core/poly_fast_split_mult_kernel/usint_ext_mult_52/add_x_3     33.3900     0.0     33.3900     0.0000     0.0000 usint_ext_mult_0_DW01_add_J9_0_28
poly_fast_split_mult_core/poly_fast_split_mult_kernel/usint_ext_mult_52/mult_x_1    285.0120     0.1    285.0120     0.0000     0.0000 usint_ext_mult_0_DW_mult_uns_J9_0_28
poly_fast_split_mult_core/poly_fast_split_mult_kernel/usint_ext_mult_53    662.5080     0.3     25.3260    90.7200     0.0000 usint_ext_mult_27
poly_fast_split_mult_core/poly_fast_split_mult_kernel/usint_ext_mult_53/DP_OP_16J9_122_1390    228.0600     0.1    228.0600     0.0000     0.0000 usint_ext_mult_0_DP_OP_16J9_122_1390_J9_0_27
poly_fast_split_mult_core/poly_fast_split_mult_kernel/usint_ext_mult_53/add_x_3     33.3900     0.0     33.3900     0.0000     0.0000 usint_ext_mult_0_DW01_add_J9_0_27
poly_fast_split_mult_core/poly_fast_split_mult_kernel/usint_ext_mult_53/mult_x_1    285.0120     0.1    285.0120     0.0000     0.0000 usint_ext_mult_0_DW_mult_uns_J9_0_27
poly_fast_split_mult_core/poly_fast_split_mult_kernel/usint_ext_mult_54    651.2940     0.3     22.0500    90.7200     0.0000 usint_ext_mult_26
poly_fast_split_mult_core/poly_fast_split_mult_kernel/usint_ext_mult_54/DP_OP_16J9_122_1390    220.1220     0.1    220.1220     0.0000     0.0000 usint_ext_mult_0_DP_OP_16J9_122_1390_J9_0_26
poly_fast_split_mult_core/poly_fast_split_mult_kernel/usint_ext_mult_54/add_x_3     33.3900     0.0     33.3900     0.0000     0.0000 usint_ext_mult_0_DW01_add_J9_0_26
poly_fast_split_mult_core/poly_fast_split_mult_kernel/usint_ext_mult_54/mult_x_1    285.0120     0.1    285.0120     0.0000     0.0000 usint_ext_mult_0_DW_mult_uns_J9_0_26
poly_fast_split_mult_core/poly_fast_split_mult_kernel/usint_ext_mult_55    651.2940     0.3     22.0500    90.7200     0.0000 usint_ext_mult_25
poly_fast_split_mult_core/poly_fast_split_mult_kernel/usint_ext_mult_55/DP_OP_16J9_122_1390    220.1220     0.1    220.1220     0.0000     0.0000 usint_ext_mult_0_DP_OP_16J9_122_1390_J9_0_25
poly_fast_split_mult_core/poly_fast_split_mult_kernel/usint_ext_mult_55/add_x_3     33.3900     0.0     33.3900     0.0000     0.0000 usint_ext_mult_0_DW01_add_J9_0_25
poly_fast_split_mult_core/poly_fast_split_mult_kernel/usint_ext_mult_55/mult_x_1    285.0120     0.1    285.0120     0.0000     0.0000 usint_ext_mult_0_DW_mult_uns_J9_0_25
poly_fast_split_mult_core/poly_fast_split_mult_kernel/usint_ext_mult_56    662.5080     0.3     25.3260    90.7200     0.0000 usint_ext_mult_24
poly_fast_split_mult_core/poly_fast_split_mult_kernel/usint_ext_mult_56/DP_OP_16J9_122_1390    228.0600     0.1    228.0600     0.0000     0.0000 usint_ext_mult_0_DP_OP_16J9_122_1390_J9_0_24
poly_fast_split_mult_core/poly_fast_split_mult_kernel/usint_ext_mult_56/add_x_3     33.3900     0.0     33.3900     0.0000     0.0000 usint_ext_mult_0_DW01_add_J9_0_24
poly_fast_split_mult_core/poly_fast_split_mult_kernel/usint_ext_mult_56/mult_x_1    285.0120     0.1    285.0120     0.0000     0.0000 usint_ext_mult_0_DW_mult_uns_J9_0_24
poly_fast_split_mult_core/poly_fast_split_mult_kernel/usint_ext_mult_57    651.2940     0.3     22.0500    90.7200     0.0000 usint_ext_mult_23
poly_fast_split_mult_core/poly_fast_split_mult_kernel/usint_ext_mult_57/DP_OP_16J9_122_1390    220.1220     0.1    220.1220     0.0000     0.0000 usint_ext_mult_0_DP_OP_16J9_122_1390_J9_0_23
poly_fast_split_mult_core/poly_fast_split_mult_kernel/usint_ext_mult_57/add_x_3     33.3900     0.0     33.3900     0.0000     0.0000 usint_ext_mult_0_DW01_add_J9_0_23
poly_fast_split_mult_core/poly_fast_split_mult_kernel/usint_ext_mult_57/mult_x_1    285.0120     0.1    285.0120     0.0000     0.0000 usint_ext_mult_0_DW_mult_uns_J9_0_23
poly_fast_split_mult_core/poly_fast_split_mult_kernel/usint_ext_mult_58    651.2940     0.3     22.0500    90.7200     0.0000 usint_ext_mult_22
poly_fast_split_mult_core/poly_fast_split_mult_kernel/usint_ext_mult_58/DP_OP_16J9_122_1390    220.1220     0.1    220.1220     0.0000     0.0000 usint_ext_mult_0_DP_OP_16J9_122_1390_J9_0_22
poly_fast_split_mult_core/poly_fast_split_mult_kernel/usint_ext_mult_58/add_x_3     33.3900     0.0     33.3900     0.0000     0.0000 usint_ext_mult_0_DW01_add_J9_0_22
poly_fast_split_mult_core/poly_fast_split_mult_kernel/usint_ext_mult_58/mult_x_1    285.0120     0.1    285.0120     0.0000     0.0000 usint_ext_mult_0_DW_mult_uns_J9_0_22
poly_fast_split_mult_core/poly_fast_split_mult_kernel/usint_ext_mult_59    662.5080     0.3     25.3260    90.7200     0.0000 usint_ext_mult_21
poly_fast_split_mult_core/poly_fast_split_mult_kernel/usint_ext_mult_59/DP_OP_16J9_122_1390    228.0600     0.1    228.0600     0.0000     0.0000 usint_ext_mult_0_DP_OP_16J9_122_1390_J9_0_21
poly_fast_split_mult_core/poly_fast_split_mult_kernel/usint_ext_mult_59/add_x_3     33.3900     0.0     33.3900     0.0000     0.0000 usint_ext_mult_0_DW01_add_J9_0_21
poly_fast_split_mult_core/poly_fast_split_mult_kernel/usint_ext_mult_59/mult_x_1    285.0120     0.1    285.0120     0.0000     0.0000 usint_ext_mult_0_DW_mult_uns_J9_0_21
poly_fast_split_mult_core/poly_fast_split_mult_kernel/usint_ext_mult_6    651.2940     0.3     22.0500    90.7200     0.0000 usint_ext_mult_74
poly_fast_split_mult_core/poly_fast_split_mult_kernel/usint_ext_mult_6/DP_OP_16J9_122_1390    220.1220     0.1    220.1220     0.0000     0.0000 usint_ext_mult_0_DP_OP_16J9_122_1390_J9_0_74
poly_fast_split_mult_core/poly_fast_split_mult_kernel/usint_ext_mult_6/add_x_3     33.3900     0.0     33.3900     0.0000     0.0000 usint_ext_mult_0_DW01_add_J9_0_74
poly_fast_split_mult_core/poly_fast_split_mult_kernel/usint_ext_mult_6/mult_x_1    285.0120     0.1    285.0120     0.0000     0.0000 usint_ext_mult_0_DW_mult_uns_J9_0_74
poly_fast_split_mult_core/poly_fast_split_mult_kernel/usint_ext_mult_60    662.5080     0.3     25.3260    90.7200     0.0000 usint_ext_mult_20
poly_fast_split_mult_core/poly_fast_split_mult_kernel/usint_ext_mult_60/DP_OP_16J9_122_1390    228.0600     0.1    228.0600     0.0000     0.0000 usint_ext_mult_0_DP_OP_16J9_122_1390_J9_0_20
poly_fast_split_mult_core/poly_fast_split_mult_kernel/usint_ext_mult_60/add_x_3     33.3900     0.0     33.3900     0.0000     0.0000 usint_ext_mult_0_DW01_add_J9_0_20
poly_fast_split_mult_core/poly_fast_split_mult_kernel/usint_ext_mult_60/mult_x_1    285.0120     0.1    285.0120     0.0000     0.0000 usint_ext_mult_0_DW_mult_uns_J9_0_20
poly_fast_split_mult_core/poly_fast_split_mult_kernel/usint_ext_mult_61    662.5080     0.3     25.3260    90.7200     0.0000 usint_ext_mult_19
poly_fast_split_mult_core/poly_fast_split_mult_kernel/usint_ext_mult_61/DP_OP_16J9_122_1390    228.0600     0.1    228.0600     0.0000     0.0000 usint_ext_mult_0_DP_OP_16J9_122_1390_J9_0_19
poly_fast_split_mult_core/poly_fast_split_mult_kernel/usint_ext_mult_61/add_x_3     33.3900     0.0     33.3900     0.0000     0.0000 usint_ext_mult_0_DW01_add_J9_0_19
poly_fast_split_mult_core/poly_fast_split_mult_kernel/usint_ext_mult_61/mult_x_1    285.0120     0.1    285.0120     0.0000     0.0000 usint_ext_mult_0_DW_mult_uns_J9_0_19
poly_fast_split_mult_core/poly_fast_split_mult_kernel/usint_ext_mult_62    662.5080     0.3     25.3260    90.7200     0.0000 usint_ext_mult_18
poly_fast_split_mult_core/poly_fast_split_mult_kernel/usint_ext_mult_62/DP_OP_16J9_122_1390    228.0600     0.1    228.0600     0.0000     0.0000 usint_ext_mult_0_DP_OP_16J9_122_1390_J9_0_18
poly_fast_split_mult_core/poly_fast_split_mult_kernel/usint_ext_mult_62/add_x_3     33.3900     0.0     33.3900     0.0000     0.0000 usint_ext_mult_0_DW01_add_J9_0_18
poly_fast_split_mult_core/poly_fast_split_mult_kernel/usint_ext_mult_62/mult_x_1    285.0120     0.1    285.0120     0.0000     0.0000 usint_ext_mult_0_DW_mult_uns_J9_0_18
poly_fast_split_mult_core/poly_fast_split_mult_kernel/usint_ext_mult_63    651.2940     0.3     22.0500    90.7200     0.0000 usint_ext_mult_17
poly_fast_split_mult_core/poly_fast_split_mult_kernel/usint_ext_mult_63/DP_OP_16J9_122_1390    220.1220     0.1    220.1220     0.0000     0.0000 usint_ext_mult_0_DP_OP_16J9_122_1390_J9_0_17
poly_fast_split_mult_core/poly_fast_split_mult_kernel/usint_ext_mult_63/add_x_3     33.3900     0.0     33.3900     0.0000     0.0000 usint_ext_mult_0_DW01_add_J9_0_17
poly_fast_split_mult_core/poly_fast_split_mult_kernel/usint_ext_mult_63/mult_x_1    285.0120     0.1    285.0120     0.0000     0.0000 usint_ext_mult_0_DW_mult_uns_J9_0_17
poly_fast_split_mult_core/poly_fast_split_mult_kernel/usint_ext_mult_64    651.2940     0.3     22.0500    90.7200     0.0000 usint_ext_mult_16
poly_fast_split_mult_core/poly_fast_split_mult_kernel/usint_ext_mult_64/DP_OP_16J9_122_1390    220.1220     0.1    220.1220     0.0000     0.0000 usint_ext_mult_0_DP_OP_16J9_122_1390_J9_0_16
poly_fast_split_mult_core/poly_fast_split_mult_kernel/usint_ext_mult_64/add_x_3     33.3900     0.0     33.3900     0.0000     0.0000 usint_ext_mult_0_DW01_add_J9_0_16
poly_fast_split_mult_core/poly_fast_split_mult_kernel/usint_ext_mult_64/mult_x_1    285.0120     0.1    285.0120     0.0000     0.0000 usint_ext_mult_0_DW_mult_uns_J9_0_16
poly_fast_split_mult_core/poly_fast_split_mult_kernel/usint_ext_mult_65    662.5080     0.3     25.3260    90.7200     0.0000 usint_ext_mult_15
poly_fast_split_mult_core/poly_fast_split_mult_kernel/usint_ext_mult_65/DP_OP_16J9_122_1390    228.0600     0.1    228.0600     0.0000     0.0000 usint_ext_mult_0_DP_OP_16J9_122_1390_J9_0_15
poly_fast_split_mult_core/poly_fast_split_mult_kernel/usint_ext_mult_65/add_x_3     33.3900     0.0     33.3900     0.0000     0.0000 usint_ext_mult_0_DW01_add_J9_0_15
poly_fast_split_mult_core/poly_fast_split_mult_kernel/usint_ext_mult_65/mult_x_1    285.0120     0.1    285.0120     0.0000     0.0000 usint_ext_mult_0_DW_mult_uns_J9_0_15
poly_fast_split_mult_core/poly_fast_split_mult_kernel/usint_ext_mult_66    651.2940     0.3     22.0500    90.7200     0.0000 usint_ext_mult_14
poly_fast_split_mult_core/poly_fast_split_mult_kernel/usint_ext_mult_66/DP_OP_16J9_122_1390    220.1220     0.1    220.1220     0.0000     0.0000 usint_ext_mult_0_DP_OP_16J9_122_1390_J9_0_14
poly_fast_split_mult_core/poly_fast_split_mult_kernel/usint_ext_mult_66/add_x_3     33.3900     0.0     33.3900     0.0000     0.0000 usint_ext_mult_0_DW01_add_J9_0_14
poly_fast_split_mult_core/poly_fast_split_mult_kernel/usint_ext_mult_66/mult_x_1    285.0120     0.1    285.0120     0.0000     0.0000 usint_ext_mult_0_DW_mult_uns_J9_0_14
poly_fast_split_mult_core/poly_fast_split_mult_kernel/usint_ext_mult_67    651.2940     0.3     22.0500    90.7200     0.0000 usint_ext_mult_13
poly_fast_split_mult_core/poly_fast_split_mult_kernel/usint_ext_mult_67/DP_OP_16J9_122_1390    220.1220     0.1    220.1220     0.0000     0.0000 usint_ext_mult_0_DP_OP_16J9_122_1390_J9_0_13
poly_fast_split_mult_core/poly_fast_split_mult_kernel/usint_ext_mult_67/add_x_3     33.3900     0.0     33.3900     0.0000     0.0000 usint_ext_mult_0_DW01_add_J9_0_13
poly_fast_split_mult_core/poly_fast_split_mult_kernel/usint_ext_mult_67/mult_x_1    285.0120     0.1    285.0120     0.0000     0.0000 usint_ext_mult_0_DW_mult_uns_J9_0_13
poly_fast_split_mult_core/poly_fast_split_mult_kernel/usint_ext_mult_68    662.5080     0.3     25.3260    90.7200     0.0000 usint_ext_mult_12
poly_fast_split_mult_core/poly_fast_split_mult_kernel/usint_ext_mult_68/DP_OP_16J9_122_1390    228.0600     0.1    228.0600     0.0000     0.0000 usint_ext_mult_0_DP_OP_16J9_122_1390_J9_0_12
poly_fast_split_mult_core/poly_fast_split_mult_kernel/usint_ext_mult_68/add_x_3     33.3900     0.0     33.3900     0.0000     0.0000 usint_ext_mult_0_DW01_add_J9_0_12
poly_fast_split_mult_core/poly_fast_split_mult_kernel/usint_ext_mult_68/mult_x_1    285.0120     0.1    285.0120     0.0000     0.0000 usint_ext_mult_0_DW_mult_uns_J9_0_12
poly_fast_split_mult_core/poly_fast_split_mult_kernel/usint_ext_mult_69    662.5080     0.3     25.3260    90.7200     0.0000 usint_ext_mult_11
poly_fast_split_mult_core/poly_fast_split_mult_kernel/usint_ext_mult_69/DP_OP_16J9_122_1390    228.0600     0.1    228.0600     0.0000     0.0000 usint_ext_mult_0_DP_OP_16J9_122_1390_J9_0_11
poly_fast_split_mult_core/poly_fast_split_mult_kernel/usint_ext_mult_69/add_x_3     33.3900     0.0     33.3900     0.0000     0.0000 usint_ext_mult_0_DW01_add_J9_0_11
poly_fast_split_mult_core/poly_fast_split_mult_kernel/usint_ext_mult_69/mult_x_1    285.0120     0.1    285.0120     0.0000     0.0000 usint_ext_mult_0_DW_mult_uns_J9_0_11
poly_fast_split_mult_core/poly_fast_split_mult_kernel/usint_ext_mult_7    651.2940     0.3     22.0500    90.7200     0.0000 usint_ext_mult_73
poly_fast_split_mult_core/poly_fast_split_mult_kernel/usint_ext_mult_7/DP_OP_16J9_122_1390    220.1220     0.1    220.1220     0.0000     0.0000 usint_ext_mult_0_DP_OP_16J9_122_1390_J9_0_73
poly_fast_split_mult_core/poly_fast_split_mult_kernel/usint_ext_mult_7/add_x_3     33.3900     0.0     33.3900     0.0000     0.0000 usint_ext_mult_0_DW01_add_J9_0_73
poly_fast_split_mult_core/poly_fast_split_mult_kernel/usint_ext_mult_7/mult_x_1    285.0120     0.1    285.0120     0.0000     0.0000 usint_ext_mult_0_DW_mult_uns_J9_0_73
poly_fast_split_mult_core/poly_fast_split_mult_kernel/usint_ext_mult_70    662.5080     0.3     25.3260    90.7200     0.0000 usint_ext_mult_10
poly_fast_split_mult_core/poly_fast_split_mult_kernel/usint_ext_mult_70/DP_OP_16J9_122_1390    228.0600     0.1    228.0600     0.0000     0.0000 usint_ext_mult_0_DP_OP_16J9_122_1390_J9_0_10
poly_fast_split_mult_core/poly_fast_split_mult_kernel/usint_ext_mult_70/add_x_3     33.3900     0.0     33.3900     0.0000     0.0000 usint_ext_mult_0_DW01_add_J9_0_10
poly_fast_split_mult_core/poly_fast_split_mult_kernel/usint_ext_mult_70/mult_x_1    285.0120     0.1    285.0120     0.0000     0.0000 usint_ext_mult_0_DW_mult_uns_J9_0_10
poly_fast_split_mult_core/poly_fast_split_mult_kernel/usint_ext_mult_71    662.5080     0.3     25.3260    90.7200     0.0000 usint_ext_mult_9
poly_fast_split_mult_core/poly_fast_split_mult_kernel/usint_ext_mult_71/DP_OP_16J9_122_1390    228.0600     0.1    228.0600     0.0000     0.0000 usint_ext_mult_0_DP_OP_16J9_122_1390_J9_0_9
poly_fast_split_mult_core/poly_fast_split_mult_kernel/usint_ext_mult_71/add_x_3     33.3900     0.0     33.3900     0.0000     0.0000 usint_ext_mult_0_DW01_add_J9_0_9
poly_fast_split_mult_core/poly_fast_split_mult_kernel/usint_ext_mult_71/mult_x_1    285.0120     0.1    285.0120     0.0000     0.0000 usint_ext_mult_0_DW_mult_uns_J9_0_9
poly_fast_split_mult_core/poly_fast_split_mult_kernel/usint_ext_mult_72    662.5080     0.3     25.3260    90.7200     0.0000 usint_ext_mult_8
poly_fast_split_mult_core/poly_fast_split_mult_kernel/usint_ext_mult_72/DP_OP_16J9_122_1390    228.0600     0.1    228.0600     0.0000     0.0000 usint_ext_mult_0_DP_OP_16J9_122_1390_J9_0_8
poly_fast_split_mult_core/poly_fast_split_mult_kernel/usint_ext_mult_72/add_x_3     33.3900     0.0     33.3900     0.0000     0.0000 usint_ext_mult_0_DW01_add_J9_0_8
poly_fast_split_mult_core/poly_fast_split_mult_kernel/usint_ext_mult_72/mult_x_1    285.0120     0.1    285.0120     0.0000     0.0000 usint_ext_mult_0_DW_mult_uns_J9_0_8
poly_fast_split_mult_core/poly_fast_split_mult_kernel/usint_ext_mult_73    662.5080     0.3     25.3260    90.7200     0.0000 usint_ext_mult_7
poly_fast_split_mult_core/poly_fast_split_mult_kernel/usint_ext_mult_73/DP_OP_16J9_122_1390    228.0600     0.1    228.0600     0.0000     0.0000 usint_ext_mult_0_DP_OP_16J9_122_1390_J9_0_7
poly_fast_split_mult_core/poly_fast_split_mult_kernel/usint_ext_mult_73/add_x_3     33.3900     0.0     33.3900     0.0000     0.0000 usint_ext_mult_0_DW01_add_J9_0_7
poly_fast_split_mult_core/poly_fast_split_mult_kernel/usint_ext_mult_73/mult_x_1    285.0120     0.1    285.0120     0.0000     0.0000 usint_ext_mult_0_DW_mult_uns_J9_0_7
poly_fast_split_mult_core/poly_fast_split_mult_kernel/usint_ext_mult_74    662.5080     0.3     25.3260    90.7200     0.0000 usint_ext_mult_6
poly_fast_split_mult_core/poly_fast_split_mult_kernel/usint_ext_mult_74/DP_OP_16J9_122_1390    228.0600     0.1    228.0600     0.0000     0.0000 usint_ext_mult_0_DP_OP_16J9_122_1390_J9_0_6
poly_fast_split_mult_core/poly_fast_split_mult_kernel/usint_ext_mult_74/add_x_3     33.3900     0.0     33.3900     0.0000     0.0000 usint_ext_mult_0_DW01_add_J9_0_6
poly_fast_split_mult_core/poly_fast_split_mult_kernel/usint_ext_mult_74/mult_x_1    285.0120     0.1    285.0120     0.0000     0.0000 usint_ext_mult_0_DW_mult_uns_J9_0_6
poly_fast_split_mult_core/poly_fast_split_mult_kernel/usint_ext_mult_75    662.5080     0.3     25.3260    90.7200     0.0000 usint_ext_mult_5
poly_fast_split_mult_core/poly_fast_split_mult_kernel/usint_ext_mult_75/DP_OP_16J9_122_1390    228.0600     0.1    228.0600     0.0000     0.0000 usint_ext_mult_0_DP_OP_16J9_122_1390_J9_0_5
poly_fast_split_mult_core/poly_fast_split_mult_kernel/usint_ext_mult_75/add_x_3     33.3900     0.0     33.3900     0.0000     0.0000 usint_ext_mult_0_DW01_add_J9_0_5
poly_fast_split_mult_core/poly_fast_split_mult_kernel/usint_ext_mult_75/mult_x_1    285.0120     0.1    285.0120     0.0000     0.0000 usint_ext_mult_0_DW_mult_uns_J9_0_5
poly_fast_split_mult_core/poly_fast_split_mult_kernel/usint_ext_mult_76    662.5080     0.3     25.3260    90.7200     0.0000 usint_ext_mult_4
poly_fast_split_mult_core/poly_fast_split_mult_kernel/usint_ext_mult_76/DP_OP_16J9_122_1390    228.0600     0.1    228.0600     0.0000     0.0000 usint_ext_mult_0_DP_OP_16J9_122_1390_J9_0_4
poly_fast_split_mult_core/poly_fast_split_mult_kernel/usint_ext_mult_76/add_x_3     33.3900     0.0     33.3900     0.0000     0.0000 usint_ext_mult_0_DW01_add_J9_0_4
poly_fast_split_mult_core/poly_fast_split_mult_kernel/usint_ext_mult_76/mult_x_1    285.0120     0.1    285.0120     0.0000     0.0000 usint_ext_mult_0_DW_mult_uns_J9_0_4
poly_fast_split_mult_core/poly_fast_split_mult_kernel/usint_ext_mult_77    662.5080     0.3     25.3260    90.7200     0.0000 usint_ext_mult_3
poly_fast_split_mult_core/poly_fast_split_mult_kernel/usint_ext_mult_77/DP_OP_16J9_122_1390    228.0600     0.1    228.0600     0.0000     0.0000 usint_ext_mult_0_DP_OP_16J9_122_1390_J9_0_3
poly_fast_split_mult_core/poly_fast_split_mult_kernel/usint_ext_mult_77/add_x_3     33.3900     0.0     33.3900     0.0000     0.0000 usint_ext_mult_0_DW01_add_J9_0_3
poly_fast_split_mult_core/poly_fast_split_mult_kernel/usint_ext_mult_77/mult_x_1    285.0120     0.1    285.0120     0.0000     0.0000 usint_ext_mult_0_DW_mult_uns_J9_0_3
poly_fast_split_mult_core/poly_fast_split_mult_kernel/usint_ext_mult_78    662.5080     0.3     25.3260    90.7200     0.0000 usint_ext_mult_2
poly_fast_split_mult_core/poly_fast_split_mult_kernel/usint_ext_mult_78/DP_OP_16J9_122_1390    228.0600     0.1    228.0600     0.0000     0.0000 usint_ext_mult_0_DP_OP_16J9_122_1390_J9_0_2
poly_fast_split_mult_core/poly_fast_split_mult_kernel/usint_ext_mult_78/add_x_3     33.3900     0.0     33.3900     0.0000     0.0000 usint_ext_mult_0_DW01_add_J9_0_2
poly_fast_split_mult_core/poly_fast_split_mult_kernel/usint_ext_mult_78/mult_x_1    285.0120     0.1    285.0120     0.0000     0.0000 usint_ext_mult_0_DW_mult_uns_J9_0_2
poly_fast_split_mult_core/poly_fast_split_mult_kernel/usint_ext_mult_79    662.5080     0.3     25.3260    90.7200     0.0000 usint_ext_mult_1
poly_fast_split_mult_core/poly_fast_split_mult_kernel/usint_ext_mult_79/DP_OP_16J9_122_1390    228.0600     0.1    228.0600     0.0000     0.0000 usint_ext_mult_0_DP_OP_16J9_122_1390_J9_0_1
poly_fast_split_mult_core/poly_fast_split_mult_kernel/usint_ext_mult_79/add_x_3     33.3900     0.0     33.3900     0.0000     0.0000 usint_ext_mult_0_DW01_add_J9_0_1
poly_fast_split_mult_core/poly_fast_split_mult_kernel/usint_ext_mult_79/mult_x_1    285.0120     0.1    285.0120     0.0000     0.0000 usint_ext_mult_0_DW_mult_uns_J9_0_1
poly_fast_split_mult_core/poly_fast_split_mult_kernel/usint_ext_mult_8    662.5080     0.3     25.3260    90.7200     0.0000 usint_ext_mult_72
poly_fast_split_mult_core/poly_fast_split_mult_kernel/usint_ext_mult_8/DP_OP_16J9_122_1390    228.0600     0.1    228.0600     0.0000     0.0000 usint_ext_mult_0_DP_OP_16J9_122_1390_J9_0_72
poly_fast_split_mult_core/poly_fast_split_mult_kernel/usint_ext_mult_8/add_x_3     33.3900     0.0     33.3900     0.0000     0.0000 usint_ext_mult_0_DW01_add_J9_0_72
poly_fast_split_mult_core/poly_fast_split_mult_kernel/usint_ext_mult_8/mult_x_1    285.0120     0.1    285.0120     0.0000     0.0000 usint_ext_mult_0_DW_mult_uns_J9_0_72
poly_fast_split_mult_core/poly_fast_split_mult_kernel/usint_ext_mult_80    662.5080     0.3     25.3260    90.7200     0.0000 usint_ext_mult_0
poly_fast_split_mult_core/poly_fast_split_mult_kernel/usint_ext_mult_80/DP_OP_16J9_122_1390    228.0600     0.1    228.0600     0.0000     0.0000 usint_ext_mult_0_DP_OP_16J9_122_1390_J9_0_0
poly_fast_split_mult_core/poly_fast_split_mult_kernel/usint_ext_mult_80/add_x_3     33.3900     0.0     33.3900     0.0000     0.0000 usint_ext_mult_0_DW01_add_J9_0_0
poly_fast_split_mult_core/poly_fast_split_mult_kernel/usint_ext_mult_80/mult_x_1    285.0120     0.1    285.0120     0.0000     0.0000 usint_ext_mult_0_DW_mult_uns_J9_0_0
poly_fast_split_mult_core/poly_fast_split_mult_kernel/usint_ext_mult_9    626.9760     0.2     21.1680    90.7200     0.0000 usint_ext_mult_71
poly_fast_split_mult_core/poly_fast_split_mult_kernel/usint_ext_mult_9/DP_OP_16J9_122_1390    196.6860     0.1    196.6860     0.0000     0.0000 usint_ext_mult_0_DP_OP_16J9_122_1390_J9_0_71
poly_fast_split_mult_core/poly_fast_split_mult_kernel/usint_ext_mult_9/add_x_3     33.3900     0.0     33.3900     0.0000     0.0000 usint_ext_mult_0_DW01_add_J9_0_71
poly_fast_split_mult_core/poly_fast_split_mult_kernel/usint_ext_mult_9/mult_x_1    285.0120     0.1    285.0120     0.0000     0.0000 usint_ext_mult_0_DW_mult_uns_J9_0_71
poly_fast_split_mult_core/poly_fast_split_mult_postadd_core  30013.7038    11.9   6437.8440  5311.2777     0.0000 poly_fast_split_mult_postadd_core
poly_fast_split_mult_core/poly_fast_split_mult_postadd_core/DP_OP_1137J2_122_3753     87.5700     0.0     87.5700     0.0000     0.0000 poly_fast_split_mult_postadd_core_DP_OP_1137J2_122_3753_J2_0
poly_fast_split_mult_core/poly_fast_split_mult_postadd_core/DP_OP_1138J2_123_8607     90.3420     0.0     90.3420     0.0000     0.0000 poly_fast_split_mult_postadd_core_DP_OP_1138J2_123_8607_J2_0
poly_fast_split_mult_core/poly_fast_split_mult_postadd_core/DP_OP_1139J2_124_8607     87.3180     0.0     87.3180     0.0000     0.0000 poly_fast_split_mult_postadd_core_DP_OP_1139J2_124_8607_J2_0
poly_fast_split_mult_core/poly_fast_split_mult_postadd_core/DP_OP_1140J2_125_8607     87.3180     0.0     87.3180     0.0000     0.0000 poly_fast_split_mult_postadd_core_DP_OP_1140J2_125_8607_J2_0
poly_fast_split_mult_core/poly_fast_split_mult_postadd_core/DP_OP_1141J2_126_8607     88.8300     0.0     88.8300     0.0000     0.0000 poly_fast_split_mult_postadd_core_DP_OP_1141J2_126_8607_J2_0
poly_fast_split_mult_core/poly_fast_split_mult_postadd_core/DP_OP_1142J2_127_8607     88.3260     0.0     88.3260     0.0000     0.0000 poly_fast_split_mult_postadd_core_DP_OP_1142J2_127_8607_J2_0
poly_fast_split_mult_core/poly_fast_split_mult_postadd_core/DP_OP_1143J2_128_8607     88.3260     0.0     88.3260     0.0000     0.0000 poly_fast_split_mult_postadd_core_DP_OP_1143J2_128_8607_J2_0
poly_fast_split_mult_core/poly_fast_split_mult_postadd_core/DP_OP_1144J2_129_8607     89.3340     0.0     89.3340     0.0000     0.0000 poly_fast_split_mult_postadd_core_DP_OP_1144J2_129_8607_J2_0
poly_fast_split_mult_core/poly_fast_split_mult_postadd_core/DP_OP_1145J2_130_8607     87.8220     0.0     87.8220     0.0000     0.0000 poly_fast_split_mult_postadd_core_DP_OP_1145J2_130_8607_J2_0
poly_fast_split_mult_core/poly_fast_split_mult_postadd_core/DP_OP_1146J2_131_8607     88.8300     0.0     88.8300     0.0000     0.0000 poly_fast_split_mult_postadd_core_DP_OP_1146J2_131_8607_J2_0
poly_fast_split_mult_core/poly_fast_split_mult_postadd_core/DP_OP_1147J2_132_8607     90.8460     0.0     90.8460     0.0000     0.0000 poly_fast_split_mult_postadd_core_DP_OP_1147J2_132_8607_J2_0
poly_fast_split_mult_core/poly_fast_split_mult_postadd_core/DP_OP_1148J2_133_8607     88.3260     0.0     88.3260     0.0000     0.0000 poly_fast_split_mult_postadd_core_DP_OP_1148J2_133_8607_J2_0
poly_fast_split_mult_core/poly_fast_split_mult_postadd_core/DP_OP_1149J2_134_8607     88.3260     0.0     88.3260     0.0000     0.0000 poly_fast_split_mult_postadd_core_DP_OP_1149J2_134_8607_J2_0
poly_fast_split_mult_core/poly_fast_split_mult_postadd_core/DP_OP_1150J2_135_8607     89.8380     0.0     89.8380     0.0000     0.0000 poly_fast_split_mult_postadd_core_DP_OP_1150J2_135_8607_J2_0
poly_fast_split_mult_core/poly_fast_split_mult_postadd_core/DP_OP_1151J2_136_8607     87.8220     0.0     87.8220     0.0000     0.0000 poly_fast_split_mult_postadd_core_DP_OP_1151J2_136_8607_J2_0
poly_fast_split_mult_core/poly_fast_split_mult_postadd_core/DP_OP_1152J2_137_8607     88.3260     0.0     88.3260     0.0000     0.0000 poly_fast_split_mult_postadd_core_DP_OP_1152J2_137_8607_J2_0
poly_fast_split_mult_core/poly_fast_split_mult_postadd_core/DP_OP_1153J2_138_8607     89.8380     0.0     89.8380     0.0000     0.0000 poly_fast_split_mult_postadd_core_DP_OP_1153J2_138_8607_J2_0
poly_fast_split_mult_core/poly_fast_split_mult_postadd_core/DP_OP_1154J2_139_1243    151.5780     0.1    151.5780     0.0000     0.0000 poly_fast_split_mult_postadd_core_DP_OP_1154J2_139_1243_J2_0
poly_fast_split_mult_core/poly_fast_split_mult_postadd_core/DP_OP_1155J2_140_1243    151.8300     0.1    151.8300     0.0000     0.0000 poly_fast_split_mult_postadd_core_DP_OP_1155J2_140_1243_J2_0
poly_fast_split_mult_core/poly_fast_split_mult_postadd_core/DP_OP_1156J2_141_1243    151.8300     0.1    151.8300     0.0000     0.0000 poly_fast_split_mult_postadd_core_DP_OP_1156J2_141_1243_J2_0
poly_fast_split_mult_core/poly_fast_split_mult_postadd_core/DP_OP_1157J2_142_1243    151.8300     0.1    151.8300     0.0000     0.0000 poly_fast_split_mult_postadd_core_DP_OP_1157J2_142_1243_J2_0
poly_fast_split_mult_core/poly_fast_split_mult_postadd_core/DP_OP_1158J2_143_1243    151.8300     0.1    151.8300     0.0000     0.0000 poly_fast_split_mult_postadd_core_DP_OP_1158J2_143_1243_J2_0
poly_fast_split_mult_core/poly_fast_split_mult_postadd_core/DP_OP_1159J2_144_1243    151.5780     0.1    151.5780     0.0000     0.0000 poly_fast_split_mult_postadd_core_DP_OP_1159J2_144_1243_J2_0
poly_fast_split_mult_core/poly_fast_split_mult_postadd_core/DP_OP_1160J2_145_1243    151.5780     0.1    151.5780     0.0000     0.0000 poly_fast_split_mult_postadd_core_DP_OP_1160J2_145_1243_J2_0
poly_fast_split_mult_core/poly_fast_split_mult_postadd_core/DP_OP_1161J2_146_1243    151.5780     0.1    151.5780     0.0000     0.0000 poly_fast_split_mult_postadd_core_DP_OP_1161J2_146_1243_J2_0
poly_fast_split_mult_core/poly_fast_split_mult_postadd_core/DP_OP_1162J2_147_1243    151.5780     0.1    151.5780     0.0000     0.0000 poly_fast_split_mult_postadd_core_DP_OP_1162J2_147_1243_J2_0
poly_fast_split_mult_core/poly_fast_split_mult_postadd_core/DP_OP_1163J2_148_1243    151.8300     0.1    151.8300     0.0000     0.0000 poly_fast_split_mult_postadd_core_DP_OP_1163J2_148_1243_J2_0
poly_fast_split_mult_core/poly_fast_split_mult_postadd_core/DP_OP_1164J2_149_1243    151.8300     0.1    151.8300     0.0000     0.0000 poly_fast_split_mult_postadd_core_DP_OP_1164J2_149_1243_J2_0
poly_fast_split_mult_core/poly_fast_split_mult_postadd_core/DP_OP_1165J2_150_1243    151.8300     0.1    151.8300     0.0000     0.0000 poly_fast_split_mult_postadd_core_DP_OP_1165J2_150_1243_J2_0
poly_fast_split_mult_core/poly_fast_split_mult_postadd_core/DP_OP_1166J2_151_1243    151.8300     0.1    151.8300     0.0000     0.0000 poly_fast_split_mult_postadd_core_DP_OP_1166J2_151_1243_J2_0
poly_fast_split_mult_core/poly_fast_split_mult_postadd_core/DP_OP_1167J2_152_1243    151.5780     0.1    151.5780     0.0000     0.0000 poly_fast_split_mult_postadd_core_DP_OP_1167J2_152_1243_J2_0
poly_fast_split_mult_core/poly_fast_split_mult_postadd_core/DP_OP_1168J2_153_1243    151.5780     0.1    151.5780     0.0000     0.0000 poly_fast_split_mult_postadd_core_DP_OP_1168J2_153_1243_J2_0
poly_fast_split_mult_core/poly_fast_split_mult_postadd_core/DP_OP_1169J2_154_8771    183.4560     0.1    183.4560     0.0000     0.0000 poly_fast_split_mult_postadd_core_DP_OP_1169J2_154_8771_J2_0
poly_fast_split_mult_core/poly_fast_split_mult_postadd_core/DP_OP_1170J2_155_1243    151.5780     0.1    151.5780     0.0000     0.0000 poly_fast_split_mult_postadd_core_DP_OP_1170J2_155_1243_J2_0
poly_fast_split_mult_core/poly_fast_split_mult_postadd_core/DP_OP_1171J2_156_1243    151.5780     0.1    151.5780     0.0000     0.0000 poly_fast_split_mult_postadd_core_DP_OP_1171J2_156_1243_J2_0
poly_fast_split_mult_core/poly_fast_split_mult_postadd_core/DP_OP_1172J2_157_1243    151.5780     0.1    151.5780     0.0000     0.0000 poly_fast_split_mult_postadd_core_DP_OP_1172J2_157_1243_J2_0
poly_fast_split_mult_core/poly_fast_split_mult_postadd_core/DP_OP_1173J2_158_1243    151.5780     0.1    151.5780     0.0000     0.0000 poly_fast_split_mult_postadd_core_DP_OP_1173J2_158_1243_J2_0
poly_fast_split_mult_core/poly_fast_split_mult_postadd_core/DP_OP_1174J2_159_1243    151.8300     0.1    151.8300     0.0000     0.0000 poly_fast_split_mult_postadd_core_DP_OP_1174J2_159_1243_J2_0
poly_fast_split_mult_core/poly_fast_split_mult_postadd_core/DP_OP_1175J2_160_1243    151.5780     0.1    151.5780     0.0000     0.0000 poly_fast_split_mult_postadd_core_DP_OP_1175J2_160_1243_J2_0
poly_fast_split_mult_core/poly_fast_split_mult_postadd_core/DP_OP_1176J2_161_1243    151.5780     0.1    151.5780     0.0000     0.0000 poly_fast_split_mult_postadd_core_DP_OP_1176J2_161_1243_J2_0
poly_fast_split_mult_core/poly_fast_split_mult_postadd_core/DP_OP_1177J2_162_1243    151.5780     0.1    151.5780     0.0000     0.0000 poly_fast_split_mult_postadd_core_DP_OP_1177J2_162_1243_J2_0
poly_fast_split_mult_core/poly_fast_split_mult_postadd_core/DP_OP_1178J2_163_1243    151.5780     0.1    151.5780     0.0000     0.0000 poly_fast_split_mult_postadd_core_DP_OP_1178J2_163_1243_J2_0
poly_fast_split_mult_core/poly_fast_split_mult_postadd_core/DP_OP_1179J2_164_1243    151.5780     0.1    151.5780     0.0000     0.0000 poly_fast_split_mult_postadd_core_DP_OP_1179J2_164_1243_J2_0
poly_fast_split_mult_core/poly_fast_split_mult_postadd_core/DP_OP_1180J2_165_1243    151.5780     0.1    151.5780     0.0000     0.0000 poly_fast_split_mult_postadd_core_DP_OP_1180J2_165_1243_J2_0
poly_fast_split_mult_core/poly_fast_split_mult_postadd_core/DP_OP_1181J2_166_1243    151.5780     0.1    151.5780     0.0000     0.0000 poly_fast_split_mult_postadd_core_DP_OP_1181J2_166_1243_J2_0
poly_fast_split_mult_core/poly_fast_split_mult_postadd_core/DP_OP_1182J2_167_1243    151.5780     0.1    151.5780     0.0000     0.0000 poly_fast_split_mult_postadd_core_DP_OP_1182J2_167_1243_J2_0
poly_fast_split_mult_core/poly_fast_split_mult_postadd_core/DP_OP_1183J2_168_1243    151.5780     0.1    151.5780     0.0000     0.0000 poly_fast_split_mult_postadd_core_DP_OP_1183J2_168_1243_J2_0
poly_fast_split_mult_core/poly_fast_split_mult_postadd_core/DP_OP_1184J2_169_1243    151.5780     0.1    151.5780     0.0000     0.0000 poly_fast_split_mult_postadd_core_DP_OP_1184J2_169_1243_J2_0
poly_fast_split_mult_core/poly_fast_split_mult_postadd_core/DP_OP_1185J2_170_8771    183.9600     0.1    183.9600     0.0000     0.0000 poly_fast_split_mult_postadd_core_DP_OP_1185J2_170_8771_J2_0
poly_fast_split_mult_core/poly_fast_split_mult_postadd_core/DP_OP_1186J2_171_1243    150.5700     0.1    150.5700     0.0000     0.0000 poly_fast_split_mult_postadd_core_DP_OP_1186J2_171_1243_J2_0
poly_fast_split_mult_core/poly_fast_split_mult_postadd_core/DP_OP_1187J2_172_1243    150.5700     0.1    150.5700     0.0000     0.0000 poly_fast_split_mult_postadd_core_DP_OP_1187J2_172_1243_J2_0
poly_fast_split_mult_core/poly_fast_split_mult_postadd_core/DP_OP_1188J2_173_1243    150.5700     0.1    150.5700     0.0000     0.0000 poly_fast_split_mult_postadd_core_DP_OP_1188J2_173_1243_J2_0
poly_fast_split_mult_core/poly_fast_split_mult_postadd_core/DP_OP_1189J2_174_1243    150.5700     0.1    150.5700     0.0000     0.0000 poly_fast_split_mult_postadd_core_DP_OP_1189J2_174_1243_J2_0
poly_fast_split_mult_core/poly_fast_split_mult_postadd_core/DP_OP_1190J2_175_1243    150.5700     0.1    150.5700     0.0000     0.0000 poly_fast_split_mult_postadd_core_DP_OP_1190J2_175_1243_J2_0
poly_fast_split_mult_core/poly_fast_split_mult_postadd_core/DP_OP_1191J2_176_1243    150.5700     0.1    150.5700     0.0000     0.0000 poly_fast_split_mult_postadd_core_DP_OP_1191J2_176_1243_J2_0
poly_fast_split_mult_core/poly_fast_split_mult_postadd_core/DP_OP_1192J2_177_1243    150.5700     0.1    150.5700     0.0000     0.0000 poly_fast_split_mult_postadd_core_DP_OP_1192J2_177_1243_J2_0
poly_fast_split_mult_core/poly_fast_split_mult_postadd_core/DP_OP_1193J2_178_1243    150.5700     0.1    150.5700     0.0000     0.0000 poly_fast_split_mult_postadd_core_DP_OP_1193J2_178_1243_J2_0
poly_fast_split_mult_core/poly_fast_split_mult_postadd_core/DP_OP_1194J2_179_1243    150.5700     0.1    150.5700     0.0000     0.0000 poly_fast_split_mult_postadd_core_DP_OP_1194J2_179_1243_J2_0
poly_fast_split_mult_core/poly_fast_split_mult_postadd_core/DP_OP_1195J2_180_1243    150.5700     0.1    150.5700     0.0000     0.0000 poly_fast_split_mult_postadd_core_DP_OP_1195J2_180_1243_J2_0
poly_fast_split_mult_core/poly_fast_split_mult_postadd_core/DP_OP_1196J2_181_1243    150.5700     0.1    150.5700     0.0000     0.0000 poly_fast_split_mult_postadd_core_DP_OP_1196J2_181_1243_J2_0
poly_fast_split_mult_core/poly_fast_split_mult_postadd_core/DP_OP_1197J2_182_1243    150.5700     0.1    150.5700     0.0000     0.0000 poly_fast_split_mult_postadd_core_DP_OP_1197J2_182_1243_J2_0
poly_fast_split_mult_core/poly_fast_split_mult_postadd_core/DP_OP_1198J2_183_1243    150.5700     0.1    150.5700     0.0000     0.0000 poly_fast_split_mult_postadd_core_DP_OP_1198J2_183_1243_J2_0
poly_fast_split_mult_core/poly_fast_split_mult_postadd_core/DP_OP_1199J2_184_1243    150.5700     0.1    150.5700     0.0000     0.0000 poly_fast_split_mult_postadd_core_DP_OP_1199J2_184_1243_J2_0
poly_fast_split_mult_core/poly_fast_split_mult_postadd_core/DP_OP_1200J2_185_1243    150.5700     0.1    150.5700     0.0000     0.0000 poly_fast_split_mult_postadd_core_DP_OP_1200J2_185_1243_J2_0
poly_fast_split_mult_core/poly_fast_split_mult_postadd_core/DP_OP_1201J2_186_8771    182.0700     0.1    182.0700     0.0000     0.0000 poly_fast_split_mult_postadd_core_DP_OP_1201J2_186_8771_J2_0
poly_fast_split_mult_core/poly_fast_split_mult_postadd_core/DP_OP_1202J2_187_8607     86.3100     0.0     86.3100     0.0000     0.0000 poly_fast_split_mult_postadd_core_DP_OP_1202J2_187_8607_J2_0
poly_fast_split_mult_core/poly_fast_split_mult_postadd_core/DP_OP_1203J2_188_8607     89.8380     0.0     89.8380     0.0000     0.0000 poly_fast_split_mult_postadd_core_DP_OP_1203J2_188_8607_J2_0
poly_fast_split_mult_core/poly_fast_split_mult_postadd_core/DP_OP_1204J2_189_8607     88.3260     0.0     88.3260     0.0000     0.0000 poly_fast_split_mult_postadd_core_DP_OP_1204J2_189_8607_J2_0
poly_fast_split_mult_core/poly_fast_split_mult_postadd_core/DP_OP_1205J2_190_8607     87.3180     0.0     87.3180     0.0000     0.0000 poly_fast_split_mult_postadd_core_DP_OP_1205J2_190_8607_J2_0
poly_fast_split_mult_core/poly_fast_split_mult_postadd_core/DP_OP_1206J2_191_8607     88.3260     0.0     88.3260     0.0000     0.0000 poly_fast_split_mult_postadd_core_DP_OP_1206J2_191_8607_J2_0
poly_fast_split_mult_core/poly_fast_split_mult_postadd_core/DP_OP_1207J2_192_8607     88.8300     0.0     88.8300     0.0000     0.0000 poly_fast_split_mult_postadd_core_DP_OP_1207J2_192_8607_J2_0
poly_fast_split_mult_core/poly_fast_split_mult_postadd_core/DP_OP_1208J2_193_8607     86.8140     0.0     86.8140     0.0000     0.0000 poly_fast_split_mult_postadd_core_DP_OP_1208J2_193_8607_J2_0
poly_fast_split_mult_core/poly_fast_split_mult_postadd_core/DP_OP_1209J2_194_8607     87.8220     0.0     87.8220     0.0000     0.0000 poly_fast_split_mult_postadd_core_DP_OP_1209J2_194_8607_J2_0
poly_fast_split_mult_core/poly_fast_split_mult_postadd_core/DP_OP_1210J2_195_8607     86.8140     0.0     86.8140     0.0000     0.0000 poly_fast_split_mult_postadd_core_DP_OP_1210J2_195_8607_J2_0
poly_fast_split_mult_core/poly_fast_split_mult_postadd_core/DP_OP_1211J2_196_8607     89.3340     0.0     89.3340     0.0000     0.0000 poly_fast_split_mult_postadd_core_DP_OP_1211J2_196_8607_J2_0
poly_fast_split_mult_core/poly_fast_split_mult_postadd_core/DP_OP_1212J2_197_8607     86.3100     0.0     86.3100     0.0000     0.0000 poly_fast_split_mult_postadd_core_DP_OP_1212J2_197_8607_J2_0
poly_fast_split_mult_core/poly_fast_split_mult_postadd_core/DP_OP_1213J2_198_8607     87.8220     0.0     87.8220     0.0000     0.0000 poly_fast_split_mult_postadd_core_DP_OP_1213J2_198_8607_J2_0
poly_fast_split_mult_core/poly_fast_split_mult_postadd_core/DP_OP_1214J2_199_8607     88.8300     0.0     88.8300     0.0000     0.0000 poly_fast_split_mult_postadd_core_DP_OP_1214J2_199_8607_J2_0
poly_fast_split_mult_core/poly_fast_split_mult_postadd_core/DP_OP_1215J2_200_8607     86.3100     0.0     86.3100     0.0000     0.0000 poly_fast_split_mult_postadd_core_DP_OP_1215J2_200_8607_J2_0
poly_fast_split_mult_core/poly_fast_split_mult_postadd_core/DP_OP_1216J2_201_8607     89.3340     0.0     89.3340     0.0000     0.0000 poly_fast_split_mult_postadd_core_DP_OP_1216J2_201_8607_J2_0
poly_fast_split_mult_core/poly_fast_split_mult_postadd_core/DP_OP_1217J2_202_8607     89.8380     0.0     89.8380     0.0000     0.0000 poly_fast_split_mult_postadd_core_DP_OP_1217J2_202_8607_J2_0
poly_fast_split_mult_core/poly_fast_split_mult_postadd_core/DP_OP_1218J2_203_8607     92.3580     0.0     92.3580     0.0000     0.0000 poly_fast_split_mult_postadd_core_DP_OP_1218J2_203_8607_J2_0
poly_fast_split_mult_core/poly_fast_split_mult_postadd_core/DP_OP_1219J2_204_8607     93.3660     0.0     93.3660     0.0000     0.0000 poly_fast_split_mult_postadd_core_DP_OP_1219J2_204_8607_J2_0
poly_fast_split_mult_core/poly_fast_split_mult_postadd_core/DP_OP_1220J2_205_8607     90.8460     0.0     90.8460     0.0000     0.0000 poly_fast_split_mult_postadd_core_DP_OP_1220J2_205_8607_J2_0
poly_fast_split_mult_core/poly_fast_split_mult_postadd_core/DP_OP_1221J2_206_8607     88.8300     0.0     88.8300     0.0000     0.0000 poly_fast_split_mult_postadd_core_DP_OP_1221J2_206_8607_J2_0
poly_fast_split_mult_core/poly_fast_split_mult_postadd_core/DP_OP_1222J2_207_8607     89.8380     0.0     89.8380     0.0000     0.0000 poly_fast_split_mult_postadd_core_DP_OP_1222J2_207_8607_J2_0
poly_fast_split_mult_core/poly_fast_split_mult_postadd_core/DP_OP_1223J2_208_8607     91.3500     0.0     91.3500     0.0000     0.0000 poly_fast_split_mult_postadd_core_DP_OP_1223J2_208_8607_J2_0
poly_fast_split_mult_core/poly_fast_split_mult_postadd_core/DP_OP_1224J2_209_8607     91.8540     0.0     91.8540     0.0000     0.0000 poly_fast_split_mult_postadd_core_DP_OP_1224J2_209_8607_J2_0
poly_fast_split_mult_core/poly_fast_split_mult_postadd_core/DP_OP_1225J2_210_8607     91.8540     0.0     91.8540     0.0000     0.0000 poly_fast_split_mult_postadd_core_DP_OP_1225J2_210_8607_J2_0
poly_fast_split_mult_core/poly_fast_split_mult_postadd_core/DP_OP_1226J2_211_8607     90.8460     0.0     90.8460     0.0000     0.0000 poly_fast_split_mult_postadd_core_DP_OP_1226J2_211_8607_J2_0
poly_fast_split_mult_core/poly_fast_split_mult_postadd_core/DP_OP_1227J2_212_8607     91.3500     0.0     91.3500     0.0000     0.0000 poly_fast_split_mult_postadd_core_DP_OP_1227J2_212_8607_J2_0
poly_fast_split_mult_core/poly_fast_split_mult_postadd_core/DP_OP_1228J2_213_8607     86.3100     0.0     86.3100     0.0000     0.0000 poly_fast_split_mult_postadd_core_DP_OP_1228J2_213_8607_J2_0
poly_fast_split_mult_core/poly_fast_split_mult_postadd_core/DP_OP_1229J2_214_8607     88.8300     0.0     88.8300     0.0000     0.0000 poly_fast_split_mult_postadd_core_DP_OP_1229J2_214_8607_J2_0
poly_fast_split_mult_core/poly_fast_split_mult_postadd_core/DP_OP_1230J2_215_8607     89.8380     0.0     89.8380     0.0000     0.0000 poly_fast_split_mult_postadd_core_DP_OP_1230J2_215_8607_J2_0
poly_fast_split_mult_core/poly_fast_split_mult_postadd_core/DP_OP_1231J2_216_8607     89.3340     0.0     89.3340     0.0000     0.0000 poly_fast_split_mult_postadd_core_DP_OP_1231J2_216_8607_J2_0
poly_fast_split_mult_core/poly_fast_split_mult_postadd_core/DP_OP_1232J2_217_8607     93.3660     0.0     93.3660     0.0000     0.0000 poly_fast_split_mult_postadd_core_DP_OP_1232J2_217_8607_J2_0
poly_fast_split_mult_core/poly_fast_split_mult_postadd_core/add_x_135     50.5260     0.0     50.5260     0.0000     0.0000 poly_fast_split_mult_postadd_core_DW01_add_J2_31
poly_fast_split_mult_core/poly_fast_split_mult_postadd_core/add_x_145     50.5260     0.0     50.5260     0.0000     0.0000 poly_fast_split_mult_postadd_core_DW01_add_J2_30
poly_fast_split_mult_core/poly_fast_split_mult_postadd_core/add_x_155     50.5260     0.0     50.5260     0.0000     0.0000 poly_fast_split_mult_postadd_core_DW01_add_J2_29
poly_fast_split_mult_core/poly_fast_split_mult_postadd_core/add_x_165     50.5260     0.0     50.5260     0.0000     0.0000 poly_fast_split_mult_postadd_core_DW01_add_J2_28
poly_fast_split_mult_core/poly_fast_split_mult_postadd_core/add_x_175     50.5260     0.0     50.5260     0.0000     0.0000 poly_fast_split_mult_postadd_core_DW01_add_J2_27
poly_fast_split_mult_core/poly_fast_split_mult_postadd_core/add_x_18     50.5260     0.0     50.5260     0.0000     0.0000 poly_fast_split_mult_postadd_core_DW01_add_J2_47
poly_fast_split_mult_core/poly_fast_split_mult_postadd_core/add_x_185     50.5260     0.0     50.5260     0.0000     0.0000 poly_fast_split_mult_postadd_core_DW01_add_J2_26
poly_fast_split_mult_core/poly_fast_split_mult_postadd_core/add_x_195     50.5260     0.0     50.5260     0.0000     0.0000 poly_fast_split_mult_postadd_core_DW01_add_J2_25
poly_fast_split_mult_core/poly_fast_split_mult_postadd_core/add_x_205     50.5260     0.0     50.5260     0.0000     0.0000 poly_fast_split_mult_postadd_core_DW01_add_J2_24
poly_fast_split_mult_core/poly_fast_split_mult_postadd_core/add_x_213     50.5260     0.0     50.5260     0.0000     0.0000 poly_fast_split_mult_postadd_core_DW01_add_J2_23
poly_fast_split_mult_core/poly_fast_split_mult_postadd_core/add_x_221     50.5260     0.0     50.5260     0.0000     0.0000 poly_fast_split_mult_postadd_core_DW01_add_J2_22
poly_fast_split_mult_core/poly_fast_split_mult_postadd_core/add_x_229     50.5260     0.0     50.5260     0.0000     0.0000 poly_fast_split_mult_postadd_core_DW01_add_J2_21
poly_fast_split_mult_core/poly_fast_split_mult_postadd_core/add_x_237     50.5260     0.0     50.5260     0.0000     0.0000 poly_fast_split_mult_postadd_core_DW01_add_J2_20
poly_fast_split_mult_core/poly_fast_split_mult_postadd_core/add_x_24     50.5260     0.0     50.5260     0.0000     0.0000 poly_fast_split_mult_postadd_core_DW01_add_J2_46
poly_fast_split_mult_core/poly_fast_split_mult_postadd_core/add_x_245     50.5260     0.0     50.5260     0.0000     0.0000 poly_fast_split_mult_postadd_core_DW01_add_J2_19
poly_fast_split_mult_core/poly_fast_split_mult_postadd_core/add_x_253     50.5260     0.0     50.5260     0.0000     0.0000 poly_fast_split_mult_postadd_core_DW01_add_J2_18
poly_fast_split_mult_core/poly_fast_split_mult_postadd_core/add_x_261     50.5260     0.0     50.5260     0.0000     0.0000 poly_fast_split_mult_postadd_core_DW01_add_J2_17
poly_fast_split_mult_core/poly_fast_split_mult_postadd_core/add_x_269     50.5260     0.0     50.5260     0.0000     0.0000 poly_fast_split_mult_postadd_core_DW01_add_J2_16
poly_fast_split_mult_core/poly_fast_split_mult_postadd_core/add_x_3      9.0720     0.0      9.0720     0.0000     0.0000 poly_fast_split_mult_postadd_core_DW01_inc_J2_0
poly_fast_split_mult_core/poly_fast_split_mult_postadd_core/add_x_30     50.5260     0.0     50.5260     0.0000     0.0000 poly_fast_split_mult_postadd_core_DW01_add_J2_45
poly_fast_split_mult_core/poly_fast_split_mult_postadd_core/add_x_36     50.5260     0.0     50.5260     0.0000     0.0000 poly_fast_split_mult_postadd_core_DW01_add_J2_44
poly_fast_split_mult_core/poly_fast_split_mult_postadd_core/add_x_42     50.5260     0.0     50.5260     0.0000     0.0000 poly_fast_split_mult_postadd_core_DW01_add_J2_43
poly_fast_split_mult_core/poly_fast_split_mult_postadd_core/add_x_433     50.5260     0.0     50.5260     0.0000     0.0000 poly_fast_split_mult_postadd_core_DW01_add_J2_15
poly_fast_split_mult_core/poly_fast_split_mult_postadd_core/add_x_434     50.5260     0.0     50.5260     0.0000     0.0000 poly_fast_split_mult_postadd_core_DW01_add_J2_14
poly_fast_split_mult_core/poly_fast_split_mult_postadd_core/add_x_435     50.5260     0.0     50.5260     0.0000     0.0000 poly_fast_split_mult_postadd_core_DW01_add_J2_13
poly_fast_split_mult_core/poly_fast_split_mult_postadd_core/add_x_436     50.5260     0.0     50.5260     0.0000     0.0000 poly_fast_split_mult_postadd_core_DW01_add_J2_12
poly_fast_split_mult_core/poly_fast_split_mult_postadd_core/add_x_437     50.5260     0.0     50.5260     0.0000     0.0000 poly_fast_split_mult_postadd_core_DW01_add_J2_11
poly_fast_split_mult_core/poly_fast_split_mult_postadd_core/add_x_438     50.5260     0.0     50.5260     0.0000     0.0000 poly_fast_split_mult_postadd_core_DW01_add_J2_10
poly_fast_split_mult_core/poly_fast_split_mult_postadd_core/add_x_439     50.5260     0.0     50.5260     0.0000     0.0000 poly_fast_split_mult_postadd_core_DW01_add_J2_9
poly_fast_split_mult_core/poly_fast_split_mult_postadd_core/add_x_440     50.5260     0.0     50.5260     0.0000     0.0000 poly_fast_split_mult_postadd_core_DW01_add_J2_8
poly_fast_split_mult_core/poly_fast_split_mult_postadd_core/add_x_441     50.5260     0.0     50.5260     0.0000     0.0000 poly_fast_split_mult_postadd_core_DW01_add_J2_7
poly_fast_split_mult_core/poly_fast_split_mult_postadd_core/add_x_442     50.5260     0.0     50.5260     0.0000     0.0000 poly_fast_split_mult_postadd_core_DW01_add_J2_6
poly_fast_split_mult_core/poly_fast_split_mult_postadd_core/add_x_443     50.5260     0.0     50.5260     0.0000     0.0000 poly_fast_split_mult_postadd_core_DW01_add_J2_5
poly_fast_split_mult_core/poly_fast_split_mult_postadd_core/add_x_444     50.5260     0.0     50.5260     0.0000     0.0000 poly_fast_split_mult_postadd_core_DW01_add_J2_4
poly_fast_split_mult_core/poly_fast_split_mult_postadd_core/add_x_445     50.5260     0.0     50.5260     0.0000     0.0000 poly_fast_split_mult_postadd_core_DW01_add_J2_3
poly_fast_split_mult_core/poly_fast_split_mult_postadd_core/add_x_446     50.5260     0.0     50.5260     0.0000     0.0000 poly_fast_split_mult_postadd_core_DW01_add_J2_2
poly_fast_split_mult_core/poly_fast_split_mult_postadd_core/add_x_447     50.5260     0.0     50.5260     0.0000     0.0000 poly_fast_split_mult_postadd_core_DW01_add_J2_1
poly_fast_split_mult_core/poly_fast_split_mult_postadd_core/add_x_448     50.5260     0.0     50.5260     0.0000     0.0000 poly_fast_split_mult_postadd_core_DW01_add_J2_0
poly_fast_split_mult_core/poly_fast_split_mult_postadd_core/add_x_48     50.5260     0.0     50.5260     0.0000     0.0000 poly_fast_split_mult_postadd_core_DW01_add_J2_42
poly_fast_split_mult_core/poly_fast_split_mult_postadd_core/add_x_54     50.5260     0.0     50.5260     0.0000     0.0000 poly_fast_split_mult_postadd_core_DW01_add_J2_41
poly_fast_split_mult_core/poly_fast_split_mult_postadd_core/add_x_60     50.5260     0.0     50.5260     0.0000     0.0000 poly_fast_split_mult_postadd_core_DW01_add_J2_40
poly_fast_split_mult_core/poly_fast_split_mult_postadd_core/add_x_64     50.5260     0.0     50.5260     0.0000     0.0000 poly_fast_split_mult_postadd_core_DW01_add_J2_39
poly_fast_split_mult_core/poly_fast_split_mult_postadd_core/add_x_68     50.5260     0.0     50.5260     0.0000     0.0000 poly_fast_split_mult_postadd_core_DW01_add_J2_38
poly_fast_split_mult_core/poly_fast_split_mult_postadd_core/add_x_72     50.5260     0.0     50.5260     0.0000     0.0000 poly_fast_split_mult_postadd_core_DW01_add_J2_37
poly_fast_split_mult_core/poly_fast_split_mult_postadd_core/add_x_76     50.5260     0.0     50.5260     0.0000     0.0000 poly_fast_split_mult_postadd_core_DW01_add_J2_36
poly_fast_split_mult_core/poly_fast_split_mult_postadd_core/add_x_80     50.5260     0.0     50.5260     0.0000     0.0000 poly_fast_split_mult_postadd_core_DW01_add_J2_35
poly_fast_split_mult_core/poly_fast_split_mult_postadd_core/add_x_84     50.5260     0.0     50.5260     0.0000     0.0000 poly_fast_split_mult_postadd_core_DW01_add_J2_34
poly_fast_split_mult_core/poly_fast_split_mult_postadd_core/add_x_88     50.5260     0.0     50.5260     0.0000     0.0000 poly_fast_split_mult_postadd_core_DW01_add_J2_33
poly_fast_split_mult_core/poly_fast_split_mult_postadd_core/add_x_92     50.5260     0.0     50.5260     0.0000     0.0000 poly_fast_split_mult_postadd_core_DW01_add_J2_32
poly_fast_split_mult_core/poly_fast_split_mult_postadd_core/clk_gate_cntl_ctr_2_reg      1.8900     0.0      0.0000     1.8900     0.0000 SNPS_CLOCK_GATE_HIGH_poly_fast_split_mult_postadd_core_0
poly_fast_split_mult_core/poly_fast_split_mult_postadd_core/clk_gate_pipe_ctr_reg      1.8900     0.0      0.0000     1.8900     0.0000 SNPS_CLOCK_GATE_HIGH_poly_fast_split_mult_postadd_core_7
poly_fast_split_mult_core/poly_fast_split_mult_postadd_core/clk_gate_postadd_l0_regf_0_0_reg      1.8900     0.0      0.0000     1.8900     0.0000 SNPS_CLOCK_GATE_HIGH_poly_fast_split_mult_postadd_core_6
poly_fast_split_mult_core/poly_fast_split_mult_postadd_core/clk_gate_postadd_l0_regf_1_0_reg      1.8900     0.0      0.0000     1.8900     0.0000 SNPS_CLOCK_GATE_HIGH_poly_fast_split_mult_postadd_core_5
poly_fast_split_mult_core/poly_fast_split_mult_postadd_core/clk_gate_postadd_l1_regf_0_0_reg      1.8900     0.0      0.0000     1.8900     0.0000 SNPS_CLOCK_GATE_HIGH_poly_fast_split_mult_postadd_core_4
poly_fast_split_mult_core/poly_fast_split_mult_postadd_core/clk_gate_postadd_l1_regf_1_0_reg      1.8900     0.0      0.0000     1.8900     0.0000 SNPS_CLOCK_GATE_HIGH_poly_fast_split_mult_postadd_core_3
poly_fast_split_mult_core/poly_fast_split_mult_postadd_core/clk_gate_postadd_l1_regf_2_0_reg      1.8900     0.0      0.0000     1.8900     0.0000 SNPS_CLOCK_GATE_HIGH_poly_fast_split_mult_postadd_core_2
poly_fast_split_mult_core/poly_fast_split_mult_postadd_core/clk_gate_postadd_l1_regf_3_0_reg      1.8900     0.0      0.0000     1.8900     0.0000 SNPS_CLOCK_GATE_HIGH_poly_fast_split_mult_postadd_core_1
poly_fast_split_mult_core/poly_fast_split_mult_postadd_core/sub_x_134     41.7060     0.0     41.7060     0.0000     0.0000 poly_fast_split_mult_postadd_core_DW01_sub_J2_1
poly_fast_split_mult_core/poly_fast_split_mult_postadd_core/sub_x_450     41.5800     0.0     41.5800     0.0000     0.0000 poly_fast_split_mult_postadd_core_DW01_sub_J2_0
poly_fast_split_mult_core/poly_fast_split_mult_postadd_core/uint_reorder      1.3860     0.0      0.5040     0.0000     0.0000 uint_reorder
poly_fast_split_mult_core/poly_fast_split_mult_postadd_core/uint_reorder/unordered_mux1h      0.8820     0.0      0.8820     0.0000     0.0000 unordered_mux1h
poly_fast_split_mult_core/poly_fast_split_mult_postadd_core/uint_reorder_1      3.6540     0.0      1.1340     0.0000     0.0000 uint_reorder_1
poly_fast_split_mult_core/poly_fast_split_mult_postadd_core/uint_reorder_1/unordered_mux1h      2.5200     0.0      2.5200     0.0000     0.0000 unordered_mux1h_49
poly_fast_split_mult_core/poly_fast_split_mult_postadd_core/uint_reorder_2      6.8040     0.0      2.5200     0.0000     0.0000 uint_reorder_2
poly_fast_split_mult_core/poly_fast_split_mult_postadd_core/uint_reorder_2/unordered_mux1h      4.2840     0.0      4.2840     0.0000     0.0000 unordered_mux1h_98
poly_fast_split_mult_core/poly_fast_split_mult_postadd_core/uint_reorder_3      9.5760     0.0      3.4020     0.0000     0.0000 uint_reorder_3
poly_fast_split_mult_core/poly_fast_split_mult_postadd_core/uint_reorder_3/unordered_mux1h      6.1740     0.0      6.1740     0.0000     0.0000 unordered_mux1h_147
poly_fast_split_mult_core/poly_fast_split_mult_postadd_core/uint_reorder_4     12.8520     0.0      3.9060     0.0000     0.0000 uint_reorder_4
poly_fast_split_mult_core/poly_fast_split_mult_postadd_core/uint_reorder_4/unordered_mux1h      8.9460     0.0      8.9460     0.0000     0.0000 unordered_mux1h_196
poly_fast_split_mult_core/poly_fast_split_mult_postadd_core/unordered_mux1h     21.1680     0.0     21.1680     0.0000     0.0000 unordered_mux1h_1_191
poly_fast_split_mult_core/poly_fast_split_mult_postadd_core/unordered_mux1h_1     21.1680     0.0     21.1680     0.0000     0.0000 unordered_mux1h_1_190
poly_fast_split_mult_core/poly_fast_split_mult_postadd_core/unordered_mux1h_10     21.1680     0.0     21.1680     0.0000     0.0000 unordered_mux1h_1_181
poly_fast_split_mult_core/poly_fast_split_mult_postadd_core/unordered_mux1h_100     21.1680     0.0     21.1680     0.0000     0.0000 unordered_mux1h_1_91
poly_fast_split_mult_core/poly_fast_split_mult_postadd_core/unordered_mux1h_101     21.1680     0.0     21.1680     0.0000     0.0000 unordered_mux1h_1_90
poly_fast_split_mult_core/poly_fast_split_mult_postadd_core/unordered_mux1h_102     21.1680     0.0     21.1680     0.0000     0.0000 unordered_mux1h_1_89
poly_fast_split_mult_core/poly_fast_split_mult_postadd_core/unordered_mux1h_103     21.1680     0.0     21.1680     0.0000     0.0000 unordered_mux1h_1_88
poly_fast_split_mult_core/poly_fast_split_mult_postadd_core/unordered_mux1h_104     21.1680     0.0     21.1680     0.0000     0.0000 unordered_mux1h_1_87
poly_fast_split_mult_core/poly_fast_split_mult_postadd_core/unordered_mux1h_105     21.1680     0.0     21.1680     0.0000     0.0000 unordered_mux1h_1_86
poly_fast_split_mult_core/poly_fast_split_mult_postadd_core/unordered_mux1h_106     21.1680     0.0     21.1680     0.0000     0.0000 unordered_mux1h_1_85
poly_fast_split_mult_core/poly_fast_split_mult_postadd_core/unordered_mux1h_107     21.1680     0.0     21.1680     0.0000     0.0000 unordered_mux1h_1_84
poly_fast_split_mult_core/poly_fast_split_mult_postadd_core/unordered_mux1h_108     21.1680     0.0     21.1680     0.0000     0.0000 unordered_mux1h_1_83
poly_fast_split_mult_core/poly_fast_split_mult_postadd_core/unordered_mux1h_109     21.1680     0.0     21.1680     0.0000     0.0000 unordered_mux1h_1_82
poly_fast_split_mult_core/poly_fast_split_mult_postadd_core/unordered_mux1h_11     21.1680     0.0     21.1680     0.0000     0.0000 unordered_mux1h_1_180
poly_fast_split_mult_core/poly_fast_split_mult_postadd_core/unordered_mux1h_110     21.1680     0.0     21.1680     0.0000     0.0000 unordered_mux1h_1_81
poly_fast_split_mult_core/poly_fast_split_mult_postadd_core/unordered_mux1h_111     21.1680     0.0     21.1680     0.0000     0.0000 unordered_mux1h_1_80
poly_fast_split_mult_core/poly_fast_split_mult_postadd_core/unordered_mux1h_112     21.1680     0.0     21.1680     0.0000     0.0000 unordered_mux1h_1_79
poly_fast_split_mult_core/poly_fast_split_mult_postadd_core/unordered_mux1h_113     21.1680     0.0     21.1680     0.0000     0.0000 unordered_mux1h_1_78
poly_fast_split_mult_core/poly_fast_split_mult_postadd_core/unordered_mux1h_114     21.1680     0.0     21.1680     0.0000     0.0000 unordered_mux1h_1_77
poly_fast_split_mult_core/poly_fast_split_mult_postadd_core/unordered_mux1h_115     21.1680     0.0     21.1680     0.0000     0.0000 unordered_mux1h_1_76
poly_fast_split_mult_core/poly_fast_split_mult_postadd_core/unordered_mux1h_116     21.1680     0.0     21.1680     0.0000     0.0000 unordered_mux1h_1_75
poly_fast_split_mult_core/poly_fast_split_mult_postadd_core/unordered_mux1h_117     21.1680     0.0     21.1680     0.0000     0.0000 unordered_mux1h_1_74
poly_fast_split_mult_core/poly_fast_split_mult_postadd_core/unordered_mux1h_118     21.1680     0.0     21.1680     0.0000     0.0000 unordered_mux1h_1_73
poly_fast_split_mult_core/poly_fast_split_mult_postadd_core/unordered_mux1h_119     21.1680     0.0     21.1680     0.0000     0.0000 unordered_mux1h_1_72
poly_fast_split_mult_core/poly_fast_split_mult_postadd_core/unordered_mux1h_12     21.1680     0.0     21.1680     0.0000     0.0000 unordered_mux1h_1_179
poly_fast_split_mult_core/poly_fast_split_mult_postadd_core/unordered_mux1h_120     21.1680     0.0     21.1680     0.0000     0.0000 unordered_mux1h_1_71
poly_fast_split_mult_core/poly_fast_split_mult_postadd_core/unordered_mux1h_121     21.1680     0.0     21.1680     0.0000     0.0000 unordered_mux1h_1_70
poly_fast_split_mult_core/poly_fast_split_mult_postadd_core/unordered_mux1h_122     21.1680     0.0     21.1680     0.0000     0.0000 unordered_mux1h_1_69
poly_fast_split_mult_core/poly_fast_split_mult_postadd_core/unordered_mux1h_123     21.1680     0.0     21.1680     0.0000     0.0000 unordered_mux1h_1_68
poly_fast_split_mult_core/poly_fast_split_mult_postadd_core/unordered_mux1h_124     21.1680     0.0     21.1680     0.0000     0.0000 unordered_mux1h_1_67
poly_fast_split_mult_core/poly_fast_split_mult_postadd_core/unordered_mux1h_125     21.1680     0.0     21.1680     0.0000     0.0000 unordered_mux1h_1_66
poly_fast_split_mult_core/poly_fast_split_mult_postadd_core/unordered_mux1h_126     21.1680     0.0     21.1680     0.0000     0.0000 unordered_mux1h_1_65
poly_fast_split_mult_core/poly_fast_split_mult_postadd_core/unordered_mux1h_127     21.1680     0.0     21.1680     0.0000     0.0000 unordered_mux1h_1_64
poly_fast_split_mult_core/poly_fast_split_mult_postadd_core/unordered_mux1h_128     21.1680     0.0     21.1680     0.0000     0.0000 unordered_mux1h_1_63
poly_fast_split_mult_core/poly_fast_split_mult_postadd_core/unordered_mux1h_129     21.1680     0.0     21.1680     0.0000     0.0000 unordered_mux1h_1_62
poly_fast_split_mult_core/poly_fast_split_mult_postadd_core/unordered_mux1h_13     21.1680     0.0     21.1680     0.0000     0.0000 unordered_mux1h_1_178
poly_fast_split_mult_core/poly_fast_split_mult_postadd_core/unordered_mux1h_130     21.1680     0.0     21.1680     0.0000     0.0000 unordered_mux1h_1_61
poly_fast_split_mult_core/poly_fast_split_mult_postadd_core/unordered_mux1h_131     21.1680     0.0     21.1680     0.0000     0.0000 unordered_mux1h_1_60
poly_fast_split_mult_core/poly_fast_split_mult_postadd_core/unordered_mux1h_132     21.1680     0.0     21.1680     0.0000     0.0000 unordered_mux1h_1_59
poly_fast_split_mult_core/poly_fast_split_mult_postadd_core/unordered_mux1h_133     21.1680     0.0     21.1680     0.0000     0.0000 unordered_mux1h_1_58
poly_fast_split_mult_core/poly_fast_split_mult_postadd_core/unordered_mux1h_134     21.1680     0.0     21.1680     0.0000     0.0000 unordered_mux1h_1_57
poly_fast_split_mult_core/poly_fast_split_mult_postadd_core/unordered_mux1h_135     21.1680     0.0     21.1680     0.0000     0.0000 unordered_mux1h_1_56
poly_fast_split_mult_core/poly_fast_split_mult_postadd_core/unordered_mux1h_136     21.1680     0.0     21.1680     0.0000     0.0000 unordered_mux1h_1_55
poly_fast_split_mult_core/poly_fast_split_mult_postadd_core/unordered_mux1h_137     21.1680     0.0     21.1680     0.0000     0.0000 unordered_mux1h_1_54
poly_fast_split_mult_core/poly_fast_split_mult_postadd_core/unordered_mux1h_138     21.1680     0.0     21.1680     0.0000     0.0000 unordered_mux1h_1_53
poly_fast_split_mult_core/poly_fast_split_mult_postadd_core/unordered_mux1h_139     21.1680     0.0     21.1680     0.0000     0.0000 unordered_mux1h_1_52
poly_fast_split_mult_core/poly_fast_split_mult_postadd_core/unordered_mux1h_14     21.1680     0.0     21.1680     0.0000     0.0000 unordered_mux1h_1_177
poly_fast_split_mult_core/poly_fast_split_mult_postadd_core/unordered_mux1h_140     21.1680     0.0     21.1680     0.0000     0.0000 unordered_mux1h_1_51
poly_fast_split_mult_core/poly_fast_split_mult_postadd_core/unordered_mux1h_141     21.1680     0.0     21.1680     0.0000     0.0000 unordered_mux1h_1_50
poly_fast_split_mult_core/poly_fast_split_mult_postadd_core/unordered_mux1h_142     21.1680     0.0     21.1680     0.0000     0.0000 unordered_mux1h_1_49
poly_fast_split_mult_core/poly_fast_split_mult_postadd_core/unordered_mux1h_143     21.1680     0.0     21.1680     0.0000     0.0000 unordered_mux1h_1_48
poly_fast_split_mult_core/poly_fast_split_mult_postadd_core/unordered_mux1h_144     21.1680     0.0     21.1680     0.0000     0.0000 unordered_mux1h_1_47
poly_fast_split_mult_core/poly_fast_split_mult_postadd_core/unordered_mux1h_145     21.1680     0.0     21.1680     0.0000     0.0000 unordered_mux1h_1_46
poly_fast_split_mult_core/poly_fast_split_mult_postadd_core/unordered_mux1h_146     21.1680     0.0     21.1680     0.0000     0.0000 unordered_mux1h_1_45
poly_fast_split_mult_core/poly_fast_split_mult_postadd_core/unordered_mux1h_147     21.1680     0.0     21.1680     0.0000     0.0000 unordered_mux1h_1_44
poly_fast_split_mult_core/poly_fast_split_mult_postadd_core/unordered_mux1h_148     21.1680     0.0     21.1680     0.0000     0.0000 unordered_mux1h_1_43
poly_fast_split_mult_core/poly_fast_split_mult_postadd_core/unordered_mux1h_149     21.1680     0.0     21.1680     0.0000     0.0000 unordered_mux1h_1_42
poly_fast_split_mult_core/poly_fast_split_mult_postadd_core/unordered_mux1h_15     21.1680     0.0     21.1680     0.0000     0.0000 unordered_mux1h_1_176
poly_fast_split_mult_core/poly_fast_split_mult_postadd_core/unordered_mux1h_150     21.1680     0.0     21.1680     0.0000     0.0000 unordered_mux1h_1_41
poly_fast_split_mult_core/poly_fast_split_mult_postadd_core/unordered_mux1h_151     21.1680     0.0     21.1680     0.0000     0.0000 unordered_mux1h_1_40
poly_fast_split_mult_core/poly_fast_split_mult_postadd_core/unordered_mux1h_152     21.1680     0.0     21.1680     0.0000     0.0000 unordered_mux1h_1_39
poly_fast_split_mult_core/poly_fast_split_mult_postadd_core/unordered_mux1h_153     21.1680     0.0     21.1680     0.0000     0.0000 unordered_mux1h_1_38
poly_fast_split_mult_core/poly_fast_split_mult_postadd_core/unordered_mux1h_154     21.1680     0.0     21.1680     0.0000     0.0000 unordered_mux1h_1_37
poly_fast_split_mult_core/poly_fast_split_mult_postadd_core/unordered_mux1h_155     21.1680     0.0     21.1680     0.0000     0.0000 unordered_mux1h_1_36
poly_fast_split_mult_core/poly_fast_split_mult_postadd_core/unordered_mux1h_156     21.1680     0.0     21.1680     0.0000     0.0000 unordered_mux1h_1_35
poly_fast_split_mult_core/poly_fast_split_mult_postadd_core/unordered_mux1h_157     21.1680     0.0     21.1680     0.0000     0.0000 unordered_mux1h_1_34
poly_fast_split_mult_core/poly_fast_split_mult_postadd_core/unordered_mux1h_158     21.1680     0.0     21.1680     0.0000     0.0000 unordered_mux1h_1_33
poly_fast_split_mult_core/poly_fast_split_mult_postadd_core/unordered_mux1h_159     21.1680     0.0     21.1680     0.0000     0.0000 unordered_mux1h_1_32
poly_fast_split_mult_core/poly_fast_split_mult_postadd_core/unordered_mux1h_16     21.1680     0.0     21.1680     0.0000     0.0000 unordered_mux1h_1_175
poly_fast_split_mult_core/poly_fast_split_mult_postadd_core/unordered_mux1h_160     21.1680     0.0     21.1680     0.0000     0.0000 unordered_mux1h_1_31
poly_fast_split_mult_core/poly_fast_split_mult_postadd_core/unordered_mux1h_161     21.1680     0.0     21.1680     0.0000     0.0000 unordered_mux1h_1_30
poly_fast_split_mult_core/poly_fast_split_mult_postadd_core/unordered_mux1h_162     21.1680     0.0     21.1680     0.0000     0.0000 unordered_mux1h_1_29
poly_fast_split_mult_core/poly_fast_split_mult_postadd_core/unordered_mux1h_163     21.1680     0.0     21.1680     0.0000     0.0000 unordered_mux1h_1_28
poly_fast_split_mult_core/poly_fast_split_mult_postadd_core/unordered_mux1h_164     21.1680     0.0     21.1680     0.0000     0.0000 unordered_mux1h_1_27
poly_fast_split_mult_core/poly_fast_split_mult_postadd_core/unordered_mux1h_165     21.1680     0.0     21.1680     0.0000     0.0000 unordered_mux1h_1_26
poly_fast_split_mult_core/poly_fast_split_mult_postadd_core/unordered_mux1h_166     21.1680     0.0     21.1680     0.0000     0.0000 unordered_mux1h_1_25
poly_fast_split_mult_core/poly_fast_split_mult_postadd_core/unordered_mux1h_167     21.1680     0.0     21.1680     0.0000     0.0000 unordered_mux1h_1_24
poly_fast_split_mult_core/poly_fast_split_mult_postadd_core/unordered_mux1h_168     21.1680     0.0     21.1680     0.0000     0.0000 unordered_mux1h_1_23
poly_fast_split_mult_core/poly_fast_split_mult_postadd_core/unordered_mux1h_169     21.1680     0.0     21.1680     0.0000     0.0000 unordered_mux1h_1_22
poly_fast_split_mult_core/poly_fast_split_mult_postadd_core/unordered_mux1h_17     21.1680     0.0     21.1680     0.0000     0.0000 unordered_mux1h_1_174
poly_fast_split_mult_core/poly_fast_split_mult_postadd_core/unordered_mux1h_170     21.1680     0.0     21.1680     0.0000     0.0000 unordered_mux1h_1_21
poly_fast_split_mult_core/poly_fast_split_mult_postadd_core/unordered_mux1h_171     21.1680     0.0     21.1680     0.0000     0.0000 unordered_mux1h_1_20
poly_fast_split_mult_core/poly_fast_split_mult_postadd_core/unordered_mux1h_172     21.1680     0.0     21.1680     0.0000     0.0000 unordered_mux1h_1_19
poly_fast_split_mult_core/poly_fast_split_mult_postadd_core/unordered_mux1h_173     21.1680     0.0     21.1680     0.0000     0.0000 unordered_mux1h_1_18
poly_fast_split_mult_core/poly_fast_split_mult_postadd_core/unordered_mux1h_174     21.1680     0.0     21.1680     0.0000     0.0000 unordered_mux1h_1_17
poly_fast_split_mult_core/poly_fast_split_mult_postadd_core/unordered_mux1h_175     21.1680     0.0     21.1680     0.0000     0.0000 unordered_mux1h_1_16
poly_fast_split_mult_core/poly_fast_split_mult_postadd_core/unordered_mux1h_176     21.1680     0.0     21.1680     0.0000     0.0000 unordered_mux1h_1_15
poly_fast_split_mult_core/poly_fast_split_mult_postadd_core/unordered_mux1h_177     21.1680     0.0     21.1680     0.0000     0.0000 unordered_mux1h_1_14
poly_fast_split_mult_core/poly_fast_split_mult_postadd_core/unordered_mux1h_178     21.1680     0.0     21.1680     0.0000     0.0000 unordered_mux1h_1_13
poly_fast_split_mult_core/poly_fast_split_mult_postadd_core/unordered_mux1h_179     21.1680     0.0     21.1680     0.0000     0.0000 unordered_mux1h_1_12
poly_fast_split_mult_core/poly_fast_split_mult_postadd_core/unordered_mux1h_18     21.1680     0.0     21.1680     0.0000     0.0000 unordered_mux1h_1_173
poly_fast_split_mult_core/poly_fast_split_mult_postadd_core/unordered_mux1h_180     21.1680     0.0     21.1680     0.0000     0.0000 unordered_mux1h_1_11
poly_fast_split_mult_core/poly_fast_split_mult_postadd_core/unordered_mux1h_181     21.1680     0.0     21.1680     0.0000     0.0000 unordered_mux1h_1_10
poly_fast_split_mult_core/poly_fast_split_mult_postadd_core/unordered_mux1h_182     21.1680     0.0     21.1680     0.0000     0.0000 unordered_mux1h_1_9
poly_fast_split_mult_core/poly_fast_split_mult_postadd_core/unordered_mux1h_183     21.1680     0.0     21.1680     0.0000     0.0000 unordered_mux1h_1_8
poly_fast_split_mult_core/poly_fast_split_mult_postadd_core/unordered_mux1h_184     21.1680     0.0     21.1680     0.0000     0.0000 unordered_mux1h_1_7
poly_fast_split_mult_core/poly_fast_split_mult_postadd_core/unordered_mux1h_185     21.1680     0.0     21.1680     0.0000     0.0000 unordered_mux1h_1_6
poly_fast_split_mult_core/poly_fast_split_mult_postadd_core/unordered_mux1h_186     21.1680     0.0     21.1680     0.0000     0.0000 unordered_mux1h_1_5
poly_fast_split_mult_core/poly_fast_split_mult_postadd_core/unordered_mux1h_187     21.1680     0.0     21.1680     0.0000     0.0000 unordered_mux1h_1_4
poly_fast_split_mult_core/poly_fast_split_mult_postadd_core/unordered_mux1h_188     21.1680     0.0     21.1680     0.0000     0.0000 unordered_mux1h_1_3
poly_fast_split_mult_core/poly_fast_split_mult_postadd_core/unordered_mux1h_189     21.1680     0.0     21.1680     0.0000     0.0000 unordered_mux1h_1_2
poly_fast_split_mult_core/poly_fast_split_mult_postadd_core/unordered_mux1h_19     21.1680     0.0     21.1680     0.0000     0.0000 unordered_mux1h_1_172
poly_fast_split_mult_core/poly_fast_split_mult_postadd_core/unordered_mux1h_190     21.1680     0.0     21.1680     0.0000     0.0000 unordered_mux1h_1_1
poly_fast_split_mult_core/poly_fast_split_mult_postadd_core/unordered_mux1h_191     21.1680     0.0     21.1680     0.0000     0.0000 unordered_mux1h_1_0
poly_fast_split_mult_core/poly_fast_split_mult_postadd_core/unordered_mux1h_2     21.1680     0.0     21.1680     0.0000     0.0000 unordered_mux1h_1_189
poly_fast_split_mult_core/poly_fast_split_mult_postadd_core/unordered_mux1h_20     21.1680     0.0     21.1680     0.0000     0.0000 unordered_mux1h_1_171
poly_fast_split_mult_core/poly_fast_split_mult_postadd_core/unordered_mux1h_21     21.1680     0.0     21.1680     0.0000     0.0000 unordered_mux1h_1_170
poly_fast_split_mult_core/poly_fast_split_mult_postadd_core/unordered_mux1h_22     21.1680     0.0     21.1680     0.0000     0.0000 unordered_mux1h_1_169
poly_fast_split_mult_core/poly_fast_split_mult_postadd_core/unordered_mux1h_23     21.1680     0.0     21.1680     0.0000     0.0000 unordered_mux1h_1_168
poly_fast_split_mult_core/poly_fast_split_mult_postadd_core/unordered_mux1h_24     21.1680     0.0     21.1680     0.0000     0.0000 unordered_mux1h_1_167
poly_fast_split_mult_core/poly_fast_split_mult_postadd_core/unordered_mux1h_25     21.1680     0.0     21.1680     0.0000     0.0000 unordered_mux1h_1_166
poly_fast_split_mult_core/poly_fast_split_mult_postadd_core/unordered_mux1h_26     21.1680     0.0     21.1680     0.0000     0.0000 unordered_mux1h_1_165
poly_fast_split_mult_core/poly_fast_split_mult_postadd_core/unordered_mux1h_27     21.1680     0.0     21.1680     0.0000     0.0000 unordered_mux1h_1_164
poly_fast_split_mult_core/poly_fast_split_mult_postadd_core/unordered_mux1h_28     21.1680     0.0     21.1680     0.0000     0.0000 unordered_mux1h_1_163
poly_fast_split_mult_core/poly_fast_split_mult_postadd_core/unordered_mux1h_29     21.1680     0.0     21.1680     0.0000     0.0000 unordered_mux1h_1_162
poly_fast_split_mult_core/poly_fast_split_mult_postadd_core/unordered_mux1h_3     21.1680     0.0     21.1680     0.0000     0.0000 unordered_mux1h_1_188
poly_fast_split_mult_core/poly_fast_split_mult_postadd_core/unordered_mux1h_30     21.1680     0.0     21.1680     0.0000     0.0000 unordered_mux1h_1_161
poly_fast_split_mult_core/poly_fast_split_mult_postadd_core/unordered_mux1h_31     21.1680     0.0     21.1680     0.0000     0.0000 unordered_mux1h_1_160
poly_fast_split_mult_core/poly_fast_split_mult_postadd_core/unordered_mux1h_32     21.1680     0.0     21.1680     0.0000     0.0000 unordered_mux1h_1_159
poly_fast_split_mult_core/poly_fast_split_mult_postadd_core/unordered_mux1h_33     21.1680     0.0     21.1680     0.0000     0.0000 unordered_mux1h_1_158
poly_fast_split_mult_core/poly_fast_split_mult_postadd_core/unordered_mux1h_34     21.1680     0.0     21.1680     0.0000     0.0000 unordered_mux1h_1_157
poly_fast_split_mult_core/poly_fast_split_mult_postadd_core/unordered_mux1h_35     21.1680     0.0     21.1680     0.0000     0.0000 unordered_mux1h_1_156
poly_fast_split_mult_core/poly_fast_split_mult_postadd_core/unordered_mux1h_36     21.1680     0.0     21.1680     0.0000     0.0000 unordered_mux1h_1_155
poly_fast_split_mult_core/poly_fast_split_mult_postadd_core/unordered_mux1h_37     21.1680     0.0     21.1680     0.0000     0.0000 unordered_mux1h_1_154
poly_fast_split_mult_core/poly_fast_split_mult_postadd_core/unordered_mux1h_38     21.1680     0.0     21.1680     0.0000     0.0000 unordered_mux1h_1_153
poly_fast_split_mult_core/poly_fast_split_mult_postadd_core/unordered_mux1h_39     21.1680     0.0     21.1680     0.0000     0.0000 unordered_mux1h_1_152
poly_fast_split_mult_core/poly_fast_split_mult_postadd_core/unordered_mux1h_4     21.1680     0.0     21.1680     0.0000     0.0000 unordered_mux1h_1_187
poly_fast_split_mult_core/poly_fast_split_mult_postadd_core/unordered_mux1h_40     21.1680     0.0     21.1680     0.0000     0.0000 unordered_mux1h_1_151
poly_fast_split_mult_core/poly_fast_split_mult_postadd_core/unordered_mux1h_41     21.1680     0.0     21.1680     0.0000     0.0000 unordered_mux1h_1_150
poly_fast_split_mult_core/poly_fast_split_mult_postadd_core/unordered_mux1h_42     21.1680     0.0     21.1680     0.0000     0.0000 unordered_mux1h_1_149
poly_fast_split_mult_core/poly_fast_split_mult_postadd_core/unordered_mux1h_43     21.1680     0.0     21.1680     0.0000     0.0000 unordered_mux1h_1_148
poly_fast_split_mult_core/poly_fast_split_mult_postadd_core/unordered_mux1h_44     21.1680     0.0     21.1680     0.0000     0.0000 unordered_mux1h_1_147
poly_fast_split_mult_core/poly_fast_split_mult_postadd_core/unordered_mux1h_45     21.1680     0.0     21.1680     0.0000     0.0000 unordered_mux1h_1_146
poly_fast_split_mult_core/poly_fast_split_mult_postadd_core/unordered_mux1h_46     21.1680     0.0     21.1680     0.0000     0.0000 unordered_mux1h_1_145
poly_fast_split_mult_core/poly_fast_split_mult_postadd_core/unordered_mux1h_47     21.1680     0.0     21.1680     0.0000     0.0000 unordered_mux1h_1_144
poly_fast_split_mult_core/poly_fast_split_mult_postadd_core/unordered_mux1h_48     21.1680     0.0     21.1680     0.0000     0.0000 unordered_mux1h_1_143
poly_fast_split_mult_core/poly_fast_split_mult_postadd_core/unordered_mux1h_49     21.1680     0.0     21.1680     0.0000     0.0000 unordered_mux1h_1_142
poly_fast_split_mult_core/poly_fast_split_mult_postadd_core/unordered_mux1h_5     21.1680     0.0     21.1680     0.0000     0.0000 unordered_mux1h_1_186
poly_fast_split_mult_core/poly_fast_split_mult_postadd_core/unordered_mux1h_50     21.1680     0.0     21.1680     0.0000     0.0000 unordered_mux1h_1_141
poly_fast_split_mult_core/poly_fast_split_mult_postadd_core/unordered_mux1h_51     21.1680     0.0     21.1680     0.0000     0.0000 unordered_mux1h_1_140
poly_fast_split_mult_core/poly_fast_split_mult_postadd_core/unordered_mux1h_52     21.1680     0.0     21.1680     0.0000     0.0000 unordered_mux1h_1_139
poly_fast_split_mult_core/poly_fast_split_mult_postadd_core/unordered_mux1h_53     21.1680     0.0     21.1680     0.0000     0.0000 unordered_mux1h_1_138
poly_fast_split_mult_core/poly_fast_split_mult_postadd_core/unordered_mux1h_54     21.1680     0.0     21.1680     0.0000     0.0000 unordered_mux1h_1_137
poly_fast_split_mult_core/poly_fast_split_mult_postadd_core/unordered_mux1h_55     21.1680     0.0     21.1680     0.0000     0.0000 unordered_mux1h_1_136
poly_fast_split_mult_core/poly_fast_split_mult_postadd_core/unordered_mux1h_56     21.1680     0.0     21.1680     0.0000     0.0000 unordered_mux1h_1_135
poly_fast_split_mult_core/poly_fast_split_mult_postadd_core/unordered_mux1h_57     21.1680     0.0     21.1680     0.0000     0.0000 unordered_mux1h_1_134
poly_fast_split_mult_core/poly_fast_split_mult_postadd_core/unordered_mux1h_58     21.1680     0.0     21.1680     0.0000     0.0000 unordered_mux1h_1_133
poly_fast_split_mult_core/poly_fast_split_mult_postadd_core/unordered_mux1h_59     21.1680     0.0     21.1680     0.0000     0.0000 unordered_mux1h_1_132
poly_fast_split_mult_core/poly_fast_split_mult_postadd_core/unordered_mux1h_6     21.1680     0.0     21.1680     0.0000     0.0000 unordered_mux1h_1_185
poly_fast_split_mult_core/poly_fast_split_mult_postadd_core/unordered_mux1h_60     21.1680     0.0     21.1680     0.0000     0.0000 unordered_mux1h_1_131
poly_fast_split_mult_core/poly_fast_split_mult_postadd_core/unordered_mux1h_61     21.1680     0.0     21.1680     0.0000     0.0000 unordered_mux1h_1_130
poly_fast_split_mult_core/poly_fast_split_mult_postadd_core/unordered_mux1h_62     21.1680     0.0     21.1680     0.0000     0.0000 unordered_mux1h_1_129
poly_fast_split_mult_core/poly_fast_split_mult_postadd_core/unordered_mux1h_63     21.1680     0.0     21.1680     0.0000     0.0000 unordered_mux1h_1_128
poly_fast_split_mult_core/poly_fast_split_mult_postadd_core/unordered_mux1h_64     21.1680     0.0     21.1680     0.0000     0.0000 unordered_mux1h_1_127
poly_fast_split_mult_core/poly_fast_split_mult_postadd_core/unordered_mux1h_65     21.1680     0.0     21.1680     0.0000     0.0000 unordered_mux1h_1_126
poly_fast_split_mult_core/poly_fast_split_mult_postadd_core/unordered_mux1h_66     21.1680     0.0     21.1680     0.0000     0.0000 unordered_mux1h_1_125
poly_fast_split_mult_core/poly_fast_split_mult_postadd_core/unordered_mux1h_67     21.1680     0.0     21.1680     0.0000     0.0000 unordered_mux1h_1_124
poly_fast_split_mult_core/poly_fast_split_mult_postadd_core/unordered_mux1h_68     21.1680     0.0     21.1680     0.0000     0.0000 unordered_mux1h_1_123
poly_fast_split_mult_core/poly_fast_split_mult_postadd_core/unordered_mux1h_69     21.1680     0.0     21.1680     0.0000     0.0000 unordered_mux1h_1_122
poly_fast_split_mult_core/poly_fast_split_mult_postadd_core/unordered_mux1h_7     21.1680     0.0     21.1680     0.0000     0.0000 unordered_mux1h_1_184
poly_fast_split_mult_core/poly_fast_split_mult_postadd_core/unordered_mux1h_70     21.1680     0.0     21.1680     0.0000     0.0000 unordered_mux1h_1_121
poly_fast_split_mult_core/poly_fast_split_mult_postadd_core/unordered_mux1h_71     21.1680     0.0     21.1680     0.0000     0.0000 unordered_mux1h_1_120
poly_fast_split_mult_core/poly_fast_split_mult_postadd_core/unordered_mux1h_72     21.1680     0.0     21.1680     0.0000     0.0000 unordered_mux1h_1_119
poly_fast_split_mult_core/poly_fast_split_mult_postadd_core/unordered_mux1h_73     21.1680     0.0     21.1680     0.0000     0.0000 unordered_mux1h_1_118
poly_fast_split_mult_core/poly_fast_split_mult_postadd_core/unordered_mux1h_74     21.1680     0.0     21.1680     0.0000     0.0000 unordered_mux1h_1_117
poly_fast_split_mult_core/poly_fast_split_mult_postadd_core/unordered_mux1h_75     21.1680     0.0     21.1680     0.0000     0.0000 unordered_mux1h_1_116
poly_fast_split_mult_core/poly_fast_split_mult_postadd_core/unordered_mux1h_76     21.1680     0.0     21.1680     0.0000     0.0000 unordered_mux1h_1_115
poly_fast_split_mult_core/poly_fast_split_mult_postadd_core/unordered_mux1h_77     21.1680     0.0     21.1680     0.0000     0.0000 unordered_mux1h_1_114
poly_fast_split_mult_core/poly_fast_split_mult_postadd_core/unordered_mux1h_78     21.1680     0.0     21.1680     0.0000     0.0000 unordered_mux1h_1_113
poly_fast_split_mult_core/poly_fast_split_mult_postadd_core/unordered_mux1h_79     21.1680     0.0     21.1680     0.0000     0.0000 unordered_mux1h_1_112
poly_fast_split_mult_core/poly_fast_split_mult_postadd_core/unordered_mux1h_8     21.1680     0.0     21.1680     0.0000     0.0000 unordered_mux1h_1_183
poly_fast_split_mult_core/poly_fast_split_mult_postadd_core/unordered_mux1h_80     21.1680     0.0     21.1680     0.0000     0.0000 unordered_mux1h_1_111
poly_fast_split_mult_core/poly_fast_split_mult_postadd_core/unordered_mux1h_81     21.1680     0.0     21.1680     0.0000     0.0000 unordered_mux1h_1_110
poly_fast_split_mult_core/poly_fast_split_mult_postadd_core/unordered_mux1h_82     21.1680     0.0     21.1680     0.0000     0.0000 unordered_mux1h_1_109
poly_fast_split_mult_core/poly_fast_split_mult_postadd_core/unordered_mux1h_83     21.1680     0.0     21.1680     0.0000     0.0000 unordered_mux1h_1_108
poly_fast_split_mult_core/poly_fast_split_mult_postadd_core/unordered_mux1h_84     21.1680     0.0     21.1680     0.0000     0.0000 unordered_mux1h_1_107
poly_fast_split_mult_core/poly_fast_split_mult_postadd_core/unordered_mux1h_85     21.1680     0.0     21.1680     0.0000     0.0000 unordered_mux1h_1_106
poly_fast_split_mult_core/poly_fast_split_mult_postadd_core/unordered_mux1h_86     21.1680     0.0     21.1680     0.0000     0.0000 unordered_mux1h_1_105
poly_fast_split_mult_core/poly_fast_split_mult_postadd_core/unordered_mux1h_87     21.1680     0.0     21.1680     0.0000     0.0000 unordered_mux1h_1_104
poly_fast_split_mult_core/poly_fast_split_mult_postadd_core/unordered_mux1h_88     21.1680     0.0     21.1680     0.0000     0.0000 unordered_mux1h_1_103
poly_fast_split_mult_core/poly_fast_split_mult_postadd_core/unordered_mux1h_89     21.1680     0.0     21.1680     0.0000     0.0000 unordered_mux1h_1_102
poly_fast_split_mult_core/poly_fast_split_mult_postadd_core/unordered_mux1h_9     21.1680     0.0     21.1680     0.0000     0.0000 unordered_mux1h_1_182
poly_fast_split_mult_core/poly_fast_split_mult_postadd_core/unordered_mux1h_90     21.1680     0.0     21.1680     0.0000     0.0000 unordered_mux1h_1_101
poly_fast_split_mult_core/poly_fast_split_mult_postadd_core/unordered_mux1h_91     21.1680     0.0     21.1680     0.0000     0.0000 unordered_mux1h_1_100
poly_fast_split_mult_core/poly_fast_split_mult_postadd_core/unordered_mux1h_92     21.1680     0.0     21.1680     0.0000     0.0000 unordered_mux1h_1_99
poly_fast_split_mult_core/poly_fast_split_mult_postadd_core/unordered_mux1h_93     21.1680     0.0     21.1680     0.0000     0.0000 unordered_mux1h_1_98
poly_fast_split_mult_core/poly_fast_split_mult_postadd_core/unordered_mux1h_94     21.1680     0.0     21.1680     0.0000     0.0000 unordered_mux1h_1_97
poly_fast_split_mult_core/poly_fast_split_mult_postadd_core/unordered_mux1h_95     21.1680     0.0     21.1680     0.0000     0.0000 unordered_mux1h_1_96
poly_fast_split_mult_core/poly_fast_split_mult_postadd_core/unordered_mux1h_96     21.1680     0.0     21.1680     0.0000     0.0000 unordered_mux1h_1_95
poly_fast_split_mult_core/poly_fast_split_mult_postadd_core/unordered_mux1h_97     21.1680     0.0     21.1680     0.0000     0.0000 unordered_mux1h_1_94
poly_fast_split_mult_core/poly_fast_split_mult_postadd_core/unordered_mux1h_98     21.1680     0.0     21.1680     0.0000     0.0000 unordered_mux1h_1_93
poly_fast_split_mult_core/poly_fast_split_mult_postadd_core/unordered_mux1h_99     21.1680     0.0     21.1680     0.0000     0.0000 unordered_mux1h_1_92
poly_fast_split_mult_core/poly_fast_split_mult_preadd   6738.1019     2.7   2618.6580  2827.8179     0.0000 poly_fast_split_mult_preadd
poly_fast_split_mult_core/poly_fast_split_mult_preadd/add_x_105     29.1060     0.0     29.1060     0.0000     0.0000 poly_fast_split_mult_preadd_DW01_add_J4_24
poly_fast_split_mult_core/poly_fast_split_mult_preadd/add_x_118     50.5260     0.0     50.5260     0.0000     0.0000 poly_fast_split_mult_preadd_DW01_add_J4_23
poly_fast_split_mult_core/poly_fast_split_mult_preadd/add_x_124     29.1060     0.0     29.1060     0.0000     0.0000 poly_fast_split_mult_preadd_DW01_add_J4_22
poly_fast_split_mult_core/poly_fast_split_mult_preadd/add_x_137     50.5260     0.0     50.5260     0.0000     0.0000 poly_fast_split_mult_preadd_DW01_add_J4_21
poly_fast_split_mult_core/poly_fast_split_mult_preadd/add_x_143     29.1060     0.0     29.1060     0.0000     0.0000 poly_fast_split_mult_preadd_DW01_add_J4_20
poly_fast_split_mult_core/poly_fast_split_mult_preadd/add_x_156     50.5260     0.0     50.5260     0.0000     0.0000 poly_fast_split_mult_preadd_DW01_add_J4_19
poly_fast_split_mult_core/poly_fast_split_mult_preadd/add_x_162     29.1060     0.0     29.1060     0.0000     0.0000 poly_fast_split_mult_preadd_DW01_add_J4_18
poly_fast_split_mult_core/poly_fast_split_mult_preadd/add_x_175     50.5260     0.0     50.5260     0.0000     0.0000 poly_fast_split_mult_preadd_DW01_add_J4_17
poly_fast_split_mult_core/poly_fast_split_mult_preadd/add_x_181     29.1060     0.0     29.1060     0.0000     0.0000 poly_fast_split_mult_preadd_DW01_add_J4_16
poly_fast_split_mult_core/poly_fast_split_mult_preadd/add_x_194     50.5260     0.0     50.5260     0.0000     0.0000 poly_fast_split_mult_preadd_DW01_add_J4_15
poly_fast_split_mult_core/poly_fast_split_mult_preadd/add_x_200     29.1060     0.0     29.1060     0.0000     0.0000 poly_fast_split_mult_preadd_DW01_add_J4_14
poly_fast_split_mult_core/poly_fast_split_mult_preadd/add_x_213     50.5260     0.0     50.5260     0.0000     0.0000 poly_fast_split_mult_preadd_DW01_add_J4_13
poly_fast_split_mult_core/poly_fast_split_mult_preadd/add_x_219     29.1060     0.0     29.1060     0.0000     0.0000 poly_fast_split_mult_preadd_DW01_add_J4_12
poly_fast_split_mult_core/poly_fast_split_mult_preadd/add_x_232     50.5260     0.0     50.5260     0.0000     0.0000 poly_fast_split_mult_preadd_DW01_add_J4_11
poly_fast_split_mult_core/poly_fast_split_mult_preadd/add_x_238     29.1060     0.0     29.1060     0.0000     0.0000 poly_fast_split_mult_preadd_DW01_add_J4_10
poly_fast_split_mult_core/poly_fast_split_mult_preadd/add_x_251     50.5260     0.0     50.5260     0.0000     0.0000 poly_fast_split_mult_preadd_DW01_add_J4_9
poly_fast_split_mult_core/poly_fast_split_mult_preadd/add_x_257     29.1060     0.0     29.1060     0.0000     0.0000 poly_fast_split_mult_preadd_DW01_add_J4_8
poly_fast_split_mult_core/poly_fast_split_mult_preadd/add_x_270     50.5260     0.0     50.5260     0.0000     0.0000 poly_fast_split_mult_preadd_DW01_add_J4_7
poly_fast_split_mult_core/poly_fast_split_mult_preadd/add_x_276     29.1060     0.0     29.1060     0.0000     0.0000 poly_fast_split_mult_preadd_DW01_add_J4_6
poly_fast_split_mult_core/poly_fast_split_mult_preadd/add_x_289     50.5260     0.0     50.5260     0.0000     0.0000 poly_fast_split_mult_preadd_DW01_add_J4_5
poly_fast_split_mult_core/poly_fast_split_mult_preadd/add_x_295     29.1060     0.0     29.1060     0.0000     0.0000 poly_fast_split_mult_preadd_DW01_add_J4_4
poly_fast_split_mult_core/poly_fast_split_mult_preadd/add_x_308     50.5260     0.0     50.5260     0.0000     0.0000 poly_fast_split_mult_preadd_DW01_add_J4_3
poly_fast_split_mult_core/poly_fast_split_mult_preadd/add_x_314     29.1060     0.0     29.1060     0.0000     0.0000 poly_fast_split_mult_preadd_DW01_add_J4_2
poly_fast_split_mult_core/poly_fast_split_mult_preadd/add_x_327     50.5260     0.0     50.5260     0.0000     0.0000 poly_fast_split_mult_preadd_DW01_add_J4_1
poly_fast_split_mult_core/poly_fast_split_mult_preadd/add_x_333     29.1060     0.0     29.1060     0.0000     0.0000 poly_fast_split_mult_preadd_DW01_add_J4_0
poly_fast_split_mult_core/poly_fast_split_mult_preadd/add_x_42     50.5260     0.0     50.5260     0.0000     0.0000 poly_fast_split_mult_preadd_DW01_add_J4_31
poly_fast_split_mult_core/poly_fast_split_mult_preadd/add_x_48     29.1060     0.0     29.1060     0.0000     0.0000 poly_fast_split_mult_preadd_DW01_add_J4_30
poly_fast_split_mult_core/poly_fast_split_mult_preadd/add_x_61     50.5260     0.0     50.5260     0.0000     0.0000 poly_fast_split_mult_preadd_DW01_add_J4_29
poly_fast_split_mult_core/poly_fast_split_mult_preadd/add_x_67     29.1060     0.0     29.1060     0.0000     0.0000 poly_fast_split_mult_preadd_DW01_add_J4_28
poly_fast_split_mult_core/poly_fast_split_mult_preadd/add_x_80     50.5260     0.0     50.5260     0.0000     0.0000 poly_fast_split_mult_preadd_DW01_add_J4_27
poly_fast_split_mult_core/poly_fast_split_mult_preadd/add_x_86     29.1060     0.0     29.1060     0.0000     0.0000 poly_fast_split_mult_preadd_DW01_add_J4_26
poly_fast_split_mult_core/poly_fast_split_mult_preadd/add_x_99     50.5260     0.0     50.5260     0.0000     0.0000 poly_fast_split_mult_preadd_DW01_add_J4_25
poly_fast_split_mult_core/poly_fast_split_mult_preadd/clk_gate_polya_preadd_left_reg      1.8900     0.0      0.0000     1.8900     0.0000 SNPS_CLOCK_GATE_HIGH_poly_fast_split_mult_preadd_0
poly_fast_split_mult_core/poly_fast_split_mult_preadd/clk_gate_polya_preadd_right_reg      1.8900     0.0      0.0000     1.8900     0.0000 SNPS_CLOCK_GATE_HIGH_poly_fast_split_mult_preadd_1
poly_fast_split_mult_core/poly_fast_split_mult_preadd/unordered_adder      4.4100     0.0      4.4100     0.0000     0.0000 unordered_adder_1
poly_fast_split_mult_core/poly_fast_split_mult_preadd/unordered_adder_1      9.3240     0.0      9.3240     0.0000     0.0000 unordered_adder_0
sp_ram_wrapped                      1225.2240      0.5       0.0000      0.0000      0.0000  sp_ram_wrapped_9
sp_ram_wrapped/sp_ram               1225.2240      0.5     248.0940    967.6800      0.0000  sp_ram_WIDTH96_DEPTH4_7
sp_ram_wrapped/sp_ram/clk_gate_dout_reg      1.8900     0.0      0.0000     1.8900     0.0000 SNPS_CLOCK_GATE_HIGH_sp_ram_WIDTH96_DEPTH4_0_35
sp_ram_wrapped/sp_ram/clk_gate_ram_sp_reg_0_      1.8900     0.0      0.0000     1.8900     0.0000 SNPS_CLOCK_GATE_HIGH_sp_ram_WIDTH96_DEPTH4_0_36
sp_ram_wrapped/sp_ram/clk_gate_ram_sp_reg_1_      1.8900     0.0      0.0000     1.8900     0.0000 SNPS_CLOCK_GATE_HIGH_sp_ram_WIDTH96_DEPTH4_0_37
sp_ram_wrapped/sp_ram/clk_gate_ram_sp_reg_2_      1.8900     0.0      0.0000     1.8900     0.0000 SNPS_CLOCK_GATE_HIGH_sp_ram_WIDTH96_DEPTH4_0_38
sp_ram_wrapped/sp_ram/clk_gate_ram_sp_reg_3_      1.8900     0.0      0.0000     1.8900     0.0000 SNPS_CLOCK_GATE_HIGH_sp_ram_WIDTH96_DEPTH4_0_39
sp_ram_wrapped_1                    1225.2240      0.5       0.0000      0.0000      0.0000  sp_ram_wrapped_7
sp_ram_wrapped_1/sp_ram             1225.2240      0.5     248.0940    967.6800      0.0000  sp_ram_WIDTH96_DEPTH4_6
sp_ram_wrapped_1/sp_ram/clk_gate_dout_reg      1.8900     0.0      0.0000     1.8900     0.0000 SNPS_CLOCK_GATE_HIGH_sp_ram_WIDTH96_DEPTH4_0_30
sp_ram_wrapped_1/sp_ram/clk_gate_ram_sp_reg_0_      1.8900     0.0      0.0000     1.8900     0.0000 SNPS_CLOCK_GATE_HIGH_sp_ram_WIDTH96_DEPTH4_0_31
sp_ram_wrapped_1/sp_ram/clk_gate_ram_sp_reg_1_      1.8900     0.0      0.0000     1.8900     0.0000 SNPS_CLOCK_GATE_HIGH_sp_ram_WIDTH96_DEPTH4_0_32
sp_ram_wrapped_1/sp_ram/clk_gate_ram_sp_reg_2_      1.8900     0.0      0.0000     1.8900     0.0000 SNPS_CLOCK_GATE_HIGH_sp_ram_WIDTH96_DEPTH4_0_33
sp_ram_wrapped_1/sp_ram/clk_gate_ram_sp_reg_3_      1.8900     0.0      0.0000     1.8900     0.0000 SNPS_CLOCK_GATE_HIGH_sp_ram_WIDTH96_DEPTH4_0_34
sp_ram_wrapped_10                   4081.6441      1.6       0.0000      0.0000      0.0000  sp_ram_wrapped_8_5
sp_ram_wrapped_10/sp_ram            4081.6441      1.6     759.4020   3290.1121      0.0000  sp_ram_WIDTH96_DEPTH16_5
sp_ram_wrapped_10/sp_ram/clk_gate_dout_reg      1.8900     0.0      0.0000     1.8900     0.0000 SNPS_CLOCK_GATE_HIGH_sp_ram_WIDTH96_DEPTH16_0_85
sp_ram_wrapped_10/sp_ram/clk_gate_ram_sp_reg_0_      1.8900     0.0      0.0000     1.8900     0.0000 SNPS_CLOCK_GATE_HIGH_sp_ram_WIDTH96_DEPTH16_0_86
sp_ram_wrapped_10/sp_ram/clk_gate_ram_sp_reg_10_      1.8900     0.0      0.0000     1.8900     0.0000 SNPS_CLOCK_GATE_HIGH_sp_ram_WIDTH96_DEPTH16_0_96
sp_ram_wrapped_10/sp_ram/clk_gate_ram_sp_reg_11_      1.8900     0.0      0.0000     1.8900     0.0000 SNPS_CLOCK_GATE_HIGH_sp_ram_WIDTH96_DEPTH16_0_97
sp_ram_wrapped_10/sp_ram/clk_gate_ram_sp_reg_12_      1.8900     0.0      0.0000     1.8900     0.0000 SNPS_CLOCK_GATE_HIGH_sp_ram_WIDTH96_DEPTH16_0_98
sp_ram_wrapped_10/sp_ram/clk_gate_ram_sp_reg_13_      1.8900     0.0      0.0000     1.8900     0.0000 SNPS_CLOCK_GATE_HIGH_sp_ram_WIDTH96_DEPTH16_0_99
sp_ram_wrapped_10/sp_ram/clk_gate_ram_sp_reg_14_      1.8900     0.0      0.0000     1.8900     0.0000 SNPS_CLOCK_GATE_HIGH_sp_ram_WIDTH96_DEPTH16_0_100
sp_ram_wrapped_10/sp_ram/clk_gate_ram_sp_reg_15_      1.8900     0.0      0.0000     1.8900     0.0000 SNPS_CLOCK_GATE_HIGH_sp_ram_WIDTH96_DEPTH16_0_101
sp_ram_wrapped_10/sp_ram/clk_gate_ram_sp_reg_1_      1.8900     0.0      0.0000     1.8900     0.0000 SNPS_CLOCK_GATE_HIGH_sp_ram_WIDTH96_DEPTH16_0_87
sp_ram_wrapped_10/sp_ram/clk_gate_ram_sp_reg_2_      1.8900     0.0      0.0000     1.8900     0.0000 SNPS_CLOCK_GATE_HIGH_sp_ram_WIDTH96_DEPTH16_0_88
sp_ram_wrapped_10/sp_ram/clk_gate_ram_sp_reg_3_      1.8900     0.0      0.0000     1.8900     0.0000 SNPS_CLOCK_GATE_HIGH_sp_ram_WIDTH96_DEPTH16_0_89
sp_ram_wrapped_10/sp_ram/clk_gate_ram_sp_reg_4_      1.8900     0.0      0.0000     1.8900     0.0000 SNPS_CLOCK_GATE_HIGH_sp_ram_WIDTH96_DEPTH16_0_90
sp_ram_wrapped_10/sp_ram/clk_gate_ram_sp_reg_5_      1.8900     0.0      0.0000     1.8900     0.0000 SNPS_CLOCK_GATE_HIGH_sp_ram_WIDTH96_DEPTH16_0_91
sp_ram_wrapped_10/sp_ram/clk_gate_ram_sp_reg_6_      1.8900     0.0      0.0000     1.8900     0.0000 SNPS_CLOCK_GATE_HIGH_sp_ram_WIDTH96_DEPTH16_0_92
sp_ram_wrapped_10/sp_ram/clk_gate_ram_sp_reg_7_      1.8900     0.0      0.0000     1.8900     0.0000 SNPS_CLOCK_GATE_HIGH_sp_ram_WIDTH96_DEPTH16_0_93
sp_ram_wrapped_10/sp_ram/clk_gate_ram_sp_reg_8_      1.8900     0.0      0.0000     1.8900     0.0000 SNPS_CLOCK_GATE_HIGH_sp_ram_WIDTH96_DEPTH16_0_94
sp_ram_wrapped_10/sp_ram/clk_gate_ram_sp_reg_9_      1.8900     0.0      0.0000     1.8900     0.0000 SNPS_CLOCK_GATE_HIGH_sp_ram_WIDTH96_DEPTH16_0_95
sp_ram_wrapped_11                   4081.6441      1.6       0.0000      0.0000      0.0000  sp_ram_wrapped_8_4
sp_ram_wrapped_11/sp_ram            4081.6441      1.6     759.4020   3290.1121      0.0000  sp_ram_WIDTH96_DEPTH16_4
sp_ram_wrapped_11/sp_ram/clk_gate_dout_reg      1.8900     0.0      0.0000     1.8900     0.0000 SNPS_CLOCK_GATE_HIGH_sp_ram_WIDTH96_DEPTH16_0_68
sp_ram_wrapped_11/sp_ram/clk_gate_ram_sp_reg_0_      1.8900     0.0      0.0000     1.8900     0.0000 SNPS_CLOCK_GATE_HIGH_sp_ram_WIDTH96_DEPTH16_0_69
sp_ram_wrapped_11/sp_ram/clk_gate_ram_sp_reg_10_      1.8900     0.0      0.0000     1.8900     0.0000 SNPS_CLOCK_GATE_HIGH_sp_ram_WIDTH96_DEPTH16_0_79
sp_ram_wrapped_11/sp_ram/clk_gate_ram_sp_reg_11_      1.8900     0.0      0.0000     1.8900     0.0000 SNPS_CLOCK_GATE_HIGH_sp_ram_WIDTH96_DEPTH16_0_80
sp_ram_wrapped_11/sp_ram/clk_gate_ram_sp_reg_12_      1.8900     0.0      0.0000     1.8900     0.0000 SNPS_CLOCK_GATE_HIGH_sp_ram_WIDTH96_DEPTH16_0_81
sp_ram_wrapped_11/sp_ram/clk_gate_ram_sp_reg_13_      1.8900     0.0      0.0000     1.8900     0.0000 SNPS_CLOCK_GATE_HIGH_sp_ram_WIDTH96_DEPTH16_0_82
sp_ram_wrapped_11/sp_ram/clk_gate_ram_sp_reg_14_      1.8900     0.0      0.0000     1.8900     0.0000 SNPS_CLOCK_GATE_HIGH_sp_ram_WIDTH96_DEPTH16_0_83
sp_ram_wrapped_11/sp_ram/clk_gate_ram_sp_reg_15_      1.8900     0.0      0.0000     1.8900     0.0000 SNPS_CLOCK_GATE_HIGH_sp_ram_WIDTH96_DEPTH16_0_84
sp_ram_wrapped_11/sp_ram/clk_gate_ram_sp_reg_1_      1.8900     0.0      0.0000     1.8900     0.0000 SNPS_CLOCK_GATE_HIGH_sp_ram_WIDTH96_DEPTH16_0_70
sp_ram_wrapped_11/sp_ram/clk_gate_ram_sp_reg_2_      1.8900     0.0      0.0000     1.8900     0.0000 SNPS_CLOCK_GATE_HIGH_sp_ram_WIDTH96_DEPTH16_0_71
sp_ram_wrapped_11/sp_ram/clk_gate_ram_sp_reg_3_      1.8900     0.0      0.0000     1.8900     0.0000 SNPS_CLOCK_GATE_HIGH_sp_ram_WIDTH96_DEPTH16_0_72
sp_ram_wrapped_11/sp_ram/clk_gate_ram_sp_reg_4_      1.8900     0.0      0.0000     1.8900     0.0000 SNPS_CLOCK_GATE_HIGH_sp_ram_WIDTH96_DEPTH16_0_73
sp_ram_wrapped_11/sp_ram/clk_gate_ram_sp_reg_5_      1.8900     0.0      0.0000     1.8900     0.0000 SNPS_CLOCK_GATE_HIGH_sp_ram_WIDTH96_DEPTH16_0_74
sp_ram_wrapped_11/sp_ram/clk_gate_ram_sp_reg_6_      1.8900     0.0      0.0000     1.8900     0.0000 SNPS_CLOCK_GATE_HIGH_sp_ram_WIDTH96_DEPTH16_0_75
sp_ram_wrapped_11/sp_ram/clk_gate_ram_sp_reg_7_      1.8900     0.0      0.0000     1.8900     0.0000 SNPS_CLOCK_GATE_HIGH_sp_ram_WIDTH96_DEPTH16_0_76
sp_ram_wrapped_11/sp_ram/clk_gate_ram_sp_reg_8_      1.8900     0.0      0.0000     1.8900     0.0000 SNPS_CLOCK_GATE_HIGH_sp_ram_WIDTH96_DEPTH16_0_77
sp_ram_wrapped_11/sp_ram/clk_gate_ram_sp_reg_9_      1.8900     0.0      0.0000     1.8900     0.0000 SNPS_CLOCK_GATE_HIGH_sp_ram_WIDTH96_DEPTH16_0_78
sp_ram_wrapped_12                   1225.2240      0.5       0.0000      0.0000      0.0000  sp_ram_wrapped_3
sp_ram_wrapped_12/sp_ram            1225.2240      0.5     248.0940    967.6800      0.0000  sp_ram_WIDTH96_DEPTH4_3
sp_ram_wrapped_12/sp_ram/clk_gate_dout_reg      1.8900     0.0      0.0000     1.8900     0.0000 SNPS_CLOCK_GATE_HIGH_sp_ram_WIDTH96_DEPTH4_0_15
sp_ram_wrapped_12/sp_ram/clk_gate_ram_sp_reg_0_      1.8900     0.0      0.0000     1.8900     0.0000 SNPS_CLOCK_GATE_HIGH_sp_ram_WIDTH96_DEPTH4_0_16
sp_ram_wrapped_12/sp_ram/clk_gate_ram_sp_reg_1_      1.8900     0.0      0.0000     1.8900     0.0000 SNPS_CLOCK_GATE_HIGH_sp_ram_WIDTH96_DEPTH4_0_17
sp_ram_wrapped_12/sp_ram/clk_gate_ram_sp_reg_2_      1.8900     0.0      0.0000     1.8900     0.0000 SNPS_CLOCK_GATE_HIGH_sp_ram_WIDTH96_DEPTH4_0_18
sp_ram_wrapped_12/sp_ram/clk_gate_ram_sp_reg_3_      1.8900     0.0      0.0000     1.8900     0.0000 SNPS_CLOCK_GATE_HIGH_sp_ram_WIDTH96_DEPTH4_0_19
sp_ram_wrapped_13                   1225.2240      0.5       0.0000      0.0000      0.0000  sp_ram_wrapped_2
sp_ram_wrapped_13/sp_ram            1225.2240      0.5     248.0940    967.6800      0.0000  sp_ram_WIDTH96_DEPTH4_2
sp_ram_wrapped_13/sp_ram/clk_gate_dout_reg      1.8900     0.0      0.0000     1.8900     0.0000 SNPS_CLOCK_GATE_HIGH_sp_ram_WIDTH96_DEPTH4_0_10
sp_ram_wrapped_13/sp_ram/clk_gate_ram_sp_reg_0_      1.8900     0.0      0.0000     1.8900     0.0000 SNPS_CLOCK_GATE_HIGH_sp_ram_WIDTH96_DEPTH4_0_11
sp_ram_wrapped_13/sp_ram/clk_gate_ram_sp_reg_1_      1.8900     0.0      0.0000     1.8900     0.0000 SNPS_CLOCK_GATE_HIGH_sp_ram_WIDTH96_DEPTH4_0_12
sp_ram_wrapped_13/sp_ram/clk_gate_ram_sp_reg_2_      1.8900     0.0      0.0000     1.8900     0.0000 SNPS_CLOCK_GATE_HIGH_sp_ram_WIDTH96_DEPTH4_0_13
sp_ram_wrapped_13/sp_ram/clk_gate_ram_sp_reg_3_      1.8900     0.0      0.0000     1.8900     0.0000 SNPS_CLOCK_GATE_HIGH_sp_ram_WIDTH96_DEPTH4_0_14
sp_ram_wrapped_14                   1225.3500      0.5       0.0000      0.0000      0.0000  sp_ram_wrapped_1
sp_ram_wrapped_14/sp_ram            1225.3500      0.5     248.2200    967.6800      0.0000  sp_ram_WIDTH96_DEPTH4_1
sp_ram_wrapped_14/sp_ram/clk_gate_dout_reg      1.8900     0.0      0.0000     1.8900     0.0000 SNPS_CLOCK_GATE_HIGH_sp_ram_WIDTH96_DEPTH4_0_5
sp_ram_wrapped_14/sp_ram/clk_gate_ram_sp_reg_0_      1.8900     0.0      0.0000     1.8900     0.0000 SNPS_CLOCK_GATE_HIGH_sp_ram_WIDTH96_DEPTH4_0_6
sp_ram_wrapped_14/sp_ram/clk_gate_ram_sp_reg_1_      1.8900     0.0      0.0000     1.8900     0.0000 SNPS_CLOCK_GATE_HIGH_sp_ram_WIDTH96_DEPTH4_0_7
sp_ram_wrapped_14/sp_ram/clk_gate_ram_sp_reg_2_      1.8900     0.0      0.0000     1.8900     0.0000 SNPS_CLOCK_GATE_HIGH_sp_ram_WIDTH96_DEPTH4_0_8
sp_ram_wrapped_14/sp_ram/clk_gate_ram_sp_reg_3_      1.8900     0.0      0.0000     1.8900     0.0000 SNPS_CLOCK_GATE_HIGH_sp_ram_WIDTH96_DEPTH4_0_9
sp_ram_wrapped_15                   1225.2240      0.5       0.0000      0.0000      0.0000  sp_ram_wrapped_0
sp_ram_wrapped_15/sp_ram            1225.2240      0.5     248.0940    967.6800      0.0000  sp_ram_WIDTH96_DEPTH4_0
sp_ram_wrapped_15/sp_ram/clk_gate_dout_reg      1.8900     0.0      0.0000     1.8900     0.0000 SNPS_CLOCK_GATE_HIGH_sp_ram_WIDTH96_DEPTH4_0_1
sp_ram_wrapped_15/sp_ram/clk_gate_ram_sp_reg_0_      1.8900     0.0      0.0000     1.8900     0.0000 SNPS_CLOCK_GATE_HIGH_sp_ram_WIDTH96_DEPTH4_0_2
sp_ram_wrapped_15/sp_ram/clk_gate_ram_sp_reg_1_      1.8900     0.0      0.0000     1.8900     0.0000 SNPS_CLOCK_GATE_HIGH_sp_ram_WIDTH96_DEPTH4_0_3
sp_ram_wrapped_15/sp_ram/clk_gate_ram_sp_reg_2_      1.8900     0.0      0.0000     1.8900     0.0000 SNPS_CLOCK_GATE_HIGH_sp_ram_WIDTH96_DEPTH4_0_4
sp_ram_wrapped_15/sp_ram/clk_gate_ram_sp_reg_3_      1.8900     0.0      0.0000     1.8900     0.0000 SNPS_CLOCK_GATE_HIGH_sp_ram_WIDTH96_DEPTH4_0_0
sp_ram_wrapped_16                   2157.4980      0.9       0.0000      0.0000      0.0000  sp_ram_wrapped_4_3
sp_ram_wrapped_16/sp_ram            2157.4980      0.9     398.6640   1741.8240      0.0000  sp_ram_WIDTH96_DEPTH8_3
sp_ram_wrapped_16/sp_ram/clk_gate_dout_reg      1.8900     0.0      0.0000     1.8900     0.0000 SNPS_CLOCK_GATE_HIGH_sp_ram_WIDTH96_DEPTH8_0_27
sp_ram_wrapped_16/sp_ram/clk_gate_ram_sp_reg_0_      1.8900     0.0      0.0000     1.8900     0.0000 SNPS_CLOCK_GATE_HIGH_sp_ram_WIDTH96_DEPTH8_0_28
sp_ram_wrapped_16/sp_ram/clk_gate_ram_sp_reg_1_      1.8900     0.0      0.0000     1.8900     0.0000 SNPS_CLOCK_GATE_HIGH_sp_ram_WIDTH96_DEPTH8_0_29
sp_ram_wrapped_16/sp_ram/clk_gate_ram_sp_reg_2_      1.8900     0.0      0.0000     1.8900     0.0000 SNPS_CLOCK_GATE_HIGH_sp_ram_WIDTH96_DEPTH8_0_30
sp_ram_wrapped_16/sp_ram/clk_gate_ram_sp_reg_3_      1.8900     0.0      0.0000     1.8900     0.0000 SNPS_CLOCK_GATE_HIGH_sp_ram_WIDTH96_DEPTH8_0_31
sp_ram_wrapped_16/sp_ram/clk_gate_ram_sp_reg_4_      1.8900     0.0      0.0000     1.8900     0.0000 SNPS_CLOCK_GATE_HIGH_sp_ram_WIDTH96_DEPTH8_0_32
sp_ram_wrapped_16/sp_ram/clk_gate_ram_sp_reg_5_      1.8900     0.0      0.0000     1.8900     0.0000 SNPS_CLOCK_GATE_HIGH_sp_ram_WIDTH96_DEPTH8_0_33
sp_ram_wrapped_16/sp_ram/clk_gate_ram_sp_reg_6_      1.8900     0.0      0.0000     1.8900     0.0000 SNPS_CLOCK_GATE_HIGH_sp_ram_WIDTH96_DEPTH8_0_34
sp_ram_wrapped_16/sp_ram/clk_gate_ram_sp_reg_7_      1.8900     0.0      0.0000     1.8900     0.0000 SNPS_CLOCK_GATE_HIGH_sp_ram_WIDTH96_DEPTH8_0_35
sp_ram_wrapped_17                   2157.8760      0.9       0.0000      0.0000      0.0000  sp_ram_wrapped_4_2
sp_ram_wrapped_17/sp_ram            2157.8760      0.9     399.0420   1741.8240      0.0000  sp_ram_WIDTH96_DEPTH8_2
sp_ram_wrapped_17/sp_ram/clk_gate_dout_reg      1.8900     0.0      0.0000     1.8900     0.0000 SNPS_CLOCK_GATE_HIGH_sp_ram_WIDTH96_DEPTH8_0_18
sp_ram_wrapped_17/sp_ram/clk_gate_ram_sp_reg_0_      1.8900     0.0      0.0000     1.8900     0.0000 SNPS_CLOCK_GATE_HIGH_sp_ram_WIDTH96_DEPTH8_0_19
sp_ram_wrapped_17/sp_ram/clk_gate_ram_sp_reg_1_      1.8900     0.0      0.0000     1.8900     0.0000 SNPS_CLOCK_GATE_HIGH_sp_ram_WIDTH96_DEPTH8_0_20
sp_ram_wrapped_17/sp_ram/clk_gate_ram_sp_reg_2_      1.8900     0.0      0.0000     1.8900     0.0000 SNPS_CLOCK_GATE_HIGH_sp_ram_WIDTH96_DEPTH8_0_21
sp_ram_wrapped_17/sp_ram/clk_gate_ram_sp_reg_3_      1.8900     0.0      0.0000     1.8900     0.0000 SNPS_CLOCK_GATE_HIGH_sp_ram_WIDTH96_DEPTH8_0_22
sp_ram_wrapped_17/sp_ram/clk_gate_ram_sp_reg_4_      1.8900     0.0      0.0000     1.8900     0.0000 SNPS_CLOCK_GATE_HIGH_sp_ram_WIDTH96_DEPTH8_0_23
sp_ram_wrapped_17/sp_ram/clk_gate_ram_sp_reg_5_      1.8900     0.0      0.0000     1.8900     0.0000 SNPS_CLOCK_GATE_HIGH_sp_ram_WIDTH96_DEPTH8_0_24
sp_ram_wrapped_17/sp_ram/clk_gate_ram_sp_reg_6_      1.8900     0.0      0.0000     1.8900     0.0000 SNPS_CLOCK_GATE_HIGH_sp_ram_WIDTH96_DEPTH8_0_25
sp_ram_wrapped_17/sp_ram/clk_gate_ram_sp_reg_7_      1.8900     0.0      0.0000     1.8900     0.0000 SNPS_CLOCK_GATE_HIGH_sp_ram_WIDTH96_DEPTH8_0_26
sp_ram_wrapped_18                   2157.7500      0.9       0.0000      0.0000      0.0000  sp_ram_wrapped_4_1
sp_ram_wrapped_18/sp_ram            2157.7500      0.9     398.9160   1741.8240      0.0000  sp_ram_WIDTH96_DEPTH8_1
sp_ram_wrapped_18/sp_ram/clk_gate_dout_reg      1.8900     0.0      0.0000     1.8900     0.0000 SNPS_CLOCK_GATE_HIGH_sp_ram_WIDTH96_DEPTH8_0_9
sp_ram_wrapped_18/sp_ram/clk_gate_ram_sp_reg_0_      1.8900     0.0      0.0000     1.8900     0.0000 SNPS_CLOCK_GATE_HIGH_sp_ram_WIDTH96_DEPTH8_0_10
sp_ram_wrapped_18/sp_ram/clk_gate_ram_sp_reg_1_      1.8900     0.0      0.0000     1.8900     0.0000 SNPS_CLOCK_GATE_HIGH_sp_ram_WIDTH96_DEPTH8_0_11
sp_ram_wrapped_18/sp_ram/clk_gate_ram_sp_reg_2_      1.8900     0.0      0.0000     1.8900     0.0000 SNPS_CLOCK_GATE_HIGH_sp_ram_WIDTH96_DEPTH8_0_12
sp_ram_wrapped_18/sp_ram/clk_gate_ram_sp_reg_3_      1.8900     0.0      0.0000     1.8900     0.0000 SNPS_CLOCK_GATE_HIGH_sp_ram_WIDTH96_DEPTH8_0_13
sp_ram_wrapped_18/sp_ram/clk_gate_ram_sp_reg_4_      1.8900     0.0      0.0000     1.8900     0.0000 SNPS_CLOCK_GATE_HIGH_sp_ram_WIDTH96_DEPTH8_0_14
sp_ram_wrapped_18/sp_ram/clk_gate_ram_sp_reg_5_      1.8900     0.0      0.0000     1.8900     0.0000 SNPS_CLOCK_GATE_HIGH_sp_ram_WIDTH96_DEPTH8_0_15
sp_ram_wrapped_18/sp_ram/clk_gate_ram_sp_reg_6_      1.8900     0.0      0.0000     1.8900     0.0000 SNPS_CLOCK_GATE_HIGH_sp_ram_WIDTH96_DEPTH8_0_16
sp_ram_wrapped_18/sp_ram/clk_gate_ram_sp_reg_7_      1.8900     0.0      0.0000     1.8900     0.0000 SNPS_CLOCK_GATE_HIGH_sp_ram_WIDTH96_DEPTH8_0_17
sp_ram_wrapped_19                   2157.7500      0.9       0.0000      0.0000      0.0000  sp_ram_wrapped_4_0
sp_ram_wrapped_19/sp_ram            2157.7500      0.9     398.9160   1741.8240      0.0000  sp_ram_WIDTH96_DEPTH8_0
sp_ram_wrapped_19/sp_ram/clk_gate_dout_reg      1.8900     0.0      0.0000     1.8900     0.0000 SNPS_CLOCK_GATE_HIGH_sp_ram_WIDTH96_DEPTH8_0_1
sp_ram_wrapped_19/sp_ram/clk_gate_ram_sp_reg_0_      1.8900     0.0      0.0000     1.8900     0.0000 SNPS_CLOCK_GATE_HIGH_sp_ram_WIDTH96_DEPTH8_0_2
sp_ram_wrapped_19/sp_ram/clk_gate_ram_sp_reg_1_      1.8900     0.0      0.0000     1.8900     0.0000 SNPS_CLOCK_GATE_HIGH_sp_ram_WIDTH96_DEPTH8_0_3
sp_ram_wrapped_19/sp_ram/clk_gate_ram_sp_reg_2_      1.8900     0.0      0.0000     1.8900     0.0000 SNPS_CLOCK_GATE_HIGH_sp_ram_WIDTH96_DEPTH8_0_4
sp_ram_wrapped_19/sp_ram/clk_gate_ram_sp_reg_3_      1.8900     0.0      0.0000     1.8900     0.0000 SNPS_CLOCK_GATE_HIGH_sp_ram_WIDTH96_DEPTH8_0_5
sp_ram_wrapped_19/sp_ram/clk_gate_ram_sp_reg_4_      1.8900     0.0      0.0000     1.8900     0.0000 SNPS_CLOCK_GATE_HIGH_sp_ram_WIDTH96_DEPTH8_0_6
sp_ram_wrapped_19/sp_ram/clk_gate_ram_sp_reg_5_      1.8900     0.0      0.0000     1.8900     0.0000 SNPS_CLOCK_GATE_HIGH_sp_ram_WIDTH96_DEPTH8_0_7
sp_ram_wrapped_19/sp_ram/clk_gate_ram_sp_reg_6_      1.8900     0.0      0.0000     1.8900     0.0000 SNPS_CLOCK_GATE_HIGH_sp_ram_WIDTH96_DEPTH8_0_8
sp_ram_wrapped_19/sp_ram/clk_gate_ram_sp_reg_7_      1.8900     0.0      0.0000     1.8900     0.0000 SNPS_CLOCK_GATE_HIGH_sp_ram_WIDTH96_DEPTH8_0_0
sp_ram_wrapped_2                    1225.2240      0.5       0.0000      0.0000      0.0000  sp_ram_wrapped_6
sp_ram_wrapped_2/sp_ram             1225.2240      0.5     248.0940    967.6800      0.0000  sp_ram_WIDTH96_DEPTH4_5
sp_ram_wrapped_2/sp_ram/clk_gate_dout_reg      1.8900     0.0      0.0000     1.8900     0.0000 SNPS_CLOCK_GATE_HIGH_sp_ram_WIDTH96_DEPTH4_0_25
sp_ram_wrapped_2/sp_ram/clk_gate_ram_sp_reg_0_      1.8900     0.0      0.0000     1.8900     0.0000 SNPS_CLOCK_GATE_HIGH_sp_ram_WIDTH96_DEPTH4_0_26
sp_ram_wrapped_2/sp_ram/clk_gate_ram_sp_reg_1_      1.8900     0.0      0.0000     1.8900     0.0000 SNPS_CLOCK_GATE_HIGH_sp_ram_WIDTH96_DEPTH4_0_27
sp_ram_wrapped_2/sp_ram/clk_gate_ram_sp_reg_2_      1.8900     0.0      0.0000     1.8900     0.0000 SNPS_CLOCK_GATE_HIGH_sp_ram_WIDTH96_DEPTH4_0_28
sp_ram_wrapped_2/sp_ram/clk_gate_ram_sp_reg_3_      1.8900     0.0      0.0000     1.8900     0.0000 SNPS_CLOCK_GATE_HIGH_sp_ram_WIDTH96_DEPTH4_0_29
sp_ram_wrapped_20                   4081.3921      1.6       0.0000      0.0000      0.0000  sp_ram_wrapped_8_3
sp_ram_wrapped_20/sp_ram            4081.3921      1.6     759.1500   3290.1121      0.0000  sp_ram_WIDTH96_DEPTH16_3
sp_ram_wrapped_20/sp_ram/clk_gate_dout_reg      1.8900     0.0      0.0000     1.8900     0.0000 SNPS_CLOCK_GATE_HIGH_sp_ram_WIDTH96_DEPTH16_0_51
sp_ram_wrapped_20/sp_ram/clk_gate_ram_sp_reg_0_      1.8900     0.0      0.0000     1.8900     0.0000 SNPS_CLOCK_GATE_HIGH_sp_ram_WIDTH96_DEPTH16_0_52
sp_ram_wrapped_20/sp_ram/clk_gate_ram_sp_reg_10_      1.8900     0.0      0.0000     1.8900     0.0000 SNPS_CLOCK_GATE_HIGH_sp_ram_WIDTH96_DEPTH16_0_62
sp_ram_wrapped_20/sp_ram/clk_gate_ram_sp_reg_11_      1.8900     0.0      0.0000     1.8900     0.0000 SNPS_CLOCK_GATE_HIGH_sp_ram_WIDTH96_DEPTH16_0_63
sp_ram_wrapped_20/sp_ram/clk_gate_ram_sp_reg_12_      1.8900     0.0      0.0000     1.8900     0.0000 SNPS_CLOCK_GATE_HIGH_sp_ram_WIDTH96_DEPTH16_0_64
sp_ram_wrapped_20/sp_ram/clk_gate_ram_sp_reg_13_      1.8900     0.0      0.0000     1.8900     0.0000 SNPS_CLOCK_GATE_HIGH_sp_ram_WIDTH96_DEPTH16_0_65
sp_ram_wrapped_20/sp_ram/clk_gate_ram_sp_reg_14_      1.8900     0.0      0.0000     1.8900     0.0000 SNPS_CLOCK_GATE_HIGH_sp_ram_WIDTH96_DEPTH16_0_66
sp_ram_wrapped_20/sp_ram/clk_gate_ram_sp_reg_15_      1.8900     0.0      0.0000     1.8900     0.0000 SNPS_CLOCK_GATE_HIGH_sp_ram_WIDTH96_DEPTH16_0_67
sp_ram_wrapped_20/sp_ram/clk_gate_ram_sp_reg_1_      1.8900     0.0      0.0000     1.8900     0.0000 SNPS_CLOCK_GATE_HIGH_sp_ram_WIDTH96_DEPTH16_0_53
sp_ram_wrapped_20/sp_ram/clk_gate_ram_sp_reg_2_      1.8900     0.0      0.0000     1.8900     0.0000 SNPS_CLOCK_GATE_HIGH_sp_ram_WIDTH96_DEPTH16_0_54
sp_ram_wrapped_20/sp_ram/clk_gate_ram_sp_reg_3_      1.8900     0.0      0.0000     1.8900     0.0000 SNPS_CLOCK_GATE_HIGH_sp_ram_WIDTH96_DEPTH16_0_55
sp_ram_wrapped_20/sp_ram/clk_gate_ram_sp_reg_4_      1.8900     0.0      0.0000     1.8900     0.0000 SNPS_CLOCK_GATE_HIGH_sp_ram_WIDTH96_DEPTH16_0_56
sp_ram_wrapped_20/sp_ram/clk_gate_ram_sp_reg_5_      1.8900     0.0      0.0000     1.8900     0.0000 SNPS_CLOCK_GATE_HIGH_sp_ram_WIDTH96_DEPTH16_0_57
sp_ram_wrapped_20/sp_ram/clk_gate_ram_sp_reg_6_      1.8900     0.0      0.0000     1.8900     0.0000 SNPS_CLOCK_GATE_HIGH_sp_ram_WIDTH96_DEPTH16_0_58
sp_ram_wrapped_20/sp_ram/clk_gate_ram_sp_reg_7_      1.8900     0.0      0.0000     1.8900     0.0000 SNPS_CLOCK_GATE_HIGH_sp_ram_WIDTH96_DEPTH16_0_59
sp_ram_wrapped_20/sp_ram/clk_gate_ram_sp_reg_8_      1.8900     0.0      0.0000     1.8900     0.0000 SNPS_CLOCK_GATE_HIGH_sp_ram_WIDTH96_DEPTH16_0_60
sp_ram_wrapped_20/sp_ram/clk_gate_ram_sp_reg_9_      1.8900     0.0      0.0000     1.8900     0.0000 SNPS_CLOCK_GATE_HIGH_sp_ram_WIDTH96_DEPTH16_0_61
sp_ram_wrapped_21                   4081.6441      1.6       0.0000      0.0000      0.0000  sp_ram_wrapped_8_2
sp_ram_wrapped_21/sp_ram            4081.6441      1.6     759.4020   3290.1121      0.0000  sp_ram_WIDTH96_DEPTH16_2
sp_ram_wrapped_21/sp_ram/clk_gate_dout_reg      1.8900     0.0      0.0000     1.8900     0.0000 SNPS_CLOCK_GATE_HIGH_sp_ram_WIDTH96_DEPTH16_0_34
sp_ram_wrapped_21/sp_ram/clk_gate_ram_sp_reg_0_      1.8900     0.0      0.0000     1.8900     0.0000 SNPS_CLOCK_GATE_HIGH_sp_ram_WIDTH96_DEPTH16_0_35
sp_ram_wrapped_21/sp_ram/clk_gate_ram_sp_reg_10_      1.8900     0.0      0.0000     1.8900     0.0000 SNPS_CLOCK_GATE_HIGH_sp_ram_WIDTH96_DEPTH16_0_45
sp_ram_wrapped_21/sp_ram/clk_gate_ram_sp_reg_11_      1.8900     0.0      0.0000     1.8900     0.0000 SNPS_CLOCK_GATE_HIGH_sp_ram_WIDTH96_DEPTH16_0_46
sp_ram_wrapped_21/sp_ram/clk_gate_ram_sp_reg_12_      1.8900     0.0      0.0000     1.8900     0.0000 SNPS_CLOCK_GATE_HIGH_sp_ram_WIDTH96_DEPTH16_0_47
sp_ram_wrapped_21/sp_ram/clk_gate_ram_sp_reg_13_      1.8900     0.0      0.0000     1.8900     0.0000 SNPS_CLOCK_GATE_HIGH_sp_ram_WIDTH96_DEPTH16_0_48
sp_ram_wrapped_21/sp_ram/clk_gate_ram_sp_reg_14_      1.8900     0.0      0.0000     1.8900     0.0000 SNPS_CLOCK_GATE_HIGH_sp_ram_WIDTH96_DEPTH16_0_49
sp_ram_wrapped_21/sp_ram/clk_gate_ram_sp_reg_15_      1.8900     0.0      0.0000     1.8900     0.0000 SNPS_CLOCK_GATE_HIGH_sp_ram_WIDTH96_DEPTH16_0_50
sp_ram_wrapped_21/sp_ram/clk_gate_ram_sp_reg_1_      1.8900     0.0      0.0000     1.8900     0.0000 SNPS_CLOCK_GATE_HIGH_sp_ram_WIDTH96_DEPTH16_0_36
sp_ram_wrapped_21/sp_ram/clk_gate_ram_sp_reg_2_      1.8900     0.0      0.0000     1.8900     0.0000 SNPS_CLOCK_GATE_HIGH_sp_ram_WIDTH96_DEPTH16_0_37
sp_ram_wrapped_21/sp_ram/clk_gate_ram_sp_reg_3_      1.8900     0.0      0.0000     1.8900     0.0000 SNPS_CLOCK_GATE_HIGH_sp_ram_WIDTH96_DEPTH16_0_38
sp_ram_wrapped_21/sp_ram/clk_gate_ram_sp_reg_4_      1.8900     0.0      0.0000     1.8900     0.0000 SNPS_CLOCK_GATE_HIGH_sp_ram_WIDTH96_DEPTH16_0_39
sp_ram_wrapped_21/sp_ram/clk_gate_ram_sp_reg_5_      1.8900     0.0      0.0000     1.8900     0.0000 SNPS_CLOCK_GATE_HIGH_sp_ram_WIDTH96_DEPTH16_0_40
sp_ram_wrapped_21/sp_ram/clk_gate_ram_sp_reg_6_      1.8900     0.0      0.0000     1.8900     0.0000 SNPS_CLOCK_GATE_HIGH_sp_ram_WIDTH96_DEPTH16_0_41
sp_ram_wrapped_21/sp_ram/clk_gate_ram_sp_reg_7_      1.8900     0.0      0.0000     1.8900     0.0000 SNPS_CLOCK_GATE_HIGH_sp_ram_WIDTH96_DEPTH16_0_42
sp_ram_wrapped_21/sp_ram/clk_gate_ram_sp_reg_8_      1.8900     0.0      0.0000     1.8900     0.0000 SNPS_CLOCK_GATE_HIGH_sp_ram_WIDTH96_DEPTH16_0_43
sp_ram_wrapped_21/sp_ram/clk_gate_ram_sp_reg_9_      1.8900     0.0      0.0000     1.8900     0.0000 SNPS_CLOCK_GATE_HIGH_sp_ram_WIDTH96_DEPTH16_0_44
sp_ram_wrapped_22                   4081.6441      1.6       0.0000      0.0000      0.0000  sp_ram_wrapped_8_1
sp_ram_wrapped_22/sp_ram            4081.6441      1.6     759.4020   3290.1121      0.0000  sp_ram_WIDTH96_DEPTH16_1
sp_ram_wrapped_22/sp_ram/clk_gate_dout_reg      1.8900     0.0      0.0000     1.8900     0.0000 SNPS_CLOCK_GATE_HIGH_sp_ram_WIDTH96_DEPTH16_0_17
sp_ram_wrapped_22/sp_ram/clk_gate_ram_sp_reg_0_      1.8900     0.0      0.0000     1.8900     0.0000 SNPS_CLOCK_GATE_HIGH_sp_ram_WIDTH96_DEPTH16_0_18
sp_ram_wrapped_22/sp_ram/clk_gate_ram_sp_reg_10_      1.8900     0.0      0.0000     1.8900     0.0000 SNPS_CLOCK_GATE_HIGH_sp_ram_WIDTH96_DEPTH16_0_28
sp_ram_wrapped_22/sp_ram/clk_gate_ram_sp_reg_11_      1.8900     0.0      0.0000     1.8900     0.0000 SNPS_CLOCK_GATE_HIGH_sp_ram_WIDTH96_DEPTH16_0_29
sp_ram_wrapped_22/sp_ram/clk_gate_ram_sp_reg_12_      1.8900     0.0      0.0000     1.8900     0.0000 SNPS_CLOCK_GATE_HIGH_sp_ram_WIDTH96_DEPTH16_0_30
sp_ram_wrapped_22/sp_ram/clk_gate_ram_sp_reg_13_      1.8900     0.0      0.0000     1.8900     0.0000 SNPS_CLOCK_GATE_HIGH_sp_ram_WIDTH96_DEPTH16_0_31
sp_ram_wrapped_22/sp_ram/clk_gate_ram_sp_reg_14_      1.8900     0.0      0.0000     1.8900     0.0000 SNPS_CLOCK_GATE_HIGH_sp_ram_WIDTH96_DEPTH16_0_32
sp_ram_wrapped_22/sp_ram/clk_gate_ram_sp_reg_15_      1.8900     0.0      0.0000     1.8900     0.0000 SNPS_CLOCK_GATE_HIGH_sp_ram_WIDTH96_DEPTH16_0_33
sp_ram_wrapped_22/sp_ram/clk_gate_ram_sp_reg_1_      1.8900     0.0      0.0000     1.8900     0.0000 SNPS_CLOCK_GATE_HIGH_sp_ram_WIDTH96_DEPTH16_0_19
sp_ram_wrapped_22/sp_ram/clk_gate_ram_sp_reg_2_      1.8900     0.0      0.0000     1.8900     0.0000 SNPS_CLOCK_GATE_HIGH_sp_ram_WIDTH96_DEPTH16_0_20
sp_ram_wrapped_22/sp_ram/clk_gate_ram_sp_reg_3_      1.8900     0.0      0.0000     1.8900     0.0000 SNPS_CLOCK_GATE_HIGH_sp_ram_WIDTH96_DEPTH16_0_21
sp_ram_wrapped_22/sp_ram/clk_gate_ram_sp_reg_4_      1.8900     0.0      0.0000     1.8900     0.0000 SNPS_CLOCK_GATE_HIGH_sp_ram_WIDTH96_DEPTH16_0_22
sp_ram_wrapped_22/sp_ram/clk_gate_ram_sp_reg_5_      1.8900     0.0      0.0000     1.8900     0.0000 SNPS_CLOCK_GATE_HIGH_sp_ram_WIDTH96_DEPTH16_0_23
sp_ram_wrapped_22/sp_ram/clk_gate_ram_sp_reg_6_      1.8900     0.0      0.0000     1.8900     0.0000 SNPS_CLOCK_GATE_HIGH_sp_ram_WIDTH96_DEPTH16_0_24
sp_ram_wrapped_22/sp_ram/clk_gate_ram_sp_reg_7_      1.8900     0.0      0.0000     1.8900     0.0000 SNPS_CLOCK_GATE_HIGH_sp_ram_WIDTH96_DEPTH16_0_25
sp_ram_wrapped_22/sp_ram/clk_gate_ram_sp_reg_8_      1.8900     0.0      0.0000     1.8900     0.0000 SNPS_CLOCK_GATE_HIGH_sp_ram_WIDTH96_DEPTH16_0_26
sp_ram_wrapped_22/sp_ram/clk_gate_ram_sp_reg_9_      1.8900     0.0      0.0000     1.8900     0.0000 SNPS_CLOCK_GATE_HIGH_sp_ram_WIDTH96_DEPTH16_0_27
sp_ram_wrapped_23                   4081.6441      1.6       0.0000      0.0000      0.0000  sp_ram_wrapped_8_0
sp_ram_wrapped_23/sp_ram            4081.6441      1.6     759.4020   3290.1121      0.0000  sp_ram_WIDTH96_DEPTH16_0
sp_ram_wrapped_23/sp_ram/clk_gate_dout_reg      1.8900     0.0      0.0000     1.8900     0.0000 SNPS_CLOCK_GATE_HIGH_sp_ram_WIDTH96_DEPTH16_0_1
sp_ram_wrapped_23/sp_ram/clk_gate_ram_sp_reg_0_      1.8900     0.0      0.0000     1.8900     0.0000 SNPS_CLOCK_GATE_HIGH_sp_ram_WIDTH96_DEPTH16_0_2
sp_ram_wrapped_23/sp_ram/clk_gate_ram_sp_reg_10_      1.8900     0.0      0.0000     1.8900     0.0000 SNPS_CLOCK_GATE_HIGH_sp_ram_WIDTH96_DEPTH16_0_12
sp_ram_wrapped_23/sp_ram/clk_gate_ram_sp_reg_11_      1.8900     0.0      0.0000     1.8900     0.0000 SNPS_CLOCK_GATE_HIGH_sp_ram_WIDTH96_DEPTH16_0_13
sp_ram_wrapped_23/sp_ram/clk_gate_ram_sp_reg_12_      1.8900     0.0      0.0000     1.8900     0.0000 SNPS_CLOCK_GATE_HIGH_sp_ram_WIDTH96_DEPTH16_0_14
sp_ram_wrapped_23/sp_ram/clk_gate_ram_sp_reg_13_      1.8900     0.0      0.0000     1.8900     0.0000 SNPS_CLOCK_GATE_HIGH_sp_ram_WIDTH96_DEPTH16_0_15
sp_ram_wrapped_23/sp_ram/clk_gate_ram_sp_reg_14_      1.8900     0.0      0.0000     1.8900     0.0000 SNPS_CLOCK_GATE_HIGH_sp_ram_WIDTH96_DEPTH16_0_16
sp_ram_wrapped_23/sp_ram/clk_gate_ram_sp_reg_15_      1.8900     0.0      0.0000     1.8900     0.0000 SNPS_CLOCK_GATE_HIGH_sp_ram_WIDTH96_DEPTH16_0_0
sp_ram_wrapped_23/sp_ram/clk_gate_ram_sp_reg_1_      1.8900     0.0      0.0000     1.8900     0.0000 SNPS_CLOCK_GATE_HIGH_sp_ram_WIDTH96_DEPTH16_0_3
sp_ram_wrapped_23/sp_ram/clk_gate_ram_sp_reg_2_      1.8900     0.0      0.0000     1.8900     0.0000 SNPS_CLOCK_GATE_HIGH_sp_ram_WIDTH96_DEPTH16_0_4
sp_ram_wrapped_23/sp_ram/clk_gate_ram_sp_reg_3_      1.8900     0.0      0.0000     1.8900     0.0000 SNPS_CLOCK_GATE_HIGH_sp_ram_WIDTH96_DEPTH16_0_5
sp_ram_wrapped_23/sp_ram/clk_gate_ram_sp_reg_4_      1.8900     0.0      0.0000     1.8900     0.0000 SNPS_CLOCK_GATE_HIGH_sp_ram_WIDTH96_DEPTH16_0_6
sp_ram_wrapped_23/sp_ram/clk_gate_ram_sp_reg_5_      1.8900     0.0      0.0000     1.8900     0.0000 SNPS_CLOCK_GATE_HIGH_sp_ram_WIDTH96_DEPTH16_0_7
sp_ram_wrapped_23/sp_ram/clk_gate_ram_sp_reg_6_      1.8900     0.0      0.0000     1.8900     0.0000 SNPS_CLOCK_GATE_HIGH_sp_ram_WIDTH96_DEPTH16_0_8
sp_ram_wrapped_23/sp_ram/clk_gate_ram_sp_reg_7_      1.8900     0.0      0.0000     1.8900     0.0000 SNPS_CLOCK_GATE_HIGH_sp_ram_WIDTH96_DEPTH16_0_9
sp_ram_wrapped_23/sp_ram/clk_gate_ram_sp_reg_8_      1.8900     0.0      0.0000     1.8900     0.0000 SNPS_CLOCK_GATE_HIGH_sp_ram_WIDTH96_DEPTH16_0_10
sp_ram_wrapped_23/sp_ram/clk_gate_ram_sp_reg_9_      1.8900     0.0      0.0000     1.8900     0.0000 SNPS_CLOCK_GATE_HIGH_sp_ram_WIDTH96_DEPTH16_0_11
sp_ram_wrapped_3                    1225.2240      0.5       0.0000      0.0000      0.0000  sp_ram_wrapped_5
sp_ram_wrapped_3/sp_ram             1225.2240      0.5     248.0940    967.6800      0.0000  sp_ram_WIDTH96_DEPTH4_4
sp_ram_wrapped_3/sp_ram/clk_gate_dout_reg      1.8900     0.0      0.0000     1.8900     0.0000 SNPS_CLOCK_GATE_HIGH_sp_ram_WIDTH96_DEPTH4_0_20
sp_ram_wrapped_3/sp_ram/clk_gate_ram_sp_reg_0_      1.8900     0.0      0.0000     1.8900     0.0000 SNPS_CLOCK_GATE_HIGH_sp_ram_WIDTH96_DEPTH4_0_21
sp_ram_wrapped_3/sp_ram/clk_gate_ram_sp_reg_1_      1.8900     0.0      0.0000     1.8900     0.0000 SNPS_CLOCK_GATE_HIGH_sp_ram_WIDTH96_DEPTH4_0_22
sp_ram_wrapped_3/sp_ram/clk_gate_ram_sp_reg_2_      1.8900     0.0      0.0000     1.8900     0.0000 SNPS_CLOCK_GATE_HIGH_sp_ram_WIDTH96_DEPTH4_0_23
sp_ram_wrapped_3/sp_ram/clk_gate_ram_sp_reg_3_      1.8900     0.0      0.0000     1.8900     0.0000 SNPS_CLOCK_GATE_HIGH_sp_ram_WIDTH96_DEPTH4_0_24
sp_ram_wrapped_4                    2157.7500      0.9       0.0000      0.0000      0.0000  sp_ram_wrapped_4_7
sp_ram_wrapped_4/sp_ram             2157.7500      0.9     398.9160   1741.8240      0.0000  sp_ram_WIDTH96_DEPTH8_7
sp_ram_wrapped_4/sp_ram/clk_gate_dout_reg      1.8900     0.0      0.0000     1.8900     0.0000 SNPS_CLOCK_GATE_HIGH_sp_ram_WIDTH96_DEPTH8_0_63
sp_ram_wrapped_4/sp_ram/clk_gate_ram_sp_reg_0_      1.8900     0.0      0.0000     1.8900     0.0000 SNPS_CLOCK_GATE_HIGH_sp_ram_WIDTH96_DEPTH8_0_64
sp_ram_wrapped_4/sp_ram/clk_gate_ram_sp_reg_1_      1.8900     0.0      0.0000     1.8900     0.0000 SNPS_CLOCK_GATE_HIGH_sp_ram_WIDTH96_DEPTH8_0_65
sp_ram_wrapped_4/sp_ram/clk_gate_ram_sp_reg_2_      1.8900     0.0      0.0000     1.8900     0.0000 SNPS_CLOCK_GATE_HIGH_sp_ram_WIDTH96_DEPTH8_0_66
sp_ram_wrapped_4/sp_ram/clk_gate_ram_sp_reg_3_      1.8900     0.0      0.0000     1.8900     0.0000 SNPS_CLOCK_GATE_HIGH_sp_ram_WIDTH96_DEPTH8_0_67
sp_ram_wrapped_4/sp_ram/clk_gate_ram_sp_reg_4_      1.8900     0.0      0.0000     1.8900     0.0000 SNPS_CLOCK_GATE_HIGH_sp_ram_WIDTH96_DEPTH8_0_68
sp_ram_wrapped_4/sp_ram/clk_gate_ram_sp_reg_5_      1.8900     0.0      0.0000     1.8900     0.0000 SNPS_CLOCK_GATE_HIGH_sp_ram_WIDTH96_DEPTH8_0_69
sp_ram_wrapped_4/sp_ram/clk_gate_ram_sp_reg_6_      1.8900     0.0      0.0000     1.8900     0.0000 SNPS_CLOCK_GATE_HIGH_sp_ram_WIDTH96_DEPTH8_0_70
sp_ram_wrapped_4/sp_ram/clk_gate_ram_sp_reg_7_      1.8900     0.0      0.0000     1.8900     0.0000 SNPS_CLOCK_GATE_HIGH_sp_ram_WIDTH96_DEPTH8_0_71
sp_ram_wrapped_5                    2157.7500      0.9       0.0000      0.0000      0.0000  sp_ram_wrapped_4_6
sp_ram_wrapped_5/sp_ram             2157.7500      0.9     398.9160   1741.8240      0.0000  sp_ram_WIDTH96_DEPTH8_6
sp_ram_wrapped_5/sp_ram/clk_gate_dout_reg      1.8900     0.0      0.0000     1.8900     0.0000 SNPS_CLOCK_GATE_HIGH_sp_ram_WIDTH96_DEPTH8_0_54
sp_ram_wrapped_5/sp_ram/clk_gate_ram_sp_reg_0_      1.8900     0.0      0.0000     1.8900     0.0000 SNPS_CLOCK_GATE_HIGH_sp_ram_WIDTH96_DEPTH8_0_55
sp_ram_wrapped_5/sp_ram/clk_gate_ram_sp_reg_1_      1.8900     0.0      0.0000     1.8900     0.0000 SNPS_CLOCK_GATE_HIGH_sp_ram_WIDTH96_DEPTH8_0_56
sp_ram_wrapped_5/sp_ram/clk_gate_ram_sp_reg_2_      1.8900     0.0      0.0000     1.8900     0.0000 SNPS_CLOCK_GATE_HIGH_sp_ram_WIDTH96_DEPTH8_0_57
sp_ram_wrapped_5/sp_ram/clk_gate_ram_sp_reg_3_      1.8900     0.0      0.0000     1.8900     0.0000 SNPS_CLOCK_GATE_HIGH_sp_ram_WIDTH96_DEPTH8_0_58
sp_ram_wrapped_5/sp_ram/clk_gate_ram_sp_reg_4_      1.8900     0.0      0.0000     1.8900     0.0000 SNPS_CLOCK_GATE_HIGH_sp_ram_WIDTH96_DEPTH8_0_59
sp_ram_wrapped_5/sp_ram/clk_gate_ram_sp_reg_5_      1.8900     0.0      0.0000     1.8900     0.0000 SNPS_CLOCK_GATE_HIGH_sp_ram_WIDTH96_DEPTH8_0_60
sp_ram_wrapped_5/sp_ram/clk_gate_ram_sp_reg_6_      1.8900     0.0      0.0000     1.8900     0.0000 SNPS_CLOCK_GATE_HIGH_sp_ram_WIDTH96_DEPTH8_0_61
sp_ram_wrapped_5/sp_ram/clk_gate_ram_sp_reg_7_      1.8900     0.0      0.0000     1.8900     0.0000 SNPS_CLOCK_GATE_HIGH_sp_ram_WIDTH96_DEPTH8_0_62
sp_ram_wrapped_6                    2157.7500      0.9       0.0000      0.0000      0.0000  sp_ram_wrapped_4_5
sp_ram_wrapped_6/sp_ram             2157.7500      0.9     398.9160   1741.8240      0.0000  sp_ram_WIDTH96_DEPTH8_5
sp_ram_wrapped_6/sp_ram/clk_gate_dout_reg      1.8900     0.0      0.0000     1.8900     0.0000 SNPS_CLOCK_GATE_HIGH_sp_ram_WIDTH96_DEPTH8_0_45
sp_ram_wrapped_6/sp_ram/clk_gate_ram_sp_reg_0_      1.8900     0.0      0.0000     1.8900     0.0000 SNPS_CLOCK_GATE_HIGH_sp_ram_WIDTH96_DEPTH8_0_46
sp_ram_wrapped_6/sp_ram/clk_gate_ram_sp_reg_1_      1.8900     0.0      0.0000     1.8900     0.0000 SNPS_CLOCK_GATE_HIGH_sp_ram_WIDTH96_DEPTH8_0_47
sp_ram_wrapped_6/sp_ram/clk_gate_ram_sp_reg_2_      1.8900     0.0      0.0000     1.8900     0.0000 SNPS_CLOCK_GATE_HIGH_sp_ram_WIDTH96_DEPTH8_0_48
sp_ram_wrapped_6/sp_ram/clk_gate_ram_sp_reg_3_      1.8900     0.0      0.0000     1.8900     0.0000 SNPS_CLOCK_GATE_HIGH_sp_ram_WIDTH96_DEPTH8_0_49
sp_ram_wrapped_6/sp_ram/clk_gate_ram_sp_reg_4_      1.8900     0.0      0.0000     1.8900     0.0000 SNPS_CLOCK_GATE_HIGH_sp_ram_WIDTH96_DEPTH8_0_50
sp_ram_wrapped_6/sp_ram/clk_gate_ram_sp_reg_5_      1.8900     0.0      0.0000     1.8900     0.0000 SNPS_CLOCK_GATE_HIGH_sp_ram_WIDTH96_DEPTH8_0_51
sp_ram_wrapped_6/sp_ram/clk_gate_ram_sp_reg_6_      1.8900     0.0      0.0000     1.8900     0.0000 SNPS_CLOCK_GATE_HIGH_sp_ram_WIDTH96_DEPTH8_0_52
sp_ram_wrapped_6/sp_ram/clk_gate_ram_sp_reg_7_      1.8900     0.0      0.0000     1.8900     0.0000 SNPS_CLOCK_GATE_HIGH_sp_ram_WIDTH96_DEPTH8_0_53
sp_ram_wrapped_7                    2157.7500      0.9       0.0000      0.0000      0.0000  sp_ram_wrapped_4_4
sp_ram_wrapped_7/sp_ram             2157.7500      0.9     398.9160   1741.8240      0.0000  sp_ram_WIDTH96_DEPTH8_4
sp_ram_wrapped_7/sp_ram/clk_gate_dout_reg      1.8900     0.0      0.0000     1.8900     0.0000 SNPS_CLOCK_GATE_HIGH_sp_ram_WIDTH96_DEPTH8_0_36
sp_ram_wrapped_7/sp_ram/clk_gate_ram_sp_reg_0_      1.8900     0.0      0.0000     1.8900     0.0000 SNPS_CLOCK_GATE_HIGH_sp_ram_WIDTH96_DEPTH8_0_37
sp_ram_wrapped_7/sp_ram/clk_gate_ram_sp_reg_1_      1.8900     0.0      0.0000     1.8900     0.0000 SNPS_CLOCK_GATE_HIGH_sp_ram_WIDTH96_DEPTH8_0_38
sp_ram_wrapped_7/sp_ram/clk_gate_ram_sp_reg_2_      1.8900     0.0      0.0000     1.8900     0.0000 SNPS_CLOCK_GATE_HIGH_sp_ram_WIDTH96_DEPTH8_0_39
sp_ram_wrapped_7/sp_ram/clk_gate_ram_sp_reg_3_      1.8900     0.0      0.0000     1.8900     0.0000 SNPS_CLOCK_GATE_HIGH_sp_ram_WIDTH96_DEPTH8_0_40
sp_ram_wrapped_7/sp_ram/clk_gate_ram_sp_reg_4_      1.8900     0.0      0.0000     1.8900     0.0000 SNPS_CLOCK_GATE_HIGH_sp_ram_WIDTH96_DEPTH8_0_41
sp_ram_wrapped_7/sp_ram/clk_gate_ram_sp_reg_5_      1.8900     0.0      0.0000     1.8900     0.0000 SNPS_CLOCK_GATE_HIGH_sp_ram_WIDTH96_DEPTH8_0_42
sp_ram_wrapped_7/sp_ram/clk_gate_ram_sp_reg_6_      1.8900     0.0      0.0000     1.8900     0.0000 SNPS_CLOCK_GATE_HIGH_sp_ram_WIDTH96_DEPTH8_0_43
sp_ram_wrapped_7/sp_ram/clk_gate_ram_sp_reg_7_      1.8900     0.0      0.0000     1.8900     0.0000 SNPS_CLOCK_GATE_HIGH_sp_ram_WIDTH96_DEPTH8_0_44
sp_ram_wrapped_8                    4081.6441      1.6       0.0000      0.0000      0.0000  sp_ram_wrapped_8_7
sp_ram_wrapped_8/sp_ram             4081.6441      1.6     759.4020   3290.1121      0.0000  sp_ram_WIDTH96_DEPTH16_7
sp_ram_wrapped_8/sp_ram/clk_gate_dout_reg      1.8900     0.0      0.0000     1.8900     0.0000 SNPS_CLOCK_GATE_HIGH_sp_ram_WIDTH96_DEPTH16_0_119
sp_ram_wrapped_8/sp_ram/clk_gate_ram_sp_reg_0_      1.8900     0.0      0.0000     1.8900     0.0000 SNPS_CLOCK_GATE_HIGH_sp_ram_WIDTH96_DEPTH16_0_120
sp_ram_wrapped_8/sp_ram/clk_gate_ram_sp_reg_10_      1.8900     0.0      0.0000     1.8900     0.0000 SNPS_CLOCK_GATE_HIGH_sp_ram_WIDTH96_DEPTH16_0_130
sp_ram_wrapped_8/sp_ram/clk_gate_ram_sp_reg_11_      1.8900     0.0      0.0000     1.8900     0.0000 SNPS_CLOCK_GATE_HIGH_sp_ram_WIDTH96_DEPTH16_0_131
sp_ram_wrapped_8/sp_ram/clk_gate_ram_sp_reg_12_      1.8900     0.0      0.0000     1.8900     0.0000 SNPS_CLOCK_GATE_HIGH_sp_ram_WIDTH96_DEPTH16_0_132
sp_ram_wrapped_8/sp_ram/clk_gate_ram_sp_reg_13_      1.8900     0.0      0.0000     1.8900     0.0000 SNPS_CLOCK_GATE_HIGH_sp_ram_WIDTH96_DEPTH16_0_133
sp_ram_wrapped_8/sp_ram/clk_gate_ram_sp_reg_14_      1.8900     0.0      0.0000     1.8900     0.0000 SNPS_CLOCK_GATE_HIGH_sp_ram_WIDTH96_DEPTH16_0_134
sp_ram_wrapped_8/sp_ram/clk_gate_ram_sp_reg_15_      1.8900     0.0      0.0000     1.8900     0.0000 SNPS_CLOCK_GATE_HIGH_sp_ram_WIDTH96_DEPTH16_0_135
sp_ram_wrapped_8/sp_ram/clk_gate_ram_sp_reg_1_      1.8900     0.0      0.0000     1.8900     0.0000 SNPS_CLOCK_GATE_HIGH_sp_ram_WIDTH96_DEPTH16_0_121
sp_ram_wrapped_8/sp_ram/clk_gate_ram_sp_reg_2_      1.8900     0.0      0.0000     1.8900     0.0000 SNPS_CLOCK_GATE_HIGH_sp_ram_WIDTH96_DEPTH16_0_122
sp_ram_wrapped_8/sp_ram/clk_gate_ram_sp_reg_3_      1.8900     0.0      0.0000     1.8900     0.0000 SNPS_CLOCK_GATE_HIGH_sp_ram_WIDTH96_DEPTH16_0_123
sp_ram_wrapped_8/sp_ram/clk_gate_ram_sp_reg_4_      1.8900     0.0      0.0000     1.8900     0.0000 SNPS_CLOCK_GATE_HIGH_sp_ram_WIDTH96_DEPTH16_0_124
sp_ram_wrapped_8/sp_ram/clk_gate_ram_sp_reg_5_      1.8900     0.0      0.0000     1.8900     0.0000 SNPS_CLOCK_GATE_HIGH_sp_ram_WIDTH96_DEPTH16_0_125
sp_ram_wrapped_8/sp_ram/clk_gate_ram_sp_reg_6_      1.8900     0.0      0.0000     1.8900     0.0000 SNPS_CLOCK_GATE_HIGH_sp_ram_WIDTH96_DEPTH16_0_126
sp_ram_wrapped_8/sp_ram/clk_gate_ram_sp_reg_7_      1.8900     0.0      0.0000     1.8900     0.0000 SNPS_CLOCK_GATE_HIGH_sp_ram_WIDTH96_DEPTH16_0_127
sp_ram_wrapped_8/sp_ram/clk_gate_ram_sp_reg_8_      1.8900     0.0      0.0000     1.8900     0.0000 SNPS_CLOCK_GATE_HIGH_sp_ram_WIDTH96_DEPTH16_0_128
sp_ram_wrapped_8/sp_ram/clk_gate_ram_sp_reg_9_      1.8900     0.0      0.0000     1.8900     0.0000 SNPS_CLOCK_GATE_HIGH_sp_ram_WIDTH96_DEPTH16_0_129
sp_ram_wrapped_9                    4081.6441      1.6       0.0000      0.0000      0.0000  sp_ram_wrapped_8_6
sp_ram_wrapped_9/sp_ram             4081.6441      1.6     759.4020   3290.1121      0.0000  sp_ram_WIDTH96_DEPTH16_6
sp_ram_wrapped_9/sp_ram/clk_gate_dout_reg      1.8900     0.0      0.0000     1.8900     0.0000 SNPS_CLOCK_GATE_HIGH_sp_ram_WIDTH96_DEPTH16_0_102
sp_ram_wrapped_9/sp_ram/clk_gate_ram_sp_reg_0_      1.8900     0.0      0.0000     1.8900     0.0000 SNPS_CLOCK_GATE_HIGH_sp_ram_WIDTH96_DEPTH16_0_103
sp_ram_wrapped_9/sp_ram/clk_gate_ram_sp_reg_10_      1.8900     0.0      0.0000     1.8900     0.0000 SNPS_CLOCK_GATE_HIGH_sp_ram_WIDTH96_DEPTH16_0_113
sp_ram_wrapped_9/sp_ram/clk_gate_ram_sp_reg_11_      1.8900     0.0      0.0000     1.8900     0.0000 SNPS_CLOCK_GATE_HIGH_sp_ram_WIDTH96_DEPTH16_0_114
sp_ram_wrapped_9/sp_ram/clk_gate_ram_sp_reg_12_      1.8900     0.0      0.0000     1.8900     0.0000 SNPS_CLOCK_GATE_HIGH_sp_ram_WIDTH96_DEPTH16_0_115
sp_ram_wrapped_9/sp_ram/clk_gate_ram_sp_reg_13_      1.8900     0.0      0.0000     1.8900     0.0000 SNPS_CLOCK_GATE_HIGH_sp_ram_WIDTH96_DEPTH16_0_116
sp_ram_wrapped_9/sp_ram/clk_gate_ram_sp_reg_14_      1.8900     0.0      0.0000     1.8900     0.0000 SNPS_CLOCK_GATE_HIGH_sp_ram_WIDTH96_DEPTH16_0_117
sp_ram_wrapped_9/sp_ram/clk_gate_ram_sp_reg_15_      1.8900     0.0      0.0000     1.8900     0.0000 SNPS_CLOCK_GATE_HIGH_sp_ram_WIDTH96_DEPTH16_0_118
sp_ram_wrapped_9/sp_ram/clk_gate_ram_sp_reg_1_      1.8900     0.0      0.0000     1.8900     0.0000 SNPS_CLOCK_GATE_HIGH_sp_ram_WIDTH96_DEPTH16_0_104
sp_ram_wrapped_9/sp_ram/clk_gate_ram_sp_reg_2_      1.8900     0.0      0.0000     1.8900     0.0000 SNPS_CLOCK_GATE_HIGH_sp_ram_WIDTH96_DEPTH16_0_105
sp_ram_wrapped_9/sp_ram/clk_gate_ram_sp_reg_3_      1.8900     0.0      0.0000     1.8900     0.0000 SNPS_CLOCK_GATE_HIGH_sp_ram_WIDTH96_DEPTH16_0_106
sp_ram_wrapped_9/sp_ram/clk_gate_ram_sp_reg_4_      1.8900     0.0      0.0000     1.8900     0.0000 SNPS_CLOCK_GATE_HIGH_sp_ram_WIDTH96_DEPTH16_0_107
sp_ram_wrapped_9/sp_ram/clk_gate_ram_sp_reg_5_      1.8900     0.0      0.0000     1.8900     0.0000 SNPS_CLOCK_GATE_HIGH_sp_ram_WIDTH96_DEPTH16_0_108
sp_ram_wrapped_9/sp_ram/clk_gate_ram_sp_reg_6_      1.8900     0.0      0.0000     1.8900     0.0000 SNPS_CLOCK_GATE_HIGH_sp_ram_WIDTH96_DEPTH16_0_109
sp_ram_wrapped_9/sp_ram/clk_gate_ram_sp_reg_7_      1.8900     0.0      0.0000     1.8900     0.0000 SNPS_CLOCK_GATE_HIGH_sp_ram_WIDTH96_DEPTH16_0_110
sp_ram_wrapped_9/sp_ram/clk_gate_ram_sp_reg_8_      1.8900     0.0      0.0000     1.8900     0.0000 SNPS_CLOCK_GATE_HIGH_sp_ram_WIDTH96_DEPTH16_0_111
sp_ram_wrapped_9/sp_ram/clk_gate_ram_sp_reg_9_      1.8900     0.0      0.0000     1.8900     0.0000 SNPS_CLOCK_GATE_HIGH_sp_ram_WIDTH96_DEPTH16_0_112
sp_sram_mc_wrapped                  5658.3174      2.3       0.0000      0.0000      0.0000  sp_sram_mc_wrapped_3
sp_sram_mc_wrapped/sp_sram_64_96    5658.3174      2.3       0.0000      0.0000   5658.3174  sp_sram_64_96_WIDTH96_DEPTH64_3
sp_sram_mc_wrapped_1                5658.3174      2.3       0.0000      0.0000      0.0000  sp_sram_mc_wrapped_2
sp_sram_mc_wrapped_1/sp_sram_64_96   5658.3174     2.3       0.0000      0.0000   5658.3174  sp_sram_64_96_WIDTH96_DEPTH64_2
sp_sram_mc_wrapped_10               5134.1069      2.0       0.0000      0.0000      0.0000  sp_sram_mc_wrapped_6_3
sp_sram_mc_wrapped_10/sp_sram_32_96   5134.1069     2.0      0.0000      0.0000   5134.1069  sp_sram_32_96_WIDTH96_DEPTH32_3
sp_sram_mc_wrapped_11               5134.1069      2.0       0.0000      0.0000      0.0000  sp_sram_mc_wrapped_6_2
sp_sram_mc_wrapped_11/sp_sram_32_96   5134.1069     2.0      0.0000      0.0000   5134.1069  sp_sram_32_96_WIDTH96_DEPTH32_2
sp_sram_mc_wrapped_12               5134.1069      2.0       0.0000      0.0000      0.0000  sp_sram_mc_wrapped_6_1
sp_sram_mc_wrapped_12/sp_sram_32_96   5134.1069     2.0      0.0000      0.0000   5134.1069  sp_sram_32_96_WIDTH96_DEPTH32_1
sp_sram_mc_wrapped_13               5134.1069      2.0       0.0000      0.0000      0.0000  sp_sram_mc_wrapped_6_0
sp_sram_mc_wrapped_13/sp_sram_32_96   5134.1069     2.0      0.0000      0.0000   5134.1069  sp_sram_32_96_WIDTH96_DEPTH32_0
sp_sram_mc_wrapped_2                5658.3174      2.3       0.0000      0.0000      0.0000  sp_sram_mc_wrapped_1
sp_sram_mc_wrapped_2/sp_sram_64_96   5658.3174     2.3       0.0000      0.0000   5658.3174  sp_sram_64_96_WIDTH96_DEPTH64_1
sp_sram_mc_wrapped_3                5658.3174      2.3       0.0000      0.0000      0.0000  sp_sram_mc_wrapped_0
sp_sram_mc_wrapped_3/sp_sram_64_96   5658.3174     2.3       0.0000      0.0000   5658.3174  sp_sram_64_96_WIDTH96_DEPTH64_0
sp_sram_mc_wrapped_4                6523.7700      2.6       0.0000      0.0000      0.0000  sp_sram_mc_wrapped_4_1
sp_sram_mc_wrapped_4/sp_sram_64_112   6523.7700     2.6      0.0000      0.0000   6523.7700  sp_sram_64_112_WIDTH112_DEPTH64_1
sp_sram_mc_wrapped_5                6523.7700      2.6       0.0000      0.0000      0.0000  sp_sram_mc_wrapped_4_0
sp_sram_mc_wrapped_5/sp_sram_64_112   6523.7700     2.6      0.0000      0.0000   6523.7700  sp_sram_64_112_WIDTH112_DEPTH64_0
sp_sram_mc_wrapped_6                5134.1069      2.0       0.0000      0.0000      0.0000  sp_sram_mc_wrapped_6_7
sp_sram_mc_wrapped_6/sp_sram_32_96   5134.1069     2.0       0.0000      0.0000   5134.1069  sp_sram_32_96_WIDTH96_DEPTH32_7
sp_sram_mc_wrapped_7                5134.1069      2.0       0.0000      0.0000      0.0000  sp_sram_mc_wrapped_6_6
sp_sram_mc_wrapped_7/sp_sram_32_96   5134.1069     2.0       0.0000      0.0000   5134.1069  sp_sram_32_96_WIDTH96_DEPTH32_6
sp_sram_mc_wrapped_8                5134.1069      2.0       0.0000      0.0000      0.0000  sp_sram_mc_wrapped_6_5
sp_sram_mc_wrapped_8/sp_sram_32_96   5134.1069     2.0       0.0000      0.0000   5134.1069  sp_sram_32_96_WIDTH96_DEPTH32_5
sp_sram_mc_wrapped_9                5134.1069      2.0       0.0000      0.0000      0.0000  sp_sram_mc_wrapped_6_4
sp_sram_mc_wrapped_9/sp_sram_32_96   5134.1069     2.0       0.0000      0.0000   5134.1069  sp_sram_32_96_WIDTH96_DEPTH32_4
--------------------------------  -----------  -------  -----------  ----------  ----------  ------------------------------------------------------------
Total                                                   102002.2914  72712.8356  76753.6650

1
