 
****************************************
Report : area
Design : core64_a28_b14_c28
Version: O-2018.06-SP5
Date   : Tue May 12 23:55:24 2026
****************************************

Library(s) Used:

    tcbn28hpcplusbwp40p140lvtssg0p81vm40c_ccs (File: /export1/Library/TN28HPC+/STD_CELL_ext/track9_200824/TSMCHOME/digital/Front_End/timing_power_noise/CCS/tcbn28hpcplusbwp40p140lvt_180a/tcbn28hpcplusbwp40p140lvtssg0p81vm40c_ccs.db)
    tcbn28hpcplusbwp40p140ssg0p81vm40c_ccs (File: /export1/Library/TN28HPC+/STD_CELL_ext/track9_200824/TSMCHOME/digital/Front_End/timing_power_noise/CCS/tcbn28hpcplusbwp40p140_180a/tcbn28hpcplusbwp40p140ssg0p81vm40c_ccs.db)
    tcbn28hpcplusbwp40p140hvtssg0p81vm40c_ccs (File: /export1/Library/TN28HPC+/STD_CELL_ext/track9_200824/TSMCHOME/digital/Front_End/timing_power_noise/CCS/tcbn28hpcplusbwp40p140hvt_180a/tcbn28hpcplusbwp40p140hvtssg0p81vm40c_ccs.db)

Number of ports:                       356470
Number of nets:                       1112667
Number of cells:                       574616
Number of combinational cells:         532686
Number of sequential cells:             34458
Number of macros/black boxes:               0
Number of buf/inv:                      67646
Number of references:                      45

Combinational area:             666161.233761
Buf/Inv area:                    18230.562154
Noncombinational area:           69453.343112
Macro/Black Box area:                0.000000
Net Interconnect area:      undefined  (Wire load has zero net area)

Total cell area:                735614.576873
Total area:                 undefined

Hierarchical area distribution
------------------------------

                                  Global cell area              Local cell area
                                  --------------------  ------------------------------- 
Hierarchical cell                 Absolute     Percent  Combi-       Noncombi-   Black-
                                  Total        Total    national     national    boxes   Design
--------------------------------  -----------  -------  -----------  ----------  ------  ---------------------------------------------------
core64_a28_b14_c28                735614.5769    100.0       2.0160   6904.8001  0.0000  core64_a28_b14_c28
core16_0                           91105.3069     12.4       2.0160   1897.0560  0.0000  core16_6
core16_0/core4_0                    9762.8579      1.3       1.0080    518.1120  0.0000  core4_48
core16_0/core4_0/evalA               722.8620      0.1      27.2160      0.0000  0.0000  Eval_32_48
core16_0/core4_0/evalA/DP_OP_54J25_122_2391    185.9760     0.0    185.9760     0.0000 0.0000 Eval_32_0_DP_OP_54J25_122_2391_J25_0_3
core16_0/core4_0/evalA/DP_OP_55J25_123_3961    251.8740     0.0    251.8740     0.0000 0.0000 Eval_32_0_DP_OP_55J25_123_3961_J25_0_3
core16_0/core4_0/evalA/DP_OP_56J25_124_3269    257.7960     0.0    257.7960     0.0000 0.0000 Eval_32_0_DP_OP_56J25_124_3269_J25_0_3
core16_0/core4_0/evalB               378.2520      0.1      11.5920      0.0000  0.0000  Eval_33_48
core16_0/core4_0/evalB/DP_OP_54J24_125_8022     98.7840     0.0     98.7840     0.0000 0.0000 Eval_33_0_DP_OP_54J24_125_8022_J24_0_3
core16_0/core4_0/evalB/DP_OP_55J24_126_4344    129.9060     0.0    129.9060     0.0000 0.0000 Eval_33_0_DP_OP_55J24_126_4344_J24_0_3
core16_0/core4_0/evalB/DP_OP_56J24_127_8079    137.9700     0.0    137.9700     0.0000 0.0000 Eval_33_0_DP_OP_56J24_127_8079_J24_0_3
core16_0/core4_0/interp             2613.4920      0.4       0.7560    268.1280  0.0000  Interpolation_49
core16_0/core4_0/interp/interp      2344.6080      0.3       0.2520      0.0000  0.0000  InterpolationComb_49
core16_0/core4_0/interp/interp/DP_OP_106J27_122_4023   2344.3560     0.3   2344.3560     0.0000 0.0000 InterpolationComb_0_DP_OP_106J27_122_4023_J27_0_20
core16_0/core4_0/mult_x_1            634.6620      0.1     634.6620      0.0000  0.0000  core4_48_DW_mult_uns_J18_3
core16_0/core4_0/mult_x_2            861.5880      0.1     861.5880      0.0000  0.0000  core4_48_DW_mult_uns_J18_2
core16_0/core4_0/mult_x_3            762.1740      0.1     762.1740      0.0000  0.0000  core4_48_DW_mult_tc_J18_2
core16_0/core4_0/mult_x_4            831.7260      0.1     831.7260      0.0000  0.0000  core4_48_DW_mult_tc_J18_1
core16_0/core4_0/mult_x_5            877.8420      0.1     877.8420      0.0000  0.0000  core4_48_DW_mult_uns_J18_1
core16_0/core4_0/mult_x_6            926.4780      0.1     926.4780      0.0000  0.0000  core4_48_DW_mult_tc_J18_0
core16_0/core4_0/mult_x_7            634.6620      0.1     634.6620      0.0000  0.0000  core4_48_DW_mult_uns_J18_0
core16_0/core4_1                   11261.8799      1.5       1.0080    518.1120  0.0000  core4_47
core16_0/core4_1/evalA               833.3640      0.1      25.4520      0.0000  0.0000  Eval_32_47
core16_0/core4_1/evalA/DP_OP_54J26_126_5395    215.5860     0.0    215.5860     0.0000 0.0000 Eval_32_5_DP_OP_54J26_126_5395_J26_0_3
core16_0/core4_1/evalA/DP_OP_55J26_127_4610    296.6040     0.0    296.6040     0.0000 0.0000 Eval_32_5_DP_OP_55J26_127_4610_J26_0_3
core16_0/core4_1/evalA/DP_OP_56J26_128_7292    295.7220     0.0    295.7220     0.0000 0.0000 Eval_32_5_DP_OP_56J26_128_7292_J26_0_3
core16_0/core4_1/evalB               499.5900      0.1      15.6240      0.0000  0.0000  Eval_33_47
core16_0/core4_1/evalB/DP_OP_54J26_129_1059    132.3000     0.0    132.3000     0.0000 0.0000 Eval_33_5_DP_OP_54J26_129_1059_J26_0_3
core16_0/core4_1/evalB/DP_OP_55J26_130_7099    175.8960     0.0    175.8960     0.0000 0.0000 Eval_33_5_DP_OP_55J26_130_7099_J26_0_3
core16_0/core4_1/evalB/DP_OP_56J26_131_9781    175.7700     0.0    175.7700     0.0000 0.0000 Eval_33_5_DP_OP_56J26_131_9781_J26_0_3
core16_0/core4_1/interp             2614.5000      0.4       0.7560    268.1280  0.0000  Interpolation_48
core16_0/core4_1/interp/interp      2345.6160      0.3       0.2520      0.0000  0.0000  InterpolationComb_48
core16_0/core4_1/interp/interp/DP_OP_106J27_122_4023   2345.3640     0.3   2345.3640     0.0000 0.0000 InterpolationComb_0_DP_OP_106J27_122_4023_J27_0_19
core16_0/core4_1/mult_x_1            859.6980      0.1     859.6980      0.0000  0.0000  core4_5_DW_mult_uns_J31_3_1
core16_0/core4_1/mult_x_2           1008.8820      0.1    1008.8820      0.0000  0.0000  core4_5_DW_mult_uns_J31_2_1
core16_0/core4_1/mult_x_3            967.5540      0.1     967.5540      0.0000  0.0000  core4_5_DW_mult_tc_J31_2_1
core16_0/core4_1/mult_x_4           1000.5660      0.1    1000.5660      0.0000  0.0000  core4_5_DW_mult_tc_J31_1_1
core16_0/core4_1/mult_x_5           1033.0740      0.1    1033.0740      0.0000  0.0000  core4_5_DW_mult_uns_J31_1_1
core16_0/core4_1/mult_x_6           1065.8340      0.1    1065.8340      0.0000  0.0000  core4_5_DW_mult_tc_J31_0_1
core16_0/core4_1/mult_x_7            859.6980      0.1     859.6980      0.0000  0.0000  core4_5_DW_mult_uns_J31_0_1
core16_0/core4_2                   10335.2759      1.4       1.0080    518.1120  0.0000  core4_46
core16_0/core4_2/evalA               759.6540      0.1      23.1840      0.0000  0.0000  Eval_32_46
core16_0/core4_2/evalA/DP_OP_53J27_123_3533    195.0480     0.0    195.0480     0.0000 0.0000 Eval_32_1_DP_OP_53J27_123_3533_J27_0_32
core16_0/core4_2/evalA/DP_OP_54J27_124_9398    268.1280     0.0    268.1280     0.0000 0.0000 Eval_32_1_DP_OP_54J27_124_9398_J27_0_32
core16_0/core4_2/evalA/DP_OP_55J27_125_9832    273.2940     0.0    273.2940     0.0000 0.0000 Eval_32_1_DP_OP_55J27_125_9832_J27_0_32
core16_0/core4_2/evalB               417.0600      0.1      12.9780      0.0000  0.0000  Eval_33_46
core16_0/core4_2/evalB/DP_OP_53J23_122_9164    105.3360     0.0    105.3360     0.0000 0.0000 Eval_33_1_DP_OP_53J23_122_9164_J23_0_28
core16_0/core4_2/evalB/DP_OP_54J23_123_1920    146.5380     0.0    146.5380     0.0000 0.0000 Eval_33_1_DP_OP_54J23_123_1920_J23_0_28
core16_0/core4_2/evalB/DP_OP_55J23_124_2354    152.2080     0.0    152.2080     0.0000 0.0000 Eval_33_1_DP_OP_55J23_124_2354_J23_0_28
core16_0/core4_2/interp             2712.4020      0.4       0.7560    276.1920  0.0000  Interpolation_47
core16_0/core4_2/interp/interp      2435.4540      0.3       0.2520      0.0000  0.0000  InterpolationComb_47
core16_0/core4_2/interp/interp/DP_OP_106J26_122_4688   2435.2020     0.3   2435.2020     0.0000 0.0000 InterpolationComb_1_DP_OP_106J26_122_4688_J26_0_27
core16_0/core4_2/mult_x_1            741.3840      0.1     741.3840      0.0000  0.0000  core4_1_DW_mult_tc_J20_6_22
core16_0/core4_2/mult_x_2            874.6920      0.1     874.6920      0.0000  0.0000  core4_1_DW_mult_tc_J20_5_22
core16_0/core4_2/mult_x_3            861.7140      0.1     861.7140      0.0000  0.0000  core4_1_DW_mult_tc_J20_4_22
core16_0/core4_2/mult_x_4            859.1940      0.1     859.1940      0.0000  0.0000  core4_1_DW_mult_tc_J20_3_22
core16_0/core4_2/mult_x_5            899.7660      0.1     899.7660      0.0000  0.0000  core4_1_DW_mult_tc_J20_2_22
core16_0/core4_2/mult_x_6            948.9060      0.1     948.9060      0.0000  0.0000  core4_1_DW_mult_tc_J20_1_22
core16_0/core4_2/mult_x_7            741.3840      0.1     741.3840      0.0000  0.0000  core4_1_DW_mult_tc_J20_0_22
core16_0/core4_3                   11721.4018      1.6       0.7560    517.7340  0.0000  core4_45
core16_0/core4_3/evalA               880.1100      0.1      28.4760      0.0000  0.0000  Eval_32_45
core16_0/core4_3/evalA/DP_OP_53J27_123_3533    222.6420     0.0    222.6420     0.0000 0.0000 Eval_32_1_DP_OP_53J27_123_3533_J27_0_31
core16_0/core4_3/evalA/DP_OP_54J27_124_9398    321.1740     0.0    321.1740     0.0000 0.0000 Eval_32_1_DP_OP_54J27_124_9398_J27_0_31
core16_0/core4_3/evalA/DP_OP_55J27_125_9832    307.8180     0.0    307.8180     0.0000 0.0000 Eval_32_1_DP_OP_55J27_125_9832_J27_0_31
core16_0/core4_3/evalB               637.0560      0.1      21.0420      0.0000  0.0000  Eval_33_45
core16_0/core4_3/evalB/DP_OP_53J23_122_9164    159.1380     0.0    159.1380     0.0000 0.0000 Eval_33_1_DP_OP_53J23_122_9164_J23_0_27
core16_0/core4_3/evalB/DP_OP_54J23_123_1920    235.7460     0.0    235.7460     0.0000 0.0000 Eval_33_1_DP_OP_54J23_123_1920_J23_0_27
core16_0/core4_3/evalB/DP_OP_55J23_124_2354    221.1300     0.0    221.1300     0.0000 0.0000 Eval_33_1_DP_OP_55J23_124_2354_J23_0_27
core16_0/core4_3/interp             2712.4020      0.4       0.7560    276.1920  0.0000  Interpolation_46
core16_0/core4_3/interp/interp      2435.4540      0.3       0.2520      0.0000  0.0000  InterpolationComb_46
core16_0/core4_3/interp/interp/DP_OP_106J26_122_4688   2435.2020     0.3   2435.2020     0.0000 0.0000 InterpolationComb_1_DP_OP_106J26_122_4688_J26_0_26
core16_0/core4_3/mult_x_1            802.2420      0.1     802.2420      0.0000  0.0000  core4_1_DW_mult_tc_J20_6_21
core16_0/core4_3/mult_x_2           1039.8780      0.1    1039.8780      0.0000  0.0000  core4_1_DW_mult_tc_J20_5_21
core16_0/core4_3/mult_x_3           1082.7180      0.1    1082.7180      0.0000  0.0000  core4_1_DW_mult_tc_J20_4_21
core16_0/core4_3/mult_x_4           1081.2060      0.1    1081.2060      0.0000  0.0000  core4_1_DW_mult_tc_J20_3_21
core16_0/core4_3/mult_x_5           1081.4580      0.1    1081.4580      0.0000  0.0000  core4_1_DW_mult_tc_J20_2_21
core16_0/core4_3/mult_x_6           1083.6000      0.1    1083.6000      0.0000  0.0000  core4_1_DW_mult_tc_J20_1_21
core16_0/core4_3/mult_x_7            802.2420      0.1     802.2420      0.0000  0.0000  core4_1_DW_mult_tc_J20_0_21
core16_0/core4_4                   11207.4479      1.5       1.0080    517.9860  0.0000  core4_44
core16_0/core4_4/evalA               834.8760      0.1      25.4520      0.0000  0.0000  Eval_32_44
core16_0/core4_4/evalA/DP_OP_54J16_122_2576    216.0900     0.0    216.0900     0.0000 0.0000 Eval_32_2_DP_OP_54J16_122_2576_J16_0_3
core16_0/core4_4/evalA/DP_OP_55J16_123_96    294.0840     0.0    294.0840     0.0000 0.0000 Eval_32_2_DP_OP_55J16_123_96_J16_0_3
core16_0/core4_4/evalA/DP_OP_56J16_124_6698    299.2500     0.0    299.2500     0.0000 0.0000 Eval_32_2_DP_OP_56J16_124_6698_J16_0_3
core16_0/core4_4/evalB               498.5820      0.1      15.7500      0.0000  0.0000  Eval_33_44
core16_0/core4_4/evalB/DP_OP_54J20_125_6062    131.2920     0.0    131.2920     0.0000 0.0000 Eval_33_2_DP_OP_54J20_125_6062_J20_0_3
core16_0/core4_4/evalB/DP_OP_55J20_126_8970    172.1160     0.0    172.1160     0.0000 0.0000 Eval_33_2_DP_OP_55J20_126_8970_J20_0_3
core16_0/core4_4/evalB/DP_OP_56J20_127_2491    179.4240     0.0    179.4240     0.0000 0.0000 Eval_33_2_DP_OP_56J20_127_2491_J20_0_3
core16_0/core4_4/interp             2712.4020      0.4       0.7560    276.1920  0.0000  Interpolation_45
core16_0/core4_4/interp/interp      2435.4540      0.3       0.2520      0.0000  0.0000  InterpolationComb_45
core16_0/core4_4/interp/interp/DP_OP_106J26_122_4688   2435.2020     0.3   2435.2020     0.0000 0.0000 InterpolationComb_1_DP_OP_106J26_122_4688_J26_0_25
core16_0/core4_4/mult_x_1            848.7360      0.1     848.7360      0.0000  0.0000  core4_2_DW_mult_uns_J33_3_1
core16_0/core4_4/mult_x_2            977.7600      0.1     977.7600      0.0000  0.0000  core4_2_DW_mult_uns_J33_2_1
core16_0/core4_4/mult_x_3            963.7740      0.1     963.7740      0.0000  0.0000  core4_2_DW_mult_tc_J33_2_1
core16_0/core4_4/mult_x_4            947.8980      0.1     947.8980      0.0000  0.0000  core4_2_DW_mult_tc_J33_1_1
core16_0/core4_4/mult_x_5           1034.3340      0.1    1034.3340      0.0000  0.0000  core4_2_DW_mult_uns_J33_1_1
core16_0/core4_4/mult_x_6           1017.1980      0.1    1017.1980      0.0000  0.0000  core4_2_DW_mult_tc_J33_0_1
core16_0/core4_4/mult_x_7            852.8940      0.1     852.8940      0.0000  0.0000  core4_2_DW_mult_uns_J33_0_1
core16_0/core4_5                   11903.0938      1.6       0.7560    518.1120  0.0000  core4_43
core16_0/core4_5/evalA               880.3620      0.1      28.7280      0.0000  0.0000  Eval_32_43
core16_0/core4_5/evalA/DP_OP_53J27_123_3533    222.6420     0.0    222.6420     0.0000 0.0000 Eval_32_1_DP_OP_53J27_123_3533_J27_0_30
core16_0/core4_5/evalA/DP_OP_54J27_124_9398    321.1740     0.0    321.1740     0.0000 0.0000 Eval_32_1_DP_OP_54J27_124_9398_J27_0_30
core16_0/core4_5/evalA/DP_OP_55J27_125_9832    307.8180     0.0    307.8180     0.0000 0.0000 Eval_32_1_DP_OP_55J27_125_9832_J27_0_30
core16_0/core4_5/evalB               639.8280      0.1      21.4200      0.0000  0.0000  Eval_33_43
core16_0/core4_5/evalB/DP_OP_53J23_122_9164    160.2720     0.0    160.2720     0.0000 0.0000 Eval_33_1_DP_OP_53J23_122_9164_J23_0_26
core16_0/core4_5/evalB/DP_OP_54J23_123_1920    234.6120     0.0    234.6120     0.0000 0.0000 Eval_33_1_DP_OP_54J23_123_1920_J23_0_26
core16_0/core4_5/evalB/DP_OP_55J23_124_2354    223.5240     0.0    223.5240     0.0000 0.0000 Eval_33_1_DP_OP_55J23_124_2354_J23_0_26
core16_0/core4_5/interp             2713.9140      0.4       0.7560    276.1920  0.0000  Interpolation_44
core16_0/core4_5/interp/interp      2436.9660      0.3       0.2520      0.0000  0.0000  InterpolationComb_44
core16_0/core4_5/interp/interp/DP_OP_106J26_122_4688   2436.7140     0.3   2436.7140     0.0000 0.0000 InterpolationComb_1_DP_OP_106J26_122_4688_J26_0_24
core16_0/core4_5/mult_x_1            890.9460      0.1     890.9460      0.0000  0.0000  core4_1_DW_mult_tc_J20_6_20
core16_0/core4_5/mult_x_2           1039.3740      0.1    1039.3740      0.0000  0.0000  core4_1_DW_mult_tc_J20_5_20
core16_0/core4_5/mult_x_3           1081.9620      0.1    1081.9620      0.0000  0.0000  core4_1_DW_mult_tc_J20_4_20
core16_0/core4_5/mult_x_4           1083.4740      0.1    1083.4740      0.0000  0.0000  core4_1_DW_mult_tc_J20_3_20
core16_0/core4_5/mult_x_5           1081.9620      0.1    1081.9620      0.0000  0.0000  core4_1_DW_mult_tc_J20_2_20
core16_0/core4_5/mult_x_6           1081.4580      0.1    1081.4580      0.0000  0.0000  core4_1_DW_mult_tc_J20_1_20
core16_0/core4_5/mult_x_7            890.9460      0.1     890.9460      0.0000  0.0000  core4_1_DW_mult_tc_J20_0_20
core16_0/core4_6                    9751.1399      1.3       1.0080    518.1120  0.0000  core4_42
core16_0/core4_6/evalA               722.8620      0.1      27.2160      0.0000  0.0000  Eval_32_42
core16_0/core4_6/evalA/DP_OP_54J25_122_2391    185.9760     0.0    185.9760     0.0000 0.0000 Eval_32_0_DP_OP_54J25_122_2391_J25_0_2
core16_0/core4_6/evalA/DP_OP_55J25_123_3961    251.8740     0.0    251.8740     0.0000 0.0000 Eval_32_0_DP_OP_55J25_123_3961_J25_0_2
core16_0/core4_6/evalA/DP_OP_56J25_124_3269    257.7960     0.0    257.7960     0.0000 0.0000 Eval_32_0_DP_OP_56J25_124_3269_J25_0_2
core16_0/core4_6/evalB               375.6060      0.1      11.5920      0.0000  0.0000  Eval_33_42
core16_0/core4_6/evalB/DP_OP_54J24_125_8022     96.0120     0.0     96.0120     0.0000 0.0000 Eval_33_0_DP_OP_54J24_125_8022_J24_0_2
core16_0/core4_6/evalB/DP_OP_55J24_126_4344    132.0480     0.0    132.0480     0.0000 0.0000 Eval_33_0_DP_OP_55J24_126_4344_J24_0_2
core16_0/core4_6/evalB/DP_OP_56J24_127_8079    135.9540     0.0    135.9540     0.0000 0.0000 Eval_33_0_DP_OP_56J24_127_8079_J24_0_2
core16_0/core4_6/interp             2612.9880      0.4       0.7560    268.1280  0.0000  Interpolation_43
core16_0/core4_6/interp/interp      2344.1040      0.3       0.2520      0.0000  0.0000  InterpolationComb_43
core16_0/core4_6/interp/interp/DP_OP_106J27_122_4023   2343.8520     0.3   2343.8520     0.0000 0.0000 InterpolationComb_0_DP_OP_106J27_122_4023_J27_0_18
core16_0/core4_6/mult_x_1            634.6620      0.1     634.6620      0.0000  0.0000  core4_42_DW_mult_uns_J17_3
core16_0/core4_6/mult_x_2            859.6980      0.1     859.6980      0.0000  0.0000  core4_42_DW_mult_uns_J17_2
core16_0/core4_6/mult_x_3            760.4100      0.1     760.4100      0.0000  0.0000  core4_42_DW_mult_tc_J17_2
core16_0/core4_6/mult_x_4            830.4660      0.1     830.4660      0.0000  0.0000  core4_42_DW_mult_tc_J17_1
core16_0/core4_6/mult_x_5            877.8420      0.1     877.8420      0.0000  0.0000  core4_42_DW_mult_uns_J17_1
core16_0/core4_6/mult_x_6            922.8240      0.1     922.8240      0.0000  0.0000  core4_42_DW_mult_tc_J17_0
core16_0/core4_6/mult_x_7            634.6620      0.1     634.6620      0.0000  0.0000  core4_42_DW_mult_uns_J17_0
core16_0/evalA                       722.8620      0.1      27.2160      0.0000  0.0000  Eval_32_76
core16_0/evalA/DP_OP_54J29_122_8680    185.9760     0.0    185.9760      0.0000  0.0000  Eval_32_76_DP_OP_54J29_122_8680_J29_0
core16_0/evalA/DP_OP_55J29_123_5431    251.8740     0.0    251.8740      0.0000  0.0000  Eval_32_76_DP_OP_55J29_123_5431_J29_0
core16_0/evalA/DP_OP_56J29_124_4718    257.7960     0.0    257.7960      0.0000  0.0000  Eval_32_76_DP_OP_56J29_124_4718_J29_0
core16_0/evalA_1                     717.3180      0.1      21.6720      0.0000  0.0000  Eval_32_75
core16_0/evalA_1/DP_OP_54J30_122_6359    185.9760     0.0    185.9760     0.0000 0.0000  Eval_32_75_DP_OP_54J30_122_6359_J30_0
core16_0/evalA_1/DP_OP_55J30_123_3729    251.8740     0.0    251.8740     0.0000 0.0000  Eval_32_75_DP_OP_55J30_123_3729_J30_0
core16_0/evalA_1/DP_OP_56J30_124_8771    257.7960     0.0    257.7960     0.0000 0.0000  Eval_32_75_DP_OP_56J30_124_8771_J30_0
core16_0/evalA_2                     717.3180      0.1      21.6720      0.0000  0.0000  Eval_32_74
core16_0/evalA_2/DP_OP_54J32_122_3355    185.9760     0.0    185.9760     0.0000 0.0000  Eval_32_74_DP_OP_54J32_122_3355_J32_0
core16_0/evalA_2/DP_OP_55J32_123_8851    251.8740     0.0    251.8740     0.0000 0.0000  Eval_32_74_DP_OP_55J32_123_8851_J32_0
core16_0/evalA_2/DP_OP_56J32_124_8122    257.7960     0.0    257.7960     0.0000 0.0000  Eval_32_74_DP_OP_56J32_124_8122_J32_0
core16_0/evalA_3                     722.8620      0.1      27.2160      0.0000  0.0000  Eval_32_73
core16_0/evalA_3/DP_OP_54J31_122_1034    185.9760     0.0    185.9760     0.0000 0.0000  Eval_32_73_DP_OP_54J31_122_1034_J31_0
core16_0/evalA_3/DP_OP_55J31_123_9239    251.8740     0.0    251.8740     0.0000 0.0000  Eval_32_73_DP_OP_55J31_123_9239_J31_0
core16_0/evalA_3/DP_OP_56J31_124_4314    257.7960     0.0    257.7960     0.0000 0.0000  Eval_32_73_DP_OP_56J31_124_4314_J31_0
core16_0/evalB                       380.8980      0.1      12.2220      0.0000  0.0000  Eval_33_76
core16_0/evalB/DP_OP_54J15_125_2521     97.2720     0.0     97.2720      0.0000  0.0000  Eval_33_76_DP_OP_54J15_125_2521_J15_0
core16_0/evalB/DP_OP_55J15_126_5264    132.1740     0.0    132.1740      0.0000  0.0000  Eval_33_76_DP_OP_55J15_126_5264_J15_0
core16_0/evalB/DP_OP_56J15_127_4771    139.2300     0.0    139.2300      0.0000  0.0000  Eval_33_76_DP_OP_56J15_127_4771_J15_0
core16_0/evalB_1                     381.2760      0.1      11.2140      0.0000  0.0000  Eval_33_75
core16_0/evalB_1/DP_OP_54J17_125_3067     99.0360     0.0     99.0360     0.0000 0.0000  Eval_33_75_DP_OP_54J17_125_3067_J17_0
core16_0/evalB_1/DP_OP_55J17_126_1456    129.9060     0.0    129.9060     0.0000 0.0000  Eval_33_75_DP_OP_55J17_126_1456_J17_0
core16_0/evalB_1/DP_OP_56J17_127_5191    141.1200     0.0    141.1200     0.0000 0.0000  Eval_33_75_DP_OP_56J17_127_5191_J17_0
core16_0/evalB_2                     375.2280      0.1      11.3400      0.0000  0.0000  Eval_33_74
core16_0/evalB_2/DP_OP_54J16_125_7163     96.8940     0.0     96.8940     0.0000 0.0000  Eval_33_74_DP_OP_54J16_125_7163_J16_0
core16_0/evalB_2/DP_OP_55J16_126_6546    131.1660     0.0    131.1660     0.0000 0.0000  Eval_33_74_DP_OP_55J16_126_6546_J16_0
core16_0/evalB_2/DP_OP_56J16_127_3489    135.8280     0.0    135.8280     0.0000 0.0000  Eval_33_74_DP_OP_56J16_127_3489_J16_0
core16_0/evalB_3                     384.6780      0.1      12.2220      0.0000  0.0000  Eval_33_73
core16_0/evalB_3/DP_OP_54J18_125_4842     96.3900     0.0     96.3900     0.0000 0.0000  Eval_33_73_DP_OP_54J18_125_4842_J18_0
core16_0/evalB_3/DP_OP_55J18_126_6966    134.5680     0.0    134.5680     0.0000 0.0000  Eval_33_73_DP_OP_55J18_126_6966_J18_0
core16_0/evalB_3/DP_OP_56J18_127_9648    141.4980     0.0    141.4980     0.0000 0.0000  Eval_33_73_DP_OP_56J18_127_9648_J18_0
core16_0/interp                     8860.6979      1.2       0.7560    969.6960  0.0000  Interpolation_7_6
core16_0/interp/interp              7890.2459      1.1       0.2520      0.0000  0.0000  InterpolationComb_7_6
core16_0/interp/interp/DP_OP_421J12_122_4174   7889.9939     1.1   7889.9939     0.0000 0.0000 InterpolationComb_7_0_DP_OP_421J12_122_4174_J12_0_2
core16_1                           98684.8368     13.4       2.0160   1897.0560  0.0000  core16_5
core16_1/core4_0                   11260.6199      1.5       1.0080    517.9860  0.0000  core4_41
core16_1/core4_0/evalA               833.4900      0.1      25.5780      0.0000  0.0000  Eval_32_41
core16_1/core4_0/evalA/DP_OP_54J26_126_5395    215.5860     0.0    215.5860     0.0000 0.0000 Eval_32_5_DP_OP_54J26_126_5395_J26_0_2
core16_1/core4_0/evalA/DP_OP_55J26_127_4610    296.6040     0.0    296.6040     0.0000 0.0000 Eval_32_5_DP_OP_55J26_127_4610_J26_0_2
core16_1/core4_0/evalA/DP_OP_56J26_128_7292    295.7220     0.0    295.7220     0.0000 0.0000 Eval_32_5_DP_OP_56J26_128_7292_J26_0_2
core16_1/core4_0/evalB               497.3220      0.1      16.1280      0.0000  0.0000  Eval_33_41
core16_1/core4_0/evalB/DP_OP_54J26_129_1059    131.4180     0.0    131.4180     0.0000 0.0000 Eval_33_5_DP_OP_54J26_129_1059_J26_0_2
core16_1/core4_0/evalB/DP_OP_55J26_130_7099    174.6360     0.0    174.6360     0.0000 0.0000 Eval_33_5_DP_OP_55J26_130_7099_J26_0_2
core16_1/core4_0/evalB/DP_OP_56J26_131_9781    175.1400     0.0    175.1400     0.0000 0.0000 Eval_33_5_DP_OP_56J26_131_9781_J26_0_2
core16_1/core4_0/interp             2613.1140      0.4       0.7560    268.1280  0.0000  Interpolation_42
core16_1/core4_0/interp/interp      2344.2300      0.3       0.2520      0.0000  0.0000  InterpolationComb_42
core16_1/core4_0/interp/interp/DP_OP_106J27_122_4023   2343.9780     0.3   2343.9780     0.0000 0.0000 InterpolationComb_0_DP_OP_106J27_122_4023_J27_0_17
core16_1/core4_0/mult_x_1            866.6280      0.1     866.6280      0.0000  0.0000  core4_35_DW_mult_uns_J32_3_1
core16_1/core4_0/mult_x_2           1006.8660      0.1    1006.8660      0.0000  0.0000  core4_35_DW_mult_uns_J32_2_1
core16_1/core4_0/mult_x_3            967.4280      0.1     967.4280      0.0000  0.0000  core4_35_DW_mult_tc_J32_2_1
core16_1/core4_0/mult_x_4            997.6680      0.1     997.6680      0.0000  0.0000  core4_35_DW_mult_tc_J32_1_1
core16_1/core4_0/mult_x_5           1033.4520      0.1    1033.4520      0.0000  0.0000  core4_35_DW_mult_uns_J32_1_1
core16_1/core4_0/mult_x_6           1065.9600      0.1    1065.9600      0.0000  0.0000  core4_35_DW_mult_tc_J32_0_1
core16_1/core4_0/mult_x_7            859.6980      0.1     859.6980      0.0000  0.0000  core4_35_DW_mult_uns_J32_0_1
core16_1/core4_1                   12028.9678      1.6       1.0080    517.6080  0.0000  core4_40
core16_1/core4_1/evalA               883.8900      0.1      32.2560      0.0000  0.0000  Eval_32_40
core16_1/core4_1/evalA/DP_OP_53J27_123_3533    222.6420     0.0    222.6420     0.0000 0.0000 Eval_32_1_DP_OP_53J27_123_3533_J27_0_29
core16_1/core4_1/evalA/DP_OP_54J27_124_9398    321.1740     0.0    321.1740     0.0000 0.0000 Eval_32_1_DP_OP_54J27_124_9398_J27_0_29
core16_1/core4_1/evalA/DP_OP_55J27_125_9832    307.8180     0.0    307.8180     0.0000 0.0000 Eval_32_1_DP_OP_55J27_125_9832_J27_0_29
core16_1/core4_1/evalB               621.1800      0.1      20.5380      0.0000  0.0000  Eval_33_40
core16_1/core4_1/evalB/DP_OP_55J24_122_6661    159.0120     0.0    159.0120     0.0000 0.0000 Eval_33_40_DP_OP_55J24_122_6661_J24_0
core16_1/core4_1/evalB/DP_OP_56J24_123_6786    224.1540     0.0    224.1540     0.0000 0.0000 Eval_33_40_DP_OP_56J24_123_6786_J24_0
core16_1/core4_1/evalB/DP_OP_57J24_124_1504    217.4760     0.0    217.4760     0.0000 0.0000 Eval_33_40_DP_OP_57J24_124_1504_J24_0
core16_1/core4_1/interp             2614.5000      0.4       0.7560    268.1280  0.0000  Interpolation_41
core16_1/core4_1/interp/interp      2345.6160      0.3       0.2520      0.0000  0.0000  InterpolationComb_41
core16_1/core4_1/interp/interp/DP_OP_106J27_122_4023   2345.3640     0.3   2345.3640     0.0000 0.0000 InterpolationComb_0_DP_OP_106J27_122_4023_J27_0_16
core16_1/core4_1/mult_x_1           1006.8660      0.1    1006.8660      0.0000  0.0000  core4_40_DW_mult_uns_J22_1
core16_1/core4_1/mult_x_2           1042.5240      0.1    1042.5240      0.0000  0.0000  core4_40_DW_mult_tc_J22_4
core16_1/core4_1/mult_x_3           1084.8600      0.1    1084.8600      0.0000  0.0000  core4_40_DW_mult_tc_J22_3
core16_1/core4_1/mult_x_4           1083.0960      0.1    1083.0960      0.0000  0.0000  core4_40_DW_mult_tc_J22_2
core16_1/core4_1/mult_x_5           1082.9700      0.1    1082.9700      0.0000  0.0000  core4_40_DW_mult_tc_J22_1
core16_1/core4_1/mult_x_6           1083.6000      0.1    1083.6000      0.0000  0.0000  core4_40_DW_mult_tc_J22_0
core16_1/core4_1/mult_x_7           1006.8660      0.1    1006.8660      0.0000  0.0000  core4_40_DW_mult_uns_J22_0
core16_1/core4_2                   11746.7278      1.6       1.0080    517.6080  0.0000  core4_39
core16_1/core4_2/evalA               876.2040      0.1      27.8460      0.0000  0.0000  Eval_32_39
core16_1/core4_2/evalA/DP_OP_53J27_123_3533    223.7760     0.0    223.7760     0.0000 0.0000 Eval_32_1_DP_OP_53J27_123_3533_J27_0_28
core16_1/core4_2/evalA/DP_OP_54J27_124_9398    317.6460     0.0    317.6460     0.0000 0.0000 Eval_32_1_DP_OP_54J27_124_9398_J27_0_28
core16_1/core4_2/evalA/DP_OP_55J27_125_9832    306.9360     0.0    306.9360     0.0000 0.0000 Eval_32_1_DP_OP_55J27_125_9832_J27_0_28
core16_1/core4_2/evalB               566.8740      0.1      18.1440      0.0000  0.0000  Eval_33_39
core16_1/core4_2/evalB/DP_OP_53J23_122_9164    145.9080     0.0    145.9080     0.0000 0.0000 Eval_33_1_DP_OP_53J23_122_9164_J23_0_25
core16_1/core4_2/evalB/DP_OP_54J23_123_1920    198.5760     0.0    198.5760     0.0000 0.0000 Eval_33_1_DP_OP_54J23_123_1920_J23_0_25
core16_1/core4_2/evalB/DP_OP_55J23_124_2354    204.2460     0.0    204.2460     0.0000 0.0000 Eval_33_1_DP_OP_55J23_124_2354_J23_0_25
core16_1/core4_2/interp             2711.8980      0.4       0.7560    276.1920  0.0000  Interpolation_40
core16_1/core4_2/interp/interp      2434.9500      0.3       0.2520      0.0000  0.0000  InterpolationComb_40
core16_1/core4_2/interp/interp/DP_OP_106J26_122_4688   2434.6980     0.3   2434.6980     0.0000 0.0000 InterpolationComb_1_DP_OP_106J26_122_4688_J26_0_23
core16_1/core4_2/mult_x_1            934.5420      0.1     934.5420      0.0000  0.0000  core4_1_DW_mult_tc_J20_6_19
core16_1/core4_2/mult_x_2           1013.5440      0.1    1013.5440      0.0000  0.0000  core4_1_DW_mult_tc_J20_5_19
core16_1/core4_2/mult_x_3           1033.5780      0.1    1033.5780      0.0000  0.0000  core4_1_DW_mult_tc_J20_4_19
core16_1/core4_2/mult_x_4           1018.9620      0.1    1018.9620      0.0000  0.0000  core4_1_DW_mult_tc_J20_3_19
core16_1/core4_2/mult_x_5           1051.7220      0.1    1051.7220      0.0000  0.0000  core4_1_DW_mult_tc_J20_2_19
core16_1/core4_2/mult_x_6           1085.7420      0.1    1085.7420      0.0000  0.0000  core4_1_DW_mult_tc_J20_1_19
core16_1/core4_2/mult_x_7            935.0460      0.1     935.0460      0.0000  0.0000  core4_1_DW_mult_tc_J20_0_19
core16_1/core4_3                   12048.1198      1.6       0.7560    517.7340  0.0000  core4_38
core16_1/core4_3/evalA               879.8580      0.1      28.2240      0.0000  0.0000  Eval_32_38
core16_1/core4_3/evalA/DP_OP_53J27_123_3533    222.6420     0.0    222.6420     0.0000 0.0000 Eval_32_1_DP_OP_53J27_123_3533_J27_0_27
core16_1/core4_3/evalA/DP_OP_54J27_124_9398    321.1740     0.0    321.1740     0.0000 0.0000 Eval_32_1_DP_OP_54J27_124_9398_J27_0_27
core16_1/core4_3/evalA/DP_OP_55J27_125_9832    307.8180     0.0    307.8180     0.0000 0.0000 Eval_32_1_DP_OP_55J27_125_9832_J27_0_27
core16_1/core4_3/evalB               638.3160      0.1      21.9240      0.0000  0.0000  Eval_33_38
core16_1/core4_3/evalB/DP_OP_53J23_122_9164    160.5240     0.0    160.5240     0.0000 0.0000 Eval_33_1_DP_OP_53J23_122_9164_J23_0_24
core16_1/core4_3/evalB/DP_OP_54J23_123_1920    233.4780     0.0    233.4780     0.0000 0.0000 Eval_33_1_DP_OP_54J23_123_1920_J23_0_24
core16_1/core4_3/evalB/DP_OP_55J23_124_2354    222.3900     0.0    222.3900     0.0000 0.0000 Eval_33_1_DP_OP_55J23_124_2354_J23_0_24
core16_1/core4_3/interp             2712.4020      0.4       0.7560    276.1920  0.0000  Interpolation_39
core16_1/core4_3/interp/interp      2435.4540      0.3       0.2520      0.0000  0.0000  InterpolationComb_39
core16_1/core4_3/interp/interp/DP_OP_106J26_122_4688   2435.2020     0.3   2435.2020     0.0000 0.0000 InterpolationComb_1_DP_OP_106J26_122_4688_J26_0_22
core16_1/core4_3/mult_x_1            961.6320      0.1     961.6320      0.0000  0.0000  core4_1_DW_mult_tc_J20_6_18
core16_1/core4_3/mult_x_2           1041.1380      0.1    1041.1380      0.0000  0.0000  core4_1_DW_mult_tc_J20_5_18
core16_1/core4_3/mult_x_3           1082.0880      0.1    1082.0880      0.0000  0.0000  core4_1_DW_mult_tc_J20_4_18
core16_1/core4_3/mult_x_4           1084.3560      0.1    1084.3560      0.0000  0.0000  core4_1_DW_mult_tc_J20_3_18
core16_1/core4_3/mult_x_5           1084.2300      0.1    1084.2300      0.0000  0.0000  core4_1_DW_mult_tc_J20_2_18
core16_1/core4_3/mult_x_6           1083.6000      0.1    1083.6000      0.0000  0.0000  core4_1_DW_mult_tc_J20_1_18
core16_1/core4_3/mult_x_7            962.0100      0.1     962.0100      0.0000  0.0000  core4_1_DW_mult_tc_J20_0_18
core16_1/core4_4                   12061.7278      1.6       1.0080    517.7340  0.0000  core4_37
core16_1/core4_4/evalA               883.8900      0.1      32.2560      0.0000  0.0000  Eval_32_37
core16_1/core4_4/evalA/DP_OP_53J27_123_3533    222.6420     0.0    222.6420     0.0000 0.0000 Eval_32_1_DP_OP_53J27_123_3533_J27_0_26
core16_1/core4_4/evalA/DP_OP_54J27_124_9398    321.1740     0.0    321.1740     0.0000 0.0000 Eval_32_1_DP_OP_54J27_124_9398_J27_0_26
core16_1/core4_4/evalA/DP_OP_55J27_125_9832    307.8180     0.0    307.8180     0.0000 0.0000 Eval_32_1_DP_OP_55J27_125_9832_J27_0_26
core16_1/core4_4/evalB               610.2180      0.1      19.6560      0.0000  0.0000  Eval_33_37
core16_1/core4_4/evalB/DP_OP_54J22_122_1996    157.2480     0.0    157.2480     0.0000 0.0000 Eval_33_19_DP_OP_54J22_122_1996_J22_0_1
core16_1/core4_4/evalB/DP_OP_55J22_123_2434    215.4600     0.0    215.4600     0.0000 0.0000 Eval_33_19_DP_OP_55J22_123_2434_J22_0_1
core16_1/core4_4/evalB/DP_OP_56J22_124_4531    217.8540     0.0    217.8540     0.0000 0.0000 Eval_33_19_DP_OP_56J22_124_4531_J22_0_1
core16_1/core4_4/interp             2712.4020      0.4       0.7560    276.1920  0.0000  Interpolation_38
core16_1/core4_4/interp/interp      2435.4540      0.3       0.2520      0.0000  0.0000  InterpolationComb_38
core16_1/core4_4/interp/interp/DP_OP_106J26_122_4688   2435.2020     0.3   2435.2020     0.0000 0.0000 InterpolationComb_1_DP_OP_106J26_122_4688_J26_0_21
core16_1/core4_4/mult_x_1            993.5100      0.1     993.5100      0.0000  0.0000  core4_37_DW_mult_uns_J24_1
core16_1/core4_4/mult_x_2           1045.2960      0.1    1045.2960      0.0000  0.0000  core4_37_DW_mult_tc_J24_4
core16_1/core4_4/mult_x_3           1056.1320      0.1    1056.1320      0.0000  0.0000  core4_37_DW_mult_tc_J24_3
core16_1/core4_4/mult_x_4           1081.5840      0.1    1081.5840      0.0000  0.0000  core4_37_DW_mult_tc_J24_2
core16_1/core4_4/mult_x_5           1082.7180      0.1    1082.7180      0.0000  0.0000  core4_37_DW_mult_tc_J24_1
core16_1/core4_4/mult_x_6           1080.7020      0.1    1080.7020      0.0000  0.0000  core4_37_DW_mult_tc_J24_0
core16_1/core4_4/mult_x_7            996.5340      0.1     996.5340      0.0000  0.0000  core4_37_DW_mult_uns_J24_0
core16_1/core4_5                   12170.4658      1.7       0.7560    517.7340  0.0000  core4_36
core16_1/core4_5/evalA               883.1340      0.1      31.5000      0.0000  0.0000  Eval_32_36
core16_1/core4_5/evalA/DP_OP_53J27_123_3533    222.6420     0.0    222.6420     0.0000 0.0000 Eval_32_1_DP_OP_53J27_123_3533_J27_0_25
core16_1/core4_5/evalA/DP_OP_54J27_124_9398    321.1740     0.0    321.1740     0.0000 0.0000 Eval_32_1_DP_OP_54J27_124_9398_J27_0_25
core16_1/core4_5/evalA/DP_OP_55J27_125_9832    307.8180     0.0    307.8180     0.0000 0.0000 Eval_32_1_DP_OP_55J27_125_9832_J27_0_25
core16_1/core4_5/evalB               635.6700      0.1      22.1760      0.0000  0.0000  Eval_33_36
core16_1/core4_5/evalB/DP_OP_53J23_122_9164    159.1380     0.0    159.1380     0.0000 0.0000 Eval_33_1_DP_OP_53J23_122_9164_J23_0_23
core16_1/core4_5/evalB/DP_OP_54J23_123_1920    233.3520     0.0    233.3520     0.0000 0.0000 Eval_33_1_DP_OP_54J23_123_1920_J23_0_23
core16_1/core4_5/evalB/DP_OP_55J23_124_2354    221.0040     0.0    221.0040     0.0000 0.0000 Eval_33_1_DP_OP_55J23_124_2354_J23_0_23
core16_1/core4_5/interp             2712.4020      0.4       0.7560    276.1920  0.0000  Interpolation_37
core16_1/core4_5/interp/interp      2435.4540      0.3       0.2520      0.0000  0.0000  InterpolationComb_37
core16_1/core4_5/interp/interp/DP_OP_106J26_122_4688   2435.2020     0.3   2435.2020     0.0000 0.0000 InterpolationComb_1_DP_OP_106J26_122_4688_J26_0_20
core16_1/core4_5/mult_x_1           1024.8840      0.1    1024.8840      0.0000  0.0000  core4_1_DW_mult_tc_J20_6_17
core16_1/core4_5/mult_x_2           1040.7600      0.1    1040.7600      0.0000  0.0000  core4_1_DW_mult_tc_J20_5_17
core16_1/core4_5/mult_x_3           1083.4740      0.1    1083.4740      0.0000  0.0000  core4_1_DW_mult_tc_J20_4_17
core16_1/core4_5/mult_x_4           1083.4740      0.1    1083.4740      0.0000  0.0000  core4_1_DW_mult_tc_J20_3_17
core16_1/core4_5/mult_x_5           1082.5920      0.1    1082.5920      0.0000  0.0000  core4_1_DW_mult_tc_J20_2_17
core16_1/core4_5/mult_x_6           1081.0800      0.1    1081.0800      0.0000  0.0000  core4_1_DW_mult_tc_J20_1_17
core16_1/core4_5/mult_x_7           1024.5060      0.1    1024.5060      0.0000  0.0000  core4_1_DW_mult_tc_J20_0_17
core16_1/core4_6                   11263.6439      1.5       1.0080    517.8600  0.0000  core4_35
core16_1/core4_6/evalA               833.3640      0.1      25.4520      0.0000  0.0000  Eval_32_35
core16_1/core4_6/evalA/DP_OP_54J26_126_5395    215.5860     0.0    215.5860     0.0000 0.0000 Eval_32_5_DP_OP_54J26_126_5395_J26_0_1
core16_1/core4_6/evalA/DP_OP_55J26_127_4610    296.6040     0.0    296.6040     0.0000 0.0000 Eval_32_5_DP_OP_55J26_127_4610_J26_0_1
core16_1/core4_6/evalA/DP_OP_56J26_128_7292    295.7220     0.0    295.7220     0.0000 0.0000 Eval_32_5_DP_OP_56J26_128_7292_J26_0_1
core16_1/core4_6/evalB               499.9680      0.1      16.1280      0.0000  0.0000  Eval_33_35
core16_1/core4_6/evalB/DP_OP_54J26_129_1059    131.4180     0.0    131.4180     0.0000 0.0000 Eval_33_5_DP_OP_54J26_129_1059_J26_0_1
core16_1/core4_6/evalB/DP_OP_55J26_130_7099    176.4000     0.0    176.4000     0.0000 0.0000 Eval_33_5_DP_OP_55J26_130_7099_J26_0_1
core16_1/core4_6/evalB/DP_OP_56J26_131_9781    176.0220     0.0    176.0220     0.0000 0.0000 Eval_33_5_DP_OP_56J26_131_9781_J26_0_1
core16_1/core4_6/interp             2613.4920      0.4       0.7560    268.1280  0.0000  Interpolation_36
core16_1/core4_6/interp/interp      2344.6080      0.3       0.2520      0.0000  0.0000  InterpolationComb_36
core16_1/core4_6/interp/interp/DP_OP_106J27_122_4023   2344.3560     0.3   2344.3560     0.0000 0.0000 InterpolationComb_0_DP_OP_106J27_122_4023_J27_0_15
core16_1/core4_6/mult_x_1            865.1160      0.1     865.1160      0.0000  0.0000  core4_35_DW_mult_uns_J32_3_0
core16_1/core4_6/mult_x_2           1006.8660      0.1    1006.8660      0.0000  0.0000  core4_35_DW_mult_uns_J32_2_0
core16_1/core4_6/mult_x_3            967.5540      0.1     967.5540      0.0000  0.0000  core4_35_DW_mult_tc_J32_2_0
core16_1/core4_6/mult_x_4            999.6840      0.1     999.6840      0.0000  0.0000  core4_35_DW_mult_tc_J32_1_0
core16_1/core4_6/mult_x_5           1033.2000      0.1    1033.2000      0.0000  0.0000  core4_35_DW_mult_uns_J32_1_0
core16_1/core4_6/mult_x_6           1065.8340      0.1    1065.8340      0.0000  0.0000  core4_35_DW_mult_tc_J32_0_0
core16_1/core4_6/mult_x_7            859.6980      0.1     859.6980      0.0000  0.0000  core4_35_DW_mult_uns_J32_0_0
core16_1/evalA                       833.3640      0.1      25.4520      0.0000  0.0000  Eval_32_72
core16_1/evalA/DP_OP_54J27_126_4175    215.5860     0.0    215.5860      0.0000  0.0000  Eval_32_69_DP_OP_54J27_126_4175_J27_0_3
core16_1/evalA/DP_OP_55J27_127_4830    296.6040     0.0    296.6040      0.0000  0.0000  Eval_32_69_DP_OP_55J27_127_4830_J27_0_3
core16_1/evalA/DP_OP_56J27_128_5833    295.7220     0.0    295.7220      0.0000  0.0000  Eval_32_69_DP_OP_56J27_128_5833_J27_0_3
core16_1/evalA_1                     833.2380      0.1      25.3260      0.0000  0.0000  Eval_32_71
core16_1/evalA_1/DP_OP_54J27_126_4175    215.5860     0.0    215.5860     0.0000 0.0000  Eval_32_69_DP_OP_54J27_126_4175_J27_0_2
core16_1/evalA_1/DP_OP_55J27_127_4830    296.6040     0.0    296.6040     0.0000 0.0000  Eval_32_69_DP_OP_55J27_127_4830_J27_0_2
core16_1/evalA_1/DP_OP_56J27_128_5833    295.7220     0.0    295.7220     0.0000 0.0000  Eval_32_69_DP_OP_56J27_128_5833_J27_0_2
core16_1/evalA_2                     833.2380      0.1      25.3260      0.0000  0.0000  Eval_32_70
core16_1/evalA_2/DP_OP_54J27_126_4175    215.5860     0.0    215.5860     0.0000 0.0000  Eval_32_69_DP_OP_54J27_126_4175_J27_0_1
core16_1/evalA_2/DP_OP_55J27_127_4830    296.6040     0.0    296.6040     0.0000 0.0000  Eval_32_69_DP_OP_55J27_127_4830_J27_0_1
core16_1/evalA_2/DP_OP_56J27_128_5833    295.7220     0.0    295.7220     0.0000 0.0000  Eval_32_69_DP_OP_56J27_128_5833_J27_0_1
core16_1/evalA_3                     833.4900      0.1      25.5780      0.0000  0.0000  Eval_32_69
core16_1/evalA_3/DP_OP_54J27_126_4175    215.5860     0.0    215.5860     0.0000 0.0000  Eval_32_69_DP_OP_54J27_126_4175_J27_0_0
core16_1/evalA_3/DP_OP_55J27_127_4830    296.6040     0.0    296.6040     0.0000 0.0000  Eval_32_69_DP_OP_55J27_127_4830_J27_0_0
core16_1/evalA_3/DP_OP_56J27_128_5833    295.7220     0.0    295.7220     0.0000 0.0000  Eval_32_69_DP_OP_56J27_128_5833_J27_0_0
core16_1/evalB                       502.8660      0.1      16.2540      0.0000  0.0000  Eval_33_72
core16_1/evalB/DP_OP_54J27_129_883    133.3080     0.0     133.3080      0.0000  0.0000  Eval_33_69_DP_OP_54J27_129_883_J27_0_3
core16_1/evalB/DP_OP_55J27_130_2461    175.5180     0.0    175.5180      0.0000  0.0000  Eval_33_69_DP_OP_55J27_130_2461_J27_0_3
core16_1/evalB/DP_OP_56J27_131_6196    177.7860     0.0    177.7860      0.0000  0.0000  Eval_33_69_DP_OP_56J27_131_6196_J27_0_3
core16_1/evalB_1                     506.2680      0.1      14.7420      0.0000  0.0000  Eval_33_71
core16_1/evalB_1/DP_OP_54J27_129_883    133.9380     0.0    133.9380     0.0000  0.0000  Eval_33_69_DP_OP_54J27_129_883_J27_0_2
core16_1/evalB_1/DP_OP_55J27_130_2461    178.9200     0.0    178.9200     0.0000 0.0000  Eval_33_69_DP_OP_55J27_130_2461_J27_0_2
core16_1/evalB_1/DP_OP_56J27_131_6196    178.6680     0.0    178.6680     0.0000 0.0000  Eval_33_69_DP_OP_56J27_131_6196_J27_0_2
core16_1/evalB_2                     499.8420      0.1      14.7420      0.0000  0.0000  Eval_33_70
core16_1/evalB_2/DP_OP_54J27_129_883    131.4180     0.0    131.4180     0.0000  0.0000  Eval_33_69_DP_OP_54J27_129_883_J27_0_1
core16_1/evalB_2/DP_OP_55J27_130_2461    176.7780     0.0    176.7780     0.0000 0.0000  Eval_33_69_DP_OP_55J27_130_2461_J27_0_1
core16_1/evalB_2/DP_OP_56J27_131_6196    176.9040     0.0    176.9040     0.0000 0.0000  Eval_33_69_DP_OP_56J27_131_6196_J27_0_1
core16_1/evalB_3                     502.4880      0.1      16.2540      0.0000  0.0000  Eval_33_69
core16_1/evalB_3/DP_OP_54J27_129_883    133.3080     0.0    133.3080     0.0000  0.0000  Eval_33_69_DP_OP_54J27_129_883_J27_0_0
core16_1/evalB_3/DP_OP_55J27_130_2461    174.6360     0.0    174.6360     0.0000 0.0000  Eval_33_69_DP_OP_55J27_130_2461_J27_0_0
core16_1/evalB_3/DP_OP_56J27_131_6196    178.2900     0.0    178.2900     0.0000 0.0000  Eval_33_69_DP_OP_56J27_131_6196_J27_0_0
core16_1/interp                     8860.6979      1.2       0.7560    969.6960  0.0000  Interpolation_7_5
core16_1/interp/interp              7890.2459      1.1       0.2520      0.0000  0.0000  InterpolationComb_7_5
core16_1/interp/interp/DP_OP_421J12_122_4174   7889.9939     1.1   7889.9939     0.0000 0.0000 InterpolationComb_7_0_DP_OP_421J12_122_4174_J12_0_1
core16_2                           94577.1108     12.9       2.0160   1897.0560  0.0000  core16_4
core16_2/core4_0                   10351.4039      1.4       1.0080    517.9860  0.0000  core4_34
core16_2/core4_0/evalA               765.4500      0.1      23.0580      0.0000  0.0000  Eval_32_34
core16_2/core4_0/evalA/DP_OP_54J18_122_3077    198.8280     0.0    198.8280     0.0000 0.0000 Eval_32_28_DP_OP_54J18_122_3077_J18_0_1
core16_2/core4_0/evalA/DP_OP_55J18_123_9952    268.7580     0.0    268.7580     0.0000 0.0000 Eval_32_28_DP_OP_55J18_123_9952_J18_0_1
core16_2/core4_0/evalA/DP_OP_56J18_124_7035    274.8060     0.0    274.8060     0.0000 0.0000 Eval_32_28_DP_OP_56J18_124_7035_J18_0_1
core16_2/core4_0/evalB               424.2420      0.1      13.7340      0.0000  0.0000  Eval_33_34
core16_2/core4_0/evalB/DP_OP_54J22_125_3335    110.1240     0.0    110.1240     0.0000 0.0000 Eval_33_28_DP_OP_54J22_125_3335_J22_0_1
core16_2/core4_0/evalB/DP_OP_55J22_126_8732    146.7900     0.0    146.7900     0.0000 0.0000 Eval_33_28_DP_OP_55J22_126_8732_J22_0_1
core16_2/core4_0/evalB/DP_OP_56J22_127_6811    153.5940     0.0    153.5940     0.0000 0.0000 Eval_33_28_DP_OP_56J22_127_6811_J22_0_1
core16_2/core4_0/interp             2614.5000      0.4       0.7560    268.1280  0.0000  Interpolation_35
core16_2/core4_0/interp/interp      2345.6160      0.3       0.2520      0.0000  0.0000  InterpolationComb_35
core16_2/core4_0/interp/interp/DP_OP_106J27_122_4023   2345.3640     0.3   2345.3640     0.0000 0.0000 InterpolationComb_0_DP_OP_106J27_122_4023_J27_0_14
core16_2/core4_0/mult_x_1            743.2740      0.1     743.2740      0.0000  0.0000  core4_28_DW_mult_uns_J15_3_1
core16_2/core4_0/mult_x_2            908.3340      0.1     908.3340      0.0000  0.0000  core4_28_DW_mult_uns_J15_2_1
core16_2/core4_0/mult_x_3            864.1080      0.1     864.1080      0.0000  0.0000  core4_28_DW_mult_tc_J15_2_1
core16_2/core4_0/mult_x_4            858.4380      0.1     858.4380      0.0000  0.0000  core4_28_DW_mult_tc_J15_1_1
core16_2/core4_0/mult_x_5            960.6240      0.1     960.6240      0.0000  0.0000  core4_28_DW_mult_uns_J15_1_1
core16_2/core4_0/mult_x_6            945.7560      0.1     945.7560      0.0000  0.0000  core4_28_DW_mult_tc_J15_0_1
core16_2/core4_0/mult_x_7            747.6840      0.1     747.6840      0.0000  0.0000  core4_28_DW_mult_uns_J15_0_1
core16_2/core4_1                   11566.5478      1.6       1.0080    517.6080  0.0000  core4_33
core16_2/core4_1/evalA               864.6120      0.1      27.0900      0.0000  0.0000  Eval_32_33
core16_2/core4_1/evalA/DP_OP_55J26_123_7810    221.3820     0.0    221.3820     0.0000 0.0000 Eval_32_33_DP_OP_55J26_123_7810_J26_0
core16_2/core4_1/evalA/DP_OP_56J26_124_154    311.5980     0.0    311.5980     0.0000 0.0000 Eval_32_33_DP_OP_56J26_124_154_J26_0
core16_2/core4_1/evalA/DP_OP_57J26_125_8419    304.5420     0.0    304.5420     0.0000 0.0000 Eval_32_33_DP_OP_57J26_125_8419_J26_0
core16_2/core4_1/evalB               547.9740      0.1      17.2620      0.0000  0.0000  Eval_33_33
core16_2/core4_1/evalB/DP_OP_54J20_122_1014    144.0180     0.0    144.0180     0.0000 0.0000 Eval_33_33_DP_OP_54J20_122_1014_J20_0
core16_2/core4_1/evalB/DP_OP_55J20_123_7030    193.6620     0.0    193.6620     0.0000 0.0000 Eval_33_33_DP_OP_55J20_123_7030_J20_0
core16_2/core4_1/evalB/DP_OP_56J20_124_2242    193.0320     0.0    193.0320     0.0000 0.0000 Eval_33_33_DP_OP_56J20_124_2242_J20_0
core16_2/core4_1/interp             2613.1140      0.4       0.7560    268.1280  0.0000  Interpolation_34
core16_2/core4_1/interp/interp      2344.2300      0.3       0.2520      0.0000  0.0000  InterpolationComb_34
core16_2/core4_1/interp/interp/DP_OP_106J27_122_4023   2343.9780     0.3   2343.9780     0.0000 0.0000 InterpolationComb_0_DP_OP_106J27_122_4023_J27_0_13
core16_2/core4_1/mult_x_1            906.9480      0.1     906.9480      0.0000  0.0000  core4_33_DW_mult_uns_J29_1
core16_2/core4_1/mult_x_2           1014.3000      0.1    1014.3000      0.0000  0.0000  core4_33_DW_mult_tc_J29_4
core16_2/core4_1/mult_x_3           1037.9880      0.1    1037.9880      0.0000  0.0000  core4_33_DW_mult_tc_J29_3
core16_2/core4_1/mult_x_4           1017.9540      0.1    1017.9540      0.0000  0.0000  core4_33_DW_mult_tc_J29_2
core16_2/core4_1/mult_x_5           1052.4780      0.1    1052.4780      0.0000  0.0000  core4_33_DW_mult_tc_J29_1
core16_2/core4_1/mult_x_6           1081.9620      0.1    1081.9620      0.0000  0.0000  core4_33_DW_mult_tc_J29_0
core16_2/core4_1/mult_x_7            910.6020      0.1     910.6020      0.0000  0.0000  core4_33_DW_mult_uns_J29_0
core16_2/core4_2                   10923.0659      1.5       1.0080    518.1120  0.0000  core4_32
core16_2/core4_2/evalA               807.9120      0.1      24.6960      0.0000  0.0000  Eval_32_32
core16_2/core4_2/evalA/DP_OP_53J27_123_3533    207.9000     0.0    207.9000     0.0000 0.0000 Eval_32_1_DP_OP_53J27_123_3533_J27_0_24
core16_2/core4_2/evalA/DP_OP_54J27_124_9398    285.2640     0.0    285.2640     0.0000 0.0000 Eval_32_1_DP_OP_54J27_124_9398_J27_0_24
core16_2/core4_2/evalA/DP_OP_55J27_125_9832    290.0520     0.0    290.0520     0.0000 0.0000 Eval_32_1_DP_OP_55J27_125_9832_J27_0_24
core16_2/core4_2/evalB               471.6180      0.1      14.6160      0.0000  0.0000  Eval_33_32
core16_2/core4_2/evalB/DP_OP_53J23_122_9164    122.7240     0.0    122.7240     0.0000 0.0000 Eval_33_1_DP_OP_53J23_122_9164_J23_0_22
core16_2/core4_2/evalB/DP_OP_54J23_123_1920    163.4220     0.0    163.4220     0.0000 0.0000 Eval_33_1_DP_OP_54J23_123_1920_J23_0_22
core16_2/core4_2/evalB/DP_OP_55J23_124_2354    170.8560     0.0    170.8560     0.0000 0.0000 Eval_33_1_DP_OP_55J23_124_2354_J23_0_22
core16_2/core4_2/interp             2712.4020      0.4       0.7560    276.1920  0.0000  Interpolation_33
core16_2/core4_2/interp/interp      2435.4540      0.3       0.2520      0.0000  0.0000  InterpolationComb_33
core16_2/core4_2/interp/interp/DP_OP_106J26_122_4688   2435.2020     0.3   2435.2020     0.0000 0.0000 InterpolationComb_1_DP_OP_106J26_122_4688_J26_0_19
core16_2/core4_2/mult_x_1            835.7580      0.1     835.7580      0.0000  0.0000  core4_1_DW_mult_tc_J20_6_16
core16_2/core4_2/mult_x_2            941.2200      0.1     941.2200      0.0000  0.0000  core4_1_DW_mult_tc_J20_5_16
core16_2/core4_2/mult_x_3            896.3640      0.1     896.3640      0.0000  0.0000  core4_1_DW_mult_tc_J20_4_16
core16_2/core4_2/mult_x_4            931.3920      0.1     931.3920      0.0000  0.0000  core4_1_DW_mult_tc_J20_3_16
core16_2/core4_2/mult_x_5            967.8060      0.1     967.8060      0.0000  0.0000  core4_1_DW_mult_tc_J20_2_16
core16_2/core4_2/mult_x_6           1003.7160      0.1    1003.7160      0.0000  0.0000  core4_1_DW_mult_tc_J20_1_16
core16_2/core4_2/mult_x_7            835.7580      0.1     835.7580      0.0000  0.0000  core4_1_DW_mult_tc_J20_0_16
core16_2/core4_3                   11779.3618      1.6       0.7560    517.8600  0.0000  core4_31
core16_2/core4_3/evalA               879.8580      0.1      28.2240      0.0000  0.0000  Eval_32_31
core16_2/core4_3/evalA/DP_OP_53J27_123_3533    222.6420     0.0    222.6420     0.0000 0.0000 Eval_32_1_DP_OP_53J27_123_3533_J27_0_23
core16_2/core4_3/evalA/DP_OP_54J27_124_9398    321.1740     0.0    321.1740     0.0000 0.0000 Eval_32_1_DP_OP_54J27_124_9398_J27_0_23
core16_2/core4_3/evalA/DP_OP_55J27_125_9832    307.8180     0.0    307.8180     0.0000 0.0000 Eval_32_1_DP_OP_55J27_125_9832_J27_0_23
core16_2/core4_3/evalB               638.0640      0.1      21.2940      0.0000  0.0000  Eval_33_31
core16_2/core4_3/evalB/DP_OP_53J23_122_9164    160.5240     0.0    160.5240     0.0000 0.0000 Eval_33_1_DP_OP_53J23_122_9164_J23_0_21
core16_2/core4_3/evalB/DP_OP_54J23_123_1920    234.9900     0.0    234.9900     0.0000 0.0000 Eval_33_1_DP_OP_54J23_123_1920_J23_0_21
core16_2/core4_3/evalB/DP_OP_55J23_124_2354    221.2560     0.0    221.2560     0.0000 0.0000 Eval_33_1_DP_OP_55J23_124_2354_J23_0_21
core16_2/core4_3/interp             2712.9060      0.4       0.7560    276.1920  0.0000  Interpolation_32
core16_2/core4_3/interp/interp      2435.9580      0.3       0.2520      0.0000  0.0000  InterpolationComb_32
core16_2/core4_3/interp/interp/DP_OP_106J26_122_4688   2435.7060     0.3   2435.7060     0.0000 0.0000 InterpolationComb_1_DP_OP_106J26_122_4688_J26_0_18
core16_2/core4_3/mult_x_1            828.0720      0.1     828.0720      0.0000  0.0000  core4_1_DW_mult_tc_J20_6_15
core16_2/core4_3/mult_x_2           1043.1540      0.1    1043.1540      0.0000  0.0000  core4_1_DW_mult_tc_J20_5_15
core16_2/core4_3/mult_x_3           1084.7340      0.1    1084.7340      0.0000  0.0000  core4_1_DW_mult_tc_J20_4_15
core16_2/core4_3/mult_x_4           1083.9780      0.1    1083.9780      0.0000  0.0000  core4_1_DW_mult_tc_J20_3_15
core16_2/core4_3/mult_x_5           1081.2060      0.1    1081.2060      0.0000  0.0000  core4_1_DW_mult_tc_J20_2_15
core16_2/core4_3/mult_x_6           1081.0800      0.1    1081.0800      0.0000  0.0000  core4_1_DW_mult_tc_J20_1_15
core16_2/core4_3/mult_x_7            827.6940      0.1     827.6940      0.0000  0.0000  core4_1_DW_mult_tc_J20_0_15
core16_2/core4_4                   11647.9438      1.6       1.0080    517.9860  0.0000  core4_30
core16_2/core4_4/evalA               863.9820      0.1      26.9640      0.0000  0.0000  Eval_32_30
core16_2/core4_4/evalA/DP_OP_54J28_122_598    220.3740     0.0    220.3740     0.0000 0.0000 Eval_32_30_DP_OP_54J28_122_598_J28_0
core16_2/core4_4/evalA/DP_OP_55J28_123_2724    310.9680     0.0    310.9680     0.0000 0.0000 Eval_32_30_DP_OP_55J28_123_2724_J28_0
core16_2/core4_4/evalA/DP_OP_56J28_124_8504    305.6760     0.0    305.6760     0.0000 0.0000 Eval_32_30_DP_OP_56J28_124_8504_J28_0
core16_2/core4_4/evalB               545.4540      0.1      17.2620      0.0000  0.0000  Eval_33_30
core16_2/core4_4/evalB/DP_OP_54J28_125_9023    142.2540     0.0    142.2540     0.0000 0.0000 Eval_33_30_DP_OP_54J28_125_9023_J28_0
core16_2/core4_4/evalB/DP_OP_55J28_126_8917    189.0000     0.0    189.0000     0.0000 0.0000 Eval_33_30_DP_OP_55J28_126_8917_J28_0
core16_2/core4_4/evalB/DP_OP_56J28_127_2315    196.9380     0.0    196.9380     0.0000 0.0000 Eval_33_30_DP_OP_56J28_127_2315_J28_0
core16_2/core4_4/interp             2713.4100      0.4       0.7560    276.1920  0.0000  Interpolation_31
core16_2/core4_4/interp/interp      2436.4620      0.3       0.2520      0.0000  0.0000  InterpolationComb_31
core16_2/core4_4/interp/interp/DP_OP_106J26_122_4688   2436.2100     0.3   2436.2100     0.0000 0.0000 InterpolationComb_1_DP_OP_106J26_122_4688_J26_0_17
core16_2/core4_4/mult_x_1            926.2260      0.1     926.2260      0.0000  0.0000  core4_30_DW_mult_uns_J30_2
core16_2/core4_4/mult_x_2           1038.6180      0.1    1038.6180      0.0000  0.0000  core4_30_DW_mult_tc_J30_3
core16_2/core4_4/mult_x_3            986.4540      0.1     986.4540      0.0000  0.0000  core4_30_DW_mult_tc_J30_2
core16_2/core4_4/mult_x_4           1006.1100      0.1    1006.1100      0.0000  0.0000  core4_30_DW_mult_tc_J30_1
core16_2/core4_4/mult_x_5           1052.2260      0.1    1052.2260      0.0000  0.0000  core4_30_DW_mult_uns_J30_1
core16_2/core4_4/mult_x_6           1070.2440      0.1    1070.2440      0.0000  0.0000  core4_30_DW_mult_tc_J30_0
core16_2/core4_4/mult_x_7            926.2260      0.1     926.2260      0.0000  0.0000  core4_30_DW_mult_uns_J30_0
core16_2/core4_5                   11940.5158      1.6       0.7560    517.4820  0.0000  core4_29
core16_2/core4_5/evalA               880.1100      0.1      28.3500      0.0000  0.0000  Eval_32_29
core16_2/core4_5/evalA/DP_OP_53J27_123_3533    222.6420     0.0    222.6420     0.0000 0.0000 Eval_32_1_DP_OP_53J27_123_3533_J27_0_22
core16_2/core4_5/evalA/DP_OP_54J27_124_9398    321.1740     0.0    321.1740     0.0000 0.0000 Eval_32_1_DP_OP_54J27_124_9398_J27_0_22
core16_2/core4_5/evalA/DP_OP_55J27_125_9832    307.9440     0.0    307.9440     0.0000 0.0000 Eval_32_1_DP_OP_55J27_125_9832_J27_0_22
core16_2/core4_5/evalB               639.7020      0.1      21.6720      0.0000  0.0000  Eval_33_29
core16_2/core4_5/evalB/DP_OP_53J23_122_9164    161.5320     0.0    161.5320     0.0000 0.0000 Eval_33_1_DP_OP_53J23_122_9164_J23_0_20
core16_2/core4_5/evalB/DP_OP_54J23_123_1920    234.2340     0.0    234.2340     0.0000 0.0000 Eval_33_1_DP_OP_54J23_123_1920_J23_0_20
core16_2/core4_5/evalB/DP_OP_55J23_124_2354    222.2640     0.0    222.2640     0.0000 0.0000 Eval_33_1_DP_OP_55J23_124_2354_J23_0_20
core16_2/core4_5/interp             2713.4100      0.4       0.7560    276.1920  0.0000  Interpolation_30
core16_2/core4_5/interp/interp      2436.4620      0.3       0.2520      0.0000  0.0000  InterpolationComb_30
core16_2/core4_5/interp/interp/DP_OP_106J26_122_4688   2436.2100     0.3   2436.2100     0.0000 0.0000 InterpolationComb_1_DP_OP_106J26_122_4688_J26_0_16
core16_2/core4_5/mult_x_1            910.0980      0.1     910.0980      0.0000  0.0000  core4_1_DW_mult_tc_J20_6_14
core16_2/core4_5/mult_x_2           1039.2480      0.1    1039.2480      0.0000  0.0000  core4_1_DW_mult_tc_J20_5_14
core16_2/core4_5/mult_x_3           1083.9780      0.1    1083.9780      0.0000  0.0000  core4_1_DW_mult_tc_J20_4_14
core16_2/core4_5/mult_x_4           1081.9620      0.1    1081.9620      0.0000  0.0000  core4_1_DW_mult_tc_J20_3_14
core16_2/core4_5/mult_x_5           1081.8360      0.1    1081.8360      0.0000  0.0000  core4_1_DW_mult_tc_J20_2_14
core16_2/core4_5/mult_x_6           1081.8360      0.1    1081.8360      0.0000  0.0000  core4_1_DW_mult_tc_J20_1_14
core16_2/core4_5/mult_x_7            910.0980      0.1     910.0980      0.0000  0.0000  core4_1_DW_mult_tc_J20_0_14
core16_2/core4_6                   10361.1059      1.4       1.0080    517.9860  0.0000  core4_28
core16_2/core4_6/evalA               765.4500      0.1      23.1840      0.0000  0.0000  Eval_32_28
core16_2/core4_6/evalA/DP_OP_54J18_122_3077    198.8280     0.0    198.8280     0.0000 0.0000 Eval_32_28_DP_OP_54J18_122_3077_J18_0_0
core16_2/core4_6/evalA/DP_OP_55J18_123_9952    268.7580     0.0    268.7580     0.0000 0.0000 Eval_32_28_DP_OP_55J18_123_9952_J18_0_0
core16_2/core4_6/evalA/DP_OP_56J18_124_7035    274.6800     0.0    274.6800     0.0000 0.0000 Eval_32_28_DP_OP_56J18_124_7035_J18_0_0
core16_2/core4_6/evalB               426.6360      0.1      13.6080      0.0000  0.0000  Eval_33_28
core16_2/core4_6/evalB/DP_OP_54J22_125_3335    110.1240     0.0    110.1240     0.0000 0.0000 Eval_33_28_DP_OP_54J22_125_3335_J22_0_0
core16_2/core4_6/evalB/DP_OP_55J22_126_8732    148.0500     0.0    148.0500     0.0000 0.0000 Eval_33_28_DP_OP_55J22_126_8732_J22_0_0
core16_2/core4_6/evalB/DP_OP_56J22_127_6811    154.8540     0.0    154.8540     0.0000 0.0000 Eval_33_28_DP_OP_56J22_127_6811_J22_0_0
core16_2/core4_6/interp             2614.1220      0.4       0.7560    268.1280  0.0000  Interpolation_29
core16_2/core4_6/interp/interp      2345.2380      0.3       0.2520      0.0000  0.0000  InterpolationComb_29
core16_2/core4_6/interp/interp/DP_OP_106J27_122_4023   2344.9860     0.3   2344.9860     0.0000 0.0000 InterpolationComb_0_DP_OP_106J27_122_4023_J27_0_12
core16_2/core4_6/mult_x_1            748.0620      0.1     748.0620      0.0000  0.0000  core4_28_DW_mult_uns_J15_3_0
core16_2/core4_6/mult_x_2            910.2240      0.1     910.2240      0.0000  0.0000  core4_28_DW_mult_uns_J15_2_0
core16_2/core4_6/mult_x_3            861.8400      0.1     861.8400      0.0000  0.0000  core4_28_DW_mult_tc_J15_2_0
core16_2/core4_6/mult_x_4            865.2420      0.1     865.2420      0.0000  0.0000  core4_28_DW_mult_tc_J15_1_0
core16_2/core4_6/mult_x_5            959.4900      0.1     959.4900      0.0000  0.0000  core4_28_DW_mult_uns_J15_1_0
core16_2/core4_6/mult_x_6            947.7720      0.1     947.7720      0.0000  0.0000  core4_28_DW_mult_tc_J15_0_0
core16_2/core4_6/mult_x_7            743.2740      0.1     743.2740      0.0000  0.0000  core4_28_DW_mult_uns_J15_0_0
core16_2/evalA                       765.4500      0.1      23.1840      0.0000  0.0000  Eval_32_68
core16_2/evalA/DP_OP_54J15_122_5398    198.8280     0.0    198.8280      0.0000  0.0000  Eval_32_65_DP_OP_54J15_122_5398_J15_0_3
core16_2/evalA/DP_OP_55J15_123_3777    268.7580     0.0    268.7580      0.0000  0.0000  Eval_32_65_DP_OP_55J15_123_3777_J15_0_3
core16_2/evalA/DP_OP_56J15_124_1913    274.6800     0.0    274.6800      0.0000  0.0000  Eval_32_65_DP_OP_56J15_124_1913_J15_0_3
core16_2/evalA_1                     765.3240      0.1      22.9320      0.0000  0.0000  Eval_32_67
core16_2/evalA_1/DP_OP_54J15_122_5398    198.8280     0.0    198.8280     0.0000 0.0000  Eval_32_65_DP_OP_54J15_122_5398_J15_0_2
core16_2/evalA_1/DP_OP_55J15_123_3777    268.7580     0.0    268.7580     0.0000 0.0000  Eval_32_65_DP_OP_55J15_123_3777_J15_0_2
core16_2/evalA_1/DP_OP_56J15_124_1913    274.8060     0.0    274.8060     0.0000 0.0000  Eval_32_65_DP_OP_56J15_124_1913_J15_0_2
core16_2/evalA_2                     765.3240      0.1      22.9320      0.0000  0.0000  Eval_32_66
core16_2/evalA_2/DP_OP_54J15_122_5398    198.8280     0.0    198.8280     0.0000 0.0000  Eval_32_65_DP_OP_54J15_122_5398_J15_0_1
core16_2/evalA_2/DP_OP_55J15_123_3777    268.7580     0.0    268.7580     0.0000 0.0000  Eval_32_65_DP_OP_55J15_123_3777_J15_0_1
core16_2/evalA_2/DP_OP_56J15_124_1913    274.8060     0.0    274.8060     0.0000 0.0000  Eval_32_65_DP_OP_56J15_124_1913_J15_0_1
core16_2/evalA_3                     765.4500      0.1      23.0580      0.0000  0.0000  Eval_32_65
core16_2/evalA_3/DP_OP_54J15_122_5398    198.8280     0.0    198.8280     0.0000 0.0000  Eval_32_65_DP_OP_54J15_122_5398_J15_0_0
core16_2/evalA_3/DP_OP_55J15_123_3777    268.7580     0.0    268.7580     0.0000 0.0000  Eval_32_65_DP_OP_55J15_123_3777_J15_0_0
core16_2/evalA_3/DP_OP_56J15_124_1913    274.8060     0.0    274.8060     0.0000 0.0000  Eval_32_65_DP_OP_56J15_124_1913_J15_0_0
core16_2/evalB                       422.7300      0.1      13.6080      0.0000  0.0000  Eval_33_68
core16_2/evalB/DP_OP_54J23_125_7300    109.4940     0.0    109.4940      0.0000  0.0000  Eval_33_65_DP_OP_54J23_125_7300_J23_0_3
core16_2/evalB/DP_OP_55J23_126_1408    146.7900     0.0    146.7900      0.0000  0.0000  Eval_33_65_DP_OP_55J23_126_1408_J23_0_3
core16_2/evalB/DP_OP_56J23_127_2646    152.8380     0.0    152.8380      0.0000  0.0000  Eval_33_65_DP_OP_56J23_127_2646_J23_0_3
core16_2/evalB_1                     423.7380      0.1      12.3480      0.0000  0.0000  Eval_33_67
core16_2/evalB_1/DP_OP_54J23_125_7300    108.8640     0.0    108.8640     0.0000 0.0000  Eval_33_65_DP_OP_54J23_125_7300_J23_0_2
core16_2/evalB_1/DP_OP_55J23_126_1408    148.6800     0.0    148.6800     0.0000 0.0000  Eval_33_65_DP_OP_55J23_126_1408_J23_0_2
core16_2/evalB_1/DP_OP_56J23_127_2646    153.8460     0.0    153.8460     0.0000 0.0000  Eval_33_65_DP_OP_56J23_127_2646_J23_0_2
core16_2/evalB_2                     430.2900      0.1      12.3480      0.0000  0.0000  Eval_33_66
core16_2/evalB_2/DP_OP_54J23_125_7300    111.5100     0.0    111.5100     0.0000 0.0000  Eval_33_65_DP_OP_54J23_125_7300_J23_0_1
core16_2/evalB_2/DP_OP_55J23_126_1408    150.4440     0.0    150.4440     0.0000 0.0000  Eval_33_65_DP_OP_55J23_126_1408_J23_0_1
core16_2/evalB_2/DP_OP_56J23_127_2646    155.9880     0.0    155.9880     0.0000 0.0000  Eval_33_65_DP_OP_56J23_127_2646_J23_0_1
core16_2/evalB_3                     428.7780      0.1      13.6080      0.0000  0.0000  Eval_33_65
core16_2/evalB_3/DP_OP_54J23_125_7300    112.0140     0.0    112.0140     0.0000 0.0000  Eval_33_65_DP_OP_54J23_125_7300_J23_0_0
core16_2/evalB_3/DP_OP_55J23_126_1408    149.1840     0.0    149.1840     0.0000 0.0000  Eval_33_65_DP_OP_55J23_126_1408_J23_0_0
core16_2/evalB_3/DP_OP_56J23_127_2646    153.9720     0.0    153.9720     0.0000 0.0000  Eval_33_65_DP_OP_56J23_127_2646_J23_0_0
core16_2/interp                     9341.0099      1.3       0.7560   1001.9520  0.0000  Interpolation_7_4
core16_2/interp/interp              8338.3019      1.1       0.2520      0.0000  0.0000  InterpolationComb_7_4
core16_2/interp/interp/DP_OP_421J11_122_4903   8338.0499     1.1   8338.0499     0.0000 0.0000 InterpolationComb_7_1_DP_OP_421J11_122_4903_J11_0_3
core16_3                          101536.4687     13.8       2.0160   1897.0560  0.0000  core16_3
core16_3/core4_0                   11624.3818      1.6       0.7560    517.8600  0.0000  core4_27
core16_3/core4_0/evalA               879.4800      0.1      27.8460      0.0000  0.0000  Eval_32_27
core16_3/core4_0/evalA/DP_OP_53J27_123_3533    222.6420     0.0    222.6420     0.0000 0.0000 Eval_32_1_DP_OP_53J27_123_3533_J27_0_21
core16_3/core4_0/evalA/DP_OP_54J27_124_9398    321.1740     0.0    321.1740     0.0000 0.0000 Eval_32_1_DP_OP_54J27_124_9398_J27_0_21
core16_3/core4_0/evalA/DP_OP_55J27_125_9832    307.8180     0.0    307.8180     0.0000 0.0000 Eval_32_1_DP_OP_55J27_125_9832_J27_0_21
core16_3/core4_0/evalB               641.8440      0.1      21.4200      0.0000  0.0000  Eval_33_27
core16_3/core4_0/evalB/DP_OP_53J23_122_9164    163.2960     0.0    163.2960     0.0000 0.0000 Eval_33_1_DP_OP_53J23_122_9164_J23_0_19
core16_3/core4_0/evalB/DP_OP_54J23_123_1920    235.6200     0.0    235.6200     0.0000 0.0000 Eval_33_1_DP_OP_54J23_123_1920_J23_0_19
core16_3/core4_0/evalB/DP_OP_55J23_124_2354    221.5080     0.0    221.5080     0.0000 0.0000 Eval_33_1_DP_OP_55J23_124_2354_J23_0_19
core16_3/core4_0/interp             2612.9880      0.4       0.7560    268.1280  0.0000  Interpolation_28
core16_3/core4_0/interp/interp      2344.1040      0.3       0.2520      0.0000  0.0000  InterpolationComb_28
core16_3/core4_0/interp/interp/DP_OP_106J27_122_4023   2343.8520     0.3   2343.8520     0.0000 0.0000 InterpolationComb_0_DP_OP_106J27_122_4023_J27_0_11
core16_3/core4_0/mult_x_1            801.8640      0.1     801.8640      0.0000  0.0000  core4_7_DW_mult_tc_J21_6_5
core16_3/core4_0/mult_x_2           1039.6260      0.1    1039.6260      0.0000  0.0000  core4_7_DW_mult_tc_J21_5_5
core16_3/core4_0/mult_x_3           1080.7020      0.1    1080.7020      0.0000  0.0000  core4_7_DW_mult_tc_J21_4_5
core16_3/core4_0/mult_x_4           1081.9620      0.1    1081.9620      0.0000  0.0000  core4_7_DW_mult_tc_J21_3_5
core16_3/core4_0/mult_x_5           1084.2300      0.1    1084.2300      0.0000  0.0000  core4_7_DW_mult_tc_J21_2_5
core16_3/core4_0/mult_x_6           1081.2060      0.1    1081.2060      0.0000  0.0000  core4_7_DW_mult_tc_J21_1_5
core16_3/core4_0/mult_x_7            801.8640      0.1     801.8640      0.0000  0.0000  core4_7_DW_mult_tc_J21_0_5
core16_3/core4_1                   12116.5378      1.6       0.7560    517.6080  0.0000  core4_26
core16_3/core4_1/evalA               882.8820      0.1      31.2480      0.0000  0.0000  Eval_32_26
core16_3/core4_1/evalA/DP_OP_53J27_123_3533    222.6420     0.0    222.6420     0.0000 0.0000 Eval_32_1_DP_OP_53J27_123_3533_J27_0_20
core16_3/core4_1/evalA/DP_OP_54J27_124_9398    321.1740     0.0    321.1740     0.0000 0.0000 Eval_32_1_DP_OP_54J27_124_9398_J27_0_20
core16_3/core4_1/evalA/DP_OP_55J27_125_9832    307.8180     0.0    307.8180     0.0000 0.0000 Eval_32_1_DP_OP_55J27_125_9832_J27_0_20
core16_3/core4_1/evalB               637.8120      0.1      22.0500      0.0000  0.0000  Eval_33_26
core16_3/core4_1/evalB/DP_OP_53J23_122_9164    158.5080     0.0    158.5080     0.0000 0.0000 Eval_33_1_DP_OP_53J23_122_9164_J23_0_18
core16_3/core4_1/evalB/DP_OP_54J23_123_1920    233.6040     0.0    233.6040     0.0000 0.0000 Eval_33_1_DP_OP_54J23_123_1920_J23_0_18
core16_3/core4_1/evalB/DP_OP_55J23_124_2354    223.6500     0.0    223.6500     0.0000 0.0000 Eval_33_1_DP_OP_55J23_124_2354_J23_0_18
core16_3/core4_1/interp             2614.5000      0.4       0.7560    268.1280  0.0000  Interpolation_27
core16_3/core4_1/interp/interp      2345.6160      0.3       0.2520      0.0000  0.0000  InterpolationComb_27
core16_3/core4_1/interp/interp/DP_OP_106J27_122_4023   2345.3640     0.3   2345.3640     0.0000 0.0000 InterpolationComb_0_DP_OP_106J27_122_4023_J27_0_10
core16_3/core4_1/mult_x_1           1039.6260      0.1    1039.6260      0.0000  0.0000  core4_7_DW_mult_tc_J21_6_4
core16_3/core4_1/mult_x_2           1040.3820      0.1    1040.3820      0.0000  0.0000  core4_7_DW_mult_tc_J21_5_4
core16_3/core4_1/mult_x_3           1085.3640      0.1    1085.3640      0.0000  0.0000  core4_7_DW_mult_tc_J21_4_4
core16_3/core4_1/mult_x_4           1083.7260      0.1    1083.7260      0.0000  0.0000  core4_7_DW_mult_tc_J21_3_4
core16_3/core4_1/mult_x_5           1087.5060      0.1    1087.5060      0.0000  0.0000  core4_7_DW_mult_tc_J21_2_4
core16_3/core4_1/mult_x_6           1086.4980      0.1    1086.4980      0.0000  0.0000  core4_7_DW_mult_tc_J21_1_4
core16_3/core4_1/mult_x_7           1039.8780      0.1    1039.8780      0.0000  0.0000  core4_7_DW_mult_tc_J21_0_4
core16_3/core4_2                   12204.8638      1.7       0.7560    517.4820  0.0000  core4_25
core16_3/core4_2/evalA               887.5440      0.1      31.5000      0.0000  0.0000  Eval_32_25
core16_3/core4_2/evalA/DP_OP_53J27_123_3533    222.6420     0.0    222.6420     0.0000 0.0000 Eval_32_1_DP_OP_53J27_123_3533_J27_0_19
core16_3/core4_2/evalA/DP_OP_54J27_124_9398    321.1740     0.0    321.1740     0.0000 0.0000 Eval_32_1_DP_OP_54J27_124_9398_J27_0_19
core16_3/core4_2/evalA/DP_OP_55J27_125_9832    312.2280     0.0    312.2280     0.0000 0.0000 Eval_32_1_DP_OP_55J27_125_9832_J27_0_19
core16_3/core4_2/evalB               637.0560      0.1      21.6720      0.0000  0.0000  Eval_33_25
core16_3/core4_2/evalB/DP_OP_53J23_122_9164    160.0200     0.0    160.0200     0.0000 0.0000 Eval_33_1_DP_OP_53J23_122_9164_J23_0_17
core16_3/core4_2/evalB/DP_OP_54J23_123_1920    234.6120     0.0    234.6120     0.0000 0.0000 Eval_33_1_DP_OP_54J23_123_1920_J23_0_17
core16_3/core4_2/evalB/DP_OP_55J23_124_2354    220.7520     0.0    220.7520     0.0000 0.0000 Eval_33_1_DP_OP_55J23_124_2354_J23_0_17
core16_3/core4_2/interp             2712.4020      0.4       0.7560    276.1920  0.0000  Interpolation_26
core16_3/core4_2/interp/interp      2435.4540      0.3       0.2520      0.0000  0.0000  InterpolationComb_26
core16_3/core4_2/interp/interp/DP_OP_106J26_122_4688   2435.2020     0.3   2435.2020     0.0000 0.0000 InterpolationComb_1_DP_OP_106J26_122_4688_J26_0_15
core16_3/core4_2/mult_x_1           1039.8780      0.1    1039.8780      0.0000  0.0000  core4_1_DW_mult_tc_J20_6_13
core16_3/core4_2/mult_x_2           1040.7600      0.1    1040.7600      0.0000  0.0000  core4_1_DW_mult_tc_J20_5_13
core16_3/core4_2/mult_x_3           1081.7100      0.1    1081.7100      0.0000  0.0000  core4_1_DW_mult_tc_J20_4_13
core16_3/core4_2/mult_x_4           1084.6080      0.1    1084.6080      0.0000  0.0000  core4_1_DW_mult_tc_J20_3_13
core16_3/core4_2/mult_x_5           1082.0880      0.1    1082.0880      0.0000  0.0000  core4_1_DW_mult_tc_J20_2_13
core16_3/core4_2/mult_x_6           1081.0800      0.1    1081.0800      0.0000  0.0000  core4_1_DW_mult_tc_J20_1_13
core16_3/core4_2/mult_x_7           1039.5000      0.1    1039.5000      0.0000  0.0000  core4_1_DW_mult_tc_J20_0_13
core16_3/core4_3                   12211.7938      1.7       0.7560    517.3560  0.0000  core4_24
core16_3/core4_3/evalA               882.8820      0.1      31.2480      0.0000  0.0000  Eval_32_24
core16_3/core4_3/evalA/DP_OP_53J27_123_3533    222.6420     0.0    222.6420     0.0000 0.0000 Eval_32_1_DP_OP_53J27_123_3533_J27_0_18
core16_3/core4_3/evalA/DP_OP_54J27_124_9398    321.1740     0.0    321.1740     0.0000 0.0000 Eval_32_1_DP_OP_54J27_124_9398_J27_0_18
core16_3/core4_3/evalA/DP_OP_55J27_125_9832    307.8180     0.0    307.8180     0.0000 0.0000 Eval_32_1_DP_OP_55J27_125_9832_J27_0_18
core16_3/core4_3/evalB               637.8120      0.1      21.6720      0.0000  0.0000  Eval_33_24
core16_3/core4_3/evalB/DP_OP_53J23_122_9164    161.2800     0.0    161.2800     0.0000 0.0000 Eval_33_1_DP_OP_53J23_122_9164_J23_0_16
core16_3/core4_3/evalB/DP_OP_54J23_123_1920    234.2340     0.0    234.2340     0.0000 0.0000 Eval_33_1_DP_OP_54J23_123_1920_J23_0_16
core16_3/core4_3/evalB/DP_OP_55J23_124_2354    220.6260     0.0    220.6260     0.0000 0.0000 Eval_33_1_DP_OP_55J23_124_2354_J23_0_16
core16_3/core4_3/interp             2712.4020      0.4       0.7560    276.1920  0.0000  Interpolation_25
core16_3/core4_3/interp/interp      2435.4540      0.3       0.2520      0.0000  0.0000  InterpolationComb_25
core16_3/core4_3/interp/interp/DP_OP_106J26_122_4688   2435.2020     0.3   2435.2020     0.0000 0.0000 InterpolationComb_1_DP_OP_106J26_122_4688_J26_0_14
core16_3/core4_3/mult_x_1           1038.9960      0.1    1038.9960      0.0000  0.0000  core4_1_DW_mult_tc_J20_6_12
core16_3/core4_3/mult_x_2           1043.4060      0.1    1043.4060      0.0000  0.0000  core4_1_DW_mult_tc_J20_5_12
core16_3/core4_3/mult_x_3           1085.3640      0.1    1085.3640      0.0000  0.0000  core4_1_DW_mult_tc_J20_4_12
core16_3/core4_3/mult_x_4           1082.9700      0.1    1082.9700      0.0000  0.0000  core4_1_DW_mult_tc_J20_3_12
core16_3/core4_3/mult_x_5           1088.6400      0.1    1088.6400      0.0000  0.0000  core4_1_DW_mult_tc_J20_2_12
core16_3/core4_3/mult_x_6           1081.4580      0.1    1081.4580      0.0000  0.0000  core4_1_DW_mult_tc_J20_1_12
core16_3/core4_3/mult_x_7           1039.7520      0.1    1039.7520      0.0000  0.0000  core4_1_DW_mult_tc_J20_0_12
core16_3/core4_4                   12206.7538      1.7       0.7560    517.3560  0.0000  core4_23
core16_3/core4_4/evalA               882.8820      0.1      31.2480      0.0000  0.0000  Eval_32_23
core16_3/core4_4/evalA/DP_OP_53J27_123_3533    222.6420     0.0    222.6420     0.0000 0.0000 Eval_32_1_DP_OP_53J27_123_3533_J27_0_17
core16_3/core4_4/evalA/DP_OP_54J27_124_9398    321.1740     0.0    321.1740     0.0000 0.0000 Eval_32_1_DP_OP_54J27_124_9398_J27_0_17
core16_3/core4_4/evalA/DP_OP_55J27_125_9832    307.8180     0.0    307.8180     0.0000 0.0000 Eval_32_1_DP_OP_55J27_125_9832_J27_0_17
core16_3/core4_4/evalB               640.3320      0.1      21.9240      0.0000  0.0000  Eval_33_23
core16_3/core4_4/evalB/DP_OP_53J23_122_9164    162.0360     0.0    162.0360     0.0000 0.0000 Eval_33_1_DP_OP_53J23_122_9164_J23_0_15
core16_3/core4_4/evalB/DP_OP_54J23_123_1920    235.9980     0.0    235.9980     0.0000 0.0000 Eval_33_1_DP_OP_54J23_123_1920_J23_0_15
core16_3/core4_4/evalB/DP_OP_55J23_124_2354    220.3740     0.0    220.3740     0.0000 0.0000 Eval_33_1_DP_OP_55J23_124_2354_J23_0_15
core16_3/core4_4/interp             2712.4020      0.4       0.7560    276.1920  0.0000  Interpolation_24
core16_3/core4_4/interp/interp      2435.4540      0.3       0.2520      0.0000  0.0000  InterpolationComb_24
core16_3/core4_4/interp/interp/DP_OP_106J26_122_4688   2435.2020     0.3   2435.2020     0.0000 0.0000 InterpolationComb_1_DP_OP_106J26_122_4688_J26_0_13
core16_3/core4_4/mult_x_1           1039.2480      0.1    1039.2480      0.0000  0.0000  core4_1_DW_mult_tc_J20_6_11
core16_3/core4_4/mult_x_2           1040.3820      0.1    1040.3820      0.0000  0.0000  core4_1_DW_mult_tc_J20_5_11
core16_3/core4_4/mult_x_3           1089.6480      0.1    1089.6480      0.0000  0.0000  core4_1_DW_mult_tc_J20_4_11
core16_3/core4_4/mult_x_4           1080.9540      0.1    1080.9540      0.0000  0.0000  core4_1_DW_mult_tc_J20_3_11
core16_3/core4_4/mult_x_5           1081.2060      0.1    1081.2060      0.0000  0.0000  core4_1_DW_mult_tc_J20_2_11
core16_3/core4_4/mult_x_6           1081.5840      0.1    1081.5840      0.0000  0.0000  core4_1_DW_mult_tc_J20_1_11
core16_3/core4_4/mult_x_7           1040.0040      0.1    1040.0040      0.0000  0.0000  core4_1_DW_mult_tc_J20_0_11
core16_3/core4_5                   12205.2418      1.7       0.7560    517.7340  0.0000  core4_22
core16_3/core4_5/evalA               882.8820      0.1      31.2480      0.0000  0.0000  Eval_32_22
core16_3/core4_5/evalA/DP_OP_53J27_123_3533    222.6420     0.0    222.6420     0.0000 0.0000 Eval_32_1_DP_OP_53J27_123_3533_J27_0_16
core16_3/core4_5/evalA/DP_OP_54J27_124_9398    321.1740     0.0    321.1740     0.0000 0.0000 Eval_32_1_DP_OP_54J27_124_9398_J27_0_16
core16_3/core4_5/evalA/DP_OP_55J27_125_9832    307.8180     0.0    307.8180     0.0000 0.0000 Eval_32_1_DP_OP_55J27_125_9832_J27_0_16
core16_3/core4_5/evalB               638.3160      0.1      21.7980      0.0000  0.0000  Eval_33_22
core16_3/core4_5/evalB/DP_OP_53J23_122_9164    161.2800     0.0    161.2800     0.0000 0.0000 Eval_33_1_DP_OP_53J23_122_9164_J23_0_14
core16_3/core4_5/evalB/DP_OP_54J23_123_1920    233.8560     0.0    233.8560     0.0000 0.0000 Eval_33_1_DP_OP_54J23_123_1920_J23_0_14
core16_3/core4_5/evalB/DP_OP_55J23_124_2354    221.3820     0.0    221.3820     0.0000 0.0000 Eval_33_1_DP_OP_55J23_124_2354_J23_0_14
core16_3/core4_5/interp             2713.9140      0.4       0.7560    276.1920  0.0000  Interpolation_23
core16_3/core4_5/interp/interp      2436.9660      0.3       0.2520      0.0000  0.0000  InterpolationComb_23
core16_3/core4_5/interp/interp/DP_OP_106J26_122_4688   2436.7140     0.3   2436.7140     0.0000 0.0000 InterpolationComb_1_DP_OP_106J26_122_4688_J26_0_12
core16_3/core4_5/mult_x_1           1040.0040      0.1    1040.0040      0.0000  0.0000  core4_1_DW_mult_tc_J20_6_10
core16_3/core4_5/mult_x_2           1039.5000      0.1    1039.5000      0.0000  0.0000  core4_1_DW_mult_tc_J20_5_10
core16_3/core4_5/mult_x_3           1082.7180      0.1    1082.7180      0.0000  0.0000  core4_1_DW_mult_tc_J20_4_10
core16_3/core4_5/mult_x_4           1085.1120      0.1    1085.1120      0.0000  0.0000  core4_1_DW_mult_tc_J20_3_10
core16_3/core4_5/mult_x_5           1082.3400      0.1    1082.3400      0.0000  0.0000  core4_1_DW_mult_tc_J20_2_10
core16_3/core4_5/mult_x_6           1082.3400      0.1    1082.3400      0.0000  0.0000  core4_1_DW_mult_tc_J20_1_10
core16_3/core4_5/mult_x_7           1039.6260      0.1    1039.6260      0.0000  0.0000  core4_1_DW_mult_tc_J20_0_10
core16_3/core4_6                   11637.1078      1.6       0.7560    517.7340  0.0000  core4_21
core16_3/core4_6/evalA               879.6060      0.1      27.9720      0.0000  0.0000  Eval_32_21
core16_3/core4_6/evalA/DP_OP_53J27_123_3533    222.6420     0.0    222.6420     0.0000 0.0000 Eval_32_1_DP_OP_53J27_123_3533_J27_0_15
core16_3/core4_6/evalA/DP_OP_54J27_124_9398    321.1740     0.0    321.1740     0.0000 0.0000 Eval_32_1_DP_OP_54J27_124_9398_J27_0_15
core16_3/core4_6/evalA/DP_OP_55J27_125_9832    307.8180     0.0    307.8180     0.0000 0.0000 Eval_32_1_DP_OP_55J27_125_9832_J27_0_15
core16_3/core4_6/evalB               646.3800      0.1      21.5460      0.0000  0.0000  Eval_33_21
core16_3/core4_6/evalB/DP_OP_53J23_122_9164    168.2100     0.0    168.2100     0.0000 0.0000 Eval_33_1_DP_OP_53J23_122_9164_J23_0_13
core16_3/core4_6/evalB/DP_OP_54J23_123_1920    235.4940     0.0    235.4940     0.0000 0.0000 Eval_33_1_DP_OP_54J23_123_1920_J23_0_13
core16_3/core4_6/evalB/DP_OP_55J23_124_2354    221.1300     0.0    221.1300     0.0000 0.0000 Eval_33_1_DP_OP_55J23_124_2354_J23_0_13
core16_3/core4_6/interp             2612.9880      0.4       0.7560    268.1280  0.0000  Interpolation_22
core16_3/core4_6/interp/interp      2344.1040      0.3       0.2520      0.0000  0.0000  InterpolationComb_22
core16_3/core4_6/interp/interp/DP_OP_106J27_122_4023   2343.8520     0.3   2343.8520     0.0000 0.0000 InterpolationComb_0_DP_OP_106J27_122_4023_J27_0_9
core16_3/core4_6/mult_x_1            801.8640      0.1     801.8640      0.0000  0.0000  core4_7_DW_mult_tc_J21_6_3
core16_3/core4_6/mult_x_2           1042.3980      0.1    1042.3980      0.0000  0.0000  core4_7_DW_mult_tc_J21_5_3
core16_3/core4_6/mult_x_3           1082.2140      0.1    1082.2140      0.0000  0.0000  core4_7_DW_mult_tc_J21_4_3
core16_3/core4_6/mult_x_4           1081.2060      0.1    1081.2060      0.0000  0.0000  core4_7_DW_mult_tc_J21_3_3
core16_3/core4_6/mult_x_5           1088.7660      0.1    1088.7660      0.0000  0.0000  core4_7_DW_mult_tc_J21_2_3
core16_3/core4_6/mult_x_6           1080.9540      0.1    1080.9540      0.0000  0.0000  core4_7_DW_mult_tc_J21_1_3
core16_3/core4_6/mult_x_7            802.2420      0.1     802.2420      0.0000  0.0000  core4_7_DW_mult_tc_J21_0_3
core16_3/evalA                       877.3380      0.1      25.7040      0.0000  0.0000  Eval_32_64
core16_3/evalA/DP_OP_53J27_123_3533    222.6420     0.0    222.6420      0.0000  0.0000  Eval_32_1_DP_OP_53J27_123_3533_J27_0_40
core16_3/evalA/DP_OP_54J27_124_9398    321.1740     0.0    321.1740      0.0000  0.0000  Eval_32_1_DP_OP_54J27_124_9398_J27_0_40
core16_3/evalA/DP_OP_55J27_125_9832    307.8180     0.0    307.8180      0.0000  0.0000  Eval_32_1_DP_OP_55J27_125_9832_J27_0_40
core16_3/evalA_1                     879.4800      0.1      27.7200      0.0000  0.0000  Eval_32_63
core16_3/evalA_1/DP_OP_53J27_123_3533    222.6420     0.0    222.6420     0.0000 0.0000  Eval_32_1_DP_OP_53J27_123_3533_J27_0_39
core16_3/evalA_1/DP_OP_54J27_124_9398    321.1740     0.0    321.1740     0.0000 0.0000  Eval_32_1_DP_OP_54J27_124_9398_J27_0_39
core16_3/evalA_1/DP_OP_55J27_125_9832    307.9440     0.0    307.9440     0.0000 0.0000  Eval_32_1_DP_OP_55J27_125_9832_J27_0_39
core16_3/evalA_2                     879.4800      0.1      27.7200      0.0000  0.0000  Eval_32_62
core16_3/evalA_2/DP_OP_53J27_123_3533    222.6420     0.0    222.6420     0.0000 0.0000  Eval_32_1_DP_OP_53J27_123_3533_J27_0_38
core16_3/evalA_2/DP_OP_54J27_124_9398    321.1740     0.0    321.1740     0.0000 0.0000  Eval_32_1_DP_OP_54J27_124_9398_J27_0_38
core16_3/evalA_2/DP_OP_55J27_125_9832    307.9440     0.0    307.9440     0.0000 0.0000  Eval_32_1_DP_OP_55J27_125_9832_J27_0_38
core16_3/evalA_3                     878.8500      0.1      26.5860      0.0000  0.0000  Eval_32_61
core16_3/evalA_3/DP_OP_53J27_123_3533    222.6420     0.0    222.6420     0.0000 0.0000  Eval_32_1_DP_OP_53J27_123_3533_J27_0_37
core16_3/evalA_3/DP_OP_54J27_124_9398    321.8040     0.0    321.8040     0.0000 0.0000  Eval_32_1_DP_OP_54J27_124_9398_J27_0_37
core16_3/evalA_3/DP_OP_55J27_125_9832    307.8180     0.0    307.8180     0.0000 0.0000  Eval_32_1_DP_OP_55J27_125_9832_J27_0_37
core16_3/evalB                       639.0720      0.1      19.4040      0.0000  0.0000  Eval_33_64
core16_3/evalB/DP_OP_53J23_122_9164    159.8940     0.0    159.8940      0.0000  0.0000  Eval_33_1_DP_OP_53J23_122_9164_J23_0_36
core16_3/evalB/DP_OP_54J23_123_1920    232.9740     0.0    232.9740      0.0000  0.0000  Eval_33_1_DP_OP_54J23_123_1920_J23_0_36
core16_3/evalB/DP_OP_55J23_124_2354    226.8000     0.0    226.8000      0.0000  0.0000  Eval_33_1_DP_OP_55J23_124_2354_J23_0_36
core16_3/evalB_1                     647.7660      0.1      19.1520      0.0000  0.0000  Eval_33_63
core16_3/evalB_1/DP_OP_53J23_122_9164    159.0120     0.0    159.0120     0.0000 0.0000  Eval_33_1_DP_OP_53J23_122_9164_J23_0_35
core16_3/evalB_1/DP_OP_54J23_123_1920    247.9680     0.0    247.9680     0.0000 0.0000  Eval_33_1_DP_OP_54J23_123_1920_J23_0_35
core16_3/evalB_1/DP_OP_55J23_124_2354    221.6340     0.0    221.6340     0.0000 0.0000  Eval_33_1_DP_OP_55J23_124_2354_J23_0_35
core16_3/evalB_2                     648.0180      0.1      19.1520      0.0000  0.0000  Eval_33_62
core16_3/evalB_2/DP_OP_53J23_122_9164    166.4460     0.0    166.4460     0.0000 0.0000  Eval_33_1_DP_OP_53J23_122_9164_J23_0_34
core16_3/evalB_2/DP_OP_54J23_123_1920    237.5100     0.0    237.5100     0.0000 0.0000  Eval_33_1_DP_OP_54J23_123_1920_J23_0_34
core16_3/evalB_2/DP_OP_55J23_124_2354    224.9100     0.0    224.9100     0.0000 0.0000  Eval_33_1_DP_OP_55J23_124_2354_J23_0_34
core16_3/evalB_3                     640.7100      0.1      19.6560      0.0000  0.0000  Eval_33_61
core16_3/evalB_3/DP_OP_53J23_122_9164    164.8080     0.0    164.8080     0.0000 0.0000  Eval_33_1_DP_OP_53J23_122_9164_J23_0_33
core16_3/evalB_3/DP_OP_54J23_123_1920    234.2340     0.0    234.2340     0.0000 0.0000  Eval_33_1_DP_OP_54J23_123_1920_J23_0_33
core16_3/evalB_3/DP_OP_55J23_124_2354    222.0120     0.0    222.0120     0.0000 0.0000  Eval_33_1_DP_OP_55J23_124_2354_J23_0_33
core16_3/interp                     9340.0019      1.3       0.7560   1001.9520  0.0000  Interpolation_7_3
core16_3/interp/interp              8337.2939      1.1       0.2520      0.0000  0.0000  InterpolationComb_7_3
core16_3/interp/interp/DP_OP_421J11_122_4903   8337.0419     1.1   8337.0419     0.0000 0.0000 InterpolationComb_7_1_DP_OP_421J11_122_4903_J11_0_2
core16_4                           98394.6587     13.4       2.0160   1897.0560  0.0000  core16_2
core16_4/core4_0                   11100.5999      1.5       1.0080    517.9860  0.0000  core4_20
core16_4/core4_0/evalA               835.0020      0.1      25.5780      0.0000  0.0000  Eval_32_20
core16_4/core4_0/evalA/DP_OP_54J16_122_2576    216.0900     0.0    216.0900     0.0000 0.0000 Eval_32_2_DP_OP_54J16_122_2576_J16_0_2
core16_4/core4_0/evalA/DP_OP_55J16_123_96    294.0840     0.0    294.0840     0.0000 0.0000 Eval_32_2_DP_OP_55J16_123_96_J16_0_2
core16_4/core4_0/evalA/DP_OP_56J16_124_6698    299.2500     0.0    299.2500     0.0000 0.0000 Eval_32_2_DP_OP_56J16_124_6698_J16_0_2
core16_4/core4_0/evalB               496.8180      0.1      16.1280      0.0000  0.0000  Eval_33_20
core16_4/core4_0/evalB/DP_OP_54J20_125_6062    128.1420     0.0    128.1420     0.0000 0.0000 Eval_33_2_DP_OP_54J20_125_6062_J20_0_2
core16_4/core4_0/evalB/DP_OP_55J20_126_8970    173.2500     0.0    173.2500     0.0000 0.0000 Eval_33_2_DP_OP_55J20_126_8970_J20_0_2
core16_4/core4_0/evalB/DP_OP_56J20_127_2491    179.2980     0.0    179.2980     0.0000 0.0000 Eval_33_2_DP_OP_56J20_127_2491_J20_0_2
core16_4/core4_0/interp             2613.1140      0.4       0.7560    268.1280  0.0000  Interpolation_21
core16_4/core4_0/interp/interp      2344.2300      0.3       0.2520      0.0000  0.0000  InterpolationComb_21
core16_4/core4_0/interp/interp/DP_OP_106J27_122_4023   2343.9780     0.3   2343.9780     0.0000 0.0000 InterpolationComb_0_DP_OP_106J27_122_4023_J27_0_8
core16_4/core4_0/mult_x_1            848.7360      0.1     848.7360      0.0000  0.0000  core4_14_DW_mult_uns_J25_3_1
core16_4/core4_0/mult_x_2            977.7600      0.1     977.7600      0.0000  0.0000  core4_14_DW_mult_uns_J25_2_1
core16_4/core4_0/mult_x_3            959.7420      0.1     959.7420      0.0000  0.0000  core4_14_DW_mult_tc_J25_2_1
core16_4/core4_0/mult_x_4            949.0320      0.1     949.0320      0.0000  0.0000  core4_14_DW_mult_tc_J25_1_1
core16_4/core4_0/mult_x_5           1033.8300      0.1    1033.8300      0.0000  0.0000  core4_14_DW_mult_uns_J25_1_1
core16_4/core4_0/mult_x_6           1018.8360      0.1    1018.8360      0.0000  0.0000  core4_14_DW_mult_tc_J25_0_1
core16_4/core4_0/mult_x_7            848.7360      0.1     848.7360      0.0000  0.0000  core4_14_DW_mult_uns_J25_0_1
core16_4/core4_1                   11951.8558      1.6       1.0080    517.7340  0.0000  core4_19
core16_4/core4_1/evalA               883.8900      0.1      32.2560      0.0000  0.0000  Eval_32_19
core16_4/core4_1/evalA/DP_OP_53J27_123_3533    222.6420     0.0    222.6420     0.0000 0.0000 Eval_32_1_DP_OP_53J27_123_3533_J27_0_14
core16_4/core4_1/evalA/DP_OP_54J27_124_9398    321.1740     0.0    321.1740     0.0000 0.0000 Eval_32_1_DP_OP_54J27_124_9398_J27_0_14
core16_4/core4_1/evalA/DP_OP_55J27_125_9832    307.8180     0.0    307.8180     0.0000 0.0000 Eval_32_1_DP_OP_55J27_125_9832_J27_0_14
core16_4/core4_1/evalB               605.9340      0.1      19.7820      0.0000  0.0000  Eval_33_19
core16_4/core4_1/evalB/DP_OP_54J22_122_1996    154.3500     0.0    154.3500     0.0000 0.0000 Eval_33_19_DP_OP_54J22_122_1996_J22_0_0
core16_4/core4_1/evalB/DP_OP_55J22_123_2434    218.6100     0.0    218.6100     0.0000 0.0000 Eval_33_19_DP_OP_55J22_123_2434_J22_0_0
core16_4/core4_1/evalB/DP_OP_56J22_124_4531    213.1920     0.0    213.1920     0.0000 0.0000 Eval_33_19_DP_OP_56J22_124_4531_J22_0_0
core16_4/core4_1/interp             2614.5000      0.4       0.7560    268.1280  0.0000  Interpolation_20
core16_4/core4_1/interp/interp      2345.6160      0.3       0.2520      0.0000  0.0000  InterpolationComb_20
core16_4/core4_1/interp/interp/DP_OP_106J27_122_4023   2345.3640     0.3   2345.3640     0.0000 0.0000 InterpolationComb_0_DP_OP_106J27_122_4023_J27_0_7
core16_4/core4_1/mult_x_1            977.7600      0.1     977.7600      0.0000  0.0000  core4_19_DW_mult_uns_J23_1
core16_4/core4_1/mult_x_2           1043.2800      0.1    1043.2800      0.0000  0.0000  core4_19_DW_mult_tc_J23_4
core16_4/core4_1/mult_x_3           1081.9620      0.1    1081.9620      0.0000  0.0000  core4_19_DW_mult_tc_J23_3
core16_4/core4_1/mult_x_4           1083.8520      0.1    1083.8520      0.0000  0.0000  core4_19_DW_mult_tc_J23_2
core16_4/core4_1/mult_x_5           1081.0800      0.1    1081.0800      0.0000  0.0000  core4_19_DW_mult_tc_J23_1
core16_4/core4_1/mult_x_6           1083.0960      0.1    1083.0960      0.0000  0.0000  core4_19_DW_mult_tc_J23_0
core16_4/core4_1/mult_x_7            977.7600      0.1     977.7600      0.0000  0.0000  core4_19_DW_mult_uns_J23_0
core16_4/core4_2                   11600.9458      1.6       1.0080    517.8600  0.0000  core4_18
core16_4/core4_2/evalA               867.0060      0.1      26.9640      0.0000  0.0000  Eval_32_18
core16_4/core4_2/evalA/DP_OP_53J27_123_3533    223.9020     0.0    223.9020     0.0000 0.0000 Eval_32_1_DP_OP_53J27_123_3533_J27_0_13
core16_4/core4_2/evalA/DP_OP_54J27_124_9398    310.9680     0.0    310.9680     0.0000 0.0000 Eval_32_1_DP_OP_54J27_124_9398_J27_0_13
core16_4/core4_2/evalA/DP_OP_55J27_125_9832    305.1720     0.0    305.1720     0.0000 0.0000 Eval_32_1_DP_OP_55J27_125_9832_J27_0_13
core16_4/core4_2/evalB               538.1460      0.1      17.2620      0.0000  0.0000  Eval_33_18
core16_4/core4_2/evalB/DP_OP_53J23_122_9164    137.2140     0.0    137.2140     0.0000 0.0000 Eval_33_1_DP_OP_53J23_122_9164_J23_0_12
core16_4/core4_2/evalB/DP_OP_54J23_123_1920    189.1260     0.0    189.1260     0.0000 0.0000 Eval_33_1_DP_OP_54J23_123_1920_J23_0_12
core16_4/core4_2/evalB/DP_OP_55J23_124_2354    194.5440     0.0    194.5440     0.0000 0.0000 Eval_33_1_DP_OP_55J23_124_2354_J23_0_12
core16_4/core4_2/interp             2712.4020      0.4       0.7560    276.1920  0.0000  Interpolation_19
core16_4/core4_2/interp/interp      2435.4540      0.3       0.2520      0.0000  0.0000  InterpolationComb_19
core16_4/core4_2/interp/interp/DP_OP_106J26_122_4688   2435.2020     0.3   2435.2020     0.0000 0.0000 InterpolationComb_1_DP_OP_106J26_122_4688_J26_0_11
core16_4/core4_2/mult_x_1            928.4940      0.1     928.4940      0.0000  0.0000  core4_1_DW_mult_tc_J20_6_9
core16_4/core4_2/mult_x_2           1000.8180      0.1    1000.8180      0.0000  0.0000  core4_1_DW_mult_tc_J20_5_9
core16_4/core4_2/mult_x_3            986.8320      0.1     986.8320      0.0000  0.0000  core4_1_DW_mult_tc_J20_4_9
core16_4/core4_2/mult_x_4           1007.7480      0.1    1007.7480      0.0000  0.0000  core4_1_DW_mult_tc_J20_3_9
core16_4/core4_2/mult_x_5           1037.3580      0.1    1037.3580      0.0000  0.0000  core4_1_DW_mult_tc_J20_2_9
core16_4/core4_2/mult_x_6           1070.6220      0.1    1070.6220      0.0000  0.0000  core4_1_DW_mult_tc_J20_1_9
core16_4/core4_2/mult_x_7            932.6520      0.1     932.6520      0.0000  0.0000  core4_1_DW_mult_tc_J20_0_9
core16_4/core4_3                   11943.5398      1.6       0.7560    517.7340  0.0000  core4_17
core16_4/core4_3/evalA               879.8580      0.1      28.2240      0.0000  0.0000  Eval_32_17
core16_4/core4_3/evalA/DP_OP_53J27_123_3533    222.6420     0.0    222.6420     0.0000 0.0000 Eval_32_1_DP_OP_53J27_123_3533_J27_0_12
core16_4/core4_3/evalA/DP_OP_54J27_124_9398    321.1740     0.0    321.1740     0.0000 0.0000 Eval_32_1_DP_OP_54J27_124_9398_J27_0_12
core16_4/core4_3/evalA/DP_OP_55J27_125_9832    307.8180     0.0    307.8180     0.0000 0.0000 Eval_32_1_DP_OP_55J27_125_9832_J27_0_12
core16_4/core4_3/evalB               636.3000      0.1      21.6720      0.0000  0.0000  Eval_33_17
core16_4/core4_3/evalB/DP_OP_53J23_122_9164    160.2720     0.0    160.2720     0.0000 0.0000 Eval_33_1_DP_OP_53J23_122_9164_J23_0_11
core16_4/core4_3/evalB/DP_OP_54J23_123_1920    233.1000     0.0    233.1000     0.0000 0.0000 Eval_33_1_DP_OP_54J23_123_1920_J23_0_11
core16_4/core4_3/evalB/DP_OP_55J23_124_2354    221.2560     0.0    221.2560     0.0000 0.0000 Eval_33_1_DP_OP_55J23_124_2354_J23_0_11
core16_4/core4_3/interp             2712.4020      0.4       0.7560    276.1920  0.0000  Interpolation_18
core16_4/core4_3/interp/interp      2435.4540      0.3       0.2520      0.0000  0.0000  InterpolationComb_18
core16_4/core4_3/interp/interp/DP_OP_106J26_122_4688   2435.2020     0.3   2435.2020     0.0000 0.0000 InterpolationComb_1_DP_OP_106J26_122_4688_J26_0_10
core16_4/core4_3/mult_x_1            910.0980      0.1     910.0980      0.0000  0.0000  core4_1_DW_mult_tc_J20_6_8
core16_4/core4_3/mult_x_2           1042.5240      0.1    1042.5240      0.0000  0.0000  core4_1_DW_mult_tc_J20_5_8
core16_4/core4_3/mult_x_3           1083.9780      0.1    1083.9780      0.0000  0.0000  core4_1_DW_mult_tc_J20_4_8
core16_4/core4_3/mult_x_4           1081.3320      0.1    1081.3320      0.0000  0.0000  core4_1_DW_mult_tc_J20_3_8
core16_4/core4_3/mult_x_5           1084.8600      0.1    1084.8600      0.0000  0.0000  core4_1_DW_mult_tc_J20_2_8
core16_4/core4_3/mult_x_6           1081.2060      0.1    1081.2060      0.0000  0.0000  core4_1_DW_mult_tc_J20_1_8
core16_4/core4_3/mult_x_7            912.4920      0.1     912.4920      0.0000  0.0000  core4_1_DW_mult_tc_J20_0_8
core16_4/core4_4                   12046.2298      1.6       1.0080    517.6080  0.0000  core4_16
core16_4/core4_4/evalA               880.1100      0.1      28.4760      0.0000  0.0000  Eval_32_16
core16_4/core4_4/evalA/DP_OP_53J27_123_3533    222.6420     0.0    222.6420     0.0000 0.0000 Eval_32_1_DP_OP_53J27_123_3533_J27_0_11
core16_4/core4_4/evalA/DP_OP_54J27_124_9398    321.1740     0.0    321.1740     0.0000 0.0000 Eval_32_1_DP_OP_54J27_124_9398_J27_0_11
core16_4/core4_4/evalA/DP_OP_55J27_125_9832    307.8180     0.0    307.8180     0.0000 0.0000 Eval_32_1_DP_OP_55J27_125_9832_J27_0_11
core16_4/core4_4/evalB               612.2340      0.1      19.6560      0.0000  0.0000  Eval_33_16
core16_4/core4_4/evalB/DP_OP_54J21_122_59    156.7440     0.0    156.7440     0.0000 0.0000 Eval_33_16_DP_OP_54J21_122_59_J21_0
core16_4/core4_4/evalB/DP_OP_55J21_123_5296    218.3580     0.0    218.3580     0.0000 0.0000 Eval_33_16_DP_OP_55J21_123_5296_J21_0
core16_4/core4_4/evalB/DP_OP_56J21_124_4803    217.4760     0.0    217.4760     0.0000 0.0000 Eval_33_16_DP_OP_56J21_124_4803_J21_0
core16_4/core4_4/interp             2712.4020      0.4       0.7560    276.1920  0.0000  Interpolation_17
core16_4/core4_4/interp/interp      2435.4540      0.3       0.2520      0.0000  0.0000  InterpolationComb_17
core16_4/core4_4/interp/interp/DP_OP_106J26_122_4688   2435.2020     0.3   2435.2020     0.0000 0.0000 InterpolationComb_1_DP_OP_106J26_122_4688_J26_0_9
core16_4/core4_4/mult_x_1            993.6360      0.1     993.6360      0.0000  0.0000  core4_16_DW_mult_uns_J19_1
core16_4/core4_4/mult_x_2           1043.0280      0.1    1043.0280      0.0000  0.0000  core4_16_DW_mult_tc_J19_4
core16_4/core4_4/mult_x_3           1055.2500      0.1    1055.2500      0.0000  0.0000  core4_16_DW_mult_tc_J19_3
core16_4/core4_4/mult_x_4           1071.5040      0.1    1071.5040      0.0000  0.0000  core4_16_DW_mult_tc_J19_2
core16_4/core4_4/mult_x_5           1082.8440      0.1    1082.8440      0.0000  0.0000  core4_16_DW_mult_tc_J19_1
core16_4/core4_4/mult_x_6           1082.9700      0.1    1082.9700      0.0000  0.0000  core4_16_DW_mult_tc_J19_0
core16_4/core4_4/mult_x_7            993.6360      0.1     993.6360      0.0000  0.0000  core4_16_DW_mult_uns_J19_0
core16_4/core4_5                   12077.7298      1.6       0.7560    517.6080  0.0000  core4_15
core16_4/core4_5/evalA               883.1340      0.1      31.5000      0.0000  0.0000  Eval_32_15
core16_4/core4_5/evalA/DP_OP_53J27_123_3533    222.6420     0.0    222.6420     0.0000 0.0000 Eval_32_1_DP_OP_53J27_123_3533_J27_0_10
core16_4/core4_5/evalA/DP_OP_54J27_124_9398    321.1740     0.0    321.1740     0.0000 0.0000 Eval_32_1_DP_OP_54J27_124_9398_J27_0_10
core16_4/core4_5/evalA/DP_OP_55J27_125_9832    307.8180     0.0    307.8180     0.0000 0.0000 Eval_32_1_DP_OP_55J27_125_9832_J27_0_10
core16_4/core4_5/evalB               635.9220      0.1      22.3020      0.0000  0.0000  Eval_33_15
core16_4/core4_5/evalB/DP_OP_53J23_122_9164    160.2720     0.0    160.2720     0.0000 0.0000 Eval_33_1_DP_OP_53J23_122_9164_J23_0_10
core16_4/core4_5/evalB/DP_OP_54J23_123_1920    233.7300     0.0    233.7300     0.0000 0.0000 Eval_33_1_DP_OP_54J23_123_1920_J23_0_10
core16_4/core4_5/evalB/DP_OP_55J23_124_2354    219.6180     0.0    219.6180     0.0000 0.0000 Eval_33_1_DP_OP_55J23_124_2354_J23_0_10
core16_4/core4_5/interp             2711.8980      0.4       0.7560    276.1920  0.0000  Interpolation_16
core16_4/core4_5/interp/interp      2434.9500      0.3       0.2520      0.0000  0.0000  InterpolationComb_16
core16_4/core4_5/interp/interp/DP_OP_106J26_122_4688   2434.6980     0.3   2434.6980     0.0000 0.0000 InterpolationComb_1_DP_OP_106J26_122_4688_J26_0_8
core16_4/core4_5/mult_x_1            979.9020      0.1     979.9020      0.0000  0.0000  core4_1_DW_mult_tc_J20_6_7
core16_4/core4_5/mult_x_2           1041.6420      0.1    1041.6420      0.0000  0.0000  core4_1_DW_mult_tc_J20_5_7
core16_4/core4_5/mult_x_3           1081.7100      0.1    1081.7100      0.0000  0.0000  core4_1_DW_mult_tc_J20_4_7
core16_4/core4_5/mult_x_4           1081.5840      0.1    1081.5840      0.0000  0.0000  core4_1_DW_mult_tc_J20_3_7
core16_4/core4_5/mult_x_5           1081.2060      0.1    1081.2060      0.0000  0.0000  core4_1_DW_mult_tc_J20_2_7
core16_4/core4_5/mult_x_6           1082.5920      0.1    1082.5920      0.0000  0.0000  core4_1_DW_mult_tc_J20_1_7
core16_4/core4_5/mult_x_7            979.7760      0.1     979.7760      0.0000  0.0000  core4_1_DW_mult_tc_J20_0_7
core16_4/core4_6                   11098.5839      1.5       1.0080    517.8600  0.0000  core4_14
core16_4/core4_6/evalA               834.8760      0.1      25.4520      0.0000  0.0000  Eval_32_14
core16_4/core4_6/evalA/DP_OP_54J16_122_2576    216.0900     0.0    216.0900     0.0000 0.0000 Eval_32_2_DP_OP_54J16_122_2576_J16_0_1
core16_4/core4_6/evalA/DP_OP_55J16_123_96    294.0840     0.0    294.0840     0.0000 0.0000 Eval_32_2_DP_OP_55J16_123_96_J16_0_1
core16_4/core4_6/evalA/DP_OP_56J16_124_6698    299.2500     0.0    299.2500     0.0000 0.0000 Eval_32_2_DP_OP_56J16_124_6698_J16_0_1
core16_4/core4_6/evalB               497.8260      0.1      16.1280      0.0000  0.0000  Eval_33_14
core16_4/core4_6/evalB/DP_OP_54J20_125_6062    128.1420     0.0    128.1420     0.0000 0.0000 Eval_33_2_DP_OP_54J20_125_6062_J20_0_1
core16_4/core4_6/evalB/DP_OP_55J20_126_8970    172.9980     0.0    172.9980     0.0000 0.0000 Eval_33_2_DP_OP_55J20_126_8970_J20_0_1
core16_4/core4_6/evalB/DP_OP_56J20_127_2491    180.5580     0.0    180.5580     0.0000 0.0000 Eval_33_2_DP_OP_56J20_127_2491_J20_0_1
core16_4/core4_6/interp             2613.4920      0.4       0.7560    268.1280  0.0000  Interpolation_15
core16_4/core4_6/interp/interp      2344.6080      0.3       0.2520      0.0000  0.0000  InterpolationComb_15
core16_4/core4_6/interp/interp/DP_OP_106J27_122_4023   2344.3560     0.3   2344.3560     0.0000 0.0000 InterpolationComb_0_DP_OP_106J27_122_4023_J27_0_6
core16_4/core4_6/mult_x_1            848.7360      0.1     848.7360      0.0000  0.0000  core4_14_DW_mult_uns_J25_3_0
core16_4/core4_6/mult_x_2            977.8860      0.1     977.8860      0.0000  0.0000  core4_14_DW_mult_uns_J25_2_0
core16_4/core4_6/mult_x_3            960.3720      0.1     960.3720      0.0000  0.0000  core4_14_DW_mult_tc_J25_2_0
core16_4/core4_6/mult_x_4            945.8820      0.1     945.8820      0.0000  0.0000  core4_14_DW_mult_tc_J25_1_0
core16_4/core4_6/mult_x_5           1034.7120      0.1    1034.7120      0.0000  0.0000  core4_14_DW_mult_uns_J25_1_0
core16_4/core4_6/mult_x_6           1017.1980      0.1    1017.1980      0.0000  0.0000  core4_14_DW_mult_tc_J25_0_0
core16_4/core4_6/mult_x_7            848.7360      0.1     848.7360      0.0000  0.0000  core4_14_DW_mult_uns_J25_0_0
core16_4/evalA                       834.8760      0.1      25.4520      0.0000  0.0000  Eval_32_60
core16_4/evalA/DP_OP_54J17_122_4700    216.0900     0.0    216.0900      0.0000  0.0000  Eval_32_57_DP_OP_54J17_122_4700_J17_0_3
core16_4/evalA/DP_OP_55J17_123_7798    294.0840     0.0    294.0840      0.0000  0.0000  Eval_32_57_DP_OP_55J17_123_7798_J17_0_3
core16_4/evalA/DP_OP_56J17_124_7165    299.2500     0.0    299.2500      0.0000  0.0000  Eval_32_57_DP_OP_56J17_124_7165_J17_0_3
core16_4/evalA_1                     834.8760      0.1      25.4520      0.0000  0.0000  Eval_32_59
core16_4/evalA_1/DP_OP_54J17_122_4700    216.0900     0.0    216.0900     0.0000 0.0000  Eval_32_57_DP_OP_54J17_122_4700_J17_0_2
core16_4/evalA_1/DP_OP_55J17_123_7798    294.0840     0.0    294.0840     0.0000 0.0000  Eval_32_57_DP_OP_55J17_123_7798_J17_0_2
core16_4/evalA_1/DP_OP_56J17_124_7165    299.2500     0.0    299.2500     0.0000 0.0000  Eval_32_57_DP_OP_56J17_124_7165_J17_0_2
core16_4/evalA_2                     834.8760      0.1      25.4520      0.0000  0.0000  Eval_32_58
core16_4/evalA_2/DP_OP_54J17_122_4700    216.0900     0.0    216.0900     0.0000 0.0000  Eval_32_57_DP_OP_54J17_122_4700_J17_0_1
core16_4/evalA_2/DP_OP_55J17_123_7798    294.0840     0.0    294.0840     0.0000 0.0000  Eval_32_57_DP_OP_55J17_123_7798_J17_0_1
core16_4/evalA_2/DP_OP_56J17_124_7165    299.2500     0.0    299.2500     0.0000 0.0000  Eval_32_57_DP_OP_56J17_124_7165_J17_0_1
core16_4/evalA_3                     835.0020      0.1      25.5780      0.0000  0.0000  Eval_32_57
core16_4/evalA_3/DP_OP_54J17_122_4700    216.0900     0.0    216.0900     0.0000 0.0000  Eval_32_57_DP_OP_54J17_122_4700_J17_0_0
core16_4/evalA_3/DP_OP_55J17_123_7798    294.0840     0.0    294.0840     0.0000 0.0000  Eval_32_57_DP_OP_55J17_123_7798_J17_0_0
core16_4/evalA_3/DP_OP_56J17_124_7165    299.2500     0.0    299.2500     0.0000 0.0000  Eval_32_57_DP_OP_56J17_124_7165_J17_0_0
core16_4/evalB                       500.2200      0.1      16.1280      0.0000  0.0000  Eval_33_60
core16_4/evalB/DP_OP_54J21_125_8890    128.7720     0.0    128.7720      0.0000  0.0000  Eval_33_57_DP_OP_54J21_125_8890_J21_0_3
core16_4/evalB/DP_OP_55J21_126_7119    173.6280     0.0    173.6280      0.0000  0.0000  Eval_33_57_DP_OP_55J21_126_7119_J21_0_3
core16_4/evalB/DP_OP_56J21_127_7864    181.6920     0.0    181.6920      0.0000  0.0000  Eval_33_57_DP_OP_56J21_127_7864_J21_0_3
core16_4/evalB_1                     498.4560      0.1      14.8680      0.0000  0.0000  Eval_33_59
core16_4/evalB_1/DP_OP_54J21_125_8890    128.7720     0.0    128.7720     0.0000 0.0000  Eval_33_57_DP_OP_54J21_125_8890_J21_0_2
core16_4/evalB_1/DP_OP_55J21_126_7119    175.3920     0.0    175.3920     0.0000 0.0000  Eval_33_57_DP_OP_55J21_126_7119_J21_0_2
core16_4/evalB_1/DP_OP_56J21_127_7864    179.4240     0.0    179.4240     0.0000 0.0000  Eval_33_57_DP_OP_56J21_127_7864_J21_0_2
core16_4/evalB_2                     497.1960      0.1      14.8680      0.0000  0.0000  Eval_33_58
core16_4/evalB_2/DP_OP_54J21_125_8890    130.2840     0.0    130.2840     0.0000 0.0000  Eval_33_57_DP_OP_54J21_125_8890_J21_0_1
core16_4/evalB_2/DP_OP_55J21_126_7119    172.7460     0.0    172.7460     0.0000 0.0000  Eval_33_57_DP_OP_55J21_126_7119_J21_0_1
core16_4/evalB_2/DP_OP_56J21_127_7864    179.2980     0.0    179.2980     0.0000 0.0000  Eval_33_57_DP_OP_56J21_127_7864_J21_0_1
core16_4/evalB_3                     502.6140      0.1      16.2540      0.0000  0.0000  Eval_33_57
core16_4/evalB_3/DP_OP_54J21_125_8890    128.1420     0.0    128.1420     0.0000 0.0000  Eval_33_57_DP_OP_54J21_125_8890_J21_0_0
core16_4/evalB_3/DP_OP_55J21_126_7119    176.4000     0.0    176.4000     0.0000 0.0000  Eval_33_57_DP_OP_55J21_126_7119_J21_0_0
core16_4/evalB_3/DP_OP_56J21_127_7864    181.8180     0.0    181.8180     0.0000 0.0000  Eval_33_57_DP_OP_56J21_127_7864_J21_0_0
core16_4/interp                     9337.9859      1.3       0.7560   1001.9520  0.0000  Interpolation_7_2
core16_4/interp/interp              8335.2779      1.1       0.2520      0.0000  0.0000  InterpolationComb_7_2
core16_4/interp/interp/DP_OP_421J11_122_4903   8335.0259     1.1   8335.0259     0.0000 0.0000 InterpolationComb_7_1_DP_OP_421J11_122_4903_J11_0_1
core16_5                          101916.1067     13.9       2.0160   1897.0560  0.0000  core16_1
core16_5/core4_0                   11816.6578      1.6       0.7560    517.8600  0.0000  core4_13
core16_5/core4_0/evalA               884.8980      0.1      33.2640      0.0000  0.0000  Eval_32_13
core16_5/core4_0/evalA/DP_OP_53J27_123_3533    222.6420     0.0    222.6420     0.0000 0.0000 Eval_32_1_DP_OP_53J27_123_3533_J27_0_9
core16_5/core4_0/evalA/DP_OP_54J27_124_9398    321.1740     0.0    321.1740     0.0000 0.0000 Eval_32_1_DP_OP_54J27_124_9398_J27_0_9
core16_5/core4_0/evalA/DP_OP_55J27_125_9832    307.8180     0.0    307.8180     0.0000 0.0000 Eval_32_1_DP_OP_55J27_125_9832_J27_0_9
core16_5/core4_0/evalB               642.4740      0.1      21.9240      0.0000  0.0000  Eval_33_13
core16_5/core4_0/evalB/DP_OP_53J23_122_9164    163.4220     0.0    163.4220     0.0000 0.0000 Eval_33_1_DP_OP_53J23_122_9164_J23_0_9
core16_5/core4_0/evalB/DP_OP_54J23_123_1920    235.1160     0.0    235.1160     0.0000 0.0000 Eval_33_1_DP_OP_54J23_123_1920_J23_0_9
core16_5/core4_0/evalB/DP_OP_55J23_124_2354    222.0120     0.0    222.0120     0.0000 0.0000 Eval_33_1_DP_OP_55J23_124_2354_J23_0_9
core16_5/core4_0/interp             2614.5000      0.4       0.7560    268.1280  0.0000  Interpolation_14
core16_5/core4_0/interp/interp      2345.6160      0.3       0.2520      0.0000  0.0000  InterpolationComb_14
core16_5/core4_0/interp/interp/DP_OP_106J27_122_4023   2345.3640     0.3   2345.3640     0.0000 0.0000 InterpolationComb_0_DP_OP_106J27_122_4023_J27_0_5
core16_5/core4_0/mult_x_1            890.9460      0.1     890.9460      0.0000  0.0000  core4_7_DW_mult_tc_J21_6_2
core16_5/core4_0/mult_x_2           1045.4220      0.1    1045.4220      0.0000  0.0000  core4_7_DW_mult_tc_J21_5_2
core16_5/core4_0/mult_x_3           1081.0800      0.1    1081.0800      0.0000  0.0000  core4_7_DW_mult_tc_J21_4_2
core16_5/core4_0/mult_x_4           1084.8600      0.1    1084.8600      0.0000  0.0000  core4_7_DW_mult_tc_J21_3_2
core16_5/core4_0/mult_x_5           1081.7100      0.1    1081.7100      0.0000  0.0000  core4_7_DW_mult_tc_J21_2_2
core16_5/core4_0/mult_x_6           1081.2060      0.1    1081.2060      0.0000  0.0000  core4_7_DW_mult_tc_J21_1_2
core16_5/core4_0/mult_x_7            890.9460      0.1     890.9460      0.0000  0.0000  core4_7_DW_mult_tc_J21_0_2
core16_5/core4_1                   12112.7578      1.6       0.7560    517.8600  0.0000  core4_12
core16_5/core4_1/evalA               883.1340      0.1      31.5000      0.0000  0.0000  Eval_32_12
core16_5/core4_1/evalA/DP_OP_53J27_123_3533    222.6420     0.0    222.6420     0.0000 0.0000 Eval_32_1_DP_OP_53J27_123_3533_J27_0_8
core16_5/core4_1/evalA/DP_OP_54J27_124_9398    321.1740     0.0    321.1740     0.0000 0.0000 Eval_32_1_DP_OP_54J27_124_9398_J27_0_8
core16_5/core4_1/evalA/DP_OP_55J27_125_9832    307.8180     0.0    307.8180     0.0000 0.0000 Eval_32_1_DP_OP_55J27_125_9832_J27_0_8
core16_5/core4_1/evalB               638.1900      0.1      22.3020      0.0000  0.0000  Eval_33_12
core16_5/core4_1/evalB/DP_OP_53J23_122_9164    161.6580     0.0    161.6580     0.0000 0.0000 Eval_33_1_DP_OP_53J23_122_9164_J23_0_8
core16_5/core4_1/evalB/DP_OP_54J23_123_1920    232.9740     0.0    232.9740     0.0000 0.0000 Eval_33_1_DP_OP_54J23_123_1920_J23_0_8
core16_5/core4_1/evalB/DP_OP_55J23_124_2354    221.2560     0.0    221.2560     0.0000 0.0000 Eval_33_1_DP_OP_55J23_124_2354_J23_0_8
core16_5/core4_1/interp             2613.1140      0.4       0.7560    268.1280  0.0000  Interpolation_13
core16_5/core4_1/interp/interp      2344.2300      0.3       0.2520      0.0000  0.0000  InterpolationComb_13
core16_5/core4_1/interp/interp/DP_OP_106J27_122_4023   2343.9780     0.3   2343.9780     0.0000 0.0000 InterpolationComb_0_DP_OP_106J27_122_4023_J27_0_4
core16_5/core4_1/mult_x_1           1039.2480      0.1    1039.2480      0.0000  0.0000  core4_7_DW_mult_tc_J21_6_1
core16_5/core4_1/mult_x_2           1041.6420      0.1    1041.6420      0.0000  0.0000  core4_7_DW_mult_tc_J21_5_1
core16_5/core4_1/mult_x_3           1081.5840      0.1    1081.5840      0.0000  0.0000  core4_7_DW_mult_tc_J21_4_1
core16_5/core4_1/mult_x_4           1086.2460      0.1    1086.2460      0.0000  0.0000  core4_7_DW_mult_tc_J21_3_1
core16_5/core4_1/mult_x_5           1089.3960      0.1    1089.3960      0.0000  0.0000  core4_7_DW_mult_tc_J21_2_1
core16_5/core4_1/mult_x_6           1082.3400      0.1    1082.3400      0.0000  0.0000  core4_7_DW_mult_tc_J21_1_1
core16_5/core4_1/mult_x_7           1039.2480      0.1    1039.2480      0.0000  0.0000  core4_7_DW_mult_tc_J21_0_1
core16_5/core4_2                   12207.2578      1.7       0.7560    517.6080  0.0000  core4_11
core16_5/core4_2/evalA               883.1340      0.1      31.5000      0.0000  0.0000  Eval_32_11
core16_5/core4_2/evalA/DP_OP_53J27_123_3533    222.6420     0.0    222.6420     0.0000 0.0000 Eval_32_1_DP_OP_53J27_123_3533_J27_0_7
core16_5/core4_2/evalA/DP_OP_54J27_124_9398    321.1740     0.0    321.1740     0.0000 0.0000 Eval_32_1_DP_OP_54J27_124_9398_J27_0_7
core16_5/core4_2/evalA/DP_OP_55J27_125_9832    307.8180     0.0    307.8180     0.0000 0.0000 Eval_32_1_DP_OP_55J27_125_9832_J27_0_7
core16_5/core4_2/evalB               638.5680      0.1      21.6720      0.0000  0.0000  Eval_33_11
core16_5/core4_2/evalB/DP_OP_53J23_122_9164    159.8940     0.0    159.8940     0.0000 0.0000 Eval_33_1_DP_OP_53J23_122_9164_J23_0_7
core16_5/core4_2/evalB/DP_OP_54J23_123_1920    234.1080     0.0    234.1080     0.0000 0.0000 Eval_33_1_DP_OP_54J23_123_1920_J23_0_7
core16_5/core4_2/evalB/DP_OP_55J23_124_2354    222.8940     0.0    222.8940     0.0000 0.0000 Eval_33_1_DP_OP_55J23_124_2354_J23_0_7
core16_5/core4_2/interp             2712.4020      0.4       0.7560    276.1920  0.0000  Interpolation_12
core16_5/core4_2/interp/interp      2435.4540      0.3       0.2520      0.0000  0.0000  InterpolationComb_12
core16_5/core4_2/interp/interp/DP_OP_106J26_122_4688   2435.2020     0.3   2435.2020     0.0000 0.0000 InterpolationComb_1_DP_OP_106J26_122_4688_J26_0_7
core16_5/core4_2/mult_x_1           1039.7520      0.1    1039.7520      0.0000  0.0000  core4_1_DW_mult_tc_J20_6_6
core16_5/core4_2/mult_x_2           1040.1300      0.1    1040.1300      0.0000  0.0000  core4_1_DW_mult_tc_J20_5_6
core16_5/core4_2/mult_x_3           1083.8520      0.1    1083.8520      0.0000  0.0000  core4_1_DW_mult_tc_J20_4_6
core16_5/core4_2/mult_x_4           1084.1040      0.1    1084.1040      0.0000  0.0000  core4_1_DW_mult_tc_J20_3_6
core16_5/core4_2/mult_x_5           1082.9700      0.1    1082.9700      0.0000  0.0000  core4_1_DW_mult_tc_J20_2_6
core16_5/core4_2/mult_x_6           1084.7340      0.1    1084.7340      0.0000  0.0000  core4_1_DW_mult_tc_J20_1_6
core16_5/core4_2/mult_x_7           1039.2480      0.1    1039.2480      0.0000  0.0000  core4_1_DW_mult_tc_J20_0_6
core16_5/core4_3                   12208.2658      1.7       0.7560    517.6080  0.0000  core4_10
core16_5/core4_3/evalA               882.8820      0.1      31.2480      0.0000  0.0000  Eval_32_10
core16_5/core4_3/evalA/DP_OP_53J27_123_3533    222.6420     0.0    222.6420     0.0000 0.0000 Eval_32_1_DP_OP_53J27_123_3533_J27_0_6
core16_5/core4_3/evalA/DP_OP_54J27_124_9398    321.1740     0.0    321.1740     0.0000 0.0000 Eval_32_1_DP_OP_54J27_124_9398_J27_0_6
core16_5/core4_3/evalA/DP_OP_55J27_125_9832    307.8180     0.0    307.8180     0.0000 0.0000 Eval_32_1_DP_OP_55J27_125_9832_J27_0_6
core16_5/core4_3/evalB               636.3000      0.1      21.9240      0.0000  0.0000  Eval_33_10
core16_5/core4_3/evalB/DP_OP_53J23_122_9164    159.1380     0.0    159.1380     0.0000 0.0000 Eval_33_1_DP_OP_53J23_122_9164_J23_0_6
core16_5/core4_3/evalB/DP_OP_54J23_123_1920    234.2340     0.0    234.2340     0.0000 0.0000 Eval_33_1_DP_OP_54J23_123_1920_J23_0_6
core16_5/core4_3/evalB/DP_OP_55J23_124_2354    221.0040     0.0    221.0040     0.0000 0.0000 Eval_33_1_DP_OP_55J23_124_2354_J23_0_6
core16_5/core4_3/interp             2713.9140      0.4       0.7560    276.1920  0.0000  Interpolation_11
core16_5/core4_3/interp/interp      2436.9660      0.3       0.2520      0.0000  0.0000  InterpolationComb_11
core16_5/core4_3/interp/interp/DP_OP_106J26_122_4688   2436.7140     0.3   2436.7140     0.0000 0.0000 InterpolationComb_1_DP_OP_106J26_122_4688_J26_0_6
core16_5/core4_3/mult_x_1           1045.0440      0.1    1045.0440      0.0000  0.0000  core4_1_DW_mult_tc_J20_6_5
core16_5/core4_3/mult_x_2           1040.7600      0.1    1040.7600      0.0000  0.0000  core4_1_DW_mult_tc_J20_5_5
core16_5/core4_3/mult_x_3           1083.9780      0.1    1083.9780      0.0000  0.0000  core4_1_DW_mult_tc_J20_4_5
core16_5/core4_3/mult_x_4           1083.2220      0.1    1083.2220      0.0000  0.0000  core4_1_DW_mult_tc_J20_3_5
core16_5/core4_3/mult_x_5           1082.3400      0.1    1082.3400      0.0000  0.0000  core4_1_DW_mult_tc_J20_2_5
core16_5/core4_3/mult_x_6           1082.2140      0.1    1082.2140      0.0000  0.0000  core4_1_DW_mult_tc_J20_1_5
core16_5/core4_3/mult_x_7           1039.2480      0.1    1039.2480      0.0000  0.0000  core4_1_DW_mult_tc_J20_0_5
core16_5/core4_4                   12210.5338      1.7       0.7560    517.8600  0.0000  core4_9
core16_5/core4_4/evalA               883.1340      0.1      31.5000      0.0000  0.0000  Eval_32_9
core16_5/core4_4/evalA/DP_OP_53J27_123_3533    222.6420     0.0    222.6420     0.0000 0.0000 Eval_32_1_DP_OP_53J27_123_3533_J27_0_5
core16_5/core4_4/evalA/DP_OP_54J27_124_9398    321.1740     0.0    321.1740     0.0000 0.0000 Eval_32_1_DP_OP_54J27_124_9398_J27_0_5
core16_5/core4_4/evalA/DP_OP_55J27_125_9832    307.8180     0.0    307.8180     0.0000 0.0000 Eval_32_1_DP_OP_55J27_125_9832_J27_0_5
core16_5/core4_4/evalB               635.9220      0.1      21.9240      0.0000  0.0000  Eval_33_9
core16_5/core4_4/evalB/DP_OP_53J23_122_9164    159.8940     0.0    159.8940     0.0000 0.0000 Eval_33_1_DP_OP_53J23_122_9164_J23_0_5
core16_5/core4_4/evalB/DP_OP_54J23_123_1920    233.7300     0.0    233.7300     0.0000 0.0000 Eval_33_1_DP_OP_54J23_123_1920_J23_0_5
core16_5/core4_4/evalB/DP_OP_55J23_124_2354    220.3740     0.0    220.3740     0.0000 0.0000 Eval_33_1_DP_OP_55J23_124_2354_J23_0_5
core16_5/core4_4/interp             2713.9140      0.4       0.7560    276.1920  0.0000  Interpolation_10
core16_5/core4_4/interp/interp      2436.9660      0.3       0.2520      0.0000  0.0000  InterpolationComb_10
core16_5/core4_4/interp/interp/DP_OP_106J26_122_4688   2436.7140     0.3   2436.7140     0.0000 0.0000 InterpolationComb_1_DP_OP_106J26_122_4688_J26_0_5
core16_5/core4_4/mult_x_1           1041.3900      0.1    1041.3900      0.0000  0.0000  core4_1_DW_mult_tc_J20_6_4
core16_5/core4_4/mult_x_2           1039.7520      0.1    1039.7520      0.0000  0.0000  core4_1_DW_mult_tc_J20_5_4
core16_5/core4_4/mult_x_3           1084.4820      0.1    1084.4820      0.0000  0.0000  core4_1_DW_mult_tc_J20_4_4
core16_5/core4_4/mult_x_4           1082.9700      0.1    1082.9700      0.0000  0.0000  core4_1_DW_mult_tc_J20_3_4
core16_5/core4_4/mult_x_5           1083.6000      0.1    1083.6000      0.0000  0.0000  core4_1_DW_mult_tc_J20_2_4
core16_5/core4_4/mult_x_6           1087.5060      0.1    1087.5060      0.0000  0.0000  core4_1_DW_mult_tc_J20_1_4
core16_5/core4_4/mult_x_7           1039.2480      0.1    1039.2480      0.0000  0.0000  core4_1_DW_mult_tc_J20_0_4
core16_5/core4_5                   12204.9898      1.7       0.7560    517.9860  0.0000  core4_8
core16_5/core4_5/evalA               883.1340      0.1      31.5000      0.0000  0.0000  Eval_32_8
core16_5/core4_5/evalA/DP_OP_53J27_123_3533    222.6420     0.0    222.6420     0.0000 0.0000 Eval_32_1_DP_OP_53J27_123_3533_J27_0_4
core16_5/core4_5/evalA/DP_OP_54J27_124_9398    321.1740     0.0    321.1740     0.0000 0.0000 Eval_32_1_DP_OP_54J27_124_9398_J27_0_4
core16_5/core4_5/evalA/DP_OP_55J27_125_9832    307.8180     0.0    307.8180     0.0000 0.0000 Eval_32_1_DP_OP_55J27_125_9832_J27_0_4
core16_5/core4_5/evalB               636.8040      0.1      22.1760      0.0000  0.0000  Eval_33_8
core16_5/core4_5/evalB/DP_OP_53J23_122_9164    160.1460     0.0    160.1460     0.0000 0.0000 Eval_33_1_DP_OP_53J23_122_9164_J23_0_4
core16_5/core4_5/evalB/DP_OP_54J23_123_1920    233.3520     0.0    233.3520     0.0000 0.0000 Eval_33_1_DP_OP_54J23_123_1920_J23_0_4
core16_5/core4_5/evalB/DP_OP_55J23_124_2354    221.1300     0.0    221.1300     0.0000 0.0000 Eval_33_1_DP_OP_55J23_124_2354_J23_0_4
core16_5/core4_5/interp             2713.9140      0.4       0.7560    276.1920  0.0000  Interpolation_9
core16_5/core4_5/interp/interp      2436.9660      0.3       0.2520      0.0000  0.0000  InterpolationComb_9
core16_5/core4_5/interp/interp/DP_OP_106J26_122_4688   2436.7140     0.3   2436.7140     0.0000 0.0000 InterpolationComb_1_DP_OP_106J26_122_4688_J26_0_4
core16_5/core4_5/mult_x_1           1039.2480      0.1    1039.2480      0.0000  0.0000  core4_1_DW_mult_tc_J20_6_3
core16_5/core4_5/mult_x_2           1039.5000      0.1    1039.5000      0.0000  0.0000  core4_1_DW_mult_tc_J20_5_3
core16_5/core4_5/mult_x_3           1086.8760      0.1    1086.8760      0.0000  0.0000  core4_1_DW_mult_tc_J20_4_3
core16_5/core4_5/mult_x_4           1081.4580      0.1    1081.4580      0.0000  0.0000  core4_1_DW_mult_tc_J20_3_3
core16_5/core4_5/mult_x_5           1081.2060      0.1    1081.2060      0.0000  0.0000  core4_1_DW_mult_tc_J20_2_3
core16_5/core4_5/mult_x_6           1082.7180      0.1    1082.7180      0.0000  0.0000  core4_1_DW_mult_tc_J20_1_3
core16_5/core4_5/mult_x_7           1041.3900      0.1    1041.3900      0.0000  0.0000  core4_1_DW_mult_tc_J20_0_3
core16_5/core4_6                   11811.7438      1.6       0.7560    517.9860  0.0000  core4_7
core16_5/core4_6/evalA               884.8980      0.1      33.2640      0.0000  0.0000  Eval_32_7
core16_5/core4_6/evalA/DP_OP_53J27_123_3533    222.6420     0.0    222.6420     0.0000 0.0000 Eval_32_1_DP_OP_53J27_123_3533_J27_0_3
core16_5/core4_6/evalA/DP_OP_54J27_124_9398    321.1740     0.0    321.1740     0.0000 0.0000 Eval_32_1_DP_OP_54J27_124_9398_J27_0_3
core16_5/core4_6/evalA/DP_OP_55J27_125_9832    307.8180     0.0    307.8180     0.0000 0.0000 Eval_32_1_DP_OP_55J27_125_9832_J27_0_3
core16_5/core4_6/evalB               643.1040      0.1      21.9240      0.0000  0.0000  Eval_33_7
core16_5/core4_6/evalB/DP_OP_53J23_122_9164    161.5320     0.0    161.5320     0.0000 0.0000 Eval_33_1_DP_OP_53J23_122_9164_J23_0_3
core16_5/core4_6/evalB/DP_OP_54J23_123_1920    236.6280     0.0    236.6280     0.0000 0.0000 Eval_33_1_DP_OP_54J23_123_1920_J23_0_3
core16_5/core4_6/evalB/DP_OP_55J23_124_2354    223.0200     0.0    223.0200     0.0000 0.0000 Eval_33_1_DP_OP_55J23_124_2354_J23_0_3
core16_5/core4_6/interp             2613.6180      0.4       0.7560    268.1280  0.0000  Interpolation_8
core16_5/core4_6/interp/interp      2344.7340      0.3       0.2520      0.0000  0.0000  InterpolationComb_8
core16_5/core4_6/interp/interp/DP_OP_106J27_122_4023   2344.4820     0.3   2344.4820     0.0000 0.0000 InterpolationComb_0_DP_OP_106J27_122_4023_J27_0_3
core16_5/core4_6/mult_x_1            890.9460      0.1     890.9460      0.0000  0.0000  core4_7_DW_mult_tc_J21_6_0
core16_5/core4_6/mult_x_2           1039.3740      0.1    1039.3740      0.0000  0.0000  core4_7_DW_mult_tc_J21_5_0
core16_5/core4_6/mult_x_3           1080.8280      0.1    1080.8280      0.0000  0.0000  core4_7_DW_mult_tc_J21_4_0
core16_5/core4_6/mult_x_4           1084.1040      0.1    1084.1040      0.0000  0.0000  core4_7_DW_mult_tc_J21_3_0
core16_5/core4_6/mult_x_5           1080.9540      0.1    1080.9540      0.0000  0.0000  core4_7_DW_mult_tc_J21_2_0
core16_5/core4_6/mult_x_6           1084.2300      0.1    1084.2300      0.0000  0.0000  core4_7_DW_mult_tc_J21_1_0
core16_5/core4_6/mult_x_7            890.9460      0.1     890.9460      0.0000  0.0000  core4_7_DW_mult_tc_J21_0_0
core16_5/evalA                       884.3940      0.1      32.7600      0.0000  0.0000  Eval_32_56
core16_5/evalA/DP_OP_53J27_123_3533    222.6420     0.0    222.6420      0.0000  0.0000  Eval_32_1_DP_OP_53J27_123_3533_J27_0_36
core16_5/evalA/DP_OP_54J27_124_9398    321.1740     0.0    321.1740      0.0000  0.0000  Eval_32_1_DP_OP_54J27_124_9398_J27_0_36
core16_5/evalA/DP_OP_55J27_125_9832    307.8180     0.0    307.8180      0.0000  0.0000  Eval_32_1_DP_OP_55J27_125_9832_J27_0_36
core16_5/evalA_1                     880.3620      0.1      28.7280      0.0000  0.0000  Eval_32_55
core16_5/evalA_1/DP_OP_53J27_123_3533    222.6420     0.0    222.6420     0.0000 0.0000  Eval_32_1_DP_OP_53J27_123_3533_J27_0_35
core16_5/evalA_1/DP_OP_54J27_124_9398    321.1740     0.0    321.1740     0.0000 0.0000  Eval_32_1_DP_OP_54J27_124_9398_J27_0_35
core16_5/evalA_1/DP_OP_55J27_125_9832    307.8180     0.0    307.8180     0.0000 0.0000  Eval_32_1_DP_OP_55J27_125_9832_J27_0_35
core16_5/evalA_2                     880.3620      0.1      28.7280      0.0000  0.0000  Eval_32_54
core16_5/evalA_2/DP_OP_53J27_123_3533    222.6420     0.0    222.6420     0.0000 0.0000  Eval_32_1_DP_OP_53J27_123_3533_J27_0_34
core16_5/evalA_2/DP_OP_54J27_124_9398    321.1740     0.0    321.1740     0.0000 0.0000  Eval_32_1_DP_OP_54J27_124_9398_J27_0_34
core16_5/evalA_2/DP_OP_55J27_125_9832    307.8180     0.0    307.8180     0.0000 0.0000  Eval_32_1_DP_OP_55J27_125_9832_J27_0_34
core16_5/evalA_3                     884.3940      0.1      32.7600      0.0000  0.0000  Eval_32_53
core16_5/evalA_3/DP_OP_53J27_123_3533    222.6420     0.0    222.6420     0.0000 0.0000  Eval_32_1_DP_OP_53J27_123_3533_J27_0_33
core16_5/evalA_3/DP_OP_54J27_124_9398    321.1740     0.0    321.1740     0.0000 0.0000  Eval_32_1_DP_OP_54J27_124_9398_J27_0_33
core16_5/evalA_3/DP_OP_55J27_125_9832    307.8180     0.0    307.8180     0.0000 0.0000  Eval_32_1_DP_OP_55J27_125_9832_J27_0_33
core16_5/evalB                       642.3480      0.1      20.2860      0.0000  0.0000  Eval_33_56
core16_5/evalB/DP_OP_53J23_122_9164    166.6980     0.0    166.6980      0.0000  0.0000  Eval_33_1_DP_OP_53J23_122_9164_J23_0_32
core16_5/evalB/DP_OP_54J23_123_1920    233.2260     0.0    233.2260      0.0000  0.0000  Eval_33_1_DP_OP_54J23_123_1920_J23_0_32
core16_5/evalB/DP_OP_55J23_124_2354    222.1380     0.0    222.1380      0.0000  0.0000  Eval_33_1_DP_OP_55J23_124_2354_J23_0_32
core16_5/evalB_1                     641.9700      0.1      20.1600      0.0000  0.0000  Eval_33_55
core16_5/evalB_1/DP_OP_53J23_122_9164    159.6420     0.0    159.6420     0.0000 0.0000  Eval_33_1_DP_OP_53J23_122_9164_J23_0_31
core16_5/evalB_1/DP_OP_54J23_123_1920    239.1480     0.0    239.1480     0.0000 0.0000  Eval_33_1_DP_OP_54J23_123_1920_J23_0_31
core16_5/evalB_1/DP_OP_55J23_124_2354    223.0200     0.0    223.0200     0.0000 0.0000  Eval_33_1_DP_OP_55J23_124_2354_J23_0_31
core16_5/evalB_2                     634.1580      0.1      20.2860      0.0000  0.0000  Eval_33_54
core16_5/evalB_2/DP_OP_53J23_122_9164    158.3820     0.0    158.3820     0.0000 0.0000  Eval_33_1_DP_OP_53J23_122_9164_J23_0_30
core16_5/evalB_2/DP_OP_54J23_123_1920    235.8720     0.0    235.8720     0.0000 0.0000  Eval_33_1_DP_OP_54J23_123_1920_J23_0_30
core16_5/evalB_2/DP_OP_55J23_124_2354    219.6180     0.0    219.6180     0.0000 0.0000  Eval_33_1_DP_OP_55J23_124_2354_J23_0_30
core16_5/evalB_3                     656.3340      0.1      21.5460      0.0000  0.0000  Eval_33_53
core16_5/evalB_3/DP_OP_53J23_122_9164    164.6820     0.0    164.6820     0.0000 0.0000  Eval_33_1_DP_OP_53J23_122_9164_J23_0_29
core16_5/evalB_3/DP_OP_54J23_123_1920    240.4080     0.0    240.4080     0.0000 0.0000  Eval_33_1_DP_OP_54J23_123_1920_J23_0_29
core16_5/evalB_3/DP_OP_55J23_124_2354    229.6980     0.0    229.6980     0.0000 0.0000  Eval_33_1_DP_OP_55J23_124_2354_J23_0_29
core16_5/interp                     9340.5059      1.3       0.7560   1001.9520  0.0000  Interpolation_7_1
core16_5/interp/interp              8337.7979      1.1       0.2520      0.0000  0.0000  InterpolationComb_7_1
core16_5/interp/interp/DP_OP_421J11_122_4903   8337.5459     1.1   8337.5459     0.0000 0.0000 InterpolationComb_7_1_DP_OP_421J11_122_4903_J11_0_0
core16_6                           91098.5029     12.4       2.0160   1897.0560  0.0000  core16_0
core16_6/core4_0                    9747.7379      1.3       1.0080    518.1120  0.0000  core4_6
core16_6/core4_0/evalA               722.8620      0.1      27.2160      0.0000  0.0000  Eval_32_6
core16_6/core4_0/evalA/DP_OP_54J25_122_2391    185.9760     0.0    185.9760     0.0000 0.0000 Eval_32_0_DP_OP_54J25_122_2391_J25_0_1
core16_6/core4_0/evalA/DP_OP_55J25_123_3961    251.8740     0.0    251.8740     0.0000 0.0000 Eval_32_0_DP_OP_55J25_123_3961_J25_0_1
core16_6/core4_0/evalA/DP_OP_56J25_124_3269    257.7960     0.0    257.7960     0.0000 0.0000 Eval_32_0_DP_OP_56J25_124_3269_J25_0_1
core16_6/core4_0/evalB               373.4640      0.1      11.5920      0.0000  0.0000  Eval_33_6
core16_6/core4_0/evalB/DP_OP_54J24_125_8022     96.0120     0.0     96.0120     0.0000 0.0000 Eval_33_0_DP_OP_54J24_125_8022_J24_0_1
core16_6/core4_0/evalB/DP_OP_55J24_126_4344    129.9060     0.0    129.9060     0.0000 0.0000 Eval_33_0_DP_OP_55J24_126_4344_J24_0_1
core16_6/core4_0/evalB/DP_OP_56J24_127_8079    135.9540     0.0    135.9540     0.0000 0.0000 Eval_33_0_DP_OP_56J24_127_8079_J24_0_1
core16_6/core4_0/interp             2613.4920      0.4       0.7560    268.1280  0.0000  Interpolation_6
core16_6/core4_0/interp/interp      2344.6080      0.3       0.2520      0.0000  0.0000  InterpolationComb_6
core16_6/core4_0/interp/interp/DP_OP_106J27_122_4023   2344.3560     0.3   2344.3560     0.0000 0.0000 InterpolationComb_0_DP_OP_106J27_122_4023_J27_0_2
core16_6/core4_0/mult_x_1            634.6620      0.1     634.6620      0.0000  0.0000  core4_0_DW_mult_uns_J16_3_1
core16_6/core4_0/mult_x_2            859.6980      0.1     859.6980      0.0000  0.0000  core4_0_DW_mult_uns_J16_2_1
core16_6/core4_0/mult_x_3            760.4100      0.1     760.4100      0.0000  0.0000  core4_0_DW_mult_tc_J16_2_1
core16_6/core4_0/mult_x_4            827.5680      0.1     827.5680      0.0000  0.0000  core4_0_DW_mult_tc_J16_1_1
core16_6/core4_0/mult_x_5            877.8420      0.1     877.8420      0.0000  0.0000  core4_0_DW_mult_uns_J16_1_1
core16_6/core4_0/mult_x_6            923.9580      0.1     923.9580      0.0000  0.0000  core4_0_DW_mult_tc_J16_0_1
core16_6/core4_0/mult_x_7            634.6620      0.1     634.6620      0.0000  0.0000  core4_0_DW_mult_uns_J16_0_1
core16_6/core4_1                   11270.1959      1.5       1.0080    518.1120  0.0000  core4_5
core16_6/core4_1/evalA               833.3640      0.1      25.4520      0.0000  0.0000  Eval_32_5
core16_6/core4_1/evalA/DP_OP_54J26_126_5395    215.5860     0.0    215.5860     0.0000 0.0000 Eval_32_5_DP_OP_54J26_126_5395_J26_0_0
core16_6/core4_1/evalA/DP_OP_55J26_127_4610    296.6040     0.0    296.6040     0.0000 0.0000 Eval_32_5_DP_OP_55J26_127_4610_J26_0_0
core16_6/core4_1/evalA/DP_OP_56J26_128_7292    295.7220     0.0    295.7220     0.0000 0.0000 Eval_32_5_DP_OP_56J26_128_7292_J26_0_0
core16_6/core4_1/evalB               498.8340      0.1      15.6240      0.0000  0.0000  Eval_33_5
core16_6/core4_1/evalB/DP_OP_54J26_129_1059    132.0480     0.0    132.0480     0.0000 0.0000 Eval_33_5_DP_OP_54J26_129_1059_J26_0_0
core16_6/core4_1/evalB/DP_OP_55J26_130_7099    175.2660     0.0    175.2660     0.0000 0.0000 Eval_33_5_DP_OP_55J26_130_7099_J26_0_0
core16_6/core4_1/evalB/DP_OP_56J26_131_9781    175.8960     0.0    175.8960     0.0000 0.0000 Eval_33_5_DP_OP_56J26_131_9781_J26_0_0
core16_6/core4_1/interp             2614.5000      0.4       0.7560    268.1280  0.0000  Interpolation_5
core16_6/core4_1/interp/interp      2345.6160      0.3       0.2520      0.0000  0.0000  InterpolationComb_5
core16_6/core4_1/interp/interp/DP_OP_106J27_122_4023   2345.3640     0.3   2345.3640     0.0000 0.0000 InterpolationComb_0_DP_OP_106J27_122_4023_J27_0_1
core16_6/core4_1/mult_x_1            859.6980      0.1     859.6980      0.0000  0.0000  core4_5_DW_mult_uns_J31_3_0
core16_6/core4_1/mult_x_2           1013.6700      0.1    1013.6700      0.0000  0.0000  core4_5_DW_mult_uns_J31_2_0
core16_6/core4_1/mult_x_3            971.4600      0.1     971.4600      0.0000  0.0000  core4_5_DW_mult_tc_J31_2_0
core16_6/core4_1/mult_x_4            999.6840      0.1     999.6840      0.0000  0.0000  core4_5_DW_mult_tc_J31_1_0
core16_6/core4_1/mult_x_5           1033.7040      0.1    1033.7040      0.0000  0.0000  core4_5_DW_mult_uns_J31_1_0
core16_6/core4_1/mult_x_6           1066.4640      0.1    1066.4640      0.0000  0.0000  core4_5_DW_mult_tc_J31_0_0
core16_6/core4_1/mult_x_7            859.6980      0.1     859.6980      0.0000  0.0000  core4_5_DW_mult_uns_J31_0_0
core16_6/core4_2                   10328.7239      1.4       1.0080    517.9860  0.0000  core4_4
core16_6/core4_2/evalA               759.6540      0.1      23.1840      0.0000  0.0000  Eval_32_4
core16_6/core4_2/evalA/DP_OP_53J27_123_3533    195.0480     0.0    195.0480     0.0000 0.0000 Eval_32_1_DP_OP_53J27_123_3533_J27_0_2
core16_6/core4_2/evalA/DP_OP_54J27_124_9398    268.1280     0.0    268.1280     0.0000 0.0000 Eval_32_1_DP_OP_54J27_124_9398_J27_0_2
core16_6/core4_2/evalA/DP_OP_55J27_125_9832    273.2940     0.0    273.2940     0.0000 0.0000 Eval_32_1_DP_OP_55J27_125_9832_J27_0_2
core16_6/core4_2/evalB               417.6900      0.1      12.9780      0.0000  0.0000  Eval_33_4
core16_6/core4_2/evalB/DP_OP_53J23_122_9164    107.4780     0.0    107.4780     0.0000 0.0000 Eval_33_1_DP_OP_53J23_122_9164_J23_0_2
core16_6/core4_2/evalB/DP_OP_54J23_123_1920    145.6560     0.0    145.6560     0.0000 0.0000 Eval_33_1_DP_OP_54J23_123_1920_J23_0_2
core16_6/core4_2/evalB/DP_OP_55J23_124_2354    151.5780     0.0    151.5780     0.0000 0.0000 Eval_33_1_DP_OP_55J23_124_2354_J23_0_2
core16_6/core4_2/interp             2711.8980      0.4       0.7560    276.1920  0.0000  Interpolation_4
core16_6/core4_2/interp/interp      2434.9500      0.3       0.2520      0.0000  0.0000  InterpolationComb_4
core16_6/core4_2/interp/interp/DP_OP_106J26_122_4688   2434.6980     0.3   2434.6980     0.0000 0.0000 InterpolationComb_1_DP_OP_106J26_122_4688_J26_0_3
core16_6/core4_2/mult_x_1            741.3840      0.1     741.3840      0.0000  0.0000  core4_1_DW_mult_tc_J20_6_2
core16_6/core4_2/mult_x_2            875.1960      0.1     875.1960      0.0000  0.0000  core4_1_DW_mult_tc_J20_5_2
core16_6/core4_2/mult_x_3            861.0840      0.1     861.0840      0.0000  0.0000  core4_1_DW_mult_tc_J20_4_2
core16_6/core4_2/mult_x_4            856.2960      0.1     856.2960      0.0000  0.0000  core4_1_DW_mult_tc_J20_3_2
core16_6/core4_2/mult_x_5            896.4900      0.1     896.4900      0.0000  0.0000  core4_1_DW_mult_tc_J20_2_2
core16_6/core4_2/mult_x_6            948.6540      0.1     948.6540      0.0000  0.0000  core4_1_DW_mult_tc_J20_1_2
core16_6/core4_2/mult_x_7            741.3840      0.1     741.3840      0.0000  0.0000  core4_1_DW_mult_tc_J20_0_2
core16_6/core4_3                   11723.0398      1.6       0.7560    517.6080  0.0000  core4_3
core16_6/core4_3/evalA               879.6060      0.1      27.9720      0.0000  0.0000  Eval_32_3
core16_6/core4_3/evalA/DP_OP_53J27_123_3533    222.6420     0.0    222.6420     0.0000 0.0000 Eval_32_1_DP_OP_53J27_123_3533_J27_0_1
core16_6/core4_3/evalA/DP_OP_54J27_124_9398    321.1740     0.0    321.1740     0.0000 0.0000 Eval_32_1_DP_OP_54J27_124_9398_J27_0_1
core16_6/core4_3/evalA/DP_OP_55J27_125_9832    307.8180     0.0    307.8180     0.0000 0.0000 Eval_32_1_DP_OP_55J27_125_9832_J27_0_1
core16_6/core4_3/evalB               638.5680      0.1      21.0420      0.0000  0.0000  Eval_33_3
core16_6/core4_3/evalB/DP_OP_53J23_122_9164    161.7840     0.0    161.7840     0.0000 0.0000 Eval_33_1_DP_OP_53J23_122_9164_J23_0_1
core16_6/core4_3/evalB/DP_OP_54J23_123_1920    234.6120     0.0    234.6120     0.0000 0.0000 Eval_33_1_DP_OP_54J23_123_1920_J23_0_1
core16_6/core4_3/evalB/DP_OP_55J23_124_2354    221.1300     0.0    221.1300     0.0000 0.0000 Eval_33_1_DP_OP_55J23_124_2354_J23_0_1
core16_6/core4_3/interp             2712.4020      0.4       0.7560    276.1920  0.0000  Interpolation_3
core16_6/core4_3/interp/interp      2435.4540      0.3       0.2520      0.0000  0.0000  InterpolationComb_3
core16_6/core4_3/interp/interp/DP_OP_106J26_122_4688   2435.2020     0.3   2435.2020     0.0000 0.0000 InterpolationComb_1_DP_OP_106J26_122_4688_J26_0_2
core16_6/core4_3/mult_x_1            802.2420      0.1     802.2420      0.0000  0.0000  core4_1_DW_mult_tc_J20_6_1
core16_6/core4_3/mult_x_2           1039.3740      0.1    1039.3740      0.0000  0.0000  core4_1_DW_mult_tc_J20_5_1
core16_6/core4_3/mult_x_3           1081.8360      0.1    1081.8360      0.0000  0.0000  core4_1_DW_mult_tc_J20_4_1
core16_6/core4_3/mult_x_4           1082.2140      0.1    1082.2140      0.0000  0.0000  core4_1_DW_mult_tc_J20_3_1
core16_6/core4_3/mult_x_5           1081.8360      0.1    1081.8360      0.0000  0.0000  core4_1_DW_mult_tc_J20_2_1
core16_6/core4_3/mult_x_6           1084.3560      0.1    1084.3560      0.0000  0.0000  core4_1_DW_mult_tc_J20_1_1
core16_6/core4_3/mult_x_7            802.2420      0.1     802.2420      0.0000  0.0000  core4_1_DW_mult_tc_J20_0_1
core16_6/core4_4                   11199.7619      1.5       1.0080    517.8600  0.0000  core4_2
core16_6/core4_4/evalA               834.8760      0.1      25.4520      0.0000  0.0000  Eval_32_2
core16_6/core4_4/evalA/DP_OP_54J16_122_2576    216.0900     0.0    216.0900     0.0000 0.0000 Eval_32_2_DP_OP_54J16_122_2576_J16_0_0
core16_6/core4_4/evalA/DP_OP_55J16_123_96    294.0840     0.0    294.0840     0.0000 0.0000 Eval_32_2_DP_OP_55J16_123_96_J16_0_0
core16_6/core4_4/evalA/DP_OP_56J16_124_6698    299.2500     0.0    299.2500     0.0000 0.0000 Eval_32_2_DP_OP_56J16_124_6698_J16_0_0
core16_6/core4_4/evalB               496.4400      0.1      15.6240      0.0000  0.0000  Eval_33_2
core16_6/core4_4/evalB/DP_OP_54J20_125_6062    128.1420     0.0    128.1420     0.0000 0.0000 Eval_33_2_DP_OP_54J20_125_6062_J20_0_0
core16_6/core4_4/evalB/DP_OP_55J20_126_8970    172.7460     0.0    172.7460     0.0000 0.0000 Eval_33_2_DP_OP_55J20_126_8970_J20_0_0
core16_6/core4_4/evalB/DP_OP_56J20_127_2491    179.9280     0.0    179.9280     0.0000 0.0000 Eval_33_2_DP_OP_56J20_127_2491_J20_0_0
core16_6/core4_4/interp             2712.4020      0.4       0.7560    276.1920  0.0000  Interpolation_2
core16_6/core4_4/interp/interp      2435.4540      0.3       0.2520      0.0000  0.0000  InterpolationComb_2
core16_6/core4_4/interp/interp/DP_OP_106J26_122_4688   2435.2020     0.3   2435.2020     0.0000 0.0000 InterpolationComb_1_DP_OP_106J26_122_4688_J26_0_1
core16_6/core4_4/mult_x_1            848.7360      0.1     848.7360      0.0000  0.0000  core4_2_DW_mult_uns_J33_3_0
core16_6/core4_4/mult_x_2            977.7600      0.1     977.7600      0.0000  0.0000  core4_2_DW_mult_uns_J33_2_0
core16_6/core4_4/mult_x_3            960.1200      0.1     960.1200      0.0000  0.0000  core4_2_DW_mult_tc_J33_2_0
core16_6/core4_4/mult_x_4            947.1420      0.1     947.1420      0.0000  0.0000  core4_2_DW_mult_tc_J33_1_0
core16_6/core4_4/mult_x_5           1035.3420      0.1    1035.3420      0.0000  0.0000  core4_2_DW_mult_uns_J33_1_0
core16_6/core4_4/mult_x_6           1019.3400      0.1    1019.3400      0.0000  0.0000  core4_2_DW_mult_tc_J33_0_0
core16_6/core4_4/mult_x_7            848.7360      0.1     848.7360      0.0000  0.0000  core4_2_DW_mult_uns_J33_0_0
core16_6/core4_5                   11899.0618      1.6       0.7560    517.8600  0.0000  core4_1
core16_6/core4_5/evalA               880.3620      0.1      28.7280      0.0000  0.0000  Eval_32_1
core16_6/core4_5/evalA/DP_OP_53J27_123_3533    222.6420     0.0    222.6420     0.0000 0.0000 Eval_32_1_DP_OP_53J27_123_3533_J27_0_0
core16_6/core4_5/evalA/DP_OP_54J27_124_9398    321.1740     0.0    321.1740     0.0000 0.0000 Eval_32_1_DP_OP_54J27_124_9398_J27_0_0
core16_6/core4_5/evalA/DP_OP_55J27_125_9832    307.8180     0.0    307.8180     0.0000 0.0000 Eval_32_1_DP_OP_55J27_125_9832_J27_0_0
core16_6/core4_5/evalB               637.1820      0.1      21.4200      0.0000  0.0000  Eval_33_1
core16_6/core4_5/evalB/DP_OP_53J23_122_9164    160.2720     0.0    160.2720     0.0000 0.0000 Eval_33_1_DP_OP_53J23_122_9164_J23_0_0
core16_6/core4_5/evalB/DP_OP_54J23_123_1920    234.3600     0.0    234.3600     0.0000 0.0000 Eval_33_1_DP_OP_54J23_123_1920_J23_0_0
core16_6/core4_5/evalB/DP_OP_55J23_124_2354    221.1300     0.0    221.1300     0.0000 0.0000 Eval_33_1_DP_OP_55J23_124_2354_J23_0_0
core16_6/core4_5/interp             2713.4100      0.4       0.7560    276.1920  0.0000  Interpolation_1
core16_6/core4_5/interp/interp      2436.4620      0.3       0.2520      0.0000  0.0000  InterpolationComb_1
core16_6/core4_5/interp/interp/DP_OP_106J26_122_4688   2436.2100     0.3   2436.2100     0.0000 0.0000 InterpolationComb_1_DP_OP_106J26_122_4688_J26_0_0
core16_6/core4_5/mult_x_1            890.9460      0.1     890.9460      0.0000  0.0000  core4_1_DW_mult_tc_J20_6_0
core16_6/core4_5/mult_x_2           1041.0120      0.1    1041.0120      0.0000  0.0000  core4_1_DW_mult_tc_J20_5_0
core16_6/core4_5/mult_x_3           1081.0800      0.1    1081.0800      0.0000  0.0000  core4_1_DW_mult_tc_J20_4_0
core16_6/core4_5/mult_x_4           1081.5840      0.1    1081.5840      0.0000  0.0000  core4_1_DW_mult_tc_J20_3_0
core16_6/core4_5/mult_x_5           1082.9700      0.1    1082.9700      0.0000  0.0000  core4_1_DW_mult_tc_J20_2_0
core16_6/core4_5/mult_x_6           1080.9540      0.1    1080.9540      0.0000  0.0000  core4_1_DW_mult_tc_J20_1_0
core16_6/core4_5/mult_x_7            890.9460      0.1     890.9460      0.0000  0.0000  core4_1_DW_mult_tc_J20_0_0
core16_6/core4_6                    9766.3859      1.3       1.0080    518.1120  0.0000  core4_0
core16_6/core4_6/evalA               722.8620      0.1      27.2160      0.0000  0.0000  Eval_32_0
core16_6/core4_6/evalA/DP_OP_54J25_122_2391    185.9760     0.0    185.9760     0.0000 0.0000 Eval_32_0_DP_OP_54J25_122_2391_J25_0_0
core16_6/core4_6/evalA/DP_OP_55J25_123_3961    251.8740     0.0    251.8740     0.0000 0.0000 Eval_32_0_DP_OP_55J25_123_3961_J25_0_0
core16_6/core4_6/evalA/DP_OP_56J25_124_3269    257.7960     0.0    257.7960     0.0000 0.0000 Eval_32_0_DP_OP_56J25_124_3269_J25_0_0
core16_6/core4_6/evalB               375.3540      0.1      11.5920      0.0000  0.0000  Eval_33_0
core16_6/core4_6/evalB/DP_OP_54J24_125_8022     96.0120     0.0     96.0120     0.0000 0.0000 Eval_33_0_DP_OP_54J24_125_8022_J24_0_0
core16_6/core4_6/evalB/DP_OP_55J24_126_4344    130.5360     0.0    130.5360     0.0000 0.0000 Eval_33_0_DP_OP_55J24_126_4344_J24_0_0
core16_6/core4_6/evalB/DP_OP_56J24_127_8079    137.2140     0.0    137.2140     0.0000 0.0000 Eval_33_0_DP_OP_56J24_127_8079_J24_0_0
core16_6/core4_6/interp             2613.4920      0.4       0.7560    268.1280  0.0000  Interpolation_0
core16_6/core4_6/interp/interp      2344.6080      0.3       0.2520      0.0000  0.0000  InterpolationComb_0
core16_6/core4_6/interp/interp/DP_OP_106J27_122_4023   2344.3560     0.3   2344.3560     0.0000 0.0000 InterpolationComb_0_DP_OP_106J27_122_4023_J27_0_0
core16_6/core4_6/mult_x_1            634.6620      0.1     634.6620      0.0000  0.0000  core4_0_DW_mult_uns_J16_3_0
core16_6/core4_6/mult_x_2            859.6980      0.1     859.6980      0.0000  0.0000  core4_0_DW_mult_uns_J16_2_0
core16_6/core4_6/mult_x_3            765.1980      0.1     765.1980      0.0000  0.0000  core4_0_DW_mult_tc_J16_2_0
core16_6/core4_6/mult_x_4            836.2620      0.1     836.2620      0.0000  0.0000  core4_0_DW_mult_tc_J16_1_0
core16_6/core4_6/mult_x_5            879.1020      0.1     879.1020      0.0000  0.0000  core4_0_DW_mult_uns_J16_1_0
core16_6/core4_6/mult_x_6            925.9740      0.1     925.9740      0.0000  0.0000  core4_0_DW_mult_tc_J16_0_0
core16_6/core4_6/mult_x_7            634.6620      0.1     634.6620      0.0000  0.0000  core4_0_DW_mult_uns_J16_0_0
core16_6/evalA                       722.8620      0.1      27.2160      0.0000  0.0000  Eval_32_52
core16_6/evalA/DP_OP_54J33_122_7582    185.9760     0.0    185.9760      0.0000  0.0000  Eval_32_49_DP_OP_54J33_122_7582_J33_0_3
core16_6/evalA/DP_OP_55J33_123_4862    251.8740     0.0    251.8740      0.0000  0.0000  Eval_32_49_DP_OP_55J33_123_4862_J33_0_3
core16_6/evalA/DP_OP_56J33_124_9872    257.7960     0.0    257.7960      0.0000  0.0000  Eval_32_49_DP_OP_56J33_124_9872_J33_0_3
core16_6/evalA_1                     717.1920      0.1      21.5460      0.0000  0.0000  Eval_32_51
core16_6/evalA_1/DP_OP_54J33_122_7582    185.9760     0.0    185.9760     0.0000 0.0000  Eval_32_49_DP_OP_54J33_122_7582_J33_0_2
core16_6/evalA_1/DP_OP_55J33_123_4862    251.8740     0.0    251.8740     0.0000 0.0000  Eval_32_49_DP_OP_55J33_123_4862_J33_0_2
core16_6/evalA_1/DP_OP_56J33_124_9872    257.7960     0.0    257.7960     0.0000 0.0000  Eval_32_49_DP_OP_56J33_124_9872_J33_0_2
core16_6/evalA_2                     717.1920      0.1      21.5460      0.0000  0.0000  Eval_32_50
core16_6/evalA_2/DP_OP_54J33_122_7582    185.9760     0.0    185.9760     0.0000 0.0000  Eval_32_49_DP_OP_54J33_122_7582_J33_0_1
core16_6/evalA_2/DP_OP_55J33_123_4862    251.8740     0.0    251.8740     0.0000 0.0000  Eval_32_49_DP_OP_55J33_123_4862_J33_0_1
core16_6/evalA_2/DP_OP_56J33_124_9872    257.7960     0.0    257.7960     0.0000 0.0000  Eval_32_49_DP_OP_56J33_124_9872_J33_0_1
core16_6/evalA_3                     722.8620      0.1      27.2160      0.0000  0.0000  Eval_32_49
core16_6/evalA_3/DP_OP_54J33_122_7582    185.9760     0.0    185.9760     0.0000 0.0000  Eval_32_49_DP_OP_54J33_122_7582_J33_0_0
core16_6/evalA_3/DP_OP_55J33_123_4862    251.8740     0.0    251.8740     0.0000 0.0000  Eval_32_49_DP_OP_55J33_123_4862_J33_0_0
core16_6/evalA_3/DP_OP_56J33_124_9872    257.7960     0.0    257.7960     0.0000 0.0000  Eval_32_49_DP_OP_56J33_124_9872_J33_0_0
core16_6/evalB                       377.6220      0.1      12.0960      0.0000  0.0000  Eval_33_52
core16_6/evalB/DP_OP_54J19_125_8523     95.7600     0.0     95.7600      0.0000  0.0000  Eval_33_49_DP_OP_54J19_125_8523_J19_0_3
core16_6/evalB/DP_OP_55J19_126_2557    132.1740     0.0    132.1740      0.0000  0.0000  Eval_33_49_DP_OP_55J19_126_2557_J19_0_3
core16_6/evalB/DP_OP_56J19_127_6292    137.5920     0.0    137.5920      0.0000  0.0000  Eval_33_49_DP_OP_56J19_127_6292_J19_0_3
core16_6/evalB_1                     377.7480      0.1      10.9620      0.0000  0.0000  Eval_33_51
core16_6/evalB_1/DP_OP_54J19_125_8523     97.6500     0.0     97.6500     0.0000 0.0000  Eval_33_49_DP_OP_54J19_125_8523_J19_0_2
core16_6/evalB_1/DP_OP_55J19_126_2557    129.9060     0.0    129.9060     0.0000 0.0000  Eval_33_49_DP_OP_55J19_126_2557_J19_0_2
core16_6/evalB_1/DP_OP_56J19_127_6292    139.2300     0.0    139.2300     0.0000 0.0000  Eval_33_49_DP_OP_56J19_127_6292_J19_0_2
core16_6/evalB_2                     386.0640      0.1      11.2140      0.0000  0.0000  Eval_33_50
core16_6/evalB_2/DP_OP_54J19_125_8523     96.6420     0.0     96.6420     0.0000 0.0000  Eval_33_49_DP_OP_54J19_125_8523_J19_0_1
core16_6/evalB_2/DP_OP_55J19_126_2557    139.4820     0.0    139.4820     0.0000 0.0000  Eval_33_49_DP_OP_55J19_126_2557_J19_0_1
core16_6/evalB_2/DP_OP_56J19_127_6292    138.7260     0.0    138.7260     0.0000 0.0000  Eval_33_49_DP_OP_56J19_127_6292_J19_0_1
core16_6/evalB_3                     382.2840      0.1      12.0960      0.0000  0.0000  Eval_33_49
core16_6/evalB_3/DP_OP_54J19_125_8523     96.3900     0.0     96.3900     0.0000 0.0000  Eval_33_49_DP_OP_54J19_125_8523_J19_0_0
core16_6/evalB_3/DP_OP_55J19_126_2557    132.8040     0.0    132.8040     0.0000 0.0000  Eval_33_49_DP_OP_55J19_126_2557_J19_0_0
core16_6/evalB_3/DP_OP_56J19_127_6292    140.9940     0.0    140.9940     0.0000 0.0000  Eval_33_49_DP_OP_56J19_127_6292_J19_0_0
core16_6/interp                     8860.6979      1.2       0.7560    969.6960  0.0000  Interpolation_7_0
core16_6/interp/interp              7890.2459      1.1       0.2520      0.0000  0.0000  InterpolationComb_7_0
core16_6/interp/interp/DP_OP_421J12_122_4174   7889.9939     1.1   7889.9939     0.0000 0.0000 InterpolationComb_7_0_DP_OP_421J12_122_4174_J12_0_0
evalA                                721.3500      0.1      29.8620      0.0000  0.0000  Eval_16
evalA/DP_OP_52J19_122_6891           185.9760      0.0     185.9760      0.0000  0.0000  Eval_0_DP_OP_52J19_122_6891_J19_0_15
evalA/DP_OP_53J19_123_6653           249.2280      0.0     249.2280      0.0000  0.0000  Eval_0_DP_OP_53J19_123_6653_J19_0_15
evalA/DP_OP_54J19_124_5333           256.2840      0.0     256.2840      0.0000  0.0000  Eval_0_DP_OP_54J19_124_5333_J19_0_15
evalA_1                              717.1920      0.1      25.5780      0.0000  0.0000  Eval_15
evalA_1/DP_OP_52J19_122_6891         185.9760      0.0     185.9760      0.0000  0.0000  Eval_0_DP_OP_52J19_122_6891_J19_0_14
evalA_1/DP_OP_53J19_123_6653         249.2280      0.0     249.2280      0.0000  0.0000  Eval_0_DP_OP_53J19_123_6653_J19_0_14
evalA_1/DP_OP_54J19_124_5333         256.4100      0.0     256.4100      0.0000  0.0000  Eval_0_DP_OP_54J19_124_5333_J19_0_14
evalA_10                             717.1920      0.1      25.5780      0.0000  0.0000  Eval_6
evalA_10/DP_OP_52J19_122_6891        185.9760      0.0     185.9760      0.0000  0.0000  Eval_0_DP_OP_52J19_122_6891_J19_0_5
evalA_10/DP_OP_53J19_123_6653        249.2280      0.0     249.2280      0.0000  0.0000  Eval_0_DP_OP_53J19_123_6653_J19_0_5
evalA_10/DP_OP_54J19_124_5333        256.4100      0.0     256.4100      0.0000  0.0000  Eval_0_DP_OP_54J19_124_5333_J19_0_5
evalA_11                             716.5620      0.1      25.0740      0.0000  0.0000  Eval_5
evalA_11/DP_OP_52J19_122_6891        185.9760      0.0     185.9760      0.0000  0.0000  Eval_0_DP_OP_52J19_122_6891_J19_0_4
evalA_11/DP_OP_53J19_123_6653        249.2280      0.0     249.2280      0.0000  0.0000  Eval_0_DP_OP_53J19_123_6653_J19_0_4
evalA_11/DP_OP_54J19_124_5333        256.2840      0.0     256.2840      0.0000  0.0000  Eval_0_DP_OP_54J19_124_5333_J19_0_4
evalA_12                             720.9720      0.1      29.4840      0.0000  0.0000  Eval_4
evalA_12/DP_OP_52J19_122_6891        185.9760      0.0     185.9760      0.0000  0.0000  Eval_0_DP_OP_52J19_122_6891_J19_0_3
evalA_12/DP_OP_53J19_123_6653        249.2280      0.0     249.2280      0.0000  0.0000  Eval_0_DP_OP_53J19_123_6653_J19_0_3
evalA_12/DP_OP_54J19_124_5333        256.2840      0.0     256.2840      0.0000  0.0000  Eval_0_DP_OP_54J19_124_5333_J19_0_3
evalA_13                             717.1920      0.1      25.5780      0.0000  0.0000  Eval_3
evalA_13/DP_OP_52J19_122_6891        185.9760      0.0     185.9760      0.0000  0.0000  Eval_0_DP_OP_52J19_122_6891_J19_0_2
evalA_13/DP_OP_53J19_123_6653        249.2280      0.0     249.2280      0.0000  0.0000  Eval_0_DP_OP_53J19_123_6653_J19_0_2
evalA_13/DP_OP_54J19_124_5333        256.4100      0.0     256.4100      0.0000  0.0000  Eval_0_DP_OP_54J19_124_5333_J19_0_2
evalA_14                             717.1920      0.1      25.5780      0.0000  0.0000  Eval_2
evalA_14/DP_OP_52J19_122_6891        185.9760      0.0     185.9760      0.0000  0.0000  Eval_0_DP_OP_52J19_122_6891_J19_0_1
evalA_14/DP_OP_53J19_123_6653        249.2280      0.0     249.2280      0.0000  0.0000  Eval_0_DP_OP_53J19_123_6653_J19_0_1
evalA_14/DP_OP_54J19_124_5333        256.4100      0.0     256.4100      0.0000  0.0000  Eval_0_DP_OP_54J19_124_5333_J19_0_1
evalA_15                             721.7280      0.1      30.2400      0.0000  0.0000  Eval_0
evalA_15/DP_OP_52J19_122_6891        185.9760      0.0     185.9760      0.0000  0.0000  Eval_0_DP_OP_52J19_122_6891_J19_0_0
evalA_15/DP_OP_53J19_123_6653        249.2280      0.0     249.2280      0.0000  0.0000  Eval_0_DP_OP_53J19_123_6653_J19_0_0
evalA_15/DP_OP_54J19_124_5333        256.2840      0.0     256.2840      0.0000  0.0000  Eval_0_DP_OP_54J19_124_5333_J19_0_0
evalA_2                              717.1920      0.1      25.5780      0.0000  0.0000  Eval_14
evalA_2/DP_OP_52J19_122_6891         185.9760      0.0     185.9760      0.0000  0.0000  Eval_0_DP_OP_52J19_122_6891_J19_0_13
evalA_2/DP_OP_53J19_123_6653         249.2280      0.0     249.2280      0.0000  0.0000  Eval_0_DP_OP_53J19_123_6653_J19_0_13
evalA_2/DP_OP_54J19_124_5333         256.4100      0.0     256.4100      0.0000  0.0000  Eval_0_DP_OP_54J19_124_5333_J19_0_13
evalA_3                              721.3500      0.1      29.8620      0.0000  0.0000  Eval_13
evalA_3/DP_OP_52J19_122_6891         185.9760      0.0     185.9760      0.0000  0.0000  Eval_0_DP_OP_52J19_122_6891_J19_0_12
evalA_3/DP_OP_53J19_123_6653         249.2280      0.0     249.2280      0.0000  0.0000  Eval_0_DP_OP_53J19_123_6653_J19_0_12
evalA_3/DP_OP_54J19_124_5333         256.2840      0.0     256.2840      0.0000  0.0000  Eval_0_DP_OP_54J19_124_5333_J19_0_12
evalA_4                              716.4360      0.1      24.9480      0.0000  0.0000  Eval_12
evalA_4/DP_OP_52J19_122_6891         185.9760      0.0     185.9760      0.0000  0.0000  Eval_0_DP_OP_52J19_122_6891_J19_0_11
evalA_4/DP_OP_53J19_123_6653         249.2280      0.0     249.2280      0.0000  0.0000  Eval_0_DP_OP_53J19_123_6653_J19_0_11
evalA_4/DP_OP_54J19_124_5333         256.2840      0.0     256.2840      0.0000  0.0000  Eval_0_DP_OP_54J19_124_5333_J19_0_11
evalA_5                              717.1920      0.1      25.5780      0.0000  0.0000  Eval_11
evalA_5/DP_OP_52J19_122_6891         185.9760      0.0     185.9760      0.0000  0.0000  Eval_0_DP_OP_52J19_122_6891_J19_0_10
evalA_5/DP_OP_53J19_123_6653         249.2280      0.0     249.2280      0.0000  0.0000  Eval_0_DP_OP_53J19_123_6653_J19_0_10
evalA_5/DP_OP_54J19_124_5333         256.4100      0.0     256.4100      0.0000  0.0000  Eval_0_DP_OP_54J19_124_5333_J19_0_10
evalA_6                              717.1920      0.1      25.5780      0.0000  0.0000  Eval_10
evalA_6/DP_OP_52J19_122_6891         185.9760      0.0     185.9760      0.0000  0.0000  Eval_0_DP_OP_52J19_122_6891_J19_0_9
evalA_6/DP_OP_53J19_123_6653         249.2280      0.0     249.2280      0.0000  0.0000  Eval_0_DP_OP_53J19_123_6653_J19_0_9
evalA_6/DP_OP_54J19_124_5333         256.4100      0.0     256.4100      0.0000  0.0000  Eval_0_DP_OP_54J19_124_5333_J19_0_9
evalA_7                              716.5620      0.1      25.0740      0.0000  0.0000  Eval_9
evalA_7/DP_OP_52J19_122_6891         185.9760      0.0     185.9760      0.0000  0.0000  Eval_0_DP_OP_52J19_122_6891_J19_0_8
evalA_7/DP_OP_53J19_123_6653         249.2280      0.0     249.2280      0.0000  0.0000  Eval_0_DP_OP_53J19_123_6653_J19_0_8
evalA_7/DP_OP_54J19_124_5333         256.2840      0.0     256.2840      0.0000  0.0000  Eval_0_DP_OP_54J19_124_5333_J19_0_8
evalA_8                              716.4360      0.1      24.9480      0.0000  0.0000  Eval_8
evalA_8/DP_OP_52J19_122_6891         185.9760      0.0     185.9760      0.0000  0.0000  Eval_0_DP_OP_52J19_122_6891_J19_0_7
evalA_8/DP_OP_53J19_123_6653         249.2280      0.0     249.2280      0.0000  0.0000  Eval_0_DP_OP_53J19_123_6653_J19_0_7
evalA_8/DP_OP_54J19_124_5333         256.2840      0.0     256.2840      0.0000  0.0000  Eval_0_DP_OP_54J19_124_5333_J19_0_7
evalA_9                              717.1920      0.1      25.5780      0.0000  0.0000  Eval_7
evalA_9/DP_OP_52J19_122_6891         185.9760      0.0     185.9760      0.0000  0.0000  Eval_0_DP_OP_52J19_122_6891_J19_0_6
evalA_9/DP_OP_53J19_123_6653         249.2280      0.0     249.2280      0.0000  0.0000  Eval_0_DP_OP_53J19_123_6653_J19_0_6
evalA_9/DP_OP_54J19_124_5333         256.4100      0.0     256.4100      0.0000  0.0000  Eval_0_DP_OP_54J19_124_5333_J19_0_6
evalB                                377.2440      0.1      14.8680      0.0000  0.0000  Eval_1_15
evalB/DP_OP_52J25_125_4593            97.2720      0.0      97.2720      0.0000  0.0000  Eval_1_0_DP_OP_52J25_125_4593_J25_0_15
evalB/DP_OP_53J25_126_1321           128.0160      0.0     128.0160      0.0000  0.0000  Eval_1_0_DP_OP_53J25_126_1321_J25_0_15
evalB/DP_OP_54J25_127_2501           137.0880      0.0     137.0880      0.0000  0.0000  Eval_1_0_DP_OP_54J25_127_2501_J25_0_15
evalB_1                              390.3480      0.1      18.0180      0.0000  0.0000  Eval_1_14
evalB_1/DP_OP_52J25_125_4593         102.0600      0.0     102.0600      0.0000  0.0000  Eval_1_0_DP_OP_52J25_125_4593_J25_0_14
evalB_1/DP_OP_53J25_126_1321         130.5360      0.0     130.5360      0.0000  0.0000  Eval_1_0_DP_OP_53J25_126_1321_J25_0_14
evalB_1/DP_OP_54J25_127_2501         139.7340      0.0     139.7340      0.0000  0.0000  Eval_1_0_DP_OP_54J25_127_2501_J25_0_14
evalB_10                             385.1820      0.1      18.0180      0.0000  0.0000  Eval_1_5
evalB_10/DP_OP_52J25_125_4593        102.0600      0.0     102.0600      0.0000  0.0000  Eval_1_0_DP_OP_52J25_125_4593_J25_0_5
evalB_10/DP_OP_53J25_126_1321        129.1500      0.0     129.1500      0.0000  0.0000  Eval_1_0_DP_OP_53J25_126_1321_J25_0_5
evalB_10/DP_OP_54J25_127_2501        135.9540      0.0     135.9540      0.0000  0.0000  Eval_1_0_DP_OP_54J25_127_2501_J25_0_5
evalB_11                             436.0860      0.1      15.3720      0.0000  0.0000  Eval_1_4
evalB_11/DP_OP_52J25_125_4593         97.7760      0.0      97.7760      0.0000  0.0000  Eval_1_0_DP_OP_52J25_125_4593_J25_0_4
evalB_11/DP_OP_53J25_126_1321        187.2360      0.0     187.2360      0.0000  0.0000  Eval_1_4_DP_OP_53J25_126_1321_0
evalB_11/DP_OP_54J25_127_2501        135.7020      0.0     135.7020      0.0000  0.0000  Eval_1_0_DP_OP_54J25_127_2501_J25_0_4
evalB_12                             383.2920      0.1      16.5060      0.0000  0.0000  Eval_1_3
evalB_12/DP_OP_52J25_125_4593         97.0200      0.0      97.0200      0.0000  0.0000  Eval_1_0_DP_OP_52J25_125_4593_J25_0_3
evalB_12/DP_OP_53J25_126_1321        129.6540      0.0     129.6540      0.0000  0.0000  Eval_1_0_DP_OP_53J25_126_1321_J25_0_3
evalB_12/DP_OP_54J25_127_2501        140.1120      0.0     140.1120      0.0000  0.0000  Eval_1_0_DP_OP_54J25_127_2501_J25_0_3
evalB_13                             381.9060      0.1      18.0180      0.0000  0.0000  Eval_1_2
evalB_13/DP_OP_52J25_125_4593         96.7680      0.0      96.7680      0.0000  0.0000  Eval_1_0_DP_OP_52J25_125_4593_J25_0_2
evalB_13/DP_OP_53J25_126_1321        128.2680      0.0     128.2680      0.0000  0.0000  Eval_1_0_DP_OP_53J25_126_1321_J25_0_2
evalB_13/DP_OP_54J25_127_2501        138.8520      0.0     138.8520      0.0000  0.0000  Eval_1_0_DP_OP_54J25_127_2501_J25_0_2
evalB_14                             384.0480      0.1      18.0180      0.0000  0.0000  Eval_1_1
evalB_14/DP_OP_52J25_125_4593         96.6420      0.0      96.6420      0.0000  0.0000  Eval_1_0_DP_OP_52J25_125_4593_J25_0_1
evalB_14/DP_OP_53J25_126_1321        129.2760      0.0     129.2760      0.0000  0.0000  Eval_1_0_DP_OP_53J25_126_1321_J25_0_1
evalB_14/DP_OP_54J25_127_2501        140.1120      0.0     140.1120      0.0000  0.0000  Eval_1_0_DP_OP_54J25_127_2501_J25_0_1
evalB_15                             389.9700      0.1      19.6560      0.0000  0.0000  Eval_1_0
evalB_15/DP_OP_52J25_125_4593         98.1540      0.0      98.1540      0.0000  0.0000  Eval_1_0_DP_OP_52J25_125_4593_J25_0_0
evalB_15/DP_OP_53J25_126_1321        133.8120      0.0     133.8120      0.0000  0.0000  Eval_1_0_DP_OP_53J25_126_1321_J25_0_0
evalB_15/DP_OP_54J25_127_2501        138.3480      0.0     138.3480      0.0000  0.0000  Eval_1_0_DP_OP_54J25_127_2501_J25_0_0
evalB_2                              386.3160      0.1      18.0180      0.0000  0.0000  Eval_1_13
evalB_2/DP_OP_52J25_125_4593          99.1620      0.0      99.1620      0.0000  0.0000  Eval_1_0_DP_OP_52J25_125_4593_J25_0_13
evalB_2/DP_OP_53J25_126_1321         130.2840      0.0     130.2840      0.0000  0.0000  Eval_1_0_DP_OP_53J25_126_1321_J25_0_13
evalB_2/DP_OP_54J25_127_2501         138.8520      0.0     138.8520      0.0000  0.0000  Eval_1_0_DP_OP_54J25_127_2501_J25_0_13
evalB_3                              381.5280      0.1      16.8840      0.0000  0.0000  Eval_1_12
evalB_3/DP_OP_52J25_125_4593          99.0360      0.0      99.0360      0.0000  0.0000  Eval_1_0_DP_OP_52J25_125_4593_J25_0_12
evalB_3/DP_OP_53J25_126_1321         128.6460      0.0     128.6460      0.0000  0.0000  Eval_1_0_DP_OP_53J25_126_1321_J25_0_12
evalB_3/DP_OP_54J25_127_2501         136.9620      0.0     136.9620      0.0000  0.0000  Eval_1_0_DP_OP_54J25_127_2501_J25_0_12
evalB_4                              380.8980      0.1      15.1200      0.0000  0.0000  Eval_1_11
evalB_4/DP_OP_52J25_125_4593          98.7840      0.0      98.7840      0.0000  0.0000  Eval_1_0_DP_OP_52J25_125_4593_J25_0_11
evalB_4/DP_OP_53J25_126_1321         130.2840      0.0     130.2840      0.0000  0.0000  Eval_1_0_DP_OP_53J25_126_1321_J25_0_11
evalB_4/DP_OP_54J25_127_2501         136.7100      0.0     136.7100      0.0000  0.0000  Eval_1_0_DP_OP_54J25_127_2501_J25_0_11
evalB_5                              386.9460      0.1      18.0180      0.0000  0.0000  Eval_1_10
evalB_5/DP_OP_52J25_125_4593          99.4140      0.0      99.4140      0.0000  0.0000  Eval_1_0_DP_OP_52J25_125_4593_J25_0_10
evalB_5/DP_OP_53J25_126_1321         134.4420      0.0     134.4420      0.0000  0.0000  Eval_1_0_DP_OP_53J25_126_1321_J25_0_10
evalB_5/DP_OP_54J25_127_2501         135.0720      0.0     135.0720      0.0000  0.0000  Eval_1_0_DP_OP_54J25_127_2501_J25_0_10
evalB_6                              388.3320      0.1      18.0180      0.0000  0.0000  Eval_1_9
evalB_6/DP_OP_52J25_125_4593         100.6740      0.0     100.6740      0.0000  0.0000  Eval_1_0_DP_OP_52J25_125_4593_J25_0_9
evalB_6/DP_OP_53J25_126_1321         132.1740      0.0     132.1740      0.0000  0.0000  Eval_1_0_DP_OP_53J25_126_1321_J25_0_9
evalB_6/DP_OP_54J25_127_2501         137.4660      0.0     137.4660      0.0000  0.0000  Eval_1_0_DP_OP_54J25_127_2501_J25_0_9
evalB_7                              442.8900      0.1      15.7500      0.0000  0.0000  Eval_1_8
evalB_7/DP_OP_52J25_125_4593          98.2800      0.0      98.2800      0.0000  0.0000  Eval_1_0_DP_OP_52J25_125_4593_J25_0_8
evalB_7/DP_OP_53J25_126_1321         189.1260      0.0     189.1260      0.0000  0.0000  Eval_1_8_DP_OP_53J25_126_1321_0
evalB_7/DP_OP_54J25_127_2501         139.7340      0.0     139.7340      0.0000  0.0000  Eval_1_0_DP_OP_54J25_127_2501_J25_0_8
evalB_8                              381.9060      0.1      14.7420      0.0000  0.0000  Eval_1_7
evalB_8/DP_OP_52J25_125_4593          96.7680      0.0      96.7680      0.0000  0.0000  Eval_1_0_DP_OP_52J25_125_4593_J25_0_7
evalB_8/DP_OP_53J25_126_1321         132.8040      0.0     132.8040      0.0000  0.0000  Eval_1_0_DP_OP_53J25_126_1321_J25_0_7
evalB_8/DP_OP_54J25_127_2501         137.5920      0.0     137.5920      0.0000  0.0000  Eval_1_0_DP_OP_54J25_127_2501_J25_0_7
evalB_9                              384.9300      0.1      18.0180      0.0000  0.0000  Eval_1_6
evalB_9/DP_OP_52J25_125_4593          96.6420      0.0      96.6420      0.0000  0.0000  Eval_1_0_DP_OP_52J25_125_4593_J25_0_6
evalB_9/DP_OP_53J25_126_1321         131.6700      0.0     131.6700      0.0000  0.0000  Eval_1_0_DP_OP_53J25_126_1321_J25_0_6
evalB_9/DP_OP_54J25_127_2501         138.6000      0.0     138.6000      0.0000  0.0000  Eval_1_0_DP_OP_54J25_127_2501_J25_0_6
interp                             33644.0156      4.6       0.7560   3614.6881  0.0000  Interpolation_56
interp/interp                      30028.5715      4.1       0.2520      0.0000  0.0000  InterpolationComb_56
interp/interp/DP_OP_1681J3_122_140  30028.3195     4.1   30028.3195      0.0000  0.0000  InterpolationComb_56_DP_OP_1681J3_122_140_J3_0
--------------------------------  -----------  -------  -----------  ----------  ------  ---------------------------------------------------
Total                                                   666161.2338  69453.3431  0.0000

1
