 
****************************************
Report : constraint
        -all_violators
        -verbose
Design : core64_a24_b16_c24
Version: O-2018.06-SP5
Date   : Tue May 12 21:27:54 2026
****************************************


    Net: io_c_0[0]

    Capacitance            0.00
  - min_capacitance        0.00
  ------------------------------
    Slack                  0.00  (VIOLATED: increase significant digits)


    Net: io_c_0[1]

    Capacitance            0.00
  - min_capacitance        0.00
  ------------------------------
    Slack                  0.00  (VIOLATED: increase significant digits)


    Net: io_c_0[2]

    Capacitance            0.00
  - min_capacitance        0.00
  ------------------------------
    Slack                  0.00  (VIOLATED: increase significant digits)


    Net: io_c_0[3]

    Capacitance            0.00
  - min_capacitance        0.00
  ------------------------------
    Slack                  0.00  (VIOLATED: increase significant digits)


    Net: io_c_0[4]

    Capacitance            0.00
  - min_capacitance        0.00
  ------------------------------
    Slack                  0.00  (VIOLATED: increase significant digits)


    Net: io_c_0[5]

    Capacitance            0.00
  - min_capacitance        0.00
  ------------------------------
    Slack                  0.00  (VIOLATED: increase significant digits)


    Net: io_c_0[6]

    Capacitance            0.00
  - min_capacitance        0.00
  ------------------------------
    Slack                  0.00  (VIOLATED: increase significant digits)


    Net: io_c_0[7]

    Capacitance            0.00
  - min_capacitance        0.00
  ------------------------------
    Slack                  0.00  (VIOLATED: increase significant digits)


    Net: io_c_0[8]

    Capacitance            0.00
  - min_capacitance        0.00
  ------------------------------
    Slack                  0.00  (VIOLATED: increase significant digits)


    Net: io_c_0[9]

    Capacitance            0.00
  - min_capacitance        0.00
  ------------------------------
    Slack                  0.00  (VIOLATED: increase significant digits)


    Net: io_c_0[10]

    Capacitance            0.00
  - min_capacitance        0.00
  ------------------------------
    Slack                  0.00  (VIOLATED: increase significant digits)


    Net: io_c_0[11]

    Capacitance            0.00
  - min_capacitance        0.00
  ------------------------------
    Slack                  0.00  (VIOLATED: increase significant digits)


    Net: io_c_0[12]

    Capacitance            0.00
  - min_capacitance        0.00
  ------------------------------
    Slack                  0.00  (VIOLATED: increase significant digits)


    Net: io_c_0[13]

    Capacitance            0.00
  - min_capacitance        0.00
  ------------------------------
    Slack                  0.00  (VIOLATED: increase significant digits)


    Net: io_c_0[14]

    Capacitance            0.00
  - min_capacitance        0.00
  ------------------------------
    Slack                  0.00  (VIOLATED: increase significant digits)


    Net: io_c_0[15]

    Capacitance            0.00
  - min_capacitance        0.00
  ------------------------------
    Slack                  0.00  (VIOLATED: increase significant digits)


    Net: io_c_0[16]

    Capacitance            0.00
  - min_capacitance        0.00
  ------------------------------
    Slack                  0.00  (VIOLATED: increase significant digits)


    Net: io_c_0[17]

    Capacitance            0.00
  - min_capacitance        0.00
  ------------------------------
    Slack                  0.00  (VIOLATED: increase significant digits)


    Net: io_c_0[18]

    Capacitance            0.00
  - min_capacitance        0.00
  ------------------------------
    Slack                  0.00  (VIOLATED: increase significant digits)


    Net: io_c_0[19]

    Capacitance            0.00
  - min_capacitance        0.00
  ------------------------------
    Slack                  0.00  (VIOLATED: increase significant digits)


    Net: io_c_0[20]

    Capacitance            0.00
  - min_capacitance        0.00
  ------------------------------
    Slack                  0.00  (VIOLATED: increase significant digits)


    Net: io_c_0[21]

    Capacitance            0.00
  - min_capacitance        0.00
  ------------------------------
    Slack                  0.00  (VIOLATED: increase significant digits)


    Net: io_c_0[22]

    Capacitance            0.00
  - min_capacitance        0.00
  ------------------------------
    Slack                  0.00  (VIOLATED: increase significant digits)


    Net: io_c_0[23]

    Capacitance            0.00
  - min_capacitance        0.00
  ------------------------------
    Slack                  0.00  (VIOLATED: increase significant digits)


    Net: io_c_1[0]

    Capacitance            0.00
  - min_capacitance        0.00
  ------------------------------
    Slack                  0.00  (VIOLATED: increase significant digits)


    Net: io_c_1[1]

    Capacitance            0.00
  - min_capacitance        0.00
  ------------------------------
    Slack                  0.00  (VIOLATED: increase significant digits)


    Net: io_c_1[2]

    Capacitance            0.00
  - min_capacitance        0.00
  ------------------------------
    Slack                  0.00  (VIOLATED: increase significant digits)


    Net: io_c_1[3]

    Capacitance            0.00
  - min_capacitance        0.00
  ------------------------------
    Slack                  0.00  (VIOLATED: increase significant digits)


    Net: io_c_1[4]

    Capacitance            0.00
  - min_capacitance        0.00
  ------------------------------
    Slack                  0.00  (VIOLATED: increase significant digits)


    Net: io_c_1[5]

    Capacitance            0.00
  - min_capacitance        0.00
  ------------------------------
    Slack                  0.00  (VIOLATED: increase significant digits)


    Net: io_c_1[6]

    Capacitance            0.00
  - min_capacitance        0.00
  ------------------------------
    Slack                  0.00  (VIOLATED: increase significant digits)


    Net: io_c_1[7]

    Capacitance            0.00
  - min_capacitance        0.00
  ------------------------------
    Slack                  0.00  (VIOLATED: increase significant digits)


    Net: io_c_1[8]

    Capacitance            0.00
  - min_capacitance        0.00
  ------------------------------
    Slack                  0.00  (VIOLATED: increase significant digits)


    Net: io_c_1[9]

    Capacitance            0.00
  - min_capacitance        0.00
  ------------------------------
    Slack                  0.00  (VIOLATED: increase significant digits)


    Net: io_c_1[10]

    Capacitance            0.00
  - min_capacitance        0.00
  ------------------------------
    Slack                  0.00  (VIOLATED: increase significant digits)


    Net: io_c_1[11]

    Capacitance            0.00
  - min_capacitance        0.00
  ------------------------------
    Slack                  0.00  (VIOLATED: increase significant digits)


    Net: io_c_1[12]

    Capacitance            0.00
  - min_capacitance        0.00
  ------------------------------
    Slack                  0.00  (VIOLATED: increase significant digits)


    Net: io_c_1[13]

    Capacitance            0.00
  - min_capacitance        0.00
  ------------------------------
    Slack                  0.00  (VIOLATED: increase significant digits)


    Net: io_c_1[14]

    Capacitance            0.00
  - min_capacitance        0.00
  ------------------------------
    Slack                  0.00  (VIOLATED: increase significant digits)


    Net: io_c_1[15]

    Capacitance            0.00
  - min_capacitance        0.00
  ------------------------------
    Slack                  0.00  (VIOLATED: increase significant digits)


    Net: io_c_1[16]

    Capacitance            0.00
  - min_capacitance        0.00
  ------------------------------
    Slack                  0.00  (VIOLATED: increase significant digits)


    Net: io_c_1[17]

    Capacitance            0.00
  - min_capacitance        0.00
  ------------------------------
    Slack                  0.00  (VIOLATED: increase significant digits)


    Net: io_c_1[18]

    Capacitance            0.00
  - min_capacitance        0.00
  ------------------------------
    Slack                  0.00  (VIOLATED: increase significant digits)


    Net: io_c_1[19]

    Capacitance            0.00
  - min_capacitance        0.00
  ------------------------------
    Slack                  0.00  (VIOLATED: increase significant digits)


    Net: io_c_1[20]

    Capacitance            0.00
  - min_capacitance        0.00
  ------------------------------
    Slack                  0.00  (VIOLATED: increase significant digits)


    Net: io_c_1[21]

    Capacitance            0.00
  - min_capacitance        0.00
  ------------------------------
    Slack                  0.00  (VIOLATED: increase significant digits)


    Net: io_c_1[22]

    Capacitance            0.00
  - min_capacitance        0.00
  ------------------------------
    Slack                  0.00  (VIOLATED: increase significant digits)


    Net: io_c_1[23]

    Capacitance            0.00
  - min_capacitance        0.00
  ------------------------------
    Slack                  0.00  (VIOLATED: increase significant digits)


    Net: io_c_2[0]

    Capacitance            0.00
  - min_capacitance        0.00
  ------------------------------
    Slack                  0.00  (VIOLATED: increase significant digits)


    Net: io_c_2[1]

    Capacitance            0.00
  - min_capacitance        0.00
  ------------------------------
    Slack                  0.00  (VIOLATED: increase significant digits)


    Net: io_c_2[2]

    Capacitance            0.00
  - min_capacitance        0.00
  ------------------------------
    Slack                  0.00  (VIOLATED: increase significant digits)


    Net: io_c_2[3]

    Capacitance            0.00
  - min_capacitance        0.00
  ------------------------------
    Slack                  0.00  (VIOLATED: increase significant digits)


    Net: io_c_2[4]

    Capacitance            0.00
  - min_capacitance        0.00
  ------------------------------
    Slack                  0.00  (VIOLATED: increase significant digits)


    Net: io_c_2[5]

    Capacitance            0.00
  - min_capacitance        0.00
  ------------------------------
    Slack                  0.00  (VIOLATED: increase significant digits)


    Net: io_c_2[6]

    Capacitance            0.00
  - min_capacitance        0.00
  ------------------------------
    Slack                  0.00  (VIOLATED: increase significant digits)


    Net: io_c_2[7]

    Capacitance            0.00
  - min_capacitance        0.00
  ------------------------------
    Slack                  0.00  (VIOLATED: increase significant digits)


    Net: io_c_2[8]

    Capacitance            0.00
  - min_capacitance        0.00
  ------------------------------
    Slack                  0.00  (VIOLATED: increase significant digits)


    Net: io_c_2[9]

    Capacitance            0.00
  - min_capacitance        0.00
  ------------------------------
    Slack                  0.00  (VIOLATED: increase significant digits)


    Net: io_c_2[10]

    Capacitance            0.00
  - min_capacitance        0.00
  ------------------------------
    Slack                  0.00  (VIOLATED: increase significant digits)


    Net: io_c_2[11]

    Capacitance            0.00
  - min_capacitance        0.00
  ------------------------------
    Slack                  0.00  (VIOLATED: increase significant digits)


    Net: io_c_2[12]

    Capacitance            0.00
  - min_capacitance        0.00
  ------------------------------
    Slack                  0.00  (VIOLATED: increase significant digits)


    Net: io_c_2[13]

    Capacitance            0.00
  - min_capacitance        0.00
  ------------------------------
    Slack                  0.00  (VIOLATED: increase significant digits)


    Net: io_c_2[14]

    Capacitance            0.00
  - min_capacitance        0.00
  ------------------------------
    Slack                  0.00  (VIOLATED: increase significant digits)


    Net: io_c_2[15]

    Capacitance            0.00
  - min_capacitance        0.00
  ------------------------------
    Slack                  0.00  (VIOLATED: increase significant digits)


    Net: io_c_2[16]

    Capacitance            0.00
  - min_capacitance        0.00
  ------------------------------
    Slack                  0.00  (VIOLATED: increase significant digits)


    Net: io_c_2[17]

    Capacitance            0.00
  - min_capacitance        0.00
  ------------------------------
    Slack                  0.00  (VIOLATED: increase significant digits)


    Net: io_c_2[18]

    Capacitance            0.00
  - min_capacitance        0.00
  ------------------------------
    Slack                  0.00  (VIOLATED: increase significant digits)


    Net: io_c_2[19]

    Capacitance            0.00
  - min_capacitance        0.00
  ------------------------------
    Slack                  0.00  (VIOLATED: increase significant digits)


    Net: io_c_2[20]

    Capacitance            0.00
  - min_capacitance        0.00
  ------------------------------
    Slack                  0.00  (VIOLATED: increase significant digits)


    Net: io_c_2[21]

    Capacitance            0.00
  - min_capacitance        0.00
  ------------------------------
    Slack                  0.00  (VIOLATED: increase significant digits)


    Net: io_c_2[22]

    Capacitance            0.00
  - min_capacitance        0.00
  ------------------------------
    Slack                  0.00  (VIOLATED: increase significant digits)


    Net: io_c_2[23]

    Capacitance            0.00
  - min_capacitance        0.00
  ------------------------------
    Slack                  0.00  (VIOLATED: increase significant digits)


    Net: io_c_3[0]

    Capacitance            0.00
  - min_capacitance        0.00
  ------------------------------
    Slack                  0.00  (VIOLATED: increase significant digits)


    Net: io_c_3[1]

    Capacitance            0.00
  - min_capacitance        0.00
  ------------------------------
    Slack                  0.00  (VIOLATED: increase significant digits)


    Net: io_c_3[2]

    Capacitance            0.00
  - min_capacitance        0.00
  ------------------------------
    Slack                  0.00  (VIOLATED: increase significant digits)


    Net: io_c_3[3]

    Capacitance            0.00
  - min_capacitance        0.00
  ------------------------------
    Slack                  0.00  (VIOLATED: increase significant digits)


    Net: io_c_3[4]

    Capacitance            0.00
  - min_capacitance        0.00
  ------------------------------
    Slack                  0.00  (VIOLATED: increase significant digits)


    Net: io_c_3[5]

    Capacitance            0.00
  - min_capacitance        0.00
  ------------------------------
    Slack                  0.00  (VIOLATED: increase significant digits)


    Net: io_c_3[6]

    Capacitance            0.00
  - min_capacitance        0.00
  ------------------------------
    Slack                  0.00  (VIOLATED: increase significant digits)


    Net: io_c_3[7]

    Capacitance            0.00
  - min_capacitance        0.00
  ------------------------------
    Slack                  0.00  (VIOLATED: increase significant digits)


    Net: io_c_3[8]

    Capacitance            0.00
  - min_capacitance        0.00
  ------------------------------
    Slack                  0.00  (VIOLATED: increase significant digits)


    Net: io_c_3[9]

    Capacitance            0.00
  - min_capacitance        0.00
  ------------------------------
    Slack                  0.00  (VIOLATED: increase significant digits)


    Net: io_c_3[10]

    Capacitance            0.00
  - min_capacitance        0.00
  ------------------------------
    Slack                  0.00  (VIOLATED: increase significant digits)


    Net: io_c_3[11]

    Capacitance            0.00
  - min_capacitance        0.00
  ------------------------------
    Slack                  0.00  (VIOLATED: increase significant digits)


    Net: io_c_3[12]

    Capacitance            0.00
  - min_capacitance        0.00
  ------------------------------
    Slack                  0.00  (VIOLATED: increase significant digits)


    Net: io_c_3[13]

    Capacitance            0.00
  - min_capacitance        0.00
  ------------------------------
    Slack                  0.00  (VIOLATED: increase significant digits)


    Net: io_c_3[14]

    Capacitance            0.00
  - min_capacitance        0.00
  ------------------------------
    Slack                  0.00  (VIOLATED: increase significant digits)


    Net: io_c_3[15]

    Capacitance            0.00
  - min_capacitance        0.00
  ------------------------------
    Slack                  0.00  (VIOLATED: increase significant digits)


    Net: io_c_3[16]

    Capacitance            0.00
  - min_capacitance        0.00
  ------------------------------
    Slack                  0.00  (VIOLATED: increase significant digits)


    Net: io_c_3[17]

    Capacitance            0.00
  - min_capacitance        0.00
  ------------------------------
    Slack                  0.00  (VIOLATED: increase significant digits)


    Net: io_c_3[18]

    Capacitance            0.00
  - min_capacitance        0.00
  ------------------------------
    Slack                  0.00  (VIOLATED: increase significant digits)


    Net: io_c_3[19]

    Capacitance            0.00
  - min_capacitance        0.00
  ------------------------------
    Slack                  0.00  (VIOLATED: increase significant digits)


    Net: io_c_3[20]

    Capacitance            0.00
  - min_capacitance        0.00
  ------------------------------
    Slack                  0.00  (VIOLATED: increase significant digits)


    Net: io_c_3[21]

    Capacitance            0.00
  - min_capacitance        0.00
  ------------------------------
    Slack                  0.00  (VIOLATED: increase significant digits)


    Net: io_c_3[22]

    Capacitance            0.00
  - min_capacitance        0.00
  ------------------------------
    Slack                  0.00  (VIOLATED: increase significant digits)


    Net: io_c_3[23]

    Capacitance            0.00
  - min_capacitance        0.00
  ------------------------------
    Slack                  0.00  (VIOLATED: increase significant digits)


    Net: io_c_4[0]

    Capacitance            0.00
  - min_capacitance        0.00
  ------------------------------
    Slack                  0.00  (VIOLATED: increase significant digits)


    Net: io_c_4[1]

    Capacitance            0.00
  - min_capacitance        0.00
  ------------------------------
    Slack                  0.00  (VIOLATED: increase significant digits)


    Net: io_c_4[2]

    Capacitance            0.00
  - min_capacitance        0.00
  ------------------------------
    Slack                  0.00  (VIOLATED: increase significant digits)


    Net: io_c_4[3]

    Capacitance            0.00
  - min_capacitance        0.00
  ------------------------------
    Slack                  0.00  (VIOLATED: increase significant digits)


    Net: io_c_4[4]

    Capacitance            0.00
  - min_capacitance        0.00
  ------------------------------
    Slack                  0.00  (VIOLATED: increase significant digits)


    Net: io_c_4[5]

    Capacitance            0.00
  - min_capacitance        0.00
  ------------------------------
    Slack                  0.00  (VIOLATED: increase significant digits)


    Net: io_c_4[6]

    Capacitance            0.00
  - min_capacitance        0.00
  ------------------------------
    Slack                  0.00  (VIOLATED: increase significant digits)


    Net: io_c_4[7]

    Capacitance            0.00
  - min_capacitance        0.00
  ------------------------------
    Slack                  0.00  (VIOLATED: increase significant digits)


    Net: io_c_4[8]

    Capacitance            0.00
  - min_capacitance        0.00
  ------------------------------
    Slack                  0.00  (VIOLATED: increase significant digits)


    Net: io_c_4[9]

    Capacitance            0.00
  - min_capacitance        0.00
  ------------------------------
    Slack                  0.00  (VIOLATED: increase significant digits)


    Net: io_c_4[10]

    Capacitance            0.00
  - min_capacitance        0.00
  ------------------------------
    Slack                  0.00  (VIOLATED: increase significant digits)


    Net: io_c_4[11]

    Capacitance            0.00
  - min_capacitance        0.00
  ------------------------------
    Slack                  0.00  (VIOLATED: increase significant digits)


    Net: io_c_4[12]

    Capacitance            0.00
  - min_capacitance        0.00
  ------------------------------
    Slack                  0.00  (VIOLATED: increase significant digits)


    Net: io_c_4[13]

    Capacitance            0.00
  - min_capacitance        0.00
  ------------------------------
    Slack                  0.00  (VIOLATED: increase significant digits)


    Net: io_c_4[14]

    Capacitance            0.00
  - min_capacitance        0.00
  ------------------------------
    Slack                  0.00  (VIOLATED: increase significant digits)


    Net: io_c_4[15]

    Capacitance            0.00
  - min_capacitance        0.00
  ------------------------------
    Slack                  0.00  (VIOLATED: increase significant digits)


    Net: io_c_4[16]

    Capacitance            0.00
  - min_capacitance        0.00
  ------------------------------
    Slack                  0.00  (VIOLATED: increase significant digits)


    Net: io_c_4[17]

    Capacitance            0.00
  - min_capacitance        0.00
  ------------------------------
    Slack                  0.00  (VIOLATED: increase significant digits)


    Net: io_c_4[18]

    Capacitance            0.00
  - min_capacitance        0.00
  ------------------------------
    Slack                  0.00  (VIOLATED: increase significant digits)


    Net: io_c_4[19]

    Capacitance            0.00
  - min_capacitance        0.00
  ------------------------------
    Slack                  0.00  (VIOLATED: increase significant digits)


    Net: io_c_4[20]

    Capacitance            0.00
  - min_capacitance        0.00
  ------------------------------
    Slack                  0.00  (VIOLATED: increase significant digits)


    Net: io_c_4[21]

    Capacitance            0.00
  - min_capacitance        0.00
  ------------------------------
    Slack                  0.00  (VIOLATED: increase significant digits)


    Net: io_c_4[22]

    Capacitance            0.00
  - min_capacitance        0.00
  ------------------------------
    Slack                  0.00  (VIOLATED: increase significant digits)


    Net: io_c_4[23]

    Capacitance            0.00
  - min_capacitance        0.00
  ------------------------------
    Slack                  0.00  (VIOLATED: increase significant digits)


    Net: io_c_5[0]

    Capacitance            0.00
  - min_capacitance        0.00
  ------------------------------
    Slack                  0.00  (VIOLATED: increase significant digits)


    Net: io_c_5[1]

    Capacitance            0.00
  - min_capacitance        0.00
  ------------------------------
    Slack                  0.00  (VIOLATED: increase significant digits)


    Net: io_c_5[2]

    Capacitance            0.00
  - min_capacitance        0.00
  ------------------------------
    Slack                  0.00  (VIOLATED: increase significant digits)


    Net: io_c_5[3]

    Capacitance            0.00
  - min_capacitance        0.00
  ------------------------------
    Slack                  0.00  (VIOLATED: increase significant digits)


    Net: io_c_5[4]

    Capacitance            0.00
  - min_capacitance        0.00
  ------------------------------
    Slack                  0.00  (VIOLATED: increase significant digits)


    Net: io_c_5[5]

    Capacitance            0.00
  - min_capacitance        0.00
  ------------------------------
    Slack                  0.00  (VIOLATED: increase significant digits)


    Net: io_c_5[6]

    Capacitance            0.00
  - min_capacitance        0.00
  ------------------------------
    Slack                  0.00  (VIOLATED: increase significant digits)


    Net: io_c_5[7]

    Capacitance            0.00
  - min_capacitance        0.00
  ------------------------------
    Slack                  0.00  (VIOLATED: increase significant digits)


    Net: io_c_5[8]

    Capacitance            0.00
  - min_capacitance        0.00
  ------------------------------
    Slack                  0.00  (VIOLATED: increase significant digits)


    Net: io_c_5[9]

    Capacitance            0.00
  - min_capacitance        0.00
  ------------------------------
    Slack                  0.00  (VIOLATED: increase significant digits)


    Net: io_c_5[10]

    Capacitance            0.00
  - min_capacitance        0.00
  ------------------------------
    Slack                  0.00  (VIOLATED: increase significant digits)


    Net: io_c_5[11]

    Capacitance            0.00
  - min_capacitance        0.00
  ------------------------------
    Slack                  0.00  (VIOLATED: increase significant digits)


    Net: io_c_5[12]

    Capacitance            0.00
  - min_capacitance        0.00
  ------------------------------
    Slack                  0.00  (VIOLATED: increase significant digits)


    Net: io_c_5[13]

    Capacitance            0.00
  - min_capacitance        0.00
  ------------------------------
    Slack                  0.00  (VIOLATED: increase significant digits)


    Net: io_c_5[14]

    Capacitance            0.00
  - min_capacitance        0.00
  ------------------------------
    Slack                  0.00  (VIOLATED: increase significant digits)


    Net: io_c_5[15]

    Capacitance            0.00
  - min_capacitance        0.00
  ------------------------------
    Slack                  0.00  (VIOLATED: increase significant digits)


    Net: io_c_5[16]

    Capacitance            0.00
  - min_capacitance        0.00
  ------------------------------
    Slack                  0.00  (VIOLATED: increase significant digits)


    Net: io_c_5[17]

    Capacitance            0.00
  - min_capacitance        0.00
  ------------------------------
    Slack                  0.00  (VIOLATED: increase significant digits)


    Net: io_c_5[18]

    Capacitance            0.00
  - min_capacitance        0.00
  ------------------------------
    Slack                  0.00  (VIOLATED: increase significant digits)


    Net: io_c_5[19]

    Capacitance            0.00
  - min_capacitance        0.00
  ------------------------------
    Slack                  0.00  (VIOLATED: increase significant digits)


    Net: io_c_5[20]

    Capacitance            0.00
  - min_capacitance        0.00
  ------------------------------
    Slack                  0.00  (VIOLATED: increase significant digits)


    Net: io_c_5[21]

    Capacitance            0.00
  - min_capacitance        0.00
  ------------------------------
    Slack                  0.00  (VIOLATED: increase significant digits)


    Net: io_c_5[22]

    Capacitance            0.00
  - min_capacitance        0.00
  ------------------------------
    Slack                  0.00  (VIOLATED: increase significant digits)


    Net: io_c_5[23]

    Capacitance            0.00
  - min_capacitance        0.00
  ------------------------------
    Slack                  0.00  (VIOLATED: increase significant digits)


    Net: io_c_6[0]

    Capacitance            0.00
  - min_capacitance        0.00
  ------------------------------
    Slack                  0.00  (VIOLATED: increase significant digits)


    Net: io_c_6[1]

    Capacitance            0.00
  - min_capacitance        0.00
  ------------------------------
    Slack                  0.00  (VIOLATED: increase significant digits)


    Net: io_c_6[2]

    Capacitance            0.00
  - min_capacitance        0.00
  ------------------------------
    Slack                  0.00  (VIOLATED: increase significant digits)


    Net: io_c_6[3]

    Capacitance            0.00
  - min_capacitance        0.00
  ------------------------------
    Slack                  0.00  (VIOLATED: increase significant digits)


    Net: io_c_6[4]

    Capacitance            0.00
  - min_capacitance        0.00
  ------------------------------
    Slack                  0.00  (VIOLATED: increase significant digits)


    Net: io_c_6[5]

    Capacitance            0.00
  - min_capacitance        0.00
  ------------------------------
    Slack                  0.00  (VIOLATED: increase significant digits)


    Net: io_c_6[6]

    Capacitance            0.00
  - min_capacitance        0.00
  ------------------------------
    Slack                  0.00  (VIOLATED: increase significant digits)


    Net: io_c_6[7]

    Capacitance            0.00
  - min_capacitance        0.00
  ------------------------------
    Slack                  0.00  (VIOLATED: increase significant digits)


    Net: io_c_6[8]

    Capacitance            0.00
  - min_capacitance        0.00
  ------------------------------
    Slack                  0.00  (VIOLATED: increase significant digits)


    Net: io_c_6[9]

    Capacitance            0.00
  - min_capacitance        0.00
  ------------------------------
    Slack                  0.00  (VIOLATED: increase significant digits)


    Net: io_c_6[10]

    Capacitance            0.00
  - min_capacitance        0.00
  ------------------------------
    Slack                  0.00  (VIOLATED: increase significant digits)


    Net: io_c_6[11]

    Capacitance            0.00
  - min_capacitance        0.00
  ------------------------------
    Slack                  0.00  (VIOLATED: increase significant digits)


    Net: io_c_6[12]

    Capacitance            0.00
  - min_capacitance        0.00
  ------------------------------
    Slack                  0.00  (VIOLATED: increase significant digits)


    Net: io_c_6[13]

    Capacitance            0.00
  - min_capacitance        0.00
  ------------------------------
    Slack                  0.00  (VIOLATED: increase significant digits)


    Net: io_c_6[14]

    Capacitance            0.00
  - min_capacitance        0.00
  ------------------------------
    Slack                  0.00  (VIOLATED: increase significant digits)


    Net: io_c_6[15]

    Capacitance            0.00
  - min_capacitance        0.00
  ------------------------------
    Slack                  0.00  (VIOLATED: increase significant digits)


    Net: io_c_6[16]

    Capacitance            0.00
  - min_capacitance        0.00
  ------------------------------
    Slack                  0.00  (VIOLATED: increase significant digits)


    Net: io_c_6[17]

    Capacitance            0.00
  - min_capacitance        0.00
  ------------------------------
    Slack                  0.00  (VIOLATED: increase significant digits)


    Net: io_c_6[18]

    Capacitance            0.00
  - min_capacitance        0.00
  ------------------------------
    Slack                  0.00  (VIOLATED: increase significant digits)


    Net: io_c_6[19]

    Capacitance            0.00
  - min_capacitance        0.00
  ------------------------------
    Slack                  0.00  (VIOLATED: increase significant digits)


    Net: io_c_6[20]

    Capacitance            0.00
  - min_capacitance        0.00
  ------------------------------
    Slack                  0.00  (VIOLATED: increase significant digits)


    Net: io_c_6[21]

    Capacitance            0.00
  - min_capacitance        0.00
  ------------------------------
    Slack                  0.00  (VIOLATED: increase significant digits)


    Net: io_c_6[22]

    Capacitance            0.00
  - min_capacitance        0.00
  ------------------------------
    Slack                  0.00  (VIOLATED: increase significant digits)


    Net: io_c_6[23]

    Capacitance            0.00
  - min_capacitance        0.00
  ------------------------------
    Slack                  0.00  (VIOLATED: increase significant digits)


    Net: io_c_7[0]

    Capacitance            0.00
  - min_capacitance        0.00
  ------------------------------
    Slack                  0.00  (VIOLATED: increase significant digits)


    Net: io_c_7[1]

    Capacitance            0.00
  - min_capacitance        0.00
  ------------------------------
    Slack                  0.00  (VIOLATED: increase significant digits)


    Net: io_c_7[2]

    Capacitance            0.00
  - min_capacitance        0.00
  ------------------------------
    Slack                  0.00  (VIOLATED: increase significant digits)


    Net: io_c_7[3]

    Capacitance            0.00
  - min_capacitance        0.00
  ------------------------------
    Slack                  0.00  (VIOLATED: increase significant digits)


    Net: io_c_7[4]

    Capacitance            0.00
  - min_capacitance        0.00
  ------------------------------
    Slack                  0.00  (VIOLATED: increase significant digits)


    Net: io_c_7[5]

    Capacitance            0.00
  - min_capacitance        0.00
  ------------------------------
    Slack                  0.00  (VIOLATED: increase significant digits)


    Net: io_c_7[6]

    Capacitance            0.00
  - min_capacitance        0.00
  ------------------------------
    Slack                  0.00  (VIOLATED: increase significant digits)


    Net: io_c_7[7]

    Capacitance            0.00
  - min_capacitance        0.00
  ------------------------------
    Slack                  0.00  (VIOLATED: increase significant digits)


    Net: io_c_7[8]

    Capacitance            0.00
  - min_capacitance        0.00
  ------------------------------
    Slack                  0.00  (VIOLATED: increase significant digits)


    Net: io_c_7[9]

    Capacitance            0.00
  - min_capacitance        0.00
  ------------------------------
    Slack                  0.00  (VIOLATED: increase significant digits)


    Net: io_c_7[10]

    Capacitance            0.00
  - min_capacitance        0.00
  ------------------------------
    Slack                  0.00  (VIOLATED: increase significant digits)


    Net: io_c_7[11]

    Capacitance            0.00
  - min_capacitance        0.00
  ------------------------------
    Slack                  0.00  (VIOLATED: increase significant digits)


    Net: io_c_7[12]

    Capacitance            0.00
  - min_capacitance        0.00
  ------------------------------
    Slack                  0.00  (VIOLATED: increase significant digits)


    Net: io_c_7[13]

    Capacitance            0.00
  - min_capacitance        0.00
  ------------------------------
    Slack                  0.00  (VIOLATED: increase significant digits)


    Net: io_c_7[14]

    Capacitance            0.00
  - min_capacitance        0.00
  ------------------------------
    Slack                  0.00  (VIOLATED: increase significant digits)


    Net: io_c_7[15]

    Capacitance            0.00
  - min_capacitance        0.00
  ------------------------------
    Slack                  0.00  (VIOLATED: increase significant digits)


    Net: io_c_7[16]

    Capacitance            0.00
  - min_capacitance        0.00
  ------------------------------
    Slack                  0.00  (VIOLATED: increase significant digits)


    Net: io_c_7[17]

    Capacitance            0.00
  - min_capacitance        0.00
  ------------------------------
    Slack                  0.00  (VIOLATED: increase significant digits)


    Net: io_c_7[18]

    Capacitance            0.00
  - min_capacitance        0.00
  ------------------------------
    Slack                  0.00  (VIOLATED: increase significant digits)


    Net: io_c_7[19]

    Capacitance            0.00
  - min_capacitance        0.00
  ------------------------------
    Slack                  0.00  (VIOLATED: increase significant digits)


    Net: io_c_7[20]

    Capacitance            0.00
  - min_capacitance        0.00
  ------------------------------
    Slack                  0.00  (VIOLATED: increase significant digits)


    Net: io_c_7[21]

    Capacitance            0.00
  - min_capacitance        0.00
  ------------------------------
    Slack                  0.00  (VIOLATED: increase significant digits)


    Net: io_c_7[22]

    Capacitance            0.00
  - min_capacitance        0.00
  ------------------------------
    Slack                  0.00  (VIOLATED: increase significant digits)


    Net: io_c_7[23]

    Capacitance            0.00
  - min_capacitance        0.00
  ------------------------------
    Slack                  0.00  (VIOLATED: increase significant digits)


    Net: io_c_8[0]

    Capacitance            0.00
  - min_capacitance        0.00
  ------------------------------
    Slack                  0.00  (VIOLATED: increase significant digits)


    Net: io_c_8[1]

    Capacitance            0.00
  - min_capacitance        0.00
  ------------------------------
    Slack                  0.00  (VIOLATED: increase significant digits)


    Net: io_c_8[2]

    Capacitance            0.00
  - min_capacitance        0.00
  ------------------------------
    Slack                  0.00  (VIOLATED: increase significant digits)


    Net: io_c_8[3]

    Capacitance            0.00
  - min_capacitance        0.00
  ------------------------------
    Slack                  0.00  (VIOLATED: increase significant digits)


    Net: io_c_8[4]

    Capacitance            0.00
  - min_capacitance        0.00
  ------------------------------
    Slack                  0.00  (VIOLATED: increase significant digits)


    Net: io_c_8[5]

    Capacitance            0.00
  - min_capacitance        0.00
  ------------------------------
    Slack                  0.00  (VIOLATED: increase significant digits)


    Net: io_c_8[6]

    Capacitance            0.00
  - min_capacitance        0.00
  ------------------------------
    Slack                  0.00  (VIOLATED: increase significant digits)


    Net: io_c_8[7]

    Capacitance            0.00
  - min_capacitance        0.00
  ------------------------------
    Slack                  0.00  (VIOLATED: increase significant digits)


    Net: io_c_8[8]

    Capacitance            0.00
  - min_capacitance        0.00
  ------------------------------
    Slack                  0.00  (VIOLATED: increase significant digits)


    Net: io_c_8[9]

    Capacitance            0.00
  - min_capacitance        0.00
  ------------------------------
    Slack                  0.00  (VIOLATED: increase significant digits)


    Net: io_c_8[10]

    Capacitance            0.00
  - min_capacitance        0.00
  ------------------------------
    Slack                  0.00  (VIOLATED: increase significant digits)


    Net: io_c_8[11]

    Capacitance            0.00
  - min_capacitance        0.00
  ------------------------------
    Slack                  0.00  (VIOLATED: increase significant digits)


    Net: io_c_8[12]

    Capacitance            0.00
  - min_capacitance        0.00
  ------------------------------
    Slack                  0.00  (VIOLATED: increase significant digits)


    Net: io_c_8[13]

    Capacitance            0.00
  - min_capacitance        0.00
  ------------------------------
    Slack                  0.00  (VIOLATED: increase significant digits)


    Net: io_c_8[14]

    Capacitance            0.00
  - min_capacitance        0.00
  ------------------------------
    Slack                  0.00  (VIOLATED: increase significant digits)


    Net: io_c_8[15]

    Capacitance            0.00
  - min_capacitance        0.00
  ------------------------------
    Slack                  0.00  (VIOLATED: increase significant digits)


    Net: io_c_8[16]

    Capacitance            0.00
  - min_capacitance        0.00
  ------------------------------
    Slack                  0.00  (VIOLATED: increase significant digits)


    Net: io_c_8[17]

    Capacitance            0.00
  - min_capacitance        0.00
  ------------------------------
    Slack                  0.00  (VIOLATED: increase significant digits)


    Net: io_c_8[18]

    Capacitance            0.00
  - min_capacitance        0.00
  ------------------------------
    Slack                  0.00  (VIOLATED: increase significant digits)


    Net: io_c_8[19]

    Capacitance            0.00
  - min_capacitance        0.00
  ------------------------------
    Slack                  0.00  (VIOLATED: increase significant digits)


    Net: io_c_8[20]

    Capacitance            0.00
  - min_capacitance        0.00
  ------------------------------
    Slack                  0.00  (VIOLATED: increase significant digits)


    Net: io_c_8[21]

    Capacitance            0.00
  - min_capacitance        0.00
  ------------------------------
    Slack                  0.00  (VIOLATED: increase significant digits)


    Net: io_c_8[22]

    Capacitance            0.00
  - min_capacitance        0.00
  ------------------------------
    Slack                  0.00  (VIOLATED: increase significant digits)


    Net: io_c_8[23]

    Capacitance            0.00
  - min_capacitance        0.00
  ------------------------------
    Slack                  0.00  (VIOLATED: increase significant digits)


    Net: io_c_9[0]

    Capacitance            0.00
  - min_capacitance        0.00
  ------------------------------
    Slack                  0.00  (VIOLATED: increase significant digits)


    Net: io_c_9[1]

    Capacitance            0.00
  - min_capacitance        0.00
  ------------------------------
    Slack                  0.00  (VIOLATED: increase significant digits)


    Net: io_c_9[2]

    Capacitance            0.00
  - min_capacitance        0.00
  ------------------------------
    Slack                  0.00  (VIOLATED: increase significant digits)


    Net: io_c_9[3]

    Capacitance            0.00
  - min_capacitance        0.00
  ------------------------------
    Slack                  0.00  (VIOLATED: increase significant digits)


    Net: io_c_9[4]

    Capacitance            0.00
  - min_capacitance        0.00
  ------------------------------
    Slack                  0.00  (VIOLATED: increase significant digits)


    Net: io_c_9[5]

    Capacitance            0.00
  - min_capacitance        0.00
  ------------------------------
    Slack                  0.00  (VIOLATED: increase significant digits)


    Net: io_c_9[6]

    Capacitance            0.00
  - min_capacitance        0.00
  ------------------------------
    Slack                  0.00  (VIOLATED: increase significant digits)


    Net: io_c_9[7]

    Capacitance            0.00
  - min_capacitance        0.00
  ------------------------------
    Slack                  0.00  (VIOLATED: increase significant digits)


    Net: io_c_9[8]

    Capacitance            0.00
  - min_capacitance        0.00
  ------------------------------
    Slack                  0.00  (VIOLATED: increase significant digits)


    Net: io_c_9[9]

    Capacitance            0.00
  - min_capacitance        0.00
  ------------------------------
    Slack                  0.00  (VIOLATED: increase significant digits)


    Net: io_c_9[10]

    Capacitance            0.00
  - min_capacitance        0.00
  ------------------------------
    Slack                  0.00  (VIOLATED: increase significant digits)


    Net: io_c_9[11]

    Capacitance            0.00
  - min_capacitance        0.00
  ------------------------------
    Slack                  0.00  (VIOLATED: increase significant digits)


    Net: io_c_9[12]

    Capacitance            0.00
  - min_capacitance        0.00
  ------------------------------
    Slack                  0.00  (VIOLATED: increase significant digits)


    Net: io_c_9[13]

    Capacitance            0.00
  - min_capacitance        0.00
  ------------------------------
    Slack                  0.00  (VIOLATED: increase significant digits)


    Net: io_c_9[14]

    Capacitance            0.00
  - min_capacitance        0.00
  ------------------------------
    Slack                  0.00  (VIOLATED: increase significant digits)


    Net: io_c_9[15]

    Capacitance            0.00
  - min_capacitance        0.00
  ------------------------------
    Slack                  0.00  (VIOLATED: increase significant digits)


    Net: io_c_9[16]

    Capacitance            0.00
  - min_capacitance        0.00
  ------------------------------
    Slack                  0.00  (VIOLATED: increase significant digits)


    Net: io_c_9[17]

    Capacitance            0.00
  - min_capacitance        0.00
  ------------------------------
    Slack                  0.00  (VIOLATED: increase significant digits)


    Net: io_c_9[18]

    Capacitance            0.00
  - min_capacitance        0.00
  ------------------------------
    Slack                  0.00  (VIOLATED: increase significant digits)


    Net: io_c_9[19]

    Capacitance            0.00
  - min_capacitance        0.00
  ------------------------------
    Slack                  0.00  (VIOLATED: increase significant digits)


    Net: io_c_9[20]

    Capacitance            0.00
  - min_capacitance        0.00
  ------------------------------
    Slack                  0.00  (VIOLATED: increase significant digits)


    Net: io_c_9[21]

    Capacitance            0.00
  - min_capacitance        0.00
  ------------------------------
    Slack                  0.00  (VIOLATED: increase significant digits)


    Net: io_c_9[22]

    Capacitance            0.00
  - min_capacitance        0.00
  ------------------------------
    Slack                  0.00  (VIOLATED: increase significant digits)


    Net: io_c_9[23]

    Capacitance            0.00
  - min_capacitance        0.00
  ------------------------------
    Slack                  0.00  (VIOLATED: increase significant digits)


    Net: io_c_10[0]

    Capacitance            0.00
  - min_capacitance        0.00
  ------------------------------
    Slack                  0.00  (VIOLATED: increase significant digits)


    Net: io_c_10[1]

    Capacitance            0.00
  - min_capacitance        0.00
  ------------------------------
    Slack                  0.00  (VIOLATED: increase significant digits)


    Net: io_c_10[2]

    Capacitance            0.00
  - min_capacitance        0.00
  ------------------------------
    Slack                  0.00  (VIOLATED: increase significant digits)


    Net: io_c_10[3]

    Capacitance            0.00
  - min_capacitance        0.00
  ------------------------------
    Slack                  0.00  (VIOLATED: increase significant digits)


    Net: io_c_10[4]

    Capacitance            0.00
  - min_capacitance        0.00
  ------------------------------
    Slack                  0.00  (VIOLATED: increase significant digits)


    Net: io_c_10[5]

    Capacitance            0.00
  - min_capacitance        0.00
  ------------------------------
    Slack                  0.00  (VIOLATED: increase significant digits)


    Net: io_c_10[6]

    Capacitance            0.00
  - min_capacitance        0.00
  ------------------------------
    Slack                  0.00  (VIOLATED: increase significant digits)


    Net: io_c_10[7]

    Capacitance            0.00
  - min_capacitance        0.00
  ------------------------------
    Slack                  0.00  (VIOLATED: increase significant digits)


    Net: io_c_10[8]

    Capacitance            0.00
  - min_capacitance        0.00
  ------------------------------
    Slack                  0.00  (VIOLATED: increase significant digits)


    Net: io_c_10[9]

    Capacitance            0.00
  - min_capacitance        0.00
  ------------------------------
    Slack                  0.00  (VIOLATED: increase significant digits)


    Net: io_c_10[10]

    Capacitance            0.00
  - min_capacitance        0.00
  ------------------------------
    Slack                  0.00  (VIOLATED: increase significant digits)


    Net: io_c_10[11]

    Capacitance            0.00
  - min_capacitance        0.00
  ------------------------------
    Slack                  0.00  (VIOLATED: increase significant digits)


    Net: io_c_10[12]

    Capacitance            0.00
  - min_capacitance        0.00
  ------------------------------
    Slack                  0.00  (VIOLATED: increase significant digits)


    Net: io_c_10[13]

    Capacitance            0.00
  - min_capacitance        0.00
  ------------------------------
    Slack                  0.00  (VIOLATED: increase significant digits)


    Net: io_c_10[14]

    Capacitance            0.00
  - min_capacitance        0.00
  ------------------------------
    Slack                  0.00  (VIOLATED: increase significant digits)


    Net: io_c_10[15]

    Capacitance            0.00
  - min_capacitance        0.00
  ------------------------------
    Slack                  0.00  (VIOLATED: increase significant digits)


    Net: io_c_10[16]

    Capacitance            0.00
  - min_capacitance        0.00
  ------------------------------
    Slack                  0.00  (VIOLATED: increase significant digits)


    Net: io_c_10[17]

    Capacitance            0.00
  - min_capacitance        0.00
  ------------------------------
    Slack                  0.00  (VIOLATED: increase significant digits)


    Net: io_c_10[18]

    Capacitance            0.00
  - min_capacitance        0.00
  ------------------------------
    Slack                  0.00  (VIOLATED: increase significant digits)


    Net: io_c_10[19]

    Capacitance            0.00
  - min_capacitance        0.00
  ------------------------------
    Slack                  0.00  (VIOLATED: increase significant digits)


    Net: io_c_10[20]

    Capacitance            0.00
  - min_capacitance        0.00
  ------------------------------
    Slack                  0.00  (VIOLATED: increase significant digits)


    Net: io_c_10[21]

    Capacitance            0.00
  - min_capacitance        0.00
  ------------------------------
    Slack                  0.00  (VIOLATED: increase significant digits)


    Net: io_c_10[22]

    Capacitance            0.00
  - min_capacitance        0.00
  ------------------------------
    Slack                  0.00  (VIOLATED: increase significant digits)


    Net: io_c_10[23]

    Capacitance            0.00
  - min_capacitance        0.00
  ------------------------------
    Slack                  0.00  (VIOLATED: increase significant digits)


    Net: io_c_11[0]

    Capacitance            0.00
  - min_capacitance        0.00
  ------------------------------
    Slack                  0.00  (VIOLATED: increase significant digits)


    Net: io_c_11[1]

    Capacitance            0.00
  - min_capacitance        0.00
  ------------------------------
    Slack                  0.00  (VIOLATED: increase significant digits)


    Net: io_c_11[2]

    Capacitance            0.00
  - min_capacitance        0.00
  ------------------------------
    Slack                  0.00  (VIOLATED: increase significant digits)


    Net: io_c_11[3]

    Capacitance            0.00
  - min_capacitance        0.00
  ------------------------------
    Slack                  0.00  (VIOLATED: increase significant digits)


    Net: io_c_11[4]

    Capacitance            0.00
  - min_capacitance        0.00
  ------------------------------
    Slack                  0.00  (VIOLATED: increase significant digits)


    Net: io_c_11[5]

    Capacitance            0.00
  - min_capacitance        0.00
  ------------------------------
    Slack                  0.00  (VIOLATED: increase significant digits)


    Net: io_c_11[6]

    Capacitance            0.00
  - min_capacitance        0.00
  ------------------------------
    Slack                  0.00  (VIOLATED: increase significant digits)


    Net: io_c_11[7]

    Capacitance            0.00
  - min_capacitance        0.00
  ------------------------------
    Slack                  0.00  (VIOLATED: increase significant digits)


    Net: io_c_11[8]

    Capacitance            0.00
  - min_capacitance        0.00
  ------------------------------
    Slack                  0.00  (VIOLATED: increase significant digits)


    Net: io_c_11[9]

    Capacitance            0.00
  - min_capacitance        0.00
  ------------------------------
    Slack                  0.00  (VIOLATED: increase significant digits)


    Net: io_c_11[10]

    Capacitance            0.00
  - min_capacitance        0.00
  ------------------------------
    Slack                  0.00  (VIOLATED: increase significant digits)


    Net: io_c_11[11]

    Capacitance            0.00
  - min_capacitance        0.00
  ------------------------------
    Slack                  0.00  (VIOLATED: increase significant digits)


    Net: io_c_11[12]

    Capacitance            0.00
  - min_capacitance        0.00
  ------------------------------
    Slack                  0.00  (VIOLATED: increase significant digits)


    Net: io_c_11[13]

    Capacitance            0.00
  - min_capacitance        0.00
  ------------------------------
    Slack                  0.00  (VIOLATED: increase significant digits)


    Net: io_c_11[14]

    Capacitance            0.00
  - min_capacitance        0.00
  ------------------------------
    Slack                  0.00  (VIOLATED: increase significant digits)


    Net: io_c_11[15]

    Capacitance            0.00
  - min_capacitance        0.00
  ------------------------------
    Slack                  0.00  (VIOLATED: increase significant digits)


    Net: io_c_11[16]

    Capacitance            0.00
  - min_capacitance        0.00
  ------------------------------
    Slack                  0.00  (VIOLATED: increase significant digits)


    Net: io_c_11[17]

    Capacitance            0.00
  - min_capacitance        0.00
  ------------------------------
    Slack                  0.00  (VIOLATED: increase significant digits)


    Net: io_c_11[18]

    Capacitance            0.00
  - min_capacitance        0.00
  ------------------------------
    Slack                  0.00  (VIOLATED: increase significant digits)


    Net: io_c_11[19]

    Capacitance            0.00
  - min_capacitance        0.00
  ------------------------------
    Slack                  0.00  (VIOLATED: increase significant digits)


    Net: io_c_11[20]

    Capacitance            0.00
  - min_capacitance        0.00
  ------------------------------
    Slack                  0.00  (VIOLATED: increase significant digits)


    Net: io_c_11[21]

    Capacitance            0.00
  - min_capacitance        0.00
  ------------------------------
    Slack                  0.00  (VIOLATED: increase significant digits)


    Net: io_c_11[22]

    Capacitance            0.00
  - min_capacitance        0.00
  ------------------------------
    Slack                  0.00  (VIOLATED: increase significant digits)


    Net: io_c_11[23]

    Capacitance            0.00
  - min_capacitance        0.00
  ------------------------------
    Slack                  0.00  (VIOLATED: increase significant digits)


    Net: io_c_12[0]

    Capacitance            0.00
  - min_capacitance        0.00
  ------------------------------
    Slack                  0.00  (VIOLATED: increase significant digits)


    Net: io_c_12[1]

    Capacitance            0.00
  - min_capacitance        0.00
  ------------------------------
    Slack                  0.00  (VIOLATED: increase significant digits)


    Net: io_c_12[2]

    Capacitance            0.00
  - min_capacitance        0.00
  ------------------------------
    Slack                  0.00  (VIOLATED: increase significant digits)


    Net: io_c_12[3]

    Capacitance            0.00
  - min_capacitance        0.00
  ------------------------------
    Slack                  0.00  (VIOLATED: increase significant digits)


    Net: io_c_12[4]

    Capacitance            0.00
  - min_capacitance        0.00
  ------------------------------
    Slack                  0.00  (VIOLATED: increase significant digits)


    Net: io_c_12[5]

    Capacitance            0.00
  - min_capacitance        0.00
  ------------------------------
    Slack                  0.00  (VIOLATED: increase significant digits)


    Net: io_c_12[6]

    Capacitance            0.00
  - min_capacitance        0.00
  ------------------------------
    Slack                  0.00  (VIOLATED: increase significant digits)


    Net: io_c_12[7]

    Capacitance            0.00
  - min_capacitance        0.00
  ------------------------------
    Slack                  0.00  (VIOLATED: increase significant digits)


    Net: io_c_12[8]

    Capacitance            0.00
  - min_capacitance        0.00
  ------------------------------
    Slack                  0.00  (VIOLATED: increase significant digits)


    Net: io_c_12[9]

    Capacitance            0.00
  - min_capacitance        0.00
  ------------------------------
    Slack                  0.00  (VIOLATED: increase significant digits)


    Net: io_c_12[10]

    Capacitance            0.00
  - min_capacitance        0.00
  ------------------------------
    Slack                  0.00  (VIOLATED: increase significant digits)


    Net: io_c_12[11]

    Capacitance            0.00
  - min_capacitance        0.00
  ------------------------------
    Slack                  0.00  (VIOLATED: increase significant digits)


    Net: io_c_12[12]

    Capacitance            0.00
  - min_capacitance        0.00
  ------------------------------
    Slack                  0.00  (VIOLATED: increase significant digits)


    Net: io_c_12[13]

    Capacitance            0.00
  - min_capacitance        0.00
  ------------------------------
    Slack                  0.00  (VIOLATED: increase significant digits)


    Net: io_c_12[14]

    Capacitance            0.00
  - min_capacitance        0.00
  ------------------------------
    Slack                  0.00  (VIOLATED: increase significant digits)


    Net: io_c_12[15]

    Capacitance            0.00
  - min_capacitance        0.00
  ------------------------------
    Slack                  0.00  (VIOLATED: increase significant digits)


    Net: io_c_12[16]

    Capacitance            0.00
  - min_capacitance        0.00
  ------------------------------
    Slack                  0.00  (VIOLATED: increase significant digits)


    Net: io_c_12[17]

    Capacitance            0.00
  - min_capacitance        0.00
  ------------------------------
    Slack                  0.00  (VIOLATED: increase significant digits)


    Net: io_c_12[18]

    Capacitance            0.00
  - min_capacitance        0.00
  ------------------------------
    Slack                  0.00  (VIOLATED: increase significant digits)


    Net: io_c_12[19]

    Capacitance            0.00
  - min_capacitance        0.00
  ------------------------------
    Slack                  0.00  (VIOLATED: increase significant digits)


    Net: io_c_12[20]

    Capacitance            0.00
  - min_capacitance        0.00
  ------------------------------
    Slack                  0.00  (VIOLATED: increase significant digits)


    Net: io_c_12[21]

    Capacitance            0.00
  - min_capacitance        0.00
  ------------------------------
    Slack                  0.00  (VIOLATED: increase significant digits)


    Net: io_c_12[22]

    Capacitance            0.00
  - min_capacitance        0.00
  ------------------------------
    Slack                  0.00  (VIOLATED: increase significant digits)


    Net: io_c_12[23]

    Capacitance            0.00
  - min_capacitance        0.00
  ------------------------------
    Slack                  0.00  (VIOLATED: increase significant digits)


    Net: io_c_13[0]

    Capacitance            0.00
  - min_capacitance        0.00
  ------------------------------
    Slack                  0.00  (VIOLATED: increase significant digits)


    Net: io_c_13[1]

    Capacitance            0.00
  - min_capacitance        0.00
  ------------------------------
    Slack                  0.00  (VIOLATED: increase significant digits)


    Net: io_c_13[2]

    Capacitance            0.00
  - min_capacitance        0.00
  ------------------------------
    Slack                  0.00  (VIOLATED: increase significant digits)


    Net: io_c_13[3]

    Capacitance            0.00
  - min_capacitance        0.00
  ------------------------------
    Slack                  0.00  (VIOLATED: increase significant digits)


    Net: io_c_13[4]

    Capacitance            0.00
  - min_capacitance        0.00
  ------------------------------
    Slack                  0.00  (VIOLATED: increase significant digits)


    Net: io_c_13[5]

    Capacitance            0.00
  - min_capacitance        0.00
  ------------------------------
    Slack                  0.00  (VIOLATED: increase significant digits)


    Net: io_c_13[6]

    Capacitance            0.00
  - min_capacitance        0.00
  ------------------------------
    Slack                  0.00  (VIOLATED: increase significant digits)


    Net: io_c_13[7]

    Capacitance            0.00
  - min_capacitance        0.00
  ------------------------------
    Slack                  0.00  (VIOLATED: increase significant digits)


    Net: io_c_13[8]

    Capacitance            0.00
  - min_capacitance        0.00
  ------------------------------
    Slack                  0.00  (VIOLATED: increase significant digits)


    Net: io_c_13[9]

    Capacitance            0.00
  - min_capacitance        0.00
  ------------------------------
    Slack                  0.00  (VIOLATED: increase significant digits)


    Net: io_c_13[10]

    Capacitance            0.00
  - min_capacitance        0.00
  ------------------------------
    Slack                  0.00  (VIOLATED: increase significant digits)


    Net: io_c_13[11]

    Capacitance            0.00
  - min_capacitance        0.00
  ------------------------------
    Slack                  0.00  (VIOLATED: increase significant digits)


    Net: io_c_13[12]

    Capacitance            0.00
  - min_capacitance        0.00
  ------------------------------
    Slack                  0.00  (VIOLATED: increase significant digits)


    Net: io_c_13[13]

    Capacitance            0.00
  - min_capacitance        0.00
  ------------------------------
    Slack                  0.00  (VIOLATED: increase significant digits)


    Net: io_c_13[14]

    Capacitance            0.00
  - min_capacitance        0.00
  ------------------------------
    Slack                  0.00  (VIOLATED: increase significant digits)


    Net: io_c_13[15]

    Capacitance            0.00
  - min_capacitance        0.00
  ------------------------------
    Slack                  0.00  (VIOLATED: increase significant digits)


    Net: io_c_13[16]

    Capacitance            0.00
  - min_capacitance        0.00
  ------------------------------
    Slack                  0.00  (VIOLATED: increase significant digits)


    Net: io_c_13[17]

    Capacitance            0.00
  - min_capacitance        0.00
  ------------------------------
    Slack                  0.00  (VIOLATED: increase significant digits)


    Net: io_c_13[18]

    Capacitance            0.00
  - min_capacitance        0.00
  ------------------------------
    Slack                  0.00  (VIOLATED: increase significant digits)


    Net: io_c_13[19]

    Capacitance            0.00
  - min_capacitance        0.00
  ------------------------------
    Slack                  0.00  (VIOLATED: increase significant digits)


    Net: io_c_13[20]

    Capacitance            0.00
  - min_capacitance        0.00
  ------------------------------
    Slack                  0.00  (VIOLATED: increase significant digits)


    Net: io_c_13[21]

    Capacitance            0.00
  - min_capacitance        0.00
  ------------------------------
    Slack                  0.00  (VIOLATED: increase significant digits)


    Net: io_c_13[22]

    Capacitance            0.00
  - min_capacitance        0.00
  ------------------------------
    Slack                  0.00  (VIOLATED: increase significant digits)


    Net: io_c_13[23]

    Capacitance            0.00
  - min_capacitance        0.00
  ------------------------------
    Slack                  0.00  (VIOLATED: increase significant digits)


    Net: io_c_14[0]

    Capacitance            0.00
  - min_capacitance        0.00
  ------------------------------
    Slack                  0.00  (VIOLATED: increase significant digits)


    Net: io_c_14[1]

    Capacitance            0.00
  - min_capacitance        0.00
  ------------------------------
    Slack                  0.00  (VIOLATED: increase significant digits)


    Net: io_c_14[2]

    Capacitance            0.00
  - min_capacitance        0.00
  ------------------------------
    Slack                  0.00  (VIOLATED: increase significant digits)


    Net: io_c_14[3]

    Capacitance            0.00
  - min_capacitance        0.00
  ------------------------------
    Slack                  0.00  (VIOLATED: increase significant digits)


    Net: io_c_14[4]

    Capacitance            0.00
  - min_capacitance        0.00
  ------------------------------
    Slack                  0.00  (VIOLATED: increase significant digits)


    Net: io_c_14[5]

    Capacitance            0.00
  - min_capacitance        0.00
  ------------------------------
    Slack                  0.00  (VIOLATED: increase significant digits)


    Net: io_c_14[6]

    Capacitance            0.00
  - min_capacitance        0.00
  ------------------------------
    Slack                  0.00  (VIOLATED: increase significant digits)


    Net: io_c_14[7]

    Capacitance            0.00
  - min_capacitance        0.00
  ------------------------------
    Slack                  0.00  (VIOLATED: increase significant digits)


    Net: io_c_14[8]

    Capacitance            0.00
  - min_capacitance        0.00
  ------------------------------
    Slack                  0.00  (VIOLATED: increase significant digits)


    Net: io_c_14[9]

    Capacitance            0.00
  - min_capacitance        0.00
  ------------------------------
    Slack                  0.00  (VIOLATED: increase significant digits)


    Net: io_c_14[10]

    Capacitance            0.00
  - min_capacitance        0.00
  ------------------------------
    Slack                  0.00  (VIOLATED: increase significant digits)


    Net: io_c_14[11]

    Capacitance            0.00
  - min_capacitance        0.00
  ------------------------------
    Slack                  0.00  (VIOLATED: increase significant digits)


    Net: io_c_14[12]

    Capacitance            0.00
  - min_capacitance        0.00
  ------------------------------
    Slack                  0.00  (VIOLATED: increase significant digits)


    Net: io_c_14[13]

    Capacitance            0.00
  - min_capacitance        0.00
  ------------------------------
    Slack                  0.00  (VIOLATED: increase significant digits)


    Net: io_c_14[14]

    Capacitance            0.00
  - min_capacitance        0.00
  ------------------------------
    Slack                  0.00  (VIOLATED: increase significant digits)


    Net: io_c_14[15]

    Capacitance            0.00
  - min_capacitance        0.00
  ------------------------------
    Slack                  0.00  (VIOLATED: increase significant digits)


    Net: io_c_14[16]

    Capacitance            0.00
  - min_capacitance        0.00
  ------------------------------
    Slack                  0.00  (VIOLATED: increase significant digits)


    Net: io_c_14[17]

    Capacitance            0.00
  - min_capacitance        0.00
  ------------------------------
    Slack                  0.00  (VIOLATED: increase significant digits)


    Net: io_c_14[18]

    Capacitance            0.00
  - min_capacitance        0.00
  ------------------------------
    Slack                  0.00  (VIOLATED: increase significant digits)


    Net: io_c_14[19]

    Capacitance            0.00
  - min_capacitance        0.00
  ------------------------------
    Slack                  0.00  (VIOLATED: increase significant digits)


    Net: io_c_14[20]

    Capacitance            0.00
  - min_capacitance        0.00
  ------------------------------
    Slack                  0.00  (VIOLATED: increase significant digits)


    Net: io_c_14[21]

    Capacitance            0.00
  - min_capacitance        0.00
  ------------------------------
    Slack                  0.00  (VIOLATED: increase significant digits)


    Net: io_c_14[22]

    Capacitance            0.00
  - min_capacitance        0.00
  ------------------------------
    Slack                  0.00  (VIOLATED: increase significant digits)


    Net: io_c_14[23]

    Capacitance            0.00
  - min_capacitance        0.00
  ------------------------------
    Slack                  0.00  (VIOLATED: increase significant digits)


    Net: io_c_15[0]

    Capacitance            0.00
  - min_capacitance        0.00
  ------------------------------
    Slack                  0.00  (VIOLATED: increase significant digits)


    Net: io_c_15[1]

    Capacitance            0.00
  - min_capacitance        0.00
  ------------------------------
    Slack                  0.00  (VIOLATED: increase significant digits)


    Net: io_c_15[2]

    Capacitance            0.00
  - min_capacitance        0.00
  ------------------------------
    Slack                  0.00  (VIOLATED: increase significant digits)


    Net: io_c_15[3]

    Capacitance            0.00
  - min_capacitance        0.00
  ------------------------------
    Slack                  0.00  (VIOLATED: increase significant digits)


    Net: io_c_15[4]

    Capacitance            0.00
  - min_capacitance        0.00
  ------------------------------
    Slack                  0.00  (VIOLATED: increase significant digits)


    Net: io_c_15[5]

    Capacitance            0.00
  - min_capacitance        0.00
  ------------------------------
    Slack                  0.00  (VIOLATED: increase significant digits)


    Net: io_c_15[6]

    Capacitance            0.00
  - min_capacitance        0.00
  ------------------------------
    Slack                  0.00  (VIOLATED: increase significant digits)


    Net: io_c_15[7]

    Capacitance            0.00
  - min_capacitance        0.00
  ------------------------------
    Slack                  0.00  (VIOLATED: increase significant digits)


    Net: io_c_15[8]

    Capacitance            0.00
  - min_capacitance        0.00
  ------------------------------
    Slack                  0.00  (VIOLATED: increase significant digits)


    Net: io_c_15[9]

    Capacitance            0.00
  - min_capacitance        0.00
  ------------------------------
    Slack                  0.00  (VIOLATED: increase significant digits)


    Net: io_c_15[10]

    Capacitance            0.00
  - min_capacitance        0.00
  ------------------------------
    Slack                  0.00  (VIOLATED: increase significant digits)


    Net: io_c_15[11]

    Capacitance            0.00
  - min_capacitance        0.00
  ------------------------------
    Slack                  0.00  (VIOLATED: increase significant digits)


    Net: io_c_15[12]

    Capacitance            0.00
  - min_capacitance        0.00
  ------------------------------
    Slack                  0.00  (VIOLATED: increase significant digits)


    Net: io_c_15[13]

    Capacitance            0.00
  - min_capacitance        0.00
  ------------------------------
    Slack                  0.00  (VIOLATED: increase significant digits)


    Net: io_c_15[14]

    Capacitance            0.00
  - min_capacitance        0.00
  ------------------------------
    Slack                  0.00  (VIOLATED: increase significant digits)


    Net: io_c_15[15]

    Capacitance            0.00
  - min_capacitance        0.00
  ------------------------------
    Slack                  0.00  (VIOLATED: increase significant digits)


    Net: io_c_15[16]

    Capacitance            0.00
  - min_capacitance        0.00
  ------------------------------
    Slack                  0.00  (VIOLATED: increase significant digits)


    Net: io_c_15[17]

    Capacitance            0.00
  - min_capacitance        0.00
  ------------------------------
    Slack                  0.00  (VIOLATED: increase significant digits)


    Net: io_c_15[18]

    Capacitance            0.00
  - min_capacitance        0.00
  ------------------------------
    Slack                  0.00  (VIOLATED: increase significant digits)


    Net: io_c_15[19]

    Capacitance            0.00
  - min_capacitance        0.00
  ------------------------------
    Slack                  0.00  (VIOLATED: increase significant digits)


    Net: io_c_15[20]

    Capacitance            0.00
  - min_capacitance        0.00
  ------------------------------
    Slack                  0.00  (VIOLATED: increase significant digits)


    Net: io_c_15[21]

    Capacitance            0.00
  - min_capacitance        0.00
  ------------------------------
    Slack                  0.00  (VIOLATED: increase significant digits)


    Net: io_c_15[22]

    Capacitance            0.00
  - min_capacitance        0.00
  ------------------------------
    Slack                  0.00  (VIOLATED: increase significant digits)


    Net: io_c_15[23]

    Capacitance            0.00
  - min_capacitance        0.00
  ------------------------------
    Slack                  0.00  (VIOLATED: increase significant digits)


    Net: io_c_16[0]

    Capacitance            0.00
  - min_capacitance        0.00
  ------------------------------
    Slack                  0.00  (VIOLATED: increase significant digits)


    Net: io_c_16[1]

    Capacitance            0.00
  - min_capacitance        0.00
  ------------------------------
    Slack                  0.00  (VIOLATED: increase significant digits)


    Net: io_c_16[2]

    Capacitance            0.00
  - min_capacitance        0.00
  ------------------------------
    Slack                  0.00  (VIOLATED: increase significant digits)


    Net: io_c_16[3]

    Capacitance            0.00
  - min_capacitance        0.00
  ------------------------------
    Slack                  0.00  (VIOLATED: increase significant digits)


    Net: io_c_16[4]

    Capacitance            0.00
  - min_capacitance        0.00
  ------------------------------
    Slack                  0.00  (VIOLATED: increase significant digits)


    Net: io_c_16[5]

    Capacitance            0.00
  - min_capacitance        0.00
  ------------------------------
    Slack                  0.00  (VIOLATED: increase significant digits)


    Net: io_c_16[6]

    Capacitance            0.00
  - min_capacitance        0.00
  ------------------------------
    Slack                  0.00  (VIOLATED: increase significant digits)


    Net: io_c_16[7]

    Capacitance            0.00
  - min_capacitance        0.00
  ------------------------------
    Slack                  0.00  (VIOLATED: increase significant digits)


    Net: io_c_16[8]

    Capacitance            0.00
  - min_capacitance        0.00
  ------------------------------
    Slack                  0.00  (VIOLATED: increase significant digits)


    Net: io_c_16[9]

    Capacitance            0.00
  - min_capacitance        0.00
  ------------------------------
    Slack                  0.00  (VIOLATED: increase significant digits)


    Net: io_c_16[10]

    Capacitance            0.00
  - min_capacitance        0.00
  ------------------------------
    Slack                  0.00  (VIOLATED: increase significant digits)


    Net: io_c_16[11]

    Capacitance            0.00
  - min_capacitance        0.00
  ------------------------------
    Slack                  0.00  (VIOLATED: increase significant digits)


    Net: io_c_16[12]

    Capacitance            0.00
  - min_capacitance        0.00
  ------------------------------
    Slack                  0.00  (VIOLATED: increase significant digits)


    Net: io_c_16[13]

    Capacitance            0.00
  - min_capacitance        0.00
  ------------------------------
    Slack                  0.00  (VIOLATED: increase significant digits)


    Net: io_c_16[14]

    Capacitance            0.00
  - min_capacitance        0.00
  ------------------------------
    Slack                  0.00  (VIOLATED: increase significant digits)


    Net: io_c_16[15]

    Capacitance            0.00
  - min_capacitance        0.00
  ------------------------------
    Slack                  0.00  (VIOLATED: increase significant digits)


    Net: io_c_16[16]

    Capacitance            0.00
  - min_capacitance        0.00
  ------------------------------
    Slack                  0.00  (VIOLATED: increase significant digits)


    Net: io_c_16[17]

    Capacitance            0.00
  - min_capacitance        0.00
  ------------------------------
    Slack                  0.00  (VIOLATED: increase significant digits)


    Net: io_c_16[18]

    Capacitance            0.00
  - min_capacitance        0.00
  ------------------------------
    Slack                  0.00  (VIOLATED: increase significant digits)


    Net: io_c_16[19]

    Capacitance            0.00
  - min_capacitance        0.00
  ------------------------------
    Slack                  0.00  (VIOLATED: increase significant digits)


    Net: io_c_16[20]

    Capacitance            0.00
  - min_capacitance        0.00
  ------------------------------
    Slack                  0.00  (VIOLATED: increase significant digits)


    Net: io_c_16[21]

    Capacitance            0.00
  - min_capacitance        0.00
  ------------------------------
    Slack                  0.00  (VIOLATED: increase significant digits)


    Net: io_c_16[22]

    Capacitance            0.00
  - min_capacitance        0.00
  ------------------------------
    Slack                  0.00  (VIOLATED: increase significant digits)


    Net: io_c_16[23]

    Capacitance            0.00
  - min_capacitance        0.00
  ------------------------------
    Slack                  0.00  (VIOLATED: increase significant digits)


    Net: io_c_17[0]

    Capacitance            0.00
  - min_capacitance        0.00
  ------------------------------
    Slack                  0.00  (VIOLATED: increase significant digits)


    Net: io_c_17[1]

    Capacitance            0.00
  - min_capacitance        0.00
  ------------------------------
    Slack                  0.00  (VIOLATED: increase significant digits)


    Net: io_c_17[2]

    Capacitance            0.00
  - min_capacitance        0.00
  ------------------------------
    Slack                  0.00  (VIOLATED: increase significant digits)


    Net: io_c_17[3]

    Capacitance            0.00
  - min_capacitance        0.00
  ------------------------------
    Slack                  0.00  (VIOLATED: increase significant digits)


    Net: io_c_17[4]

    Capacitance            0.00
  - min_capacitance        0.00
  ------------------------------
    Slack                  0.00  (VIOLATED: increase significant digits)


    Net: io_c_17[5]

    Capacitance            0.00
  - min_capacitance        0.00
  ------------------------------
    Slack                  0.00  (VIOLATED: increase significant digits)


    Net: io_c_17[6]

    Capacitance            0.00
  - min_capacitance        0.00
  ------------------------------
    Slack                  0.00  (VIOLATED: increase significant digits)


    Net: io_c_17[7]

    Capacitance            0.00
  - min_capacitance        0.00
  ------------------------------
    Slack                  0.00  (VIOLATED: increase significant digits)


    Net: io_c_17[8]

    Capacitance            0.00
  - min_capacitance        0.00
  ------------------------------
    Slack                  0.00  (VIOLATED: increase significant digits)


    Net: io_c_17[9]

    Capacitance            0.00
  - min_capacitance        0.00
  ------------------------------
    Slack                  0.00  (VIOLATED: increase significant digits)


    Net: io_c_17[10]

    Capacitance            0.00
  - min_capacitance        0.00
  ------------------------------
    Slack                  0.00  (VIOLATED: increase significant digits)


    Net: io_c_17[11]

    Capacitance            0.00
  - min_capacitance        0.00
  ------------------------------
    Slack                  0.00  (VIOLATED: increase significant digits)


    Net: io_c_17[12]

    Capacitance            0.00
  - min_capacitance        0.00
  ------------------------------
    Slack                  0.00  (VIOLATED: increase significant digits)


    Net: io_c_17[13]

    Capacitance            0.00
  - min_capacitance        0.00
  ------------------------------
    Slack                  0.00  (VIOLATED: increase significant digits)


    Net: io_c_17[14]

    Capacitance            0.00
  - min_capacitance        0.00
  ------------------------------
    Slack                  0.00  (VIOLATED: increase significant digits)


    Net: io_c_17[15]

    Capacitance            0.00
  - min_capacitance        0.00
  ------------------------------
    Slack                  0.00  (VIOLATED: increase significant digits)


    Net: io_c_17[16]

    Capacitance            0.00
  - min_capacitance        0.00
  ------------------------------
    Slack                  0.00  (VIOLATED: increase significant digits)


    Net: io_c_17[17]

    Capacitance            0.00
  - min_capacitance        0.00
  ------------------------------
    Slack                  0.00  (VIOLATED: increase significant digits)


    Net: io_c_17[18]

    Capacitance            0.00
  - min_capacitance        0.00
  ------------------------------
    Slack                  0.00  (VIOLATED: increase significant digits)


    Net: io_c_17[19]

    Capacitance            0.00
  - min_capacitance        0.00
  ------------------------------
    Slack                  0.00  (VIOLATED: increase significant digits)


    Net: io_c_17[20]

    Capacitance            0.00
  - min_capacitance        0.00
  ------------------------------
    Slack                  0.00  (VIOLATED: increase significant digits)


    Net: io_c_17[21]

    Capacitance            0.00
  - min_capacitance        0.00
  ------------------------------
    Slack                  0.00  (VIOLATED: increase significant digits)


    Net: io_c_17[22]

    Capacitance            0.00
  - min_capacitance        0.00
  ------------------------------
    Slack                  0.00  (VIOLATED: increase significant digits)


    Net: io_c_17[23]

    Capacitance            0.00
  - min_capacitance        0.00
  ------------------------------
    Slack                  0.00  (VIOLATED: increase significant digits)


    Net: io_c_18[0]

    Capacitance            0.00
  - min_capacitance        0.00
  ------------------------------
    Slack                  0.00  (VIOLATED: increase significant digits)


    Net: io_c_18[1]

    Capacitance            0.00
  - min_capacitance        0.00
  ------------------------------
    Slack                  0.00  (VIOLATED: increase significant digits)


    Net: io_c_18[2]

    Capacitance            0.00
  - min_capacitance        0.00
  ------------------------------
    Slack                  0.00  (VIOLATED: increase significant digits)


    Net: io_c_18[3]

    Capacitance            0.00
  - min_capacitance        0.00
  ------------------------------
    Slack                  0.00  (VIOLATED: increase significant digits)


    Net: io_c_18[4]

    Capacitance            0.00
  - min_capacitance        0.00
  ------------------------------
    Slack                  0.00  (VIOLATED: increase significant digits)


    Net: io_c_18[5]

    Capacitance            0.00
  - min_capacitance        0.00
  ------------------------------
    Slack                  0.00  (VIOLATED: increase significant digits)


    Net: io_c_18[6]

    Capacitance            0.00
  - min_capacitance        0.00
  ------------------------------
    Slack                  0.00  (VIOLATED: increase significant digits)


    Net: io_c_18[7]

    Capacitance            0.00
  - min_capacitance        0.00
  ------------------------------
    Slack                  0.00  (VIOLATED: increase significant digits)


    Net: io_c_18[8]

    Capacitance            0.00
  - min_capacitance        0.00
  ------------------------------
    Slack                  0.00  (VIOLATED: increase significant digits)


    Net: io_c_18[9]

    Capacitance            0.00
  - min_capacitance        0.00
  ------------------------------
    Slack                  0.00  (VIOLATED: increase significant digits)


    Net: io_c_18[10]

    Capacitance            0.00
  - min_capacitance        0.00
  ------------------------------
    Slack                  0.00  (VIOLATED: increase significant digits)


    Net: io_c_18[11]

    Capacitance            0.00
  - min_capacitance        0.00
  ------------------------------
    Slack                  0.00  (VIOLATED: increase significant digits)


    Net: io_c_18[12]

    Capacitance            0.00
  - min_capacitance        0.00
  ------------------------------
    Slack                  0.00  (VIOLATED: increase significant digits)


    Net: io_c_18[13]

    Capacitance            0.00
  - min_capacitance        0.00
  ------------------------------
    Slack                  0.00  (VIOLATED: increase significant digits)


    Net: io_c_18[14]

    Capacitance            0.00
  - min_capacitance        0.00
  ------------------------------
    Slack                  0.00  (VIOLATED: increase significant digits)


    Net: io_c_18[15]

    Capacitance            0.00
  - min_capacitance        0.00
  ------------------------------
    Slack                  0.00  (VIOLATED: increase significant digits)


    Net: io_c_18[16]

    Capacitance            0.00
  - min_capacitance        0.00
  ------------------------------
    Slack                  0.00  (VIOLATED: increase significant digits)


    Net: io_c_18[17]

    Capacitance            0.00
  - min_capacitance        0.00
  ------------------------------
    Slack                  0.00  (VIOLATED: increase significant digits)


    Net: io_c_18[18]

    Capacitance            0.00
  - min_capacitance        0.00
  ------------------------------
    Slack                  0.00  (VIOLATED: increase significant digits)


    Net: io_c_18[19]

    Capacitance            0.00
  - min_capacitance        0.00
  ------------------------------
    Slack                  0.00  (VIOLATED: increase significant digits)


    Net: io_c_18[20]

    Capacitance            0.00
  - min_capacitance        0.00
  ------------------------------
    Slack                  0.00  (VIOLATED: increase significant digits)


    Net: io_c_18[21]

    Capacitance            0.00
  - min_capacitance        0.00
  ------------------------------
    Slack                  0.00  (VIOLATED: increase significant digits)


    Net: io_c_18[22]

    Capacitance            0.00
  - min_capacitance        0.00
  ------------------------------
    Slack                  0.00  (VIOLATED: increase significant digits)


    Net: io_c_18[23]

    Capacitance            0.00
  - min_capacitance        0.00
  ------------------------------
    Slack                  0.00  (VIOLATED: increase significant digits)


    Net: io_c_19[0]

    Capacitance            0.00
  - min_capacitance        0.00
  ------------------------------
    Slack                  0.00  (VIOLATED: increase significant digits)


    Net: io_c_19[1]

    Capacitance            0.00
  - min_capacitance        0.00
  ------------------------------
    Slack                  0.00  (VIOLATED: increase significant digits)


    Net: io_c_19[2]

    Capacitance            0.00
  - min_capacitance        0.00
  ------------------------------
    Slack                  0.00  (VIOLATED: increase significant digits)


    Net: io_c_19[3]

    Capacitance            0.00
  - min_capacitance        0.00
  ------------------------------
    Slack                  0.00  (VIOLATED: increase significant digits)


    Net: io_c_19[4]

    Capacitance            0.00
  - min_capacitance        0.00
  ------------------------------
    Slack                  0.00  (VIOLATED: increase significant digits)


    Net: io_c_19[5]

    Capacitance            0.00
  - min_capacitance        0.00
  ------------------------------
    Slack                  0.00  (VIOLATED: increase significant digits)


    Net: io_c_19[6]

    Capacitance            0.00
  - min_capacitance        0.00
  ------------------------------
    Slack                  0.00  (VIOLATED: increase significant digits)


    Net: io_c_19[7]

    Capacitance            0.00
  - min_capacitance        0.00
  ------------------------------
    Slack                  0.00  (VIOLATED: increase significant digits)


    Net: io_c_19[8]

    Capacitance            0.00
  - min_capacitance        0.00
  ------------------------------
    Slack                  0.00  (VIOLATED: increase significant digits)


    Net: io_c_19[9]

    Capacitance            0.00
  - min_capacitance        0.00
  ------------------------------
    Slack                  0.00  (VIOLATED: increase significant digits)


    Net: io_c_19[10]

    Capacitance            0.00
  - min_capacitance        0.00
  ------------------------------
    Slack                  0.00  (VIOLATED: increase significant digits)


    Net: io_c_19[11]

    Capacitance            0.00
  - min_capacitance        0.00
  ------------------------------
    Slack                  0.00  (VIOLATED: increase significant digits)


    Net: io_c_19[12]

    Capacitance            0.00
  - min_capacitance        0.00
  ------------------------------
    Slack                  0.00  (VIOLATED: increase significant digits)


    Net: io_c_19[13]

    Capacitance            0.00
  - min_capacitance        0.00
  ------------------------------
    Slack                  0.00  (VIOLATED: increase significant digits)


    Net: io_c_19[14]

    Capacitance            0.00
  - min_capacitance        0.00
  ------------------------------
    Slack                  0.00  (VIOLATED: increase significant digits)


    Net: io_c_19[15]

    Capacitance            0.00
  - min_capacitance        0.00
  ------------------------------
    Slack                  0.00  (VIOLATED: increase significant digits)


    Net: io_c_19[16]

    Capacitance            0.00
  - min_capacitance        0.00
  ------------------------------
    Slack                  0.00  (VIOLATED: increase significant digits)


    Net: io_c_19[17]

    Capacitance            0.00
  - min_capacitance        0.00
  ------------------------------
    Slack                  0.00  (VIOLATED: increase significant digits)


    Net: io_c_19[18]

    Capacitance            0.00
  - min_capacitance        0.00
  ------------------------------
    Slack                  0.00  (VIOLATED: increase significant digits)


    Net: io_c_19[19]

    Capacitance            0.00
  - min_capacitance        0.00
  ------------------------------
    Slack                  0.00  (VIOLATED: increase significant digits)


    Net: io_c_19[20]

    Capacitance            0.00
  - min_capacitance        0.00
  ------------------------------
    Slack                  0.00  (VIOLATED: increase significant digits)


    Net: io_c_19[21]

    Capacitance            0.00
  - min_capacitance        0.00
  ------------------------------
    Slack                  0.00  (VIOLATED: increase significant digits)


    Net: io_c_19[22]

    Capacitance            0.00
  - min_capacitance        0.00
  ------------------------------
    Slack                  0.00  (VIOLATED: increase significant digits)


    Net: io_c_19[23]

    Capacitance            0.00
  - min_capacitance        0.00
  ------------------------------
    Slack                  0.00  (VIOLATED: increase significant digits)


    Net: io_c_20[0]

    Capacitance            0.00
  - min_capacitance        0.00
  ------------------------------
    Slack                  0.00  (VIOLATED: increase significant digits)


    Net: io_c_20[1]

    Capacitance            0.00
  - min_capacitance        0.00
  ------------------------------
    Slack                  0.00  (VIOLATED: increase significant digits)


    Net: io_c_20[2]

    Capacitance            0.00
  - min_capacitance        0.00
  ------------------------------
    Slack                  0.00  (VIOLATED: increase significant digits)


    Net: io_c_20[3]

    Capacitance            0.00
  - min_capacitance        0.00
  ------------------------------
    Slack                  0.00  (VIOLATED: increase significant digits)


    Net: io_c_20[4]

    Capacitance            0.00
  - min_capacitance        0.00
  ------------------------------
    Slack                  0.00  (VIOLATED: increase significant digits)


    Net: io_c_20[5]

    Capacitance            0.00
  - min_capacitance        0.00
  ------------------------------
    Slack                  0.00  (VIOLATED: increase significant digits)


    Net: io_c_20[6]

    Capacitance            0.00
  - min_capacitance        0.00
  ------------------------------
    Slack                  0.00  (VIOLATED: increase significant digits)


    Net: io_c_20[7]

    Capacitance            0.00
  - min_capacitance        0.00
  ------------------------------
    Slack                  0.00  (VIOLATED: increase significant digits)


    Net: io_c_20[8]

    Capacitance            0.00
  - min_capacitance        0.00
  ------------------------------
    Slack                  0.00  (VIOLATED: increase significant digits)


    Net: io_c_20[9]

    Capacitance            0.00
  - min_capacitance        0.00
  ------------------------------
    Slack                  0.00  (VIOLATED: increase significant digits)


    Net: io_c_20[10]

    Capacitance            0.00
  - min_capacitance        0.00
  ------------------------------
    Slack                  0.00  (VIOLATED: increase significant digits)


    Net: io_c_20[11]

    Capacitance            0.00
  - min_capacitance        0.00
  ------------------------------
    Slack                  0.00  (VIOLATED: increase significant digits)


    Net: io_c_20[12]

    Capacitance            0.00
  - min_capacitance        0.00
  ------------------------------
    Slack                  0.00  (VIOLATED: increase significant digits)


    Net: io_c_20[13]

    Capacitance            0.00
  - min_capacitance        0.00
  ------------------------------
    Slack                  0.00  (VIOLATED: increase significant digits)


    Net: io_c_20[14]

    Capacitance            0.00
  - min_capacitance        0.00
  ------------------------------
    Slack                  0.00  (VIOLATED: increase significant digits)


    Net: io_c_20[15]

    Capacitance            0.00
  - min_capacitance        0.00
  ------------------------------
    Slack                  0.00  (VIOLATED: increase significant digits)


    Net: io_c_20[16]

    Capacitance            0.00
  - min_capacitance        0.00
  ------------------------------
    Slack                  0.00  (VIOLATED: increase significant digits)


    Net: io_c_20[17]

    Capacitance            0.00
  - min_capacitance        0.00
  ------------------------------
    Slack                  0.00  (VIOLATED: increase significant digits)


    Net: io_c_20[18]

    Capacitance            0.00
  - min_capacitance        0.00
  ------------------------------
    Slack                  0.00  (VIOLATED: increase significant digits)


    Net: io_c_20[19]

    Capacitance            0.00
  - min_capacitance        0.00
  ------------------------------
    Slack                  0.00  (VIOLATED: increase significant digits)


    Net: io_c_20[20]

    Capacitance            0.00
  - min_capacitance        0.00
  ------------------------------
    Slack                  0.00  (VIOLATED: increase significant digits)


    Net: io_c_20[21]

    Capacitance            0.00
  - min_capacitance        0.00
  ------------------------------
    Slack                  0.00  (VIOLATED: increase significant digits)


    Net: io_c_20[22]

    Capacitance            0.00
  - min_capacitance        0.00
  ------------------------------
    Slack                  0.00  (VIOLATED: increase significant digits)


    Net: io_c_20[23]

    Capacitance            0.00
  - min_capacitance        0.00
  ------------------------------
    Slack                  0.00  (VIOLATED: increase significant digits)


    Net: io_c_21[0]

    Capacitance            0.00
  - min_capacitance        0.00
  ------------------------------
    Slack                  0.00  (VIOLATED: increase significant digits)


    Net: io_c_21[1]

    Capacitance            0.00
  - min_capacitance        0.00
  ------------------------------
    Slack                  0.00  (VIOLATED: increase significant digits)


    Net: io_c_21[2]

    Capacitance            0.00
  - min_capacitance        0.00
  ------------------------------
    Slack                  0.00  (VIOLATED: increase significant digits)


    Net: io_c_21[3]

    Capacitance            0.00
  - min_capacitance        0.00
  ------------------------------
    Slack                  0.00  (VIOLATED: increase significant digits)


    Net: io_c_21[4]

    Capacitance            0.00
  - min_capacitance        0.00
  ------------------------------
    Slack                  0.00  (VIOLATED: increase significant digits)


    Net: io_c_21[5]

    Capacitance            0.00
  - min_capacitance        0.00
  ------------------------------
    Slack                  0.00  (VIOLATED: increase significant digits)


    Net: io_c_21[6]

    Capacitance            0.00
  - min_capacitance        0.00
  ------------------------------
    Slack                  0.00  (VIOLATED: increase significant digits)


    Net: io_c_21[7]

    Capacitance            0.00
  - min_capacitance        0.00
  ------------------------------
    Slack                  0.00  (VIOLATED: increase significant digits)


    Net: io_c_21[8]

    Capacitance            0.00
  - min_capacitance        0.00
  ------------------------------
    Slack                  0.00  (VIOLATED: increase significant digits)


    Net: io_c_21[9]

    Capacitance            0.00
  - min_capacitance        0.00
  ------------------------------
    Slack                  0.00  (VIOLATED: increase significant digits)


    Net: io_c_21[10]

    Capacitance            0.00
  - min_capacitance        0.00
  ------------------------------
    Slack                  0.00  (VIOLATED: increase significant digits)


    Net: io_c_21[11]

    Capacitance            0.00
  - min_capacitance        0.00
  ------------------------------
    Slack                  0.00  (VIOLATED: increase significant digits)


    Net: io_c_21[12]

    Capacitance            0.00
  - min_capacitance        0.00
  ------------------------------
    Slack                  0.00  (VIOLATED: increase significant digits)


    Net: io_c_21[13]

    Capacitance            0.00
  - min_capacitance        0.00
  ------------------------------
    Slack                  0.00  (VIOLATED: increase significant digits)


    Net: io_c_21[14]

    Capacitance            0.00
  - min_capacitance        0.00
  ------------------------------
    Slack                  0.00  (VIOLATED: increase significant digits)


    Net: io_c_21[15]

    Capacitance            0.00
  - min_capacitance        0.00
  ------------------------------
    Slack                  0.00  (VIOLATED: increase significant digits)


    Net: io_c_21[16]

    Capacitance            0.00
  - min_capacitance        0.00
  ------------------------------
    Slack                  0.00  (VIOLATED: increase significant digits)


    Net: io_c_21[17]

    Capacitance            0.00
  - min_capacitance        0.00
  ------------------------------
    Slack                  0.00  (VIOLATED: increase significant digits)


    Net: io_c_21[18]

    Capacitance            0.00
  - min_capacitance        0.00
  ------------------------------
    Slack                  0.00  (VIOLATED: increase significant digits)


    Net: io_c_21[19]

    Capacitance            0.00
  - min_capacitance        0.00
  ------------------------------
    Slack                  0.00  (VIOLATED: increase significant digits)


    Net: io_c_21[20]

    Capacitance            0.00
  - min_capacitance        0.00
  ------------------------------
    Slack                  0.00  (VIOLATED: increase significant digits)


    Net: io_c_21[21]

    Capacitance            0.00
  - min_capacitance        0.00
  ------------------------------
    Slack                  0.00  (VIOLATED: increase significant digits)


    Net: io_c_21[22]

    Capacitance            0.00
  - min_capacitance        0.00
  ------------------------------
    Slack                  0.00  (VIOLATED: increase significant digits)


    Net: io_c_21[23]

    Capacitance            0.00
  - min_capacitance        0.00
  ------------------------------
    Slack                  0.00  (VIOLATED: increase significant digits)


    Net: io_c_22[0]

    Capacitance            0.00
  - min_capacitance        0.00
  ------------------------------
    Slack                  0.00  (VIOLATED: increase significant digits)


    Net: io_c_22[1]

    Capacitance            0.00
  - min_capacitance        0.00
  ------------------------------
    Slack                  0.00  (VIOLATED: increase significant digits)


    Net: io_c_22[2]

    Capacitance            0.00
  - min_capacitance        0.00
  ------------------------------
    Slack                  0.00  (VIOLATED: increase significant digits)


    Net: io_c_22[3]

    Capacitance            0.00
  - min_capacitance        0.00
  ------------------------------
    Slack                  0.00  (VIOLATED: increase significant digits)


    Net: io_c_22[4]

    Capacitance            0.00
  - min_capacitance        0.00
  ------------------------------
    Slack                  0.00  (VIOLATED: increase significant digits)


    Net: io_c_22[5]

    Capacitance            0.00
  - min_capacitance        0.00
  ------------------------------
    Slack                  0.00  (VIOLATED: increase significant digits)


    Net: io_c_22[6]

    Capacitance            0.00
  - min_capacitance        0.00
  ------------------------------
    Slack                  0.00  (VIOLATED: increase significant digits)


    Net: io_c_22[7]

    Capacitance            0.00
  - min_capacitance        0.00
  ------------------------------
    Slack                  0.00  (VIOLATED: increase significant digits)


    Net: io_c_22[8]

    Capacitance            0.00
  - min_capacitance        0.00
  ------------------------------
    Slack                  0.00  (VIOLATED: increase significant digits)


    Net: io_c_22[9]

    Capacitance            0.00
  - min_capacitance        0.00
  ------------------------------
    Slack                  0.00  (VIOLATED: increase significant digits)


    Net: io_c_22[10]

    Capacitance            0.00
  - min_capacitance        0.00
  ------------------------------
    Slack                  0.00  (VIOLATED: increase significant digits)


    Net: io_c_22[11]

    Capacitance            0.00
  - min_capacitance        0.00
  ------------------------------
    Slack                  0.00  (VIOLATED: increase significant digits)


    Net: io_c_22[12]

    Capacitance            0.00
  - min_capacitance        0.00
  ------------------------------
    Slack                  0.00  (VIOLATED: increase significant digits)


    Net: io_c_22[13]

    Capacitance            0.00
  - min_capacitance        0.00
  ------------------------------
    Slack                  0.00  (VIOLATED: increase significant digits)


    Net: io_c_22[14]

    Capacitance            0.00
  - min_capacitance        0.00
  ------------------------------
    Slack                  0.00  (VIOLATED: increase significant digits)


    Net: io_c_22[15]

    Capacitance            0.00
  - min_capacitance        0.00
  ------------------------------
    Slack                  0.00  (VIOLATED: increase significant digits)


    Net: io_c_22[16]

    Capacitance            0.00
  - min_capacitance        0.00
  ------------------------------
    Slack                  0.00  (VIOLATED: increase significant digits)


    Net: io_c_22[17]

    Capacitance            0.00
  - min_capacitance        0.00
  ------------------------------
    Slack                  0.00  (VIOLATED: increase significant digits)


    Net: io_c_22[18]

    Capacitance            0.00
  - min_capacitance        0.00
  ------------------------------
    Slack                  0.00  (VIOLATED: increase significant digits)


    Net: io_c_22[19]

    Capacitance            0.00
  - min_capacitance        0.00
  ------------------------------
    Slack                  0.00  (VIOLATED: increase significant digits)


    Net: io_c_22[20]

    Capacitance            0.00
  - min_capacitance        0.00
  ------------------------------
    Slack                  0.00  (VIOLATED: increase significant digits)


    Net: io_c_22[21]

    Capacitance            0.00
  - min_capacitance        0.00
  ------------------------------
    Slack                  0.00  (VIOLATED: increase significant digits)


    Net: io_c_22[22]

    Capacitance            0.00
  - min_capacitance        0.00
  ------------------------------
    Slack                  0.00  (VIOLATED: increase significant digits)


    Net: io_c_22[23]

    Capacitance            0.00
  - min_capacitance        0.00
  ------------------------------
    Slack                  0.00  (VIOLATED: increase significant digits)


    Net: io_c_23[0]

    Capacitance            0.00
  - min_capacitance        0.00
  ------------------------------
    Slack                  0.00  (VIOLATED: increase significant digits)


    Net: io_c_23[1]

    Capacitance            0.00
  - min_capacitance        0.00
  ------------------------------
    Slack                  0.00  (VIOLATED: increase significant digits)


    Net: io_c_23[2]

    Capacitance            0.00
  - min_capacitance        0.00
  ------------------------------
    Slack                  0.00  (VIOLATED: increase significant digits)


    Net: io_c_23[3]

    Capacitance            0.00
  - min_capacitance        0.00
  ------------------------------
    Slack                  0.00  (VIOLATED: increase significant digits)


    Net: io_c_23[4]

    Capacitance            0.00
  - min_capacitance        0.00
  ------------------------------
    Slack                  0.00  (VIOLATED: increase significant digits)


    Net: io_c_23[5]

    Capacitance            0.00
  - min_capacitance        0.00
  ------------------------------
    Slack                  0.00  (VIOLATED: increase significant digits)


    Net: io_c_23[6]

    Capacitance            0.00
  - min_capacitance        0.00
  ------------------------------
    Slack                  0.00  (VIOLATED: increase significant digits)


    Net: io_c_23[7]

    Capacitance            0.00
  - min_capacitance        0.00
  ------------------------------
    Slack                  0.00  (VIOLATED: increase significant digits)


    Net: io_c_23[8]

    Capacitance            0.00
  - min_capacitance        0.00
  ------------------------------
    Slack                  0.00  (VIOLATED: increase significant digits)


    Net: io_c_23[9]

    Capacitance            0.00
  - min_capacitance        0.00
  ------------------------------
    Slack                  0.00  (VIOLATED: increase significant digits)


    Net: io_c_23[10]

    Capacitance            0.00
  - min_capacitance        0.00
  ------------------------------
    Slack                  0.00  (VIOLATED: increase significant digits)


    Net: io_c_23[11]

    Capacitance            0.00
  - min_capacitance        0.00
  ------------------------------
    Slack                  0.00  (VIOLATED: increase significant digits)


    Net: io_c_23[12]

    Capacitance            0.00
  - min_capacitance        0.00
  ------------------------------
    Slack                  0.00  (VIOLATED: increase significant digits)


    Net: io_c_23[13]

    Capacitance            0.00
  - min_capacitance        0.00
  ------------------------------
    Slack                  0.00  (VIOLATED: increase significant digits)


    Net: io_c_23[14]

    Capacitance            0.00
  - min_capacitance        0.00
  ------------------------------
    Slack                  0.00  (VIOLATED: increase significant digits)


    Net: io_c_23[15]

    Capacitance            0.00
  - min_capacitance        0.00
  ------------------------------
    Slack                  0.00  (VIOLATED: increase significant digits)


    Net: io_c_23[16]

    Capacitance            0.00
  - min_capacitance        0.00
  ------------------------------
    Slack                  0.00  (VIOLATED: increase significant digits)


    Net: io_c_23[17]

    Capacitance            0.00
  - min_capacitance        0.00
  ------------------------------
    Slack                  0.00  (VIOLATED: increase significant digits)


    Net: io_c_23[18]

    Capacitance            0.00
  - min_capacitance        0.00
  ------------------------------
    Slack                  0.00  (VIOLATED: increase significant digits)


    Net: io_c_23[19]

    Capacitance            0.00
  - min_capacitance        0.00
  ------------------------------
    Slack                  0.00  (VIOLATED: increase significant digits)


    Net: io_c_23[20]

    Capacitance            0.00
  - min_capacitance        0.00
  ------------------------------
    Slack                  0.00  (VIOLATED: increase significant digits)


    Net: io_c_23[21]

    Capacitance            0.00
  - min_capacitance        0.00
  ------------------------------
    Slack                  0.00  (VIOLATED: increase significant digits)


    Net: io_c_23[22]

    Capacitance            0.00
  - min_capacitance        0.00
  ------------------------------
    Slack                  0.00  (VIOLATED: increase significant digits)


    Net: io_c_23[23]

    Capacitance            0.00
  - min_capacitance        0.00
  ------------------------------
    Slack                  0.00  (VIOLATED: increase significant digits)


    Net: io_c_24[0]

    Capacitance            0.00
  - min_capacitance        0.00
  ------------------------------
    Slack                  0.00  (VIOLATED: increase significant digits)


    Net: io_c_24[1]

    Capacitance            0.00
  - min_capacitance        0.00
  ------------------------------
    Slack                  0.00  (VIOLATED: increase significant digits)


    Net: io_c_24[2]

    Capacitance            0.00
  - min_capacitance        0.00
  ------------------------------
    Slack                  0.00  (VIOLATED: increase significant digits)


    Net: io_c_24[3]

    Capacitance            0.00
  - min_capacitance        0.00
  ------------------------------
    Slack                  0.00  (VIOLATED: increase significant digits)


    Net: io_c_24[4]

    Capacitance            0.00
  - min_capacitance        0.00
  ------------------------------
    Slack                  0.00  (VIOLATED: increase significant digits)


    Net: io_c_24[5]

    Capacitance            0.00
  - min_capacitance        0.00
  ------------------------------
    Slack                  0.00  (VIOLATED: increase significant digits)


    Net: io_c_24[6]

    Capacitance            0.00
  - min_capacitance        0.00
  ------------------------------
    Slack                  0.00  (VIOLATED: increase significant digits)


    Net: io_c_24[7]

    Capacitance            0.00
  - min_capacitance        0.00
  ------------------------------
    Slack                  0.00  (VIOLATED: increase significant digits)


    Net: io_c_24[8]

    Capacitance            0.00
  - min_capacitance        0.00
  ------------------------------
    Slack                  0.00  (VIOLATED: increase significant digits)


    Net: io_c_24[9]

    Capacitance            0.00
  - min_capacitance        0.00
  ------------------------------
    Slack                  0.00  (VIOLATED: increase significant digits)


    Net: io_c_24[10]

    Capacitance            0.00
  - min_capacitance        0.00
  ------------------------------
    Slack                  0.00  (VIOLATED: increase significant digits)


    Net: io_c_24[11]

    Capacitance            0.00
  - min_capacitance        0.00
  ------------------------------
    Slack                  0.00  (VIOLATED: increase significant digits)


    Net: io_c_24[12]

    Capacitance            0.00
  - min_capacitance        0.00
  ------------------------------
    Slack                  0.00  (VIOLATED: increase significant digits)


    Net: io_c_24[13]

    Capacitance            0.00
  - min_capacitance        0.00
  ------------------------------
    Slack                  0.00  (VIOLATED: increase significant digits)


    Net: io_c_24[14]

    Capacitance            0.00
  - min_capacitance        0.00
  ------------------------------
    Slack                  0.00  (VIOLATED: increase significant digits)


    Net: io_c_24[15]

    Capacitance            0.00
  - min_capacitance        0.00
  ------------------------------
    Slack                  0.00  (VIOLATED: increase significant digits)


    Net: io_c_24[16]

    Capacitance            0.00
  - min_capacitance        0.00
  ------------------------------
    Slack                  0.00  (VIOLATED: increase significant digits)


    Net: io_c_24[17]

    Capacitance            0.00
  - min_capacitance        0.00
  ------------------------------
    Slack                  0.00  (VIOLATED: increase significant digits)


    Net: io_c_24[18]

    Capacitance            0.00
  - min_capacitance        0.00
  ------------------------------
    Slack                  0.00  (VIOLATED: increase significant digits)


    Net: io_c_24[19]

    Capacitance            0.00
  - min_capacitance        0.00
  ------------------------------
    Slack                  0.00  (VIOLATED: increase significant digits)


    Net: io_c_24[20]

    Capacitance            0.00
  - min_capacitance        0.00
  ------------------------------
    Slack                  0.00  (VIOLATED: increase significant digits)


    Net: io_c_24[21]

    Capacitance            0.00
  - min_capacitance        0.00
  ------------------------------
    Slack                  0.00  (VIOLATED: increase significant digits)


    Net: io_c_24[22]

    Capacitance            0.00
  - min_capacitance        0.00
  ------------------------------
    Slack                  0.00  (VIOLATED: increase significant digits)


    Net: io_c_24[23]

    Capacitance            0.00
  - min_capacitance        0.00
  ------------------------------
    Slack                  0.00  (VIOLATED: increase significant digits)


    Net: io_c_25[0]

    Capacitance            0.00
  - min_capacitance        0.00
  ------------------------------
    Slack                  0.00  (VIOLATED: increase significant digits)


    Net: io_c_25[1]

    Capacitance            0.00
  - min_capacitance        0.00
  ------------------------------
    Slack                  0.00  (VIOLATED: increase significant digits)


    Net: io_c_25[2]

    Capacitance            0.00
  - min_capacitance        0.00
  ------------------------------
    Slack                  0.00  (VIOLATED: increase significant digits)


    Net: io_c_25[3]

    Capacitance            0.00
  - min_capacitance        0.00
  ------------------------------
    Slack                  0.00  (VIOLATED: increase significant digits)


    Net: io_c_25[4]

    Capacitance            0.00
  - min_capacitance        0.00
  ------------------------------
    Slack                  0.00  (VIOLATED: increase significant digits)


    Net: io_c_25[5]

    Capacitance            0.00
  - min_capacitance        0.00
  ------------------------------
    Slack                  0.00  (VIOLATED: increase significant digits)


    Net: io_c_25[6]

    Capacitance            0.00
  - min_capacitance        0.00
  ------------------------------
    Slack                  0.00  (VIOLATED: increase significant digits)


    Net: io_c_25[7]

    Capacitance            0.00
  - min_capacitance        0.00
  ------------------------------
    Slack                  0.00  (VIOLATED: increase significant digits)


    Net: io_c_25[8]

    Capacitance            0.00
  - min_capacitance        0.00
  ------------------------------
    Slack                  0.00  (VIOLATED: increase significant digits)


    Net: io_c_25[9]

    Capacitance            0.00
  - min_capacitance        0.00
  ------------------------------
    Slack                  0.00  (VIOLATED: increase significant digits)


    Net: io_c_25[10]

    Capacitance            0.00
  - min_capacitance        0.00
  ------------------------------
    Slack                  0.00  (VIOLATED: increase significant digits)


    Net: io_c_25[11]

    Capacitance            0.00
  - min_capacitance        0.00
  ------------------------------
    Slack                  0.00  (VIOLATED: increase significant digits)


    Net: io_c_25[12]

    Capacitance            0.00
  - min_capacitance        0.00
  ------------------------------
    Slack                  0.00  (VIOLATED: increase significant digits)


    Net: io_c_25[13]

    Capacitance            0.00
  - min_capacitance        0.00
  ------------------------------
    Slack                  0.00  (VIOLATED: increase significant digits)


    Net: io_c_25[14]

    Capacitance            0.00
  - min_capacitance        0.00
  ------------------------------
    Slack                  0.00  (VIOLATED: increase significant digits)


    Net: io_c_25[15]

    Capacitance            0.00
  - min_capacitance        0.00
  ------------------------------
    Slack                  0.00  (VIOLATED: increase significant digits)


    Net: io_c_25[16]

    Capacitance            0.00
  - min_capacitance        0.00
  ------------------------------
    Slack                  0.00  (VIOLATED: increase significant digits)


    Net: io_c_25[17]

    Capacitance            0.00
  - min_capacitance        0.00
  ------------------------------
    Slack                  0.00  (VIOLATED: increase significant digits)


    Net: io_c_25[18]

    Capacitance            0.00
  - min_capacitance        0.00
  ------------------------------
    Slack                  0.00  (VIOLATED: increase significant digits)


    Net: io_c_25[19]

    Capacitance            0.00
  - min_capacitance        0.00
  ------------------------------
    Slack                  0.00  (VIOLATED: increase significant digits)


    Net: io_c_25[20]

    Capacitance            0.00
  - min_capacitance        0.00
  ------------------------------
    Slack                  0.00  (VIOLATED: increase significant digits)


    Net: io_c_25[21]

    Capacitance            0.00
  - min_capacitance        0.00
  ------------------------------
    Slack                  0.00  (VIOLATED: increase significant digits)


    Net: io_c_25[22]

    Capacitance            0.00
  - min_capacitance        0.00
  ------------------------------
    Slack                  0.00  (VIOLATED: increase significant digits)


    Net: io_c_25[23]

    Capacitance            0.00
  - min_capacitance        0.00
  ------------------------------
    Slack                  0.00  (VIOLATED: increase significant digits)


    Net: io_c_26[0]

    Capacitance            0.00
  - min_capacitance        0.00
  ------------------------------
    Slack                  0.00  (VIOLATED: increase significant digits)


    Net: io_c_26[1]

    Capacitance            0.00
  - min_capacitance        0.00
  ------------------------------
    Slack                  0.00  (VIOLATED: increase significant digits)


    Net: io_c_26[2]

    Capacitance            0.00
  - min_capacitance        0.00
  ------------------------------
    Slack                  0.00  (VIOLATED: increase significant digits)


    Net: io_c_26[3]

    Capacitance            0.00
  - min_capacitance        0.00
  ------------------------------
    Slack                  0.00  (VIOLATED: increase significant digits)


    Net: io_c_26[4]

    Capacitance            0.00
  - min_capacitance        0.00
  ------------------------------
    Slack                  0.00  (VIOLATED: increase significant digits)


    Net: io_c_26[5]

    Capacitance            0.00
  - min_capacitance        0.00
  ------------------------------
    Slack                  0.00  (VIOLATED: increase significant digits)


    Net: io_c_26[6]

    Capacitance            0.00
  - min_capacitance        0.00
  ------------------------------
    Slack                  0.00  (VIOLATED: increase significant digits)


    Net: io_c_26[7]

    Capacitance            0.00
  - min_capacitance        0.00
  ------------------------------
    Slack                  0.00  (VIOLATED: increase significant digits)


    Net: io_c_26[8]

    Capacitance            0.00
  - min_capacitance        0.00
  ------------------------------
    Slack                  0.00  (VIOLATED: increase significant digits)


    Net: io_c_26[9]

    Capacitance            0.00
  - min_capacitance        0.00
  ------------------------------
    Slack                  0.00  (VIOLATED: increase significant digits)


    Net: io_c_26[10]

    Capacitance            0.00
  - min_capacitance        0.00
  ------------------------------
    Slack                  0.00  (VIOLATED: increase significant digits)


    Net: io_c_26[11]

    Capacitance            0.00
  - min_capacitance        0.00
  ------------------------------
    Slack                  0.00  (VIOLATED: increase significant digits)


    Net: io_c_26[12]

    Capacitance            0.00
  - min_capacitance        0.00
  ------------------------------
    Slack                  0.00  (VIOLATED: increase significant digits)


    Net: io_c_26[13]

    Capacitance            0.00
  - min_capacitance        0.00
  ------------------------------
    Slack                  0.00  (VIOLATED: increase significant digits)


    Net: io_c_26[14]

    Capacitance            0.00
  - min_capacitance        0.00
  ------------------------------
    Slack                  0.00  (VIOLATED: increase significant digits)


    Net: io_c_26[15]

    Capacitance            0.00
  - min_capacitance        0.00
  ------------------------------
    Slack                  0.00  (VIOLATED: increase significant digits)


    Net: io_c_26[16]

    Capacitance            0.00
  - min_capacitance        0.00
  ------------------------------
    Slack                  0.00  (VIOLATED: increase significant digits)


    Net: io_c_26[17]

    Capacitance            0.00
  - min_capacitance        0.00
  ------------------------------
    Slack                  0.00  (VIOLATED: increase significant digits)


    Net: io_c_26[18]

    Capacitance            0.00
  - min_capacitance        0.00
  ------------------------------
    Slack                  0.00  (VIOLATED: increase significant digits)


    Net: io_c_26[19]

    Capacitance            0.00
  - min_capacitance        0.00
  ------------------------------
    Slack                  0.00  (VIOLATED: increase significant digits)


    Net: io_c_26[20]

    Capacitance            0.00
  - min_capacitance        0.00
  ------------------------------
    Slack                  0.00  (VIOLATED: increase significant digits)


    Net: io_c_26[21]

    Capacitance            0.00
  - min_capacitance        0.00
  ------------------------------
    Slack                  0.00  (VIOLATED: increase significant digits)


    Net: io_c_26[22]

    Capacitance            0.00
  - min_capacitance        0.00
  ------------------------------
    Slack                  0.00  (VIOLATED: increase significant digits)


    Net: io_c_26[23]

    Capacitance            0.00
  - min_capacitance        0.00
  ------------------------------
    Slack                  0.00  (VIOLATED: increase significant digits)


    Net: io_c_27[0]

    Capacitance            0.00
  - min_capacitance        0.00
  ------------------------------
    Slack                  0.00  (VIOLATED: increase significant digits)


    Net: io_c_27[1]

    Capacitance            0.00
  - min_capacitance        0.00
  ------------------------------
    Slack                  0.00  (VIOLATED: increase significant digits)


    Net: io_c_27[2]

    Capacitance            0.00
  - min_capacitance        0.00
  ------------------------------
    Slack                  0.00  (VIOLATED: increase significant digits)


    Net: io_c_27[3]

    Capacitance            0.00
  - min_capacitance        0.00
  ------------------------------
    Slack                  0.00  (VIOLATED: increase significant digits)


    Net: io_c_27[4]

    Capacitance            0.00
  - min_capacitance        0.00
  ------------------------------
    Slack                  0.00  (VIOLATED: increase significant digits)


    Net: io_c_27[5]

    Capacitance            0.00
  - min_capacitance        0.00
  ------------------------------
    Slack                  0.00  (VIOLATED: increase significant digits)


    Net: io_c_27[6]

    Capacitance            0.00
  - min_capacitance        0.00
  ------------------------------
    Slack                  0.00  (VIOLATED: increase significant digits)


    Net: io_c_27[7]

    Capacitance            0.00
  - min_capacitance        0.00
  ------------------------------
    Slack                  0.00  (VIOLATED: increase significant digits)


    Net: io_c_27[8]

    Capacitance            0.00
  - min_capacitance        0.00
  ------------------------------
    Slack                  0.00  (VIOLATED: increase significant digits)


    Net: io_c_27[9]

    Capacitance            0.00
  - min_capacitance        0.00
  ------------------------------
    Slack                  0.00  (VIOLATED: increase significant digits)


    Net: io_c_27[10]

    Capacitance            0.00
  - min_capacitance        0.00
  ------------------------------
    Slack                  0.00  (VIOLATED: increase significant digits)


    Net: io_c_27[11]

    Capacitance            0.00
  - min_capacitance        0.00
  ------------------------------
    Slack                  0.00  (VIOLATED: increase significant digits)


    Net: io_c_27[12]

    Capacitance            0.00
  - min_capacitance        0.00
  ------------------------------
    Slack                  0.00  (VIOLATED: increase significant digits)


    Net: io_c_27[13]

    Capacitance            0.00
  - min_capacitance        0.00
  ------------------------------
    Slack                  0.00  (VIOLATED: increase significant digits)


    Net: io_c_27[14]

    Capacitance            0.00
  - min_capacitance        0.00
  ------------------------------
    Slack                  0.00  (VIOLATED: increase significant digits)


    Net: io_c_27[15]

    Capacitance            0.00
  - min_capacitance        0.00
  ------------------------------
    Slack                  0.00  (VIOLATED: increase significant digits)


    Net: io_c_27[16]

    Capacitance            0.00
  - min_capacitance        0.00
  ------------------------------
    Slack                  0.00  (VIOLATED: increase significant digits)


    Net: io_c_27[17]

    Capacitance            0.00
  - min_capacitance        0.00
  ------------------------------
    Slack                  0.00  (VIOLATED: increase significant digits)


    Net: io_c_27[18]

    Capacitance            0.00
  - min_capacitance        0.00
  ------------------------------
    Slack                  0.00  (VIOLATED: increase significant digits)


    Net: io_c_27[19]

    Capacitance            0.00
  - min_capacitance        0.00
  ------------------------------
    Slack                  0.00  (VIOLATED: increase significant digits)


    Net: io_c_27[20]

    Capacitance            0.00
  - min_capacitance        0.00
  ------------------------------
    Slack                  0.00  (VIOLATED: increase significant digits)


    Net: io_c_27[21]

    Capacitance            0.00
  - min_capacitance        0.00
  ------------------------------
    Slack                  0.00  (VIOLATED: increase significant digits)


    Net: io_c_27[22]

    Capacitance            0.00
  - min_capacitance        0.00
  ------------------------------
    Slack                  0.00  (VIOLATED: increase significant digits)


    Net: io_c_27[23]

    Capacitance            0.00
  - min_capacitance        0.00
  ------------------------------
    Slack                  0.00  (VIOLATED: increase significant digits)


    Net: io_c_28[0]

    Capacitance            0.00
  - min_capacitance        0.00
  ------------------------------
    Slack                  0.00  (VIOLATED: increase significant digits)


    Net: io_c_28[1]

    Capacitance            0.00
  - min_capacitance        0.00
  ------------------------------
    Slack                  0.00  (VIOLATED: increase significant digits)


    Net: io_c_28[2]

    Capacitance            0.00
  - min_capacitance        0.00
  ------------------------------
    Slack                  0.00  (VIOLATED: increase significant digits)


    Net: io_c_28[3]

    Capacitance            0.00
  - min_capacitance        0.00
  ------------------------------
    Slack                  0.00  (VIOLATED: increase significant digits)


    Net: io_c_28[4]

    Capacitance            0.00
  - min_capacitance        0.00
  ------------------------------
    Slack                  0.00  (VIOLATED: increase significant digits)


    Net: io_c_28[5]

    Capacitance            0.00
  - min_capacitance        0.00
  ------------------------------
    Slack                  0.00  (VIOLATED: increase significant digits)


    Net: io_c_28[6]

    Capacitance            0.00
  - min_capacitance        0.00
  ------------------------------
    Slack                  0.00  (VIOLATED: increase significant digits)


    Net: io_c_28[7]

    Capacitance            0.00
  - min_capacitance        0.00
  ------------------------------
    Slack                  0.00  (VIOLATED: increase significant digits)


    Net: io_c_28[8]

    Capacitance            0.00
  - min_capacitance        0.00
  ------------------------------
    Slack                  0.00  (VIOLATED: increase significant digits)


    Net: io_c_28[9]

    Capacitance            0.00
  - min_capacitance        0.00
  ------------------------------
    Slack                  0.00  (VIOLATED: increase significant digits)


    Net: io_c_28[10]

    Capacitance            0.00
  - min_capacitance        0.00
  ------------------------------
    Slack                  0.00  (VIOLATED: increase significant digits)


    Net: io_c_28[11]

    Capacitance            0.00
  - min_capacitance        0.00
  ------------------------------
    Slack                  0.00  (VIOLATED: increase significant digits)


    Net: io_c_28[12]

    Capacitance            0.00
  - min_capacitance        0.00
  ------------------------------
    Slack                  0.00  (VIOLATED: increase significant digits)


    Net: io_c_28[13]

    Capacitance            0.00
  - min_capacitance        0.00
  ------------------------------
    Slack                  0.00  (VIOLATED: increase significant digits)


    Net: io_c_28[14]

    Capacitance            0.00
  - min_capacitance        0.00
  ------------------------------
    Slack                  0.00  (VIOLATED: increase significant digits)


    Net: io_c_28[15]

    Capacitance            0.00
  - min_capacitance        0.00
  ------------------------------
    Slack                  0.00  (VIOLATED: increase significant digits)


    Net: io_c_28[16]

    Capacitance            0.00
  - min_capacitance        0.00
  ------------------------------
    Slack                  0.00  (VIOLATED: increase significant digits)


    Net: io_c_28[17]

    Capacitance            0.00
  - min_capacitance        0.00
  ------------------------------
    Slack                  0.00  (VIOLATED: increase significant digits)


    Net: io_c_28[18]

    Capacitance            0.00
  - min_capacitance        0.00
  ------------------------------
    Slack                  0.00  (VIOLATED: increase significant digits)


    Net: io_c_28[19]

    Capacitance            0.00
  - min_capacitance        0.00
  ------------------------------
    Slack                  0.00  (VIOLATED: increase significant digits)


    Net: io_c_28[20]

    Capacitance            0.00
  - min_capacitance        0.00
  ------------------------------
    Slack                  0.00  (VIOLATED: increase significant digits)


    Net: io_c_28[21]

    Capacitance            0.00
  - min_capacitance        0.00
  ------------------------------
    Slack                  0.00  (VIOLATED: increase significant digits)


    Net: io_c_28[22]

    Capacitance            0.00
  - min_capacitance        0.00
  ------------------------------
    Slack                  0.00  (VIOLATED: increase significant digits)


    Net: io_c_28[23]

    Capacitance            0.00
  - min_capacitance        0.00
  ------------------------------
    Slack                  0.00  (VIOLATED: increase significant digits)


    Net: io_c_29[0]

    Capacitance            0.00
  - min_capacitance        0.00
  ------------------------------
    Slack                  0.00  (VIOLATED: increase significant digits)


    Net: io_c_29[1]

    Capacitance            0.00
  - min_capacitance        0.00
  ------------------------------
    Slack                  0.00  (VIOLATED: increase significant digits)


    Net: io_c_29[2]

    Capacitance            0.00
  - min_capacitance        0.00
  ------------------------------
    Slack                  0.00  (VIOLATED: increase significant digits)


    Net: io_c_29[3]

    Capacitance            0.00
  - min_capacitance        0.00
  ------------------------------
    Slack                  0.00  (VIOLATED: increase significant digits)


    Net: io_c_29[4]

    Capacitance            0.00
  - min_capacitance        0.00
  ------------------------------
    Slack                  0.00  (VIOLATED: increase significant digits)


    Net: io_c_29[5]

    Capacitance            0.00
  - min_capacitance        0.00
  ------------------------------
    Slack                  0.00  (VIOLATED: increase significant digits)


    Net: io_c_29[6]

    Capacitance            0.00
  - min_capacitance        0.00
  ------------------------------
    Slack                  0.00  (VIOLATED: increase significant digits)


    Net: io_c_29[7]

    Capacitance            0.00
  - min_capacitance        0.00
  ------------------------------
    Slack                  0.00  (VIOLATED: increase significant digits)


    Net: io_c_29[8]

    Capacitance            0.00
  - min_capacitance        0.00
  ------------------------------
    Slack                  0.00  (VIOLATED: increase significant digits)


    Net: io_c_29[9]

    Capacitance            0.00
  - min_capacitance        0.00
  ------------------------------
    Slack                  0.00  (VIOLATED: increase significant digits)


    Net: io_c_29[10]

    Capacitance            0.00
  - min_capacitance        0.00
  ------------------------------
    Slack                  0.00  (VIOLATED: increase significant digits)


    Net: io_c_29[11]

    Capacitance            0.00
  - min_capacitance        0.00
  ------------------------------
    Slack                  0.00  (VIOLATED: increase significant digits)


    Net: io_c_29[12]

    Capacitance            0.00
  - min_capacitance        0.00
  ------------------------------
    Slack                  0.00  (VIOLATED: increase significant digits)


    Net: io_c_29[13]

    Capacitance            0.00
  - min_capacitance        0.00
  ------------------------------
    Slack                  0.00  (VIOLATED: increase significant digits)


    Net: io_c_29[14]

    Capacitance            0.00
  - min_capacitance        0.00
  ------------------------------
    Slack                  0.00  (VIOLATED: increase significant digits)


    Net: io_c_29[15]

    Capacitance            0.00
  - min_capacitance        0.00
  ------------------------------
    Slack                  0.00  (VIOLATED: increase significant digits)


    Net: io_c_29[16]

    Capacitance            0.00
  - min_capacitance        0.00
  ------------------------------
    Slack                  0.00  (VIOLATED: increase significant digits)


    Net: io_c_29[17]

    Capacitance            0.00
  - min_capacitance        0.00
  ------------------------------
    Slack                  0.00  (VIOLATED: increase significant digits)


    Net: io_c_29[18]

    Capacitance            0.00
  - min_capacitance        0.00
  ------------------------------
    Slack                  0.00  (VIOLATED: increase significant digits)


    Net: io_c_29[19]

    Capacitance            0.00
  - min_capacitance        0.00
  ------------------------------
    Slack                  0.00  (VIOLATED: increase significant digits)


    Net: io_c_29[20]

    Capacitance            0.00
  - min_capacitance        0.00
  ------------------------------
    Slack                  0.00  (VIOLATED: increase significant digits)


    Net: io_c_29[21]

    Capacitance            0.00
  - min_capacitance        0.00
  ------------------------------
    Slack                  0.00  (VIOLATED: increase significant digits)


    Net: io_c_29[22]

    Capacitance            0.00
  - min_capacitance        0.00
  ------------------------------
    Slack                  0.00  (VIOLATED: increase significant digits)


    Net: io_c_29[23]

    Capacitance            0.00
  - min_capacitance        0.00
  ------------------------------
    Slack                  0.00  (VIOLATED: increase significant digits)


    Net: io_c_30[0]

    Capacitance            0.00
  - min_capacitance        0.00
  ------------------------------
    Slack                  0.00  (VIOLATED: increase significant digits)


    Net: io_c_30[1]

    Capacitance            0.00
  - min_capacitance        0.00
  ------------------------------
    Slack                  0.00  (VIOLATED: increase significant digits)


    Net: io_c_30[2]

    Capacitance            0.00
  - min_capacitance        0.00
  ------------------------------
    Slack                  0.00  (VIOLATED: increase significant digits)


    Net: io_c_30[3]

    Capacitance            0.00
  - min_capacitance        0.00
  ------------------------------
    Slack                  0.00  (VIOLATED: increase significant digits)


    Net: io_c_30[4]

    Capacitance            0.00
  - min_capacitance        0.00
  ------------------------------
    Slack                  0.00  (VIOLATED: increase significant digits)


    Net: io_c_30[5]

    Capacitance            0.00
  - min_capacitance        0.00
  ------------------------------
    Slack                  0.00  (VIOLATED: increase significant digits)


    Net: io_c_30[6]

    Capacitance            0.00
  - min_capacitance        0.00
  ------------------------------
    Slack                  0.00  (VIOLATED: increase significant digits)


    Net: io_c_30[7]

    Capacitance            0.00
  - min_capacitance        0.00
  ------------------------------
    Slack                  0.00  (VIOLATED: increase significant digits)


    Net: io_c_30[8]

    Capacitance            0.00
  - min_capacitance        0.00
  ------------------------------
    Slack                  0.00  (VIOLATED: increase significant digits)


    Net: io_c_30[9]

    Capacitance            0.00
  - min_capacitance        0.00
  ------------------------------
    Slack                  0.00  (VIOLATED: increase significant digits)


    Net: io_c_30[10]

    Capacitance            0.00
  - min_capacitance        0.00
  ------------------------------
    Slack                  0.00  (VIOLATED: increase significant digits)


    Net: io_c_30[11]

    Capacitance            0.00
  - min_capacitance        0.00
  ------------------------------
    Slack                  0.00  (VIOLATED: increase significant digits)


    Net: io_c_30[12]

    Capacitance            0.00
  - min_capacitance        0.00
  ------------------------------
    Slack                  0.00  (VIOLATED: increase significant digits)


    Net: io_c_30[13]

    Capacitance            0.00
  - min_capacitance        0.00
  ------------------------------
    Slack                  0.00  (VIOLATED: increase significant digits)


    Net: io_c_30[14]

    Capacitance            0.00
  - min_capacitance        0.00
  ------------------------------
    Slack                  0.00  (VIOLATED: increase significant digits)


    Net: io_c_30[15]

    Capacitance            0.00
  - min_capacitance        0.00
  ------------------------------
    Slack                  0.00  (VIOLATED: increase significant digits)


    Net: io_c_30[16]

    Capacitance            0.00
  - min_capacitance        0.00
  ------------------------------
    Slack                  0.00  (VIOLATED: increase significant digits)


    Net: io_c_30[17]

    Capacitance            0.00
  - min_capacitance        0.00
  ------------------------------
    Slack                  0.00  (VIOLATED: increase significant digits)


    Net: io_c_30[18]

    Capacitance            0.00
  - min_capacitance        0.00
  ------------------------------
    Slack                  0.00  (VIOLATED: increase significant digits)


    Net: io_c_30[19]

    Capacitance            0.00
  - min_capacitance        0.00
  ------------------------------
    Slack                  0.00  (VIOLATED: increase significant digits)


    Net: io_c_30[20]

    Capacitance            0.00
  - min_capacitance        0.00
  ------------------------------
    Slack                  0.00  (VIOLATED: increase significant digits)


    Net: io_c_30[21]

    Capacitance            0.00
  - min_capacitance        0.00
  ------------------------------
    Slack                  0.00  (VIOLATED: increase significant digits)


    Net: io_c_30[22]

    Capacitance            0.00
  - min_capacitance        0.00
  ------------------------------
    Slack                  0.00  (VIOLATED: increase significant digits)


    Net: io_c_30[23]

    Capacitance            0.00
  - min_capacitance        0.00
  ------------------------------
    Slack                  0.00  (VIOLATED: increase significant digits)


    Net: io_c_31[0]

    Capacitance            0.00
  - min_capacitance        0.00
  ------------------------------
    Slack                  0.00  (VIOLATED: increase significant digits)


    Net: io_c_31[1]

    Capacitance            0.00
  - min_capacitance        0.00
  ------------------------------
    Slack                  0.00  (VIOLATED: increase significant digits)


    Net: io_c_31[2]

    Capacitance            0.00
  - min_capacitance        0.00
  ------------------------------
    Slack                  0.00  (VIOLATED: increase significant digits)


    Net: io_c_31[3]

    Capacitance            0.00
  - min_capacitance        0.00
  ------------------------------
    Slack                  0.00  (VIOLATED: increase significant digits)


    Net: io_c_31[4]

    Capacitance            0.00
  - min_capacitance        0.00
  ------------------------------
    Slack                  0.00  (VIOLATED: increase significant digits)


    Net: io_c_31[5]

    Capacitance            0.00
  - min_capacitance        0.00
  ------------------------------
    Slack                  0.00  (VIOLATED: increase significant digits)


    Net: io_c_31[6]

    Capacitance            0.00
  - min_capacitance        0.00
  ------------------------------
    Slack                  0.00  (VIOLATED: increase significant digits)


    Net: io_c_31[7]

    Capacitance            0.00
  - min_capacitance        0.00
  ------------------------------
    Slack                  0.00  (VIOLATED: increase significant digits)


    Net: io_c_31[8]

    Capacitance            0.00
  - min_capacitance        0.00
  ------------------------------
    Slack                  0.00  (VIOLATED: increase significant digits)


    Net: io_c_31[9]

    Capacitance            0.00
  - min_capacitance        0.00
  ------------------------------
    Slack                  0.00  (VIOLATED: increase significant digits)


    Net: io_c_31[10]

    Capacitance            0.00
  - min_capacitance        0.00
  ------------------------------
    Slack                  0.00  (VIOLATED: increase significant digits)


    Net: io_c_31[11]

    Capacitance            0.00
  - min_capacitance        0.00
  ------------------------------
    Slack                  0.00  (VIOLATED: increase significant digits)


    Net: io_c_31[12]

    Capacitance            0.00
  - min_capacitance        0.00
  ------------------------------
    Slack                  0.00  (VIOLATED: increase significant digits)


    Net: io_c_31[13]

    Capacitance            0.00
  - min_capacitance        0.00
  ------------------------------
    Slack                  0.00  (VIOLATED: increase significant digits)


    Net: io_c_31[14]

    Capacitance            0.00
  - min_capacitance        0.00
  ------------------------------
    Slack                  0.00  (VIOLATED: increase significant digits)


    Net: io_c_31[15]

    Capacitance            0.00
  - min_capacitance        0.00
  ------------------------------
    Slack                  0.00  (VIOLATED: increase significant digits)


    Net: io_c_31[16]

    Capacitance            0.00
  - min_capacitance        0.00
  ------------------------------
    Slack                  0.00  (VIOLATED: increase significant digits)


    Net: io_c_31[17]

    Capacitance            0.00
  - min_capacitance        0.00
  ------------------------------
    Slack                  0.00  (VIOLATED: increase significant digits)


    Net: io_c_31[18]

    Capacitance            0.00
  - min_capacitance        0.00
  ------------------------------
    Slack                  0.00  (VIOLATED: increase significant digits)


    Net: io_c_31[19]

    Capacitance            0.00
  - min_capacitance        0.00
  ------------------------------
    Slack                  0.00  (VIOLATED: increase significant digits)


    Net: io_c_31[20]

    Capacitance            0.00
  - min_capacitance        0.00
  ------------------------------
    Slack                  0.00  (VIOLATED: increase significant digits)


    Net: io_c_31[21]

    Capacitance            0.00
  - min_capacitance        0.00
  ------------------------------
    Slack                  0.00  (VIOLATED: increase significant digits)


    Net: io_c_31[22]

    Capacitance            0.00
  - min_capacitance        0.00
  ------------------------------
    Slack                  0.00  (VIOLATED: increase significant digits)


    Net: io_c_31[23]

    Capacitance            0.00
  - min_capacitance        0.00
  ------------------------------
    Slack                  0.00  (VIOLATED: increase significant digits)


    Net: io_c_32[0]

    Capacitance            0.00
  - min_capacitance        0.00
  ------------------------------
    Slack                  0.00  (VIOLATED: increase significant digits)


    Net: io_c_32[1]

    Capacitance            0.00
  - min_capacitance        0.00
  ------------------------------
    Slack                  0.00  (VIOLATED: increase significant digits)


    Net: io_c_32[2]

    Capacitance            0.00
  - min_capacitance        0.00
  ------------------------------
    Slack                  0.00  (VIOLATED: increase significant digits)


    Net: io_c_32[3]

    Capacitance            0.00
  - min_capacitance        0.00
  ------------------------------
    Slack                  0.00  (VIOLATED: increase significant digits)


    Net: io_c_32[4]

    Capacitance            0.00
  - min_capacitance        0.00
  ------------------------------
    Slack                  0.00  (VIOLATED: increase significant digits)


    Net: io_c_32[5]

    Capacitance            0.00
  - min_capacitance        0.00
  ------------------------------
    Slack                  0.00  (VIOLATED: increase significant digits)


    Net: io_c_32[6]

    Capacitance            0.00
  - min_capacitance        0.00
  ------------------------------
    Slack                  0.00  (VIOLATED: increase significant digits)


    Net: io_c_32[7]

    Capacitance            0.00
  - min_capacitance        0.00
  ------------------------------
    Slack                  0.00  (VIOLATED: increase significant digits)


    Net: io_c_32[8]

    Capacitance            0.00
  - min_capacitance        0.00
  ------------------------------
    Slack                  0.00  (VIOLATED: increase significant digits)


    Net: io_c_32[9]

    Capacitance            0.00
  - min_capacitance        0.00
  ------------------------------
    Slack                  0.00  (VIOLATED: increase significant digits)


    Net: io_c_32[10]

    Capacitance            0.00
  - min_capacitance        0.00
  ------------------------------
    Slack                  0.00  (VIOLATED: increase significant digits)


    Net: io_c_32[11]

    Capacitance            0.00
  - min_capacitance        0.00
  ------------------------------
    Slack                  0.00  (VIOLATED: increase significant digits)


    Net: io_c_32[12]

    Capacitance            0.00
  - min_capacitance        0.00
  ------------------------------
    Slack                  0.00  (VIOLATED: increase significant digits)


    Net: io_c_32[13]

    Capacitance            0.00
  - min_capacitance        0.00
  ------------------------------
    Slack                  0.00  (VIOLATED: increase significant digits)


    Net: io_c_32[14]

    Capacitance            0.00
  - min_capacitance        0.00
  ------------------------------
    Slack                  0.00  (VIOLATED: increase significant digits)


    Net: io_c_32[15]

    Capacitance            0.00
  - min_capacitance        0.00
  ------------------------------
    Slack                  0.00  (VIOLATED: increase significant digits)


    Net: io_c_32[16]

    Capacitance            0.00
  - min_capacitance        0.00
  ------------------------------
    Slack                  0.00  (VIOLATED: increase significant digits)


    Net: io_c_32[17]

    Capacitance            0.00
  - min_capacitance        0.00
  ------------------------------
    Slack                  0.00  (VIOLATED: increase significant digits)


    Net: io_c_32[18]

    Capacitance            0.00
  - min_capacitance        0.00
  ------------------------------
    Slack                  0.00  (VIOLATED: increase significant digits)


    Net: io_c_32[19]

    Capacitance            0.00
  - min_capacitance        0.00
  ------------------------------
    Slack                  0.00  (VIOLATED: increase significant digits)


    Net: io_c_32[20]

    Capacitance            0.00
  - min_capacitance        0.00
  ------------------------------
    Slack                  0.00  (VIOLATED: increase significant digits)


    Net: io_c_32[21]

    Capacitance            0.00
  - min_capacitance        0.00
  ------------------------------
    Slack                  0.00  (VIOLATED: increase significant digits)


    Net: io_c_32[22]

    Capacitance            0.00
  - min_capacitance        0.00
  ------------------------------
    Slack                  0.00  (VIOLATED: increase significant digits)


    Net: io_c_32[23]

    Capacitance            0.00
  - min_capacitance        0.00
  ------------------------------
    Slack                  0.00  (VIOLATED: increase significant digits)


    Net: io_c_33[0]

    Capacitance            0.00
  - min_capacitance        0.00
  ------------------------------
    Slack                  0.00  (VIOLATED: increase significant digits)


    Net: io_c_33[1]

    Capacitance            0.00
  - min_capacitance        0.00
  ------------------------------
    Slack                  0.00  (VIOLATED: increase significant digits)


    Net: io_c_33[2]

    Capacitance            0.00
  - min_capacitance        0.00
  ------------------------------
    Slack                  0.00  (VIOLATED: increase significant digits)


    Net: io_c_33[3]

    Capacitance            0.00
  - min_capacitance        0.00
  ------------------------------
    Slack                  0.00  (VIOLATED: increase significant digits)


    Net: io_c_33[4]

    Capacitance            0.00
  - min_capacitance        0.00
  ------------------------------
    Slack                  0.00  (VIOLATED: increase significant digits)


    Net: io_c_33[5]

    Capacitance            0.00
  - min_capacitance        0.00
  ------------------------------
    Slack                  0.00  (VIOLATED: increase significant digits)


    Net: io_c_33[6]

    Capacitance            0.00
  - min_capacitance        0.00
  ------------------------------
    Slack                  0.00  (VIOLATED: increase significant digits)


    Net: io_c_33[7]

    Capacitance            0.00
  - min_capacitance        0.00
  ------------------------------
    Slack                  0.00  (VIOLATED: increase significant digits)


    Net: io_c_33[8]

    Capacitance            0.00
  - min_capacitance        0.00
  ------------------------------
    Slack                  0.00  (VIOLATED: increase significant digits)


    Net: io_c_33[9]

    Capacitance            0.00
  - min_capacitance        0.00
  ------------------------------
    Slack                  0.00  (VIOLATED: increase significant digits)


    Net: io_c_33[10]

    Capacitance            0.00
  - min_capacitance        0.00
  ------------------------------
    Slack                  0.00  (VIOLATED: increase significant digits)


    Net: io_c_33[11]

    Capacitance            0.00
  - min_capacitance        0.00
  ------------------------------
    Slack                  0.00  (VIOLATED: increase significant digits)


    Net: io_c_33[12]

    Capacitance            0.00
  - min_capacitance        0.00
  ------------------------------
    Slack                  0.00  (VIOLATED: increase significant digits)


    Net: io_c_33[13]

    Capacitance            0.00
  - min_capacitance        0.00
  ------------------------------
    Slack                  0.00  (VIOLATED: increase significant digits)


    Net: io_c_33[14]

    Capacitance            0.00
  - min_capacitance        0.00
  ------------------------------
    Slack                  0.00  (VIOLATED: increase significant digits)


    Net: io_c_33[15]

    Capacitance            0.00
  - min_capacitance        0.00
  ------------------------------
    Slack                  0.00  (VIOLATED: increase significant digits)


    Net: io_c_33[16]

    Capacitance            0.00
  - min_capacitance        0.00
  ------------------------------
    Slack                  0.00  (VIOLATED: increase significant digits)


    Net: io_c_33[17]

    Capacitance            0.00
  - min_capacitance        0.00
  ------------------------------
    Slack                  0.00  (VIOLATED: increase significant digits)


    Net: io_c_33[18]

    Capacitance            0.00
  - min_capacitance        0.00
  ------------------------------
    Slack                  0.00  (VIOLATED: increase significant digits)


    Net: io_c_33[19]

    Capacitance            0.00
  - min_capacitance        0.00
  ------------------------------
    Slack                  0.00  (VIOLATED: increase significant digits)


    Net: io_c_33[20]

    Capacitance            0.00
  - min_capacitance        0.00
  ------------------------------
    Slack                  0.00  (VIOLATED: increase significant digits)


    Net: io_c_33[21]

    Capacitance            0.00
  - min_capacitance        0.00
  ------------------------------
    Slack                  0.00  (VIOLATED: increase significant digits)


    Net: io_c_33[22]

    Capacitance            0.00
  - min_capacitance        0.00
  ------------------------------
    Slack                  0.00  (VIOLATED: increase significant digits)


    Net: io_c_33[23]

    Capacitance            0.00
  - min_capacitance        0.00
  ------------------------------
    Slack                  0.00  (VIOLATED: increase significant digits)


    Net: io_c_34[0]

    Capacitance            0.00
  - min_capacitance        0.00
  ------------------------------
    Slack                  0.00  (VIOLATED: increase significant digits)


    Net: io_c_34[1]

    Capacitance            0.00
  - min_capacitance        0.00
  ------------------------------
    Slack                  0.00  (VIOLATED: increase significant digits)


    Net: io_c_34[2]

    Capacitance            0.00
  - min_capacitance        0.00
  ------------------------------
    Slack                  0.00  (VIOLATED: increase significant digits)


    Net: io_c_34[3]

    Capacitance            0.00
  - min_capacitance        0.00
  ------------------------------
    Slack                  0.00  (VIOLATED: increase significant digits)


    Net: io_c_34[4]

    Capacitance            0.00
  - min_capacitance        0.00
  ------------------------------
    Slack                  0.00  (VIOLATED: increase significant digits)


    Net: io_c_34[5]

    Capacitance            0.00
  - min_capacitance        0.00
  ------------------------------
    Slack                  0.00  (VIOLATED: increase significant digits)


    Net: io_c_34[6]

    Capacitance            0.00
  - min_capacitance        0.00
  ------------------------------
    Slack                  0.00  (VIOLATED: increase significant digits)


    Net: io_c_34[7]

    Capacitance            0.00
  - min_capacitance        0.00
  ------------------------------
    Slack                  0.00  (VIOLATED: increase significant digits)


    Net: io_c_34[8]

    Capacitance            0.00
  - min_capacitance        0.00
  ------------------------------
    Slack                  0.00  (VIOLATED: increase significant digits)


    Net: io_c_34[9]

    Capacitance            0.00
  - min_capacitance        0.00
  ------------------------------
    Slack                  0.00  (VIOLATED: increase significant digits)


    Net: io_c_34[10]

    Capacitance            0.00
  - min_capacitance        0.00
  ------------------------------
    Slack                  0.00  (VIOLATED: increase significant digits)


    Net: io_c_34[11]

    Capacitance            0.00
  - min_capacitance        0.00
  ------------------------------
    Slack                  0.00  (VIOLATED: increase significant digits)


    Net: io_c_34[12]

    Capacitance            0.00
  - min_capacitance        0.00
  ------------------------------
    Slack                  0.00  (VIOLATED: increase significant digits)


    Net: io_c_34[13]

    Capacitance            0.00
  - min_capacitance        0.00
  ------------------------------
    Slack                  0.00  (VIOLATED: increase significant digits)


    Net: io_c_34[14]

    Capacitance            0.00
  - min_capacitance        0.00
  ------------------------------
    Slack                  0.00  (VIOLATED: increase significant digits)


    Net: io_c_34[15]

    Capacitance            0.00
  - min_capacitance        0.00
  ------------------------------
    Slack                  0.00  (VIOLATED: increase significant digits)


    Net: io_c_34[16]

    Capacitance            0.00
  - min_capacitance        0.00
  ------------------------------
    Slack                  0.00  (VIOLATED: increase significant digits)


    Net: io_c_34[17]

    Capacitance            0.00
  - min_capacitance        0.00
  ------------------------------
    Slack                  0.00  (VIOLATED: increase significant digits)


    Net: io_c_34[18]

    Capacitance            0.00
  - min_capacitance        0.00
  ------------------------------
    Slack                  0.00  (VIOLATED: increase significant digits)


    Net: io_c_34[19]

    Capacitance            0.00
  - min_capacitance        0.00
  ------------------------------
    Slack                  0.00  (VIOLATED: increase significant digits)


    Net: io_c_34[20]

    Capacitance            0.00
  - min_capacitance        0.00
  ------------------------------
    Slack                  0.00  (VIOLATED: increase significant digits)


    Net: io_c_34[21]

    Capacitance            0.00
  - min_capacitance        0.00
  ------------------------------
    Slack                  0.00  (VIOLATED: increase significant digits)


    Net: io_c_34[22]

    Capacitance            0.00
  - min_capacitance        0.00
  ------------------------------
    Slack                  0.00  (VIOLATED: increase significant digits)


    Net: io_c_34[23]

    Capacitance            0.00
  - min_capacitance        0.00
  ------------------------------
    Slack                  0.00  (VIOLATED: increase significant digits)


    Net: io_c_35[0]

    Capacitance            0.00
  - min_capacitance        0.00
  ------------------------------
    Slack                  0.00  (VIOLATED: increase significant digits)


    Net: io_c_35[1]

    Capacitance            0.00
  - min_capacitance        0.00
  ------------------------------
    Slack                  0.00  (VIOLATED: increase significant digits)


    Net: io_c_35[2]

    Capacitance            0.00
  - min_capacitance        0.00
  ------------------------------
    Slack                  0.00  (VIOLATED: increase significant digits)


    Net: io_c_35[3]

    Capacitance            0.00
  - min_capacitance        0.00
  ------------------------------
    Slack                  0.00  (VIOLATED: increase significant digits)


    Net: io_c_35[4]

    Capacitance            0.00
  - min_capacitance        0.00
  ------------------------------
    Slack                  0.00  (VIOLATED: increase significant digits)


    Net: io_c_35[5]

    Capacitance            0.00
  - min_capacitance        0.00
  ------------------------------
    Slack                  0.00  (VIOLATED: increase significant digits)


    Net: io_c_35[6]

    Capacitance            0.00
  - min_capacitance        0.00
  ------------------------------
    Slack                  0.00  (VIOLATED: increase significant digits)


    Net: io_c_35[7]

    Capacitance            0.00
  - min_capacitance        0.00
  ------------------------------
    Slack                  0.00  (VIOLATED: increase significant digits)


    Net: io_c_35[8]

    Capacitance            0.00
  - min_capacitance        0.00
  ------------------------------
    Slack                  0.00  (VIOLATED: increase significant digits)


    Net: io_c_35[9]

    Capacitance            0.00
  - min_capacitance        0.00
  ------------------------------
    Slack                  0.00  (VIOLATED: increase significant digits)


    Net: io_c_35[10]

    Capacitance            0.00
  - min_capacitance        0.00
  ------------------------------
    Slack                  0.00  (VIOLATED: increase significant digits)


    Net: io_c_35[11]

    Capacitance            0.00
  - min_capacitance        0.00
  ------------------------------
    Slack                  0.00  (VIOLATED: increase significant digits)


    Net: io_c_35[12]

    Capacitance            0.00
  - min_capacitance        0.00
  ------------------------------
    Slack                  0.00  (VIOLATED: increase significant digits)


    Net: io_c_35[13]

    Capacitance            0.00
  - min_capacitance        0.00
  ------------------------------
    Slack                  0.00  (VIOLATED: increase significant digits)


    Net: io_c_35[14]

    Capacitance            0.00
  - min_capacitance        0.00
  ------------------------------
    Slack                  0.00  (VIOLATED: increase significant digits)


    Net: io_c_35[15]

    Capacitance            0.00
  - min_capacitance        0.00
  ------------------------------
    Slack                  0.00  (VIOLATED: increase significant digits)


    Net: io_c_35[16]

    Capacitance            0.00
  - min_capacitance        0.00
  ------------------------------
    Slack                  0.00  (VIOLATED: increase significant digits)


    Net: io_c_35[17]

    Capacitance            0.00
  - min_capacitance        0.00
  ------------------------------
    Slack                  0.00  (VIOLATED: increase significant digits)


    Net: io_c_35[18]

    Capacitance            0.00
  - min_capacitance        0.00
  ------------------------------
    Slack                  0.00  (VIOLATED: increase significant digits)


    Net: io_c_35[19]

    Capacitance            0.00
  - min_capacitance        0.00
  ------------------------------
    Slack                  0.00  (VIOLATED: increase significant digits)


    Net: io_c_35[20]

    Capacitance            0.00
  - min_capacitance        0.00
  ------------------------------
    Slack                  0.00  (VIOLATED: increase significant digits)


    Net: io_c_35[21]

    Capacitance            0.00
  - min_capacitance        0.00
  ------------------------------
    Slack                  0.00  (VIOLATED: increase significant digits)


    Net: io_c_35[22]

    Capacitance            0.00
  - min_capacitance        0.00
  ------------------------------
    Slack                  0.00  (VIOLATED: increase significant digits)


    Net: io_c_35[23]

    Capacitance            0.00
  - min_capacitance        0.00
  ------------------------------
    Slack                  0.00  (VIOLATED: increase significant digits)


    Net: io_c_36[0]

    Capacitance            0.00
  - min_capacitance        0.00
  ------------------------------
    Slack                  0.00  (VIOLATED: increase significant digits)


    Net: io_c_36[1]

    Capacitance            0.00
  - min_capacitance        0.00
  ------------------------------
    Slack                  0.00  (VIOLATED: increase significant digits)


    Net: io_c_36[2]

    Capacitance            0.00
  - min_capacitance        0.00
  ------------------------------
    Slack                  0.00  (VIOLATED: increase significant digits)


    Net: io_c_36[3]

    Capacitance            0.00
  - min_capacitance        0.00
  ------------------------------
    Slack                  0.00  (VIOLATED: increase significant digits)


    Net: io_c_36[4]

    Capacitance            0.00
  - min_capacitance        0.00
  ------------------------------
    Slack                  0.00  (VIOLATED: increase significant digits)


    Net: io_c_36[5]

    Capacitance            0.00
  - min_capacitance        0.00
  ------------------------------
    Slack                  0.00  (VIOLATED: increase significant digits)


    Net: io_c_36[6]

    Capacitance            0.00
  - min_capacitance        0.00
  ------------------------------
    Slack                  0.00  (VIOLATED: increase significant digits)


    Net: io_c_36[7]

    Capacitance            0.00
  - min_capacitance        0.00
  ------------------------------
    Slack                  0.00  (VIOLATED: increase significant digits)


    Net: io_c_36[8]

    Capacitance            0.00
  - min_capacitance        0.00
  ------------------------------
    Slack                  0.00  (VIOLATED: increase significant digits)


    Net: io_c_36[9]

    Capacitance            0.00
  - min_capacitance        0.00
  ------------------------------
    Slack                  0.00  (VIOLATED: increase significant digits)


    Net: io_c_36[10]

    Capacitance            0.00
  - min_capacitance        0.00
  ------------------------------
    Slack                  0.00  (VIOLATED: increase significant digits)


    Net: io_c_36[11]

    Capacitance            0.00
  - min_capacitance        0.00
  ------------------------------
    Slack                  0.00  (VIOLATED: increase significant digits)


    Net: io_c_36[12]

    Capacitance            0.00
  - min_capacitance        0.00
  ------------------------------
    Slack                  0.00  (VIOLATED: increase significant digits)


    Net: io_c_36[13]

    Capacitance            0.00
  - min_capacitance        0.00
  ------------------------------
    Slack                  0.00  (VIOLATED: increase significant digits)


    Net: io_c_36[14]

    Capacitance            0.00
  - min_capacitance        0.00
  ------------------------------
    Slack                  0.00  (VIOLATED: increase significant digits)


    Net: io_c_36[15]

    Capacitance            0.00
  - min_capacitance        0.00
  ------------------------------
    Slack                  0.00  (VIOLATED: increase significant digits)


    Net: io_c_36[16]

    Capacitance            0.00
  - min_capacitance        0.00
  ------------------------------
    Slack                  0.00  (VIOLATED: increase significant digits)


    Net: io_c_36[17]

    Capacitance            0.00
  - min_capacitance        0.00
  ------------------------------
    Slack                  0.00  (VIOLATED: increase significant digits)


    Net: io_c_36[18]

    Capacitance            0.00
  - min_capacitance        0.00
  ------------------------------
    Slack                  0.00  (VIOLATED: increase significant digits)


    Net: io_c_36[19]

    Capacitance            0.00
  - min_capacitance        0.00
  ------------------------------
    Slack                  0.00  (VIOLATED: increase significant digits)


    Net: io_c_36[20]

    Capacitance            0.00
  - min_capacitance        0.00
  ------------------------------
    Slack                  0.00  (VIOLATED: increase significant digits)


    Net: io_c_36[21]

    Capacitance            0.00
  - min_capacitance        0.00
  ------------------------------
    Slack                  0.00  (VIOLATED: increase significant digits)


    Net: io_c_36[22]

    Capacitance            0.00
  - min_capacitance        0.00
  ------------------------------
    Slack                  0.00  (VIOLATED: increase significant digits)


    Net: io_c_36[23]

    Capacitance            0.00
  - min_capacitance        0.00
  ------------------------------
    Slack                  0.00  (VIOLATED: increase significant digits)


    Net: io_c_37[0]

    Capacitance            0.00
  - min_capacitance        0.00
  ------------------------------
    Slack                  0.00  (VIOLATED: increase significant digits)


    Net: io_c_37[1]

    Capacitance            0.00
  - min_capacitance        0.00
  ------------------------------
    Slack                  0.00  (VIOLATED: increase significant digits)


    Net: io_c_37[2]

    Capacitance            0.00
  - min_capacitance        0.00
  ------------------------------
    Slack                  0.00  (VIOLATED: increase significant digits)


    Net: io_c_37[3]

    Capacitance            0.00
  - min_capacitance        0.00
  ------------------------------
    Slack                  0.00  (VIOLATED: increase significant digits)


    Net: io_c_37[4]

    Capacitance            0.00
  - min_capacitance        0.00
  ------------------------------
    Slack                  0.00  (VIOLATED: increase significant digits)


    Net: io_c_37[5]

    Capacitance            0.00
  - min_capacitance        0.00
  ------------------------------
    Slack                  0.00  (VIOLATED: increase significant digits)


    Net: io_c_37[6]

    Capacitance            0.00
  - min_capacitance        0.00
  ------------------------------
    Slack                  0.00  (VIOLATED: increase significant digits)


    Net: io_c_37[7]

    Capacitance            0.00
  - min_capacitance        0.00
  ------------------------------
    Slack                  0.00  (VIOLATED: increase significant digits)


    Net: io_c_37[8]

    Capacitance            0.00
  - min_capacitance        0.00
  ------------------------------
    Slack                  0.00  (VIOLATED: increase significant digits)


    Net: io_c_37[9]

    Capacitance            0.00
  - min_capacitance        0.00
  ------------------------------
    Slack                  0.00  (VIOLATED: increase significant digits)


    Net: io_c_37[10]

    Capacitance            0.00
  - min_capacitance        0.00
  ------------------------------
    Slack                  0.00  (VIOLATED: increase significant digits)


    Net: io_c_37[11]

    Capacitance            0.00
  - min_capacitance        0.00
  ------------------------------
    Slack                  0.00  (VIOLATED: increase significant digits)


    Net: io_c_37[12]

    Capacitance            0.00
  - min_capacitance        0.00
  ------------------------------
    Slack                  0.00  (VIOLATED: increase significant digits)


    Net: io_c_37[13]

    Capacitance            0.00
  - min_capacitance        0.00
  ------------------------------
    Slack                  0.00  (VIOLATED: increase significant digits)


    Net: io_c_37[14]

    Capacitance            0.00
  - min_capacitance        0.00
  ------------------------------
    Slack                  0.00  (VIOLATED: increase significant digits)


    Net: io_c_37[15]

    Capacitance            0.00
  - min_capacitance        0.00
  ------------------------------
    Slack                  0.00  (VIOLATED: increase significant digits)


    Net: io_c_37[16]

    Capacitance            0.00
  - min_capacitance        0.00
  ------------------------------
    Slack                  0.00  (VIOLATED: increase significant digits)


    Net: io_c_37[17]

    Capacitance            0.00
  - min_capacitance        0.00
  ------------------------------
    Slack                  0.00  (VIOLATED: increase significant digits)


    Net: io_c_37[18]

    Capacitance            0.00
  - min_capacitance        0.00
  ------------------------------
    Slack                  0.00  (VIOLATED: increase significant digits)


    Net: io_c_37[19]

    Capacitance            0.00
  - min_capacitance        0.00
  ------------------------------
    Slack                  0.00  (VIOLATED: increase significant digits)


    Net: io_c_37[20]

    Capacitance            0.00
  - min_capacitance        0.00
  ------------------------------
    Slack                  0.00  (VIOLATED: increase significant digits)


    Net: io_c_37[21]

    Capacitance            0.00
  - min_capacitance        0.00
  ------------------------------
    Slack                  0.00  (VIOLATED: increase significant digits)


    Net: io_c_37[22]

    Capacitance            0.00
  - min_capacitance        0.00
  ------------------------------
    Slack                  0.00  (VIOLATED: increase significant digits)


    Net: io_c_37[23]

    Capacitance            0.00
  - min_capacitance        0.00
  ------------------------------
    Slack                  0.00  (VIOLATED: increase significant digits)


    Net: io_c_38[0]

    Capacitance            0.00
  - min_capacitance        0.00
  ------------------------------
    Slack                  0.00  (VIOLATED: increase significant digits)


    Net: io_c_38[1]

    Capacitance            0.00
  - min_capacitance        0.00
  ------------------------------
    Slack                  0.00  (VIOLATED: increase significant digits)


    Net: io_c_38[2]

    Capacitance            0.00
  - min_capacitance        0.00
  ------------------------------
    Slack                  0.00  (VIOLATED: increase significant digits)


    Net: io_c_38[3]

    Capacitance            0.00
  - min_capacitance        0.00
  ------------------------------
    Slack                  0.00  (VIOLATED: increase significant digits)


    Net: io_c_38[4]

    Capacitance            0.00
  - min_capacitance        0.00
  ------------------------------
    Slack                  0.00  (VIOLATED: increase significant digits)


    Net: io_c_38[5]

    Capacitance            0.00
  - min_capacitance        0.00
  ------------------------------
    Slack                  0.00  (VIOLATED: increase significant digits)


    Net: io_c_38[6]

    Capacitance            0.00
  - min_capacitance        0.00
  ------------------------------
    Slack                  0.00  (VIOLATED: increase significant digits)


    Net: io_c_38[7]

    Capacitance            0.00
  - min_capacitance        0.00
  ------------------------------
    Slack                  0.00  (VIOLATED: increase significant digits)


    Net: io_c_38[8]

    Capacitance            0.00
  - min_capacitance        0.00
  ------------------------------
    Slack                  0.00  (VIOLATED: increase significant digits)


    Net: io_c_38[9]

    Capacitance            0.00
  - min_capacitance        0.00
  ------------------------------
    Slack                  0.00  (VIOLATED: increase significant digits)


    Net: io_c_38[10]

    Capacitance            0.00
  - min_capacitance        0.00
  ------------------------------
    Slack                  0.00  (VIOLATED: increase significant digits)


    Net: io_c_38[11]

    Capacitance            0.00
  - min_capacitance        0.00
  ------------------------------
    Slack                  0.00  (VIOLATED: increase significant digits)


    Net: io_c_38[12]

    Capacitance            0.00
  - min_capacitance        0.00
  ------------------------------
    Slack                  0.00  (VIOLATED: increase significant digits)


    Net: io_c_38[13]

    Capacitance            0.00
  - min_capacitance        0.00
  ------------------------------
    Slack                  0.00  (VIOLATED: increase significant digits)


    Net: io_c_38[14]

    Capacitance            0.00
  - min_capacitance        0.00
  ------------------------------
    Slack                  0.00  (VIOLATED: increase significant digits)


    Net: io_c_38[15]

    Capacitance            0.00
  - min_capacitance        0.00
  ------------------------------
    Slack                  0.00  (VIOLATED: increase significant digits)


    Net: io_c_38[16]

    Capacitance            0.00
  - min_capacitance        0.00
  ------------------------------
    Slack                  0.00  (VIOLATED: increase significant digits)


    Net: io_c_38[17]

    Capacitance            0.00
  - min_capacitance        0.00
  ------------------------------
    Slack                  0.00  (VIOLATED: increase significant digits)


    Net: io_c_38[18]

    Capacitance            0.00
  - min_capacitance        0.00
  ------------------------------
    Slack                  0.00  (VIOLATED: increase significant digits)


    Net: io_c_38[19]

    Capacitance            0.00
  - min_capacitance        0.00
  ------------------------------
    Slack                  0.00  (VIOLATED: increase significant digits)


    Net: io_c_38[20]

    Capacitance            0.00
  - min_capacitance        0.00
  ------------------------------
    Slack                  0.00  (VIOLATED: increase significant digits)


    Net: io_c_38[21]

    Capacitance            0.00
  - min_capacitance        0.00
  ------------------------------
    Slack                  0.00  (VIOLATED: increase significant digits)


    Net: io_c_38[22]

    Capacitance            0.00
  - min_capacitance        0.00
  ------------------------------
    Slack                  0.00  (VIOLATED: increase significant digits)


    Net: io_c_38[23]

    Capacitance            0.00
  - min_capacitance        0.00
  ------------------------------
    Slack                  0.00  (VIOLATED: increase significant digits)


    Net: io_c_39[0]

    Capacitance            0.00
  - min_capacitance        0.00
  ------------------------------
    Slack                  0.00  (VIOLATED: increase significant digits)


    Net: io_c_39[1]

    Capacitance            0.00
  - min_capacitance        0.00
  ------------------------------
    Slack                  0.00  (VIOLATED: increase significant digits)


    Net: io_c_39[2]

    Capacitance            0.00
  - min_capacitance        0.00
  ------------------------------
    Slack                  0.00  (VIOLATED: increase significant digits)


    Net: io_c_39[3]

    Capacitance            0.00
  - min_capacitance        0.00
  ------------------------------
    Slack                  0.00  (VIOLATED: increase significant digits)


    Net: io_c_39[4]

    Capacitance            0.00
  - min_capacitance        0.00
  ------------------------------
    Slack                  0.00  (VIOLATED: increase significant digits)


    Net: io_c_39[5]

    Capacitance            0.00
  - min_capacitance        0.00
  ------------------------------
    Slack                  0.00  (VIOLATED: increase significant digits)


    Net: io_c_39[6]

    Capacitance            0.00
  - min_capacitance        0.00
  ------------------------------
    Slack                  0.00  (VIOLATED: increase significant digits)


    Net: io_c_39[7]

    Capacitance            0.00
  - min_capacitance        0.00
  ------------------------------
    Slack                  0.00  (VIOLATED: increase significant digits)


    Net: io_c_39[8]

    Capacitance            0.00
  - min_capacitance        0.00
  ------------------------------
    Slack                  0.00  (VIOLATED: increase significant digits)


    Net: io_c_39[9]

    Capacitance            0.00
  - min_capacitance        0.00
  ------------------------------
    Slack                  0.00  (VIOLATED: increase significant digits)


    Net: io_c_39[10]

    Capacitance            0.00
  - min_capacitance        0.00
  ------------------------------
    Slack                  0.00  (VIOLATED: increase significant digits)


    Net: io_c_39[11]

    Capacitance            0.00
  - min_capacitance        0.00
  ------------------------------
    Slack                  0.00  (VIOLATED: increase significant digits)


    Net: io_c_39[12]

    Capacitance            0.00
  - min_capacitance        0.00
  ------------------------------
    Slack                  0.00  (VIOLATED: increase significant digits)


    Net: io_c_39[13]

    Capacitance            0.00
  - min_capacitance        0.00
  ------------------------------
    Slack                  0.00  (VIOLATED: increase significant digits)


    Net: io_c_39[14]

    Capacitance            0.00
  - min_capacitance        0.00
  ------------------------------
    Slack                  0.00  (VIOLATED: increase significant digits)


    Net: io_c_39[15]

    Capacitance            0.00
  - min_capacitance        0.00
  ------------------------------
    Slack                  0.00  (VIOLATED: increase significant digits)


    Net: io_c_39[16]

    Capacitance            0.00
  - min_capacitance        0.00
  ------------------------------
    Slack                  0.00  (VIOLATED: increase significant digits)


    Net: io_c_39[17]

    Capacitance            0.00
  - min_capacitance        0.00
  ------------------------------
    Slack                  0.00  (VIOLATED: increase significant digits)


    Net: io_c_39[18]

    Capacitance            0.00
  - min_capacitance        0.00
  ------------------------------
    Slack                  0.00  (VIOLATED: increase significant digits)


    Net: io_c_39[19]

    Capacitance            0.00
  - min_capacitance        0.00
  ------------------------------
    Slack                  0.00  (VIOLATED: increase significant digits)


    Net: io_c_39[20]

    Capacitance            0.00
  - min_capacitance        0.00
  ------------------------------
    Slack                  0.00  (VIOLATED: increase significant digits)


    Net: io_c_39[21]

    Capacitance            0.00
  - min_capacitance        0.00
  ------------------------------
    Slack                  0.00  (VIOLATED: increase significant digits)


    Net: io_c_39[22]

    Capacitance            0.00
  - min_capacitance        0.00
  ------------------------------
    Slack                  0.00  (VIOLATED: increase significant digits)


    Net: io_c_39[23]

    Capacitance            0.00
  - min_capacitance        0.00
  ------------------------------
    Slack                  0.00  (VIOLATED: increase significant digits)


    Net: io_c_40[0]

    Capacitance            0.00
  - min_capacitance        0.00
  ------------------------------
    Slack                  0.00  (VIOLATED: increase significant digits)


    Net: io_c_40[1]

    Capacitance            0.00
  - min_capacitance        0.00
  ------------------------------
    Slack                  0.00  (VIOLATED: increase significant digits)


    Net: io_c_40[2]

    Capacitance            0.00
  - min_capacitance        0.00
  ------------------------------
    Slack                  0.00  (VIOLATED: increase significant digits)


    Net: io_c_40[3]

    Capacitance            0.00
  - min_capacitance        0.00
  ------------------------------
    Slack                  0.00  (VIOLATED: increase significant digits)


    Net: io_c_40[4]

    Capacitance            0.00
  - min_capacitance        0.00
  ------------------------------
    Slack                  0.00  (VIOLATED: increase significant digits)


    Net: io_c_40[5]

    Capacitance            0.00
  - min_capacitance        0.00
  ------------------------------
    Slack                  0.00  (VIOLATED: increase significant digits)


    Net: io_c_40[6]

    Capacitance            0.00
  - min_capacitance        0.00
  ------------------------------
    Slack                  0.00  (VIOLATED: increase significant digits)


    Net: io_c_40[7]

    Capacitance            0.00
  - min_capacitance        0.00
  ------------------------------
    Slack                  0.00  (VIOLATED: increase significant digits)


    Net: io_c_40[8]

    Capacitance            0.00
  - min_capacitance        0.00
  ------------------------------
    Slack                  0.00  (VIOLATED: increase significant digits)


    Net: io_c_40[9]

    Capacitance            0.00
  - min_capacitance        0.00
  ------------------------------
    Slack                  0.00  (VIOLATED: increase significant digits)


    Net: io_c_40[10]

    Capacitance            0.00
  - min_capacitance        0.00
  ------------------------------
    Slack                  0.00  (VIOLATED: increase significant digits)


    Net: io_c_40[11]

    Capacitance            0.00
  - min_capacitance        0.00
  ------------------------------
    Slack                  0.00  (VIOLATED: increase significant digits)


    Net: io_c_40[12]

    Capacitance            0.00
  - min_capacitance        0.00
  ------------------------------
    Slack                  0.00  (VIOLATED: increase significant digits)


    Net: io_c_40[13]

    Capacitance            0.00
  - min_capacitance        0.00
  ------------------------------
    Slack                  0.00  (VIOLATED: increase significant digits)


    Net: io_c_40[14]

    Capacitance            0.00
  - min_capacitance        0.00
  ------------------------------
    Slack                  0.00  (VIOLATED: increase significant digits)


    Net: io_c_40[15]

    Capacitance            0.00
  - min_capacitance        0.00
  ------------------------------
    Slack                  0.00  (VIOLATED: increase significant digits)


    Net: io_c_40[16]

    Capacitance            0.00
  - min_capacitance        0.00
  ------------------------------
    Slack                  0.00  (VIOLATED: increase significant digits)


    Net: io_c_40[17]

    Capacitance            0.00
  - min_capacitance        0.00
  ------------------------------
    Slack                  0.00  (VIOLATED: increase significant digits)


    Net: io_c_40[18]

    Capacitance            0.00
  - min_capacitance        0.00
  ------------------------------
    Slack                  0.00  (VIOLATED: increase significant digits)


    Net: io_c_40[19]

    Capacitance            0.00
  - min_capacitance        0.00
  ------------------------------
    Slack                  0.00  (VIOLATED: increase significant digits)


    Net: io_c_40[20]

    Capacitance            0.00
  - min_capacitance        0.00
  ------------------------------
    Slack                  0.00  (VIOLATED: increase significant digits)


    Net: io_c_40[21]

    Capacitance            0.00
  - min_capacitance        0.00
  ------------------------------
    Slack                  0.00  (VIOLATED: increase significant digits)


    Net: io_c_40[22]

    Capacitance            0.00
  - min_capacitance        0.00
  ------------------------------
    Slack                  0.00  (VIOLATED: increase significant digits)


    Net: io_c_40[23]

    Capacitance            0.00
  - min_capacitance        0.00
  ------------------------------
    Slack                  0.00  (VIOLATED: increase significant digits)


    Net: io_c_41[0]

    Capacitance            0.00
  - min_capacitance        0.00
  ------------------------------
    Slack                  0.00  (VIOLATED: increase significant digits)


    Net: io_c_41[1]

    Capacitance            0.00
  - min_capacitance        0.00
  ------------------------------
    Slack                  0.00  (VIOLATED: increase significant digits)


    Net: io_c_41[2]

    Capacitance            0.00
  - min_capacitance        0.00
  ------------------------------
    Slack                  0.00  (VIOLATED: increase significant digits)


    Net: io_c_41[3]

    Capacitance            0.00
  - min_capacitance        0.00
  ------------------------------
    Slack                  0.00  (VIOLATED: increase significant digits)


    Net: io_c_41[4]

    Capacitance            0.00
  - min_capacitance        0.00
  ------------------------------
    Slack                  0.00  (VIOLATED: increase significant digits)


    Net: io_c_41[5]

    Capacitance            0.00
  - min_capacitance        0.00
  ------------------------------
    Slack                  0.00  (VIOLATED: increase significant digits)


    Net: io_c_41[6]

    Capacitance            0.00
  - min_capacitance        0.00
  ------------------------------
    Slack                  0.00  (VIOLATED: increase significant digits)


    Net: io_c_41[7]

    Capacitance            0.00
  - min_capacitance        0.00
  ------------------------------
    Slack                  0.00  (VIOLATED: increase significant digits)


    Net: io_c_41[8]

    Capacitance            0.00
  - min_capacitance        0.00
  ------------------------------
    Slack                  0.00  (VIOLATED: increase significant digits)


    Net: io_c_41[9]

    Capacitance            0.00
  - min_capacitance        0.00
  ------------------------------
    Slack                  0.00  (VIOLATED: increase significant digits)


    Net: io_c_41[10]

    Capacitance            0.00
  - min_capacitance        0.00
  ------------------------------
    Slack                  0.00  (VIOLATED: increase significant digits)


    Net: io_c_41[11]

    Capacitance            0.00
  - min_capacitance        0.00
  ------------------------------
    Slack                  0.00  (VIOLATED: increase significant digits)


    Net: io_c_41[12]

    Capacitance            0.00
  - min_capacitance        0.00
  ------------------------------
    Slack                  0.00  (VIOLATED: increase significant digits)


    Net: io_c_41[13]

    Capacitance            0.00
  - min_capacitance        0.00
  ------------------------------
    Slack                  0.00  (VIOLATED: increase significant digits)


    Net: io_c_41[14]

    Capacitance            0.00
  - min_capacitance        0.00
  ------------------------------
    Slack                  0.00  (VIOLATED: increase significant digits)


    Net: io_c_41[15]

    Capacitance            0.00
  - min_capacitance        0.00
  ------------------------------
    Slack                  0.00  (VIOLATED: increase significant digits)


    Net: io_c_41[16]

    Capacitance            0.00
  - min_capacitance        0.00
  ------------------------------
    Slack                  0.00  (VIOLATED: increase significant digits)


    Net: io_c_41[17]

    Capacitance            0.00
  - min_capacitance        0.00
  ------------------------------
    Slack                  0.00  (VIOLATED: increase significant digits)


    Net: io_c_41[18]

    Capacitance            0.00
  - min_capacitance        0.00
  ------------------------------
    Slack                  0.00  (VIOLATED: increase significant digits)


    Net: io_c_41[19]

    Capacitance            0.00
  - min_capacitance        0.00
  ------------------------------
    Slack                  0.00  (VIOLATED: increase significant digits)


    Net: io_c_41[20]

    Capacitance            0.00
  - min_capacitance        0.00
  ------------------------------
    Slack                  0.00  (VIOLATED: increase significant digits)


    Net: io_c_41[21]

    Capacitance            0.00
  - min_capacitance        0.00
  ------------------------------
    Slack                  0.00  (VIOLATED: increase significant digits)


    Net: io_c_41[22]

    Capacitance            0.00
  - min_capacitance        0.00
  ------------------------------
    Slack                  0.00  (VIOLATED: increase significant digits)


    Net: io_c_41[23]

    Capacitance            0.00
  - min_capacitance        0.00
  ------------------------------
    Slack                  0.00  (VIOLATED: increase significant digits)


    Net: io_c_42[0]

    Capacitance            0.00
  - min_capacitance        0.00
  ------------------------------
    Slack                  0.00  (VIOLATED: increase significant digits)


    Net: io_c_42[1]

    Capacitance            0.00
  - min_capacitance        0.00
  ------------------------------
    Slack                  0.00  (VIOLATED: increase significant digits)


    Net: io_c_42[2]

    Capacitance            0.00
  - min_capacitance        0.00
  ------------------------------
    Slack                  0.00  (VIOLATED: increase significant digits)


    Net: io_c_42[3]

    Capacitance            0.00
  - min_capacitance        0.00
  ------------------------------
    Slack                  0.00  (VIOLATED: increase significant digits)


    Net: io_c_42[4]

    Capacitance            0.00
  - min_capacitance        0.00
  ------------------------------
    Slack                  0.00  (VIOLATED: increase significant digits)


    Net: io_c_42[5]

    Capacitance            0.00
  - min_capacitance        0.00
  ------------------------------
    Slack                  0.00  (VIOLATED: increase significant digits)


    Net: io_c_42[6]

    Capacitance            0.00
  - min_capacitance        0.00
  ------------------------------
    Slack                  0.00  (VIOLATED: increase significant digits)


    Net: io_c_42[7]

    Capacitance            0.00
  - min_capacitance        0.00
  ------------------------------
    Slack                  0.00  (VIOLATED: increase significant digits)


    Net: io_c_42[8]

    Capacitance            0.00
  - min_capacitance        0.00
  ------------------------------
    Slack                  0.00  (VIOLATED: increase significant digits)


    Net: io_c_42[9]

    Capacitance            0.00
  - min_capacitance        0.00
  ------------------------------
    Slack                  0.00  (VIOLATED: increase significant digits)


    Net: io_c_42[10]

    Capacitance            0.00
  - min_capacitance        0.00
  ------------------------------
    Slack                  0.00  (VIOLATED: increase significant digits)


    Net: io_c_42[11]

    Capacitance            0.00
  - min_capacitance        0.00
  ------------------------------
    Slack                  0.00  (VIOLATED: increase significant digits)


    Net: io_c_42[12]

    Capacitance            0.00
  - min_capacitance        0.00
  ------------------------------
    Slack                  0.00  (VIOLATED: increase significant digits)


    Net: io_c_42[13]

    Capacitance            0.00
  - min_capacitance        0.00
  ------------------------------
    Slack                  0.00  (VIOLATED: increase significant digits)


    Net: io_c_42[14]

    Capacitance            0.00
  - min_capacitance        0.00
  ------------------------------
    Slack                  0.00  (VIOLATED: increase significant digits)


    Net: io_c_42[15]

    Capacitance            0.00
  - min_capacitance        0.00
  ------------------------------
    Slack                  0.00  (VIOLATED: increase significant digits)


    Net: io_c_42[16]

    Capacitance            0.00
  - min_capacitance        0.00
  ------------------------------
    Slack                  0.00  (VIOLATED: increase significant digits)


    Net: io_c_42[17]

    Capacitance            0.00
  - min_capacitance        0.00
  ------------------------------
    Slack                  0.00  (VIOLATED: increase significant digits)


    Net: io_c_42[18]

    Capacitance            0.00
  - min_capacitance        0.00
  ------------------------------
    Slack                  0.00  (VIOLATED: increase significant digits)


    Net: io_c_42[19]

    Capacitance            0.00
  - min_capacitance        0.00
  ------------------------------
    Slack                  0.00  (VIOLATED: increase significant digits)


    Net: io_c_42[20]

    Capacitance            0.00
  - min_capacitance        0.00
  ------------------------------
    Slack                  0.00  (VIOLATED: increase significant digits)


    Net: io_c_42[21]

    Capacitance            0.00
  - min_capacitance        0.00
  ------------------------------
    Slack                  0.00  (VIOLATED: increase significant digits)


    Net: io_c_42[22]

    Capacitance            0.00
  - min_capacitance        0.00
  ------------------------------
    Slack                  0.00  (VIOLATED: increase significant digits)


    Net: io_c_42[23]

    Capacitance            0.00
  - min_capacitance        0.00
  ------------------------------
    Slack                  0.00  (VIOLATED: increase significant digits)


    Net: io_c_43[0]

    Capacitance            0.00
  - min_capacitance        0.00
  ------------------------------
    Slack                  0.00  (VIOLATED: increase significant digits)


    Net: io_c_43[1]

    Capacitance            0.00
  - min_capacitance        0.00
  ------------------------------
    Slack                  0.00  (VIOLATED: increase significant digits)


    Net: io_c_43[2]

    Capacitance            0.00
  - min_capacitance        0.00
  ------------------------------
    Slack                  0.00  (VIOLATED: increase significant digits)


    Net: io_c_43[3]

    Capacitance            0.00
  - min_capacitance        0.00
  ------------------------------
    Slack                  0.00  (VIOLATED: increase significant digits)


    Net: io_c_43[4]

    Capacitance            0.00
  - min_capacitance        0.00
  ------------------------------
    Slack                  0.00  (VIOLATED: increase significant digits)


    Net: io_c_43[5]

    Capacitance            0.00
  - min_capacitance        0.00
  ------------------------------
    Slack                  0.00  (VIOLATED: increase significant digits)


    Net: io_c_43[6]

    Capacitance            0.00
  - min_capacitance        0.00
  ------------------------------
    Slack                  0.00  (VIOLATED: increase significant digits)


    Net: io_c_43[7]

    Capacitance            0.00
  - min_capacitance        0.00
  ------------------------------
    Slack                  0.00  (VIOLATED: increase significant digits)


    Net: io_c_43[8]

    Capacitance            0.00
  - min_capacitance        0.00
  ------------------------------
    Slack                  0.00  (VIOLATED: increase significant digits)


    Net: io_c_43[9]

    Capacitance            0.00
  - min_capacitance        0.00
  ------------------------------
    Slack                  0.00  (VIOLATED: increase significant digits)


    Net: io_c_43[10]

    Capacitance            0.00
  - min_capacitance        0.00
  ------------------------------
    Slack                  0.00  (VIOLATED: increase significant digits)


    Net: io_c_43[11]

    Capacitance            0.00
  - min_capacitance        0.00
  ------------------------------
    Slack                  0.00  (VIOLATED: increase significant digits)


    Net: io_c_43[12]

    Capacitance            0.00
  - min_capacitance        0.00
  ------------------------------
    Slack                  0.00  (VIOLATED: increase significant digits)


    Net: io_c_43[13]

    Capacitance            0.00
  - min_capacitance        0.00
  ------------------------------
    Slack                  0.00  (VIOLATED: increase significant digits)


    Net: io_c_43[14]

    Capacitance            0.00
  - min_capacitance        0.00
  ------------------------------
    Slack                  0.00  (VIOLATED: increase significant digits)


    Net: io_c_43[15]

    Capacitance            0.00
  - min_capacitance        0.00
  ------------------------------
    Slack                  0.00  (VIOLATED: increase significant digits)


    Net: io_c_43[16]

    Capacitance            0.00
  - min_capacitance        0.00
  ------------------------------
    Slack                  0.00  (VIOLATED: increase significant digits)


    Net: io_c_43[17]

    Capacitance            0.00
  - min_capacitance        0.00
  ------------------------------
    Slack                  0.00  (VIOLATED: increase significant digits)


    Net: io_c_43[18]

    Capacitance            0.00
  - min_capacitance        0.00
  ------------------------------
    Slack                  0.00  (VIOLATED: increase significant digits)


    Net: io_c_43[19]

    Capacitance            0.00
  - min_capacitance        0.00
  ------------------------------
    Slack                  0.00  (VIOLATED: increase significant digits)


    Net: io_c_43[20]

    Capacitance            0.00
  - min_capacitance        0.00
  ------------------------------
    Slack                  0.00  (VIOLATED: increase significant digits)


    Net: io_c_43[21]

    Capacitance            0.00
  - min_capacitance        0.00
  ------------------------------
    Slack                  0.00  (VIOLATED: increase significant digits)


    Net: io_c_43[22]

    Capacitance            0.00
  - min_capacitance        0.00
  ------------------------------
    Slack                  0.00  (VIOLATED: increase significant digits)


    Net: io_c_43[23]

    Capacitance            0.00
  - min_capacitance        0.00
  ------------------------------
    Slack                  0.00  (VIOLATED: increase significant digits)


    Net: io_c_44[0]

    Capacitance            0.00
  - min_capacitance        0.00
  ------------------------------
    Slack                  0.00  (VIOLATED: increase significant digits)


    Net: io_c_44[1]

    Capacitance            0.00
  - min_capacitance        0.00
  ------------------------------
    Slack                  0.00  (VIOLATED: increase significant digits)


    Net: io_c_44[2]

    Capacitance            0.00
  - min_capacitance        0.00
  ------------------------------
    Slack                  0.00  (VIOLATED: increase significant digits)


    Net: io_c_44[3]

    Capacitance            0.00
  - min_capacitance        0.00
  ------------------------------
    Slack                  0.00  (VIOLATED: increase significant digits)


    Net: io_c_44[4]

    Capacitance            0.00
  - min_capacitance        0.00
  ------------------------------
    Slack                  0.00  (VIOLATED: increase significant digits)


    Net: io_c_44[5]

    Capacitance            0.00
  - min_capacitance        0.00
  ------------------------------
    Slack                  0.00  (VIOLATED: increase significant digits)


    Net: io_c_44[6]

    Capacitance            0.00
  - min_capacitance        0.00
  ------------------------------
    Slack                  0.00  (VIOLATED: increase significant digits)


    Net: io_c_44[7]

    Capacitance            0.00
  - min_capacitance        0.00
  ------------------------------
    Slack                  0.00  (VIOLATED: increase significant digits)


    Net: io_c_44[8]

    Capacitance            0.00
  - min_capacitance        0.00
  ------------------------------
    Slack                  0.00  (VIOLATED: increase significant digits)


    Net: io_c_44[9]

    Capacitance            0.00
  - min_capacitance        0.00
  ------------------------------
    Slack                  0.00  (VIOLATED: increase significant digits)


    Net: io_c_44[10]

    Capacitance            0.00
  - min_capacitance        0.00
  ------------------------------
    Slack                  0.00  (VIOLATED: increase significant digits)


    Net: io_c_44[11]

    Capacitance            0.00
  - min_capacitance        0.00
  ------------------------------
    Slack                  0.00  (VIOLATED: increase significant digits)


    Net: io_c_44[12]

    Capacitance            0.00
  - min_capacitance        0.00
  ------------------------------
    Slack                  0.00  (VIOLATED: increase significant digits)


    Net: io_c_44[13]

    Capacitance            0.00
  - min_capacitance        0.00
  ------------------------------
    Slack                  0.00  (VIOLATED: increase significant digits)


    Net: io_c_44[14]

    Capacitance            0.00
  - min_capacitance        0.00
  ------------------------------
    Slack                  0.00  (VIOLATED: increase significant digits)


    Net: io_c_44[15]

    Capacitance            0.00
  - min_capacitance        0.00
  ------------------------------
    Slack                  0.00  (VIOLATED: increase significant digits)


    Net: io_c_44[16]

    Capacitance            0.00
  - min_capacitance        0.00
  ------------------------------
    Slack                  0.00  (VIOLATED: increase significant digits)


    Net: io_c_44[17]

    Capacitance            0.00
  - min_capacitance        0.00
  ------------------------------
    Slack                  0.00  (VIOLATED: increase significant digits)


    Net: io_c_44[18]

    Capacitance            0.00
  - min_capacitance        0.00
  ------------------------------
    Slack                  0.00  (VIOLATED: increase significant digits)


    Net: io_c_44[19]

    Capacitance            0.00
  - min_capacitance        0.00
  ------------------------------
    Slack                  0.00  (VIOLATED: increase significant digits)


    Net: io_c_44[20]

    Capacitance            0.00
  - min_capacitance        0.00
  ------------------------------
    Slack                  0.00  (VIOLATED: increase significant digits)


    Net: io_c_44[21]

    Capacitance            0.00
  - min_capacitance        0.00
  ------------------------------
    Slack                  0.00  (VIOLATED: increase significant digits)


    Net: io_c_44[22]

    Capacitance            0.00
  - min_capacitance        0.00
  ------------------------------
    Slack                  0.00  (VIOLATED: increase significant digits)


    Net: io_c_44[23]

    Capacitance            0.00
  - min_capacitance        0.00
  ------------------------------
    Slack                  0.00  (VIOLATED: increase significant digits)


    Net: io_c_45[0]

    Capacitance            0.00
  - min_capacitance        0.00
  ------------------------------
    Slack                  0.00  (VIOLATED: increase significant digits)


    Net: io_c_45[1]

    Capacitance            0.00
  - min_capacitance        0.00
  ------------------------------
    Slack                  0.00  (VIOLATED: increase significant digits)


    Net: io_c_45[2]

    Capacitance            0.00
  - min_capacitance        0.00
  ------------------------------
    Slack                  0.00  (VIOLATED: increase significant digits)


    Net: io_c_45[3]

    Capacitance            0.00
  - min_capacitance        0.00
  ------------------------------
    Slack                  0.00  (VIOLATED: increase significant digits)


    Net: io_c_45[4]

    Capacitance            0.00
  - min_capacitance        0.00
  ------------------------------
    Slack                  0.00  (VIOLATED: increase significant digits)


    Net: io_c_45[5]

    Capacitance            0.00
  - min_capacitance        0.00
  ------------------------------
    Slack                  0.00  (VIOLATED: increase significant digits)


    Net: io_c_45[6]

    Capacitance            0.00
  - min_capacitance        0.00
  ------------------------------
    Slack                  0.00  (VIOLATED: increase significant digits)


    Net: io_c_45[7]

    Capacitance            0.00
  - min_capacitance        0.00
  ------------------------------
    Slack                  0.00  (VIOLATED: increase significant digits)


    Net: io_c_45[8]

    Capacitance            0.00
  - min_capacitance        0.00
  ------------------------------
    Slack                  0.00  (VIOLATED: increase significant digits)


    Net: io_c_45[9]

    Capacitance            0.00
  - min_capacitance        0.00
  ------------------------------
    Slack                  0.00  (VIOLATED: increase significant digits)


    Net: io_c_45[10]

    Capacitance            0.00
  - min_capacitance        0.00
  ------------------------------
    Slack                  0.00  (VIOLATED: increase significant digits)


    Net: io_c_45[11]

    Capacitance            0.00
  - min_capacitance        0.00
  ------------------------------
    Slack                  0.00  (VIOLATED: increase significant digits)


    Net: io_c_45[12]

    Capacitance            0.00
  - min_capacitance        0.00
  ------------------------------
    Slack                  0.00  (VIOLATED: increase significant digits)


    Net: io_c_45[13]

    Capacitance            0.00
  - min_capacitance        0.00
  ------------------------------
    Slack                  0.00  (VIOLATED: increase significant digits)


    Net: io_c_45[14]

    Capacitance            0.00
  - min_capacitance        0.00
  ------------------------------
    Slack                  0.00  (VIOLATED: increase significant digits)


    Net: io_c_45[15]

    Capacitance            0.00
  - min_capacitance        0.00
  ------------------------------
    Slack                  0.00  (VIOLATED: increase significant digits)


    Net: io_c_45[16]

    Capacitance            0.00
  - min_capacitance        0.00
  ------------------------------
    Slack                  0.00  (VIOLATED: increase significant digits)


    Net: io_c_45[17]

    Capacitance            0.00
  - min_capacitance        0.00
  ------------------------------
    Slack                  0.00  (VIOLATED: increase significant digits)


    Net: io_c_45[18]

    Capacitance            0.00
  - min_capacitance        0.00
  ------------------------------
    Slack                  0.00  (VIOLATED: increase significant digits)


    Net: io_c_45[19]

    Capacitance            0.00
  - min_capacitance        0.00
  ------------------------------
    Slack                  0.00  (VIOLATED: increase significant digits)


    Net: io_c_45[20]

    Capacitance            0.00
  - min_capacitance        0.00
  ------------------------------
    Slack                  0.00  (VIOLATED: increase significant digits)


    Net: io_c_45[21]

    Capacitance            0.00
  - min_capacitance        0.00
  ------------------------------
    Slack                  0.00  (VIOLATED: increase significant digits)


    Net: io_c_45[22]

    Capacitance            0.00
  - min_capacitance        0.00
  ------------------------------
    Slack                  0.00  (VIOLATED: increase significant digits)


    Net: io_c_45[23]

    Capacitance            0.00
  - min_capacitance        0.00
  ------------------------------
    Slack                  0.00  (VIOLATED: increase significant digits)


    Net: io_c_46[0]

    Capacitance            0.00
  - min_capacitance        0.00
  ------------------------------
    Slack                  0.00  (VIOLATED: increase significant digits)


    Net: io_c_46[1]

    Capacitance            0.00
  - min_capacitance        0.00
  ------------------------------
    Slack                  0.00  (VIOLATED: increase significant digits)


    Net: io_c_46[2]

    Capacitance            0.00
  - min_capacitance        0.00
  ------------------------------
    Slack                  0.00  (VIOLATED: increase significant digits)


    Net: io_c_46[3]

    Capacitance            0.00
  - min_capacitance        0.00
  ------------------------------
    Slack                  0.00  (VIOLATED: increase significant digits)


    Net: io_c_46[4]

    Capacitance            0.00
  - min_capacitance        0.00
  ------------------------------
    Slack                  0.00  (VIOLATED: increase significant digits)


    Net: io_c_46[5]

    Capacitance            0.00
  - min_capacitance        0.00
  ------------------------------
    Slack                  0.00  (VIOLATED: increase significant digits)


    Net: io_c_46[6]

    Capacitance            0.00
  - min_capacitance        0.00
  ------------------------------
    Slack                  0.00  (VIOLATED: increase significant digits)


    Net: io_c_46[7]

    Capacitance            0.00
  - min_capacitance        0.00
  ------------------------------
    Slack                  0.00  (VIOLATED: increase significant digits)


    Net: io_c_46[8]

    Capacitance            0.00
  - min_capacitance        0.00
  ------------------------------
    Slack                  0.00  (VIOLATED: increase significant digits)


    Net: io_c_46[9]

    Capacitance            0.00
  - min_capacitance        0.00
  ------------------------------
    Slack                  0.00  (VIOLATED: increase significant digits)


    Net: io_c_46[10]

    Capacitance            0.00
  - min_capacitance        0.00
  ------------------------------
    Slack                  0.00  (VIOLATED: increase significant digits)


    Net: io_c_46[11]

    Capacitance            0.00
  - min_capacitance        0.00
  ------------------------------
    Slack                  0.00  (VIOLATED: increase significant digits)


    Net: io_c_46[12]

    Capacitance            0.00
  - min_capacitance        0.00
  ------------------------------
    Slack                  0.00  (VIOLATED: increase significant digits)


    Net: io_c_46[13]

    Capacitance            0.00
  - min_capacitance        0.00
  ------------------------------
    Slack                  0.00  (VIOLATED: increase significant digits)


    Net: io_c_46[14]

    Capacitance            0.00
  - min_capacitance        0.00
  ------------------------------
    Slack                  0.00  (VIOLATED: increase significant digits)


    Net: io_c_46[15]

    Capacitance            0.00
  - min_capacitance        0.00
  ------------------------------
    Slack                  0.00  (VIOLATED: increase significant digits)


    Net: io_c_46[16]

    Capacitance            0.00
  - min_capacitance        0.00
  ------------------------------
    Slack                  0.00  (VIOLATED: increase significant digits)


    Net: io_c_46[17]

    Capacitance            0.00
  - min_capacitance        0.00
  ------------------------------
    Slack                  0.00  (VIOLATED: increase significant digits)


    Net: io_c_46[18]

    Capacitance            0.00
  - min_capacitance        0.00
  ------------------------------
    Slack                  0.00  (VIOLATED: increase significant digits)


    Net: io_c_46[19]

    Capacitance            0.00
  - min_capacitance        0.00
  ------------------------------
    Slack                  0.00  (VIOLATED: increase significant digits)


    Net: io_c_46[20]

    Capacitance            0.00
  - min_capacitance        0.00
  ------------------------------
    Slack                  0.00  (VIOLATED: increase significant digits)


    Net: io_c_46[21]

    Capacitance            0.00
  - min_capacitance        0.00
  ------------------------------
    Slack                  0.00  (VIOLATED: increase significant digits)


    Net: io_c_46[22]

    Capacitance            0.00
  - min_capacitance        0.00
  ------------------------------
    Slack                  0.00  (VIOLATED: increase significant digits)


    Net: io_c_46[23]

    Capacitance            0.00
  - min_capacitance        0.00
  ------------------------------
    Slack                  0.00  (VIOLATED: increase significant digits)


    Net: io_c_47[0]

    Capacitance            0.00
  - min_capacitance        0.00
  ------------------------------
    Slack                  0.00  (VIOLATED: increase significant digits)


    Net: io_c_47[1]

    Capacitance            0.00
  - min_capacitance        0.00
  ------------------------------
    Slack                  0.00  (VIOLATED: increase significant digits)


    Net: io_c_47[2]

    Capacitance            0.00
  - min_capacitance        0.00
  ------------------------------
    Slack                  0.00  (VIOLATED: increase significant digits)


    Net: io_c_47[3]

    Capacitance            0.00
  - min_capacitance        0.00
  ------------------------------
    Slack                  0.00  (VIOLATED: increase significant digits)


    Net: io_c_47[4]

    Capacitance            0.00
  - min_capacitance        0.00
  ------------------------------
    Slack                  0.00  (VIOLATED: increase significant digits)


    Net: io_c_47[5]

    Capacitance            0.00
  - min_capacitance        0.00
  ------------------------------
    Slack                  0.00  (VIOLATED: increase significant digits)


    Net: io_c_47[6]

    Capacitance            0.00
  - min_capacitance        0.00
  ------------------------------
    Slack                  0.00  (VIOLATED: increase significant digits)


    Net: io_c_47[7]

    Capacitance            0.00
  - min_capacitance        0.00
  ------------------------------
    Slack                  0.00  (VIOLATED: increase significant digits)


    Net: io_c_47[8]

    Capacitance            0.00
  - min_capacitance        0.00
  ------------------------------
    Slack                  0.00  (VIOLATED: increase significant digits)


    Net: io_c_47[9]

    Capacitance            0.00
  - min_capacitance        0.00
  ------------------------------
    Slack                  0.00  (VIOLATED: increase significant digits)


    Net: io_c_47[10]

    Capacitance            0.00
  - min_capacitance        0.00
  ------------------------------
    Slack                  0.00  (VIOLATED: increase significant digits)


    Net: io_c_47[11]

    Capacitance            0.00
  - min_capacitance        0.00
  ------------------------------
    Slack                  0.00  (VIOLATED: increase significant digits)


    Net: io_c_47[12]

    Capacitance            0.00
  - min_capacitance        0.00
  ------------------------------
    Slack                  0.00  (VIOLATED: increase significant digits)


    Net: io_c_47[13]

    Capacitance            0.00
  - min_capacitance        0.00
  ------------------------------
    Slack                  0.00  (VIOLATED: increase significant digits)


    Net: io_c_47[14]

    Capacitance            0.00
  - min_capacitance        0.00
  ------------------------------
    Slack                  0.00  (VIOLATED: increase significant digits)


    Net: io_c_47[15]

    Capacitance            0.00
  - min_capacitance        0.00
  ------------------------------
    Slack                  0.00  (VIOLATED: increase significant digits)


    Net: io_c_47[16]

    Capacitance            0.00
  - min_capacitance        0.00
  ------------------------------
    Slack                  0.00  (VIOLATED: increase significant digits)


    Net: io_c_47[17]

    Capacitance            0.00
  - min_capacitance        0.00
  ------------------------------
    Slack                  0.00  (VIOLATED: increase significant digits)


    Net: io_c_47[18]

    Capacitance            0.00
  - min_capacitance        0.00
  ------------------------------
    Slack                  0.00  (VIOLATED: increase significant digits)


    Net: io_c_47[19]

    Capacitance            0.00
  - min_capacitance        0.00
  ------------------------------
    Slack                  0.00  (VIOLATED: increase significant digits)


    Net: io_c_47[20]

    Capacitance            0.00
  - min_capacitance        0.00
  ------------------------------
    Slack                  0.00  (VIOLATED: increase significant digits)


    Net: io_c_47[21]

    Capacitance            0.00
  - min_capacitance        0.00
  ------------------------------
    Slack                  0.00  (VIOLATED: increase significant digits)


    Net: io_c_47[22]

    Capacitance            0.00
  - min_capacitance        0.00
  ------------------------------
    Slack                  0.00  (VIOLATED: increase significant digits)


    Net: io_c_47[23]

    Capacitance            0.00
  - min_capacitance        0.00
  ------------------------------
    Slack                  0.00  (VIOLATED: increase significant digits)


    Net: io_c_48[0]

    Capacitance            0.00
  - min_capacitance        0.00
  ------------------------------
    Slack                  0.00  (VIOLATED: increase significant digits)


    Net: io_c_48[1]

    Capacitance            0.00
  - min_capacitance        0.00
  ------------------------------
    Slack                  0.00  (VIOLATED: increase significant digits)


    Net: io_c_48[2]

    Capacitance            0.00
  - min_capacitance        0.00
  ------------------------------
    Slack                  0.00  (VIOLATED: increase significant digits)


    Net: io_c_48[3]

    Capacitance            0.00
  - min_capacitance        0.00
  ------------------------------
    Slack                  0.00  (VIOLATED: increase significant digits)


    Net: io_c_48[4]

    Capacitance            0.00
  - min_capacitance        0.00
  ------------------------------
    Slack                  0.00  (VIOLATED: increase significant digits)


    Net: io_c_48[5]

    Capacitance            0.00
  - min_capacitance        0.00
  ------------------------------
    Slack                  0.00  (VIOLATED: increase significant digits)


    Net: io_c_48[6]

    Capacitance            0.00
  - min_capacitance        0.00
  ------------------------------
    Slack                  0.00  (VIOLATED: increase significant digits)


    Net: io_c_48[7]

    Capacitance            0.00
  - min_capacitance        0.00
  ------------------------------
    Slack                  0.00  (VIOLATED: increase significant digits)


    Net: io_c_48[8]

    Capacitance            0.00
  - min_capacitance        0.00
  ------------------------------
    Slack                  0.00  (VIOLATED: increase significant digits)


    Net: io_c_48[9]

    Capacitance            0.00
  - min_capacitance        0.00
  ------------------------------
    Slack                  0.00  (VIOLATED: increase significant digits)


    Net: io_c_48[10]

    Capacitance            0.00
  - min_capacitance        0.00
  ------------------------------
    Slack                  0.00  (VIOLATED: increase significant digits)


    Net: io_c_48[11]

    Capacitance            0.00
  - min_capacitance        0.00
  ------------------------------
    Slack                  0.00  (VIOLATED: increase significant digits)


    Net: io_c_48[12]

    Capacitance            0.00
  - min_capacitance        0.00
  ------------------------------
    Slack                  0.00  (VIOLATED: increase significant digits)


    Net: io_c_48[13]

    Capacitance            0.00
  - min_capacitance        0.00
  ------------------------------
    Slack                  0.00  (VIOLATED: increase significant digits)


    Net: io_c_48[14]

    Capacitance            0.00
  - min_capacitance        0.00
  ------------------------------
    Slack                  0.00  (VIOLATED: increase significant digits)


    Net: io_c_48[15]

    Capacitance            0.00
  - min_capacitance        0.00
  ------------------------------
    Slack                  0.00  (VIOLATED: increase significant digits)


    Net: io_c_48[16]

    Capacitance            0.00
  - min_capacitance        0.00
  ------------------------------
    Slack                  0.00  (VIOLATED: increase significant digits)


    Net: io_c_48[17]

    Capacitance            0.00
  - min_capacitance        0.00
  ------------------------------
    Slack                  0.00  (VIOLATED: increase significant digits)


    Net: io_c_48[18]

    Capacitance            0.00
  - min_capacitance        0.00
  ------------------------------
    Slack                  0.00  (VIOLATED: increase significant digits)


    Net: io_c_48[19]

    Capacitance            0.00
  - min_capacitance        0.00
  ------------------------------
    Slack                  0.00  (VIOLATED: increase significant digits)


    Net: io_c_48[20]

    Capacitance            0.00
  - min_capacitance        0.00
  ------------------------------
    Slack                  0.00  (VIOLATED: increase significant digits)


    Net: io_c_48[21]

    Capacitance            0.00
  - min_capacitance        0.00
  ------------------------------
    Slack                  0.00  (VIOLATED: increase significant digits)


    Net: io_c_48[22]

    Capacitance            0.00
  - min_capacitance        0.00
  ------------------------------
    Slack                  0.00  (VIOLATED: increase significant digits)


    Net: io_c_48[23]

    Capacitance            0.00
  - min_capacitance        0.00
  ------------------------------
    Slack                  0.00  (VIOLATED: increase significant digits)


    Net: io_c_49[0]

    Capacitance            0.00
  - min_capacitance        0.00
  ------------------------------
    Slack                  0.00  (VIOLATED: increase significant digits)


    Net: io_c_49[1]

    Capacitance            0.00
  - min_capacitance        0.00
  ------------------------------
    Slack                  0.00  (VIOLATED: increase significant digits)


    Net: io_c_49[2]

    Capacitance            0.00
  - min_capacitance        0.00
  ------------------------------
    Slack                  0.00  (VIOLATED: increase significant digits)


    Net: io_c_49[3]

    Capacitance            0.00
  - min_capacitance        0.00
  ------------------------------
    Slack                  0.00  (VIOLATED: increase significant digits)


    Net: io_c_49[4]

    Capacitance            0.00
  - min_capacitance        0.00
  ------------------------------
    Slack                  0.00  (VIOLATED: increase significant digits)


    Net: io_c_49[5]

    Capacitance            0.00
  - min_capacitance        0.00
  ------------------------------
    Slack                  0.00  (VIOLATED: increase significant digits)


    Net: io_c_49[6]

    Capacitance            0.00
  - min_capacitance        0.00
  ------------------------------
    Slack                  0.00  (VIOLATED: increase significant digits)


    Net: io_c_49[7]

    Capacitance            0.00
  - min_capacitance        0.00
  ------------------------------
    Slack                  0.00  (VIOLATED: increase significant digits)


    Net: io_c_49[8]

    Capacitance            0.00
  - min_capacitance        0.00
  ------------------------------
    Slack                  0.00  (VIOLATED: increase significant digits)


    Net: io_c_49[9]

    Capacitance            0.00
  - min_capacitance        0.00
  ------------------------------
    Slack                  0.00  (VIOLATED: increase significant digits)


    Net: io_c_49[10]

    Capacitance            0.00
  - min_capacitance        0.00
  ------------------------------
    Slack                  0.00  (VIOLATED: increase significant digits)


    Net: io_c_49[11]

    Capacitance            0.00
  - min_capacitance        0.00
  ------------------------------
    Slack                  0.00  (VIOLATED: increase significant digits)


    Net: io_c_49[12]

    Capacitance            0.00
  - min_capacitance        0.00
  ------------------------------
    Slack                  0.00  (VIOLATED: increase significant digits)


    Net: io_c_49[13]

    Capacitance            0.00
  - min_capacitance        0.00
  ------------------------------
    Slack                  0.00  (VIOLATED: increase significant digits)


    Net: io_c_49[14]

    Capacitance            0.00
  - min_capacitance        0.00
  ------------------------------
    Slack                  0.00  (VIOLATED: increase significant digits)


    Net: io_c_49[15]

    Capacitance            0.00
  - min_capacitance        0.00
  ------------------------------
    Slack                  0.00  (VIOLATED: increase significant digits)


    Net: io_c_49[16]

    Capacitance            0.00
  - min_capacitance        0.00
  ------------------------------
    Slack                  0.00  (VIOLATED: increase significant digits)


    Net: io_c_49[17]

    Capacitance            0.00
  - min_capacitance        0.00
  ------------------------------
    Slack                  0.00  (VIOLATED: increase significant digits)


    Net: io_c_49[18]

    Capacitance            0.00
  - min_capacitance        0.00
  ------------------------------
    Slack                  0.00  (VIOLATED: increase significant digits)


    Net: io_c_49[19]

    Capacitance            0.00
  - min_capacitance        0.00
  ------------------------------
    Slack                  0.00  (VIOLATED: increase significant digits)


    Net: io_c_49[20]

    Capacitance            0.00
  - min_capacitance        0.00
  ------------------------------
    Slack                  0.00  (VIOLATED: increase significant digits)


    Net: io_c_49[21]

    Capacitance            0.00
  - min_capacitance        0.00
  ------------------------------
    Slack                  0.00  (VIOLATED: increase significant digits)


    Net: io_c_49[22]

    Capacitance            0.00
  - min_capacitance        0.00
  ------------------------------
    Slack                  0.00  (VIOLATED: increase significant digits)


    Net: io_c_49[23]

    Capacitance            0.00
  - min_capacitance        0.00
  ------------------------------
    Slack                  0.00  (VIOLATED: increase significant digits)


    Net: io_c_50[0]

    Capacitance            0.00
  - min_capacitance        0.00
  ------------------------------
    Slack                  0.00  (VIOLATED: increase significant digits)


    Net: io_c_50[1]

    Capacitance            0.00
  - min_capacitance        0.00
  ------------------------------
    Slack                  0.00  (VIOLATED: increase significant digits)


    Net: io_c_50[2]

    Capacitance            0.00
  - min_capacitance        0.00
  ------------------------------
    Slack                  0.00  (VIOLATED: increase significant digits)


    Net: io_c_50[3]

    Capacitance            0.00
  - min_capacitance        0.00
  ------------------------------
    Slack                  0.00  (VIOLATED: increase significant digits)


    Net: io_c_50[4]

    Capacitance            0.00
  - min_capacitance        0.00
  ------------------------------
    Slack                  0.00  (VIOLATED: increase significant digits)


    Net: io_c_50[5]

    Capacitance            0.00
  - min_capacitance        0.00
  ------------------------------
    Slack                  0.00  (VIOLATED: increase significant digits)


    Net: io_c_50[6]

    Capacitance            0.00
  - min_capacitance        0.00
  ------------------------------
    Slack                  0.00  (VIOLATED: increase significant digits)


    Net: io_c_50[7]

    Capacitance            0.00
  - min_capacitance        0.00
  ------------------------------
    Slack                  0.00  (VIOLATED: increase significant digits)


    Net: io_c_50[8]

    Capacitance            0.00
  - min_capacitance        0.00
  ------------------------------
    Slack                  0.00  (VIOLATED: increase significant digits)


    Net: io_c_50[9]

    Capacitance            0.00
  - min_capacitance        0.00
  ------------------------------
    Slack                  0.00  (VIOLATED: increase significant digits)


    Net: io_c_50[10]

    Capacitance            0.00
  - min_capacitance        0.00
  ------------------------------
    Slack                  0.00  (VIOLATED: increase significant digits)


    Net: io_c_50[11]

    Capacitance            0.00
  - min_capacitance        0.00
  ------------------------------
    Slack                  0.00  (VIOLATED: increase significant digits)


    Net: io_c_50[12]

    Capacitance            0.00
  - min_capacitance        0.00
  ------------------------------
    Slack                  0.00  (VIOLATED: increase significant digits)


    Net: io_c_50[13]

    Capacitance            0.00
  - min_capacitance        0.00
  ------------------------------
    Slack                  0.00  (VIOLATED: increase significant digits)


    Net: io_c_50[14]

    Capacitance            0.00
  - min_capacitance        0.00
  ------------------------------
    Slack                  0.00  (VIOLATED: increase significant digits)


    Net: io_c_50[15]

    Capacitance            0.00
  - min_capacitance        0.00
  ------------------------------
    Slack                  0.00  (VIOLATED: increase significant digits)


    Net: io_c_50[16]

    Capacitance            0.00
  - min_capacitance        0.00
  ------------------------------
    Slack                  0.00  (VIOLATED: increase significant digits)


    Net: io_c_50[17]

    Capacitance            0.00
  - min_capacitance        0.00
  ------------------------------
    Slack                  0.00  (VIOLATED: increase significant digits)


    Net: io_c_50[18]

    Capacitance            0.00
  - min_capacitance        0.00
  ------------------------------
    Slack                  0.00  (VIOLATED: increase significant digits)


    Net: io_c_50[19]

    Capacitance            0.00
  - min_capacitance        0.00
  ------------------------------
    Slack                  0.00  (VIOLATED: increase significant digits)


    Net: io_c_50[20]

    Capacitance            0.00
  - min_capacitance        0.00
  ------------------------------
    Slack                  0.00  (VIOLATED: increase significant digits)


    Net: io_c_50[21]

    Capacitance            0.00
  - min_capacitance        0.00
  ------------------------------
    Slack                  0.00  (VIOLATED: increase significant digits)


    Net: io_c_50[22]

    Capacitance            0.00
  - min_capacitance        0.00
  ------------------------------
    Slack                  0.00  (VIOLATED: increase significant digits)


    Net: io_c_50[23]

    Capacitance            0.00
  - min_capacitance        0.00
  ------------------------------
    Slack                  0.00  (VIOLATED: increase significant digits)


    Net: io_c_51[0]

    Capacitance            0.00
  - min_capacitance        0.00
  ------------------------------
    Slack                  0.00  (VIOLATED: increase significant digits)


    Net: io_c_51[1]

    Capacitance            0.00
  - min_capacitance        0.00
  ------------------------------
    Slack                  0.00  (VIOLATED: increase significant digits)


    Net: io_c_51[2]

    Capacitance            0.00
  - min_capacitance        0.00
  ------------------------------
    Slack                  0.00  (VIOLATED: increase significant digits)


    Net: io_c_51[3]

    Capacitance            0.00
  - min_capacitance        0.00
  ------------------------------
    Slack                  0.00  (VIOLATED: increase significant digits)


    Net: io_c_51[4]

    Capacitance            0.00
  - min_capacitance        0.00
  ------------------------------
    Slack                  0.00  (VIOLATED: increase significant digits)


    Net: io_c_51[5]

    Capacitance            0.00
  - min_capacitance        0.00
  ------------------------------
    Slack                  0.00  (VIOLATED: increase significant digits)


    Net: io_c_51[6]

    Capacitance            0.00
  - min_capacitance        0.00
  ------------------------------
    Slack                  0.00  (VIOLATED: increase significant digits)


    Net: io_c_51[7]

    Capacitance            0.00
  - min_capacitance        0.00
  ------------------------------
    Slack                  0.00  (VIOLATED: increase significant digits)


    Net: io_c_51[8]

    Capacitance            0.00
  - min_capacitance        0.00
  ------------------------------
    Slack                  0.00  (VIOLATED: increase significant digits)


    Net: io_c_51[9]

    Capacitance            0.00
  - min_capacitance        0.00
  ------------------------------
    Slack                  0.00  (VIOLATED: increase significant digits)


    Net: io_c_51[10]

    Capacitance            0.00
  - min_capacitance        0.00
  ------------------------------
    Slack                  0.00  (VIOLATED: increase significant digits)


    Net: io_c_51[11]

    Capacitance            0.00
  - min_capacitance        0.00
  ------------------------------
    Slack                  0.00  (VIOLATED: increase significant digits)


    Net: io_c_51[12]

    Capacitance            0.00
  - min_capacitance        0.00
  ------------------------------
    Slack                  0.00  (VIOLATED: increase significant digits)


    Net: io_c_51[13]

    Capacitance            0.00
  - min_capacitance        0.00
  ------------------------------
    Slack                  0.00  (VIOLATED: increase significant digits)


    Net: io_c_51[14]

    Capacitance            0.00
  - min_capacitance        0.00
  ------------------------------
    Slack                  0.00  (VIOLATED: increase significant digits)


    Net: io_c_51[15]

    Capacitance            0.00
  - min_capacitance        0.00
  ------------------------------
    Slack                  0.00  (VIOLATED: increase significant digits)


    Net: io_c_51[16]

    Capacitance            0.00
  - min_capacitance        0.00
  ------------------------------
    Slack                  0.00  (VIOLATED: increase significant digits)


    Net: io_c_51[17]

    Capacitance            0.00
  - min_capacitance        0.00
  ------------------------------
    Slack                  0.00  (VIOLATED: increase significant digits)


    Net: io_c_51[18]

    Capacitance            0.00
  - min_capacitance        0.00
  ------------------------------
    Slack                  0.00  (VIOLATED: increase significant digits)


    Net: io_c_51[19]

    Capacitance            0.00
  - min_capacitance        0.00
  ------------------------------
    Slack                  0.00  (VIOLATED: increase significant digits)


    Net: io_c_51[20]

    Capacitance            0.00
  - min_capacitance        0.00
  ------------------------------
    Slack                  0.00  (VIOLATED: increase significant digits)


    Net: io_c_51[21]

    Capacitance            0.00
  - min_capacitance        0.00
  ------------------------------
    Slack                  0.00  (VIOLATED: increase significant digits)


    Net: io_c_51[22]

    Capacitance            0.00
  - min_capacitance        0.00
  ------------------------------
    Slack                  0.00  (VIOLATED: increase significant digits)


    Net: io_c_51[23]

    Capacitance            0.00
  - min_capacitance        0.00
  ------------------------------
    Slack                  0.00  (VIOLATED: increase significant digits)


    Net: io_c_52[0]

    Capacitance            0.00
  - min_capacitance        0.00
  ------------------------------
    Slack                  0.00  (VIOLATED: increase significant digits)


    Net: io_c_52[1]

    Capacitance            0.00
  - min_capacitance        0.00
  ------------------------------
    Slack                  0.00  (VIOLATED: increase significant digits)


    Net: io_c_52[2]

    Capacitance            0.00
  - min_capacitance        0.00
  ------------------------------
    Slack                  0.00  (VIOLATED: increase significant digits)


    Net: io_c_52[3]

    Capacitance            0.00
  - min_capacitance        0.00
  ------------------------------
    Slack                  0.00  (VIOLATED: increase significant digits)


    Net: io_c_52[4]

    Capacitance            0.00
  - min_capacitance        0.00
  ------------------------------
    Slack                  0.00  (VIOLATED: increase significant digits)


    Net: io_c_52[5]

    Capacitance            0.00
  - min_capacitance        0.00
  ------------------------------
    Slack                  0.00  (VIOLATED: increase significant digits)


    Net: io_c_52[6]

    Capacitance            0.00
  - min_capacitance        0.00
  ------------------------------
    Slack                  0.00  (VIOLATED: increase significant digits)


    Net: io_c_52[7]

    Capacitance            0.00
  - min_capacitance        0.00
  ------------------------------
    Slack                  0.00  (VIOLATED: increase significant digits)


    Net: io_c_52[8]

    Capacitance            0.00
  - min_capacitance        0.00
  ------------------------------
    Slack                  0.00  (VIOLATED: increase significant digits)


    Net: io_c_52[9]

    Capacitance            0.00
  - min_capacitance        0.00
  ------------------------------
    Slack                  0.00  (VIOLATED: increase significant digits)


    Net: io_c_52[10]

    Capacitance            0.00
  - min_capacitance        0.00
  ------------------------------
    Slack                  0.00  (VIOLATED: increase significant digits)


    Net: io_c_52[11]

    Capacitance            0.00
  - min_capacitance        0.00
  ------------------------------
    Slack                  0.00  (VIOLATED: increase significant digits)


    Net: io_c_52[12]

    Capacitance            0.00
  - min_capacitance        0.00
  ------------------------------
    Slack                  0.00  (VIOLATED: increase significant digits)


    Net: io_c_52[13]

    Capacitance            0.00
  - min_capacitance        0.00
  ------------------------------
    Slack                  0.00  (VIOLATED: increase significant digits)


    Net: io_c_52[14]

    Capacitance            0.00
  - min_capacitance        0.00
  ------------------------------
    Slack                  0.00  (VIOLATED: increase significant digits)


    Net: io_c_52[15]

    Capacitance            0.00
  - min_capacitance        0.00
  ------------------------------
    Slack                  0.00  (VIOLATED: increase significant digits)


    Net: io_c_52[16]

    Capacitance            0.00
  - min_capacitance        0.00
  ------------------------------
    Slack                  0.00  (VIOLATED: increase significant digits)


    Net: io_c_52[17]

    Capacitance            0.00
  - min_capacitance        0.00
  ------------------------------
    Slack                  0.00  (VIOLATED: increase significant digits)


    Net: io_c_52[18]

    Capacitance            0.00
  - min_capacitance        0.00
  ------------------------------
    Slack                  0.00  (VIOLATED: increase significant digits)


    Net: io_c_52[19]

    Capacitance            0.00
  - min_capacitance        0.00
  ------------------------------
    Slack                  0.00  (VIOLATED: increase significant digits)


    Net: io_c_52[20]

    Capacitance            0.00
  - min_capacitance        0.00
  ------------------------------
    Slack                  0.00  (VIOLATED: increase significant digits)


    Net: io_c_52[21]

    Capacitance            0.00
  - min_capacitance        0.00
  ------------------------------
    Slack                  0.00  (VIOLATED: increase significant digits)


    Net: io_c_52[22]

    Capacitance            0.00
  - min_capacitance        0.00
  ------------------------------
    Slack                  0.00  (VIOLATED: increase significant digits)


    Net: io_c_52[23]

    Capacitance            0.00
  - min_capacitance        0.00
  ------------------------------
    Slack                  0.00  (VIOLATED: increase significant digits)


    Net: io_c_53[0]

    Capacitance            0.00
  - min_capacitance        0.00
  ------------------------------
    Slack                  0.00  (VIOLATED: increase significant digits)


    Net: io_c_53[1]

    Capacitance            0.00
  - min_capacitance        0.00
  ------------------------------
    Slack                  0.00  (VIOLATED: increase significant digits)


    Net: io_c_53[2]

    Capacitance            0.00
  - min_capacitance        0.00
  ------------------------------
    Slack                  0.00  (VIOLATED: increase significant digits)


    Net: io_c_53[3]

    Capacitance            0.00
  - min_capacitance        0.00
  ------------------------------
    Slack                  0.00  (VIOLATED: increase significant digits)


    Net: io_c_53[4]

    Capacitance            0.00
  - min_capacitance        0.00
  ------------------------------
    Slack                  0.00  (VIOLATED: increase significant digits)


    Net: io_c_53[5]

    Capacitance            0.00
  - min_capacitance        0.00
  ------------------------------
    Slack                  0.00  (VIOLATED: increase significant digits)


    Net: io_c_53[6]

    Capacitance            0.00
  - min_capacitance        0.00
  ------------------------------
    Slack                  0.00  (VIOLATED: increase significant digits)


    Net: io_c_53[7]

    Capacitance            0.00
  - min_capacitance        0.00
  ------------------------------
    Slack                  0.00  (VIOLATED: increase significant digits)


    Net: io_c_53[8]

    Capacitance            0.00
  - min_capacitance        0.00
  ------------------------------
    Slack                  0.00  (VIOLATED: increase significant digits)


    Net: io_c_53[9]

    Capacitance            0.00
  - min_capacitance        0.00
  ------------------------------
    Slack                  0.00  (VIOLATED: increase significant digits)


    Net: io_c_53[10]

    Capacitance            0.00
  - min_capacitance        0.00
  ------------------------------
    Slack                  0.00  (VIOLATED: increase significant digits)


    Net: io_c_53[11]

    Capacitance            0.00
  - min_capacitance        0.00
  ------------------------------
    Slack                  0.00  (VIOLATED: increase significant digits)


    Net: io_c_53[12]

    Capacitance            0.00
  - min_capacitance        0.00
  ------------------------------
    Slack                  0.00  (VIOLATED: increase significant digits)


    Net: io_c_53[13]

    Capacitance            0.00
  - min_capacitance        0.00
  ------------------------------
    Slack                  0.00  (VIOLATED: increase significant digits)


    Net: io_c_53[14]

    Capacitance            0.00
  - min_capacitance        0.00
  ------------------------------
    Slack                  0.00  (VIOLATED: increase significant digits)


    Net: io_c_53[15]

    Capacitance            0.00
  - min_capacitance        0.00
  ------------------------------
    Slack                  0.00  (VIOLATED: increase significant digits)


    Net: io_c_53[16]

    Capacitance            0.00
  - min_capacitance        0.00
  ------------------------------
    Slack                  0.00  (VIOLATED: increase significant digits)


    Net: io_c_53[17]

    Capacitance            0.00
  - min_capacitance        0.00
  ------------------------------
    Slack                  0.00  (VIOLATED: increase significant digits)


    Net: io_c_53[18]

    Capacitance            0.00
  - min_capacitance        0.00
  ------------------------------
    Slack                  0.00  (VIOLATED: increase significant digits)


    Net: io_c_53[19]

    Capacitance            0.00
  - min_capacitance        0.00
  ------------------------------
    Slack                  0.00  (VIOLATED: increase significant digits)


    Net: io_c_53[20]

    Capacitance            0.00
  - min_capacitance        0.00
  ------------------------------
    Slack                  0.00  (VIOLATED: increase significant digits)


    Net: io_c_53[21]

    Capacitance            0.00
  - min_capacitance        0.00
  ------------------------------
    Slack                  0.00  (VIOLATED: increase significant digits)


    Net: io_c_53[22]

    Capacitance            0.00
  - min_capacitance        0.00
  ------------------------------
    Slack                  0.00  (VIOLATED: increase significant digits)


    Net: io_c_53[23]

    Capacitance            0.00
  - min_capacitance        0.00
  ------------------------------
    Slack                  0.00  (VIOLATED: increase significant digits)


    Net: io_c_54[0]

    Capacitance            0.00
  - min_capacitance        0.00
  ------------------------------
    Slack                  0.00  (VIOLATED: increase significant digits)


    Net: io_c_54[1]

    Capacitance            0.00
  - min_capacitance        0.00
  ------------------------------
    Slack                  0.00  (VIOLATED: increase significant digits)


    Net: io_c_54[2]

    Capacitance            0.00
  - min_capacitance        0.00
  ------------------------------
    Slack                  0.00  (VIOLATED: increase significant digits)


    Net: io_c_54[3]

    Capacitance            0.00
  - min_capacitance        0.00
  ------------------------------
    Slack                  0.00  (VIOLATED: increase significant digits)


    Net: io_c_54[4]

    Capacitance            0.00
  - min_capacitance        0.00
  ------------------------------
    Slack                  0.00  (VIOLATED: increase significant digits)


    Net: io_c_54[5]

    Capacitance            0.00
  - min_capacitance        0.00
  ------------------------------
    Slack                  0.00  (VIOLATED: increase significant digits)


    Net: io_c_54[6]

    Capacitance            0.00
  - min_capacitance        0.00
  ------------------------------
    Slack                  0.00  (VIOLATED: increase significant digits)


    Net: io_c_54[7]

    Capacitance            0.00
  - min_capacitance        0.00
  ------------------------------
    Slack                  0.00  (VIOLATED: increase significant digits)


    Net: io_c_54[8]

    Capacitance            0.00
  - min_capacitance        0.00
  ------------------------------
    Slack                  0.00  (VIOLATED: increase significant digits)


    Net: io_c_54[9]

    Capacitance            0.00
  - min_capacitance        0.00
  ------------------------------
    Slack                  0.00  (VIOLATED: increase significant digits)


    Net: io_c_54[10]

    Capacitance            0.00
  - min_capacitance        0.00
  ------------------------------
    Slack                  0.00  (VIOLATED: increase significant digits)


    Net: io_c_54[11]

    Capacitance            0.00
  - min_capacitance        0.00
  ------------------------------
    Slack                  0.00  (VIOLATED: increase significant digits)


    Net: io_c_54[12]

    Capacitance            0.00
  - min_capacitance        0.00
  ------------------------------
    Slack                  0.00  (VIOLATED: increase significant digits)


    Net: io_c_54[13]

    Capacitance            0.00
  - min_capacitance        0.00
  ------------------------------
    Slack                  0.00  (VIOLATED: increase significant digits)


    Net: io_c_54[14]

    Capacitance            0.00
  - min_capacitance        0.00
  ------------------------------
    Slack                  0.00  (VIOLATED: increase significant digits)


    Net: io_c_54[15]

    Capacitance            0.00
  - min_capacitance        0.00
  ------------------------------
    Slack                  0.00  (VIOLATED: increase significant digits)


    Net: io_c_54[16]

    Capacitance            0.00
  - min_capacitance        0.00
  ------------------------------
    Slack                  0.00  (VIOLATED: increase significant digits)


    Net: io_c_54[17]

    Capacitance            0.00
  - min_capacitance        0.00
  ------------------------------
    Slack                  0.00  (VIOLATED: increase significant digits)


    Net: io_c_54[18]

    Capacitance            0.00
  - min_capacitance        0.00
  ------------------------------
    Slack                  0.00  (VIOLATED: increase significant digits)


    Net: io_c_54[19]

    Capacitance            0.00
  - min_capacitance        0.00
  ------------------------------
    Slack                  0.00  (VIOLATED: increase significant digits)


    Net: io_c_54[20]

    Capacitance            0.00
  - min_capacitance        0.00
  ------------------------------
    Slack                  0.00  (VIOLATED: increase significant digits)


    Net: io_c_54[21]

    Capacitance            0.00
  - min_capacitance        0.00
  ------------------------------
    Slack                  0.00  (VIOLATED: increase significant digits)


    Net: io_c_54[22]

    Capacitance            0.00
  - min_capacitance        0.00
  ------------------------------
    Slack                  0.00  (VIOLATED: increase significant digits)


    Net: io_c_54[23]

    Capacitance            0.00
  - min_capacitance        0.00
  ------------------------------
    Slack                  0.00  (VIOLATED: increase significant digits)


    Net: io_c_55[0]

    Capacitance            0.00
  - min_capacitance        0.00
  ------------------------------
    Slack                  0.00  (VIOLATED: increase significant digits)


    Net: io_c_55[1]

    Capacitance            0.00
  - min_capacitance        0.00
  ------------------------------
    Slack                  0.00  (VIOLATED: increase significant digits)


    Net: io_c_55[2]

    Capacitance            0.00
  - min_capacitance        0.00
  ------------------------------
    Slack                  0.00  (VIOLATED: increase significant digits)


    Net: io_c_55[3]

    Capacitance            0.00
  - min_capacitance        0.00
  ------------------------------
    Slack                  0.00  (VIOLATED: increase significant digits)


    Net: io_c_55[4]

    Capacitance            0.00
  - min_capacitance        0.00
  ------------------------------
    Slack                  0.00  (VIOLATED: increase significant digits)


    Net: io_c_55[5]

    Capacitance            0.00
  - min_capacitance        0.00
  ------------------------------
    Slack                  0.00  (VIOLATED: increase significant digits)


    Net: io_c_55[6]

    Capacitance            0.00
  - min_capacitance        0.00
  ------------------------------
    Slack                  0.00  (VIOLATED: increase significant digits)


    Net: io_c_55[7]

    Capacitance            0.00
  - min_capacitance        0.00
  ------------------------------
    Slack                  0.00  (VIOLATED: increase significant digits)


    Net: io_c_55[8]

    Capacitance            0.00
  - min_capacitance        0.00
  ------------------------------
    Slack                  0.00  (VIOLATED: increase significant digits)


    Net: io_c_55[9]

    Capacitance            0.00
  - min_capacitance        0.00
  ------------------------------
    Slack                  0.00  (VIOLATED: increase significant digits)


    Net: io_c_55[10]

    Capacitance            0.00
  - min_capacitance        0.00
  ------------------------------
    Slack                  0.00  (VIOLATED: increase significant digits)


    Net: io_c_55[11]

    Capacitance            0.00
  - min_capacitance        0.00
  ------------------------------
    Slack                  0.00  (VIOLATED: increase significant digits)


    Net: io_c_55[12]

    Capacitance            0.00
  - min_capacitance        0.00
  ------------------------------
    Slack                  0.00  (VIOLATED: increase significant digits)


    Net: io_c_55[13]

    Capacitance            0.00
  - min_capacitance        0.00
  ------------------------------
    Slack                  0.00  (VIOLATED: increase significant digits)


    Net: io_c_55[14]

    Capacitance            0.00
  - min_capacitance        0.00
  ------------------------------
    Slack                  0.00  (VIOLATED: increase significant digits)


    Net: io_c_55[15]

    Capacitance            0.00
  - min_capacitance        0.00
  ------------------------------
    Slack                  0.00  (VIOLATED: increase significant digits)


    Net: io_c_55[16]

    Capacitance            0.00
  - min_capacitance        0.00
  ------------------------------
    Slack                  0.00  (VIOLATED: increase significant digits)


    Net: io_c_55[17]

    Capacitance            0.00
  - min_capacitance        0.00
  ------------------------------
    Slack                  0.00  (VIOLATED: increase significant digits)


    Net: io_c_55[18]

    Capacitance            0.00
  - min_capacitance        0.00
  ------------------------------
    Slack                  0.00  (VIOLATED: increase significant digits)


    Net: io_c_55[19]

    Capacitance            0.00
  - min_capacitance        0.00
  ------------------------------
    Slack                  0.00  (VIOLATED: increase significant digits)


    Net: io_c_55[20]

    Capacitance            0.00
  - min_capacitance        0.00
  ------------------------------
    Slack                  0.00  (VIOLATED: increase significant digits)


    Net: io_c_55[21]

    Capacitance            0.00
  - min_capacitance        0.00
  ------------------------------
    Slack                  0.00  (VIOLATED: increase significant digits)


    Net: io_c_55[22]

    Capacitance            0.00
  - min_capacitance        0.00
  ------------------------------
    Slack                  0.00  (VIOLATED: increase significant digits)


    Net: io_c_55[23]

    Capacitance            0.00
  - min_capacitance        0.00
  ------------------------------
    Slack                  0.00  (VIOLATED: increase significant digits)


    Net: io_c_56[0]

    Capacitance            0.00
  - min_capacitance        0.00
  ------------------------------
    Slack                  0.00  (VIOLATED: increase significant digits)


    Net: io_c_56[1]

    Capacitance            0.00
  - min_capacitance        0.00
  ------------------------------
    Slack                  0.00  (VIOLATED: increase significant digits)


    Net: io_c_56[2]

    Capacitance            0.00
  - min_capacitance        0.00
  ------------------------------
    Slack                  0.00  (VIOLATED: increase significant digits)


    Net: io_c_56[3]

    Capacitance            0.00
  - min_capacitance        0.00
  ------------------------------
    Slack                  0.00  (VIOLATED: increase significant digits)


    Net: io_c_56[4]

    Capacitance            0.00
  - min_capacitance        0.00
  ------------------------------
    Slack                  0.00  (VIOLATED: increase significant digits)


    Net: io_c_56[5]

    Capacitance            0.00
  - min_capacitance        0.00
  ------------------------------
    Slack                  0.00  (VIOLATED: increase significant digits)


    Net: io_c_56[6]

    Capacitance            0.00
  - min_capacitance        0.00
  ------------------------------
    Slack                  0.00  (VIOLATED: increase significant digits)


    Net: io_c_56[7]

    Capacitance            0.00
  - min_capacitance        0.00
  ------------------------------
    Slack                  0.00  (VIOLATED: increase significant digits)


    Net: io_c_56[8]

    Capacitance            0.00
  - min_capacitance        0.00
  ------------------------------
    Slack                  0.00  (VIOLATED: increase significant digits)


    Net: io_c_56[9]

    Capacitance            0.00
  - min_capacitance        0.00
  ------------------------------
    Slack                  0.00  (VIOLATED: increase significant digits)


    Net: io_c_56[10]

    Capacitance            0.00
  - min_capacitance        0.00
  ------------------------------
    Slack                  0.00  (VIOLATED: increase significant digits)


    Net: io_c_56[11]

    Capacitance            0.00
  - min_capacitance        0.00
  ------------------------------
    Slack                  0.00  (VIOLATED: increase significant digits)


    Net: io_c_56[12]

    Capacitance            0.00
  - min_capacitance        0.00
  ------------------------------
    Slack                  0.00  (VIOLATED: increase significant digits)


    Net: io_c_56[13]

    Capacitance            0.00
  - min_capacitance        0.00
  ------------------------------
    Slack                  0.00  (VIOLATED: increase significant digits)


    Net: io_c_56[14]

    Capacitance            0.00
  - min_capacitance        0.00
  ------------------------------
    Slack                  0.00  (VIOLATED: increase significant digits)


    Net: io_c_56[15]

    Capacitance            0.00
  - min_capacitance        0.00
  ------------------------------
    Slack                  0.00  (VIOLATED: increase significant digits)


    Net: io_c_56[16]

    Capacitance            0.00
  - min_capacitance        0.00
  ------------------------------
    Slack                  0.00  (VIOLATED: increase significant digits)


    Net: io_c_56[17]

    Capacitance            0.00
  - min_capacitance        0.00
  ------------------------------
    Slack                  0.00  (VIOLATED: increase significant digits)


    Net: io_c_56[18]

    Capacitance            0.00
  - min_capacitance        0.00
  ------------------------------
    Slack                  0.00  (VIOLATED: increase significant digits)


    Net: io_c_56[19]

    Capacitance            0.00
  - min_capacitance        0.00
  ------------------------------
    Slack                  0.00  (VIOLATED: increase significant digits)


    Net: io_c_56[20]

    Capacitance            0.00
  - min_capacitance        0.00
  ------------------------------
    Slack                  0.00  (VIOLATED: increase significant digits)


    Net: io_c_56[21]

    Capacitance            0.00
  - min_capacitance        0.00
  ------------------------------
    Slack                  0.00  (VIOLATED: increase significant digits)


    Net: io_c_56[22]

    Capacitance            0.00
  - min_capacitance        0.00
  ------------------------------
    Slack                  0.00  (VIOLATED: increase significant digits)


    Net: io_c_56[23]

    Capacitance            0.00
  - min_capacitance        0.00
  ------------------------------
    Slack                  0.00  (VIOLATED: increase significant digits)


    Net: io_c_57[0]

    Capacitance            0.00
  - min_capacitance        0.00
  ------------------------------
    Slack                  0.00  (VIOLATED: increase significant digits)


    Net: io_c_57[1]

    Capacitance            0.00
  - min_capacitance        0.00
  ------------------------------
    Slack                  0.00  (VIOLATED: increase significant digits)


    Net: io_c_57[2]

    Capacitance            0.00
  - min_capacitance        0.00
  ------------------------------
    Slack                  0.00  (VIOLATED: increase significant digits)


    Net: io_c_57[3]

    Capacitance            0.00
  - min_capacitance        0.00
  ------------------------------
    Slack                  0.00  (VIOLATED: increase significant digits)


    Net: io_c_57[4]

    Capacitance            0.00
  - min_capacitance        0.00
  ------------------------------
    Slack                  0.00  (VIOLATED: increase significant digits)


    Net: io_c_57[5]

    Capacitance            0.00
  - min_capacitance        0.00
  ------------------------------
    Slack                  0.00  (VIOLATED: increase significant digits)


    Net: io_c_57[6]

    Capacitance            0.00
  - min_capacitance        0.00
  ------------------------------
    Slack                  0.00  (VIOLATED: increase significant digits)


    Net: io_c_57[7]

    Capacitance            0.00
  - min_capacitance        0.00
  ------------------------------
    Slack                  0.00  (VIOLATED: increase significant digits)


    Net: io_c_57[8]

    Capacitance            0.00
  - min_capacitance        0.00
  ------------------------------
    Slack                  0.00  (VIOLATED: increase significant digits)


    Net: io_c_57[9]

    Capacitance            0.00
  - min_capacitance        0.00
  ------------------------------
    Slack                  0.00  (VIOLATED: increase significant digits)


    Net: io_c_57[10]

    Capacitance            0.00
  - min_capacitance        0.00
  ------------------------------
    Slack                  0.00  (VIOLATED: increase significant digits)


    Net: io_c_57[11]

    Capacitance            0.00
  - min_capacitance        0.00
  ------------------------------
    Slack                  0.00  (VIOLATED: increase significant digits)


    Net: io_c_57[12]

    Capacitance            0.00
  - min_capacitance        0.00
  ------------------------------
    Slack                  0.00  (VIOLATED: increase significant digits)


    Net: io_c_57[13]

    Capacitance            0.00
  - min_capacitance        0.00
  ------------------------------
    Slack                  0.00  (VIOLATED: increase significant digits)


    Net: io_c_57[14]

    Capacitance            0.00
  - min_capacitance        0.00
  ------------------------------
    Slack                  0.00  (VIOLATED: increase significant digits)


    Net: io_c_57[15]

    Capacitance            0.00
  - min_capacitance        0.00
  ------------------------------
    Slack                  0.00  (VIOLATED: increase significant digits)


    Net: io_c_57[16]

    Capacitance            0.00
  - min_capacitance        0.00
  ------------------------------
    Slack                  0.00  (VIOLATED: increase significant digits)


    Net: io_c_57[17]

    Capacitance            0.00
  - min_capacitance        0.00
  ------------------------------
    Slack                  0.00  (VIOLATED: increase significant digits)


    Net: io_c_57[18]

    Capacitance            0.00
  - min_capacitance        0.00
  ------------------------------
    Slack                  0.00  (VIOLATED: increase significant digits)


    Net: io_c_57[19]

    Capacitance            0.00
  - min_capacitance        0.00
  ------------------------------
    Slack                  0.00  (VIOLATED: increase significant digits)


    Net: io_c_57[20]

    Capacitance            0.00
  - min_capacitance        0.00
  ------------------------------
    Slack                  0.00  (VIOLATED: increase significant digits)


    Net: io_c_57[21]

    Capacitance            0.00
  - min_capacitance        0.00
  ------------------------------
    Slack                  0.00  (VIOLATED: increase significant digits)


    Net: io_c_57[22]

    Capacitance            0.00
  - min_capacitance        0.00
  ------------------------------
    Slack                  0.00  (VIOLATED: increase significant digits)


    Net: io_c_57[23]

    Capacitance            0.00
  - min_capacitance        0.00
  ------------------------------
    Slack                  0.00  (VIOLATED: increase significant digits)


    Net: io_c_58[0]

    Capacitance            0.00
  - min_capacitance        0.00
  ------------------------------
    Slack                  0.00  (VIOLATED: increase significant digits)


    Net: io_c_58[1]

    Capacitance            0.00
  - min_capacitance        0.00
  ------------------------------
    Slack                  0.00  (VIOLATED: increase significant digits)


    Net: io_c_58[2]

    Capacitance            0.00
  - min_capacitance        0.00
  ------------------------------
    Slack                  0.00  (VIOLATED: increase significant digits)


    Net: io_c_58[3]

    Capacitance            0.00
  - min_capacitance        0.00
  ------------------------------
    Slack                  0.00  (VIOLATED: increase significant digits)


    Net: io_c_58[4]

    Capacitance            0.00
  - min_capacitance        0.00
  ------------------------------
    Slack                  0.00  (VIOLATED: increase significant digits)


    Net: io_c_58[5]

    Capacitance            0.00
  - min_capacitance        0.00
  ------------------------------
    Slack                  0.00  (VIOLATED: increase significant digits)


    Net: io_c_58[6]

    Capacitance            0.00
  - min_capacitance        0.00
  ------------------------------
    Slack                  0.00  (VIOLATED: increase significant digits)


    Net: io_c_58[7]

    Capacitance            0.00
  - min_capacitance        0.00
  ------------------------------
    Slack                  0.00  (VIOLATED: increase significant digits)


    Net: io_c_58[8]

    Capacitance            0.00
  - min_capacitance        0.00
  ------------------------------
    Slack                  0.00  (VIOLATED: increase significant digits)


    Net: io_c_58[9]

    Capacitance            0.00
  - min_capacitance        0.00
  ------------------------------
    Slack                  0.00  (VIOLATED: increase significant digits)


    Net: io_c_58[10]

    Capacitance            0.00
  - min_capacitance        0.00
  ------------------------------
    Slack                  0.00  (VIOLATED: increase significant digits)


    Net: io_c_58[11]

    Capacitance            0.00
  - min_capacitance        0.00
  ------------------------------
    Slack                  0.00  (VIOLATED: increase significant digits)


    Net: io_c_58[12]

    Capacitance            0.00
  - min_capacitance        0.00
  ------------------------------
    Slack                  0.00  (VIOLATED: increase significant digits)


    Net: io_c_58[13]

    Capacitance            0.00
  - min_capacitance        0.00
  ------------------------------
    Slack                  0.00  (VIOLATED: increase significant digits)


    Net: io_c_58[14]

    Capacitance            0.00
  - min_capacitance        0.00
  ------------------------------
    Slack                  0.00  (VIOLATED: increase significant digits)


    Net: io_c_58[15]

    Capacitance            0.00
  - min_capacitance        0.00
  ------------------------------
    Slack                  0.00  (VIOLATED: increase significant digits)


    Net: io_c_58[16]

    Capacitance            0.00
  - min_capacitance        0.00
  ------------------------------
    Slack                  0.00  (VIOLATED: increase significant digits)


    Net: io_c_58[17]

    Capacitance            0.00
  - min_capacitance        0.00
  ------------------------------
    Slack                  0.00  (VIOLATED: increase significant digits)


    Net: io_c_58[18]

    Capacitance            0.00
  - min_capacitance        0.00
  ------------------------------
    Slack                  0.00  (VIOLATED: increase significant digits)


    Net: io_c_58[19]

    Capacitance            0.00
  - min_capacitance        0.00
  ------------------------------
    Slack                  0.00  (VIOLATED: increase significant digits)


    Net: io_c_58[20]

    Capacitance            0.00
  - min_capacitance        0.00
  ------------------------------
    Slack                  0.00  (VIOLATED: increase significant digits)


    Net: io_c_58[21]

    Capacitance            0.00
  - min_capacitance        0.00
  ------------------------------
    Slack                  0.00  (VIOLATED: increase significant digits)


    Net: io_c_58[22]

    Capacitance            0.00
  - min_capacitance        0.00
  ------------------------------
    Slack                  0.00  (VIOLATED: increase significant digits)


    Net: io_c_58[23]

    Capacitance            0.00
  - min_capacitance        0.00
  ------------------------------
    Slack                  0.00  (VIOLATED: increase significant digits)


    Net: io_c_59[0]

    Capacitance            0.00
  - min_capacitance        0.00
  ------------------------------
    Slack                  0.00  (VIOLATED: increase significant digits)


    Net: io_c_59[1]

    Capacitance            0.00
  - min_capacitance        0.00
  ------------------------------
    Slack                  0.00  (VIOLATED: increase significant digits)


    Net: io_c_59[2]

    Capacitance            0.00
  - min_capacitance        0.00
  ------------------------------
    Slack                  0.00  (VIOLATED: increase significant digits)


    Net: io_c_59[3]

    Capacitance            0.00
  - min_capacitance        0.00
  ------------------------------
    Slack                  0.00  (VIOLATED: increase significant digits)


    Net: io_c_59[4]

    Capacitance            0.00
  - min_capacitance        0.00
  ------------------------------
    Slack                  0.00  (VIOLATED: increase significant digits)


    Net: io_c_59[5]

    Capacitance            0.00
  - min_capacitance        0.00
  ------------------------------
    Slack                  0.00  (VIOLATED: increase significant digits)


    Net: io_c_59[6]

    Capacitance            0.00
  - min_capacitance        0.00
  ------------------------------
    Slack                  0.00  (VIOLATED: increase significant digits)


    Net: io_c_59[7]

    Capacitance            0.00
  - min_capacitance        0.00
  ------------------------------
    Slack                  0.00  (VIOLATED: increase significant digits)


    Net: io_c_59[8]

    Capacitance            0.00
  - min_capacitance        0.00
  ------------------------------
    Slack                  0.00  (VIOLATED: increase significant digits)


    Net: io_c_59[9]

    Capacitance            0.00
  - min_capacitance        0.00
  ------------------------------
    Slack                  0.00  (VIOLATED: increase significant digits)


    Net: io_c_59[10]

    Capacitance            0.00
  - min_capacitance        0.00
  ------------------------------
    Slack                  0.00  (VIOLATED: increase significant digits)


    Net: io_c_59[11]

    Capacitance            0.00
  - min_capacitance        0.00
  ------------------------------
    Slack                  0.00  (VIOLATED: increase significant digits)


    Net: io_c_59[12]

    Capacitance            0.00
  - min_capacitance        0.00
  ------------------------------
    Slack                  0.00  (VIOLATED: increase significant digits)


    Net: io_c_59[13]

    Capacitance            0.00
  - min_capacitance        0.00
  ------------------------------
    Slack                  0.00  (VIOLATED: increase significant digits)


    Net: io_c_59[14]

    Capacitance            0.00
  - min_capacitance        0.00
  ------------------------------
    Slack                  0.00  (VIOLATED: increase significant digits)


    Net: io_c_59[15]

    Capacitance            0.00
  - min_capacitance        0.00
  ------------------------------
    Slack                  0.00  (VIOLATED: increase significant digits)


    Net: io_c_59[16]

    Capacitance            0.00
  - min_capacitance        0.00
  ------------------------------
    Slack                  0.00  (VIOLATED: increase significant digits)


    Net: io_c_59[17]

    Capacitance            0.00
  - min_capacitance        0.00
  ------------------------------
    Slack                  0.00  (VIOLATED: increase significant digits)


    Net: io_c_59[18]

    Capacitance            0.00
  - min_capacitance        0.00
  ------------------------------
    Slack                  0.00  (VIOLATED: increase significant digits)


    Net: io_c_59[19]

    Capacitance            0.00
  - min_capacitance        0.00
  ------------------------------
    Slack                  0.00  (VIOLATED: increase significant digits)


    Net: io_c_59[20]

    Capacitance            0.00
  - min_capacitance        0.00
  ------------------------------
    Slack                  0.00  (VIOLATED: increase significant digits)


    Net: io_c_59[21]

    Capacitance            0.00
  - min_capacitance        0.00
  ------------------------------
    Slack                  0.00  (VIOLATED: increase significant digits)


    Net: io_c_59[22]

    Capacitance            0.00
  - min_capacitance        0.00
  ------------------------------
    Slack                  0.00  (VIOLATED: increase significant digits)


    Net: io_c_59[23]

    Capacitance            0.00
  - min_capacitance        0.00
  ------------------------------
    Slack                  0.00  (VIOLATED: increase significant digits)


    Net: io_c_60[0]

    Capacitance            0.00
  - min_capacitance        0.00
  ------------------------------
    Slack                  0.00  (VIOLATED: increase significant digits)


    Net: io_c_60[1]

    Capacitance            0.00
  - min_capacitance        0.00
  ------------------------------
    Slack                  0.00  (VIOLATED: increase significant digits)


    Net: io_c_60[2]

    Capacitance            0.00
  - min_capacitance        0.00
  ------------------------------
    Slack                  0.00  (VIOLATED: increase significant digits)


    Net: io_c_60[3]

    Capacitance            0.00
  - min_capacitance        0.00
  ------------------------------
    Slack                  0.00  (VIOLATED: increase significant digits)


    Net: io_c_60[4]

    Capacitance            0.00
  - min_capacitance        0.00
  ------------------------------
    Slack                  0.00  (VIOLATED: increase significant digits)


    Net: io_c_60[5]

    Capacitance            0.00
  - min_capacitance        0.00
  ------------------------------
    Slack                  0.00  (VIOLATED: increase significant digits)


    Net: io_c_60[6]

    Capacitance            0.00
  - min_capacitance        0.00
  ------------------------------
    Slack                  0.00  (VIOLATED: increase significant digits)


    Net: io_c_60[7]

    Capacitance            0.00
  - min_capacitance        0.00
  ------------------------------
    Slack                  0.00  (VIOLATED: increase significant digits)


    Net: io_c_60[8]

    Capacitance            0.00
  - min_capacitance        0.00
  ------------------------------
    Slack                  0.00  (VIOLATED: increase significant digits)


    Net: io_c_60[9]

    Capacitance            0.00
  - min_capacitance        0.00
  ------------------------------
    Slack                  0.00  (VIOLATED: increase significant digits)


    Net: io_c_60[10]

    Capacitance            0.00
  - min_capacitance        0.00
  ------------------------------
    Slack                  0.00  (VIOLATED: increase significant digits)


    Net: io_c_60[11]

    Capacitance            0.00
  - min_capacitance        0.00
  ------------------------------
    Slack                  0.00  (VIOLATED: increase significant digits)


    Net: io_c_60[12]

    Capacitance            0.00
  - min_capacitance        0.00
  ------------------------------
    Slack                  0.00  (VIOLATED: increase significant digits)


    Net: io_c_60[13]

    Capacitance            0.00
  - min_capacitance        0.00
  ------------------------------
    Slack                  0.00  (VIOLATED: increase significant digits)


    Net: io_c_60[14]

    Capacitance            0.00
  - min_capacitance        0.00
  ------------------------------
    Slack                  0.00  (VIOLATED: increase significant digits)


    Net: io_c_60[15]

    Capacitance            0.00
  - min_capacitance        0.00
  ------------------------------
    Slack                  0.00  (VIOLATED: increase significant digits)


    Net: io_c_60[16]

    Capacitance            0.00
  - min_capacitance        0.00
  ------------------------------
    Slack                  0.00  (VIOLATED: increase significant digits)


    Net: io_c_60[17]

    Capacitance            0.00
  - min_capacitance        0.00
  ------------------------------
    Slack                  0.00  (VIOLATED: increase significant digits)


    Net: io_c_60[18]

    Capacitance            0.00
  - min_capacitance        0.00
  ------------------------------
    Slack                  0.00  (VIOLATED: increase significant digits)


    Net: io_c_60[19]

    Capacitance            0.00
  - min_capacitance        0.00
  ------------------------------
    Slack                  0.00  (VIOLATED: increase significant digits)


    Net: io_c_60[20]

    Capacitance            0.00
  - min_capacitance        0.00
  ------------------------------
    Slack                  0.00  (VIOLATED: increase significant digits)


    Net: io_c_60[21]

    Capacitance            0.00
  - min_capacitance        0.00
  ------------------------------
    Slack                  0.00  (VIOLATED: increase significant digits)


    Net: io_c_60[22]

    Capacitance            0.00
  - min_capacitance        0.00
  ------------------------------
    Slack                  0.00  (VIOLATED: increase significant digits)


    Net: io_c_60[23]

    Capacitance            0.00
  - min_capacitance        0.00
  ------------------------------
    Slack                  0.00  (VIOLATED: increase significant digits)


    Net: io_c_61[0]

    Capacitance            0.00
  - min_capacitance        0.00
  ------------------------------
    Slack                  0.00  (VIOLATED: increase significant digits)


    Net: io_c_61[1]

    Capacitance            0.00
  - min_capacitance        0.00
  ------------------------------
    Slack                  0.00  (VIOLATED: increase significant digits)


    Net: io_c_61[2]

    Capacitance            0.00
  - min_capacitance        0.00
  ------------------------------
    Slack                  0.00  (VIOLATED: increase significant digits)


    Net: io_c_61[3]

    Capacitance            0.00
  - min_capacitance        0.00
  ------------------------------
    Slack                  0.00  (VIOLATED: increase significant digits)


    Net: io_c_61[4]

    Capacitance            0.00
  - min_capacitance        0.00
  ------------------------------
    Slack                  0.00  (VIOLATED: increase significant digits)


    Net: io_c_61[5]

    Capacitance            0.00
  - min_capacitance        0.00
  ------------------------------
    Slack                  0.00  (VIOLATED: increase significant digits)


    Net: io_c_61[6]

    Capacitance            0.00
  - min_capacitance        0.00
  ------------------------------
    Slack                  0.00  (VIOLATED: increase significant digits)


    Net: io_c_61[7]

    Capacitance            0.00
  - min_capacitance        0.00
  ------------------------------
    Slack                  0.00  (VIOLATED: increase significant digits)


    Net: io_c_61[8]

    Capacitance            0.00
  - min_capacitance        0.00
  ------------------------------
    Slack                  0.00  (VIOLATED: increase significant digits)


    Net: io_c_61[9]

    Capacitance            0.00
  - min_capacitance        0.00
  ------------------------------
    Slack                  0.00  (VIOLATED: increase significant digits)


    Net: io_c_61[10]

    Capacitance            0.00
  - min_capacitance        0.00
  ------------------------------
    Slack                  0.00  (VIOLATED: increase significant digits)


    Net: io_c_61[11]

    Capacitance            0.00
  - min_capacitance        0.00
  ------------------------------
    Slack                  0.00  (VIOLATED: increase significant digits)


    Net: io_c_61[12]

    Capacitance            0.00
  - min_capacitance        0.00
  ------------------------------
    Slack                  0.00  (VIOLATED: increase significant digits)


    Net: io_c_61[13]

    Capacitance            0.00
  - min_capacitance        0.00
  ------------------------------
    Slack                  0.00  (VIOLATED: increase significant digits)


    Net: io_c_61[14]

    Capacitance            0.00
  - min_capacitance        0.00
  ------------------------------
    Slack                  0.00  (VIOLATED: increase significant digits)


    Net: io_c_61[15]

    Capacitance            0.00
  - min_capacitance        0.00
  ------------------------------
    Slack                  0.00  (VIOLATED: increase significant digits)


    Net: io_c_61[16]

    Capacitance            0.00
  - min_capacitance        0.00
  ------------------------------
    Slack                  0.00  (VIOLATED: increase significant digits)


    Net: io_c_61[17]

    Capacitance            0.00
  - min_capacitance        0.00
  ------------------------------
    Slack                  0.00  (VIOLATED: increase significant digits)


    Net: io_c_61[18]

    Capacitance            0.00
  - min_capacitance        0.00
  ------------------------------
    Slack                  0.00  (VIOLATED: increase significant digits)


    Net: io_c_61[19]

    Capacitance            0.00
  - min_capacitance        0.00
  ------------------------------
    Slack                  0.00  (VIOLATED: increase significant digits)


    Net: io_c_61[20]

    Capacitance            0.00
  - min_capacitance        0.00
  ------------------------------
    Slack                  0.00  (VIOLATED: increase significant digits)


    Net: io_c_61[21]

    Capacitance            0.00
  - min_capacitance        0.00
  ------------------------------
    Slack                  0.00  (VIOLATED: increase significant digits)


    Net: io_c_61[22]

    Capacitance            0.00
  - min_capacitance        0.00
  ------------------------------
    Slack                  0.00  (VIOLATED: increase significant digits)


    Net: io_c_61[23]

    Capacitance            0.00
  - min_capacitance        0.00
  ------------------------------
    Slack                  0.00  (VIOLATED: increase significant digits)


    Net: io_c_62[0]

    Capacitance            0.00
  - min_capacitance        0.00
  ------------------------------
    Slack                  0.00  (VIOLATED: increase significant digits)


    Net: io_c_62[1]

    Capacitance            0.00
  - min_capacitance        0.00
  ------------------------------
    Slack                  0.00  (VIOLATED: increase significant digits)


    Net: io_c_62[2]

    Capacitance            0.00
  - min_capacitance        0.00
  ------------------------------
    Slack                  0.00  (VIOLATED: increase significant digits)


    Net: io_c_62[3]

    Capacitance            0.00
  - min_capacitance        0.00
  ------------------------------
    Slack                  0.00  (VIOLATED: increase significant digits)


    Net: io_c_62[4]

    Capacitance            0.00
  - min_capacitance        0.00
  ------------------------------
    Slack                  0.00  (VIOLATED: increase significant digits)


    Net: io_c_62[5]

    Capacitance            0.00
  - min_capacitance        0.00
  ------------------------------
    Slack                  0.00  (VIOLATED: increase significant digits)


    Net: io_c_62[6]

    Capacitance            0.00
  - min_capacitance        0.00
  ------------------------------
    Slack                  0.00  (VIOLATED: increase significant digits)


    Net: io_c_62[7]

    Capacitance            0.00
  - min_capacitance        0.00
  ------------------------------
    Slack                  0.00  (VIOLATED: increase significant digits)


    Net: io_c_62[8]

    Capacitance            0.00
  - min_capacitance        0.00
  ------------------------------
    Slack                  0.00  (VIOLATED: increase significant digits)


    Net: io_c_62[9]

    Capacitance            0.00
  - min_capacitance        0.00
  ------------------------------
    Slack                  0.00  (VIOLATED: increase significant digits)


    Net: io_c_62[10]

    Capacitance            0.00
  - min_capacitance        0.00
  ------------------------------
    Slack                  0.00  (VIOLATED: increase significant digits)


    Net: io_c_62[11]

    Capacitance            0.00
  - min_capacitance        0.00
  ------------------------------
    Slack                  0.00  (VIOLATED: increase significant digits)


    Net: io_c_62[12]

    Capacitance            0.00
  - min_capacitance        0.00
  ------------------------------
    Slack                  0.00  (VIOLATED: increase significant digits)


    Net: io_c_62[13]

    Capacitance            0.00
  - min_capacitance        0.00
  ------------------------------
    Slack                  0.00  (VIOLATED: increase significant digits)


    Net: io_c_62[14]

    Capacitance            0.00
  - min_capacitance        0.00
  ------------------------------
    Slack                  0.00  (VIOLATED: increase significant digits)


    Net: io_c_62[15]

    Capacitance            0.00
  - min_capacitance        0.00
  ------------------------------
    Slack                  0.00  (VIOLATED: increase significant digits)


    Net: io_c_62[16]

    Capacitance            0.00
  - min_capacitance        0.00
  ------------------------------
    Slack                  0.00  (VIOLATED: increase significant digits)


    Net: io_c_62[17]

    Capacitance            0.00
  - min_capacitance        0.00
  ------------------------------
    Slack                  0.00  (VIOLATED: increase significant digits)


    Net: io_c_62[18]

    Capacitance            0.00
  - min_capacitance        0.00
  ------------------------------
    Slack                  0.00  (VIOLATED: increase significant digits)


    Net: io_c_62[19]

    Capacitance            0.00
  - min_capacitance        0.00
  ------------------------------
    Slack                  0.00  (VIOLATED: increase significant digits)


    Net: io_c_62[20]

    Capacitance            0.00
  - min_capacitance        0.00
  ------------------------------
    Slack                  0.00  (VIOLATED: increase significant digits)


    Net: io_c_62[21]

    Capacitance            0.00
  - min_capacitance        0.00
  ------------------------------
    Slack                  0.00  (VIOLATED: increase significant digits)


    Net: io_c_62[22]

    Capacitance            0.00
  - min_capacitance        0.00
  ------------------------------
    Slack                  0.00  (VIOLATED: increase significant digits)


    Net: io_c_62[23]

    Capacitance            0.00
  - min_capacitance        0.00
  ------------------------------
    Slack                  0.00  (VIOLATED: increase significant digits)


    Net: io_c_63[0]

    Capacitance            0.00
  - min_capacitance        0.00
  ------------------------------
    Slack                  0.00  (VIOLATED: increase significant digits)


    Net: io_c_63[1]

    Capacitance            0.00
  - min_capacitance        0.00
  ------------------------------
    Slack                  0.00  (VIOLATED: increase significant digits)


    Net: io_c_63[2]

    Capacitance            0.00
  - min_capacitance        0.00
  ------------------------------
    Slack                  0.00  (VIOLATED: increase significant digits)


    Net: io_c_63[3]

    Capacitance            0.00
  - min_capacitance        0.00
  ------------------------------
    Slack                  0.00  (VIOLATED: increase significant digits)


    Net: io_c_63[4]

    Capacitance            0.00
  - min_capacitance        0.00
  ------------------------------
    Slack                  0.00  (VIOLATED: increase significant digits)


    Net: io_c_63[5]

    Capacitance            0.00
  - min_capacitance        0.00
  ------------------------------
    Slack                  0.00  (VIOLATED: increase significant digits)


    Net: io_c_63[6]

    Capacitance            0.00
  - min_capacitance        0.00
  ------------------------------
    Slack                  0.00  (VIOLATED: increase significant digits)


    Net: io_c_63[7]

    Capacitance            0.00
  - min_capacitance        0.00
  ------------------------------
    Slack                  0.00  (VIOLATED: increase significant digits)


    Net: io_c_63[8]

    Capacitance            0.00
  - min_capacitance        0.00
  ------------------------------
    Slack                  0.00  (VIOLATED: increase significant digits)


    Net: io_c_63[9]

    Capacitance            0.00
  - min_capacitance        0.00
  ------------------------------
    Slack                  0.00  (VIOLATED: increase significant digits)


    Net: io_c_63[10]

    Capacitance            0.00
  - min_capacitance        0.00
  ------------------------------
    Slack                  0.00  (VIOLATED: increase significant digits)


    Net: io_c_63[11]

    Capacitance            0.00
  - min_capacitance        0.00
  ------------------------------
    Slack                  0.00  (VIOLATED: increase significant digits)


    Net: io_c_63[12]

    Capacitance            0.00
  - min_capacitance        0.00
  ------------------------------
    Slack                  0.00  (VIOLATED: increase significant digits)


    Net: io_c_63[13]

    Capacitance            0.00
  - min_capacitance        0.00
  ------------------------------
    Slack                  0.00  (VIOLATED: increase significant digits)


    Net: io_c_63[14]

    Capacitance            0.00
  - min_capacitance        0.00
  ------------------------------
    Slack                  0.00  (VIOLATED: increase significant digits)


    Net: io_c_63[15]

    Capacitance            0.00
  - min_capacitance        0.00
  ------------------------------
    Slack                  0.00  (VIOLATED: increase significant digits)


    Net: io_c_63[16]

    Capacitance            0.00
  - min_capacitance        0.00
  ------------------------------
    Slack                  0.00  (VIOLATED: increase significant digits)


    Net: io_c_63[17]

    Capacitance            0.00
  - min_capacitance        0.00
  ------------------------------
    Slack                  0.00  (VIOLATED: increase significant digits)


    Net: io_c_63[18]

    Capacitance            0.00
  - min_capacitance        0.00
  ------------------------------
    Slack                  0.00  (VIOLATED: increase significant digits)


    Net: io_c_63[19]

    Capacitance            0.00
  - min_capacitance        0.00
  ------------------------------
    Slack                  0.00  (VIOLATED: increase significant digits)


    Net: io_c_63[20]

    Capacitance            0.00
  - min_capacitance        0.00
  ------------------------------
    Slack                  0.00  (VIOLATED: increase significant digits)


    Net: io_c_63[21]

    Capacitance            0.00
  - min_capacitance        0.00
  ------------------------------
    Slack                  0.00  (VIOLATED: increase significant digits)


    Net: io_c_63[22]

    Capacitance            0.00
  - min_capacitance        0.00
  ------------------------------
    Slack                  0.00  (VIOLATED: increase significant digits)


    Net: io_c_63[23]

    Capacitance            0.00
  - min_capacitance        0.00
  ------------------------------
    Slack                  0.00  (VIOLATED: increase significant digits)


    Net: io_valid_out

    Capacitance            0.00
  - min_capacitance        0.00
  ------------------------------
    Slack                  0.00  (VIOLATED: increase significant digits)


    Design: core64_a24_b16_c24

    max_area               0.00
  - Current Area       645262.00
  ------------------------------
    Slack              -645262.00  (VIOLATED)


    Design: core64_a24_b16_c24

    max_leakage_power          0.00
  - Current Leakage Power  25005.30
  ----------------------------------
    Slack                  -25005.30  (VIOLATED)


1
