 
****************************************
Report : resources
Design : core16_a24_b14_c24
Version: O-2018.06-SP5
Date   : Tue May 12 13:31:34 2026
****************************************


No resource sharing information to report.

No implementations to report

No resource sharing information to report.
 
****************************************
Design : Interpolation_7
****************************************

No implementations to report
 
****************************************
Design : InterpolationComb_7
****************************************

Resource Report for this hierarchy in file
        /export4/Home/iac01/shiliubowen/Work/BackFlow28/2RtlCode/core16/core16_a24_b14_c24/core16_a24_b14_c24.v
=============================================================================
| Cell           | Module         | Parameters | Contained Operations       |
=============================================================================
| DP_OP_421J3_122_8434            |            |                            |
|                | DP_OP_421J3_122_8434 |      |                            |
=============================================================================

Datapath Report for DP_OP_421J3_122_8434
==============================================================================
| Cell                 | Contained Operations                                |
==============================================================================
| DP_OP_421J3_122_8434 | sub_659 (core16_a24_b14_c24.v:659)                  |
|                      | add_669 (core16_a24_b14_c24.v:669)                  |
|                      | add_657 (core16_a24_b14_c24.v:657)                  |
|                      | sub_672 (core16_a24_b14_c24.v:672)                  |
|                      | sub_674 (core16_a24_b14_c24.v:674)                  |
|                      | add_678 (core16_a24_b14_c24.v:678)                  |
|                      | add_681 (core16_a24_b14_c24.v:681)                  |
|                      | add_684 (core16_a24_b14_c24.v:684)                  |
|                      | add_687 (core16_a24_b14_c24.v:687)                  |
|                      | add_694 (core16_a24_b14_c24.v:694)                  |
|                      | add_700 (core16_a24_b14_c24.v:700)                  |
|                      | sub_676 (core16_a24_b14_c24.v:676)                  |
|                      | sub_677 (core16_a24_b14_c24.v:677)                  |
|                      | add_664 (core16_a24_b14_c24.v:664)                  |
|                      | sub_667 (core16_a24_b14_c24.v:667)                  |
|                      | sub_690 (core16_a24_b14_c24.v:690)                  |
|                      | sub_661 (core16_a24_b14_c24.v:661)                  |
|                      | sub_658 (core16_a24_b14_c24.v:658)                  |
|                      | mult_696 (core16_a24_b14_c24.v:696)                 |
|                      | sub_710 (core16_a24_b14_c24.v:710)                  |
|                      | mult_702 (core16_a24_b14_c24.v:702)                 |
|                      | sub_707 (core16_a24_b14_c24.v:707)                  |
|                      | sub_709 (core16_a24_b14_c24.v:709)                  |
|                      | sub_713 (core16_a24_b14_c24.v:713)                  |
|                      | add_909 (core16_a24_b14_c24.v:909)                  |
|                      | sub_899 (core16_a24_b14_c24.v:899)                  |
|                      | sub_905 (core16_a24_b14_c24.v:905)                  |
|                      | mult_888 (core16_a24_b14_c24.v:888)                 |
|                      | add_843 (core16_a24_b14_c24.v:843)                  |
|                      | sub_858 (core16_a24_b14_c24.v:858)                  |
|                      | sub_860 (core16_a24_b14_c24.v:860)                  |
|                      | add_864 (core16_a24_b14_c24.v:864)                  |
|                      | add_867 (core16_a24_b14_c24.v:867)                  |
|                      | add_870 (core16_a24_b14_c24.v:870)                  |
|                      | add_873 (core16_a24_b14_c24.v:873)                  |
|                      | add_886 (core16_a24_b14_c24.v:886)                  |
|                      | add_880 (core16_a24_b14_c24.v:880)                  |
|                      | add_855 (core16_a24_b14_c24.v:855)                  |
|                      | sub_845 (core16_a24_b14_c24.v:845)                  |
|                      | sub_893 (core16_a24_b14_c24.v:893)                  |
|                      | sub_895 (core16_a24_b14_c24.v:895)                  |
|                      | sub_862 (core16_a24_b14_c24.v:862)                  |
|                      | sub_863 (core16_a24_b14_c24.v:863)                  |
|                      | add_850 (core16_a24_b14_c24.v:850)                  |
|                      | sub_853 (core16_a24_b14_c24.v:853)                  |
|                      | sub_876 (core16_a24_b14_c24.v:876)                  |
|                      | sub_847 (core16_a24_b14_c24.v:847)                  |
|                      | sub_844 (core16_a24_b14_c24.v:844)                  |
|                      | mult_882 (core16_a24_b14_c24.v:882)                 |
|                      | sub_896 (core16_a24_b14_c24.v:896)                  |
|                      | sub_838 (core16_a24_b14_c24.v:838)                  |
|                      | add_917 (core16_a24_b14_c24.v:917)                  |
|                      | mult_827 (core16_a24_b14_c24.v:827)                 |
|                      | add_782 (core16_a24_b14_c24.v:782)                  |
|                      | sub_797 (core16_a24_b14_c24.v:797)                  |
|                      | sub_799 (core16_a24_b14_c24.v:799)                  |
|                      | add_803 (core16_a24_b14_c24.v:803)                  |
|                      | add_806 (core16_a24_b14_c24.v:806)                  |
|                      | add_809 (core16_a24_b14_c24.v:809)                  |
|                      | add_812 (core16_a24_b14_c24.v:812)                  |
|                      | add_825 (core16_a24_b14_c24.v:825)                  |
|                      | add_819 (core16_a24_b14_c24.v:819)                  |
|                      | add_794 (core16_a24_b14_c24.v:794)                  |
|                      | sub_784 (core16_a24_b14_c24.v:784)                  |
|                      | sub_832 (core16_a24_b14_c24.v:832)                  |
|                      | sub_834 (core16_a24_b14_c24.v:834)                  |
|                      | sub_801 (core16_a24_b14_c24.v:801)                  |
|                      | sub_802 (core16_a24_b14_c24.v:802)                  |
|                      | add_789 (core16_a24_b14_c24.v:789)                  |
|                      | sub_792 (core16_a24_b14_c24.v:792)                  |
|                      | sub_815 (core16_a24_b14_c24.v:815)                  |
|                      | sub_786 (core16_a24_b14_c24.v:786)                  |
|                      | sub_783 (core16_a24_b14_c24.v:783)                  |
|                      | mult_821 (core16_a24_b14_c24.v:821)                 |
|                      | sub_835 (core16_a24_b14_c24.v:835)                  |
|                      | sub_777 (core16_a24_b14_c24.v:777)                  |
|                      | add_913 (core16_a24_b14_c24.v:913)                  |
|                      | mult_766 (core16_a24_b14_c24.v:766)                 |
|                      | add_721 (core16_a24_b14_c24.v:721)                  |
|                      | sub_736 (core16_a24_b14_c24.v:736)                  |
|                      | sub_738 (core16_a24_b14_c24.v:738)                  |
|                      | add_742 (core16_a24_b14_c24.v:742)                  |
|                      | add_745 (core16_a24_b14_c24.v:745)                  |
|                      | add_748 (core16_a24_b14_c24.v:748)                  |
|                      | add_751 (core16_a24_b14_c24.v:751)                  |
|                      | add_764 (core16_a24_b14_c24.v:764)                  |
|                      | add_758 (core16_a24_b14_c24.v:758)                  |
|                      | add_733 (core16_a24_b14_c24.v:733)                  |
|                      | sub_723 (core16_a24_b14_c24.v:723)                  |
|                      | sub_771 (core16_a24_b14_c24.v:771)                  |
|                      | sub_773 (core16_a24_b14_c24.v:773)                  |
|                      | sub_740 (core16_a24_b14_c24.v:740)                  |
|                      | sub_741 (core16_a24_b14_c24.v:741)                  |
|                      | add_728 (core16_a24_b14_c24.v:728)                  |
|                      | sub_731 (core16_a24_b14_c24.v:731)                  |
|                      | sub_754 (core16_a24_b14_c24.v:754)                  |
|                      | sub_725 (core16_a24_b14_c24.v:725)                  |
|                      | sub_722 (core16_a24_b14_c24.v:722)                  |
|                      | mult_760 (core16_a24_b14_c24.v:760)                 |
|                      | sub_774 (core16_a24_b14_c24.v:774)                  |
|                      | mult_756 (core16_a24_b14_c24.v:756)                 |
|                      | add_910 (core16_a24_b14_c24.v:910)                  |
|                      | sub_769 (core16_a24_b14_c24.v:769)                  |
|                      | add_841 (core16_a24_b14_c24.v:841)                  |
|                      | mult_817 (core16_a24_b14_c24.v:817)                 |
|                      | add_914 (core16_a24_b14_c24.v:914)                  |
|                      | sub_830 (core16_a24_b14_c24.v:830)                  |
|                      | add_902 (core16_a24_b14_c24.v:902)                  |
|                      | mult_878 (core16_a24_b14_c24.v:878)                 |
|                      | add_918 (core16_a24_b14_c24.v:918)                  |
|                      | sub_891 (core16_a24_b14_c24.v:891)                  |
|                      | sub_904 (core16_a24_b14_c24.v:904)                  |
|                      | mult_692 (core16_a24_b14_c24.v:692)                 |
|                      | sub_906 (core16_a24_b14_c24.v:906)                  |
|                      | sub_705 (core16_a24_b14_c24.v:705)                  |
|                      | add_780 (core16_a24_b14_c24.v:780)                  |
==============================================================================

==============================================================================
|       |      | Data     |       |                                          |
| Var   | Type | Class    | Width | Expression                               |
==============================================================================
| I1    | PI   | Unsigned | 27    |                                          |
| I2    | PI   | Unsigned | 27    |                                          |
| I3    | PI   | Unsigned | 26    |                                          |
| I4    | PI   | Unsigned | 26    |                                          |
| I5    | PI   | Signed   | 26    |                                          |
| I6    | PI   | Signed   | 26    |                                          |
| I7    | PI   | Unsigned | 26    |                                          |
| I8    | PI   | Signed   | 27    |                                          |
| I9    | PI   | Unsigned | 27    |                                          |
| I10   | PI   | Unsigned | 27    |                                          |
| I11   | PI   | Unsigned | 26    |                                          |
| I12   | PI   | Unsigned | 26    |                                          |
| I13   | PI   | Unsigned | 26    |                                          |
| I14   | PI   | Signed   | 26    |                                          |
| I15   | PI   | Unsigned | 26    |                                          |
| I16   | PI   | Unsigned | 27    |                                          |
| I17   | PI   | Unsigned | 27    |                                          |
| I18   | PI   | Signed   | 26    |                                          |
| I19   | PI   | Unsigned | 26    |                                          |
| I20   | PI   | Signed   | 27    |                                          |
| I21   | PI   | Unsigned | 27    |                                          |
| I22   | PI   | Unsigned | 27    |                                          |
| I23   | PI   | Unsigned | 26    |                                          |
| I24   | PI   | Unsigned | 26    |                                          |
| I25   | PI   | Signed   | 26    |                                          |
| I26   | PI   | Unsigned | 26    |                                          |
| I27   | PI   | Unsigned | 27    |                                          |
| I28   | PI   | Unsigned | 27    |                                          |
| I29   | PI   | Signed   | 26    |                                          |
| I30   | PI   | Unsigned | 26    |                                          |
| I31   | PI   | Signed   | 27    |                                          |
| I32   | PI   | Unsigned | 27    |                                          |
| I33   | PI   | Unsigned | 27    |                                          |
| I34   | PI   | Unsigned | 26    |                                          |
| I35   | PI   | Unsigned | 26    |                                          |
| I36   | PI   | Signed   | 26    |                                          |
| I37   | PI   | Unsigned | 26    |                                          |
| I38   | PI   | Unsigned | 27    |                                          |
| I39   | PI   | Unsigned | 27    |                                          |
| I40   | PI   | Signed   | 26    |                                          |
| I41   | PI   | Unsigned | 26    |                                          |
| I42   | PI   | Signed   | 27    |                                          |
| I43   | PI   | Unsigned | 27    |                                          |
| I44   | PI   | Unsigned | 27    |                                          |
| I45   | PI   | Unsigned | 24    |                                          |
| I46   | PI   | Signed   | 24    |                                          |
| I47   | PI   | Unsigned | 24    |                                          |
| I48   | PI   | Signed   | 24    |                                          |
| I49   | PI   | Unsigned | 24    |                                          |
| I50   | PI   | Signed   | 24    |                                          |
| I51   | PI   | Unsigned | 24    |                                          |
| I52   | PI   | Signed   | 24    |                                          |
| T122  | IFO  | Signed   | 26    | O1[26:1]                                 |
| T6    | IFO  | Unsigned | 26    | I3 + T122 (core16_a24_b14_c24.v:669)     |
| T123  | IFO  | Signed   | 26    | T6 << 6                                  |
| T319  | IFO  | Signed   | 26    | T6 - I6 - I7 ( core16_a24_b14_c24.v:676 core16_a24_b14_c24.v:677 ) |
| T125  | IFO  | Signed   | 26    | T319 << 2                                |
| T126  | IFO  | Signed   | 26    | T319 << 3                                |
| T127  | IFO  | Signed   | 26    | T319 << 5                                |
| T402  | IFO  | Signed   | 26    | I4 - T6 + I5 - T123 + T319 + T125 + T126 + T127 ( core16_a24_b14_c24.v:657 core16_a24_b14_c24.v:672 core16_a24_b14_c24.v:674 core16_a24_b14_c24.v:678 core16_a24_b14_c24.v:681 core16_a24_b14_c24.v:684 core16_a24_b14_c24.v:687 core16_a24_b14_c24.v:694 core16_a24_b14_c24.v:700 ) |
| T400  | IFO  | Unsigned | 26    | I11 + T402 ( core16_a24_b14_c24.v:657 core16_a24_b14_c24.v:672 core16_a24_b14_c24.v:674 core16_a24_b14_c24.v:678 core16_a24_b14_c24.v:681 core16_a24_b14_c24.v:684 core16_a24_b14_c24.v:687 core16_a24_b14_c24.v:700 ) |
| T133  | IFO  | Unsigned | 25    | T400[25:1]                               |
| T20   | IFO  | Unsigned | 25    | T133 * $unsigned(24'b111000111000111000111001) (core16_a24_b14_c24.v:702) |
| T135  | IFO  | Signed   | 24    | T20[23:0]                                |
| T136  | IFO  | Signed   | 24    | O1[24:1]                                 |
| T1    | IFO  | Signed   | 27    | I9 - I10 (core16_a24_b14_c24.v:658)      |
| T130  | IFO  | Signed   | 26    | T1[25:0]                                 |
| T398  | IFO  | Unsigned | 26    | T130 + T402 ( core16_a24_b14_c24.v:657 core16_a24_b14_c24.v:672 core16_a24_b14_c24.v:674 core16_a24_b14_c24.v:678 core16_a24_b14_c24.v:681 core16_a24_b14_c24.v:684 core16_a24_b14_c24.v:687 core16_a24_b14_c24.v:694 ) |
| T131  | IFO  | Unsigned | 25    | T398[25:1]                               |
| T18   | IFO  | Unsigned | 25    | T131 * $unsigned(24'b111011101110111011101111) (core16_a24_b14_c24.v:696) |
| T24   | IFO  | Signed   | 25    | T20 - T18 (core16_a24_b14_c24.v:710)     |
| T137  | IFO  | Signed   | 24    | T24[24:1]                                |
| T144  | IFO  | Signed   | 26    | O11[26:1]                                |
| T32   | IFO  | Unsigned | 26    | I37 + T144 (core16_a24_b14_c24.v:733)    |
| T145  | IFO  | Signed   | 26    | T32 << 6                                 |
| T325  | IFO  | Signed   | 26    | T32 - I40 - I41 ( core16_a24_b14_c24.v:740 core16_a24_b14_c24.v:741 ) |
| T147  | IFO  | Signed   | 26    | T325 << 2                                |
| T148  | IFO  | Signed   | 26    | T325 << 3                                |
| T149  | IFO  | Signed   | 26    | T325 << 5                                |
| T408  | IFO  | Signed   | 26    | I35 - T32 + I36 - T145 + T325 + T147 + T148 + T149 ( core16_a24_b14_c24.v:721 core16_a24_b14_c24.v:736 core16_a24_b14_c24.v:738 core16_a24_b14_c24.v:742 core16_a24_b14_c24.v:745 core16_a24_b14_c24.v:748 core16_a24_b14_c24.v:751 core16_a24_b14_c24.v:758 core16_a24_b14_c24.v:764 ) |
| T406  | IFO  | Unsigned | 26    | I34 + T408 ( core16_a24_b14_c24.v:721 core16_a24_b14_c24.v:736 core16_a24_b14_c24.v:738 core16_a24_b14_c24.v:742 core16_a24_b14_c24.v:745 core16_a24_b14_c24.v:748 core16_a24_b14_c24.v:751 core16_a24_b14_c24.v:764 ) |
| T155  | IFO  | Unsigned | 25    | T406[25:1]                               |
| T46   | IFO  | Unsigned | 25    | T155 * $unsigned(24'b111000111000111000111001) (core16_a24_b14_c24.v:766) |
| T27   | IFO  | Signed   | 27    | I43 - I44 (core16_a24_b14_c24.v:722)     |
| T152  | IFO  | Signed   | 26    | T27[25:0]                                |
| T404  | IFO  | Unsigned | 26    | T152 + T408 ( core16_a24_b14_c24.v:721 core16_a24_b14_c24.v:736 core16_a24_b14_c24.v:738 core16_a24_b14_c24.v:742 core16_a24_b14_c24.v:745 core16_a24_b14_c24.v:748 core16_a24_b14_c24.v:751 core16_a24_b14_c24.v:758 ) |
| T153  | IFO  | Unsigned | 25    | T404[25:1]                               |
| T44   | IFO  | Unsigned | 25    | T153 * $unsigned(24'b111011101110111011101111) (core16_a24_b14_c24.v:760) |
| T50   | IFO  | Signed   | 25    | T46 - T44 (core16_a24_b14_c24.v:774)     |
| T159  | IFO  | Signed   | 24    | T50[24:1]                                |
| T190  | IFO  | Signed   | 26    | O5[26:1]                                 |
| T86   | IFO  | Unsigned | 26    | I15 + T190 (core16_a24_b14_c24.v:855)    |
| T191  | IFO  | Signed   | 26    | T86 << 6                                 |
| T337  | IFO  | Signed   | 26    | T86 - I18 - I19 ( core16_a24_b14_c24.v:862 core16_a24_b14_c24.v:863 ) |
| T193  | IFO  | Signed   | 26    | T337 << 2                                |
| T194  | IFO  | Signed   | 26    | T337 << 3                                |
| T195  | IFO  | Signed   | 26    | T337 << 5                                |
| T420  | IFO  | Signed   | 26    | I13 - T86 + I14 - T191 + T337 + T193 + T194 + T195 ( core16_a24_b14_c24.v:843 core16_a24_b14_c24.v:858 core16_a24_b14_c24.v:860 core16_a24_b14_c24.v:864 core16_a24_b14_c24.v:867 core16_a24_b14_c24.v:870 core16_a24_b14_c24.v:873 core16_a24_b14_c24.v:880 core16_a24_b14_c24.v:886 ) |
| T418  | IFO  | Unsigned | 26    | I12 + T420 ( core16_a24_b14_c24.v:843 core16_a24_b14_c24.v:858 core16_a24_b14_c24.v:860 core16_a24_b14_c24.v:864 core16_a24_b14_c24.v:867 core16_a24_b14_c24.v:870 core16_a24_b14_c24.v:873 core16_a24_b14_c24.v:886 ) |
| T201  | IFO  | Unsigned | 25    | T418[25:1]                               |
| T100  | IFO  | Unsigned | 25    | T201 * $unsigned(24'b111000111000111000111001) (core16_a24_b14_c24.v:888) |
| T203  | IFO  | Signed   | 24    | T100[23:0]                               |
| T81   | IFO  | Signed   | 27    | I21 - I22 (core16_a24_b14_c24.v:844)     |
| T198  | IFO  | Signed   | 26    | T81[25:0]                                |
| T416  | IFO  | Unsigned | 26    | T198 + T420 ( core16_a24_b14_c24.v:843 core16_a24_b14_c24.v:858 core16_a24_b14_c24.v:860 core16_a24_b14_c24.v:864 core16_a24_b14_c24.v:867 core16_a24_b14_c24.v:870 core16_a24_b14_c24.v:873 core16_a24_b14_c24.v:880 ) |
| T199  | IFO  | Unsigned | 25    | T416[25:1]                               |
| T98   | IFO  | Unsigned | 25    | T199 * $unsigned(24'b111011101110111011101111) (core16_a24_b14_c24.v:882) |
| T104  | IFO  | Signed   | 25    | T100 - T98 (core16_a24_b14_c24.v:896)    |
| T205  | IFO  | Signed   | 24    | T104[24:1]                               |
| T204  | IFO  | Signed   | 24    | O5[24:1]                                 |
| T167  | IFO  | Signed   | 26    | O8[26:1]                                 |
| T59   | IFO  | Unsigned | 26    | I26 + T167 (core16_a24_b14_c24.v:794)    |
| T168  | IFO  | Signed   | 26    | T59 << 6                                 |
| T331  | IFO  | Signed   | 26    | T59 - I29 - I30 ( core16_a24_b14_c24.v:801 core16_a24_b14_c24.v:802 ) |
| T170  | IFO  | Signed   | 26    | T331 << 2                                |
| T171  | IFO  | Signed   | 26    | T331 << 3                                |
| T172  | IFO  | Signed   | 26    | T331 << 5                                |
| T414  | IFO  | Signed   | 26    | I24 - T59 + I25 - T168 + T331 + T170 + T171 + T172 ( core16_a24_b14_c24.v:782 core16_a24_b14_c24.v:797 core16_a24_b14_c24.v:799 core16_a24_b14_c24.v:803 core16_a24_b14_c24.v:806 core16_a24_b14_c24.v:809 core16_a24_b14_c24.v:812 core16_a24_b14_c24.v:819 core16_a24_b14_c24.v:825 ) |
| T412  | IFO  | Unsigned | 26    | I23 + T414 ( core16_a24_b14_c24.v:782 core16_a24_b14_c24.v:797 core16_a24_b14_c24.v:799 core16_a24_b14_c24.v:803 core16_a24_b14_c24.v:806 core16_a24_b14_c24.v:809 core16_a24_b14_c24.v:812 core16_a24_b14_c24.v:825 ) |
| T178  | IFO  | Unsigned | 25    | T412[25:1]                               |
| T73   | IFO  | Unsigned | 25    | T178 * $unsigned(24'b111000111000111000111001) (core16_a24_b14_c24.v:827) |
| T180  | IFO  | Signed   | 24    | T73[23:0]                                |
| T54   | IFO  | Signed   | 27    | I32 - I33 (core16_a24_b14_c24.v:783)     |
| T175  | IFO  | Signed   | 26    | T54[25:0]                                |
| T410  | IFO  | Unsigned | 26    | T175 + T414 ( core16_a24_b14_c24.v:782 core16_a24_b14_c24.v:797 core16_a24_b14_c24.v:799 core16_a24_b14_c24.v:803 core16_a24_b14_c24.v:806 core16_a24_b14_c24.v:809 core16_a24_b14_c24.v:812 core16_a24_b14_c24.v:819 ) |
| T176  | IFO  | Unsigned | 25    | T410[25:1]                               |
| T71   | IFO  | Unsigned | 25    | T176 * $unsigned(24'b111011101110111011101111) (core16_a24_b14_c24.v:821) |
| T77   | IFO  | Signed   | 25    | T73 - T71 (core16_a24_b14_c24.v:835)     |
| T182  | IFO  | Signed   | 24    | T77[24:1]                                |
| T181  | IFO  | Signed   | 24    | O8[24:1]                                 |
| T157  | IFO  | Signed   | 24    | T46[23:0]                                |
| T158  | IFO  | Signed   | 24    | O11[24:1]                                |
| T29   | IFO  | Signed   | 26    | I35 - I41 (core16_a24_b14_c24.v:725)     |
| T141  | IFO  | Signed   | 27    | T29 << 1                                 |
| T150  | IFO  | Signed   | 27    | T325 << 3                                |
| T324  | IFO  | Signed   | 27    | T141 + T27 - I42 - T150 ( core16_a24_b14_c24.v:728 core16_a24_b14_c24.v:731 core16_a24_b14_c24.v:754 ) |
| T151  | IFO  | Signed   | 24    | T324[26:3]                               |
| T42   | IFO  | Unsigned | 24    | T151 * $unsigned(24'b101010101010101010101011) (core16_a24_b14_c24.v:756) |
| T156  | IFO  | Signed   | 24    | T325[23:0]                               |
| T56   | IFO  | Signed   | 26    | I24 - I30 (core16_a24_b14_c24.v:786)     |
| T164  | IFO  | Signed   | 27    | T56 << 1                                 |
| T173  | IFO  | Signed   | 27    | T331 << 3                                |
| T330  | IFO  | Signed   | 27    | T164 + T54 - I31 - T173 ( core16_a24_b14_c24.v:789 core16_a24_b14_c24.v:792 core16_a24_b14_c24.v:815 ) |
| T174  | IFO  | Signed   | 24    | T330[26:3]                               |
| T69   | IFO  | Unsigned | 24    | T174 * $unsigned(24'b101010101010101010101011) (core16_a24_b14_c24.v:817) |
| T179  | IFO  | Signed   | 24    | T331[23:0]                               |
| T83   | IFO  | Signed   | 26    | I13 - I19 (core16_a24_b14_c24.v:847)     |
| T187  | IFO  | Signed   | 27    | T83 << 1                                 |
| T196  | IFO  | Signed   | 27    | T337 << 3                                |
| T336  | IFO  | Signed   | 27    | T187 + T81 - I20 - T196 ( core16_a24_b14_c24.v:850 core16_a24_b14_c24.v:853 core16_a24_b14_c24.v:876 ) |
| T197  | IFO  | Signed   | 24    | T336[26:3]                               |
| T96   | IFO  | Unsigned | 24    | T197 * $unsigned(24'b101010101010101010101011) (core16_a24_b14_c24.v:878) |
| T202  | IFO  | Signed   | 24    | T337[23:0]                               |
| T3    | IFO  | Signed   | 26    | I4 - I7 (core16_a24_b14_c24.v:661)       |
| T119  | IFO  | Signed   | 27    | T3 << 1                                  |
| T128  | IFO  | Signed   | 27    | T319 << 3                                |
| T318  | IFO  | Signed   | 27    | T119 + T1 - I8 - T128 ( core16_a24_b14_c24.v:664 core16_a24_b14_c24.v:667 core16_a24_b14_c24.v:690 ) |
| T129  | IFO  | Signed   | 24    | T318[26:3]                               |
| T16   | IFO  | Unsigned | 24    | T129 * $unsigned(24'b101010101010101010101011) (core16_a24_b14_c24.v:692) |
| T134  | IFO  | Signed   | 24    | T319[23:0]                               |
| O1    | PO   | Signed   | 27    | I1 - I2 (core16_a24_b14_c24.v:659)       |
| O2    | PO   | Signed   | 24    | $unsigned(1'b0) - T135 - T136 ( core16_a24_b14_c24.v:707 core16_a24_b14_c24.v:709 ) |
| O3    | PO   | Signed   | 24    | T135 - T137 + T159 ( core16_a24_b14_c24.v:713 core16_a24_b14_c24.v:909 ) |
| O4    | PO   | Signed   | 24    | -T203 + T205 + T137 ( core16_a24_b14_c24.v:899 core16_a24_b14_c24.v:905 ) |
| O5    | PO   | Signed   | 27    | I16 - I17 (core16_a24_b14_c24.v:845)     |
| O6    | PO   | Signed   | 24    | $unsigned(1'b0) - T203 - T204 ( core16_a24_b14_c24.v:893 core16_a24_b14_c24.v:895 ) |
| O7    | PO   | Signed   | 24    | T180 - T182 + T205 ( core16_a24_b14_c24.v:838 core16_a24_b14_c24.v:917 ) |
| O8    | PO   | Signed   | 27    | I27 - I28 (core16_a24_b14_c24.v:784)     |
| O9    | PO   | Signed   | 24    | $unsigned(1'b0) - T180 - T181 ( core16_a24_b14_c24.v:832 core16_a24_b14_c24.v:834 ) |
| O10   | PO   | Signed   | 24    | T157 - T159 + T182 ( core16_a24_b14_c24.v:777 core16_a24_b14_c24.v:913 ) |
| O11   | PO   | Signed   | 27    | I38 - I39 (core16_a24_b14_c24.v:723)     |
| O12   | PO   | Signed   | 24    | $unsigned(1'b0) - T157 - T158 ( core16_a24_b14_c24.v:771 core16_a24_b14_c24.v:773 ) |
| O13   | PO   | Unsigned | 24    | T42 + I45 (core16_a24_b14_c24.v:910)     |
| O14   | PO   | Signed   | 24    | T156 - T42 + I46 ( core16_a24_b14_c24.v:769 core16_a24_b14_c24.v:841 ) |
| O15   | PO   | Unsigned | 24    | T69 + I47 (core16_a24_b14_c24.v:914)     |
| O16   | PO   | Signed   | 24    | T179 - T69 + I48 ( core16_a24_b14_c24.v:830 core16_a24_b14_c24.v:902 ) |
| O17   | PO   | Unsigned | 24    | T96 + I49 (core16_a24_b14_c24.v:918)     |
| O18   | PO   | Signed   | 24    | -T202 + T96 + I50 ( core16_a24_b14_c24.v:891 core16_a24_b14_c24.v:904 ) |
| O19   | PO   | Signed   | 24    | T16 - I51 (core16_a24_b14_c24.v:906)     |
| O20   | PO   | Signed   | 24    | T134 - T16 + I52 ( core16_a24_b14_c24.v:705 core16_a24_b14_c24.v:780 ) |
==============================================================================


Implementation Report
===============================================================================
|                    |                  | Current            | Set            |
| Cell               | Module           | Implementation     | Implementation |
===============================================================================
| DP_OP_421J3_122_8434                  |                    |                |
|                    | DP_OP_421J3_122_8434 | str (area)     |                |
===============================================================================

 
****************************************
Design : core4_0
****************************************

Resource Report for this hierarchy in file
        /export4/Home/iac01/shiliubowen/Work/BackFlow28/2RtlCode/core16/core16_a24_b14_c24/core16_a24_b14_c24.v
=============================================================================
| Cell           | Module         | Parameters | Contained Operations       |
=============================================================================
| mult_x_1       | DW_mult_uns    | a_width=24 | mult_456 (core16_a24_b14_c24.v:456) |
        |                | b_width=14 |                            |
| mult_x_2       | DW_mult_uns    | a_width=30 | mult_457 (core16_a24_b14_c24.v:457) |
        |                | b_width=20 |                            |
| mult_x_3       | DW_mult_tc     | a_width=30 | mult_458 (core16_a24_b14_c24.v:458) |
        |                | b_width=23 |                            |
| mult_x_4       | DW_mult_tc     | a_width=30 | mult_459 (core16_a24_b14_c24.v:459) |
        |                | b_width=23 |                            |
| mult_x_5       | DW_mult_uns    | a_width=29 | mult_460 (core16_a24_b14_c24.v:460) |
        |                | b_width=19 |                            |
| mult_x_6       | DW_mult_tc     | a_width=30 | mult_461 (core16_a24_b14_c24.v:461) |
        |                | b_width=23 |                            |
| mult_x_7       | DW_mult_uns    | a_width=24 | mult_462 (core16_a24_b14_c24.v:462) |
        |                | b_width=14 |                            |
=============================================================================


Implementation Report
===============================================================================
|                    |                  | Current            | Set            |
| Cell               | Module           | Implementation     | Implementation |
===============================================================================
| mult_x_1           | DW_mult_uns      | apparch (area)     |                |
|                    |                  | mult_arch: benc_radix8              |
| mult_x_2           | DW_mult_uns      | apparch (area)     |                |
|                    |                  | mult_arch: benc_radix8              |
| mult_x_3           | DW_mult_tc       | apparch (area)     |                |
|                    |                  | mult_arch: benc_radix8              |
| mult_x_4           | DW_mult_tc       | apparch (area)     |                |
|                    |                  | mult_arch: benc_radix8              |
| mult_x_5           | DW_mult_uns      | apparch (area)     |                |
|                    |                  | mult_arch: benc_radix8              |
| mult_x_6           | DW_mult_tc       | apparch (area)     |                |
|                    |                  | mult_arch: benc_radix8              |
| mult_x_7           | DW_mult_uns      | apparch (area)     |                |
|                    |                  | mult_arch: benc_radix8              |
===============================================================================


No resource sharing information to report.
 
****************************************
Design : Interpolation_0
****************************************

No implementations to report
 
****************************************
Design : InterpolationComb_0
****************************************

Resource Report for this hierarchy in file
        /export4/Home/iac01/shiliubowen/Work/BackFlow28/2RtlCode/core16/core16_a24_b14_c24/core16_a24_b14_c24.v
=============================================================================
| Cell           | Module         | Parameters | Contained Operations       |
=============================================================================
| DP_OP_106J13_122_4067           |            |                            |
|                | DP_OP_106J13_122_4067 |     |                            |
=============================================================================

Datapath Report for DP_OP_106J13_122_4067
==============================================================================
| Cell                 | Contained Operations                                |
==============================================================================
| DP_OP_106J13_122_4067 | sub_194 (core16_a24_b14_c24.v:194)                 |
|                      | add_204 (core16_a24_b14_c24.v:204)                  |
|                      | add_192 (core16_a24_b14_c24.v:192)                  |
|                      | sub_207 (core16_a24_b14_c24.v:207)                  |
|                      | sub_209 (core16_a24_b14_c24.v:209)                  |
|                      | add_213 (core16_a24_b14_c24.v:213)                  |
|                      | add_216 (core16_a24_b14_c24.v:216)                  |
|                      | add_219 (core16_a24_b14_c24.v:219)                  |
|                      | add_222 (core16_a24_b14_c24.v:222)                  |
|                      | add_229 (core16_a24_b14_c24.v:229)                  |
|                      | add_235 (core16_a24_b14_c24.v:235)                  |
|                      | sub_211 (core16_a24_b14_c24.v:211)                  |
|                      | sub_212 (core16_a24_b14_c24.v:212)                  |
|                      | add_199 (core16_a24_b14_c24.v:199)                  |
|                      | sub_202 (core16_a24_b14_c24.v:202)                  |
|                      | sub_225 (core16_a24_b14_c24.v:225)                  |
|                      | sub_196 (core16_a24_b14_c24.v:196)                  |
|                      | sub_193 (core16_a24_b14_c24.v:193)                  |
|                      | mult_231 (core16_a24_b14_c24.v:231)                 |
|                      | sub_245 (core16_a24_b14_c24.v:245)                  |
|                      | mult_237 (core16_a24_b14_c24.v:237)                 |
|                      | sub_242 (core16_a24_b14_c24.v:242)                  |
|                      | sub_244 (core16_a24_b14_c24.v:244)                  |
|                      | sub_248 (core16_a24_b14_c24.v:248)                  |
|                      | sub_257 (core16_a24_b14_c24.v:257)                  |
|                      | mult_227 (core16_a24_b14_c24.v:227)                 |
|                      | sub_258 (core16_a24_b14_c24.v:258)                  |
|                      | sub_240 (core16_a24_b14_c24.v:240)                  |
|                      | sub_256 (core16_a24_b14_c24.v:256)                  |
==============================================================================

==============================================================================
|       |      | Data     |       |                                          |
| Var   | Type | Class    | Width | Expression                               |
==============================================================================
| I1    | PI   | Unsigned | 30    |                                          |
| I2    | PI   | Unsigned | 30    |                                          |
| I3    | PI   | Unsigned | 29    |                                          |
| I4    | PI   | Unsigned | 29    |                                          |
| I5    | PI   | Signed   | 29    |                                          |
| I6    | PI   | Signed   | 29    |                                          |
| I7    | PI   | Unsigned | 29    |                                          |
| I8    | PI   | Signed   | 30    |                                          |
| I9    | PI   | Unsigned | 30    |                                          |
| I10   | PI   | Unsigned | 30    |                                          |
| I11   | PI   | Unsigned | 29    |                                          |
| I12   | PI   | Unsigned | 27    |                                          |
| I13   | PI   | Signed   | 27    |                                          |
| T35   | IFO  | Signed   | 29    | O1[29:1]                                 |
| T6    | IFO  | Unsigned | 29    | I3 + T35 (core16_a24_b14_c24.v:204)      |
| T36   | IFO  | Signed   | 29    | T6 << 6                                  |
| T82   | IFO  | Signed   | 29    | T6 - I6 - I7 ( core16_a24_b14_c24.v:211 core16_a24_b14_c24.v:212 ) |
| T38   | IFO  | Signed   | 29    | T82 << 2                                 |
| T39   | IFO  | Signed   | 29    | T82 << 3                                 |
| T40   | IFO  | Signed   | 29    | T82 << 5                                 |
| T105  | IFO  | Signed   | 29    | I4 - T6 + I5 - T36 + T82 + T38 + T39 + T40 ( core16_a24_b14_c24.v:192 core16_a24_b14_c24.v:207 core16_a24_b14_c24.v:209 core16_a24_b14_c24.v:213 core16_a24_b14_c24.v:216 core16_a24_b14_c24.v:219 core16_a24_b14_c24.v:222 core16_a24_b14_c24.v:229 core16_a24_b14_c24.v:235 ) |
| T103  | IFO  | Unsigned | 29    | I11 + T105 ( core16_a24_b14_c24.v:192 core16_a24_b14_c24.v:207 core16_a24_b14_c24.v:209 core16_a24_b14_c24.v:213 core16_a24_b14_c24.v:216 core16_a24_b14_c24.v:219 core16_a24_b14_c24.v:222 core16_a24_b14_c24.v:235 ) |
| T46   | IFO  | Unsigned | 28    | T103[28:1]                               |
| T20   | IFO  | Unsigned | 28    | T46 * $unsigned(28'b1000111000111000111000111001) (core16_a24_b14_c24.v:237) |
| T48   | IFO  | Signed   | 27    | T20[26:0]                                |
| T49   | IFO  | Signed   | 27    | O1[27:1]                                 |
| T1    | IFO  | Signed   | 30    | I9 - I10 (core16_a24_b14_c24.v:193)      |
| T43   | IFO  | Signed   | 29    | T1[28:0]                                 |
| T101  | IFO  | Unsigned | 29    | T43 + T105 ( core16_a24_b14_c24.v:192 core16_a24_b14_c24.v:207 core16_a24_b14_c24.v:209 core16_a24_b14_c24.v:213 core16_a24_b14_c24.v:216 core16_a24_b14_c24.v:219 core16_a24_b14_c24.v:222 core16_a24_b14_c24.v:229 ) |
| T44   | IFO  | Unsigned | 28    | T101[28:1]                               |
| T18   | IFO  | Signed   | 28    | T44 * $signed(26'b10111011101110111011101111) (core16_a24_b14_c24.v:231) |
| T24   | IFO  | Signed   | 28    | T20 - T18 (core16_a24_b14_c24.v:245)     |
| T50   | IFO  | Signed   | 27    | T24[27:1]                                |
| T3    | IFO  | Signed   | 29    | I4 - I7 (core16_a24_b14_c24.v:196)       |
| T32   | IFO  | Signed   | 30    | T3 << 1                                  |
| T41   | IFO  | Signed   | 30    | T82 << 3                                 |
| T81   | IFO  | Signed   | 30    | T32 + T1 - I8 - T41 ( core16_a24_b14_c24.v:199 core16_a24_b14_c24.v:202 core16_a24_b14_c24.v:225 ) |
| T42   | IFO  | Signed   | 27    | T81[29:3]                                |
| T16   | IFO  | Unsigned | 27    | T42 * $unsigned(26'b10101010101010101010101011) (core16_a24_b14_c24.v:227) |
| T47   | IFO  | Signed   | 27    | T82[26:0]                                |
| O1    | PO   | Signed   | 30    | I1 - I2 (core16_a24_b14_c24.v:194)       |
| O2    | PO   | Signed   | 27    | $unsigned(1'b0) - T48 - T49 ( core16_a24_b14_c24.v:242 core16_a24_b14_c24.v:244 ) |
| O3    | PO   | Signed   | 27    | -T48 + T50 + T50 ( core16_a24_b14_c24.v:248 core16_a24_b14_c24.v:257 ) |
| O4    | PO   | Signed   | 27    | T16 - I12 (core16_a24_b14_c24.v:258)     |
| O5    | PO   | Signed   | 27    | -T47 + T16 + I13 ( core16_a24_b14_c24.v:240 core16_a24_b14_c24.v:256 ) |
==============================================================================


Implementation Report
===============================================================================
|                    |                  | Current            | Set            |
| Cell               | Module           | Implementation     | Implementation |
===============================================================================
| DP_OP_106J13_122_4067                 |                    |                |
|                    | DP_OP_106J13_122_4067 | str (area)    |                |
===============================================================================

 
****************************************
Design : Eval_9_0
****************************************

Resource Report for this hierarchy in file
        /export4/Home/iac01/shiliubowen/Work/BackFlow28/2RtlCode/core16/core16_a24_b14_c24/core16_a24_b14_c24.v
=============================================================================
| Cell           | Module         | Parameters | Contained Operations       |
=============================================================================
| DP_OP_54J8_122_990              |            |                            |
|                | DP_OP_54J8_122_990 |        |                            |
| DP_OP_55J8_123_6795             |            |                            |
|                | DP_OP_55J8_123_6795 |       |                            |
| DP_OP_56J8_124_568              |            |                            |
|                | DP_OP_56J8_124_568 |        |                            |
=============================================================================

Datapath Report for DP_OP_54J8_122_990
==============================================================================
| Cell                 | Contained Operations                                |
==============================================================================
| DP_OP_54J8_122_990   | add_158 (core16_a24_b14_c24.v:158)                  |
|                      | add_161 (core16_a24_b14_c24.v:161)                  |
|                      | add_164 (core16_a24_b14_c24.v:164)                  |
==============================================================================

==============================================================================
|       |      | Data     |       |                                          |
| Var   | Type | Class    | Width | Expression                               |
==============================================================================
| I1    | PI   | Unsigned | 14    |                                          |
| I2    | PI   | Unsigned | 15    |                                          |
| I3    | PI   | Unsigned | 14    |                                          |
| I4    | PI   | Unsigned | 14    |                                          |
| T4    | IFO  | Unsigned | 21    | I1 + I2 (core16_a24_b14_c24.v:158)       |
| T18   | IFO  | Unsigned | 22    | T4 << 1                                  |
| T5    | IFO  | Unsigned | 22    | I3 + T18 (core16_a24_b14_c24.v:161)      |
| T19   | IFO  | Unsigned | 23    | T5 << 1                                  |
| O1    | PO   | Unsigned | 23    | I4 + T19 (core16_a24_b14_c24.v:164)      |
==============================================================================

Datapath Report for DP_OP_55J8_123_6795
==============================================================================
| Cell                 | Contained Operations                                |
==============================================================================
| DP_OP_55J8_123_6795  | add_149 (core16_a24_b14_c24.v:149)                  |
|                      | add_148 (core16_a24_b14_c24.v:148)                  |
|                      | add_165 (core16_a24_b14_c24.v:165)                  |
|                      | sub_166 (core16_a24_b14_c24.v:166)                  |
==============================================================================

==============================================================================
|       |      | Data     |       |                                          |
| Var   | Type | Class    | Width | Expression                               |
==============================================================================
| I1    | PI   | Unsigned | 14    |                                          |
| I2    | PI   | Unsigned | 14    |                                          |
| I3    | PI   | Unsigned | 14    |                                          |
| I4    | PI   | Unsigned | 14    |                                          |
| T47   | IFO  | Unsigned | 15    | I1 + I2 ( core16_a24_b14_c24.v:148 core16_a24_b14_c24.v:149 core16_a24_b14_c24.v:165 core16_a24_b14_c24.v:166 ) |
| T53   | IFO  | Unsigned | 15    | I3 + I4 ( core16_a24_b14_c24.v:148 core16_a24_b14_c24.v:149 core16_a24_b14_c24.v:165 core16_a24_b14_c24.v:166 ) |
| O1    | PO   | Unsigned | 23    | T47 + T53 ( core16_a24_b14_c24.v:148 core16_a24_b14_c24.v:149 core16_a24_b14_c24.v:165 ) |
| O2    | PO   | Signed   | 23    | T47 - T53 ( core16_a24_b14_c24.v:148 core16_a24_b14_c24.v:149 core16_a24_b14_c24.v:166 ) |
==============================================================================

Datapath Report for DP_OP_56J8_124_568
==============================================================================
| Cell                 | Contained Operations                                |
==============================================================================
| DP_OP_56J8_124_568   | add_152 (core16_a24_b14_c24.v:152)                  |
|                      | add_155 (core16_a24_b14_c24.v:155)                  |
|                      | add_169 (core16_a24_b14_c24.v:169)                  |
|                      | sub_170 (core16_a24_b14_c24.v:170)                  |
==============================================================================

==============================================================================
|       |      | Data     |       |                                          |
| Var   | Type | Class    | Width | Expression                               |
==============================================================================
| I1    | PI   | Unsigned | 16    |                                          |
| I2    | PI   | Unsigned | 14    |                                          |
| I3    | PI   | Unsigned | 14    |                                          |
| I4    | PI   | Unsigned | 16    |                                          |
| T2    | IFO  | Unsigned | 22    | I1 + I2 (core16_a24_b14_c24.v:152)       |
| T20   | IFO  | Unsigned | 23    | T2 << 1                                  |
| T41   | IFO  | Unsigned | 17    | I3 + I4 ( core16_a24_b14_c24.v:155 core16_a24_b14_c24.v:169 core16_a24_b14_c24.v:170 ) |
| O1    | PO   | Unsigned | 23    | T20 + T41 ( core16_a24_b14_c24.v:155 core16_a24_b14_c24.v:169 ) |
| O2    | PO   | Signed   | 23    | T20 - T41 ( core16_a24_b14_c24.v:155 core16_a24_b14_c24.v:170 ) |
==============================================================================


Implementation Report
===============================================================================
|                    |                  | Current            | Set            |
| Cell               | Module           | Implementation     | Implementation |
===============================================================================
| DP_OP_54J8_122_990 | DP_OP_54J8_122_990 | str (area)       |                |
| DP_OP_55J8_123_6795                   |                    |                |
|                    | DP_OP_55J8_123_6795 | str (area)      |                |
| DP_OP_56J8_124_568 | DP_OP_56J8_124_568 | str (area)       |                |
===============================================================================

 
****************************************
Design : Eval_8_0
****************************************

Resource Report for this hierarchy in file
        /export4/Home/iac01/shiliubowen/Work/BackFlow28/2RtlCode/core16/core16_a24_b14_c24/core16_a24_b14_c24.v
=============================================================================
| Cell           | Module         | Parameters | Contained Operations       |
=============================================================================
| DP_OP_54J5_126_2980             |            |                            |
|                | DP_OP_54J5_126_2980 |       |                            |
| DP_OP_55J5_127_3178             |            |                            |
|                | DP_OP_55J5_127_3178 |       |                            |
| DP_OP_56J5_128_2987             |            |                            |
|                | DP_OP_56J5_128_2987 |       |                            |
=============================================================================

Datapath Report for DP_OP_54J5_126_2980
==============================================================================
| Cell                 | Contained Operations                                |
==============================================================================
| DP_OP_54J5_126_2980  | add_114 (core16_a24_b14_c24.v:114)                  |
|                      | add_117 (core16_a24_b14_c24.v:117)                  |
|                      | add_120 (core16_a24_b14_c24.v:120)                  |
==============================================================================

==============================================================================
|       |      | Data     |       |                                          |
| Var   | Type | Class    | Width | Expression                               |
==============================================================================
| I1    | PI   | Unsigned | 24    |                                          |
| I2    | PI   | Unsigned | 25    |                                          |
| I3    | PI   | Unsigned | 24    |                                          |
| I4    | PI   | Unsigned | 24    |                                          |
| T4    | IFO  | Unsigned | 28    | I1 + I2 (core16_a24_b14_c24.v:114)       |
| T18   | IFO  | Unsigned | 29    | T4 << 1                                  |
| T5    | IFO  | Unsigned | 29    | I3 + T18 (core16_a24_b14_c24.v:117)      |
| T19   | IFO  | Unsigned | 30    | T5 << 1                                  |
| O1    | PO   | Unsigned | 30    | I4 + T19 (core16_a24_b14_c24.v:120)      |
==============================================================================

Datapath Report for DP_OP_55J5_127_3178
==============================================================================
| Cell                 | Contained Operations                                |
==============================================================================
| DP_OP_55J5_127_3178  | add_105 (core16_a24_b14_c24.v:105)                  |
|                      | add_104 (core16_a24_b14_c24.v:104)                  |
|                      | add_121 (core16_a24_b14_c24.v:121)                  |
|                      | sub_122 (core16_a24_b14_c24.v:122)                  |
==============================================================================

==============================================================================
|       |      | Data     |       |                                          |
| Var   | Type | Class    | Width | Expression                               |
==============================================================================
| I1    | PI   | Unsigned | 24    |                                          |
| I2    | PI   | Unsigned | 24    |                                          |
| I3    | PI   | Unsigned | 24    |                                          |
| I4    | PI   | Unsigned | 24    |                                          |
| T47   | IFO  | Unsigned | 25    | I1 + I2 ( core16_a24_b14_c24.v:104 core16_a24_b14_c24.v:105 core16_a24_b14_c24.v:121 core16_a24_b14_c24.v:122 ) |
| T53   | IFO  | Unsigned | 25    | I3 + I4 ( core16_a24_b14_c24.v:104 core16_a24_b14_c24.v:105 core16_a24_b14_c24.v:121 core16_a24_b14_c24.v:122 ) |
| O1    | PO   | Unsigned | 30    | T47 + T53 ( core16_a24_b14_c24.v:104 core16_a24_b14_c24.v:105 core16_a24_b14_c24.v:121 ) |
| O2    | PO   | Signed   | 30    | T47 - T53 ( core16_a24_b14_c24.v:104 core16_a24_b14_c24.v:105 core16_a24_b14_c24.v:122 ) |
==============================================================================

Datapath Report for DP_OP_56J5_128_2987
==============================================================================
| Cell                 | Contained Operations                                |
==============================================================================
| DP_OP_56J5_128_2987  | add_108 (core16_a24_b14_c24.v:108)                  |
|                      | add_111 (core16_a24_b14_c24.v:111)                  |
|                      | add_125 (core16_a24_b14_c24.v:125)                  |
|                      | sub_126 (core16_a24_b14_c24.v:126)                  |
==============================================================================

==============================================================================
|       |      | Data     |       |                                          |
| Var   | Type | Class    | Width | Expression                               |
==============================================================================
| I1    | PI   | Unsigned | 26    |                                          |
| I2    | PI   | Unsigned | 24    |                                          |
| I3    | PI   | Unsigned | 24    |                                          |
| I4    | PI   | Unsigned | 26    |                                          |
| T2    | IFO  | Unsigned | 29    | I1 + I2 (core16_a24_b14_c24.v:108)       |
| T20   | IFO  | Unsigned | 30    | T2 << 1                                  |
| T41   | IFO  | Unsigned | 27    | I3 + I4 ( core16_a24_b14_c24.v:111 core16_a24_b14_c24.v:125 core16_a24_b14_c24.v:126 ) |
| O1    | PO   | Unsigned | 30    | T20 + T41 ( core16_a24_b14_c24.v:111 core16_a24_b14_c24.v:125 ) |
| O2    | PO   | Signed   | 30    | T20 - T41 ( core16_a24_b14_c24.v:111 core16_a24_b14_c24.v:126 ) |
==============================================================================


Implementation Report
===============================================================================
|                    |                  | Current            | Set            |
| Cell               | Module           | Implementation     | Implementation |
===============================================================================
| DP_OP_54J5_126_2980                   |                    |                |
|                    | DP_OP_54J5_126_2980 | str (area)      |                |
| DP_OP_55J5_127_3178                   |                    |                |
|                    | DP_OP_55J5_127_3178 | str (area)      |                |
| DP_OP_56J5_128_2987                   |                    |                |
|                    | DP_OP_56J5_128_2987 | str (area)      |                |
===============================================================================

 
****************************************
Design : core4_1
****************************************

Resource Report for this hierarchy in file
        /export4/Home/iac01/shiliubowen/Work/BackFlow28/2RtlCode/core16/core16_a24_b14_c24/core16_a24_b14_c24.v
=============================================================================
| Cell           | Module         | Parameters | Contained Operations       |
=============================================================================
| mult_x_1       | DW_mult_tc     | a_width=30 | mult_456 (core16_a24_b14_c24.v:456) |
        |                | b_width=23 |                            |
| mult_x_2       | DW_mult_tc     | a_width=30 | mult_457 (core16_a24_b14_c24.v:457) |
        |                | b_width=23 |                            |
| mult_x_3       | DW_mult_tc     | a_width=30 | mult_458 (core16_a24_b14_c24.v:458) |
        |                | b_width=23 |                            |
| mult_x_4       | DW_mult_tc     | a_width=30 | mult_459 (core16_a24_b14_c24.v:459) |
        |                | b_width=23 |                            |
| mult_x_5       | DW_mult_tc     | a_width=30 | mult_460 (core16_a24_b14_c24.v:460) |
        |                | b_width=23 |                            |
| mult_x_6       | DW_mult_tc     | a_width=30 | mult_461 (core16_a24_b14_c24.v:461) |
        |                | b_width=23 |                            |
| mult_x_7       | DW_mult_tc     | a_width=30 | mult_462 (core16_a24_b14_c24.v:462) |
        |                | b_width=23 |                            |
=============================================================================


Implementation Report
===============================================================================
|                    |                  | Current            | Set            |
| Cell               | Module           | Implementation     | Implementation |
===============================================================================
| mult_x_1           | DW_mult_tc       | apparch (area)     |                |
|                    |                  | mult_arch: benc_radix4              |
| mult_x_2           | DW_mult_tc       | apparch (area)     |                |
|                    |                  | mult_arch: benc_radix4              |
| mult_x_3           | DW_mult_tc       | apparch (area)     |                |
|                    |                  | mult_arch: benc_radix8              |
| mult_x_4           | DW_mult_tc       | apparch (area)     |                |
|                    |                  | mult_arch: benc_radix8              |
| mult_x_5           | DW_mult_tc       | apparch (area)     |                |
|                    |                  | mult_arch: benc_radix8              |
| mult_x_6           | DW_mult_tc       | apparch (area)     |                |
|                    |                  | mult_arch: benc_radix8              |
| mult_x_7           | DW_mult_tc       | apparch (area)     |                |
|                    |                  | mult_arch: benc_radix4              |
===============================================================================


No resource sharing information to report.
 
****************************************
Design : Interpolation_1
****************************************

No implementations to report
 
****************************************
Design : InterpolationComb_1
****************************************

Resource Report for this hierarchy in file
        /export4/Home/iac01/shiliubowen/Work/BackFlow28/2RtlCode/core16/core16_a24_b14_c24/core16_a24_b14_c24.v
=============================================================================
| Cell           | Module         | Parameters | Contained Operations       |
=============================================================================
| DP_OP_106J5_122_8896            |            |                            |
|                | DP_OP_106J5_122_8896 |      |                            |
=============================================================================

Datapath Report for DP_OP_106J5_122_8896
==============================================================================
| Cell                 | Contained Operations                                |
==============================================================================
| DP_OP_106J5_122_8896 | sub_194 (core16_a24_b14_c24.v:194)                  |
|                      | add_204 (core16_a24_b14_c24.v:204)                  |
|                      | add_192 (core16_a24_b14_c24.v:192)                  |
|                      | sub_207 (core16_a24_b14_c24.v:207)                  |
|                      | sub_209 (core16_a24_b14_c24.v:209)                  |
|                      | add_213 (core16_a24_b14_c24.v:213)                  |
|                      | add_216 (core16_a24_b14_c24.v:216)                  |
|                      | add_219 (core16_a24_b14_c24.v:219)                  |
|                      | add_222 (core16_a24_b14_c24.v:222)                  |
|                      | add_229 (core16_a24_b14_c24.v:229)                  |
|                      | add_235 (core16_a24_b14_c24.v:235)                  |
|                      | sub_211 (core16_a24_b14_c24.v:211)                  |
|                      | sub_212 (core16_a24_b14_c24.v:212)                  |
|                      | add_199 (core16_a24_b14_c24.v:199)                  |
|                      | sub_202 (core16_a24_b14_c24.v:202)                  |
|                      | sub_225 (core16_a24_b14_c24.v:225)                  |
|                      | sub_196 (core16_a24_b14_c24.v:196)                  |
|                      | sub_193 (core16_a24_b14_c24.v:193)                  |
|                      | mult_231 (core16_a24_b14_c24.v:231)                 |
|                      | sub_245 (core16_a24_b14_c24.v:245)                  |
|                      | mult_237 (core16_a24_b14_c24.v:237)                 |
|                      | sub_242 (core16_a24_b14_c24.v:242)                  |
|                      | sub_244 (core16_a24_b14_c24.v:244)                  |
|                      | sub_248 (core16_a24_b14_c24.v:248)                  |
|                      | sub_257 (core16_a24_b14_c24.v:257)                  |
|                      | mult_227 (core16_a24_b14_c24.v:227)                 |
|                      | sub_258 (core16_a24_b14_c24.v:258)                  |
|                      | sub_240 (core16_a24_b14_c24.v:240)                  |
|                      | sub_256 (core16_a24_b14_c24.v:256)                  |
==============================================================================

==============================================================================
|       |      | Data     |       |                                          |
| Var   | Type | Class    | Width | Expression                               |
==============================================================================
| I1    | PI   | Unsigned | 30    |                                          |
| I2    | PI   | Unsigned | 30    |                                          |
| I3    | PI   | Unsigned | 29    |                                          |
| I4    | PI   | Unsigned | 29    |                                          |
| I5    | PI   | Signed   | 29    |                                          |
| I6    | PI   | Signed   | 29    |                                          |
| I7    | PI   | Unsigned | 29    |                                          |
| I8    | PI   | Signed   | 30    |                                          |
| I9    | PI   | Unsigned | 30    |                                          |
| I10   | PI   | Unsigned | 30    |                                          |
| I11   | PI   | Unsigned | 29    |                                          |
| I12   | PI   | Unsigned | 27    |                                          |
| I13   | PI   | Signed   | 27    |                                          |
| T35   | IFO  | Signed   | 29    | O1[29:1]                                 |
| T6    | IFO  | Unsigned | 29    | I3 + T35 (core16_a24_b14_c24.v:204)      |
| T36   | IFO  | Signed   | 29    | T6 << 6                                  |
| T82   | IFO  | Signed   | 29    | T6 - I6 - I7 ( core16_a24_b14_c24.v:211 core16_a24_b14_c24.v:212 ) |
| T38   | IFO  | Signed   | 29    | T82 << 2                                 |
| T39   | IFO  | Signed   | 29    | T82 << 3                                 |
| T40   | IFO  | Signed   | 29    | T82 << 5                                 |
| T105  | IFO  | Signed   | 29    | I4 - T6 + I5 - T36 + T82 + T38 + T39 + T40 ( core16_a24_b14_c24.v:192 core16_a24_b14_c24.v:207 core16_a24_b14_c24.v:209 core16_a24_b14_c24.v:213 core16_a24_b14_c24.v:216 core16_a24_b14_c24.v:219 core16_a24_b14_c24.v:222 core16_a24_b14_c24.v:229 core16_a24_b14_c24.v:235 ) |
| T103  | IFO  | Unsigned | 29    | I11 + T105 ( core16_a24_b14_c24.v:192 core16_a24_b14_c24.v:207 core16_a24_b14_c24.v:209 core16_a24_b14_c24.v:213 core16_a24_b14_c24.v:216 core16_a24_b14_c24.v:219 core16_a24_b14_c24.v:222 core16_a24_b14_c24.v:235 ) |
| T46   | IFO  | Unsigned | 28    | T103[28:1]                               |
| T20   | IFO  | Unsigned | 28    | T46 * $unsigned(28'b1000111000111000111000111001) (core16_a24_b14_c24.v:237) |
| T48   | IFO  | Signed   | 27    | T20[26:0]                                |
| T49   | IFO  | Signed   | 27    | O1[27:1]                                 |
| T1    | IFO  | Signed   | 30    | I9 - I10 (core16_a24_b14_c24.v:193)      |
| T43   | IFO  | Signed   | 29    | T1[28:0]                                 |
| T101  | IFO  | Unsigned | 29    | T43 + T105 ( core16_a24_b14_c24.v:192 core16_a24_b14_c24.v:207 core16_a24_b14_c24.v:209 core16_a24_b14_c24.v:213 core16_a24_b14_c24.v:216 core16_a24_b14_c24.v:219 core16_a24_b14_c24.v:222 core16_a24_b14_c24.v:229 ) |
| T44   | IFO  | Unsigned | 28    | T101[28:1]                               |
| T18   | IFO  | Signed   | 28    | T44 * $signed(26'b10111011101110111011101111) (core16_a24_b14_c24.v:231) |
| T24   | IFO  | Signed   | 28    | T20 - T18 (core16_a24_b14_c24.v:245)     |
| T50   | IFO  | Signed   | 27    | T24[27:1]                                |
| T3    | IFO  | Signed   | 29    | I4 - I7 (core16_a24_b14_c24.v:196)       |
| T32   | IFO  | Signed   | 30    | T3 << 1                                  |
| T41   | IFO  | Signed   | 30    | T82 << 3                                 |
| T81   | IFO  | Signed   | 30    | T32 + T1 - I8 - T41 ( core16_a24_b14_c24.v:199 core16_a24_b14_c24.v:202 core16_a24_b14_c24.v:225 ) |
| T42   | IFO  | Signed   | 27    | T81[29:3]                                |
| T16   | IFO  | Unsigned | 27    | T42 * $unsigned(26'b10101010101010101010101011) (core16_a24_b14_c24.v:227) |
| T47   | IFO  | Signed   | 27    | T82[26:0]                                |
| O1    | PO   | Signed   | 30    | I1 - I2 (core16_a24_b14_c24.v:194)       |
| O2    | PO   | Signed   | 27    | $unsigned(1'b0) - T48 - T49 ( core16_a24_b14_c24.v:242 core16_a24_b14_c24.v:244 ) |
| O3    | PO   | Signed   | 27    | -T48 + T50 + T50 ( core16_a24_b14_c24.v:248 core16_a24_b14_c24.v:257 ) |
| O4    | PO   | Signed   | 27    | T16 - I12 (core16_a24_b14_c24.v:258)     |
| O5    | PO   | Signed   | 27    | -T47 + T16 + I13 ( core16_a24_b14_c24.v:240 core16_a24_b14_c24.v:256 ) |
==============================================================================


Implementation Report
===============================================================================
|                    |                  | Current            | Set            |
| Cell               | Module           | Implementation     | Implementation |
===============================================================================
| DP_OP_106J5_122_8896                  |                    |                |
|                    | DP_OP_106J5_122_8896 | str (area)     |                |
===============================================================================

 
****************************************
Design : Eval_9_1
****************************************

Resource Report for this hierarchy in file
        /export4/Home/iac01/shiliubowen/Work/BackFlow28/2RtlCode/core16/core16_a24_b14_c24/core16_a24_b14_c24.v
=============================================================================
| Cell           | Module         | Parameters | Contained Operations       |
=============================================================================
| DP_OP_53J12_122_4467            |            |                            |
|                | DP_OP_53J12_122_4467 |      |                            |
| DP_OP_54J12_123_1582            |            |                            |
|                | DP_OP_54J12_123_1582 |      |                            |
| DP_OP_55J12_124_5235            |            |                            |
|                | DP_OP_55J12_124_5235 |      |                            |
=============================================================================

Datapath Report for DP_OP_53J12_122_4467
==============================================================================
| Cell                 | Contained Operations                                |
==============================================================================
| DP_OP_53J12_122_4467 | add_158 (core16_a24_b14_c24.v:158)                  |
|                      | add_161 (core16_a24_b14_c24.v:161)                  |
|                      | add_164 (core16_a24_b14_c24.v:164)                  |
==============================================================================

==============================================================================
|       |      | Data     |       |                                          |
| Var   | Type | Class    | Width | Expression                               |
==============================================================================
| I1    | PI   | Unsigned | 21    |                                          |
| I2    | PI   | Unsigned | 21    |                                          |
| I3    | PI   | Unsigned | 22    |                                          |
| I4    | PI   | Unsigned | 23    |                                          |
| T4    | IFO  | Unsigned | 21    | I1 + I2 (core16_a24_b14_c24.v:158)       |
| T17   | IFO  | Unsigned | 22    | T4 << 1                                  |
| T5    | IFO  | Unsigned | 22    | I3 + T17 (core16_a24_b14_c24.v:161)      |
| T18   | IFO  | Unsigned | 23    | T5 << 1                                  |
| O1    | PO   | Unsigned | 23    | I4 + T18 (core16_a24_b14_c24.v:164)      |
==============================================================================

Datapath Report for DP_OP_54J12_123_1582
==============================================================================
| Cell                 | Contained Operations                                |
==============================================================================
| DP_OP_54J12_123_1582 | add_149 (core16_a24_b14_c24.v:149)                  |
|                      | add_148 (core16_a24_b14_c24.v:148)                  |
|                      | add_165 (core16_a24_b14_c24.v:165)                  |
|                      | sub_166 (core16_a24_b14_c24.v:166)                  |
==============================================================================

==============================================================================
|       |      | Data     |       |                                          |
| Var   | Type | Class    | Width | Expression                               |
==============================================================================
| I1    | PI   | Unsigned | 23    |                                          |
| I2    | PI   | Unsigned | 23    |                                          |
| I3    | PI   | Unsigned | 23    |                                          |
| I4    | PI   | Unsigned | 23    |                                          |
| T46   | IFO  | Unsigned | 23    | I1 + I2 ( core16_a24_b14_c24.v:148 core16_a24_b14_c24.v:149 core16_a24_b14_c24.v:165 core16_a24_b14_c24.v:166 ) |
| T52   | IFO  | Unsigned | 23    | I3 + I4 ( core16_a24_b14_c24.v:148 core16_a24_b14_c24.v:149 core16_a24_b14_c24.v:165 core16_a24_b14_c24.v:166 ) |
| O1    | PO   | Unsigned | 23    | T46 + T52 ( core16_a24_b14_c24.v:148 core16_a24_b14_c24.v:149 core16_a24_b14_c24.v:165 ) |
| O2    | PO   | Signed   | 23    | T46 - T52 ( core16_a24_b14_c24.v:148 core16_a24_b14_c24.v:149 core16_a24_b14_c24.v:166 ) |
==============================================================================

Datapath Report for DP_OP_55J12_124_5235
==============================================================================
| Cell                 | Contained Operations                                |
==============================================================================
| DP_OP_55J12_124_5235 | add_152 (core16_a24_b14_c24.v:152)                  |
|                      | add_155 (core16_a24_b14_c24.v:155)                  |
|                      | add_169 (core16_a24_b14_c24.v:169)                  |
|                      | sub_170 (core16_a24_b14_c24.v:170)                  |
==============================================================================

==============================================================================
|       |      | Data     |       |                                          |
| Var   | Type | Class    | Width | Expression                               |
==============================================================================
| I1    | PI   | Unsigned | 22    |                                          |
| I2    | PI   | Unsigned | 22    |                                          |
| I3    | PI   | Unsigned | 23    |                                          |
| I4    | PI   | Unsigned | 23    |                                          |
| T2    | IFO  | Unsigned | 22    | I1 + I2 (core16_a24_b14_c24.v:152)       |
| T19   | IFO  | Unsigned | 23    | T2 << 1                                  |
| T40   | IFO  | Unsigned | 23    | I3 + I4 ( core16_a24_b14_c24.v:155 core16_a24_b14_c24.v:169 core16_a24_b14_c24.v:170 ) |
| O1    | PO   | Unsigned | 23    | T19 + T40 ( core16_a24_b14_c24.v:155 core16_a24_b14_c24.v:169 ) |
| O2    | PO   | Signed   | 23    | T19 - T40 ( core16_a24_b14_c24.v:155 core16_a24_b14_c24.v:170 ) |
==============================================================================


Implementation Report
===============================================================================
|                    |                  | Current            | Set            |
| Cell               | Module           | Implementation     | Implementation |
===============================================================================
| DP_OP_53J12_122_4467                  |                    |                |
|                    | DP_OP_53J12_122_4467 | str (area)     |                |
| DP_OP_54J12_123_1582                  |                    |                |
|                    | DP_OP_54J12_123_1582 | str (area)     |                |
| DP_OP_55J12_124_5235                  |                    |                |
|                    | DP_OP_55J12_124_5235 | str (area)     |                |
===============================================================================

 
****************************************
Design : Eval_8_1
****************************************

Resource Report for this hierarchy in file
        /export4/Home/iac01/shiliubowen/Work/BackFlow28/2RtlCode/core16/core16_a24_b14_c24/core16_a24_b14_c24.v
=============================================================================
| Cell           | Module         | Parameters | Contained Operations       |
=============================================================================
| DP_OP_53J13_123_4273            |            |                            |
|                | DP_OP_53J13_123_4273 |      |                            |
| DP_OP_54J13_124_4880            |            |                            |
|                | DP_OP_54J13_124_4880 |      |                            |
| DP_OP_55J13_125_524             |            |                            |
|                | DP_OP_55J13_125_524 |       |                            |
=============================================================================

Datapath Report for DP_OP_53J13_123_4273
==============================================================================
| Cell                 | Contained Operations                                |
==============================================================================
| DP_OP_53J13_123_4273 | add_114 (core16_a24_b14_c24.v:114)                  |
|                      | add_117 (core16_a24_b14_c24.v:117)                  |
|                      | add_120 (core16_a24_b14_c24.v:120)                  |
==============================================================================

==============================================================================
|       |      | Data     |       |                                          |
| Var   | Type | Class    | Width | Expression                               |
==============================================================================
| I1    | PI   | Unsigned | 28    |                                          |
| I2    | PI   | Unsigned | 28    |                                          |
| I3    | PI   | Unsigned | 29    |                                          |
| I4    | PI   | Unsigned | 30    |                                          |
| T4    | IFO  | Unsigned | 28    | I1 + I2 (core16_a24_b14_c24.v:114)       |
| T17   | IFO  | Unsigned | 29    | T4 << 1                                  |
| T5    | IFO  | Unsigned | 29    | I3 + T17 (core16_a24_b14_c24.v:117)      |
| T18   | IFO  | Unsigned | 30    | T5 << 1                                  |
| O1    | PO   | Unsigned | 30    | I4 + T18 (core16_a24_b14_c24.v:120)      |
==============================================================================

Datapath Report for DP_OP_54J13_124_4880
==============================================================================
| Cell                 | Contained Operations                                |
==============================================================================
| DP_OP_54J13_124_4880 | add_105 (core16_a24_b14_c24.v:105)                  |
|                      | add_104 (core16_a24_b14_c24.v:104)                  |
|                      | add_121 (core16_a24_b14_c24.v:121)                  |
|                      | sub_122 (core16_a24_b14_c24.v:122)                  |
==============================================================================

==============================================================================
|       |      | Data     |       |                                          |
| Var   | Type | Class    | Width | Expression                               |
==============================================================================
| I1    | PI   | Unsigned | 30    |                                          |
| I2    | PI   | Unsigned | 30    |                                          |
| I3    | PI   | Unsigned | 30    |                                          |
| I4    | PI   | Unsigned | 30    |                                          |
| T46   | IFO  | Unsigned | 30    | I1 + I2 ( core16_a24_b14_c24.v:104 core16_a24_b14_c24.v:105 core16_a24_b14_c24.v:121 core16_a24_b14_c24.v:122 ) |
| T52   | IFO  | Unsigned | 30    | I3 + I4 ( core16_a24_b14_c24.v:104 core16_a24_b14_c24.v:105 core16_a24_b14_c24.v:121 core16_a24_b14_c24.v:122 ) |
| O1    | PO   | Unsigned | 30    | T46 + T52 ( core16_a24_b14_c24.v:104 core16_a24_b14_c24.v:105 core16_a24_b14_c24.v:121 ) |
| O2    | PO   | Signed   | 30    | T46 - T52 ( core16_a24_b14_c24.v:104 core16_a24_b14_c24.v:105 core16_a24_b14_c24.v:122 ) |
==============================================================================

Datapath Report for DP_OP_55J13_125_524
==============================================================================
| Cell                 | Contained Operations                                |
==============================================================================
| DP_OP_55J13_125_524  | add_108 (core16_a24_b14_c24.v:108)                  |
|                      | add_111 (core16_a24_b14_c24.v:111)                  |
|                      | add_125 (core16_a24_b14_c24.v:125)                  |
|                      | sub_126 (core16_a24_b14_c24.v:126)                  |
==============================================================================

==============================================================================
|       |      | Data     |       |                                          |
| Var   | Type | Class    | Width | Expression                               |
==============================================================================
| I1    | PI   | Unsigned | 29    |                                          |
| I2    | PI   | Unsigned | 29    |                                          |
| I3    | PI   | Unsigned | 30    |                                          |
| I4    | PI   | Unsigned | 30    |                                          |
| T2    | IFO  | Unsigned | 29    | I1 + I2 (core16_a24_b14_c24.v:108)       |
| T19   | IFO  | Unsigned | 30    | T2 << 1                                  |
| T40   | IFO  | Unsigned | 30    | I3 + I4 ( core16_a24_b14_c24.v:111 core16_a24_b14_c24.v:125 core16_a24_b14_c24.v:126 ) |
| O1    | PO   | Unsigned | 30    | T19 + T40 ( core16_a24_b14_c24.v:111 core16_a24_b14_c24.v:125 ) |
| O2    | PO   | Signed   | 30    | T19 - T40 ( core16_a24_b14_c24.v:111 core16_a24_b14_c24.v:126 ) |
==============================================================================


Implementation Report
===============================================================================
|                    |                  | Current            | Set            |
| Cell               | Module           | Implementation     | Implementation |
===============================================================================
| DP_OP_53J13_123_4273                  |                    |                |
|                    | DP_OP_53J13_123_4273 | str (area)     |                |
| DP_OP_54J13_124_4880                  |                    |                |
|                    | DP_OP_54J13_124_4880 | str (area)     |                |
| DP_OP_55J13_125_524                   |                    |                |
|                    | DP_OP_55J13_125_524 | str (area)      |                |
===============================================================================

 
****************************************
Design : core4_2
****************************************

Resource Report for this hierarchy in file
        /export4/Home/iac01/shiliubowen/Work/BackFlow28/2RtlCode/core16/core16_a24_b14_c24/core16_a24_b14_c24.v
=============================================================================
| Cell           | Module         | Parameters | Contained Operations       |
=============================================================================
| mult_x_1       | DW_mult_uns    | a_width=29 | mult_456 (core16_a24_b14_c24.v:456) |
        |                | b_width=19 |                            |
| mult_x_2       | DW_mult_tc     | a_width=30 | mult_457 (core16_a24_b14_c24.v:457) |
        |                | b_width=23 |                            |
| mult_x_3       | DW_mult_tc     | a_width=30 | mult_458 (core16_a24_b14_c24.v:458) |
        |                | b_width=23 |                            |
| mult_x_4       | DW_mult_tc     | a_width=30 | mult_459 (core16_a24_b14_c24.v:459) |
        |                | b_width=23 |                            |
| mult_x_5       | DW_mult_tc     | a_width=30 | mult_460 (core16_a24_b14_c24.v:460) |
        |                | b_width=23 |                            |
| mult_x_6       | DW_mult_tc     | a_width=30 | mult_461 (core16_a24_b14_c24.v:461) |
        |                | b_width=23 |                            |
| mult_x_7       | DW_mult_uns    | a_width=29 | mult_462 (core16_a24_b14_c24.v:462) |
        |                | b_width=19 |                            |
=============================================================================


Implementation Report
===============================================================================
|                    |                  | Current            | Set            |
| Cell               | Module           | Implementation     | Implementation |
===============================================================================
| mult_x_1           | DW_mult_uns      | apparch (area)     |                |
|                    |                  | mult_arch: benc_radix8              |
| mult_x_2           | DW_mult_tc       | apparch (area)     |                |
|                    |                  | mult_arch: benc_radix4              |
| mult_x_3           | DW_mult_tc       | apparch (area)     |                |
|                    |                  | mult_arch: benc_radix8              |
| mult_x_4           | DW_mult_tc       | apparch (area)     |                |
|                    |                  | mult_arch: benc_radix8              |
| mult_x_5           | DW_mult_tc       | apparch (area)     |                |
|                    |                  | mult_arch: benc_radix8              |
| mult_x_6           | DW_mult_tc       | apparch (area)     |                |
|                    |                  | mult_arch: benc_radix8              |
| mult_x_7           | DW_mult_uns      | apparch (area)     |                |
|                    |                  | mult_arch: benc_radix8              |
===============================================================================


No resource sharing information to report.
 
****************************************
Design : Interpolation_2
****************************************

No implementations to report
 
****************************************
Design : InterpolationComb_2
****************************************

Resource Report for this hierarchy in file
        /export4/Home/iac01/shiliubowen/Work/BackFlow28/2RtlCode/core16/core16_a24_b14_c24/core16_a24_b14_c24.v
=============================================================================
| Cell           | Module         | Parameters | Contained Operations       |
=============================================================================
| DP_OP_106J5_122_8896            |            |                            |
|                | DP_OP_106J5_122_8896 |      |                            |
=============================================================================

Datapath Report for DP_OP_106J5_122_8896
==============================================================================
| Cell                 | Contained Operations                                |
==============================================================================
| DP_OP_106J5_122_8896 | sub_194 (core16_a24_b14_c24.v:194)                  |
|                      | add_204 (core16_a24_b14_c24.v:204)                  |
|                      | add_192 (core16_a24_b14_c24.v:192)                  |
|                      | sub_207 (core16_a24_b14_c24.v:207)                  |
|                      | sub_209 (core16_a24_b14_c24.v:209)                  |
|                      | add_213 (core16_a24_b14_c24.v:213)                  |
|                      | add_216 (core16_a24_b14_c24.v:216)                  |
|                      | add_219 (core16_a24_b14_c24.v:219)                  |
|                      | add_222 (core16_a24_b14_c24.v:222)                  |
|                      | add_229 (core16_a24_b14_c24.v:229)                  |
|                      | add_235 (core16_a24_b14_c24.v:235)                  |
|                      | sub_211 (core16_a24_b14_c24.v:211)                  |
|                      | sub_212 (core16_a24_b14_c24.v:212)                  |
|                      | add_199 (core16_a24_b14_c24.v:199)                  |
|                      | sub_202 (core16_a24_b14_c24.v:202)                  |
|                      | sub_225 (core16_a24_b14_c24.v:225)                  |
|                      | sub_196 (core16_a24_b14_c24.v:196)                  |
|                      | sub_193 (core16_a24_b14_c24.v:193)                  |
|                      | mult_231 (core16_a24_b14_c24.v:231)                 |
|                      | sub_245 (core16_a24_b14_c24.v:245)                  |
|                      | mult_237 (core16_a24_b14_c24.v:237)                 |
|                      | sub_242 (core16_a24_b14_c24.v:242)                  |
|                      | sub_244 (core16_a24_b14_c24.v:244)                  |
|                      | sub_248 (core16_a24_b14_c24.v:248)                  |
|                      | sub_257 (core16_a24_b14_c24.v:257)                  |
|                      | mult_227 (core16_a24_b14_c24.v:227)                 |
|                      | sub_258 (core16_a24_b14_c24.v:258)                  |
|                      | sub_240 (core16_a24_b14_c24.v:240)                  |
|                      | sub_256 (core16_a24_b14_c24.v:256)                  |
==============================================================================

==============================================================================
|       |      | Data     |       |                                          |
| Var   | Type | Class    | Width | Expression                               |
==============================================================================
| I1    | PI   | Unsigned | 30    |                                          |
| I2    | PI   | Unsigned | 30    |                                          |
| I3    | PI   | Unsigned | 29    |                                          |
| I4    | PI   | Unsigned | 29    |                                          |
| I5    | PI   | Signed   | 29    |                                          |
| I6    | PI   | Signed   | 29    |                                          |
| I7    | PI   | Unsigned | 29    |                                          |
| I8    | PI   | Signed   | 30    |                                          |
| I9    | PI   | Unsigned | 30    |                                          |
| I10   | PI   | Unsigned | 30    |                                          |
| I11   | PI   | Unsigned | 29    |                                          |
| I12   | PI   | Unsigned | 27    |                                          |
| I13   | PI   | Signed   | 27    |                                          |
| T35   | IFO  | Signed   | 29    | O1[29:1]                                 |
| T6    | IFO  | Unsigned | 29    | I3 + T35 (core16_a24_b14_c24.v:204)      |
| T36   | IFO  | Signed   | 29    | T6 << 6                                  |
| T82   | IFO  | Signed   | 29    | T6 - I6 - I7 ( core16_a24_b14_c24.v:211 core16_a24_b14_c24.v:212 ) |
| T38   | IFO  | Signed   | 29    | T82 << 2                                 |
| T39   | IFO  | Signed   | 29    | T82 << 3                                 |
| T40   | IFO  | Signed   | 29    | T82 << 5                                 |
| T105  | IFO  | Signed   | 29    | I4 - T6 + I5 - T36 + T82 + T38 + T39 + T40 ( core16_a24_b14_c24.v:192 core16_a24_b14_c24.v:207 core16_a24_b14_c24.v:209 core16_a24_b14_c24.v:213 core16_a24_b14_c24.v:216 core16_a24_b14_c24.v:219 core16_a24_b14_c24.v:222 core16_a24_b14_c24.v:229 core16_a24_b14_c24.v:235 ) |
| T103  | IFO  | Unsigned | 29    | I11 + T105 ( core16_a24_b14_c24.v:192 core16_a24_b14_c24.v:207 core16_a24_b14_c24.v:209 core16_a24_b14_c24.v:213 core16_a24_b14_c24.v:216 core16_a24_b14_c24.v:219 core16_a24_b14_c24.v:222 core16_a24_b14_c24.v:235 ) |
| T46   | IFO  | Unsigned | 28    | T103[28:1]                               |
| T20   | IFO  | Unsigned | 28    | T46 * $unsigned(28'b1000111000111000111000111001) (core16_a24_b14_c24.v:237) |
| T48   | IFO  | Signed   | 27    | T20[26:0]                                |
| T49   | IFO  | Signed   | 27    | O1[27:1]                                 |
| T1    | IFO  | Signed   | 30    | I9 - I10 (core16_a24_b14_c24.v:193)      |
| T43   | IFO  | Signed   | 29    | T1[28:0]                                 |
| T101  | IFO  | Unsigned | 29    | T43 + T105 ( core16_a24_b14_c24.v:192 core16_a24_b14_c24.v:207 core16_a24_b14_c24.v:209 core16_a24_b14_c24.v:213 core16_a24_b14_c24.v:216 core16_a24_b14_c24.v:219 core16_a24_b14_c24.v:222 core16_a24_b14_c24.v:229 ) |
| T44   | IFO  | Unsigned | 28    | T101[28:1]                               |
| T18   | IFO  | Signed   | 28    | T44 * $signed(26'b10111011101110111011101111) (core16_a24_b14_c24.v:231) |
| T24   | IFO  | Signed   | 28    | T20 - T18 (core16_a24_b14_c24.v:245)     |
| T50   | IFO  | Signed   | 27    | T24[27:1]                                |
| T3    | IFO  | Signed   | 29    | I4 - I7 (core16_a24_b14_c24.v:196)       |
| T32   | IFO  | Signed   | 30    | T3 << 1                                  |
| T41   | IFO  | Signed   | 30    | T82 << 3                                 |
| T81   | IFO  | Signed   | 30    | T32 + T1 - I8 - T41 ( core16_a24_b14_c24.v:199 core16_a24_b14_c24.v:202 core16_a24_b14_c24.v:225 ) |
| T42   | IFO  | Signed   | 27    | T81[29:3]                                |
| T16   | IFO  | Unsigned | 27    | T42 * $unsigned(26'b10101010101010101010101011) (core16_a24_b14_c24.v:227) |
| T47   | IFO  | Signed   | 27    | T82[26:0]                                |
| O1    | PO   | Signed   | 30    | I1 - I2 (core16_a24_b14_c24.v:194)       |
| O2    | PO   | Signed   | 27    | $unsigned(1'b0) - T48 - T49 ( core16_a24_b14_c24.v:242 core16_a24_b14_c24.v:244 ) |
| O3    | PO   | Signed   | 27    | -T48 + T50 + T50 ( core16_a24_b14_c24.v:248 core16_a24_b14_c24.v:257 ) |
| O4    | PO   | Signed   | 27    | T16 - I12 (core16_a24_b14_c24.v:258)     |
| O5    | PO   | Signed   | 27    | -T47 + T16 + I13 ( core16_a24_b14_c24.v:240 core16_a24_b14_c24.v:256 ) |
==============================================================================


Implementation Report
===============================================================================
|                    |                  | Current            | Set            |
| Cell               | Module           | Implementation     | Implementation |
===============================================================================
| DP_OP_106J5_122_8896                  |                    |                |
|                    | DP_OP_106J5_122_8896 | str (area)     |                |
===============================================================================

 
****************************************
Design : Eval_9_2
****************************************

Resource Report for this hierarchy in file
        /export4/Home/iac01/shiliubowen/Work/BackFlow28/2RtlCode/core16/core16_a24_b14_c24/core16_a24_b14_c24.v
=============================================================================
| Cell           | Module         | Parameters | Contained Operations       |
=============================================================================
| DP_OP_54J9_122_4764             |            |                            |
|                | DP_OP_54J9_122_4764 |       |                            |
| DP_OP_55J9_123_4337             |            |                            |
|                | DP_OP_55J9_123_4337 |       |                            |
| DP_OP_56J9_124_3581             |            |                            |
|                | DP_OP_56J9_124_3581 |       |                            |
=============================================================================

Datapath Report for DP_OP_54J9_122_4764
==============================================================================
| Cell                 | Contained Operations                                |
==============================================================================
| DP_OP_54J9_122_4764  | add_158 (core16_a24_b14_c24.v:158)                  |
|                      | add_161 (core16_a24_b14_c24.v:161)                  |
|                      | add_164 (core16_a24_b14_c24.v:164)                  |
==============================================================================

==============================================================================
|       |      | Data     |       |                                          |
| Var   | Type | Class    | Width | Expression                               |
==============================================================================
| I1    | PI   | Unsigned | 19    |                                          |
| I2    | PI   | Unsigned | 20    |                                          |
| I3    | PI   | Unsigned | 19    |                                          |
| I4    | PI   | Unsigned | 19    |                                          |
| T4    | IFO  | Unsigned | 21    | I1 + I2 (core16_a24_b14_c24.v:158)       |
| T18   | IFO  | Unsigned | 22    | T4 << 1                                  |
| T5    | IFO  | Unsigned | 22    | I3 + T18 (core16_a24_b14_c24.v:161)      |
| T19   | IFO  | Unsigned | 23    | T5 << 1                                  |
| O1    | PO   | Unsigned | 23    | I4 + T19 (core16_a24_b14_c24.v:164)      |
==============================================================================

Datapath Report for DP_OP_55J9_123_4337
==============================================================================
| Cell                 | Contained Operations                                |
==============================================================================
| DP_OP_55J9_123_4337  | add_149 (core16_a24_b14_c24.v:149)                  |
|                      | add_148 (core16_a24_b14_c24.v:148)                  |
|                      | add_165 (core16_a24_b14_c24.v:165)                  |
|                      | sub_166 (core16_a24_b14_c24.v:166)                  |
==============================================================================

==============================================================================
|       |      | Data     |       |                                          |
| Var   | Type | Class    | Width | Expression                               |
==============================================================================
| I1    | PI   | Unsigned | 19    |                                          |
| I2    | PI   | Unsigned | 19    |                                          |
| I3    | PI   | Unsigned | 19    |                                          |
| I4    | PI   | Unsigned | 19    |                                          |
| T47   | IFO  | Unsigned | 20    | I1 + I2 ( core16_a24_b14_c24.v:148 core16_a24_b14_c24.v:149 core16_a24_b14_c24.v:165 core16_a24_b14_c24.v:166 ) |
| T53   | IFO  | Unsigned | 20    | I3 + I4 ( core16_a24_b14_c24.v:148 core16_a24_b14_c24.v:149 core16_a24_b14_c24.v:165 core16_a24_b14_c24.v:166 ) |
| O1    | PO   | Unsigned | 23    | T47 + T53 ( core16_a24_b14_c24.v:148 core16_a24_b14_c24.v:149 core16_a24_b14_c24.v:165 ) |
| O2    | PO   | Signed   | 23    | T47 - T53 ( core16_a24_b14_c24.v:148 core16_a24_b14_c24.v:149 core16_a24_b14_c24.v:166 ) |
==============================================================================

Datapath Report for DP_OP_56J9_124_3581
==============================================================================
| Cell                 | Contained Operations                                |
==============================================================================
| DP_OP_56J9_124_3581  | add_152 (core16_a24_b14_c24.v:152)                  |
|                      | add_155 (core16_a24_b14_c24.v:155)                  |
|                      | add_169 (core16_a24_b14_c24.v:169)                  |
|                      | sub_170 (core16_a24_b14_c24.v:170)                  |
==============================================================================

==============================================================================
|       |      | Data     |       |                                          |
| Var   | Type | Class    | Width | Expression                               |
==============================================================================
| I1    | PI   | Unsigned | 21    |                                          |
| I2    | PI   | Unsigned | 19    |                                          |
| I3    | PI   | Unsigned | 19    |                                          |
| I4    | PI   | Unsigned | 21    |                                          |
| T2    | IFO  | Unsigned | 22    | I1 + I2 (core16_a24_b14_c24.v:152)       |
| T20   | IFO  | Unsigned | 23    | T2 << 1                                  |
| T41   | IFO  | Unsigned | 22    | I3 + I4 ( core16_a24_b14_c24.v:155 core16_a24_b14_c24.v:169 core16_a24_b14_c24.v:170 ) |
| O1    | PO   | Unsigned | 23    | T20 + T41 ( core16_a24_b14_c24.v:155 core16_a24_b14_c24.v:169 ) |
| O2    | PO   | Signed   | 23    | T20 - T41 ( core16_a24_b14_c24.v:155 core16_a24_b14_c24.v:170 ) |
==============================================================================


Implementation Report
===============================================================================
|                    |                  | Current            | Set            |
| Cell               | Module           | Implementation     | Implementation |
===============================================================================
| DP_OP_54J9_122_4764                   |                    |                |
|                    | DP_OP_54J9_122_4764 | str (area)      |                |
| DP_OP_55J9_123_4337                   |                    |                |
|                    | DP_OP_55J9_123_4337 | str (area)      |                |
| DP_OP_56J9_124_3581                   |                    |                |
|                    | DP_OP_56J9_124_3581 | str (area)      |                |
===============================================================================

 
****************************************
Design : Eval_8_2
****************************************

Resource Report for this hierarchy in file
        /export4/Home/iac01/shiliubowen/Work/BackFlow28/2RtlCode/core16/core16_a24_b14_c24/core16_a24_b14_c24.v
=============================================================================
| Cell           | Module         | Parameters | Contained Operations       |
=============================================================================
| DP_OP_55J5_123_1132             |            |                            |
|                | DP_OP_55J5_123_1132 |       |                            |
| DP_OP_56J5_124_2086             |            |                            |
|                | DP_OP_56J5_124_2086 |       |                            |
| DP_OP_57J5_125_2783             |            |                            |
|                | DP_OP_57J5_125_2783 |       |                            |
=============================================================================

Datapath Report for DP_OP_55J5_123_1132
==============================================================================
| Cell                 | Contained Operations                                |
==============================================================================
| DP_OP_55J5_123_1132  | add_114 (core16_a24_b14_c24.v:114)                  |
|                      | add_117 (core16_a24_b14_c24.v:117)                  |
|                      | add_120 (core16_a24_b14_c24.v:120)                  |
==============================================================================

==============================================================================
|       |      | Data     |       |                                          |
| Var   | Type | Class    | Width | Expression                               |
==============================================================================
| I1    | PI   | Unsigned | 28    |                                          |
| I2    | PI   | Unsigned | 28    |                                          |
| I3    | PI   | Unsigned | 29    |                                          |
| I4    | PI   | Unsigned | 29    |                                          |
| T4    | IFO  | Unsigned | 28    | I1 + I2 (core16_a24_b14_c24.v:114)       |
| T19   | IFO  | Unsigned | 29    | T4 << 1                                  |
| T5    | IFO  | Unsigned | 29    | I3 + T19 (core16_a24_b14_c24.v:117)      |
| T20   | IFO  | Unsigned | 30    | T5 << 1                                  |
| O1    | PO   | Unsigned | 30    | I4 + T20 (core16_a24_b14_c24.v:120)      |
==============================================================================

Datapath Report for DP_OP_56J5_124_2086
==============================================================================
| Cell                 | Contained Operations                                |
==============================================================================
| DP_OP_56J5_124_2086  | add_105 (core16_a24_b14_c24.v:105)                  |
|                      | add_104 (core16_a24_b14_c24.v:104)                  |
|                      | add_121 (core16_a24_b14_c24.v:121)                  |
|                      | sub_122 (core16_a24_b14_c24.v:122)                  |
==============================================================================

==============================================================================
|       |      | Data     |       |                                          |
| Var   | Type | Class    | Width | Expression                               |
==============================================================================
| I1    | PI   | Unsigned | 29    |                                          |
| I2    | PI   | Unsigned | 29    |                                          |
| I3    | PI   | Unsigned | 29    |                                          |
| I4    | PI   | Unsigned | 29    |                                          |
| T48   | IFO  | Unsigned | 30    | I1 + I2 ( core16_a24_b14_c24.v:104 core16_a24_b14_c24.v:105 core16_a24_b14_c24.v:121 core16_a24_b14_c24.v:122 ) |
| T54   | IFO  | Unsigned | 30    | I3 + I4 ( core16_a24_b14_c24.v:104 core16_a24_b14_c24.v:105 core16_a24_b14_c24.v:121 core16_a24_b14_c24.v:122 ) |
| O1    | PO   | Unsigned | 30    | T48 + T54 ( core16_a24_b14_c24.v:104 core16_a24_b14_c24.v:105 core16_a24_b14_c24.v:121 ) |
| O2    | PO   | Signed   | 30    | T48 - T54 ( core16_a24_b14_c24.v:104 core16_a24_b14_c24.v:105 core16_a24_b14_c24.v:122 ) |
==============================================================================

Datapath Report for DP_OP_57J5_125_2783
==============================================================================
| Cell                 | Contained Operations                                |
==============================================================================
| DP_OP_57J5_125_2783  | add_108 (core16_a24_b14_c24.v:108)                  |
|                      | add_111 (core16_a24_b14_c24.v:111)                  |
|                      | add_125 (core16_a24_b14_c24.v:125)                  |
|                      | sub_126 (core16_a24_b14_c24.v:126)                  |
==============================================================================

==============================================================================
|       |      | Data     |       |                                          |
| Var   | Type | Class    | Width | Expression                               |
==============================================================================
| I1    | PI   | Unsigned | 29    |                                          |
| I2    | PI   | Unsigned | 29    |                                          |
| I3    | PI   | Unsigned | 29    |                                          |
| I4    | PI   | Unsigned | 30    |                                          |
| T2    | IFO  | Unsigned | 29    | I1 + I2 (core16_a24_b14_c24.v:108)       |
| T21   | IFO  | Unsigned | 30    | T2 << 1                                  |
| T42   | IFO  | Unsigned | 30    | I3 + I4 ( core16_a24_b14_c24.v:111 core16_a24_b14_c24.v:125 core16_a24_b14_c24.v:126 ) |
| O1    | PO   | Unsigned | 30    | T21 + T42 ( core16_a24_b14_c24.v:111 core16_a24_b14_c24.v:125 ) |
| O2    | PO   | Signed   | 30    | T21 - T42 ( core16_a24_b14_c24.v:111 core16_a24_b14_c24.v:126 ) |
==============================================================================


Implementation Report
===============================================================================
|                    |                  | Current            | Set            |
| Cell               | Module           | Implementation     | Implementation |
===============================================================================
| DP_OP_55J5_123_1132                   |                    |                |
|                    | DP_OP_55J5_123_1132 | str (area)      |                |
| DP_OP_56J5_124_2086                   |                    |                |
|                    | DP_OP_56J5_124_2086 | str (area)      |                |
| DP_OP_57J5_125_2783                   |                    |                |
|                    | DP_OP_57J5_125_2783 | str (area)      |                |
===============================================================================

 
****************************************
Design : core4_3
****************************************

Resource Report for this hierarchy in file
        /export4/Home/iac01/shiliubowen/Work/BackFlow28/2RtlCode/core16/core16_a24_b14_c24/core16_a24_b14_c24.v
=============================================================================
| Cell           | Module         | Parameters | Contained Operations       |
=============================================================================
| mult_x_1       | DW_mult_tc     | a_width=30 | mult_456 (core16_a24_b14_c24.v:456) |
        |                | b_width=23 |                            |
| mult_x_2       | DW_mult_tc     | a_width=30 | mult_457 (core16_a24_b14_c24.v:457) |
        |                | b_width=23 |                            |
| mult_x_3       | DW_mult_tc     | a_width=30 | mult_458 (core16_a24_b14_c24.v:458) |
        |                | b_width=23 |                            |
| mult_x_4       | DW_mult_tc     | a_width=30 | mult_459 (core16_a24_b14_c24.v:459) |
        |                | b_width=23 |                            |
| mult_x_5       | DW_mult_tc     | a_width=30 | mult_460 (core16_a24_b14_c24.v:460) |
        |                | b_width=23 |                            |
| mult_x_6       | DW_mult_tc     | a_width=30 | mult_461 (core16_a24_b14_c24.v:461) |
        |                | b_width=23 |                            |
| mult_x_7       | DW_mult_tc     | a_width=30 | mult_462 (core16_a24_b14_c24.v:462) |
        |                | b_width=23 |                            |
=============================================================================


Implementation Report
===============================================================================
|                    |                  | Current            | Set            |
| Cell               | Module           | Implementation     | Implementation |
===============================================================================
| mult_x_1           | DW_mult_tc       | apparch (area)     |                |
|                    |                  | mult_arch: benc_radix4              |
| mult_x_2           | DW_mult_tc       | apparch (area)     |                |
|                    |                  | mult_arch: benc_radix4              |
| mult_x_3           | DW_mult_tc       | apparch (area)     |                |
|                    |                  | mult_arch: benc_radix8              |
| mult_x_4           | DW_mult_tc       | apparch (area)     |                |
|                    |                  | mult_arch: benc_radix8              |
| mult_x_5           | DW_mult_tc       | apparch (area)     |                |
|                    |                  | mult_arch: benc_radix8              |
| mult_x_6           | DW_mult_tc       | apparch (area)     |                |
|                    |                  | mult_arch: benc_radix8              |
| mult_x_7           | DW_mult_tc       | apparch (area)     |                |
|                    |                  | mult_arch: benc_radix4              |
===============================================================================


No resource sharing information to report.
 
****************************************
Design : Interpolation_3
****************************************

No implementations to report
 
****************************************
Design : InterpolationComb_3
****************************************

Resource Report for this hierarchy in file
        /export4/Home/iac01/shiliubowen/Work/BackFlow28/2RtlCode/core16/core16_a24_b14_c24/core16_a24_b14_c24.v
=============================================================================
| Cell           | Module         | Parameters | Contained Operations       |
=============================================================================
| DP_OP_106J5_122_8896            |            |                            |
|                | DP_OP_106J5_122_8896 |      |                            |
=============================================================================

Datapath Report for DP_OP_106J5_122_8896
==============================================================================
| Cell                 | Contained Operations                                |
==============================================================================
| DP_OP_106J5_122_8896 | sub_194 (core16_a24_b14_c24.v:194)                  |
|                      | add_204 (core16_a24_b14_c24.v:204)                  |
|                      | add_192 (core16_a24_b14_c24.v:192)                  |
|                      | sub_207 (core16_a24_b14_c24.v:207)                  |
|                      | sub_209 (core16_a24_b14_c24.v:209)                  |
|                      | add_213 (core16_a24_b14_c24.v:213)                  |
|                      | add_216 (core16_a24_b14_c24.v:216)                  |
|                      | add_219 (core16_a24_b14_c24.v:219)                  |
|                      | add_222 (core16_a24_b14_c24.v:222)                  |
|                      | add_229 (core16_a24_b14_c24.v:229)                  |
|                      | add_235 (core16_a24_b14_c24.v:235)                  |
|                      | sub_211 (core16_a24_b14_c24.v:211)                  |
|                      | sub_212 (core16_a24_b14_c24.v:212)                  |
|                      | add_199 (core16_a24_b14_c24.v:199)                  |
|                      | sub_202 (core16_a24_b14_c24.v:202)                  |
|                      | sub_225 (core16_a24_b14_c24.v:225)                  |
|                      | sub_196 (core16_a24_b14_c24.v:196)                  |
|                      | sub_193 (core16_a24_b14_c24.v:193)                  |
|                      | mult_231 (core16_a24_b14_c24.v:231)                 |
|                      | sub_245 (core16_a24_b14_c24.v:245)                  |
|                      | mult_237 (core16_a24_b14_c24.v:237)                 |
|                      | sub_242 (core16_a24_b14_c24.v:242)                  |
|                      | sub_244 (core16_a24_b14_c24.v:244)                  |
|                      | sub_248 (core16_a24_b14_c24.v:248)                  |
|                      | sub_257 (core16_a24_b14_c24.v:257)                  |
|                      | mult_227 (core16_a24_b14_c24.v:227)                 |
|                      | sub_258 (core16_a24_b14_c24.v:258)                  |
|                      | sub_240 (core16_a24_b14_c24.v:240)                  |
|                      | sub_256 (core16_a24_b14_c24.v:256)                  |
==============================================================================

==============================================================================
|       |      | Data     |       |                                          |
| Var   | Type | Class    | Width | Expression                               |
==============================================================================
| I1    | PI   | Unsigned | 30    |                                          |
| I2    | PI   | Unsigned | 30    |                                          |
| I3    | PI   | Unsigned | 29    |                                          |
| I4    | PI   | Unsigned | 29    |                                          |
| I5    | PI   | Signed   | 29    |                                          |
| I6    | PI   | Signed   | 29    |                                          |
| I7    | PI   | Unsigned | 29    |                                          |
| I8    | PI   | Signed   | 30    |                                          |
| I9    | PI   | Unsigned | 30    |                                          |
| I10   | PI   | Unsigned | 30    |                                          |
| I11   | PI   | Unsigned | 29    |                                          |
| I12   | PI   | Unsigned | 27    |                                          |
| I13   | PI   | Signed   | 27    |                                          |
| T35   | IFO  | Signed   | 29    | O1[29:1]                                 |
| T6    | IFO  | Unsigned | 29    | I3 + T35 (core16_a24_b14_c24.v:204)      |
| T36   | IFO  | Signed   | 29    | T6 << 6                                  |
| T82   | IFO  | Signed   | 29    | T6 - I6 - I7 ( core16_a24_b14_c24.v:211 core16_a24_b14_c24.v:212 ) |
| T38   | IFO  | Signed   | 29    | T82 << 2                                 |
| T39   | IFO  | Signed   | 29    | T82 << 3                                 |
| T40   | IFO  | Signed   | 29    | T82 << 5                                 |
| T105  | IFO  | Signed   | 29    | I4 - T6 + I5 - T36 + T82 + T38 + T39 + T40 ( core16_a24_b14_c24.v:192 core16_a24_b14_c24.v:207 core16_a24_b14_c24.v:209 core16_a24_b14_c24.v:213 core16_a24_b14_c24.v:216 core16_a24_b14_c24.v:219 core16_a24_b14_c24.v:222 core16_a24_b14_c24.v:229 core16_a24_b14_c24.v:235 ) |
| T103  | IFO  | Unsigned | 29    | I11 + T105 ( core16_a24_b14_c24.v:192 core16_a24_b14_c24.v:207 core16_a24_b14_c24.v:209 core16_a24_b14_c24.v:213 core16_a24_b14_c24.v:216 core16_a24_b14_c24.v:219 core16_a24_b14_c24.v:222 core16_a24_b14_c24.v:235 ) |
| T46   | IFO  | Unsigned | 28    | T103[28:1]                               |
| T20   | IFO  | Unsigned | 28    | T46 * $unsigned(28'b1000111000111000111000111001) (core16_a24_b14_c24.v:237) |
| T48   | IFO  | Signed   | 27    | T20[26:0]                                |
| T49   | IFO  | Signed   | 27    | O1[27:1]                                 |
| T1    | IFO  | Signed   | 30    | I9 - I10 (core16_a24_b14_c24.v:193)      |
| T43   | IFO  | Signed   | 29    | T1[28:0]                                 |
| T101  | IFO  | Unsigned | 29    | T43 + T105 ( core16_a24_b14_c24.v:192 core16_a24_b14_c24.v:207 core16_a24_b14_c24.v:209 core16_a24_b14_c24.v:213 core16_a24_b14_c24.v:216 core16_a24_b14_c24.v:219 core16_a24_b14_c24.v:222 core16_a24_b14_c24.v:229 ) |
| T44   | IFO  | Unsigned | 28    | T101[28:1]                               |
| T18   | IFO  | Signed   | 28    | T44 * $signed(26'b10111011101110111011101111) (core16_a24_b14_c24.v:231) |
| T24   | IFO  | Signed   | 28    | T20 - T18 (core16_a24_b14_c24.v:245)     |
| T50   | IFO  | Signed   | 27    | T24[27:1]                                |
| T3    | IFO  | Signed   | 29    | I4 - I7 (core16_a24_b14_c24.v:196)       |
| T32   | IFO  | Signed   | 30    | T3 << 1                                  |
| T41   | IFO  | Signed   | 30    | T82 << 3                                 |
| T81   | IFO  | Signed   | 30    | T32 + T1 - I8 - T41 ( core16_a24_b14_c24.v:199 core16_a24_b14_c24.v:202 core16_a24_b14_c24.v:225 ) |
| T42   | IFO  | Signed   | 27    | T81[29:3]                                |
| T16   | IFO  | Unsigned | 27    | T42 * $unsigned(26'b10101010101010101010101011) (core16_a24_b14_c24.v:227) |
| T47   | IFO  | Signed   | 27    | T82[26:0]                                |
| O1    | PO   | Signed   | 30    | I1 - I2 (core16_a24_b14_c24.v:194)       |
| O2    | PO   | Signed   | 27    | $unsigned(1'b0) - T48 - T49 ( core16_a24_b14_c24.v:242 core16_a24_b14_c24.v:244 ) |
| O3    | PO   | Signed   | 27    | -T48 + T50 + T50 ( core16_a24_b14_c24.v:248 core16_a24_b14_c24.v:257 ) |
| O4    | PO   | Signed   | 27    | T16 - I12 (core16_a24_b14_c24.v:258)     |
| O5    | PO   | Signed   | 27    | -T47 + T16 + I13 ( core16_a24_b14_c24.v:240 core16_a24_b14_c24.v:256 ) |
==============================================================================


Implementation Report
===============================================================================
|                    |                  | Current            | Set            |
| Cell               | Module           | Implementation     | Implementation |
===============================================================================
| DP_OP_106J5_122_8896                  |                    |                |
|                    | DP_OP_106J5_122_8896 | str (area)     |                |
===============================================================================

 
****************************************
Design : Eval_9_3
****************************************

Resource Report for this hierarchy in file
        /export4/Home/iac01/shiliubowen/Work/BackFlow28/2RtlCode/core16/core16_a24_b14_c24/core16_a24_b14_c24.v
=============================================================================
| Cell           | Module         | Parameters | Contained Operations       |
=============================================================================
| DP_OP_53J12_122_4467            |            |                            |
|                | DP_OP_53J12_122_4467 |      |                            |
| DP_OP_54J12_123_1582            |            |                            |
|                | DP_OP_54J12_123_1582 |      |                            |
| DP_OP_55J12_124_5235            |            |                            |
|                | DP_OP_55J12_124_5235 |      |                            |
=============================================================================

Datapath Report for DP_OP_53J12_122_4467
==============================================================================
| Cell                 | Contained Operations                                |
==============================================================================
| DP_OP_53J12_122_4467 | add_158 (core16_a24_b14_c24.v:158)                  |
|                      | add_161 (core16_a24_b14_c24.v:161)                  |
|                      | add_164 (core16_a24_b14_c24.v:164)                  |
==============================================================================

==============================================================================
|       |      | Data     |       |                                          |
| Var   | Type | Class    | Width | Expression                               |
==============================================================================
| I1    | PI   | Unsigned | 21    |                                          |
| I2    | PI   | Unsigned | 21    |                                          |
| I3    | PI   | Unsigned | 22    |                                          |
| I4    | PI   | Unsigned | 23    |                                          |
| T4    | IFO  | Unsigned | 21    | I1 + I2 (core16_a24_b14_c24.v:158)       |
| T17   | IFO  | Unsigned | 22    | T4 << 1                                  |
| T5    | IFO  | Unsigned | 22    | I3 + T17 (core16_a24_b14_c24.v:161)      |
| T18   | IFO  | Unsigned | 23    | T5 << 1                                  |
| O1    | PO   | Unsigned | 23    | I4 + T18 (core16_a24_b14_c24.v:164)      |
==============================================================================

Datapath Report for DP_OP_54J12_123_1582
==============================================================================
| Cell                 | Contained Operations                                |
==============================================================================
| DP_OP_54J12_123_1582 | add_149 (core16_a24_b14_c24.v:149)                  |
|                      | add_148 (core16_a24_b14_c24.v:148)                  |
|                      | add_165 (core16_a24_b14_c24.v:165)                  |
|                      | sub_166 (core16_a24_b14_c24.v:166)                  |
==============================================================================

==============================================================================
|       |      | Data     |       |                                          |
| Var   | Type | Class    | Width | Expression                               |
==============================================================================
| I1    | PI   | Unsigned | 23    |                                          |
| I2    | PI   | Unsigned | 23    |                                          |
| I3    | PI   | Unsigned | 23    |                                          |
| I4    | PI   | Unsigned | 23    |                                          |
| T46   | IFO  | Unsigned | 23    | I1 + I2 ( core16_a24_b14_c24.v:148 core16_a24_b14_c24.v:149 core16_a24_b14_c24.v:165 core16_a24_b14_c24.v:166 ) |
| T52   | IFO  | Unsigned | 23    | I3 + I4 ( core16_a24_b14_c24.v:148 core16_a24_b14_c24.v:149 core16_a24_b14_c24.v:165 core16_a24_b14_c24.v:166 ) |
| O1    | PO   | Unsigned | 23    | T46 + T52 ( core16_a24_b14_c24.v:148 core16_a24_b14_c24.v:149 core16_a24_b14_c24.v:165 ) |
| O2    | PO   | Signed   | 23    | T46 - T52 ( core16_a24_b14_c24.v:148 core16_a24_b14_c24.v:149 core16_a24_b14_c24.v:166 ) |
==============================================================================

Datapath Report for DP_OP_55J12_124_5235
==============================================================================
| Cell                 | Contained Operations                                |
==============================================================================
| DP_OP_55J12_124_5235 | add_152 (core16_a24_b14_c24.v:152)                  |
|                      | add_155 (core16_a24_b14_c24.v:155)                  |
|                      | add_169 (core16_a24_b14_c24.v:169)                  |
|                      | sub_170 (core16_a24_b14_c24.v:170)                  |
==============================================================================

==============================================================================
|       |      | Data     |       |                                          |
| Var   | Type | Class    | Width | Expression                               |
==============================================================================
| I1    | PI   | Unsigned | 22    |                                          |
| I2    | PI   | Unsigned | 22    |                                          |
| I3    | PI   | Unsigned | 23    |                                          |
| I4    | PI   | Unsigned | 23    |                                          |
| T2    | IFO  | Unsigned | 22    | I1 + I2 (core16_a24_b14_c24.v:152)       |
| T19   | IFO  | Unsigned | 23    | T2 << 1                                  |
| T40   | IFO  | Unsigned | 23    | I3 + I4 ( core16_a24_b14_c24.v:155 core16_a24_b14_c24.v:169 core16_a24_b14_c24.v:170 ) |
| O1    | PO   | Unsigned | 23    | T19 + T40 ( core16_a24_b14_c24.v:155 core16_a24_b14_c24.v:169 ) |
| O2    | PO   | Signed   | 23    | T19 - T40 ( core16_a24_b14_c24.v:155 core16_a24_b14_c24.v:170 ) |
==============================================================================


Implementation Report
===============================================================================
|                    |                  | Current            | Set            |
| Cell               | Module           | Implementation     | Implementation |
===============================================================================
| DP_OP_53J12_122_4467                  |                    |                |
|                    | DP_OP_53J12_122_4467 | str (area)     |                |
| DP_OP_54J12_123_1582                  |                    |                |
|                    | DP_OP_54J12_123_1582 | str (area)     |                |
| DP_OP_55J12_124_5235                  |                    |                |
|                    | DP_OP_55J12_124_5235 | str (area)     |                |
===============================================================================

 
****************************************
Design : Eval_8_3
****************************************

Resource Report for this hierarchy in file
        /export4/Home/iac01/shiliubowen/Work/BackFlow28/2RtlCode/core16/core16_a24_b14_c24/core16_a24_b14_c24.v
=============================================================================
| Cell           | Module         | Parameters | Contained Operations       |
=============================================================================
| DP_OP_53J13_123_4273            |            |                            |
|                | DP_OP_53J13_123_4273 |      |                            |
| DP_OP_54J13_124_4880            |            |                            |
|                | DP_OP_54J13_124_4880 |      |                            |
| DP_OP_55J13_125_524             |            |                            |
|                | DP_OP_55J13_125_524 |       |                            |
=============================================================================

Datapath Report for DP_OP_53J13_123_4273
==============================================================================
| Cell                 | Contained Operations                                |
==============================================================================
| DP_OP_53J13_123_4273 | add_114 (core16_a24_b14_c24.v:114)                  |
|                      | add_117 (core16_a24_b14_c24.v:117)                  |
|                      | add_120 (core16_a24_b14_c24.v:120)                  |
==============================================================================

==============================================================================
|       |      | Data     |       |                                          |
| Var   | Type | Class    | Width | Expression                               |
==============================================================================
| I1    | PI   | Unsigned | 28    |                                          |
| I2    | PI   | Unsigned | 28    |                                          |
| I3    | PI   | Unsigned | 29    |                                          |
| I4    | PI   | Unsigned | 30    |                                          |
| T4    | IFO  | Unsigned | 28    | I1 + I2 (core16_a24_b14_c24.v:114)       |
| T17   | IFO  | Unsigned | 29    | T4 << 1                                  |
| T5    | IFO  | Unsigned | 29    | I3 + T17 (core16_a24_b14_c24.v:117)      |
| T18   | IFO  | Unsigned | 30    | T5 << 1                                  |
| O1    | PO   | Unsigned | 30    | I4 + T18 (core16_a24_b14_c24.v:120)      |
==============================================================================

Datapath Report for DP_OP_54J13_124_4880
==============================================================================
| Cell                 | Contained Operations                                |
==============================================================================
| DP_OP_54J13_124_4880 | add_105 (core16_a24_b14_c24.v:105)                  |
|                      | add_104 (core16_a24_b14_c24.v:104)                  |
|                      | add_121 (core16_a24_b14_c24.v:121)                  |
|                      | sub_122 (core16_a24_b14_c24.v:122)                  |
==============================================================================

==============================================================================
|       |      | Data     |       |                                          |
| Var   | Type | Class    | Width | Expression                               |
==============================================================================
| I1    | PI   | Unsigned | 30    |                                          |
| I2    | PI   | Unsigned | 30    |                                          |
| I3    | PI   | Unsigned | 30    |                                          |
| I4    | PI   | Unsigned | 30    |                                          |
| T46   | IFO  | Unsigned | 30    | I1 + I2 ( core16_a24_b14_c24.v:104 core16_a24_b14_c24.v:105 core16_a24_b14_c24.v:121 core16_a24_b14_c24.v:122 ) |
| T52   | IFO  | Unsigned | 30    | I3 + I4 ( core16_a24_b14_c24.v:104 core16_a24_b14_c24.v:105 core16_a24_b14_c24.v:121 core16_a24_b14_c24.v:122 ) |
| O1    | PO   | Unsigned | 30    | T46 + T52 ( core16_a24_b14_c24.v:104 core16_a24_b14_c24.v:105 core16_a24_b14_c24.v:121 ) |
| O2    | PO   | Signed   | 30    | T46 - T52 ( core16_a24_b14_c24.v:104 core16_a24_b14_c24.v:105 core16_a24_b14_c24.v:122 ) |
==============================================================================

Datapath Report for DP_OP_55J13_125_524
==============================================================================
| Cell                 | Contained Operations                                |
==============================================================================
| DP_OP_55J13_125_524  | add_108 (core16_a24_b14_c24.v:108)                  |
|                      | add_111 (core16_a24_b14_c24.v:111)                  |
|                      | add_125 (core16_a24_b14_c24.v:125)                  |
|                      | sub_126 (core16_a24_b14_c24.v:126)                  |
==============================================================================

==============================================================================
|       |      | Data     |       |                                          |
| Var   | Type | Class    | Width | Expression                               |
==============================================================================
| I1    | PI   | Unsigned | 29    |                                          |
| I2    | PI   | Unsigned | 29    |                                          |
| I3    | PI   | Unsigned | 30    |                                          |
| I4    | PI   | Unsigned | 30    |                                          |
| T2    | IFO  | Unsigned | 29    | I1 + I2 (core16_a24_b14_c24.v:108)       |
| T19   | IFO  | Unsigned | 30    | T2 << 1                                  |
| T40   | IFO  | Unsigned | 30    | I3 + I4 ( core16_a24_b14_c24.v:111 core16_a24_b14_c24.v:125 core16_a24_b14_c24.v:126 ) |
| O1    | PO   | Unsigned | 30    | T19 + T40 ( core16_a24_b14_c24.v:111 core16_a24_b14_c24.v:125 ) |
| O2    | PO   | Signed   | 30    | T19 - T40 ( core16_a24_b14_c24.v:111 core16_a24_b14_c24.v:126 ) |
==============================================================================


Implementation Report
===============================================================================
|                    |                  | Current            | Set            |
| Cell               | Module           | Implementation     | Implementation |
===============================================================================
| DP_OP_53J13_123_4273                  |                    |                |
|                    | DP_OP_53J13_123_4273 | str (area)     |                |
| DP_OP_54J13_124_4880                  |                    |                |
|                    | DP_OP_54J13_124_4880 | str (area)     |                |
| DP_OP_55J13_125_524                   |                    |                |
|                    | DP_OP_55J13_125_524 | str (area)      |                |
===============================================================================

 
****************************************
Design : core4_4
****************************************

Resource Report for this hierarchy in file
        /export4/Home/iac01/shiliubowen/Work/BackFlow28/2RtlCode/core16/core16_a24_b14_c24/core16_a24_b14_c24.v
=============================================================================
| Cell           | Module         | Parameters | Contained Operations       |
=============================================================================
| mult_x_1       | DW_mult_uns    | a_width=26 | mult_456 (core16_a24_b14_c24.v:456) |
        |                | b_width=16 |                            |
| mult_x_2       | DW_mult_uns    | a_width=30 | mult_457 (core16_a24_b14_c24.v:457) |
        |                | b_width=22 |                            |
| mult_x_3       | DW_mult_tc     | a_width=30 | mult_458 (core16_a24_b14_c24.v:458) |
        |                | b_width=23 |                            |
| mult_x_4       | DW_mult_tc     | a_width=30 | mult_459 (core16_a24_b14_c24.v:459) |
        |                | b_width=23 |                            |
| mult_x_5       | DW_mult_uns    | a_width=30 | mult_460 (core16_a24_b14_c24.v:460) |
        |                | b_width=21 |                            |
| mult_x_6       | DW_mult_tc     | a_width=30 | mult_461 (core16_a24_b14_c24.v:461) |
        |                | b_width=23 |                            |
| mult_x_7       | DW_mult_uns    | a_width=26 | mult_462 (core16_a24_b14_c24.v:462) |
        |                | b_width=16 |                            |
=============================================================================


Implementation Report
===============================================================================
|                    |                  | Current            | Set            |
| Cell               | Module           | Implementation     | Implementation |
===============================================================================
| mult_x_1           | DW_mult_uns      | apparch (area)     |                |
|                    |                  | mult_arch: benc_radix8              |
| mult_x_2           | DW_mult_uns      | apparch (area)     |                |
|                    |                  | mult_arch: benc_radix8              |
| mult_x_3           | DW_mult_tc       | apparch (area)     |                |
|                    |                  | mult_arch: benc_radix8              |
| mult_x_4           | DW_mult_tc       | apparch (area)     |                |
|                    |                  | mult_arch: benc_radix8              |
| mult_x_5           | DW_mult_uns      | apparch (area)     |                |
|                    |                  | mult_arch: benc_radix4              |
| mult_x_6           | DW_mult_tc       | apparch (area)     |                |
|                    |                  | mult_arch: benc_radix8              |
| mult_x_7           | DW_mult_uns      | apparch (area)     |                |
|                    |                  | mult_arch: benc_radix8              |
===============================================================================


No resource sharing information to report.
 
****************************************
Design : Interpolation_4
****************************************

No implementations to report
 
****************************************
Design : InterpolationComb_4
****************************************

Resource Report for this hierarchy in file
        /export4/Home/iac01/shiliubowen/Work/BackFlow28/2RtlCode/core16/core16_a24_b14_c24/core16_a24_b14_c24.v
=============================================================================
| Cell           | Module         | Parameters | Contained Operations       |
=============================================================================
| DP_OP_106J5_122_8896            |            |                            |
|                | DP_OP_106J5_122_8896 |      |                            |
=============================================================================

Datapath Report for DP_OP_106J5_122_8896
==============================================================================
| Cell                 | Contained Operations                                |
==============================================================================
| DP_OP_106J5_122_8896 | sub_194 (core16_a24_b14_c24.v:194)                  |
|                      | add_204 (core16_a24_b14_c24.v:204)                  |
|                      | add_192 (core16_a24_b14_c24.v:192)                  |
|                      | sub_207 (core16_a24_b14_c24.v:207)                  |
|                      | sub_209 (core16_a24_b14_c24.v:209)                  |
|                      | add_213 (core16_a24_b14_c24.v:213)                  |
|                      | add_216 (core16_a24_b14_c24.v:216)                  |
|                      | add_219 (core16_a24_b14_c24.v:219)                  |
|                      | add_222 (core16_a24_b14_c24.v:222)                  |
|                      | add_229 (core16_a24_b14_c24.v:229)                  |
|                      | add_235 (core16_a24_b14_c24.v:235)                  |
|                      | sub_211 (core16_a24_b14_c24.v:211)                  |
|                      | sub_212 (core16_a24_b14_c24.v:212)                  |
|                      | add_199 (core16_a24_b14_c24.v:199)                  |
|                      | sub_202 (core16_a24_b14_c24.v:202)                  |
|                      | sub_225 (core16_a24_b14_c24.v:225)                  |
|                      | sub_196 (core16_a24_b14_c24.v:196)                  |
|                      | sub_193 (core16_a24_b14_c24.v:193)                  |
|                      | mult_231 (core16_a24_b14_c24.v:231)                 |
|                      | sub_245 (core16_a24_b14_c24.v:245)                  |
|                      | mult_237 (core16_a24_b14_c24.v:237)                 |
|                      | sub_242 (core16_a24_b14_c24.v:242)                  |
|                      | sub_244 (core16_a24_b14_c24.v:244)                  |
|                      | sub_248 (core16_a24_b14_c24.v:248)                  |
|                      | sub_257 (core16_a24_b14_c24.v:257)                  |
|                      | mult_227 (core16_a24_b14_c24.v:227)                 |
|                      | sub_258 (core16_a24_b14_c24.v:258)                  |
|                      | sub_240 (core16_a24_b14_c24.v:240)                  |
|                      | sub_256 (core16_a24_b14_c24.v:256)                  |
==============================================================================

==============================================================================
|       |      | Data     |       |                                          |
| Var   | Type | Class    | Width | Expression                               |
==============================================================================
| I1    | PI   | Unsigned | 30    |                                          |
| I2    | PI   | Unsigned | 30    |                                          |
| I3    | PI   | Unsigned | 29    |                                          |
| I4    | PI   | Unsigned | 29    |                                          |
| I5    | PI   | Signed   | 29    |                                          |
| I6    | PI   | Signed   | 29    |                                          |
| I7    | PI   | Unsigned | 29    |                                          |
| I8    | PI   | Signed   | 30    |                                          |
| I9    | PI   | Unsigned | 30    |                                          |
| I10   | PI   | Unsigned | 30    |                                          |
| I11   | PI   | Unsigned | 29    |                                          |
| I12   | PI   | Unsigned | 27    |                                          |
| I13   | PI   | Signed   | 27    |                                          |
| T35   | IFO  | Signed   | 29    | O1[29:1]                                 |
| T6    | IFO  | Unsigned | 29    | I3 + T35 (core16_a24_b14_c24.v:204)      |
| T36   | IFO  | Signed   | 29    | T6 << 6                                  |
| T82   | IFO  | Signed   | 29    | T6 - I6 - I7 ( core16_a24_b14_c24.v:211 core16_a24_b14_c24.v:212 ) |
| T38   | IFO  | Signed   | 29    | T82 << 2                                 |
| T39   | IFO  | Signed   | 29    | T82 << 3                                 |
| T40   | IFO  | Signed   | 29    | T82 << 5                                 |
| T105  | IFO  | Signed   | 29    | I4 - T6 + I5 - T36 + T82 + T38 + T39 + T40 ( core16_a24_b14_c24.v:192 core16_a24_b14_c24.v:207 core16_a24_b14_c24.v:209 core16_a24_b14_c24.v:213 core16_a24_b14_c24.v:216 core16_a24_b14_c24.v:219 core16_a24_b14_c24.v:222 core16_a24_b14_c24.v:229 core16_a24_b14_c24.v:235 ) |
| T103  | IFO  | Unsigned | 29    | I11 + T105 ( core16_a24_b14_c24.v:192 core16_a24_b14_c24.v:207 core16_a24_b14_c24.v:209 core16_a24_b14_c24.v:213 core16_a24_b14_c24.v:216 core16_a24_b14_c24.v:219 core16_a24_b14_c24.v:222 core16_a24_b14_c24.v:235 ) |
| T46   | IFO  | Unsigned | 28    | T103[28:1]                               |
| T20   | IFO  | Unsigned | 28    | T46 * $unsigned(28'b1000111000111000111000111001) (core16_a24_b14_c24.v:237) |
| T48   | IFO  | Signed   | 27    | T20[26:0]                                |
| T49   | IFO  | Signed   | 27    | O1[27:1]                                 |
| T1    | IFO  | Signed   | 30    | I9 - I10 (core16_a24_b14_c24.v:193)      |
| T43   | IFO  | Signed   | 29    | T1[28:0]                                 |
| T101  | IFO  | Unsigned | 29    | T43 + T105 ( core16_a24_b14_c24.v:192 core16_a24_b14_c24.v:207 core16_a24_b14_c24.v:209 core16_a24_b14_c24.v:213 core16_a24_b14_c24.v:216 core16_a24_b14_c24.v:219 core16_a24_b14_c24.v:222 core16_a24_b14_c24.v:229 ) |
| T44   | IFO  | Unsigned | 28    | T101[28:1]                               |
| T18   | IFO  | Signed   | 28    | T44 * $signed(26'b10111011101110111011101111) (core16_a24_b14_c24.v:231) |
| T24   | IFO  | Signed   | 28    | T20 - T18 (core16_a24_b14_c24.v:245)     |
| T50   | IFO  | Signed   | 27    | T24[27:1]                                |
| T3    | IFO  | Signed   | 29    | I4 - I7 (core16_a24_b14_c24.v:196)       |
| T32   | IFO  | Signed   | 30    | T3 << 1                                  |
| T41   | IFO  | Signed   | 30    | T82 << 3                                 |
| T81   | IFO  | Signed   | 30    | T32 + T1 - I8 - T41 ( core16_a24_b14_c24.v:199 core16_a24_b14_c24.v:202 core16_a24_b14_c24.v:225 ) |
| T42   | IFO  | Signed   | 27    | T81[29:3]                                |
| T16   | IFO  | Unsigned | 27    | T42 * $unsigned(26'b10101010101010101010101011) (core16_a24_b14_c24.v:227) |
| T47   | IFO  | Signed   | 27    | T82[26:0]                                |
| O1    | PO   | Signed   | 30    | I1 - I2 (core16_a24_b14_c24.v:194)       |
| O2    | PO   | Signed   | 27    | $unsigned(1'b0) - T48 - T49 ( core16_a24_b14_c24.v:242 core16_a24_b14_c24.v:244 ) |
| O3    | PO   | Signed   | 27    | -T48 + T50 + T50 ( core16_a24_b14_c24.v:248 core16_a24_b14_c24.v:257 ) |
| O4    | PO   | Signed   | 27    | T16 - I12 (core16_a24_b14_c24.v:258)     |
| O5    | PO   | Signed   | 27    | -T47 + T16 + I13 ( core16_a24_b14_c24.v:240 core16_a24_b14_c24.v:256 ) |
==============================================================================


Implementation Report
===============================================================================
|                    |                  | Current            | Set            |
| Cell               | Module           | Implementation     | Implementation |
===============================================================================
| DP_OP_106J5_122_8896                  |                    |                |
|                    | DP_OP_106J5_122_8896 | str (area)     |                |
===============================================================================

 
****************************************
Design : Eval_9_4
****************************************

Resource Report for this hierarchy in file
        /export4/Home/iac01/shiliubowen/Work/BackFlow28/2RtlCode/core16/core16_a24_b14_c24/core16_a24_b14_c24.v
=============================================================================
| Cell           | Module         | Parameters | Contained Operations       |
=============================================================================
| DP_OP_54J10_122_9127            |            |                            |
|                | DP_OP_54J10_122_9127 |      |                            |
| DP_OP_55J10_123_5372            |            |                            |
|                | DP_OP_55J10_123_5372 |      |                            |
| DP_OP_56J10_124_271             |            |                            |
|                | DP_OP_56J10_124_271 |       |                            |
=============================================================================

Datapath Report for DP_OP_54J10_122_9127
==============================================================================
| Cell                 | Contained Operations                                |
==============================================================================
| DP_OP_54J10_122_9127 | add_158 (core16_a24_b14_c24.v:158)                  |
|                      | add_161 (core16_a24_b14_c24.v:161)                  |
|                      | add_164 (core16_a24_b14_c24.v:164)                  |
==============================================================================

==============================================================================
|       |      | Data     |       |                                          |
| Var   | Type | Class    | Width | Expression                               |
==============================================================================
| I1    | PI   | Unsigned | 16    |                                          |
| I2    | PI   | Unsigned | 17    |                                          |
| I3    | PI   | Unsigned | 16    |                                          |
| I4    | PI   | Unsigned | 16    |                                          |
| T4    | IFO  | Unsigned | 21    | I1 + I2 (core16_a24_b14_c24.v:158)       |
| T18   | IFO  | Unsigned | 22    | T4 << 1                                  |
| T5    | IFO  | Unsigned | 22    | I3 + T18 (core16_a24_b14_c24.v:161)      |
| T19   | IFO  | Unsigned | 23    | T5 << 1                                  |
| O1    | PO   | Unsigned | 23    | I4 + T19 (core16_a24_b14_c24.v:164)      |
==============================================================================

Datapath Report for DP_OP_55J10_123_5372
==============================================================================
| Cell                 | Contained Operations                                |
==============================================================================
| DP_OP_55J10_123_5372 | add_149 (core16_a24_b14_c24.v:149)                  |
|                      | add_148 (core16_a24_b14_c24.v:148)                  |
|                      | add_165 (core16_a24_b14_c24.v:165)                  |
|                      | sub_166 (core16_a24_b14_c24.v:166)                  |
==============================================================================

==============================================================================
|       |      | Data     |       |                                          |
| Var   | Type | Class    | Width | Expression                               |
==============================================================================
| I1    | PI   | Unsigned | 16    |                                          |
| I2    | PI   | Unsigned | 16    |                                          |
| I3    | PI   | Unsigned | 16    |                                          |
| I4    | PI   | Unsigned | 16    |                                          |
| T47   | IFO  | Unsigned | 17    | I1 + I2 ( core16_a24_b14_c24.v:148 core16_a24_b14_c24.v:149 core16_a24_b14_c24.v:165 core16_a24_b14_c24.v:166 ) |
| T53   | IFO  | Unsigned | 17    | I3 + I4 ( core16_a24_b14_c24.v:148 core16_a24_b14_c24.v:149 core16_a24_b14_c24.v:165 core16_a24_b14_c24.v:166 ) |
| O1    | PO   | Unsigned | 23    | T47 + T53 ( core16_a24_b14_c24.v:148 core16_a24_b14_c24.v:149 core16_a24_b14_c24.v:165 ) |
| O2    | PO   | Signed   | 23    | T47 - T53 ( core16_a24_b14_c24.v:148 core16_a24_b14_c24.v:149 core16_a24_b14_c24.v:166 ) |
==============================================================================

Datapath Report for DP_OP_56J10_124_271
==============================================================================
| Cell                 | Contained Operations                                |
==============================================================================
| DP_OP_56J10_124_271  | add_152 (core16_a24_b14_c24.v:152)                  |
|                      | add_155 (core16_a24_b14_c24.v:155)                  |
|                      | add_169 (core16_a24_b14_c24.v:169)                  |
|                      | sub_170 (core16_a24_b14_c24.v:170)                  |
==============================================================================

==============================================================================
|       |      | Data     |       |                                          |
| Var   | Type | Class    | Width | Expression                               |
==============================================================================
| I1    | PI   | Unsigned | 18    |                                          |
| I2    | PI   | Unsigned | 16    |                                          |
| I3    | PI   | Unsigned | 16    |                                          |
| I4    | PI   | Unsigned | 18    |                                          |
| T2    | IFO  | Unsigned | 22    | I1 + I2 (core16_a24_b14_c24.v:152)       |
| T20   | IFO  | Unsigned | 23    | T2 << 1                                  |
| T41   | IFO  | Unsigned | 19    | I3 + I4 ( core16_a24_b14_c24.v:155 core16_a24_b14_c24.v:169 core16_a24_b14_c24.v:170 ) |
| O1    | PO   | Unsigned | 23    | T20 + T41 ( core16_a24_b14_c24.v:155 core16_a24_b14_c24.v:169 ) |
| O2    | PO   | Signed   | 23    | T20 - T41 ( core16_a24_b14_c24.v:155 core16_a24_b14_c24.v:170 ) |
==============================================================================


Implementation Report
===============================================================================
|                    |                  | Current            | Set            |
| Cell               | Module           | Implementation     | Implementation |
===============================================================================
| DP_OP_54J10_122_9127                  |                    |                |
|                    | DP_OP_54J10_122_9127 | str (area)     |                |
| DP_OP_55J10_123_5372                  |                    |                |
|                    | DP_OP_55J10_123_5372 | str (area)     |                |
| DP_OP_56J10_124_271                   |                    |                |
|                    | DP_OP_56J10_124_271 | str (area)      |                |
===============================================================================

 
****************************************
Design : Eval_8_4
****************************************

Resource Report for this hierarchy in file
        /export4/Home/iac01/shiliubowen/Work/BackFlow28/2RtlCode/core16/core16_a24_b14_c24/core16_a24_b14_c24.v
=============================================================================
| Cell           | Module         | Parameters | Contained Operations       |
=============================================================================
| DP_OP_54J6_122_1278             |            |                            |
|                | DP_OP_54J6_122_1278 |       |                            |
| DP_OP_55J6_123_4892             |            |                            |
|                | DP_OP_55J6_123_4892 |       |                            |
| DP_OP_56J6_124_887              |            |                            |
|                | DP_OP_56J6_124_887 |        |                            |
=============================================================================

Datapath Report for DP_OP_54J6_122_1278
==============================================================================
| Cell                 | Contained Operations                                |
==============================================================================
| DP_OP_54J6_122_1278  | add_114 (core16_a24_b14_c24.v:114)                  |
|                      | add_117 (core16_a24_b14_c24.v:117)                  |
|                      | add_120 (core16_a24_b14_c24.v:120)                  |
==============================================================================

==============================================================================
|       |      | Data     |       |                                          |
| Var   | Type | Class    | Width | Expression                               |
==============================================================================
| I1    | PI   | Unsigned | 26    |                                          |
| I2    | PI   | Unsigned | 27    |                                          |
| I3    | PI   | Unsigned | 26    |                                          |
| I4    | PI   | Unsigned | 26    |                                          |
| T4    | IFO  | Unsigned | 28    | I1 + I2 (core16_a24_b14_c24.v:114)       |
| T18   | IFO  | Unsigned | 29    | T4 << 1                                  |
| T5    | IFO  | Unsigned | 29    | I3 + T18 (core16_a24_b14_c24.v:117)      |
| T19   | IFO  | Unsigned | 30    | T5 << 1                                  |
| O1    | PO   | Unsigned | 30    | I4 + T19 (core16_a24_b14_c24.v:120)      |
==============================================================================

Datapath Report for DP_OP_55J6_123_4892
==============================================================================
| Cell                 | Contained Operations                                |
==============================================================================
| DP_OP_55J6_123_4892  | add_105 (core16_a24_b14_c24.v:105)                  |
|                      | add_104 (core16_a24_b14_c24.v:104)                  |
|                      | add_121 (core16_a24_b14_c24.v:121)                  |
|                      | sub_122 (core16_a24_b14_c24.v:122)                  |
==============================================================================

==============================================================================
|       |      | Data     |       |                                          |
| Var   | Type | Class    | Width | Expression                               |
==============================================================================
| I1    | PI   | Unsigned | 26    |                                          |
| I2    | PI   | Unsigned | 26    |                                          |
| I3    | PI   | Unsigned | 26    |                                          |
| I4    | PI   | Unsigned | 26    |                                          |
| T47   | IFO  | Unsigned | 27    | I1 + I2 ( core16_a24_b14_c24.v:104 core16_a24_b14_c24.v:105 core16_a24_b14_c24.v:121 core16_a24_b14_c24.v:122 ) |
| T53   | IFO  | Unsigned | 27    | I3 + I4 ( core16_a24_b14_c24.v:104 core16_a24_b14_c24.v:105 core16_a24_b14_c24.v:121 core16_a24_b14_c24.v:122 ) |
| O1    | PO   | Unsigned | 30    | T47 + T53 ( core16_a24_b14_c24.v:104 core16_a24_b14_c24.v:105 core16_a24_b14_c24.v:121 ) |
| O2    | PO   | Signed   | 30    | T47 - T53 ( core16_a24_b14_c24.v:104 core16_a24_b14_c24.v:105 core16_a24_b14_c24.v:122 ) |
==============================================================================

Datapath Report for DP_OP_56J6_124_887
==============================================================================
| Cell                 | Contained Operations                                |
==============================================================================
| DP_OP_56J6_124_887   | add_108 (core16_a24_b14_c24.v:108)                  |
|                      | add_111 (core16_a24_b14_c24.v:111)                  |
|                      | add_125 (core16_a24_b14_c24.v:125)                  |
|                      | sub_126 (core16_a24_b14_c24.v:126)                  |
==============================================================================

==============================================================================
|       |      | Data     |       |                                          |
| Var   | Type | Class    | Width | Expression                               |
==============================================================================
| I1    | PI   | Unsigned | 28    |                                          |
| I2    | PI   | Unsigned | 26    |                                          |
| I3    | PI   | Unsigned | 26    |                                          |
| I4    | PI   | Unsigned | 28    |                                          |
| T2    | IFO  | Unsigned | 29    | I1 + I2 (core16_a24_b14_c24.v:108)       |
| T20   | IFO  | Unsigned | 30    | T2 << 1                                  |
| T41   | IFO  | Unsigned | 29    | I3 + I4 ( core16_a24_b14_c24.v:111 core16_a24_b14_c24.v:125 core16_a24_b14_c24.v:126 ) |
| O1    | PO   | Unsigned | 30    | T20 + T41 ( core16_a24_b14_c24.v:111 core16_a24_b14_c24.v:125 ) |
| O2    | PO   | Signed   | 30    | T20 - T41 ( core16_a24_b14_c24.v:111 core16_a24_b14_c24.v:126 ) |
==============================================================================


Implementation Report
===============================================================================
|                    |                  | Current            | Set            |
| Cell               | Module           | Implementation     | Implementation |
===============================================================================
| DP_OP_54J6_122_1278                   |                    |                |
|                    | DP_OP_54J6_122_1278 | str (area)      |                |
| DP_OP_55J6_123_4892                   |                    |                |
|                    | DP_OP_55J6_123_4892 | str (area)      |                |
| DP_OP_56J6_124_887 | DP_OP_56J6_124_887 | str (area)       |                |
===============================================================================

 
****************************************
Design : core4_5
****************************************

Resource Report for this hierarchy in file
        /export4/Home/iac01/shiliubowen/Work/BackFlow28/2RtlCode/core16/core16_a24_b14_c24/core16_a24_b14_c24.v
=============================================================================
| Cell           | Module         | Parameters | Contained Operations       |
=============================================================================
| mult_x_1       | DW_mult_uns    | a_width=30 | mult_456 (core16_a24_b14_c24.v:456) |
        |                | b_width=20 |                            |
| mult_x_2       | DW_mult_tc     | a_width=30 | mult_457 (core16_a24_b14_c24.v:457) |
        |                | b_width=23 |                            |
| mult_x_3       | DW_mult_tc     | a_width=30 | mult_458 (core16_a24_b14_c24.v:458) |
        |                | b_width=23 |                            |
| mult_x_4       | DW_mult_tc     | a_width=30 | mult_459 (core16_a24_b14_c24.v:459) |
        |                | b_width=23 |                            |
| mult_x_5       | DW_mult_tc     | a_width=30 | mult_460 (core16_a24_b14_c24.v:460) |
        |                | b_width=23 |                            |
| mult_x_6       | DW_mult_tc     | a_width=30 | mult_461 (core16_a24_b14_c24.v:461) |
        |                | b_width=23 |                            |
| mult_x_7       | DW_mult_uns    | a_width=30 | mult_462 (core16_a24_b14_c24.v:462) |
        |                | b_width=20 |                            |
=============================================================================


Implementation Report
===============================================================================
|                    |                  | Current            | Set            |
| Cell               | Module           | Implementation     | Implementation |
===============================================================================
| mult_x_1           | DW_mult_uns      | apparch (area)     |                |
|                    |                  | mult_arch: benc_radix8              |
| mult_x_2           | DW_mult_tc       | apparch (area)     |                |
|                    |                  | mult_arch: benc_radix4              |
| mult_x_3           | DW_mult_tc       | apparch (area)     |                |
|                    |                  | mult_arch: benc_radix8              |
| mult_x_4           | DW_mult_tc       | apparch (area)     |                |
|                    |                  | mult_arch: benc_radix8              |
| mult_x_5           | DW_mult_tc       | apparch (area)     |                |
|                    |                  | mult_arch: benc_radix8              |
| mult_x_6           | DW_mult_tc       | apparch (area)     |                |
|                    |                  | mult_arch: benc_radix8              |
| mult_x_7           | DW_mult_uns      | apparch (area)     |                |
|                    |                  | mult_arch: benc_radix8              |
===============================================================================


No resource sharing information to report.
 
****************************************
Design : Interpolation_5
****************************************

No implementations to report
 
****************************************
Design : InterpolationComb_5
****************************************

Resource Report for this hierarchy in file
        /export4/Home/iac01/shiliubowen/Work/BackFlow28/2RtlCode/core16/core16_a24_b14_c24/core16_a24_b14_c24.v
=============================================================================
| Cell           | Module         | Parameters | Contained Operations       |
=============================================================================
| DP_OP_106J13_122_4067           |            |                            |
|                | DP_OP_106J13_122_4067 |     |                            |
=============================================================================

Datapath Report for DP_OP_106J13_122_4067
==============================================================================
| Cell                 | Contained Operations                                |
==============================================================================
| DP_OP_106J13_122_4067 | sub_194 (core16_a24_b14_c24.v:194)                 |
|                      | add_204 (core16_a24_b14_c24.v:204)                  |
|                      | add_192 (core16_a24_b14_c24.v:192)                  |
|                      | sub_207 (core16_a24_b14_c24.v:207)                  |
|                      | sub_209 (core16_a24_b14_c24.v:209)                  |
|                      | add_213 (core16_a24_b14_c24.v:213)                  |
|                      | add_216 (core16_a24_b14_c24.v:216)                  |
|                      | add_219 (core16_a24_b14_c24.v:219)                  |
|                      | add_222 (core16_a24_b14_c24.v:222)                  |
|                      | add_229 (core16_a24_b14_c24.v:229)                  |
|                      | add_235 (core16_a24_b14_c24.v:235)                  |
|                      | sub_211 (core16_a24_b14_c24.v:211)                  |
|                      | sub_212 (core16_a24_b14_c24.v:212)                  |
|                      | add_199 (core16_a24_b14_c24.v:199)                  |
|                      | sub_202 (core16_a24_b14_c24.v:202)                  |
|                      | sub_225 (core16_a24_b14_c24.v:225)                  |
|                      | sub_196 (core16_a24_b14_c24.v:196)                  |
|                      | sub_193 (core16_a24_b14_c24.v:193)                  |
|                      | mult_231 (core16_a24_b14_c24.v:231)                 |
|                      | sub_245 (core16_a24_b14_c24.v:245)                  |
|                      | mult_237 (core16_a24_b14_c24.v:237)                 |
|                      | sub_242 (core16_a24_b14_c24.v:242)                  |
|                      | sub_244 (core16_a24_b14_c24.v:244)                  |
|                      | sub_248 (core16_a24_b14_c24.v:248)                  |
|                      | sub_257 (core16_a24_b14_c24.v:257)                  |
|                      | mult_227 (core16_a24_b14_c24.v:227)                 |
|                      | sub_258 (core16_a24_b14_c24.v:258)                  |
|                      | sub_240 (core16_a24_b14_c24.v:240)                  |
|                      | sub_256 (core16_a24_b14_c24.v:256)                  |
==============================================================================

==============================================================================
|       |      | Data     |       |                                          |
| Var   | Type | Class    | Width | Expression                               |
==============================================================================
| I1    | PI   | Unsigned | 30    |                                          |
| I2    | PI   | Unsigned | 30    |                                          |
| I3    | PI   | Unsigned | 29    |                                          |
| I4    | PI   | Unsigned | 29    |                                          |
| I5    | PI   | Signed   | 29    |                                          |
| I6    | PI   | Signed   | 29    |                                          |
| I7    | PI   | Unsigned | 29    |                                          |
| I8    | PI   | Signed   | 30    |                                          |
| I9    | PI   | Unsigned | 30    |                                          |
| I10   | PI   | Unsigned | 30    |                                          |
| I11   | PI   | Unsigned | 29    |                                          |
| I12   | PI   | Unsigned | 27    |                                          |
| I13   | PI   | Signed   | 27    |                                          |
| T35   | IFO  | Signed   | 29    | O1[29:1]                                 |
| T6    | IFO  | Unsigned | 29    | I3 + T35 (core16_a24_b14_c24.v:204)      |
| T36   | IFO  | Signed   | 29    | T6 << 6                                  |
| T82   | IFO  | Signed   | 29    | T6 - I6 - I7 ( core16_a24_b14_c24.v:211 core16_a24_b14_c24.v:212 ) |
| T38   | IFO  | Signed   | 29    | T82 << 2                                 |
| T39   | IFO  | Signed   | 29    | T82 << 3                                 |
| T40   | IFO  | Signed   | 29    | T82 << 5                                 |
| T105  | IFO  | Signed   | 29    | I4 - T6 + I5 - T36 + T82 + T38 + T39 + T40 ( core16_a24_b14_c24.v:192 core16_a24_b14_c24.v:207 core16_a24_b14_c24.v:209 core16_a24_b14_c24.v:213 core16_a24_b14_c24.v:216 core16_a24_b14_c24.v:219 core16_a24_b14_c24.v:222 core16_a24_b14_c24.v:229 core16_a24_b14_c24.v:235 ) |
| T103  | IFO  | Unsigned | 29    | I11 + T105 ( core16_a24_b14_c24.v:192 core16_a24_b14_c24.v:207 core16_a24_b14_c24.v:209 core16_a24_b14_c24.v:213 core16_a24_b14_c24.v:216 core16_a24_b14_c24.v:219 core16_a24_b14_c24.v:222 core16_a24_b14_c24.v:235 ) |
| T46   | IFO  | Unsigned | 28    | T103[28:1]                               |
| T20   | IFO  | Unsigned | 28    | T46 * $unsigned(28'b1000111000111000111000111001) (core16_a24_b14_c24.v:237) |
| T48   | IFO  | Signed   | 27    | T20[26:0]                                |
| T49   | IFO  | Signed   | 27    | O1[27:1]                                 |
| T1    | IFO  | Signed   | 30    | I9 - I10 (core16_a24_b14_c24.v:193)      |
| T43   | IFO  | Signed   | 29    | T1[28:0]                                 |
| T101  | IFO  | Unsigned | 29    | T43 + T105 ( core16_a24_b14_c24.v:192 core16_a24_b14_c24.v:207 core16_a24_b14_c24.v:209 core16_a24_b14_c24.v:213 core16_a24_b14_c24.v:216 core16_a24_b14_c24.v:219 core16_a24_b14_c24.v:222 core16_a24_b14_c24.v:229 ) |
| T44   | IFO  | Unsigned | 28    | T101[28:1]                               |
| T18   | IFO  | Signed   | 28    | T44 * $signed(26'b10111011101110111011101111) (core16_a24_b14_c24.v:231) |
| T24   | IFO  | Signed   | 28    | T20 - T18 (core16_a24_b14_c24.v:245)     |
| T50   | IFO  | Signed   | 27    | T24[27:1]                                |
| T3    | IFO  | Signed   | 29    | I4 - I7 (core16_a24_b14_c24.v:196)       |
| T32   | IFO  | Signed   | 30    | T3 << 1                                  |
| T41   | IFO  | Signed   | 30    | T82 << 3                                 |
| T81   | IFO  | Signed   | 30    | T32 + T1 - I8 - T41 ( core16_a24_b14_c24.v:199 core16_a24_b14_c24.v:202 core16_a24_b14_c24.v:225 ) |
| T42   | IFO  | Signed   | 27    | T81[29:3]                                |
| T16   | IFO  | Unsigned | 27    | T42 * $unsigned(26'b10101010101010101010101011) (core16_a24_b14_c24.v:227) |
| T47   | IFO  | Signed   | 27    | T82[26:0]                                |
| O1    | PO   | Signed   | 30    | I1 - I2 (core16_a24_b14_c24.v:194)       |
| O2    | PO   | Signed   | 27    | $unsigned(1'b0) - T48 - T49 ( core16_a24_b14_c24.v:242 core16_a24_b14_c24.v:244 ) |
| O3    | PO   | Signed   | 27    | -T48 + T50 + T50 ( core16_a24_b14_c24.v:248 core16_a24_b14_c24.v:257 ) |
| O4    | PO   | Signed   | 27    | T16 - I12 (core16_a24_b14_c24.v:258)     |
| O5    | PO   | Signed   | 27    | -T47 + T16 + I13 ( core16_a24_b14_c24.v:240 core16_a24_b14_c24.v:256 ) |
==============================================================================


Implementation Report
===============================================================================
|                    |                  | Current            | Set            |
| Cell               | Module           | Implementation     | Implementation |
===============================================================================
| DP_OP_106J13_122_4067                 |                    |                |
|                    | DP_OP_106J13_122_4067 | str (area)    |                |
===============================================================================

 
****************************************
Design : Eval_9_5
****************************************

Resource Report for this hierarchy in file
        /export4/Home/iac01/shiliubowen/Work/BackFlow28/2RtlCode/core16/core16_a24_b14_c24/core16_a24_b14_c24.v
=============================================================================
| Cell           | Module         | Parameters | Contained Operations       |
=============================================================================
| DP_OP_54J11_122_6861            |            |                            |
|                | DP_OP_54J11_122_6861 |      |                            |
| DP_OP_55J11_123_7444            |            |                            |
|                | DP_OP_55J11_123_7444 |      |                            |
| DP_OP_56J11_124_3026            |            |                            |
|                | DP_OP_56J11_124_3026 |      |                            |
=============================================================================

Datapath Report for DP_OP_54J11_122_6861
==============================================================================
| Cell                 | Contained Operations                                |
==============================================================================
| DP_OP_54J11_122_6861 | add_158 (core16_a24_b14_c24.v:158)                  |
|                      | add_161 (core16_a24_b14_c24.v:161)                  |
|                      | add_164 (core16_a24_b14_c24.v:164)                  |
==============================================================================

==============================================================================
|       |      | Data     |       |                                          |
| Var   | Type | Class    | Width | Expression                               |
==============================================================================
| I1    | PI   | Unsigned | 20    |                                          |
| I2    | PI   | Unsigned | 21    |                                          |
| I3    | PI   | Unsigned | 20    |                                          |
| I4    | PI   | Unsigned | 20    |                                          |
| T4    | IFO  | Unsigned | 21    | I1 + I2 (core16_a24_b14_c24.v:158)       |
| T18   | IFO  | Unsigned | 22    | T4 << 1                                  |
| T5    | IFO  | Unsigned | 22    | I3 + T18 (core16_a24_b14_c24.v:161)      |
| T19   | IFO  | Unsigned | 23    | T5 << 1                                  |
| O1    | PO   | Unsigned | 23    | I4 + T19 (core16_a24_b14_c24.v:164)      |
==============================================================================

Datapath Report for DP_OP_55J11_123_7444
==============================================================================
| Cell                 | Contained Operations                                |
==============================================================================
| DP_OP_55J11_123_7444 | add_149 (core16_a24_b14_c24.v:149)                  |
|                      | add_148 (core16_a24_b14_c24.v:148)                  |
|                      | add_165 (core16_a24_b14_c24.v:165)                  |
|                      | sub_166 (core16_a24_b14_c24.v:166)                  |
==============================================================================

==============================================================================
|       |      | Data     |       |                                          |
| Var   | Type | Class    | Width | Expression                               |
==============================================================================
| I1    | PI   | Unsigned | 20    |                                          |
| I2    | PI   | Unsigned | 20    |                                          |
| I3    | PI   | Unsigned | 20    |                                          |
| I4    | PI   | Unsigned | 20    |                                          |
| T47   | IFO  | Unsigned | 21    | I1 + I2 ( core16_a24_b14_c24.v:148 core16_a24_b14_c24.v:149 core16_a24_b14_c24.v:165 core16_a24_b14_c24.v:166 ) |
| T53   | IFO  | Unsigned | 21    | I3 + I4 ( core16_a24_b14_c24.v:148 core16_a24_b14_c24.v:149 core16_a24_b14_c24.v:165 core16_a24_b14_c24.v:166 ) |
| O1    | PO   | Unsigned | 23    | T47 + T53 ( core16_a24_b14_c24.v:148 core16_a24_b14_c24.v:149 core16_a24_b14_c24.v:165 ) |
| O2    | PO   | Signed   | 23    | T47 - T53 ( core16_a24_b14_c24.v:148 core16_a24_b14_c24.v:149 core16_a24_b14_c24.v:166 ) |
==============================================================================

Datapath Report for DP_OP_56J11_124_3026
==============================================================================
| Cell                 | Contained Operations                                |
==============================================================================
| DP_OP_56J11_124_3026 | add_152 (core16_a24_b14_c24.v:152)                  |
|                      | add_155 (core16_a24_b14_c24.v:155)                  |
|                      | add_169 (core16_a24_b14_c24.v:169)                  |
|                      | sub_170 (core16_a24_b14_c24.v:170)                  |
==============================================================================

==============================================================================
|       |      | Data     |       |                                          |
| Var   | Type | Class    | Width | Expression                               |
==============================================================================
| I1    | PI   | Unsigned | 22    |                                          |
| I2    | PI   | Unsigned | 20    |                                          |
| I3    | PI   | Unsigned | 20    |                                          |
| I4    | PI   | Unsigned | 22    |                                          |
| T2    | IFO  | Unsigned | 22    | I1 + I2 (core16_a24_b14_c24.v:152)       |
| T20   | IFO  | Unsigned | 23    | T2 << 1                                  |
| T41   | IFO  | Unsigned | 23    | I3 + I4 ( core16_a24_b14_c24.v:155 core16_a24_b14_c24.v:169 core16_a24_b14_c24.v:170 ) |
| O1    | PO   | Unsigned | 23    | T20 + T41 ( core16_a24_b14_c24.v:155 core16_a24_b14_c24.v:169 ) |
| O2    | PO   | Signed   | 23    | T20 - T41 ( core16_a24_b14_c24.v:155 core16_a24_b14_c24.v:170 ) |
==============================================================================


Implementation Report
===============================================================================
|                    |                  | Current            | Set            |
| Cell               | Module           | Implementation     | Implementation |
===============================================================================
| DP_OP_54J11_122_6861                  |                    |                |
|                    | DP_OP_54J11_122_6861 | str (area)     |                |
| DP_OP_55J11_123_7444                  |                    |                |
|                    | DP_OP_55J11_123_7444 | str (area)     |                |
| DP_OP_56J11_124_3026                  |                    |                |
|                    | DP_OP_56J11_124_3026 | str (area)     |                |
===============================================================================

 
****************************************
Design : Eval_8_5
****************************************

Resource Report for this hierarchy in file
        /export4/Home/iac01/shiliubowen/Work/BackFlow28/2RtlCode/core16/core16_a24_b14_c24/core16_a24_b14_c24.v
=============================================================================
| Cell           | Module         | Parameters | Contained Operations       |
=============================================================================
| DP_OP_53J13_123_4273            |            |                            |
|                | DP_OP_53J13_123_4273 |      |                            |
| DP_OP_54J13_124_4880            |            |                            |
|                | DP_OP_54J13_124_4880 |      |                            |
| DP_OP_55J13_125_524             |            |                            |
|                | DP_OP_55J13_125_524 |       |                            |
=============================================================================

Datapath Report for DP_OP_53J13_123_4273
==============================================================================
| Cell                 | Contained Operations                                |
==============================================================================
| DP_OP_53J13_123_4273 | add_114 (core16_a24_b14_c24.v:114)                  |
|                      | add_117 (core16_a24_b14_c24.v:117)                  |
|                      | add_120 (core16_a24_b14_c24.v:120)                  |
==============================================================================

==============================================================================
|       |      | Data     |       |                                          |
| Var   | Type | Class    | Width | Expression                               |
==============================================================================
| I1    | PI   | Unsigned | 28    |                                          |
| I2    | PI   | Unsigned | 28    |                                          |
| I3    | PI   | Unsigned | 29    |                                          |
| I4    | PI   | Unsigned | 30    |                                          |
| T4    | IFO  | Unsigned | 28    | I1 + I2 (core16_a24_b14_c24.v:114)       |
| T17   | IFO  | Unsigned | 29    | T4 << 1                                  |
| T5    | IFO  | Unsigned | 29    | I3 + T17 (core16_a24_b14_c24.v:117)      |
| T18   | IFO  | Unsigned | 30    | T5 << 1                                  |
| O1    | PO   | Unsigned | 30    | I4 + T18 (core16_a24_b14_c24.v:120)      |
==============================================================================

Datapath Report for DP_OP_54J13_124_4880
==============================================================================
| Cell                 | Contained Operations                                |
==============================================================================
| DP_OP_54J13_124_4880 | add_105 (core16_a24_b14_c24.v:105)                  |
|                      | add_104 (core16_a24_b14_c24.v:104)                  |
|                      | add_121 (core16_a24_b14_c24.v:121)                  |
|                      | sub_122 (core16_a24_b14_c24.v:122)                  |
==============================================================================

==============================================================================
|       |      | Data     |       |                                          |
| Var   | Type | Class    | Width | Expression                               |
==============================================================================
| I1    | PI   | Unsigned | 30    |                                          |
| I2    | PI   | Unsigned | 30    |                                          |
| I3    | PI   | Unsigned | 30    |                                          |
| I4    | PI   | Unsigned | 30    |                                          |
| T46   | IFO  | Unsigned | 30    | I1 + I2 ( core16_a24_b14_c24.v:104 core16_a24_b14_c24.v:105 core16_a24_b14_c24.v:121 core16_a24_b14_c24.v:122 ) |
| T52   | IFO  | Unsigned | 30    | I3 + I4 ( core16_a24_b14_c24.v:104 core16_a24_b14_c24.v:105 core16_a24_b14_c24.v:121 core16_a24_b14_c24.v:122 ) |
| O1    | PO   | Unsigned | 30    | T46 + T52 ( core16_a24_b14_c24.v:104 core16_a24_b14_c24.v:105 core16_a24_b14_c24.v:121 ) |
| O2    | PO   | Signed   | 30    | T46 - T52 ( core16_a24_b14_c24.v:104 core16_a24_b14_c24.v:105 core16_a24_b14_c24.v:122 ) |
==============================================================================

Datapath Report for DP_OP_55J13_125_524
==============================================================================
| Cell                 | Contained Operations                                |
==============================================================================
| DP_OP_55J13_125_524  | add_108 (core16_a24_b14_c24.v:108)                  |
|                      | add_111 (core16_a24_b14_c24.v:111)                  |
|                      | add_125 (core16_a24_b14_c24.v:125)                  |
|                      | sub_126 (core16_a24_b14_c24.v:126)                  |
==============================================================================

==============================================================================
|       |      | Data     |       |                                          |
| Var   | Type | Class    | Width | Expression                               |
==============================================================================
| I1    | PI   | Unsigned | 29    |                                          |
| I2    | PI   | Unsigned | 29    |                                          |
| I3    | PI   | Unsigned | 30    |                                          |
| I4    | PI   | Unsigned | 30    |                                          |
| T2    | IFO  | Unsigned | 29    | I1 + I2 (core16_a24_b14_c24.v:108)       |
| T19   | IFO  | Unsigned | 30    | T2 << 1                                  |
| T40   | IFO  | Unsigned | 30    | I3 + I4 ( core16_a24_b14_c24.v:111 core16_a24_b14_c24.v:125 core16_a24_b14_c24.v:126 ) |
| O1    | PO   | Unsigned | 30    | T19 + T40 ( core16_a24_b14_c24.v:111 core16_a24_b14_c24.v:125 ) |
| O2    | PO   | Signed   | 30    | T19 - T40 ( core16_a24_b14_c24.v:111 core16_a24_b14_c24.v:126 ) |
==============================================================================


Implementation Report
===============================================================================
|                    |                  | Current            | Set            |
| Cell               | Module           | Implementation     | Implementation |
===============================================================================
| DP_OP_53J13_123_4273                  |                    |                |
|                    | DP_OP_53J13_123_4273 | str (area)     |                |
| DP_OP_54J13_124_4880                  |                    |                |
|                    | DP_OP_54J13_124_4880 | str (area)     |                |
| DP_OP_55J13_125_524                   |                    |                |
|                    | DP_OP_55J13_125_524 | str (area)      |                |
===============================================================================

 
****************************************
Design : core4_6
****************************************

Resource Report for this hierarchy in file
        /export4/Home/iac01/shiliubowen/Work/BackFlow28/2RtlCode/core16/core16_a24_b14_c24/core16_a24_b14_c24.v
=============================================================================
| Cell           | Module         | Parameters | Contained Operations       |
=============================================================================
| mult_x_1       | DW_mult_uns    | a_width=24 | mult_456 (core16_a24_b14_c24.v:456) |
        |                | b_width=14 |                            |
| mult_x_2       | DW_mult_uns    | a_width=30 | mult_457 (core16_a24_b14_c24.v:457) |
        |                | b_width=20 |                            |
| mult_x_3       | DW_mult_tc     | a_width=30 | mult_458 (core16_a24_b14_c24.v:458) |
        |                | b_width=23 |                            |
| mult_x_4       | DW_mult_tc     | a_width=30 | mult_459 (core16_a24_b14_c24.v:459) |
        |                | b_width=23 |                            |
| mult_x_5       | DW_mult_uns    | a_width=29 | mult_460 (core16_a24_b14_c24.v:460) |
        |                | b_width=19 |                            |
| mult_x_6       | DW_mult_tc     | a_width=30 | mult_461 (core16_a24_b14_c24.v:461) |
        |                | b_width=23 |                            |
| mult_x_7       | DW_mult_uns    | a_width=24 | mult_462 (core16_a24_b14_c24.v:462) |
        |                | b_width=14 |                            |
=============================================================================


Implementation Report
===============================================================================
|                    |                  | Current            | Set            |
| Cell               | Module           | Implementation     | Implementation |
===============================================================================
| mult_x_1           | DW_mult_uns      | apparch (area)     |                |
|                    |                  | mult_arch: benc_radix8              |
| mult_x_2           | DW_mult_uns      | apparch (area)     |                |
|                    |                  | mult_arch: benc_radix8              |
| mult_x_3           | DW_mult_tc       | apparch (area)     |                |
|                    |                  | mult_arch: benc_radix8              |
| mult_x_4           | DW_mult_tc       | apparch (area)     |                |
|                    |                  | mult_arch: benc_radix8              |
| mult_x_5           | DW_mult_uns      | apparch (area)     |                |
|                    |                  | mult_arch: benc_radix8              |
| mult_x_6           | DW_mult_tc       | apparch (area)     |                |
|                    |                  | mult_arch: benc_radix8              |
| mult_x_7           | DW_mult_uns      | apparch (area)     |                |
|                    |                  | mult_arch: benc_radix8              |
===============================================================================


No resource sharing information to report.
 
****************************************
Design : Interpolation_6
****************************************

No implementations to report
 
****************************************
Design : InterpolationComb_6
****************************************

Resource Report for this hierarchy in file
        /export4/Home/iac01/shiliubowen/Work/BackFlow28/2RtlCode/core16/core16_a24_b14_c24/core16_a24_b14_c24.v
=============================================================================
| Cell           | Module         | Parameters | Contained Operations       |
=============================================================================
| DP_OP_106J13_122_4067           |            |                            |
|                | DP_OP_106J13_122_4067 |     |                            |
=============================================================================

Datapath Report for DP_OP_106J13_122_4067
==============================================================================
| Cell                 | Contained Operations                                |
==============================================================================
| DP_OP_106J13_122_4067 | sub_194 (core16_a24_b14_c24.v:194)                 |
|                      | add_204 (core16_a24_b14_c24.v:204)                  |
|                      | add_192 (core16_a24_b14_c24.v:192)                  |
|                      | sub_207 (core16_a24_b14_c24.v:207)                  |
|                      | sub_209 (core16_a24_b14_c24.v:209)                  |
|                      | add_213 (core16_a24_b14_c24.v:213)                  |
|                      | add_216 (core16_a24_b14_c24.v:216)                  |
|                      | add_219 (core16_a24_b14_c24.v:219)                  |
|                      | add_222 (core16_a24_b14_c24.v:222)                  |
|                      | add_229 (core16_a24_b14_c24.v:229)                  |
|                      | add_235 (core16_a24_b14_c24.v:235)                  |
|                      | sub_211 (core16_a24_b14_c24.v:211)                  |
|                      | sub_212 (core16_a24_b14_c24.v:212)                  |
|                      | add_199 (core16_a24_b14_c24.v:199)                  |
|                      | sub_202 (core16_a24_b14_c24.v:202)                  |
|                      | sub_225 (core16_a24_b14_c24.v:225)                  |
|                      | sub_196 (core16_a24_b14_c24.v:196)                  |
|                      | sub_193 (core16_a24_b14_c24.v:193)                  |
|                      | mult_231 (core16_a24_b14_c24.v:231)                 |
|                      | sub_245 (core16_a24_b14_c24.v:245)                  |
|                      | mult_237 (core16_a24_b14_c24.v:237)                 |
|                      | sub_242 (core16_a24_b14_c24.v:242)                  |
|                      | sub_244 (core16_a24_b14_c24.v:244)                  |
|                      | sub_248 (core16_a24_b14_c24.v:248)                  |
|                      | sub_257 (core16_a24_b14_c24.v:257)                  |
|                      | mult_227 (core16_a24_b14_c24.v:227)                 |
|                      | sub_258 (core16_a24_b14_c24.v:258)                  |
|                      | sub_240 (core16_a24_b14_c24.v:240)                  |
|                      | sub_256 (core16_a24_b14_c24.v:256)                  |
==============================================================================

==============================================================================
|       |      | Data     |       |                                          |
| Var   | Type | Class    | Width | Expression                               |
==============================================================================
| I1    | PI   | Unsigned | 30    |                                          |
| I2    | PI   | Unsigned | 30    |                                          |
| I3    | PI   | Unsigned | 29    |                                          |
| I4    | PI   | Unsigned | 29    |                                          |
| I5    | PI   | Signed   | 29    |                                          |
| I6    | PI   | Signed   | 29    |                                          |
| I7    | PI   | Unsigned | 29    |                                          |
| I8    | PI   | Signed   | 30    |                                          |
| I9    | PI   | Unsigned | 30    |                                          |
| I10   | PI   | Unsigned | 30    |                                          |
| I11   | PI   | Unsigned | 29    |                                          |
| I12   | PI   | Unsigned | 27    |                                          |
| I13   | PI   | Signed   | 27    |                                          |
| T35   | IFO  | Signed   | 29    | O1[29:1]                                 |
| T6    | IFO  | Unsigned | 29    | I3 + T35 (core16_a24_b14_c24.v:204)      |
| T36   | IFO  | Signed   | 29    | T6 << 6                                  |
| T82   | IFO  | Signed   | 29    | T6 - I6 - I7 ( core16_a24_b14_c24.v:211 core16_a24_b14_c24.v:212 ) |
| T38   | IFO  | Signed   | 29    | T82 << 2                                 |
| T39   | IFO  | Signed   | 29    | T82 << 3                                 |
| T40   | IFO  | Signed   | 29    | T82 << 5                                 |
| T105  | IFO  | Signed   | 29    | I4 - T6 + I5 - T36 + T82 + T38 + T39 + T40 ( core16_a24_b14_c24.v:192 core16_a24_b14_c24.v:207 core16_a24_b14_c24.v:209 core16_a24_b14_c24.v:213 core16_a24_b14_c24.v:216 core16_a24_b14_c24.v:219 core16_a24_b14_c24.v:222 core16_a24_b14_c24.v:229 core16_a24_b14_c24.v:235 ) |
| T103  | IFO  | Unsigned | 29    | I11 + T105 ( core16_a24_b14_c24.v:192 core16_a24_b14_c24.v:207 core16_a24_b14_c24.v:209 core16_a24_b14_c24.v:213 core16_a24_b14_c24.v:216 core16_a24_b14_c24.v:219 core16_a24_b14_c24.v:222 core16_a24_b14_c24.v:235 ) |
| T46   | IFO  | Unsigned | 28    | T103[28:1]                               |
| T20   | IFO  | Unsigned | 28    | T46 * $unsigned(28'b1000111000111000111000111001) (core16_a24_b14_c24.v:237) |
| T48   | IFO  | Signed   | 27    | T20[26:0]                                |
| T49   | IFO  | Signed   | 27    | O1[27:1]                                 |
| T1    | IFO  | Signed   | 30    | I9 - I10 (core16_a24_b14_c24.v:193)      |
| T43   | IFO  | Signed   | 29    | T1[28:0]                                 |
| T101  | IFO  | Unsigned | 29    | T43 + T105 ( core16_a24_b14_c24.v:192 core16_a24_b14_c24.v:207 core16_a24_b14_c24.v:209 core16_a24_b14_c24.v:213 core16_a24_b14_c24.v:216 core16_a24_b14_c24.v:219 core16_a24_b14_c24.v:222 core16_a24_b14_c24.v:229 ) |
| T44   | IFO  | Unsigned | 28    | T101[28:1]                               |
| T18   | IFO  | Signed   | 28    | T44 * $signed(26'b10111011101110111011101111) (core16_a24_b14_c24.v:231) |
| T24   | IFO  | Signed   | 28    | T20 - T18 (core16_a24_b14_c24.v:245)     |
| T50   | IFO  | Signed   | 27    | T24[27:1]                                |
| T3    | IFO  | Signed   | 29    | I4 - I7 (core16_a24_b14_c24.v:196)       |
| T32   | IFO  | Signed   | 30    | T3 << 1                                  |
| T41   | IFO  | Signed   | 30    | T82 << 3                                 |
| T81   | IFO  | Signed   | 30    | T32 + T1 - I8 - T41 ( core16_a24_b14_c24.v:199 core16_a24_b14_c24.v:202 core16_a24_b14_c24.v:225 ) |
| T42   | IFO  | Signed   | 27    | T81[29:3]                                |
| T16   | IFO  | Unsigned | 27    | T42 * $unsigned(26'b10101010101010101010101011) (core16_a24_b14_c24.v:227) |
| T47   | IFO  | Signed   | 27    | T82[26:0]                                |
| O1    | PO   | Signed   | 30    | I1 - I2 (core16_a24_b14_c24.v:194)       |
| O2    | PO   | Signed   | 27    | $unsigned(1'b0) - T48 - T49 ( core16_a24_b14_c24.v:242 core16_a24_b14_c24.v:244 ) |
| O3    | PO   | Signed   | 27    | -T48 + T50 + T50 ( core16_a24_b14_c24.v:248 core16_a24_b14_c24.v:257 ) |
| O4    | PO   | Signed   | 27    | T16 - I12 (core16_a24_b14_c24.v:258)     |
| O5    | PO   | Signed   | 27    | -T47 + T16 + I13 ( core16_a24_b14_c24.v:240 core16_a24_b14_c24.v:256 ) |
==============================================================================


Implementation Report
===============================================================================
|                    |                  | Current            | Set            |
| Cell               | Module           | Implementation     | Implementation |
===============================================================================
| DP_OP_106J13_122_4067                 |                    |                |
|                    | DP_OP_106J13_122_4067 | str (area)    |                |
===============================================================================

 
****************************************
Design : Eval_9_6
****************************************

Resource Report for this hierarchy in file
        /export4/Home/iac01/shiliubowen/Work/BackFlow28/2RtlCode/core16/core16_a24_b14_c24/core16_a24_b14_c24.v
=============================================================================
| Cell           | Module         | Parameters | Contained Operations       |
=============================================================================
| DP_OP_54J6_125_9182             |            |                            |
|                | DP_OP_54J6_125_9182 |       |                            |
| DP_OP_55J6_126_1285             |            |                            |
|                | DP_OP_55J6_126_1285 |       |                            |
| DP_OP_56J6_127_8200             |            |                            |
|                | DP_OP_56J6_127_8200 |       |                            |
=============================================================================

Datapath Report for DP_OP_54J6_125_9182
==============================================================================
| Cell                 | Contained Operations                                |
==============================================================================
| DP_OP_54J6_125_9182  | add_158 (core16_a24_b14_c24.v:158)                  |
|                      | add_161 (core16_a24_b14_c24.v:161)                  |
|                      | add_164 (core16_a24_b14_c24.v:164)                  |
==============================================================================

==============================================================================
|       |      | Data     |       |                                          |
| Var   | Type | Class    | Width | Expression                               |
==============================================================================
| I1    | PI   | Unsigned | 14    |                                          |
| I2    | PI   | Unsigned | 15    |                                          |
| I3    | PI   | Unsigned | 14    |                                          |
| I4    | PI   | Unsigned | 14    |                                          |
| T4    | IFO  | Unsigned | 21    | I1 + I2 (core16_a24_b14_c24.v:158)       |
| T18   | IFO  | Unsigned | 22    | T4 << 1                                  |
| T5    | IFO  | Unsigned | 22    | I3 + T18 (core16_a24_b14_c24.v:161)      |
| T19   | IFO  | Unsigned | 23    | T5 << 1                                  |
| O1    | PO   | Unsigned | 23    | I4 + T19 (core16_a24_b14_c24.v:164)      |
==============================================================================

Datapath Report for DP_OP_55J6_126_1285
==============================================================================
| Cell                 | Contained Operations                                |
==============================================================================
| DP_OP_55J6_126_1285  | add_149 (core16_a24_b14_c24.v:149)                  |
|                      | add_148 (core16_a24_b14_c24.v:148)                  |
|                      | add_165 (core16_a24_b14_c24.v:165)                  |
|                      | sub_166 (core16_a24_b14_c24.v:166)                  |
==============================================================================

==============================================================================
|       |      | Data     |       |                                          |
| Var   | Type | Class    | Width | Expression                               |
==============================================================================
| I1    | PI   | Unsigned | 14    |                                          |
| I2    | PI   | Unsigned | 14    |                                          |
| I3    | PI   | Unsigned | 14    |                                          |
| I4    | PI   | Unsigned | 14    |                                          |
| T47   | IFO  | Unsigned | 15    | I1 + I2 ( core16_a24_b14_c24.v:148 core16_a24_b14_c24.v:149 core16_a24_b14_c24.v:165 core16_a24_b14_c24.v:166 ) |
| T53   | IFO  | Unsigned | 15    | I3 + I4 ( core16_a24_b14_c24.v:148 core16_a24_b14_c24.v:149 core16_a24_b14_c24.v:165 core16_a24_b14_c24.v:166 ) |
| O1    | PO   | Unsigned | 23    | T47 + T53 ( core16_a24_b14_c24.v:148 core16_a24_b14_c24.v:149 core16_a24_b14_c24.v:165 ) |
| O2    | PO   | Signed   | 23    | T47 - T53 ( core16_a24_b14_c24.v:148 core16_a24_b14_c24.v:149 core16_a24_b14_c24.v:166 ) |
==============================================================================

Datapath Report for DP_OP_56J6_127_8200
==============================================================================
| Cell                 | Contained Operations                                |
==============================================================================
| DP_OP_56J6_127_8200  | add_152 (core16_a24_b14_c24.v:152)                  |
|                      | add_155 (core16_a24_b14_c24.v:155)                  |
|                      | add_169 (core16_a24_b14_c24.v:169)                  |
|                      | sub_170 (core16_a24_b14_c24.v:170)                  |
==============================================================================

==============================================================================
|       |      | Data     |       |                                          |
| Var   | Type | Class    | Width | Expression                               |
==============================================================================
| I1    | PI   | Unsigned | 16    |                                          |
| I2    | PI   | Unsigned | 14    |                                          |
| I3    | PI   | Unsigned | 14    |                                          |
| I4    | PI   | Unsigned | 16    |                                          |
| T2    | IFO  | Unsigned | 22    | I1 + I2 (core16_a24_b14_c24.v:152)       |
| T20   | IFO  | Unsigned | 23    | T2 << 1                                  |
| T41   | IFO  | Unsigned | 17    | I3 + I4 ( core16_a24_b14_c24.v:155 core16_a24_b14_c24.v:169 core16_a24_b14_c24.v:170 ) |
| O1    | PO   | Unsigned | 23    | T20 + T41 ( core16_a24_b14_c24.v:155 core16_a24_b14_c24.v:169 ) |
| O2    | PO   | Signed   | 23    | T20 - T41 ( core16_a24_b14_c24.v:155 core16_a24_b14_c24.v:170 ) |
==============================================================================


Implementation Report
===============================================================================
|                    |                  | Current            | Set            |
| Cell               | Module           | Implementation     | Implementation |
===============================================================================
| DP_OP_54J6_125_9182                   |                    |                |
|                    | DP_OP_54J6_125_9182 | str (area)      |                |
| DP_OP_55J6_126_1285                   |                    |                |
|                    | DP_OP_55J6_126_1285 | str (area)      |                |
| DP_OP_56J6_127_8200                   |                    |                |
|                    | DP_OP_56J6_127_8200 | str (area)      |                |
===============================================================================

 
****************************************
Design : Eval_8_6
****************************************

Resource Report for this hierarchy in file
        /export4/Home/iac01/shiliubowen/Work/BackFlow28/2RtlCode/core16/core16_a24_b14_c24/core16_a24_b14_c24.v
=============================================================================
| Cell           | Module         | Parameters | Contained Operations       |
=============================================================================
| DP_OP_54J13_126_1205            |            |                            |
|                | DP_OP_54J13_126_1205 |      |                            |
| DP_OP_55J13_127_7635            |            |                            |
|                | DP_OP_55J13_127_7635 |      |                            |
| DP_OP_56J13_128_620             |            |                            |
|                | DP_OP_56J13_128_620 |       |                            |
=============================================================================

Datapath Report for DP_OP_54J13_126_1205
==============================================================================
| Cell                 | Contained Operations                                |
==============================================================================
| DP_OP_54J13_126_1205 | add_114 (core16_a24_b14_c24.v:114)                  |
|                      | add_117 (core16_a24_b14_c24.v:117)                  |
|                      | add_120 (core16_a24_b14_c24.v:120)                  |
==============================================================================

==============================================================================
|       |      | Data     |       |                                          |
| Var   | Type | Class    | Width | Expression                               |
==============================================================================
| I1    | PI   | Unsigned | 24    |                                          |
| I2    | PI   | Unsigned | 25    |                                          |
| I3    | PI   | Unsigned | 24    |                                          |
| I4    | PI   | Unsigned | 24    |                                          |
| T4    | IFO  | Unsigned | 28    | I1 + I2 (core16_a24_b14_c24.v:114)       |
| T18   | IFO  | Unsigned | 29    | T4 << 1                                  |
| T5    | IFO  | Unsigned | 29    | I3 + T18 (core16_a24_b14_c24.v:117)      |
| T19   | IFO  | Unsigned | 30    | T5 << 1                                  |
| O1    | PO   | Unsigned | 30    | I4 + T19 (core16_a24_b14_c24.v:120)      |
==============================================================================

Datapath Report for DP_OP_55J13_127_7635
==============================================================================
| Cell                 | Contained Operations                                |
==============================================================================
| DP_OP_55J13_127_7635 | add_105 (core16_a24_b14_c24.v:105)                  |
|                      | add_104 (core16_a24_b14_c24.v:104)                  |
|                      | add_121 (core16_a24_b14_c24.v:121)                  |
|                      | sub_122 (core16_a24_b14_c24.v:122)                  |
==============================================================================

==============================================================================
|       |      | Data     |       |                                          |
| Var   | Type | Class    | Width | Expression                               |
==============================================================================
| I1    | PI   | Unsigned | 24    |                                          |
| I2    | PI   | Unsigned | 24    |                                          |
| I3    | PI   | Unsigned | 24    |                                          |
| I4    | PI   | Unsigned | 24    |                                          |
| T47   | IFO  | Unsigned | 25    | I1 + I2 ( core16_a24_b14_c24.v:104 core16_a24_b14_c24.v:105 core16_a24_b14_c24.v:121 core16_a24_b14_c24.v:122 ) |
| T53   | IFO  | Unsigned | 25    | I3 + I4 ( core16_a24_b14_c24.v:104 core16_a24_b14_c24.v:105 core16_a24_b14_c24.v:121 core16_a24_b14_c24.v:122 ) |
| O1    | PO   | Unsigned | 30    | T47 + T53 ( core16_a24_b14_c24.v:104 core16_a24_b14_c24.v:105 core16_a24_b14_c24.v:121 ) |
| O2    | PO   | Signed   | 30    | T47 - T53 ( core16_a24_b14_c24.v:104 core16_a24_b14_c24.v:105 core16_a24_b14_c24.v:122 ) |
==============================================================================

Datapath Report for DP_OP_56J13_128_620
==============================================================================
| Cell                 | Contained Operations                                |
==============================================================================
| DP_OP_56J13_128_620  | add_108 (core16_a24_b14_c24.v:108)                  |
|                      | add_111 (core16_a24_b14_c24.v:111)                  |
|                      | add_125 (core16_a24_b14_c24.v:125)                  |
|                      | sub_126 (core16_a24_b14_c24.v:126)                  |
==============================================================================

==============================================================================
|       |      | Data     |       |                                          |
| Var   | Type | Class    | Width | Expression                               |
==============================================================================
| I1    | PI   | Unsigned | 26    |                                          |
| I2    | PI   | Unsigned | 24    |                                          |
| I3    | PI   | Unsigned | 24    |                                          |
| I4    | PI   | Unsigned | 26    |                                          |
| T2    | IFO  | Unsigned | 29    | I1 + I2 (core16_a24_b14_c24.v:108)       |
| T20   | IFO  | Unsigned | 30    | T2 << 1                                  |
| T41   | IFO  | Unsigned | 27    | I3 + I4 ( core16_a24_b14_c24.v:111 core16_a24_b14_c24.v:125 core16_a24_b14_c24.v:126 ) |
| O1    | PO   | Unsigned | 30    | T20 + T41 ( core16_a24_b14_c24.v:111 core16_a24_b14_c24.v:125 ) |
| O2    | PO   | Signed   | 30    | T20 - T41 ( core16_a24_b14_c24.v:111 core16_a24_b14_c24.v:126 ) |
==============================================================================


Implementation Report
===============================================================================
|                    |                  | Current            | Set            |
| Cell               | Module           | Implementation     | Implementation |
===============================================================================
| DP_OP_54J13_126_1205                  |                    |                |
|                    | DP_OP_54J13_126_1205 | str (area)     |                |
| DP_OP_55J13_127_7635                  |                    |                |
|                    | DP_OP_55J13_127_7635 | str (area)     |                |
| DP_OP_56J13_128_620                   |                    |                |
|                    | DP_OP_56J13_128_620 | str (area)      |                |
===============================================================================

 
****************************************
Design : Eval_1_0
****************************************

Resource Report for this hierarchy in file
        /export4/Home/iac01/shiliubowen/Work/BackFlow28/2RtlCode/core16/core16_a24_b14_c24/core16_a24_b14_c24.v
=============================================================================
| Cell           | Module         | Parameters | Contained Operations       |
=============================================================================
| DP_OP_52J5_129_4593             |            |                            |
|                | DP_OP_52J5_129_4593 |       |                            |
| DP_OP_53J5_130_1321             |            |                            |
|                | DP_OP_53J5_130_1321 |       |                            |
| DP_OP_54J5_131_2501             |            |                            |
|                | DP_OP_54J5_131_2501 |       |                            |
=============================================================================

Datapath Report for DP_OP_52J5_129_4593
==============================================================================
| Cell                 | Contained Operations                                |
==============================================================================
| DP_OP_52J5_129_4593  | add_68 (core16_a24_b14_c24.v:68)                    |
|                      | add_71 (core16_a24_b14_c24.v:71)                    |
|                      | add_74 (core16_a24_b14_c24.v:74)                    |
==============================================================================

==============================================================================
|       |      | Data     |       |                                          |
| Var   | Type | Class    | Width | Expression                               |
==============================================================================
| I1    | PI   | Unsigned | 14    |                                          |
| I2    | PI   | Unsigned | 15    |                                          |
| I3    | PI   | Unsigned | 14    |                                          |
| I4    | PI   | Unsigned | 14    |                                          |
| T4    | IFO  | Unsigned | 16    | I1 + I2 (core16_a24_b14_c24.v:68)        |
| T16   | IFO  | Unsigned | 17    | T4 << 1                                  |
| T5    | IFO  | Unsigned | 18    | I3 + T16 (core16_a24_b14_c24.v:71)       |
| T17   | IFO  | Unsigned | 19    | T5 << 1                                  |
| O1    | PO   | Unsigned | 20    | I4 + T17 (core16_a24_b14_c24.v:74)       |
==============================================================================

Datapath Report for DP_OP_53J5_130_1321
==============================================================================
| Cell                 | Contained Operations                                |
==============================================================================
| DP_OP_53J5_130_1321  | add_59 (core16_a24_b14_c24.v:59)                    |
|                      | add_58 (core16_a24_b14_c24.v:58)                    |
|                      | add_75 (core16_a24_b14_c24.v:75)                    |
|                      | sub_76 (core16_a24_b14_c24.v:76)                    |
==============================================================================

==============================================================================
|       |      | Data     |       |                                          |
| Var   | Type | Class    | Width | Expression                               |
==============================================================================
| I1    | PI   | Unsigned | 14    |                                          |
| I2    | PI   | Unsigned | 14    |                                          |
| I3    | PI   | Unsigned | 14    |                                          |
| I4    | PI   | Unsigned | 14    |                                          |
| T45   | IFO  | Unsigned | 15    | I1 + I2 ( core16_a24_b14_c24.v:58 core16_a24_b14_c24.v:59 core16_a24_b14_c24.v:75 core16_a24_b14_c24.v:76 ) |
| T51   | IFO  | Unsigned | 15    | I3 + I4 ( core16_a24_b14_c24.v:58 core16_a24_b14_c24.v:59 core16_a24_b14_c24.v:75 core16_a24_b14_c24.v:76 ) |
| O1    | PO   | Unsigned | 16    | T45 + T51 ( core16_a24_b14_c24.v:58 core16_a24_b14_c24.v:59 core16_a24_b14_c24.v:75 ) |
| O2    | PO   | Signed   | 16    | T45 - T51 ( core16_a24_b14_c24.v:58 core16_a24_b14_c24.v:59 core16_a24_b14_c24.v:76 ) |
==============================================================================

Datapath Report for DP_OP_54J5_131_2501
==============================================================================
| Cell                 | Contained Operations                                |
==============================================================================
| DP_OP_54J5_131_2501  | add_62 (core16_a24_b14_c24.v:62)                    |
|                      | add_65 (core16_a24_b14_c24.v:65)                    |
|                      | add_80 (core16_a24_b14_c24.v:80)                    |
|                      | sub_81 (core16_a24_b14_c24.v:81)                    |
==============================================================================

==============================================================================
|       |      | Data     |       |                                          |
| Var   | Type | Class    | Width | Expression                               |
==============================================================================
| I1    | PI   | Unsigned | 16    |                                          |
| I2    | PI   | Unsigned | 14    |                                          |
| I3    | PI   | Unsigned | 14    |                                          |
| I4    | PI   | Unsigned | 16    |                                          |
| T2    | IFO  | Unsigned | 17    | I1 + I2 (core16_a24_b14_c24.v:62)        |
| T18   | IFO  | Unsigned | 18    | T2 << 1                                  |
| T39   | IFO  | Unsigned | 17    | I3 + I4 ( core16_a24_b14_c24.v:65 core16_a24_b14_c24.v:80 core16_a24_b14_c24.v:81 ) |
| O1    | PO   | Unsigned | 19    | T18 + T39 ( core16_a24_b14_c24.v:65 core16_a24_b14_c24.v:80 ) |
| O2    | PO   | Signed   | 19    | T18 - T39 ( core16_a24_b14_c24.v:65 core16_a24_b14_c24.v:81 ) |
==============================================================================


Implementation Report
===============================================================================
|                    |                  | Current            | Set            |
| Cell               | Module           | Implementation     | Implementation |
===============================================================================
| DP_OP_52J5_129_4593                   |                    |                |
|                    | DP_OP_52J5_129_4593 | str (area)      |                |
| DP_OP_53J5_130_1321                   |                    |                |
|                    | DP_OP_53J5_130_1321 | str (area)      |                |
| DP_OP_54J5_131_2501                   |                    |                |
|                    | DP_OP_54J5_131_2501 | str (area)      |                |
===============================================================================

 
****************************************
Design : Eval_0
****************************************

Resource Report for this hierarchy in file
        /export4/Home/iac01/shiliubowen/Work/BackFlow28/2RtlCode/core16/core16_a24_b14_c24/core16_a24_b14_c24.v
=============================================================================
| Cell           | Module         | Parameters | Contained Operations       |
=============================================================================
| DP_OP_52J7_122_2684             |            |                            |
|                | DP_OP_52J7_122_2684 |       |                            |
| DP_OP_53J7_123_8373             |            |                            |
|                | DP_OP_53J7_123_8373 |       |                            |
| DP_OP_54J7_124_6887             |            |                            |
|                | DP_OP_54J7_124_6887 |       |                            |
=============================================================================

Datapath Report for DP_OP_52J7_122_2684
==============================================================================
| Cell                 | Contained Operations                                |
==============================================================================
| DP_OP_52J7_122_2684  | add_15 (core16_a24_b14_c24.v:15)                    |
|                      | add_14 (core16_a24_b14_c24.v:14)                    |
|                      | add_30 (core16_a24_b14_c24.v:30)                    |
|                      | sub_31 (core16_a24_b14_c24.v:31)                    |
==============================================================================

==============================================================================
|       |      | Data     |       |                                          |
| Var   | Type | Class    | Width | Expression                               |
==============================================================================
| I1    | PI   | Unsigned | 24    |                                          |
| I2    | PI   | Unsigned | 24    |                                          |
| I3    | PI   | Unsigned | 24    |                                          |
| I4    | PI   | Unsigned | 24    |                                          |
| T45   | IFO  | Unsigned | 25    | I1 + I2 ( core16_a24_b14_c24.v:14 core16_a24_b14_c24.v:15 core16_a24_b14_c24.v:30 core16_a24_b14_c24.v:31 ) |
| T51   | IFO  | Unsigned | 25    | I3 + I4 ( core16_a24_b14_c24.v:14 core16_a24_b14_c24.v:15 core16_a24_b14_c24.v:30 core16_a24_b14_c24.v:31 ) |
| O1    | PO   | Unsigned | 26    | T45 + T51 ( core16_a24_b14_c24.v:14 core16_a24_b14_c24.v:15 core16_a24_b14_c24.v:30 ) |
| O2    | PO   | Signed   | 26    | T45 - T51 ( core16_a24_b14_c24.v:14 core16_a24_b14_c24.v:15 core16_a24_b14_c24.v:31 ) |
==============================================================================

Datapath Report for DP_OP_53J7_123_8373
==============================================================================
| Cell                 | Contained Operations                                |
==============================================================================
| DP_OP_53J7_123_8373  | add_18 (core16_a24_b14_c24.v:18)                    |
|                      | add_21 (core16_a24_b14_c24.v:21)                    |
|                      | add_35 (core16_a24_b14_c24.v:35)                    |
|                      | sub_36 (core16_a24_b14_c24.v:36)                    |
==============================================================================

==============================================================================
|       |      | Data     |       |                                          |
| Var   | Type | Class    | Width | Expression                               |
==============================================================================
| I1    | PI   | Unsigned | 26    |                                          |
| I2    | PI   | Unsigned | 24    |                                          |
| I3    | PI   | Unsigned | 24    |                                          |
| I4    | PI   | Unsigned | 26    |                                          |
| T2    | IFO  | Unsigned | 27    | I1 + I2 (core16_a24_b14_c24.v:18)        |
| T17   | IFO  | Unsigned | 28    | T2 << 1                                  |
| T39   | IFO  | Unsigned | 27    | I3 + I4 ( core16_a24_b14_c24.v:21 core16_a24_b14_c24.v:35 core16_a24_b14_c24.v:36 ) |
| O1    | PO   | Unsigned | 29    | T17 + T39 ( core16_a24_b14_c24.v:21 core16_a24_b14_c24.v:35 ) |
| O2    | PO   | Signed   | 29    | T17 - T39 ( core16_a24_b14_c24.v:21 core16_a24_b14_c24.v:36 ) |
==============================================================================

Datapath Report for DP_OP_54J7_124_6887
==============================================================================
| Cell                 | Contained Operations                                |
==============================================================================
| DP_OP_54J7_124_6887  | add_24 (core16_a24_b14_c24.v:24)                    |
|                      | add_27 (core16_a24_b14_c24.v:27)                    |
|                      | add_38 (core16_a24_b14_c24.v:38)                    |
==============================================================================

==============================================================================
|       |      | Data     |       |                                          |
| Var   | Type | Class    | Width | Expression                               |
==============================================================================
| I1    | PI   | Unsigned | 24    |                                          |
| I2    | PI   | Unsigned | 25    |                                          |
| I3    | PI   | Unsigned | 24    |                                          |
| I4    | PI   | Unsigned | 24    |                                          |
| T4    | IFO  | Unsigned | 26    | I1 + I2 (core16_a24_b14_c24.v:24)        |
| T16   | IFO  | Unsigned | 27    | T4 << 1                                  |
| T5    | IFO  | Unsigned | 28    | I3 + T16 (core16_a24_b14_c24.v:27)       |
| T18   | IFO  | Unsigned | 29    | T5 << 1                                  |
| O1    | PO   | Unsigned | 30    | I4 + T18 (core16_a24_b14_c24.v:38)       |
==============================================================================


Implementation Report
===============================================================================
|                    |                  | Current            | Set            |
| Cell               | Module           | Implementation     | Implementation |
===============================================================================
| DP_OP_52J7_122_2684                   |                    |                |
|                    | DP_OP_52J7_122_2684 | str (area)      |                |
| DP_OP_53J7_123_8373                   |                    |                |
|                    | DP_OP_53J7_123_8373 | str (area)      |                |
| DP_OP_54J7_124_6887                   |                    |                |
|                    | DP_OP_54J7_124_6887 | str (area)      |                |
===============================================================================

 
****************************************
Design : Eval_1_1
****************************************

Resource Report for this hierarchy in file
        /export4/Home/iac01/shiliubowen/Work/BackFlow28/2RtlCode/core16/core16_a24_b14_c24/core16_a24_b14_c24.v
=============================================================================
| Cell           | Module         | Parameters | Contained Operations       |
=============================================================================
| DP_OP_52J5_129_4593             |            |                            |
|                | DP_OP_52J5_129_4593 |       |                            |
| DP_OP_53J5_130_1321             |            |                            |
|                | DP_OP_53J5_130_1321 |       |                            |
| DP_OP_54J5_131_2501             |            |                            |
|                | DP_OP_54J5_131_2501 |       |                            |
=============================================================================

Datapath Report for DP_OP_52J5_129_4593
==============================================================================
| Cell                 | Contained Operations                                |
==============================================================================
| DP_OP_52J5_129_4593  | add_68 (core16_a24_b14_c24.v:68)                    |
|                      | add_71 (core16_a24_b14_c24.v:71)                    |
|                      | add_74 (core16_a24_b14_c24.v:74)                    |
==============================================================================

==============================================================================
|       |      | Data     |       |                                          |
| Var   | Type | Class    | Width | Expression                               |
==============================================================================
| I1    | PI   | Unsigned | 14    |                                          |
| I2    | PI   | Unsigned | 15    |                                          |
| I3    | PI   | Unsigned | 14    |                                          |
| I4    | PI   | Unsigned | 14    |                                          |
| T4    | IFO  | Unsigned | 16    | I1 + I2 (core16_a24_b14_c24.v:68)        |
| T16   | IFO  | Unsigned | 17    | T4 << 1                                  |
| T5    | IFO  | Unsigned | 18    | I3 + T16 (core16_a24_b14_c24.v:71)       |
| T17   | IFO  | Unsigned | 19    | T5 << 1                                  |
| O1    | PO   | Unsigned | 20    | I4 + T17 (core16_a24_b14_c24.v:74)       |
==============================================================================

Datapath Report for DP_OP_53J5_130_1321
==============================================================================
| Cell                 | Contained Operations                                |
==============================================================================
| DP_OP_53J5_130_1321  | add_59 (core16_a24_b14_c24.v:59)                    |
|                      | add_58 (core16_a24_b14_c24.v:58)                    |
|                      | add_75 (core16_a24_b14_c24.v:75)                    |
|                      | sub_76 (core16_a24_b14_c24.v:76)                    |
==============================================================================

==============================================================================
|       |      | Data     |       |                                          |
| Var   | Type | Class    | Width | Expression                               |
==============================================================================
| I1    | PI   | Unsigned | 14    |                                          |
| I2    | PI   | Unsigned | 14    |                                          |
| I3    | PI   | Unsigned | 14    |                                          |
| I4    | PI   | Unsigned | 14    |                                          |
| T45   | IFO  | Unsigned | 15    | I1 + I2 ( core16_a24_b14_c24.v:58 core16_a24_b14_c24.v:59 core16_a24_b14_c24.v:75 core16_a24_b14_c24.v:76 ) |
| T51   | IFO  | Unsigned | 15    | I3 + I4 ( core16_a24_b14_c24.v:58 core16_a24_b14_c24.v:59 core16_a24_b14_c24.v:75 core16_a24_b14_c24.v:76 ) |
| O1    | PO   | Unsigned | 16    | T45 + T51 ( core16_a24_b14_c24.v:58 core16_a24_b14_c24.v:59 core16_a24_b14_c24.v:75 ) |
| O2    | PO   | Signed   | 16    | T45 - T51 ( core16_a24_b14_c24.v:58 core16_a24_b14_c24.v:59 core16_a24_b14_c24.v:76 ) |
==============================================================================

Datapath Report for DP_OP_54J5_131_2501
==============================================================================
| Cell                 | Contained Operations                                |
==============================================================================
| DP_OP_54J5_131_2501  | add_62 (core16_a24_b14_c24.v:62)                    |
|                      | add_65 (core16_a24_b14_c24.v:65)                    |
|                      | add_80 (core16_a24_b14_c24.v:80)                    |
|                      | sub_81 (core16_a24_b14_c24.v:81)                    |
==============================================================================

==============================================================================
|       |      | Data     |       |                                          |
| Var   | Type | Class    | Width | Expression                               |
==============================================================================
| I1    | PI   | Unsigned | 16    |                                          |
| I2    | PI   | Unsigned | 14    |                                          |
| I3    | PI   | Unsigned | 14    |                                          |
| I4    | PI   | Unsigned | 16    |                                          |
| T2    | IFO  | Unsigned | 17    | I1 + I2 (core16_a24_b14_c24.v:62)        |
| T18   | IFO  | Unsigned | 18    | T2 << 1                                  |
| T39   | IFO  | Unsigned | 17    | I3 + I4 ( core16_a24_b14_c24.v:65 core16_a24_b14_c24.v:80 core16_a24_b14_c24.v:81 ) |
| O1    | PO   | Unsigned | 19    | T18 + T39 ( core16_a24_b14_c24.v:65 core16_a24_b14_c24.v:80 ) |
| O2    | PO   | Signed   | 19    | T18 - T39 ( core16_a24_b14_c24.v:65 core16_a24_b14_c24.v:81 ) |
==============================================================================


Implementation Report
===============================================================================
|                    |                  | Current            | Set            |
| Cell               | Module           | Implementation     | Implementation |
===============================================================================
| DP_OP_52J5_129_4593                   |                    |                |
|                    | DP_OP_52J5_129_4593 | str (area)      |                |
| DP_OP_53J5_130_1321                   |                    |                |
|                    | DP_OP_53J5_130_1321 | str (area)      |                |
| DP_OP_54J5_131_2501                   |                    |                |
|                    | DP_OP_54J5_131_2501 | str (area)      |                |
===============================================================================

 
****************************************
Design : Eval_2
****************************************

Resource Report for this hierarchy in file
        /export4/Home/iac01/shiliubowen/Work/BackFlow28/2RtlCode/core16/core16_a24_b14_c24/core16_a24_b14_c24.v
=============================================================================
| Cell           | Module         | Parameters | Contained Operations       |
=============================================================================
| DP_OP_52J7_122_2684             |            |                            |
|                | DP_OP_52J7_122_2684 |       |                            |
| DP_OP_53J7_123_8373             |            |                            |
|                | DP_OP_53J7_123_8373 |       |                            |
| DP_OP_54J7_124_6887             |            |                            |
|                | DP_OP_54J7_124_6887 |       |                            |
=============================================================================

Datapath Report for DP_OP_52J7_122_2684
==============================================================================
| Cell                 | Contained Operations                                |
==============================================================================
| DP_OP_52J7_122_2684  | add_15 (core16_a24_b14_c24.v:15)                    |
|                      | add_14 (core16_a24_b14_c24.v:14)                    |
|                      | add_30 (core16_a24_b14_c24.v:30)                    |
|                      | sub_31 (core16_a24_b14_c24.v:31)                    |
==============================================================================

==============================================================================
|       |      | Data     |       |                                          |
| Var   | Type | Class    | Width | Expression                               |
==============================================================================
| I1    | PI   | Unsigned | 24    |                                          |
| I2    | PI   | Unsigned | 24    |                                          |
| I3    | PI   | Unsigned | 24    |                                          |
| I4    | PI   | Unsigned | 24    |                                          |
| T45   | IFO  | Unsigned | 25    | I1 + I2 ( core16_a24_b14_c24.v:14 core16_a24_b14_c24.v:15 core16_a24_b14_c24.v:30 core16_a24_b14_c24.v:31 ) |
| T51   | IFO  | Unsigned | 25    | I3 + I4 ( core16_a24_b14_c24.v:14 core16_a24_b14_c24.v:15 core16_a24_b14_c24.v:30 core16_a24_b14_c24.v:31 ) |
| O1    | PO   | Unsigned | 26    | T45 + T51 ( core16_a24_b14_c24.v:14 core16_a24_b14_c24.v:15 core16_a24_b14_c24.v:30 ) |
| O2    | PO   | Signed   | 26    | T45 - T51 ( core16_a24_b14_c24.v:14 core16_a24_b14_c24.v:15 core16_a24_b14_c24.v:31 ) |
==============================================================================

Datapath Report for DP_OP_53J7_123_8373
==============================================================================
| Cell                 | Contained Operations                                |
==============================================================================
| DP_OP_53J7_123_8373  | add_18 (core16_a24_b14_c24.v:18)                    |
|                      | add_21 (core16_a24_b14_c24.v:21)                    |
|                      | add_35 (core16_a24_b14_c24.v:35)                    |
|                      | sub_36 (core16_a24_b14_c24.v:36)                    |
==============================================================================

==============================================================================
|       |      | Data     |       |                                          |
| Var   | Type | Class    | Width | Expression                               |
==============================================================================
| I1    | PI   | Unsigned | 26    |                                          |
| I2    | PI   | Unsigned | 24    |                                          |
| I3    | PI   | Unsigned | 24    |                                          |
| I4    | PI   | Unsigned | 26    |                                          |
| T2    | IFO  | Unsigned | 27    | I1 + I2 (core16_a24_b14_c24.v:18)        |
| T17   | IFO  | Unsigned | 28    | T2 << 1                                  |
| T39   | IFO  | Unsigned | 27    | I3 + I4 ( core16_a24_b14_c24.v:21 core16_a24_b14_c24.v:35 core16_a24_b14_c24.v:36 ) |
| O1    | PO   | Unsigned | 29    | T17 + T39 ( core16_a24_b14_c24.v:21 core16_a24_b14_c24.v:35 ) |
| O2    | PO   | Signed   | 29    | T17 - T39 ( core16_a24_b14_c24.v:21 core16_a24_b14_c24.v:36 ) |
==============================================================================

Datapath Report for DP_OP_54J7_124_6887
==============================================================================
| Cell                 | Contained Operations                                |
==============================================================================
| DP_OP_54J7_124_6887  | add_24 (core16_a24_b14_c24.v:24)                    |
|                      | add_27 (core16_a24_b14_c24.v:27)                    |
|                      | add_38 (core16_a24_b14_c24.v:38)                    |
==============================================================================

==============================================================================
|       |      | Data     |       |                                          |
| Var   | Type | Class    | Width | Expression                               |
==============================================================================
| I1    | PI   | Unsigned | 24    |                                          |
| I2    | PI   | Unsigned | 25    |                                          |
| I3    | PI   | Unsigned | 24    |                                          |
| I4    | PI   | Unsigned | 24    |                                          |
| T4    | IFO  | Unsigned | 26    | I1 + I2 (core16_a24_b14_c24.v:24)        |
| T16   | IFO  | Unsigned | 27    | T4 << 1                                  |
| T5    | IFO  | Unsigned | 28    | I3 + T16 (core16_a24_b14_c24.v:27)       |
| T18   | IFO  | Unsigned | 29    | T5 << 1                                  |
| O1    | PO   | Unsigned | 30    | I4 + T18 (core16_a24_b14_c24.v:38)       |
==============================================================================


Implementation Report
===============================================================================
|                    |                  | Current            | Set            |
| Cell               | Module           | Implementation     | Implementation |
===============================================================================
| DP_OP_52J7_122_2684                   |                    |                |
|                    | DP_OP_52J7_122_2684 | str (area)      |                |
| DP_OP_53J7_123_8373                   |                    |                |
|                    | DP_OP_53J7_123_8373 | str (area)      |                |
| DP_OP_54J7_124_6887                   |                    |                |
|                    | DP_OP_54J7_124_6887 | str (area)      |                |
===============================================================================

 
****************************************
Design : Eval_1_2
****************************************

Resource Report for this hierarchy in file
        /export4/Home/iac01/shiliubowen/Work/BackFlow28/2RtlCode/core16/core16_a24_b14_c24/core16_a24_b14_c24.v
=============================================================================
| Cell           | Module         | Parameters | Contained Operations       |
=============================================================================
| DP_OP_52J5_129_4593             |            |                            |
|                | DP_OP_52J5_129_4593 |       |                            |
| DP_OP_53J5_130_1321             |            |                            |
|                | DP_OP_53J5_130_1321 |       |                            |
| DP_OP_54J5_131_2501             |            |                            |
|                | DP_OP_54J5_131_2501 |       |                            |
=============================================================================

Datapath Report for DP_OP_52J5_129_4593
==============================================================================
| Cell                 | Contained Operations                                |
==============================================================================
| DP_OP_52J5_129_4593  | add_68 (core16_a24_b14_c24.v:68)                    |
|                      | add_71 (core16_a24_b14_c24.v:71)                    |
|                      | add_74 (core16_a24_b14_c24.v:74)                    |
==============================================================================

==============================================================================
|       |      | Data     |       |                                          |
| Var   | Type | Class    | Width | Expression                               |
==============================================================================
| I1    | PI   | Unsigned | 14    |                                          |
| I2    | PI   | Unsigned | 15    |                                          |
| I3    | PI   | Unsigned | 14    |                                          |
| I4    | PI   | Unsigned | 14    |                                          |
| T4    | IFO  | Unsigned | 16    | I1 + I2 (core16_a24_b14_c24.v:68)        |
| T16   | IFO  | Unsigned | 17    | T4 << 1                                  |
| T5    | IFO  | Unsigned | 18    | I3 + T16 (core16_a24_b14_c24.v:71)       |
| T17   | IFO  | Unsigned | 19    | T5 << 1                                  |
| O1    | PO   | Unsigned | 20    | I4 + T17 (core16_a24_b14_c24.v:74)       |
==============================================================================

Datapath Report for DP_OP_53J5_130_1321
==============================================================================
| Cell                 | Contained Operations                                |
==============================================================================
| DP_OP_53J5_130_1321  | add_59 (core16_a24_b14_c24.v:59)                    |
|                      | add_58 (core16_a24_b14_c24.v:58)                    |
|                      | add_75 (core16_a24_b14_c24.v:75)                    |
|                      | sub_76 (core16_a24_b14_c24.v:76)                    |
==============================================================================

==============================================================================
|       |      | Data     |       |                                          |
| Var   | Type | Class    | Width | Expression                               |
==============================================================================
| I1    | PI   | Unsigned | 14    |                                          |
| I2    | PI   | Unsigned | 14    |                                          |
| I3    | PI   | Unsigned | 14    |                                          |
| I4    | PI   | Unsigned | 14    |                                          |
| T45   | IFO  | Unsigned | 15    | I1 + I2 ( core16_a24_b14_c24.v:58 core16_a24_b14_c24.v:59 core16_a24_b14_c24.v:75 core16_a24_b14_c24.v:76 ) |
| T51   | IFO  | Unsigned | 15    | I3 + I4 ( core16_a24_b14_c24.v:58 core16_a24_b14_c24.v:59 core16_a24_b14_c24.v:75 core16_a24_b14_c24.v:76 ) |
| O1    | PO   | Unsigned | 16    | T45 + T51 ( core16_a24_b14_c24.v:58 core16_a24_b14_c24.v:59 core16_a24_b14_c24.v:75 ) |
| O2    | PO   | Signed   | 16    | T45 - T51 ( core16_a24_b14_c24.v:58 core16_a24_b14_c24.v:59 core16_a24_b14_c24.v:76 ) |
==============================================================================

Datapath Report for DP_OP_54J5_131_2501
==============================================================================
| Cell                 | Contained Operations                                |
==============================================================================
| DP_OP_54J5_131_2501  | add_62 (core16_a24_b14_c24.v:62)                    |
|                      | add_65 (core16_a24_b14_c24.v:65)                    |
|                      | add_80 (core16_a24_b14_c24.v:80)                    |
|                      | sub_81 (core16_a24_b14_c24.v:81)                    |
==============================================================================

==============================================================================
|       |      | Data     |       |                                          |
| Var   | Type | Class    | Width | Expression                               |
==============================================================================
| I1    | PI   | Unsigned | 16    |                                          |
| I2    | PI   | Unsigned | 14    |                                          |
| I3    | PI   | Unsigned | 14    |                                          |
| I4    | PI   | Unsigned | 16    |                                          |
| T2    | IFO  | Unsigned | 17    | I1 + I2 (core16_a24_b14_c24.v:62)        |
| T18   | IFO  | Unsigned | 18    | T2 << 1                                  |
| T39   | IFO  | Unsigned | 17    | I3 + I4 ( core16_a24_b14_c24.v:65 core16_a24_b14_c24.v:80 core16_a24_b14_c24.v:81 ) |
| O1    | PO   | Unsigned | 19    | T18 + T39 ( core16_a24_b14_c24.v:65 core16_a24_b14_c24.v:80 ) |
| O2    | PO   | Signed   | 19    | T18 - T39 ( core16_a24_b14_c24.v:65 core16_a24_b14_c24.v:81 ) |
==============================================================================


Implementation Report
===============================================================================
|                    |                  | Current            | Set            |
| Cell               | Module           | Implementation     | Implementation |
===============================================================================
| DP_OP_52J5_129_4593                   |                    |                |
|                    | DP_OP_52J5_129_4593 | str (area)      |                |
| DP_OP_53J5_130_1321                   |                    |                |
|                    | DP_OP_53J5_130_1321 | str (area)      |                |
| DP_OP_54J5_131_2501                   |                    |                |
|                    | DP_OP_54J5_131_2501 | str (area)      |                |
===============================================================================

 
****************************************
Design : Eval_3
****************************************

Resource Report for this hierarchy in file
        /export4/Home/iac01/shiliubowen/Work/BackFlow28/2RtlCode/core16/core16_a24_b14_c24/core16_a24_b14_c24.v
=============================================================================
| Cell           | Module         | Parameters | Contained Operations       |
=============================================================================
| DP_OP_52J7_122_2684             |            |                            |
|                | DP_OP_52J7_122_2684 |       |                            |
| DP_OP_53J7_123_8373             |            |                            |
|                | DP_OP_53J7_123_8373 |       |                            |
| DP_OP_54J7_124_6887             |            |                            |
|                | DP_OP_54J7_124_6887 |       |                            |
=============================================================================

Datapath Report for DP_OP_52J7_122_2684
==============================================================================
| Cell                 | Contained Operations                                |
==============================================================================
| DP_OP_52J7_122_2684  | add_15 (core16_a24_b14_c24.v:15)                    |
|                      | add_14 (core16_a24_b14_c24.v:14)                    |
|                      | add_30 (core16_a24_b14_c24.v:30)                    |
|                      | sub_31 (core16_a24_b14_c24.v:31)                    |
==============================================================================

==============================================================================
|       |      | Data     |       |                                          |
| Var   | Type | Class    | Width | Expression                               |
==============================================================================
| I1    | PI   | Unsigned | 24    |                                          |
| I2    | PI   | Unsigned | 24    |                                          |
| I3    | PI   | Unsigned | 24    |                                          |
| I4    | PI   | Unsigned | 24    |                                          |
| T45   | IFO  | Unsigned | 25    | I1 + I2 ( core16_a24_b14_c24.v:14 core16_a24_b14_c24.v:15 core16_a24_b14_c24.v:30 core16_a24_b14_c24.v:31 ) |
| T51   | IFO  | Unsigned | 25    | I3 + I4 ( core16_a24_b14_c24.v:14 core16_a24_b14_c24.v:15 core16_a24_b14_c24.v:30 core16_a24_b14_c24.v:31 ) |
| O1    | PO   | Unsigned | 26    | T45 + T51 ( core16_a24_b14_c24.v:14 core16_a24_b14_c24.v:15 core16_a24_b14_c24.v:30 ) |
| O2    | PO   | Signed   | 26    | T45 - T51 ( core16_a24_b14_c24.v:14 core16_a24_b14_c24.v:15 core16_a24_b14_c24.v:31 ) |
==============================================================================

Datapath Report for DP_OP_53J7_123_8373
==============================================================================
| Cell                 | Contained Operations                                |
==============================================================================
| DP_OP_53J7_123_8373  | add_18 (core16_a24_b14_c24.v:18)                    |
|                      | add_21 (core16_a24_b14_c24.v:21)                    |
|                      | add_35 (core16_a24_b14_c24.v:35)                    |
|                      | sub_36 (core16_a24_b14_c24.v:36)                    |
==============================================================================

==============================================================================
|       |      | Data     |       |                                          |
| Var   | Type | Class    | Width | Expression                               |
==============================================================================
| I1    | PI   | Unsigned | 26    |                                          |
| I2    | PI   | Unsigned | 24    |                                          |
| I3    | PI   | Unsigned | 24    |                                          |
| I4    | PI   | Unsigned | 26    |                                          |
| T2    | IFO  | Unsigned | 27    | I1 + I2 (core16_a24_b14_c24.v:18)        |
| T17   | IFO  | Unsigned | 28    | T2 << 1                                  |
| T39   | IFO  | Unsigned | 27    | I3 + I4 ( core16_a24_b14_c24.v:21 core16_a24_b14_c24.v:35 core16_a24_b14_c24.v:36 ) |
| O1    | PO   | Unsigned | 29    | T17 + T39 ( core16_a24_b14_c24.v:21 core16_a24_b14_c24.v:35 ) |
| O2    | PO   | Signed   | 29    | T17 - T39 ( core16_a24_b14_c24.v:21 core16_a24_b14_c24.v:36 ) |
==============================================================================

Datapath Report for DP_OP_54J7_124_6887
==============================================================================
| Cell                 | Contained Operations                                |
==============================================================================
| DP_OP_54J7_124_6887  | add_24 (core16_a24_b14_c24.v:24)                    |
|                      | add_27 (core16_a24_b14_c24.v:27)                    |
|                      | add_38 (core16_a24_b14_c24.v:38)                    |
==============================================================================

==============================================================================
|       |      | Data     |       |                                          |
| Var   | Type | Class    | Width | Expression                               |
==============================================================================
| I1    | PI   | Unsigned | 24    |                                          |
| I2    | PI   | Unsigned | 25    |                                          |
| I3    | PI   | Unsigned | 24    |                                          |
| I4    | PI   | Unsigned | 24    |                                          |
| T4    | IFO  | Unsigned | 26    | I1 + I2 (core16_a24_b14_c24.v:24)        |
| T16   | IFO  | Unsigned | 27    | T4 << 1                                  |
| T5    | IFO  | Unsigned | 28    | I3 + T16 (core16_a24_b14_c24.v:27)       |
| T18   | IFO  | Unsigned | 29    | T5 << 1                                  |
| O1    | PO   | Unsigned | 30    | I4 + T18 (core16_a24_b14_c24.v:38)       |
==============================================================================


Implementation Report
===============================================================================
|                    |                  | Current            | Set            |
| Cell               | Module           | Implementation     | Implementation |
===============================================================================
| DP_OP_52J7_122_2684                   |                    |                |
|                    | DP_OP_52J7_122_2684 | str (area)      |                |
| DP_OP_53J7_123_8373                   |                    |                |
|                    | DP_OP_53J7_123_8373 | str (area)      |                |
| DP_OP_54J7_124_6887                   |                    |                |
|                    | DP_OP_54J7_124_6887 | str (area)      |                |
===============================================================================

 
****************************************
Design : Eval_1_3
****************************************

Resource Report for this hierarchy in file
        /export4/Home/iac01/shiliubowen/Work/BackFlow28/2RtlCode/core16/core16_a24_b14_c24/core16_a24_b14_c24.v
=============================================================================
| Cell           | Module         | Parameters | Contained Operations       |
=============================================================================
| DP_OP_52J5_129_4593             |            |                            |
|                | DP_OP_52J5_129_4593 |       |                            |
| DP_OP_53J5_130_1321             |            |                            |
|                | DP_OP_53J5_130_1321 |       |                            |
| DP_OP_54J5_131_2501             |            |                            |
|                | DP_OP_54J5_131_2501 |       |                            |
=============================================================================

Datapath Report for DP_OP_52J5_129_4593
==============================================================================
| Cell                 | Contained Operations                                |
==============================================================================
| DP_OP_52J5_129_4593  | add_68 (core16_a24_b14_c24.v:68)                    |
|                      | add_71 (core16_a24_b14_c24.v:71)                    |
|                      | add_74 (core16_a24_b14_c24.v:74)                    |
==============================================================================

==============================================================================
|       |      | Data     |       |                                          |
| Var   | Type | Class    | Width | Expression                               |
==============================================================================
| I1    | PI   | Unsigned | 14    |                                          |
| I2    | PI   | Unsigned | 15    |                                          |
| I3    | PI   | Unsigned | 14    |                                          |
| I4    | PI   | Unsigned | 14    |                                          |
| T4    | IFO  | Unsigned | 16    | I1 + I2 (core16_a24_b14_c24.v:68)        |
| T16   | IFO  | Unsigned | 17    | T4 << 1                                  |
| T5    | IFO  | Unsigned | 18    | I3 + T16 (core16_a24_b14_c24.v:71)       |
| T17   | IFO  | Unsigned | 19    | T5 << 1                                  |
| O1    | PO   | Unsigned | 20    | I4 + T17 (core16_a24_b14_c24.v:74)       |
==============================================================================

Datapath Report for DP_OP_53J5_130_1321
==============================================================================
| Cell                 | Contained Operations                                |
==============================================================================
| DP_OP_53J5_130_1321  | add_59 (core16_a24_b14_c24.v:59)                    |
|                      | add_58 (core16_a24_b14_c24.v:58)                    |
|                      | add_75 (core16_a24_b14_c24.v:75)                    |
|                      | sub_76 (core16_a24_b14_c24.v:76)                    |
==============================================================================

==============================================================================
|       |      | Data     |       |                                          |
| Var   | Type | Class    | Width | Expression                               |
==============================================================================
| I1    | PI   | Unsigned | 14    |                                          |
| I2    | PI   | Unsigned | 14    |                                          |
| I3    | PI   | Unsigned | 14    |                                          |
| I4    | PI   | Unsigned | 14    |                                          |
| T45   | IFO  | Unsigned | 15    | I1 + I2 ( core16_a24_b14_c24.v:58 core16_a24_b14_c24.v:59 core16_a24_b14_c24.v:75 core16_a24_b14_c24.v:76 ) |
| T51   | IFO  | Unsigned | 15    | I3 + I4 ( core16_a24_b14_c24.v:58 core16_a24_b14_c24.v:59 core16_a24_b14_c24.v:75 core16_a24_b14_c24.v:76 ) |
| O1    | PO   | Unsigned | 16    | T45 + T51 ( core16_a24_b14_c24.v:58 core16_a24_b14_c24.v:59 core16_a24_b14_c24.v:75 ) |
| O2    | PO   | Signed   | 16    | T45 - T51 ( core16_a24_b14_c24.v:58 core16_a24_b14_c24.v:59 core16_a24_b14_c24.v:76 ) |
==============================================================================

Datapath Report for DP_OP_54J5_131_2501
==============================================================================
| Cell                 | Contained Operations                                |
==============================================================================
| DP_OP_54J5_131_2501  | add_62 (core16_a24_b14_c24.v:62)                    |
|                      | add_65 (core16_a24_b14_c24.v:65)                    |
|                      | add_80 (core16_a24_b14_c24.v:80)                    |
|                      | sub_81 (core16_a24_b14_c24.v:81)                    |
==============================================================================

==============================================================================
|       |      | Data     |       |                                          |
| Var   | Type | Class    | Width | Expression                               |
==============================================================================
| I1    | PI   | Unsigned | 16    |                                          |
| I2    | PI   | Unsigned | 14    |                                          |
| I3    | PI   | Unsigned | 14    |                                          |
| I4    | PI   | Unsigned | 16    |                                          |
| T2    | IFO  | Unsigned | 17    | I1 + I2 (core16_a24_b14_c24.v:62)        |
| T18   | IFO  | Unsigned | 18    | T2 << 1                                  |
| T39   | IFO  | Unsigned | 17    | I3 + I4 ( core16_a24_b14_c24.v:65 core16_a24_b14_c24.v:80 core16_a24_b14_c24.v:81 ) |
| O1    | PO   | Unsigned | 19    | T18 + T39 ( core16_a24_b14_c24.v:65 core16_a24_b14_c24.v:80 ) |
| O2    | PO   | Signed   | 19    | T18 - T39 ( core16_a24_b14_c24.v:65 core16_a24_b14_c24.v:81 ) |
==============================================================================


Implementation Report
===============================================================================
|                    |                  | Current            | Set            |
| Cell               | Module           | Implementation     | Implementation |
===============================================================================
| DP_OP_52J5_129_4593                   |                    |                |
|                    | DP_OP_52J5_129_4593 | str (area)      |                |
| DP_OP_53J5_130_1321                   |                    |                |
|                    | DP_OP_53J5_130_1321 | str (area)      |                |
| DP_OP_54J5_131_2501                   |                    |                |
|                    | DP_OP_54J5_131_2501 | str (area)      |                |
===============================================================================

 
****************************************
Design : Eval_4
****************************************

Resource Report for this hierarchy in file
        /export4/Home/iac01/shiliubowen/Work/BackFlow28/2RtlCode/core16/core16_a24_b14_c24/core16_a24_b14_c24.v
=============================================================================
| Cell           | Module         | Parameters | Contained Operations       |
=============================================================================
| DP_OP_52J7_122_2684             |            |                            |
|                | DP_OP_52J7_122_2684 |       |                            |
| DP_OP_53J7_123_8373             |            |                            |
|                | DP_OP_53J7_123_8373 |       |                            |
| DP_OP_54J7_124_6887             |            |                            |
|                | DP_OP_54J7_124_6887 |       |                            |
=============================================================================

Datapath Report for DP_OP_52J7_122_2684
==============================================================================
| Cell                 | Contained Operations                                |
==============================================================================
| DP_OP_52J7_122_2684  | add_15 (core16_a24_b14_c24.v:15)                    |
|                      | add_14 (core16_a24_b14_c24.v:14)                    |
|                      | add_30 (core16_a24_b14_c24.v:30)                    |
|                      | sub_31 (core16_a24_b14_c24.v:31)                    |
==============================================================================

==============================================================================
|       |      | Data     |       |                                          |
| Var   | Type | Class    | Width | Expression                               |
==============================================================================
| I1    | PI   | Unsigned | 24    |                                          |
| I2    | PI   | Unsigned | 24    |                                          |
| I3    | PI   | Unsigned | 24    |                                          |
| I4    | PI   | Unsigned | 24    |                                          |
| T45   | IFO  | Unsigned | 25    | I1 + I2 ( core16_a24_b14_c24.v:14 core16_a24_b14_c24.v:15 core16_a24_b14_c24.v:30 core16_a24_b14_c24.v:31 ) |
| T51   | IFO  | Unsigned | 25    | I3 + I4 ( core16_a24_b14_c24.v:14 core16_a24_b14_c24.v:15 core16_a24_b14_c24.v:30 core16_a24_b14_c24.v:31 ) |
| O1    | PO   | Unsigned | 26    | T45 + T51 ( core16_a24_b14_c24.v:14 core16_a24_b14_c24.v:15 core16_a24_b14_c24.v:30 ) |
| O2    | PO   | Signed   | 26    | T45 - T51 ( core16_a24_b14_c24.v:14 core16_a24_b14_c24.v:15 core16_a24_b14_c24.v:31 ) |
==============================================================================

Datapath Report for DP_OP_53J7_123_8373
==============================================================================
| Cell                 | Contained Operations                                |
==============================================================================
| DP_OP_53J7_123_8373  | add_18 (core16_a24_b14_c24.v:18)                    |
|                      | add_21 (core16_a24_b14_c24.v:21)                    |
|                      | add_35 (core16_a24_b14_c24.v:35)                    |
|                      | sub_36 (core16_a24_b14_c24.v:36)                    |
==============================================================================

==============================================================================
|       |      | Data     |       |                                          |
| Var   | Type | Class    | Width | Expression                               |
==============================================================================
| I1    | PI   | Unsigned | 26    |                                          |
| I2    | PI   | Unsigned | 24    |                                          |
| I3    | PI   | Unsigned | 24    |                                          |
| I4    | PI   | Unsigned | 26    |                                          |
| T2    | IFO  | Unsigned | 27    | I1 + I2 (core16_a24_b14_c24.v:18)        |
| T17   | IFO  | Unsigned | 28    | T2 << 1                                  |
| T39   | IFO  | Unsigned | 27    | I3 + I4 ( core16_a24_b14_c24.v:21 core16_a24_b14_c24.v:35 core16_a24_b14_c24.v:36 ) |
| O1    | PO   | Unsigned | 29    | T17 + T39 ( core16_a24_b14_c24.v:21 core16_a24_b14_c24.v:35 ) |
| O2    | PO   | Signed   | 29    | T17 - T39 ( core16_a24_b14_c24.v:21 core16_a24_b14_c24.v:36 ) |
==============================================================================

Datapath Report for DP_OP_54J7_124_6887
==============================================================================
| Cell                 | Contained Operations                                |
==============================================================================
| DP_OP_54J7_124_6887  | add_24 (core16_a24_b14_c24.v:24)                    |
|                      | add_27 (core16_a24_b14_c24.v:27)                    |
|                      | add_38 (core16_a24_b14_c24.v:38)                    |
==============================================================================

==============================================================================
|       |      | Data     |       |                                          |
| Var   | Type | Class    | Width | Expression                               |
==============================================================================
| I1    | PI   | Unsigned | 24    |                                          |
| I2    | PI   | Unsigned | 25    |                                          |
| I3    | PI   | Unsigned | 24    |                                          |
| I4    | PI   | Unsigned | 24    |                                          |
| T4    | IFO  | Unsigned | 26    | I1 + I2 (core16_a24_b14_c24.v:24)        |
| T16   | IFO  | Unsigned | 27    | T4 << 1                                  |
| T5    | IFO  | Unsigned | 28    | I3 + T16 (core16_a24_b14_c24.v:27)       |
| T18   | IFO  | Unsigned | 29    | T5 << 1                                  |
| O1    | PO   | Unsigned | 30    | I4 + T18 (core16_a24_b14_c24.v:38)       |
==============================================================================


Implementation Report
===============================================================================
|                    |                  | Current            | Set            |
| Cell               | Module           | Implementation     | Implementation |
===============================================================================
| DP_OP_52J7_122_2684                   |                    |                |
|                    | DP_OP_52J7_122_2684 | str (area)      |                |
| DP_OP_53J7_123_8373                   |                    |                |
|                    | DP_OP_53J7_123_8373 | str (area)      |                |
| DP_OP_54J7_124_6887                   |                    |                |
|                    | DP_OP_54J7_124_6887 | str (area)      |                |
===============================================================================

1
