 
****************************************
Report : area
Design : core64_a24_b14_c24
Version: O-2018.06-SP5
Date   : Tue May 12 21:23:50 2026
****************************************

Library(s) Used:

    tcbn28hpcplusbwp40p140lvtssg0p81vm40c_ccs (File: /export1/Library/TN28HPC+/STD_CELL_ext/track9_200824/TSMCHOME/digital/Front_End/timing_power_noise/CCS/tcbn28hpcplusbwp40p140lvt_180a/tcbn28hpcplusbwp40p140lvtssg0p81vm40c_ccs.db)
    tcbn28hpcplusbwp40p140ssg0p81vm40c_ccs (File: /export1/Library/TN28HPC+/STD_CELL_ext/track9_200824/TSMCHOME/digital/Front_End/timing_power_noise/CCS/tcbn28hpcplusbwp40p140_180a/tcbn28hpcplusbwp40p140ssg0p81vm40c_ccs.db)
    tcbn28hpcplusbwp40p140hvtssg0p81vm40c_ccs (File: /export1/Library/TN28HPC+/STD_CELL_ext/track9_200824/TSMCHOME/digital/Front_End/timing_power_noise/CCS/tcbn28hpcplusbwp40p140hvt_180a/tcbn28hpcplusbwp40p140hvtssg0p81vm40c_ccs.db)

Number of ports:                       325454
Number of nets:                        975591
Number of cells:                       499617
Number of combinational cells:         461771
Number of sequential cells:             30366
Number of macros/black boxes:               0
Number of buf/inv:                      62206
Number of references:                      45

Combinational area:             568490.319249
Buf/Inv area:                    16803.612138
Noncombinational area:           61207.272981
Macro/Black Box area:                0.000000
Net Interconnect area:      undefined  (Wire load has zero net area)

Total cell area:                629697.592230
Total area:                 undefined

Hierarchical area distribution
------------------------------

                                  Global cell area              Local cell area
                                  --------------------  ------------------------------- 
Hierarchical cell                 Absolute     Percent  Combi-       Noncombi-   Black-
                                  Total        Total    national     national    boxes   Design
--------------------------------  -----------  -------  -----------  ----------  ------  ---------------------------------------------------
core64_a24_b14_c24                629697.5922    100.0       2.0160   6001.6321  0.0000  core64_a24_b14_c24
core16_0                           77882.9930     12.4       2.0160   1671.2640  0.0000  core16_6
core16_0/core4_0                    8295.9659      1.3       1.0080    461.6640  0.0000  core4_48
core16_0/core4_0/evalA               622.5660      0.1      23.1840      0.0000  0.0000  Eval_32_48
core16_0/core4_0/evalA/DP_OP_54J25_122_2387    160.2720     0.0    160.2720     0.0000 0.0000 Eval_32_0_DP_OP_54J25_122_2387_J25_0_3
core16_0/core4_0/evalA/DP_OP_55J25_123_8268    216.5940     0.0    216.5940     0.0000 0.0000 Eval_32_0_DP_OP_55J25_123_8268_J25_0_3
core16_0/core4_0/evalA/DP_OP_56J25_124_2036    222.5160     0.0    222.5160     0.0000 0.0000 Eval_32_0_DP_OP_56J25_124_2036_J25_0_3
core16_0/core4_0/evalB               373.5900      0.1      11.8440      0.0000  0.0000  Eval_33_48
core16_0/core4_0/evalB/DP_OP_54J22_125_8022     96.0120     0.0     96.0120     0.0000 0.0000 Eval_33_0_DP_OP_54J22_125_8022_J22_0_3
core16_0/core4_0/evalB/DP_OP_55J22_126_4344    129.9060     0.0    129.9060     0.0000 0.0000 Eval_33_0_DP_OP_55J22_126_4344_J22_0_3
core16_0/core4_0/evalB/DP_OP_56J22_127_8079    135.8280     0.0    135.8280     0.0000 0.0000 Eval_33_0_DP_OP_56J22_127_8079_J22_0_3
core16_0/core4_0/interp             2056.4460      0.3       0.7560    235.8720  0.0000  Interpolation_49
core16_0/core4_0/interp/interp      1819.8180      0.3       0.2520      0.0000  0.0000  InterpolationComb_49
core16_0/core4_0/interp/interp/DP_OP_106J27_122_4702   1819.5660     0.3   1819.5660     0.0000 0.0000 InterpolationComb_0_DP_OP_106J27_122_4702_J27_0_20
core16_0/core4_0/mult_x_1            548.9820      0.1     548.9820      0.0000  0.0000  core4_48_DW_mult_uns_J17_3
core16_0/core4_0/mult_x_2            739.7460      0.1     739.7460      0.0000  0.0000  core4_48_DW_mult_uns_J17_2
core16_0/core4_0/mult_x_3            662.1300      0.1     662.1300      0.0000  0.0000  core4_48_DW_mult_tc_J17_2
core16_0/core4_0/mult_x_4            723.8700      0.1     723.8700      0.0000  0.0000  core4_48_DW_mult_tc_J17_1
core16_0/core4_0/mult_x_5            758.8980      0.1     758.8980      0.0000  0.0000  core4_48_DW_mult_uns_J17_1
core16_0/core4_0/mult_x_6            798.0840      0.1     798.0840      0.0000  0.0000  core4_48_DW_mult_tc_J17_0
core16_0/core4_0/mult_x_7            548.9820      0.1     548.9820      0.0000  0.0000  core4_48_DW_mult_uns_J17_0
core16_0/core4_1                    9562.2659      1.5       1.0080    461.4120  0.0000  core4_47
core16_0/core4_1/evalA               734.0760      0.1      22.4280      0.0000  0.0000  Eval_32_47
core16_0/core4_1/evalA/DP_OP_54J26_126_5391    189.8820     0.0    189.8820     0.0000 0.0000 Eval_32_5_DP_OP_54J26_126_5391_J26_0_3
core16_0/core4_1/evalA/DP_OP_55J26_127_1056    261.3240     0.0    261.3240     0.0000 0.0000 Eval_32_5_DP_OP_55J26_127_1056_J26_0_3
core16_0/core4_1/evalA/DP_OP_56J26_128_3738    260.4420     0.0    260.4420     0.0000 0.0000 Eval_32_5_DP_OP_56J26_128_3738_J26_0_3
core16_0/core4_1/evalB               496.1880      0.1      15.8760      0.0000  0.0000  Eval_33_47
core16_0/core4_1/evalB/DP_OP_54J28_125_1059    131.4180     0.0    131.4180     0.0000 0.0000 Eval_33_5_DP_OP_54J28_125_1059_J28_0_3
core16_0/core4_1/evalB/DP_OP_55J28_126_7099    174.6360     0.0    174.6360     0.0000 0.0000 Eval_33_5_DP_OP_55J28_126_7099_J28_0_3
core16_0/core4_1/evalB/DP_OP_56J28_127_9781    174.2580     0.0    174.2580     0.0000 0.0000 Eval_33_5_DP_OP_56J28_127_9781_J28_0_3
core16_0/core4_1/interp             2056.4460      0.3       0.7560    235.8720  0.0000  Interpolation_48
core16_0/core4_1/interp/interp      1819.8180      0.3       0.2520      0.0000  0.0000  InterpolationComb_48
core16_0/core4_1/interp/interp/DP_OP_106J27_122_4702   1819.5660     0.3   1819.5660     0.0000 0.0000 InterpolationComb_0_DP_OP_106J27_122_4702_J27_0_19
core16_0/core4_1/mult_x_1            739.7460      0.1     739.7460      0.0000  0.0000  core4_5_DW_mult_uns_J31_3_1
core16_0/core4_1/mult_x_2            850.3740      0.1     850.3740      0.0000  0.0000  core4_5_DW_mult_uns_J31_2_1
core16_0/core4_1/mult_x_3            839.6640      0.1     839.6640      0.0000  0.0000  core4_5_DW_mult_tc_J31_2_1
core16_0/core4_1/mult_x_4            856.9260      0.1     856.9260      0.0000  0.0000  core4_5_DW_mult_tc_J31_1_1
core16_0/core4_1/mult_x_5            880.8660      0.1     880.8660      0.0000  0.0000  core4_5_DW_mult_uns_J31_1_1
core16_0/core4_1/mult_x_6            905.8140      0.1     905.8140      0.0000  0.0000  core4_5_DW_mult_tc_J31_0_1
core16_0/core4_1/mult_x_7            739.7460      0.1     739.7460      0.0000  0.0000  core4_5_DW_mult_uns_J31_0_1
core16_0/core4_2                    8816.4719      1.4       1.0080    461.6640  0.0000  core4_46
core16_0/core4_2/evalA               660.3660      0.1      20.1600      0.0000  0.0000  Eval_32_46
core16_0/core4_2/evalA/DP_OP_53J27_123_8507    169.3440     0.0    169.3440     0.0000 0.0000 Eval_32_1_DP_OP_53J27_123_8507_J27_0_32
core16_0/core4_2/evalA/DP_OP_54J27_124_3738    232.8480     0.0    232.8480     0.0000 0.0000 Eval_32_1_DP_OP_54J27_124_3738_J27_0_32
core16_0/core4_2/evalA/DP_OP_55J27_125_1305    238.0140     0.0    238.0140     0.0000 0.0000 Eval_32_1_DP_OP_55J27_125_1305_J27_0_32
core16_0/core4_2/evalB               414.7920      0.1      12.8520      0.0000  0.0000  Eval_33_46
core16_0/core4_2/evalB/DP_OP_53J24_122_9164    105.3360     0.0    105.3360     0.0000 0.0000 Eval_33_1_DP_OP_53J24_122_9164_J24_0_28
core16_0/core4_2/evalB/DP_OP_54J24_123_1920    145.6560     0.0    145.6560     0.0000 0.0000 Eval_33_1_DP_OP_54J24_123_1920_J24_0_28
core16_0/core4_2/evalB/DP_OP_55J24_124_2354    150.9480     0.0    150.9480     0.0000 0.0000 Eval_33_1_DP_OP_55J24_124_2354_J24_0_28
core16_0/core4_2/interp             2150.4420      0.3       0.7560    243.9360  0.0000  Interpolation_47
core16_0/core4_2/interp/interp      1905.7500      0.3       0.2520      0.0000  0.0000  InterpolationComb_47
core16_0/core4_2/interp/interp/DP_OP_106J26_122_5351   1905.4980     0.3   1905.4980     0.0000 0.0000 InterpolationComb_1_DP_OP_106J26_122_5351_J26_0_27
core16_0/core4_2/mult_x_1            641.9700      0.1     641.9700      0.0000  0.0000  core4_1_DW_mult_tc_J18_6_22
core16_0/core4_2/mult_x_2            750.2040      0.1     750.2040      0.0000  0.0000  core4_1_DW_mult_tc_J18_5_22
core16_0/core4_2/mult_x_3            748.5660      0.1     748.5660      0.0000  0.0000  core4_1_DW_mult_tc_J18_4_22
core16_0/core4_2/mult_x_4            746.6760      0.1     746.6760      0.0000  0.0000  core4_1_DW_mult_tc_J18_3_22
core16_0/core4_2/mult_x_5            781.4520      0.1     781.4520      0.0000  0.0000  core4_1_DW_mult_tc_J18_2_22
core16_0/core4_2/mult_x_6            817.3620      0.1     817.3620      0.0000  0.0000  core4_1_DW_mult_tc_J18_1_22
core16_0/core4_2/mult_x_7            641.9700      0.1     641.9700      0.0000  0.0000  core4_1_DW_mult_tc_J18_0_22
core16_0/core4_3                    9974.1599      1.6       0.7560    461.6640  0.0000  core4_45
core16_0/core4_3/evalA               780.0660      0.1      24.6960      0.0000  0.0000  Eval_32_45
core16_0/core4_3/evalA/DP_OP_53J27_123_8507    196.9380     0.0    196.9380     0.0000 0.0000 Eval_32_1_DP_OP_53J27_123_8507_J27_0_31
core16_0/core4_3/evalA/DP_OP_54J27_124_3738    285.8940     0.0    285.8940     0.0000 0.0000 Eval_32_1_DP_OP_54J27_124_3738_J27_0_31
core16_0/core4_3/evalA/DP_OP_55J27_125_1305    272.5380     0.0    272.5380     0.0000 0.0000 Eval_32_1_DP_OP_55J27_125_1305_J27_0_31
core16_0/core4_3/evalB               635.5440      0.1      20.9160      0.0000  0.0000  Eval_33_45
core16_0/core4_3/evalB/DP_OP_53J24_122_9164    160.2720     0.0    160.2720     0.0000 0.0000 Eval_33_1_DP_OP_53J24_122_9164_J24_0_27
core16_0/core4_3/evalB/DP_OP_54J24_123_1920    233.7300     0.0    233.7300     0.0000 0.0000 Eval_33_1_DP_OP_54J24_123_1920_J24_0_27
core16_0/core4_3/evalB/DP_OP_55J24_124_2354    220.6260     0.0    220.6260     0.0000 0.0000 Eval_33_1_DP_OP_55J24_124_2354_J24_0_27
core16_0/core4_3/interp             2150.4420      0.3       0.7560    243.9360  0.0000  Interpolation_46
core16_0/core4_3/interp/interp      1905.7500      0.3       0.2520      0.0000  0.0000  InterpolationComb_46
core16_0/core4_3/interp/interp/DP_OP_106J26_122_5351   1905.4980     0.3   1905.4980     0.0000 0.0000 InterpolationComb_1_DP_OP_106J26_122_5351_J26_0_26
core16_0/core4_3/mult_x_1            696.0240      0.1     696.0240      0.0000  0.0000  core4_1_DW_mult_tc_J18_6_21
core16_0/core4_3/mult_x_2            877.0860      0.1     877.0860      0.0000  0.0000  core4_1_DW_mult_tc_J18_5_21
core16_0/core4_3/mult_x_3            918.6660      0.1     918.6660      0.0000  0.0000  core4_1_DW_mult_tc_J18_4_21
core16_0/core4_3/mult_x_4            919.9260      0.1     919.9260      0.0000  0.0000  core4_1_DW_mult_tc_J18_3_21
core16_0/core4_3/mult_x_5            919.1700      0.1     919.1700      0.0000  0.0000  core4_1_DW_mult_tc_J18_2_21
core16_0/core4_3/mult_x_6            918.7920      0.1     918.7920      0.0000  0.0000  core4_1_DW_mult_tc_J18_1_21
core16_0/core4_3/mult_x_7            696.0240      0.1     696.0240      0.0000  0.0000  core4_1_DW_mult_tc_J18_0_21
core16_0/core4_4                    9530.7659      1.5       1.0080    461.6640  0.0000  core4_44
core16_0/core4_4/evalA               735.5880      0.1      22.4280      0.0000  0.0000  Eval_32_44
core16_0/core4_4/evalA/DP_OP_54J15_122_8893    190.3860     0.0    190.3860     0.0000 0.0000 Eval_32_2_DP_OP_54J15_122_8893_J15_0_3
core16_0/core4_4/evalA/DP_OP_55J15_123_92    258.8040     0.0    258.8040     0.0000 0.0000 Eval_32_2_DP_OP_55J15_123_92_J15_0_3
core16_0/core4_4/evalA/DP_OP_56J15_124_3580    263.9700     0.0    263.9700     0.0000 0.0000 Eval_32_2_DP_OP_56J15_124_3580_J15_0_3
core16_0/core4_4/evalB               494.1720      0.1      15.8760      0.0000  0.0000  Eval_33_44
core16_0/core4_4/evalB/DP_OP_54J27_129_6062    128.1420     0.0    128.1420     0.0000 0.0000 Eval_33_2_DP_OP_54J27_129_6062_J27_0_3
core16_0/core4_4/evalB/DP_OP_55J27_130_8970    172.1160     0.0    172.1160     0.0000 0.0000 Eval_33_2_DP_OP_55J27_130_8970_J27_0_3
core16_0/core4_4/evalB/DP_OP_56J27_131_2491    178.0380     0.0    178.0380     0.0000 0.0000 Eval_33_2_DP_OP_56J27_131_2491_J27_0_3
core16_0/core4_4/interp             2150.4420      0.3       0.7560    243.9360  0.0000  Interpolation_45
core16_0/core4_4/interp/interp      1905.7500      0.3       0.2520      0.0000  0.0000  InterpolationComb_45
core16_0/core4_4/interp/interp/DP_OP_106J26_122_5351   1905.4980     0.3   1905.4980     0.0000 0.0000 InterpolationComb_1_DP_OP_106J26_122_5351_J26_0_25
core16_0/core4_4/mult_x_1            730.1700      0.1     730.1700      0.0000  0.0000  core4_2_DW_mult_uns_J33_3_1
core16_0/core4_4/mult_x_2            828.9540      0.1     828.9540      0.0000  0.0000  core4_2_DW_mult_uns_J33_2_1
core16_0/core4_4/mult_x_3            828.5760      0.1     828.5760      0.0000  0.0000  core4_2_DW_mult_tc_J33_2_1
core16_0/core4_4/mult_x_4            817.3620      0.1     817.3620      0.0000  0.0000  core4_2_DW_mult_tc_J33_1_1
core16_0/core4_4/mult_x_5            879.6060      0.1     879.6060      0.0000  0.0000  core4_2_DW_mult_uns_J33_1_1
core16_0/core4_4/mult_x_6            873.0540      0.1     873.0540      0.0000  0.0000  core4_2_DW_mult_tc_J33_0_1
core16_0/core4_4/mult_x_7            730.1700      0.1     730.1700      0.0000  0.0000  core4_2_DW_mult_uns_J33_0_1
core16_0/core4_5                   10112.7599      1.6       0.7560    461.6640  0.0000  core4_43
core16_0/core4_5/evalA               781.0740      0.1      25.7040      0.0000  0.0000  Eval_32_43
core16_0/core4_5/evalA/DP_OP_53J27_123_8507    196.9380     0.0    196.9380     0.0000 0.0000 Eval_32_1_DP_OP_53J27_123_8507_J27_0_30
core16_0/core4_5/evalA/DP_OP_54J27_124_3738    285.8940     0.0    285.8940     0.0000 0.0000 Eval_32_1_DP_OP_54J27_124_3738_J27_0_30
core16_0/core4_5/evalA/DP_OP_55J27_125_1305    272.5380     0.0    272.5380     0.0000 0.0000 Eval_32_1_DP_OP_55J27_125_1305_J27_0_30
core16_0/core4_5/evalB               636.5520      0.1      21.4200      0.0000  0.0000  Eval_33_43
core16_0/core4_5/evalB/DP_OP_53J24_122_9164    161.5320     0.0    161.5320     0.0000 0.0000 Eval_33_1_DP_OP_53J24_122_9164_J24_0_26
core16_0/core4_5/evalB/DP_OP_54J24_123_1920    233.8560     0.0    233.8560     0.0000 0.0000 Eval_33_1_DP_OP_54J24_123_1920_J24_0_26
core16_0/core4_5/evalB/DP_OP_55J24_124_2354    219.7440     0.0    219.7440     0.0000 0.0000 Eval_33_1_DP_OP_55J24_124_2354_J24_0_26
core16_0/core4_5/interp             2150.4420      0.3       0.7560    243.9360  0.0000  Interpolation_44
core16_0/core4_5/interp/interp      1905.7500      0.3       0.2520      0.0000  0.0000  InterpolationComb_44
core16_0/core4_5/interp/interp/DP_OP_106J26_122_5351   1905.4980     0.3   1905.4980     0.0000 0.0000 InterpolationComb_1_DP_OP_106J26_122_5351_J26_0_24
core16_0/core4_5/mult_x_1            765.9540      0.1     765.9540      0.0000  0.0000  core4_1_DW_mult_tc_J18_6_20
core16_0/core4_5/mult_x_2            875.9520      0.1     875.9520      0.0000  0.0000  core4_1_DW_mult_tc_J18_5_20
core16_0/core4_5/mult_x_3            919.4220      0.1     919.4220      0.0000  0.0000  core4_1_DW_mult_tc_J18_4_20
core16_0/core4_5/mult_x_4            919.1700      0.1     919.1700      0.0000  0.0000  core4_1_DW_mult_tc_J18_3_20
core16_0/core4_5/mult_x_5            917.9100      0.1     917.9100      0.0000  0.0000  core4_1_DW_mult_tc_J18_2_20
core16_0/core4_5/mult_x_6            917.9100      0.1     917.9100      0.0000  0.0000  core4_1_DW_mult_tc_J18_1_20
core16_0/core4_5/mult_x_7            765.9540      0.1     765.9540      0.0000  0.0000  core4_1_DW_mult_tc_J18_0_20
core16_0/core4_6                    8297.6039      1.3       1.0080    461.6640  0.0000  core4_42
core16_0/core4_6/evalA               622.5660      0.1      23.1840      0.0000  0.0000  Eval_32_42
core16_0/core4_6/evalA/DP_OP_54J25_122_2387    160.2720     0.0    160.2720     0.0000 0.0000 Eval_32_0_DP_OP_54J25_122_2387_J25_0_2
core16_0/core4_6/evalA/DP_OP_55J25_123_8268    216.5940     0.0    216.5940     0.0000 0.0000 Eval_32_0_DP_OP_55J25_123_8268_J25_0_2
core16_0/core4_6/evalA/DP_OP_56J25_124_2036    222.5160     0.0    222.5160     0.0000 0.0000 Eval_32_0_DP_OP_56J25_124_2036_J25_0_2
core16_0/core4_6/evalB               373.5900      0.1      11.8440      0.0000  0.0000  Eval_33_42
core16_0/core4_6/evalB/DP_OP_54J22_125_8022     96.0120     0.0     96.0120     0.0000 0.0000 Eval_33_0_DP_OP_54J22_125_8022_J22_0_2
core16_0/core4_6/evalB/DP_OP_55J22_126_4344    129.9060     0.0    129.9060     0.0000 0.0000 Eval_33_0_DP_OP_55J22_126_4344_J22_0_2
core16_0/core4_6/evalB/DP_OP_56J22_127_8079    135.8280     0.0    135.8280     0.0000 0.0000 Eval_33_0_DP_OP_56J22_127_8079_J22_0_2
core16_0/core4_6/interp             2056.4460      0.3       0.7560    235.8720  0.0000  Interpolation_43
core16_0/core4_6/interp/interp      1819.8180      0.3       0.2520      0.0000  0.0000  InterpolationComb_43
core16_0/core4_6/interp/interp/DP_OP_106J27_122_4702   1819.5660     0.3   1819.5660     0.0000 0.0000 InterpolationComb_0_DP_OP_106J27_122_4702_J27_0_18
core16_0/core4_6/mult_x_1            548.9820      0.1     548.9820      0.0000  0.0000  core4_42_DW_mult_uns_J16_3
core16_0/core4_6/mult_x_2            739.7460      0.1     739.7460      0.0000  0.0000  core4_42_DW_mult_uns_J16_2
core16_0/core4_6/mult_x_3            662.1300      0.1     662.1300      0.0000  0.0000  core4_42_DW_mult_tc_J16_2
core16_0/core4_6/mult_x_4            725.6340      0.1     725.6340      0.0000  0.0000  core4_42_DW_mult_tc_J16_1
core16_0/core4_6/mult_x_5            758.8980      0.1     758.8980      0.0000  0.0000  core4_42_DW_mult_uns_J16_1
core16_0/core4_6/mult_x_6            797.9580      0.1     797.9580      0.0000  0.0000  core4_42_DW_mult_tc_J16_0
core16_0/core4_6/mult_x_7            548.9820      0.1     548.9820      0.0000  0.0000  core4_42_DW_mult_uns_J16_0
core16_0/evalA                       622.5660      0.1      23.1840      0.0000  0.0000  Eval_32_76
core16_0/evalA/DP_OP_54J29_122_8676    160.2720     0.0    160.2720      0.0000  0.0000  Eval_32_76_DP_OP_54J29_122_8676_J29_0
core16_0/evalA/DP_OP_55J29_123_1116    216.5940     0.0    216.5940      0.0000  0.0000  Eval_32_76_DP_OP_55J29_123_1116_J29_0
core16_0/evalA/DP_OP_56J29_124_7890    222.5160     0.0    222.5160      0.0000  0.0000  Eval_32_76_DP_OP_56J29_124_7890_J29_0
core16_0/evalA_1                     618.0300      0.1      18.6480      0.0000  0.0000  Eval_32_75
core16_0/evalA_1/DP_OP_54J30_122_9222    160.2720     0.0    160.2720     0.0000 0.0000  Eval_32_75_DP_OP_54J30_122_9222_J30_0
core16_0/evalA_1/DP_OP_55J30_123_7275    216.5940     0.0    216.5940     0.0000 0.0000  Eval_32_75_DP_OP_55J30_123_7275_J30_0
core16_0/evalA_1/DP_OP_56J30_124_8278    222.5160     0.0    222.5160     0.0000 0.0000  Eval_32_75_DP_OP_56J30_124_8278_J30_0
core16_0/evalA_2                     618.0300      0.1      18.6480      0.0000  0.0000  Eval_32_74
core16_0/evalA_2/DP_OP_54J32_122_3351    160.2720     0.0    160.2720     0.0000 0.0000  Eval_32_74_DP_OP_54J32_122_3351_J32_0
core16_0/evalA_2/DP_OP_55J32_123_2430    216.5940     0.0    216.5940     0.0000 0.0000  Eval_32_74_DP_OP_55J32_123_2430_J32_0
core16_0/evalA_2/DP_OP_56J32_124_6576    222.5160     0.0    222.5160     0.0000 0.0000  Eval_32_74_DP_OP_56J32_124_6576_J32_0
core16_0/evalA_3                     622.5660      0.1      23.1840      0.0000  0.0000  Eval_32_73
core16_0/evalA_3/DP_OP_54J31_122_1030    160.2720     0.0    160.2720     0.0000 0.0000  Eval_32_73_DP_OP_54J31_122_1030_J31_0
core16_0/evalA_3/DP_OP_55J31_123_2818    216.5940     0.0    216.5940     0.0000 0.0000  Eval_32_73_DP_OP_55J31_123_2818_J31_0
core16_0/evalA_3/DP_OP_56J31_124_2768    222.5160     0.0    222.5160     0.0000 0.0000  Eval_32_73_DP_OP_56J31_124_2768_J31_0
core16_0/evalB                       378.3780      0.1      12.0960      0.0000  0.0000  Eval_33_76
core16_0/evalB/DP_OP_54J16_125_2521     96.0120     0.0     96.0120      0.0000  0.0000  Eval_33_76_DP_OP_54J16_125_2521_J16_0
core16_0/evalB/DP_OP_55J16_126_5264    132.5520     0.0    132.5520      0.0000  0.0000  Eval_33_76_DP_OP_55J16_126_5264_J16_0
core16_0/evalB/DP_OP_56J16_127_4771    137.7180     0.0    137.7180      0.0000  0.0000  Eval_33_76_DP_OP_56J16_127_4771_J16_0
core16_0/evalB_1                     375.3540      0.1      11.0880      0.0000  0.0000  Eval_33_75
core16_0/evalB_1/DP_OP_54J15_125_3067     96.0120     0.0     96.0120     0.0000 0.0000  Eval_33_75_DP_OP_54J15_125_3067_J15_0
core16_0/evalB_1/DP_OP_55J15_126_1456    129.9060     0.0    129.9060     0.0000 0.0000  Eval_33_75_DP_OP_55J15_126_1456_J15_0
core16_0/evalB_1/DP_OP_56J15_127_5191    138.3480     0.0    138.3480     0.0000 0.0000  Eval_33_75_DP_OP_56J15_127_5191_J15_0
core16_0/evalB_2                     377.8740      0.1      11.0880      0.0000  0.0000  Eval_33_74
core16_0/evalB_2/DP_OP_54J17_125_7163     96.0120     0.0     96.0120     0.0000 0.0000  Eval_33_74_DP_OP_54J17_125_7163_J17_0
core16_0/evalB_2/DP_OP_55J17_126_6546    133.6860     0.0    133.6860     0.0000 0.0000  Eval_33_74_DP_OP_55J17_126_6546_J17_0
core16_0/evalB_2/DP_OP_56J17_127_3489    137.0880     0.0    137.0880     0.0000 0.0000  Eval_33_74_DP_OP_56J17_127_3489_J17_0
core16_0/evalB_3                     375.4800      0.1      12.2220      0.0000  0.0000  Eval_33_73
core16_0/evalB_3/DP_OP_54J24_125_4842     96.0120     0.0     96.0120     0.0000 0.0000  Eval_33_73_DP_OP_54J24_125_4842_J24_0
core16_0/evalB_3/DP_OP_55J24_126_6966    131.4180     0.0    131.4180     0.0000 0.0000  Eval_33_73_DP_OP_55J24_126_6966_J24_0
core16_0/evalB_3/DP_OP_56J24_127_9648    135.8280     0.0    135.8280     0.0000 0.0000  Eval_33_73_DP_OP_56J24_127_9648_J24_0
core16_0/interp                     7631.4419      1.2       0.7560    840.6720  0.0000  Interpolation_7_6
core16_0/interp/interp              6790.0139      1.1       0.2520      0.0000  0.0000  InterpolationComb_7_6
core16_0/interp/interp/DP_OP_421J12_122_2675   6789.7619     1.1   6789.7619     0.0000 0.0000 InterpolationComb_7_0_DP_OP_421J12_122_2675_J12_0_2
core16_1                           84297.2749     13.4       2.0160   1671.2640  0.0000  core16_5
core16_1/core4_0                    9565.9199      1.5       1.0080    461.6640  0.0000  core4_41
core16_1/core4_0/evalA               734.2020      0.1      22.5540      0.0000  0.0000  Eval_32_41
core16_1/core4_0/evalA/DP_OP_54J26_126_5391    189.8820     0.0    189.8820     0.0000 0.0000 Eval_32_5_DP_OP_54J26_126_5391_J26_0_2
core16_1/core4_0/evalA/DP_OP_55J26_127_1056    261.3240     0.0    261.3240     0.0000 0.0000 Eval_32_5_DP_OP_55J26_127_1056_J26_0_2
core16_1/core4_0/evalA/DP_OP_56J26_128_3738    260.4420     0.0    260.4420     0.0000 0.0000 Eval_32_5_DP_OP_56J26_128_3738_J26_0_2
core16_1/core4_0/evalB               498.4560      0.1      16.1280      0.0000  0.0000  Eval_33_41
core16_1/core4_0/evalB/DP_OP_54J28_125_1059    131.4180     0.0    131.4180     0.0000 0.0000 Eval_33_5_DP_OP_54J28_125_1059_J28_0_2
core16_1/core4_0/evalB/DP_OP_55J28_126_7099    174.6360     0.0    174.6360     0.0000 0.0000 Eval_33_5_DP_OP_55J28_126_7099_J28_0_2
core16_1/core4_0/evalB/DP_OP_56J28_127_9781    176.2740     0.0    176.2740     0.0000 0.0000 Eval_33_5_DP_OP_56J28_127_9781_J28_0_2
core16_1/core4_0/interp             2056.4460      0.3       0.7560    235.8720  0.0000  Interpolation_42
core16_1/core4_0/interp/interp      1819.8180      0.3       0.2520      0.0000  0.0000  InterpolationComb_42
core16_1/core4_0/interp/interp/DP_OP_106J27_122_4702   1819.5660     0.3   1819.5660     0.0000 0.0000 InterpolationComb_0_DP_OP_106J27_122_4702_J27_0_17
core16_1/core4_0/mult_x_1            739.7460      0.1     739.7460      0.0000  0.0000  core4_35_DW_mult_uns_J32_3_1
core16_1/core4_0/mult_x_2            850.3740      0.1     850.3740      0.0000  0.0000  core4_35_DW_mult_uns_J32_2_1
core16_1/core4_0/mult_x_3            839.1600      0.1     839.1600      0.0000  0.0000  core4_35_DW_mult_tc_J32_2_1
core16_1/core4_0/mult_x_4            856.9260      0.1     856.9260      0.0000  0.0000  core4_35_DW_mult_tc_J32_1_1
core16_1/core4_0/mult_x_5            881.8740      0.1     881.8740      0.0000  0.0000  core4_35_DW_mult_uns_J32_1_1
core16_1/core4_0/mult_x_6            906.3180      0.1     906.3180      0.0000  0.0000  core4_35_DW_mult_tc_J32_0_1
core16_1/core4_0/mult_x_7            739.7460      0.1     739.7460      0.0000  0.0000  core4_35_DW_mult_uns_J32_0_1
core16_1/core4_1                   10180.9259      1.6       1.0080    461.4120  0.0000  core4_40
core16_1/core4_1/evalA               783.5940      0.1      28.2240      0.0000  0.0000  Eval_32_40
core16_1/core4_1/evalA/DP_OP_53J27_123_8507    196.9380     0.0    196.9380     0.0000 0.0000 Eval_32_1_DP_OP_53J27_123_8507_J27_0_29
core16_1/core4_1/evalA/DP_OP_54J27_124_3738    285.8940     0.0    285.8940     0.0000 0.0000 Eval_32_1_DP_OP_54J27_124_3738_J27_0_29
core16_1/core4_1/evalA/DP_OP_55J27_125_1305    272.5380     0.0    272.5380     0.0000 0.0000 Eval_32_1_DP_OP_55J27_125_1305_J27_0_29
core16_1/core4_1/evalB               620.9280      0.1      20.5380      0.0000  0.0000  Eval_33_40
core16_1/core4_1/evalB/DP_OP_55J23_122_6661    157.7520     0.0    157.7520     0.0000 0.0000 Eval_33_40_DP_OP_55J23_122_6661_J23_0
core16_1/core4_1/evalB/DP_OP_56J23_123_6786    224.4060     0.0    224.4060     0.0000 0.0000 Eval_33_40_DP_OP_56J23_123_6786_J23_0
core16_1/core4_1/evalB/DP_OP_57J23_124_1504    218.2320     0.0    218.2320     0.0000 0.0000 Eval_33_40_DP_OP_57J23_124_1504_J23_0
core16_1/core4_1/interp             2056.4460      0.3       0.7560    235.8720  0.0000  Interpolation_41
core16_1/core4_1/interp/interp      1819.8180      0.3       0.2520      0.0000  0.0000  InterpolationComb_41
core16_1/core4_1/interp/interp/DP_OP_106J27_122_4702   1819.5660     0.3   1819.5660     0.0000 0.0000 InterpolationComb_0_DP_OP_106J27_122_4702_J27_0_16
core16_1/core4_1/mult_x_1            850.3740      0.1     850.3740      0.0000  0.0000  core4_40_DW_mult_uns_J21_1
core16_1/core4_1/mult_x_2            878.0940      0.1     878.0940      0.0000  0.0000  core4_40_DW_mult_tc_J21_4
core16_1/core4_1/mult_x_3            919.2960      0.1     919.2960      0.0000  0.0000  core4_40_DW_mult_tc_J21_3
core16_1/core4_1/mult_x_4            921.6900      0.1     921.6900      0.0000  0.0000  core4_40_DW_mult_tc_J21_2
core16_1/core4_1/mult_x_5            918.9180      0.1     918.9180      0.0000  0.0000  core4_40_DW_mult_tc_J21_1
core16_1/core4_1/mult_x_6            918.7920      0.1     918.7920      0.0000  0.0000  core4_40_DW_mult_tc_J21_0
core16_1/core4_1/mult_x_7            850.3740      0.1     850.3740      0.0000  0.0000  core4_40_DW_mult_uns_J21_0
core16_1/core4_2                    9986.2559      1.6       1.0080    461.4120  0.0000  core4_39
core16_1/core4_2/evalA               776.9160      0.1      24.8220      0.0000  0.0000  Eval_32_39
core16_1/core4_2/evalA/DP_OP_53J27_123_8507    198.0720     0.0    198.0720     0.0000 0.0000 Eval_32_1_DP_OP_53J27_123_8507_J27_0_28
core16_1/core4_2/evalA/DP_OP_54J27_124_3738    282.3660     0.0    282.3660     0.0000 0.0000 Eval_32_1_DP_OP_54J27_124_3738_J27_0_28
core16_1/core4_2/evalA/DP_OP_55J27_125_1305    271.6560     0.0    271.6560     0.0000 0.0000 Eval_32_1_DP_OP_55J27_125_1305_J27_0_28
core16_1/core4_2/evalB               561.9600      0.1      17.7660      0.0000  0.0000  Eval_33_39
core16_1/core4_2/evalB/DP_OP_53J24_122_9164    144.3960     0.0    144.3960     0.0000 0.0000 Eval_33_1_DP_OP_53J24_122_9164_J24_0_25
core16_1/core4_2/evalB/DP_OP_54J24_123_1920    197.4420     0.0    197.4420     0.0000 0.0000 Eval_33_1_DP_OP_54J24_123_1920_J24_0_25
core16_1/core4_2/evalB/DP_OP_55J24_124_2354    202.3560     0.0    202.3560     0.0000 0.0000 Eval_33_1_DP_OP_55J24_124_2354_J24_0_25
core16_1/core4_2/interp             2150.4420      0.3       0.7560    243.9360  0.0000  Interpolation_40
core16_1/core4_2/interp/interp      1905.7500      0.3       0.2520      0.0000  0.0000  InterpolationComb_40
core16_1/core4_2/interp/interp/DP_OP_106J26_122_5351   1905.4980     0.3   1905.4980     0.0000 0.0000 InterpolationComb_1_DP_OP_106J26_122_5351_J26_0_23
core16_1/core4_2/mult_x_1            801.1080      0.1     801.1080      0.0000  0.0000  core4_1_DW_mult_tc_J18_6_19
core16_1/core4_2/mult_x_2            858.5640      0.1     858.5640      0.0000  0.0000  core4_1_DW_mult_tc_J18_5_19
core16_1/core4_2/mult_x_3            884.1420      0.1     884.1420      0.0000  0.0000  core4_1_DW_mult_tc_J18_4_19
core16_1/core4_2/mult_x_4            872.5500      0.1     872.5500      0.0000  0.0000  core4_1_DW_mult_tc_J18_3_19
core16_1/core4_2/mult_x_5            899.1360      0.1     899.1360      0.0000  0.0000  core4_1_DW_mult_tc_J18_2_19
core16_1/core4_2/mult_x_6            917.9100      0.1     917.9100      0.0000  0.0000  core4_1_DW_mult_tc_J18_1_19
core16_1/core4_2/mult_x_7            801.1080      0.1     801.1080      0.0000  0.0000  core4_1_DW_mult_tc_J18_0_19
core16_1/core4_3                   10226.1599      1.6       0.7560    461.4120  0.0000  core4_38
core16_1/core4_3/evalA               780.5700      0.1      25.2000      0.0000  0.0000  Eval_32_38
core16_1/core4_3/evalA/DP_OP_53J27_123_8507    196.9380     0.0    196.9380     0.0000 0.0000 Eval_32_1_DP_OP_53J27_123_8507_J27_0_27
core16_1/core4_3/evalA/DP_OP_54J27_124_3738    285.8940     0.0    285.8940     0.0000 0.0000 Eval_32_1_DP_OP_54J27_124_3738_J27_0_27
core16_1/core4_3/evalA/DP_OP_55J27_125_1305    272.5380     0.0    272.5380     0.0000 0.0000 Eval_32_1_DP_OP_55J27_125_1305_J27_0_27
core16_1/core4_3/evalB               637.1820      0.1      21.7980      0.0000  0.0000  Eval_33_38
core16_1/core4_3/evalB/DP_OP_53J24_122_9164    159.6420     0.0    159.6420     0.0000 0.0000 Eval_33_1_DP_OP_53J24_122_9164_J24_0_24
core16_1/core4_3/evalB/DP_OP_54J24_123_1920    234.7380     0.0    234.7380     0.0000 0.0000 Eval_33_1_DP_OP_54J24_123_1920_J24_0_24
core16_1/core4_3/evalB/DP_OP_55J24_124_2354    221.0040     0.0    221.0040     0.0000 0.0000 Eval_33_1_DP_OP_55J24_124_2354_J24_0_24
core16_1/core4_3/interp             2150.4420      0.3       0.7560    243.9360  0.0000  Interpolation_39
core16_1/core4_3/interp/interp      1905.7500      0.3       0.2520      0.0000  0.0000  InterpolationComb_39
core16_1/core4_3/interp/interp/DP_OP_106J26_122_5351   1905.4980     0.3   1905.4980     0.0000 0.0000 InterpolationComb_1_DP_OP_106J26_122_5351_J26_0_22
core16_1/core4_3/mult_x_1            820.5120      0.1     820.5120      0.0000  0.0000  core4_1_DW_mult_tc_J18_6_18
core16_1/core4_3/mult_x_2            876.8340      0.1     876.8340      0.0000  0.0000  core4_1_DW_mult_tc_J18_5_18
core16_1/core4_3/mult_x_3            919.4220      0.1     919.4220      0.0000  0.0000  core4_1_DW_mult_tc_J18_4_18
core16_1/core4_3/mult_x_4            919.1700      0.1     919.1700      0.0000  0.0000  core4_1_DW_mult_tc_J18_3_18
core16_1/core4_3/mult_x_5            919.9260      0.1     919.9260      0.0000  0.0000  core4_1_DW_mult_tc_J18_2_18
core16_1/core4_3/mult_x_6            919.4220      0.1     919.4220      0.0000  0.0000  core4_1_DW_mult_tc_J18_1_18
core16_1/core4_3/mult_x_7            820.5120      0.1     820.5120      0.0000  0.0000  core4_1_DW_mult_tc_J18_0_18
core16_1/core4_4                   10222.0019      1.6       1.0080    461.2860  0.0000  core4_37
core16_1/core4_4/evalA               780.8220      0.1      25.4520      0.0000  0.0000  Eval_32_37
core16_1/core4_4/evalA/DP_OP_53J27_123_8507    196.9380     0.0    196.9380     0.0000 0.0000 Eval_32_1_DP_OP_53J27_123_8507_J27_0_26
core16_1/core4_4/evalA/DP_OP_54J27_124_3738    285.8940     0.0    285.8940     0.0000 0.0000 Eval_32_1_DP_OP_54J27_124_3738_J27_0_26
core16_1/core4_4/evalA/DP_OP_55J27_125_1305    272.5380     0.0    272.5380     0.0000 0.0000 Eval_32_1_DP_OP_55J27_125_1305_J27_0_26
core16_1/core4_4/evalB               608.3280      0.1      19.1520      0.0000  0.0000  Eval_33_37
core16_1/core4_4/evalB/DP_OP_54J22_122_1996    154.8540     0.0    154.8540     0.0000 0.0000 Eval_33_19_DP_OP_54J22_122_1996_J22_0_1
core16_1/core4_4/evalB/DP_OP_55J22_123_2434    215.0820     0.0    215.0820     0.0000 0.0000 Eval_33_19_DP_OP_55J22_123_2434_J22_0_1
core16_1/core4_4/evalB/DP_OP_56J22_124_4531    219.2400     0.0    219.2400     0.0000 0.0000 Eval_33_19_DP_OP_56J22_124_4531_J22_0_1
core16_1/core4_4/interp             2150.4420      0.3       0.7560    243.9360  0.0000  Interpolation_38
core16_1/core4_4/interp/interp      1905.7500      0.3       0.2520      0.0000  0.0000  InterpolationComb_38
core16_1/core4_4/interp/interp/DP_OP_106J26_122_5351   1905.4980     0.3   1905.4980     0.0000 0.0000 InterpolationComb_1_DP_OP_106J26_122_5351_J26_0_21
core16_1/core4_4/mult_x_1            842.1840      0.1     842.1840      0.0000  0.0000  core4_37_DW_mult_uns_J22_1
core16_1/core4_4/mult_x_2            876.0780      0.1     876.0780      0.0000  0.0000  core4_37_DW_mult_tc_J22_4
core16_1/core4_4/mult_x_3            899.7660      0.1     899.7660      0.0000  0.0000  core4_37_DW_mult_tc_J22_3
core16_1/core4_4/mult_x_4            918.7920      0.1     918.7920      0.0000  0.0000  core4_37_DW_mult_tc_J22_2
core16_1/core4_4/mult_x_5            920.6820      0.1     920.6820      0.0000  0.0000  core4_37_DW_mult_tc_J22_1
core16_1/core4_4/mult_x_6            919.5480      0.1     919.5480      0.0000  0.0000  core4_37_DW_mult_tc_J22_0
core16_1/core4_4/mult_x_7            843.0660      0.1     843.0660      0.0000  0.0000  core4_37_DW_mult_uns_J22_0
core16_1/core4_5                   10319.5259      1.6       0.7560    461.2860  0.0000  core4_36
core16_1/core4_5/evalA               782.8380      0.1      27.4680      0.0000  0.0000  Eval_32_36
core16_1/core4_5/evalA/DP_OP_53J27_123_8507    196.9380     0.0    196.9380     0.0000 0.0000 Eval_32_1_DP_OP_53J27_123_8507_J27_0_25
core16_1/core4_5/evalA/DP_OP_54J27_124_3738    285.8940     0.0    285.8940     0.0000 0.0000 Eval_32_1_DP_OP_54J27_124_3738_J27_0_25
core16_1/core4_5/evalA/DP_OP_55J27_125_1305    272.5380     0.0    272.5380     0.0000 0.0000 Eval_32_1_DP_OP_55J27_125_1305_J27_0_25
core16_1/core4_5/evalB               636.9300      0.1      21.6720      0.0000  0.0000  Eval_33_36
core16_1/core4_5/evalB/DP_OP_53J24_122_9164    159.8940     0.0    159.8940     0.0000 0.0000 Eval_33_1_DP_OP_53J24_122_9164_J24_0_23
core16_1/core4_5/evalB/DP_OP_54J24_123_1920    233.6040     0.0    233.6040     0.0000 0.0000 Eval_33_1_DP_OP_54J24_123_1920_J24_0_23
core16_1/core4_5/evalB/DP_OP_55J24_124_2354    221.7600     0.0    221.7600     0.0000 0.0000 Eval_33_1_DP_OP_55J24_124_2354_J24_0_23
core16_1/core4_5/interp             2150.4420      0.3       0.7560    243.9360  0.0000  Interpolation_37
core16_1/core4_5/interp/interp      1905.7500      0.3       0.2520      0.0000  0.0000  InterpolationComb_37
core16_1/core4_5/interp/interp/DP_OP_106J26_122_5351   1905.4980     0.3   1905.4980     0.0000 0.0000 InterpolationComb_1_DP_OP_106J26_122_5351_J26_0_20
core16_1/core4_5/mult_x_1            864.8640      0.1     864.8640      0.0000  0.0000  core4_1_DW_mult_tc_J18_6_17
core16_1/core4_5/mult_x_2            878.3460      0.1     878.3460      0.0000  0.0000  core4_1_DW_mult_tc_J18_5_17
core16_1/core4_5/mult_x_3            919.9260      0.1     919.9260      0.0000  0.0000  core4_1_DW_mult_tc_J18_4_17
core16_1/core4_5/mult_x_4            919.0440      0.1     919.0440      0.0000  0.0000  core4_1_DW_mult_tc_J18_3_17
core16_1/core4_5/mult_x_5            919.5480      0.1     919.5480      0.0000  0.0000  core4_1_DW_mult_tc_J18_2_17
core16_1/core4_5/mult_x_6            920.6820      0.1     920.6820      0.0000  0.0000  core4_1_DW_mult_tc_J18_1_17
core16_1/core4_5/mult_x_7            864.8640      0.1     864.8640      0.0000  0.0000  core4_1_DW_mult_tc_J18_0_17
core16_1/core4_6                    9559.8719      1.5       1.0080    461.4120  0.0000  core4_35
core16_1/core4_6/evalA               734.0760      0.1      22.4280      0.0000  0.0000  Eval_32_35
core16_1/core4_6/evalA/DP_OP_54J26_126_5391    189.8820     0.0    189.8820     0.0000 0.0000 Eval_32_5_DP_OP_54J26_126_5391_J26_0_1
core16_1/core4_6/evalA/DP_OP_55J26_127_1056    261.3240     0.0    261.3240     0.0000 0.0000 Eval_32_5_DP_OP_55J26_127_1056_J26_0_1
core16_1/core4_6/evalA/DP_OP_56J26_128_3738    260.4420     0.0    260.4420     0.0000 0.0000 Eval_32_5_DP_OP_56J26_128_3738_J26_0_1
core16_1/core4_6/evalB               496.4400      0.1      16.1280      0.0000  0.0000  Eval_33_35
core16_1/core4_6/evalB/DP_OP_54J28_125_1059    131.4180     0.0    131.4180     0.0000 0.0000 Eval_33_5_DP_OP_54J28_125_1059_J28_0_1
core16_1/core4_6/evalB/DP_OP_55J28_126_7099    174.6360     0.0    174.6360     0.0000 0.0000 Eval_33_5_DP_OP_55J28_126_7099_J28_0_1
core16_1/core4_6/evalB/DP_OP_56J28_127_9781    174.2580     0.0    174.2580     0.0000 0.0000 Eval_33_5_DP_OP_56J28_127_9781_J28_0_1
core16_1/core4_6/interp             2056.4460      0.3       0.7560    235.8720  0.0000  Interpolation_36
core16_1/core4_6/interp/interp      1819.8180      0.3       0.2520      0.0000  0.0000  InterpolationComb_36
core16_1/core4_6/interp/interp/DP_OP_106J27_122_4702   1819.5660     0.3   1819.5660     0.0000 0.0000 InterpolationComb_0_DP_OP_106J27_122_4702_J27_0_15
core16_1/core4_6/mult_x_1            739.7460      0.1     739.7460      0.0000  0.0000  core4_35_DW_mult_uns_J32_3_0
core16_1/core4_6/mult_x_2            850.3740      0.1     850.3740      0.0000  0.0000  core4_35_DW_mult_uns_J32_2_0
core16_1/core4_6/mult_x_3            834.3720      0.1     834.3720      0.0000  0.0000  core4_35_DW_mult_tc_J32_2_0
core16_1/core4_6/mult_x_4            856.9260      0.1     856.9260      0.0000  0.0000  core4_35_DW_mult_tc_J32_1_0
core16_1/core4_6/mult_x_5            883.5120      0.1     883.5120      0.0000  0.0000  core4_35_DW_mult_uns_J32_1_0
core16_1/core4_6/mult_x_6            905.8140      0.1     905.8140      0.0000  0.0000  core4_35_DW_mult_tc_J32_0_0
core16_1/core4_6/mult_x_7            739.7460      0.1     739.7460      0.0000  0.0000  core4_35_DW_mult_uns_J32_0_0
core16_1/evalA                       734.0760      0.1      22.4280      0.0000  0.0000  Eval_32_72
core16_1/evalA/DP_OP_54J27_126_7038    189.8820     0.0    189.8820      0.0000  0.0000  Eval_32_69_DP_OP_54J27_126_7038_J27_0_3
core16_1/evalA/DP_OP_55J27_127_8376    261.3240     0.0    261.3240      0.0000  0.0000  Eval_32_69_DP_OP_55J27_127_8376_J27_0_3
core16_1/evalA/DP_OP_56J27_128_6512    260.4420     0.0    260.4420      0.0000  0.0000  Eval_32_69_DP_OP_56J27_128_6512_J27_0_3
core16_1/evalA_1                     733.9500      0.1      22.3020      0.0000  0.0000  Eval_32_71
core16_1/evalA_1/DP_OP_54J27_126_7038    189.8820     0.0    189.8820     0.0000 0.0000  Eval_32_69_DP_OP_54J27_126_7038_J27_0_2
core16_1/evalA_1/DP_OP_55J27_127_8376    261.3240     0.0    261.3240     0.0000 0.0000  Eval_32_69_DP_OP_55J27_127_8376_J27_0_2
core16_1/evalA_1/DP_OP_56J27_128_6512    260.4420     0.0    260.4420     0.0000 0.0000  Eval_32_69_DP_OP_56J27_128_6512_J27_0_2
core16_1/evalA_2                     733.9500      0.1      22.3020      0.0000  0.0000  Eval_32_70
core16_1/evalA_2/DP_OP_54J27_126_7038    189.8820     0.0    189.8820     0.0000 0.0000  Eval_32_69_DP_OP_54J27_126_7038_J27_0_1
core16_1/evalA_2/DP_OP_55J27_127_8376    261.3240     0.0    261.3240     0.0000 0.0000  Eval_32_69_DP_OP_55J27_127_8376_J27_0_1
core16_1/evalA_2/DP_OP_56J27_128_6512    260.4420     0.0    260.4420     0.0000 0.0000  Eval_32_69_DP_OP_56J27_128_6512_J27_0_1
core16_1/evalA_3                     734.2020      0.1      22.5540      0.0000  0.0000  Eval_32_69
core16_1/evalA_3/DP_OP_54J27_126_7038    189.8820     0.0    189.8820     0.0000 0.0000  Eval_32_69_DP_OP_54J27_126_7038_J27_0_0
core16_1/evalA_3/DP_OP_55J27_127_8376    261.3240     0.0    261.3240     0.0000 0.0000  Eval_32_69_DP_OP_55J27_127_8376_J27_0_0
core16_1/evalA_3/DP_OP_56J27_128_6512    260.4420     0.0    260.4420     0.0000 0.0000  Eval_32_69_DP_OP_56J27_128_6512_J27_0_0
core16_1/evalB                       498.8340      0.1      16.3800      0.0000  0.0000  Eval_33_72
core16_1/evalB/DP_OP_54J26_129_883    132.3000     0.0     132.3000      0.0000  0.0000  Eval_33_69_DP_OP_54J26_129_883_J26_0_3
core16_1/evalB/DP_OP_55J26_130_2461    174.6360     0.0    174.6360      0.0000  0.0000  Eval_33_69_DP_OP_55J26_130_2461_J26_0_3
core16_1/evalB/DP_OP_56J26_131_6196    175.5180     0.0    175.5180      0.0000  0.0000  Eval_33_69_DP_OP_56J26_131_6196_J26_0_3
core16_1/evalB_1                     498.4560      0.1      14.7420      0.0000  0.0000  Eval_33_71
core16_1/evalB_1/DP_OP_54J26_129_883    131.4180     0.0    131.4180     0.0000  0.0000  Eval_33_69_DP_OP_54J26_129_883_J26_0_2
core16_1/evalB_1/DP_OP_55J26_130_2461    177.5340     0.0    177.5340     0.0000 0.0000  Eval_33_69_DP_OP_55J26_130_2461_J26_0_2
core16_1/evalB_1/DP_OP_56J26_131_6196    174.7620     0.0    174.7620     0.0000 0.0000  Eval_33_69_DP_OP_56J26_131_6196_J26_0_2
core16_1/evalB_2                     500.0940      0.1      14.7420      0.0000  0.0000  Eval_33_70
core16_1/evalB_2/DP_OP_54J26_129_883    131.6700     0.0    131.6700     0.0000  0.0000  Eval_33_69_DP_OP_54J26_129_883_J26_0_1
core16_1/evalB_2/DP_OP_55J26_130_2461    176.1480     0.0    176.1480     0.0000 0.0000  Eval_33_69_DP_OP_55J26_130_2461_J26_0_1
core16_1/evalB_2/DP_OP_56J26_131_6196    177.5340     0.0    177.5340     0.0000 0.0000  Eval_33_69_DP_OP_56J26_131_6196_J26_0_1
core16_1/evalB_3                     501.3540      0.1      16.3800      0.0000  0.0000  Eval_33_69
core16_1/evalB_3/DP_OP_54J26_129_883    132.0480     0.0    132.0480     0.0000  0.0000  Eval_33_69_DP_OP_54J26_129_883_J26_0_0
core16_1/evalB_3/DP_OP_55J26_130_2461    177.1560     0.0    177.1560     0.0000 0.0000  Eval_33_69_DP_OP_55J26_130_2461_J26_0_0
core16_1/evalB_3/DP_OP_56J26_131_6196    175.7700     0.0    175.7700     0.0000 0.0000  Eval_33_69_DP_OP_56J26_131_6196_J26_0_0
core16_1/interp                     7628.4179      1.2       0.7560    840.6720  0.0000  Interpolation_7_5
core16_1/interp/interp              6786.9899      1.1       0.2520      0.0000  0.0000  InterpolationComb_7_5
core16_1/interp/interp/DP_OP_421J12_122_2675   6786.7379     1.1   6786.7379     0.0000 0.0000 InterpolationComb_7_0_DP_OP_421J12_122_2675_J12_0_1
core16_2                           80980.7030     12.9       2.0160   1671.2640  0.0000  core16_4
core16_2/core4_0                    8804.1239      1.4       1.0080    461.5380  0.0000  core4_34
core16_2/core4_0/evalA               666.1620      0.1      20.1600      0.0000  0.0000  Eval_32_34
core16_2/core4_0/evalA/DP_OP_54J17_122_624    173.1240     0.0    173.1240     0.0000 0.0000 Eval_32_28_DP_OP_54J17_122_624_J17_0_1
core16_2/core4_0/evalA/DP_OP_55J17_123_8269    233.4780     0.0    233.4780     0.0000 0.0000 Eval_32_28_DP_OP_55J17_123_8269_J17_0_1
core16_2/core4_0/evalA/DP_OP_56J17_124_614    239.4000     0.0    239.4000     0.0000 0.0000 Eval_32_28_DP_OP_56J17_124_614_J17_0_1
core16_2/core4_0/evalB               422.6040      0.1      13.6080      0.0000  0.0000  Eval_33_34
core16_2/core4_0/evalB/DP_OP_54J20_125_3335    108.8640     0.0    108.8640     0.0000 0.0000 Eval_33_28_DP_OP_54J20_125_3335_J20_0_1
core16_2/core4_0/evalB/DP_OP_55J20_126_8732    147.4200     0.0    147.4200     0.0000 0.0000 Eval_33_28_DP_OP_55J20_126_8732_J20_0_1
core16_2/core4_0/evalB/DP_OP_56J20_127_6811    152.7120     0.0    152.7120     0.0000 0.0000 Eval_33_28_DP_OP_56J20_127_6811_J20_0_1
core16_2/core4_0/interp             2056.4460      0.3       0.7560    235.8720  0.0000  Interpolation_35
core16_2/core4_0/interp/interp      1819.8180      0.3       0.2520      0.0000  0.0000  InterpolationComb_35
core16_2/core4_0/interp/interp/DP_OP_106J27_122_4702   1819.5660     0.3   1819.5660     0.0000 0.0000 InterpolationComb_0_DP_OP_106J27_122_4702_J27_0_14
core16_2/core4_0/mult_x_1            641.9700      0.1     641.9700      0.0000  0.0000  core4_28_DW_mult_uns_J14_3_1
core16_2/core4_0/mult_x_2            774.6480      0.1     774.6480      0.0000  0.0000  core4_28_DW_mult_uns_J14_2_1
core16_2/core4_0/mult_x_3            746.8020      0.1     746.8020      0.0000  0.0000  core4_28_DW_mult_tc_J14_2_1
core16_2/core4_0/mult_x_4            746.6760      0.1     746.6760      0.0000  0.0000  core4_28_DW_mult_tc_J14_1_1
core16_2/core4_0/mult_x_5            827.3160      0.1     827.3160      0.0000  0.0000  core4_28_DW_mult_uns_J14_1_1
core16_2/core4_0/mult_x_6            816.9840      0.1     816.9840      0.0000  0.0000  core4_28_DW_mult_tc_J14_0_1
core16_2/core4_0/mult_x_7            641.9700      0.1     641.9700      0.0000  0.0000  core4_28_DW_mult_uns_J14_0_1
core16_2/core4_1                    9828.2519      1.6       1.0080    461.6640  0.0000  core4_33
core16_2/core4_1/evalA               765.1980      0.1      23.9400      0.0000  0.0000  Eval_32_33
core16_2/core4_1/evalA/DP_OP_55J26_123_7806    195.6780     0.0    195.6780     0.0000 0.0000 Eval_32_33_DP_OP_55J26_123_7806_J26_0
core16_2/core4_1/evalA/DP_OP_56J26_124_3700    276.3180     0.0    276.3180     0.0000 0.0000 Eval_32_33_DP_OP_56J26_124_3700_J26_0
core16_2/core4_1/evalA/DP_OP_57J26_125_9859    269.2620     0.0    269.2620     0.0000 0.0000 Eval_32_33_DP_OP_57J26_125_9859_J26_0
core16_2/core4_1/evalB               547.9740      0.1      17.2620      0.0000  0.0000  Eval_33_33
core16_2/core4_1/evalB/DP_OP_54J20_122_1014    146.5380     0.0    146.5380     0.0000 0.0000 Eval_33_33_DP_OP_54J20_122_1014_J20_0
core16_2/core4_1/evalB/DP_OP_55J20_123_7030    192.2760     0.0    192.2760     0.0000 0.0000 Eval_33_33_DP_OP_55J20_123_7030_J20_0
core16_2/core4_1/evalB/DP_OP_56J20_124_2242    191.8980     0.0    191.8980     0.0000 0.0000 Eval_33_33_DP_OP_56J20_124_2242_J20_0
core16_2/core4_1/interp             2056.4460      0.3       0.7560    235.8720  0.0000  Interpolation_34
core16_2/core4_1/interp/interp      1819.8180      0.3       0.2520      0.0000  0.0000  InterpolationComb_34
core16_2/core4_1/interp/interp/DP_OP_106J27_122_4702   1819.5660     0.3   1819.5660     0.0000 0.0000 InterpolationComb_0_DP_OP_106J27_122_4702_J27_0_13
core16_2/core4_1/mult_x_1            774.6480      0.1     774.6480      0.0000  0.0000  core4_33_DW_mult_uns_J29_1
core16_2/core4_1/mult_x_2            864.8640      0.1     864.8640      0.0000  0.0000  core4_33_DW_mult_tc_J29_4
core16_2/core4_1/mult_x_3            887.0400      0.1     887.0400      0.0000  0.0000  core4_33_DW_mult_tc_J29_3
core16_2/core4_1/mult_x_4            874.9440      0.1     874.9440      0.0000  0.0000  core4_33_DW_mult_tc_J29_2
core16_2/core4_1/mult_x_5            901.4040      0.1     901.4040      0.0000  0.0000  core4_33_DW_mult_tc_J29_1
core16_2/core4_1/mult_x_6            918.4140      0.1     918.4140      0.0000  0.0000  core4_33_DW_mult_tc_J29_0
core16_2/core4_1/mult_x_7            774.6480      0.1     774.6480      0.0000  0.0000  core4_33_DW_mult_uns_J29_0
core16_2/core4_2                    9310.1399      1.5       1.0080    461.5380  0.0000  core4_32
core16_2/core4_2/evalA               708.6240      0.1      21.6720      0.0000  0.0000  Eval_32_32
core16_2/core4_2/evalA/DP_OP_53J27_123_8507    182.1960     0.0    182.1960     0.0000 0.0000 Eval_32_1_DP_OP_53J27_123_8507_J27_0_24
core16_2/core4_2/evalA/DP_OP_54J27_124_3738    249.9840     0.0    249.9840     0.0000 0.0000 Eval_32_1_DP_OP_54J27_124_3738_J27_0_24
core16_2/core4_2/evalA/DP_OP_55J27_125_1305    254.7720     0.0    254.7720     0.0000 0.0000 Eval_32_1_DP_OP_55J27_125_1305_J27_0_24
core16_2/core4_2/evalB               463.9320      0.1      14.6160      0.0000  0.0000  Eval_33_32
core16_2/core4_2/evalB/DP_OP_53J24_122_9164    118.4400     0.0    118.4400     0.0000 0.0000 Eval_33_1_DP_OP_53J24_122_9164_J24_0_22
core16_2/core4_2/evalB/DP_OP_54J24_123_1920    162.7920     0.0    162.7920     0.0000 0.0000 Eval_33_1_DP_OP_54J24_123_1920_J24_0_22
core16_2/core4_2/evalB/DP_OP_55J24_124_2354    168.0840     0.0    168.0840     0.0000 0.0000 Eval_33_1_DP_OP_55J24_124_2354_J24_0_22
core16_2/core4_2/interp             2150.4420      0.3       0.7560    243.9360  0.0000  Interpolation_33
core16_2/core4_2/interp/interp      1905.7500      0.3       0.2520      0.0000  0.0000  InterpolationComb_33
core16_2/core4_2/interp/interp/DP_OP_106J26_122_5351   1905.4980     0.3   1905.4980     0.0000 0.0000 InterpolationComb_1_DP_OP_106J26_122_5351_J26_0_19
core16_2/core4_2/mult_x_1            720.2160      0.1     720.2160      0.0000  0.0000  core4_1_DW_mult_tc_J18_6_16
core16_2/core4_2/mult_x_2            801.1080      0.1     801.1080      0.0000  0.0000  core4_1_DW_mult_tc_J18_5_16
core16_2/core4_2/mult_x_3            776.7900      0.1     776.7900      0.0000  0.0000  core4_1_DW_mult_tc_J18_4_16
core16_2/core4_2/mult_x_4            807.1560      0.1     807.1560      0.0000  0.0000  core4_1_DW_mult_tc_J18_3_16
core16_2/core4_2/mult_x_5            836.3880      0.1     836.3880      0.0000  0.0000  core4_1_DW_mult_tc_J18_2_16
core16_2/core4_2/mult_x_6            862.7220      0.1     862.7220      0.0000  0.0000  core4_1_DW_mult_tc_J18_1_16
core16_2/core4_2/mult_x_7            720.2160      0.1     720.2160      0.0000  0.0000  core4_1_DW_mult_tc_J18_0_16
core16_2/core4_3                   10019.8979      1.6       0.7560    461.2860  0.0000  core4_31
core16_2/core4_3/evalA               780.5700      0.1      25.2000      0.0000  0.0000  Eval_32_31
core16_2/core4_3/evalA/DP_OP_53J27_123_8507    196.9380     0.0    196.9380     0.0000 0.0000 Eval_32_1_DP_OP_53J27_123_8507_J27_0_23
core16_2/core4_3/evalA/DP_OP_54J27_124_3738    285.8940     0.0    285.8940     0.0000 0.0000 Eval_32_1_DP_OP_54J27_124_3738_J27_0_23
core16_2/core4_3/evalA/DP_OP_55J27_125_1305    272.5380     0.0    272.5380     0.0000 0.0000 Eval_32_1_DP_OP_55J27_125_1305_J27_0_23
core16_2/core4_3/evalB               636.1740      0.1      21.0420      0.0000  0.0000  Eval_33_31
core16_2/core4_3/evalB/DP_OP_53J24_122_9164    158.5080     0.0    158.5080     0.0000 0.0000 Eval_33_1_DP_OP_53J24_122_9164_J24_0_21
core16_2/core4_3/evalB/DP_OP_54J24_123_1920    235.9980     0.0    235.9980     0.0000 0.0000 Eval_33_1_DP_OP_54J24_123_1920_J24_0_21
core16_2/core4_3/evalB/DP_OP_55J24_124_2354    220.6260     0.0    220.6260     0.0000 0.0000 Eval_33_1_DP_OP_55J24_124_2354_J24_0_21
core16_2/core4_3/interp             2150.4420      0.3       0.7560    243.9360  0.0000  Interpolation_32
core16_2/core4_3/interp/interp      1905.7500      0.3       0.2520      0.0000  0.0000  InterpolationComb_32
core16_2/core4_3/interp/interp/DP_OP_106J26_122_5351   1905.4980     0.3   1905.4980     0.0000 0.0000 InterpolationComb_1_DP_OP_106J26_122_5351_J26_0_18
core16_2/core4_3/mult_x_1            717.3180      0.1     717.3180      0.0000  0.0000  core4_1_DW_mult_tc_J18_6_15
core16_2/core4_3/mult_x_2            875.9520      0.1     875.9520      0.0000  0.0000  core4_1_DW_mult_tc_J18_5_15
core16_2/core4_3/mult_x_3            920.1780      0.1     920.1780      0.0000  0.0000  core4_1_DW_mult_tc_J18_4_15
core16_2/core4_3/mult_x_4            919.9260      0.1     919.9260      0.0000  0.0000  core4_1_DW_mult_tc_J18_3_15
core16_2/core4_3/mult_x_5            919.8000      0.1     919.8000      0.0000  0.0000  core4_1_DW_mult_tc_J18_2_15
core16_2/core4_3/mult_x_6            920.1780      0.1     920.1780      0.0000  0.0000  core4_1_DW_mult_tc_J18_1_15
core16_2/core4_3/mult_x_7            717.3180      0.1     717.3180      0.0000  0.0000  core4_1_DW_mult_tc_J18_0_15
core16_2/core4_4                    9952.1099      1.6       1.0080    461.2860  0.0000  core4_30
core16_2/core4_4/evalA               764.5680      0.1      23.9400      0.0000  0.0000  Eval_32_30
core16_2/core4_4/evalA/DP_OP_54J28_122_594    194.6700     0.0    194.6700     0.0000 0.0000 Eval_32_30_DP_OP_54J28_122_594_J28_0
core16_2/core4_4/evalA/DP_OP_55J28_123_9137    275.6880     0.0    275.6880     0.0000 0.0000 Eval_32_30_DP_OP_55J28_123_9137_J28_0
core16_2/core4_4/evalA/DP_OP_56J28_124_1306    270.2700     0.0    270.2700     0.0000 0.0000 Eval_32_30_DP_OP_56J28_124_1306_J28_0
core16_2/core4_4/evalB               542.4300      0.1      17.5140      0.0000  0.0000  Eval_33_30
core16_2/core4_4/evalB/DP_OP_54J18_122_9023    140.9940     0.0    140.9940     0.0000 0.0000 Eval_33_30_DP_OP_54J18_122_9023_J18_0
core16_2/core4_4/evalB/DP_OP_55J18_123_8917    189.0000     0.0    189.0000     0.0000 0.0000 Eval_33_30_DP_OP_55J18_123_8917_J18_0
core16_2/core4_4/evalB/DP_OP_56J18_124_2315    194.9220     0.0    194.9220     0.0000 0.0000 Eval_33_30_DP_OP_56J18_124_2315_J18_0
core16_2/core4_4/interp             2150.4420      0.3       0.7560    243.9360  0.0000  Interpolation_31
core16_2/core4_4/interp/interp      1905.7500      0.3       0.2520      0.0000  0.0000  InterpolationComb_31
core16_2/core4_4/interp/interp/DP_OP_106J26_122_5351   1905.4980     0.3   1905.4980     0.0000 0.0000 InterpolationComb_1_DP_OP_106J26_122_5351_J26_0_17
core16_2/core4_4/mult_x_1            818.2440      0.1     818.2440      0.0000  0.0000  core4_30_DW_mult_uns_J30_2
core16_2/core4_4/mult_x_2            877.0860      0.1     877.0860      0.0000  0.0000  core4_30_DW_mult_tc_J30_3
core16_2/core4_4/mult_x_3            848.3580      0.1     848.3580      0.0000  0.0000  core4_30_DW_mult_tc_J30_2
core16_2/core4_4/mult_x_4            861.7140      0.1     861.7140      0.0000  0.0000  core4_30_DW_mult_tc_J30_1
core16_2/core4_4/mult_x_5            895.4820      0.1     895.4820      0.0000  0.0000  core4_30_DW_mult_uns_J30_1
core16_2/core4_4/mult_x_6            913.2480      0.1     913.2480      0.0000  0.0000  core4_30_DW_mult_tc_J30_0
core16_2/core4_4/mult_x_7            818.2440      0.1     818.2440      0.0000  0.0000  core4_30_DW_mult_uns_J30_0
core16_2/core4_5                   10148.4179      1.6       0.7560    461.1600  0.0000  core4_29
core16_2/core4_5/evalA               780.8220      0.1      25.4520      0.0000  0.0000  Eval_32_29
core16_2/core4_5/evalA/DP_OP_53J27_123_8507    196.9380     0.0    196.9380     0.0000 0.0000 Eval_32_1_DP_OP_53J27_123_8507_J27_0_22
core16_2/core4_5/evalA/DP_OP_54J27_124_3738    285.8940     0.0    285.8940     0.0000 0.0000 Eval_32_1_DP_OP_54J27_124_3738_J27_0_22
core16_2/core4_5/evalA/DP_OP_55J27_125_1305    272.5380     0.0    272.5380     0.0000 0.0000 Eval_32_1_DP_OP_55J27_125_1305_J27_0_22
core16_2/core4_5/evalB               634.1580      0.1      21.6720      0.0000  0.0000  Eval_33_29
core16_2/core4_5/evalB/DP_OP_53J24_122_9164    158.3820     0.0    158.3820     0.0000 0.0000 Eval_33_1_DP_OP_53J24_122_9164_J24_0_20
core16_2/core4_5/evalB/DP_OP_54J24_123_1920    234.4860     0.0    234.4860     0.0000 0.0000 Eval_33_1_DP_OP_54J24_123_1920_J24_0_20
core16_2/core4_5/evalB/DP_OP_55J24_124_2354    219.6180     0.0    219.6180     0.0000 0.0000 Eval_33_1_DP_OP_55J24_124_2354_J24_0_20
core16_2/core4_5/interp             2150.4420      0.3       0.7560    243.9360  0.0000  Interpolation_30
core16_2/core4_5/interp/interp      1905.7500      0.3       0.2520      0.0000  0.0000  InterpolationComb_30
core16_2/core4_5/interp/interp/DP_OP_106J26_122_5351   1905.4980     0.3   1905.4980     0.0000 0.0000 InterpolationComb_1_DP_OP_106J26_122_5351_J26_0_16
core16_2/core4_5/mult_x_1            785.3580      0.1     785.3580      0.0000  0.0000  core4_1_DW_mult_tc_J18_6_14
core16_2/core4_5/mult_x_2            876.0780      0.1     876.0780      0.0000  0.0000  core4_1_DW_mult_tc_J18_5_14
core16_2/core4_5/mult_x_3            920.6820      0.1     920.6820      0.0000  0.0000  core4_1_DW_mult_tc_J18_4_14
core16_2/core4_5/mult_x_4            918.1620      0.1     918.1620      0.0000  0.0000  core4_1_DW_mult_tc_J18_3_14
core16_2/core4_5/mult_x_5            918.0360      0.1     918.0360      0.0000  0.0000  core4_1_DW_mult_tc_J18_2_14
core16_2/core4_5/mult_x_6            918.0360      0.1     918.0360      0.0000  0.0000  core4_1_DW_mult_tc_J18_1_14
core16_2/core4_5/mult_x_7            784.7280      0.1     784.7280      0.0000  0.0000  core4_1_DW_mult_tc_J18_0_14
core16_2/core4_6                    8802.8639      1.4       1.0080    461.6640  0.0000  core4_28
core16_2/core4_6/evalA               666.1620      0.1      20.1600      0.0000  0.0000  Eval_32_28
core16_2/core4_6/evalA/DP_OP_54J17_122_624    173.1240     0.0    173.1240     0.0000 0.0000 Eval_32_28_DP_OP_54J17_122_624_J17_0_0
core16_2/core4_6/evalA/DP_OP_55J17_123_8269    233.4780     0.0    233.4780     0.0000 0.0000 Eval_32_28_DP_OP_55J17_123_8269_J17_0_0
core16_2/core4_6/evalA/DP_OP_56J17_124_614    239.4000     0.0    239.4000     0.0000 0.0000 Eval_32_28_DP_OP_56J17_124_614_J17_0_0
core16_2/core4_6/evalB               424.1160      0.1      13.6080      0.0000  0.0000  Eval_33_28
core16_2/core4_6/evalB/DP_OP_54J20_125_3335    108.8640     0.0    108.8640     0.0000 0.0000 Eval_33_28_DP_OP_54J20_125_3335_J20_0_0
core16_2/core4_6/evalB/DP_OP_55J20_126_8732    146.7900     0.0    146.7900     0.0000 0.0000 Eval_33_28_DP_OP_55J20_126_8732_J20_0_0
core16_2/core4_6/evalB/DP_OP_56J20_127_6811    154.8540     0.0    154.8540     0.0000 0.0000 Eval_33_28_DP_OP_56J20_127_6811_J20_0_0
core16_2/core4_6/interp             2056.4460      0.3       0.7560    235.8720  0.0000  Interpolation_29
core16_2/core4_6/interp/interp      1819.8180      0.3       0.2520      0.0000  0.0000  InterpolationComb_29
core16_2/core4_6/interp/interp/DP_OP_106J27_122_4702   1819.5660     0.3   1819.5660     0.0000 0.0000 InterpolationComb_0_DP_OP_106J27_122_4702_J27_0_12
core16_2/core4_6/mult_x_1            641.9700      0.1     641.9700      0.0000  0.0000  core4_28_DW_mult_uns_J14_3_0
core16_2/core4_6/mult_x_2            774.6480      0.1     774.6480      0.0000  0.0000  core4_28_DW_mult_uns_J14_2_0
core16_2/core4_6/mult_x_3            745.2900      0.1     745.2900      0.0000  0.0000  core4_28_DW_mult_tc_J14_2_0
core16_2/core4_6/mult_x_4            746.6760      0.1     746.6760      0.0000  0.0000  core4_28_DW_mult_tc_J14_1_0
core16_2/core4_6/mult_x_5            825.9300      0.1     825.9300      0.0000  0.0000  core4_28_DW_mult_uns_J14_1_0
core16_2/core4_6/mult_x_6            816.9840      0.1     816.9840      0.0000  0.0000  core4_28_DW_mult_tc_J14_0_0
core16_2/core4_6/mult_x_7            641.9700      0.1     641.9700      0.0000  0.0000  core4_28_DW_mult_uns_J14_0_0
core16_2/evalA                       666.1620      0.1      20.1600      0.0000  0.0000  Eval_32_68
core16_2/evalA/DP_OP_54J14_122_4589    173.1240     0.0    173.1240      0.0000  0.0000  Eval_32_65_DP_OP_54J14_122_4589_J14_0_3
core16_2/evalA/DP_OP_55J14_123_1041    233.4780     0.0    233.4780      0.0000  0.0000  Eval_32_65_DP_OP_55J14_123_1041_J14_0_3
core16_2/evalA/DP_OP_56J14_124_6512    239.4000     0.0    239.4000      0.0000  0.0000  Eval_32_65_DP_OP_56J14_124_6512_J14_0_3
core16_2/evalA_1                     666.0360      0.1      19.9080      0.0000  0.0000  Eval_32_67
core16_2/evalA_1/DP_OP_54J14_122_4589    173.1240     0.0    173.1240     0.0000 0.0000  Eval_32_65_DP_OP_54J14_122_4589_J14_0_2
core16_2/evalA_1/DP_OP_55J14_123_1041    233.4780     0.0    233.4780     0.0000 0.0000  Eval_32_65_DP_OP_55J14_123_1041_J14_0_2
core16_2/evalA_1/DP_OP_56J14_124_6512    239.5260     0.0    239.5260     0.0000 0.0000  Eval_32_65_DP_OP_56J14_124_6512_J14_0_2
core16_2/evalA_2                     666.0360      0.1      19.9080      0.0000  0.0000  Eval_32_66
core16_2/evalA_2/DP_OP_54J14_122_4589    173.1240     0.0    173.1240     0.0000 0.0000  Eval_32_65_DP_OP_54J14_122_4589_J14_0_1
core16_2/evalA_2/DP_OP_55J14_123_1041    233.4780     0.0    233.4780     0.0000 0.0000  Eval_32_65_DP_OP_55J14_123_1041_J14_0_1
core16_2/evalA_2/DP_OP_56J14_124_6512    239.5260     0.0    239.5260     0.0000 0.0000  Eval_32_65_DP_OP_56J14_124_6512_J14_0_1
core16_2/evalA_3                     666.1620      0.1      20.1600      0.0000  0.0000  Eval_32_65
core16_2/evalA_3/DP_OP_54J14_122_4589    173.1240     0.0    173.1240     0.0000 0.0000  Eval_32_65_DP_OP_54J14_122_4589_J14_0_0
core16_2/evalA_3/DP_OP_55J14_123_1041    233.4780     0.0    233.4780     0.0000 0.0000  Eval_32_65_DP_OP_55J14_123_1041_J14_0_0
core16_2/evalA_3/DP_OP_56J14_124_6512    239.4000     0.0    239.4000     0.0000 0.0000  Eval_32_65_DP_OP_56J14_124_6512_J14_0_0
core16_2/evalB                       423.8640      0.1      13.6080      0.0000  0.0000  Eval_33_68
core16_2/evalB/DP_OP_54J21_125_7300    110.1240     0.0    110.1240      0.0000  0.0000  Eval_33_65_DP_OP_54J21_125_7300_J21_0_3
core16_2/evalB/DP_OP_55J21_126_1408    146.7900     0.0    146.7900      0.0000  0.0000  Eval_33_65_DP_OP_55J21_126_1408_J21_0_3
core16_2/evalB/DP_OP_56J21_127_2646    153.3420     0.0    153.3420      0.0000  0.0000  Eval_33_65_DP_OP_56J21_127_2646_J21_0_3
core16_2/evalB_1                     422.8560      0.1      12.3480      0.0000  0.0000  Eval_33_67
core16_2/evalB_1/DP_OP_54J21_125_7300    108.8640     0.0    108.8640     0.0000 0.0000  Eval_33_65_DP_OP_54J21_125_7300_J21_0_2
core16_2/evalB_1/DP_OP_55J21_126_1408    149.3100     0.0    149.3100     0.0000 0.0000  Eval_33_65_DP_OP_55J21_126_1408_J21_0_2
core16_2/evalB_1/DP_OP_56J21_127_2646    152.3340     0.0    152.3340     0.0000 0.0000  Eval_33_65_DP_OP_56J21_127_2646_J21_0_2
core16_2/evalB_2                     421.0920      0.1      12.3480      0.0000  0.0000  Eval_33_66
core16_2/evalB_2/DP_OP_54J21_125_7300    108.8640     0.0    108.8640     0.0000 0.0000  Eval_33_65_DP_OP_54J21_125_7300_J21_0_1
core16_2/evalB_2/DP_OP_55J21_126_1408    146.7900     0.0    146.7900     0.0000 0.0000  Eval_33_65_DP_OP_55J21_126_1408_J21_0_1
core16_2/evalB_2/DP_OP_56J21_127_2646    153.0900     0.0    153.0900     0.0000 0.0000  Eval_33_65_DP_OP_56J21_127_2646_J21_0_1
core16_2/evalB_3                     426.3840      0.1      13.6080      0.0000  0.0000  Eval_33_65
core16_2/evalB_3/DP_OP_54J21_125_7300    110.1240     0.0    110.1240     0.0000 0.0000  Eval_33_65_DP_OP_54J21_125_7300_J21_0_0
core16_2/evalB_3/DP_OP_55J21_126_1408    149.9400     0.0    149.9400     0.0000 0.0000  Eval_33_65_DP_OP_55J21_126_1408_J21_0_0
core16_2/evalB_3/DP_OP_56J21_127_2646    152.7120     0.0    152.7120     0.0000 0.0000  Eval_33_65_DP_OP_56J21_127_2646_J21_0_0
core16_2/interp                     8083.0259      1.3       0.7560    872.9280  0.0000  Interpolation_7_4
core16_2/interp/interp              7209.3419      1.1       0.2520      0.0000  0.0000  InterpolationComb_7_4
core16_2/interp/interp/DP_OP_421J11_122_5430   7209.0899     1.1   7209.0899     0.0000 0.0000 InterpolationComb_7_1_DP_OP_421J11_122_5430_J11_0_3
core16_3                           86815.7629     13.8       2.0160   1671.2640  0.0000  core16_3
core16_3/core4_0                    9889.6139      1.6       0.7560    461.5380  0.0000  core4_27
core16_3/core4_0/evalA               780.1920      0.1      24.8220      0.0000  0.0000  Eval_32_27
core16_3/core4_0/evalA/DP_OP_53J27_123_8507    196.9380     0.0    196.9380     0.0000 0.0000 Eval_32_1_DP_OP_53J27_123_8507_J27_0_21
core16_3/core4_0/evalA/DP_OP_54J27_124_3738    285.8940     0.0    285.8940     0.0000 0.0000 Eval_32_1_DP_OP_54J27_124_3738_J27_0_21
core16_3/core4_0/evalA/DP_OP_55J27_125_1305    272.5380     0.0    272.5380     0.0000 0.0000 Eval_32_1_DP_OP_55J27_125_1305_J27_0_21
core16_3/core4_0/evalB               646.2540      0.1      21.1680      0.0000  0.0000  Eval_33_27
core16_3/core4_0/evalB/DP_OP_53J24_122_9164    164.6820     0.0    164.6820     0.0000 0.0000 Eval_33_1_DP_OP_53J24_122_9164_J24_0_19
core16_3/core4_0/evalB/DP_OP_54J24_123_1920    235.4940     0.0    235.4940     0.0000 0.0000 Eval_33_1_DP_OP_54J24_123_1920_J24_0_19
core16_3/core4_0/evalB/DP_OP_55J24_124_2354    224.9100     0.0    224.9100     0.0000 0.0000 Eval_33_1_DP_OP_55J24_124_2354_J24_0_19
core16_3/core4_0/interp             2056.4460      0.3       0.7560    235.8720  0.0000  Interpolation_28
core16_3/core4_0/interp/interp      1819.8180      0.3       0.2520      0.0000  0.0000  InterpolationComb_28
core16_3/core4_0/interp/interp/DP_OP_106J27_122_4702   1819.5660     0.3   1819.5660     0.0000 0.0000 InterpolationComb_0_DP_OP_106J27_122_4702_J27_0_11
core16_3/core4_0/mult_x_1            696.6540      0.1     696.6540      0.0000  0.0000  core4_7_DW_mult_tc_J20_6_5
core16_3/core4_0/mult_x_2            875.9520      0.1     875.9520      0.0000  0.0000  core4_7_DW_mult_tc_J20_5_5
core16_3/core4_0/mult_x_3            917.9100      0.1     917.9100      0.0000  0.0000  core4_7_DW_mult_tc_J20_4_5
core16_3/core4_0/mult_x_4            919.4220      0.1     919.4220      0.0000  0.0000  core4_7_DW_mult_tc_J20_3_5
core16_3/core4_0/mult_x_5            919.6740      0.1     919.6740      0.0000  0.0000  core4_7_DW_mult_tc_J20_2_5
core16_3/core4_0/mult_x_6            918.1620      0.1     918.1620      0.0000  0.0000  core4_7_DW_mult_tc_J20_1_5
core16_3/core4_0/mult_x_7            696.6540      0.1     696.6540      0.0000  0.0000  core4_7_DW_mult_tc_J20_0_5
core16_3/core4_1                   10242.6659      1.6       0.7560    461.2860  0.0000  core4_26
core16_3/core4_1/evalA               782.5860      0.1      27.2160      0.0000  0.0000  Eval_32_26
core16_3/core4_1/evalA/DP_OP_53J27_123_8507    196.9380     0.0    196.9380     0.0000 0.0000 Eval_32_1_DP_OP_53J27_123_8507_J27_0_20
core16_3/core4_1/evalA/DP_OP_54J27_124_3738    285.8940     0.0    285.8940     0.0000 0.0000 Eval_32_1_DP_OP_54J27_124_3738_J27_0_20
core16_3/core4_1/evalA/DP_OP_55J27_125_1305    272.5380     0.0    272.5380     0.0000 0.0000 Eval_32_1_DP_OP_55J27_125_1305_J27_0_20
core16_3/core4_1/evalB               633.9060      0.1      21.6720      0.0000  0.0000  Eval_33_26
core16_3/core4_1/evalB/DP_OP_53J24_122_9164    158.3820     0.0    158.3820     0.0000 0.0000 Eval_33_1_DP_OP_53J24_122_9164_J24_0_18
core16_3/core4_1/evalB/DP_OP_54J24_123_1920    234.1080     0.0    234.1080     0.0000 0.0000 Eval_33_1_DP_OP_54J24_123_1920_J24_0_18
core16_3/core4_1/evalB/DP_OP_55J24_124_2354    219.7440     0.0    219.7440     0.0000 0.0000 Eval_33_1_DP_OP_55J24_124_2354_J24_0_18
core16_3/core4_1/interp             2055.4380      0.3       0.7560    235.8720  0.0000  Interpolation_27
core16_3/core4_1/interp/interp      1818.8100      0.3       0.2520      0.0000  0.0000  InterpolationComb_27
core16_3/core4_1/interp/interp/DP_OP_106J27_122_4702   1818.5580     0.3   1818.5580     0.0000 0.0000 InterpolationComb_0_DP_OP_106J27_122_4702_J27_0_10
core16_3/core4_1/mult_x_1            875.8260      0.1     875.8260      0.0000  0.0000  core4_7_DW_mult_tc_J20_6_4
core16_3/core4_1/mult_x_2            876.0780      0.1     876.0780      0.0000  0.0000  core4_7_DW_mult_tc_J20_5_4
core16_3/core4_1/mult_x_3            920.3040      0.1     920.3040      0.0000  0.0000  core4_7_DW_mult_tc_J20_4_4
core16_3/core4_1/mult_x_4            918.9180      0.1     918.9180      0.0000  0.0000  core4_7_DW_mult_tc_J20_3_4
core16_3/core4_1/mult_x_5            918.2880      0.1     918.2880      0.0000  0.0000  core4_7_DW_mult_tc_J20_2_4
core16_3/core4_1/mult_x_6            919.4220      0.1     919.4220      0.0000  0.0000  core4_7_DW_mult_tc_J20_1_4
core16_3/core4_1/mult_x_7            879.8580      0.1     879.8580      0.0000  0.0000  core4_7_DW_mult_tc_J20_0_4
core16_3/core4_2                   10342.3319      1.6       0.7560    461.4120  0.0000  core4_25
core16_3/core4_2/evalA               782.8380      0.1      27.4680      0.0000  0.0000  Eval_32_25
core16_3/core4_2/evalA/DP_OP_53J27_123_8507    196.9380     0.0    196.9380     0.0000 0.0000 Eval_32_1_DP_OP_53J27_123_8507_J27_0_19
core16_3/core4_2/evalA/DP_OP_54J27_124_3738    285.8940     0.0    285.8940     0.0000 0.0000 Eval_32_1_DP_OP_54J27_124_3738_J27_0_19
core16_3/core4_2/evalA/DP_OP_55J27_125_1305    272.5380     0.0    272.5380     0.0000 0.0000 Eval_32_1_DP_OP_55J27_125_1305_J27_0_19
core16_3/core4_2/evalB               638.3160      0.1      21.6720      0.0000  0.0000  Eval_33_25
core16_3/core4_2/evalB/DP_OP_53J24_122_9164    161.0280     0.0    161.0280     0.0000 0.0000 Eval_33_1_DP_OP_53J24_122_9164_J24_0_17
core16_3/core4_2/evalB/DP_OP_54J24_123_1920    234.4860     0.0    234.4860     0.0000 0.0000 Eval_33_1_DP_OP_54J24_123_1920_J24_0_17
core16_3/core4_2/evalB/DP_OP_55J24_124_2354    221.1300     0.0    221.1300     0.0000 0.0000 Eval_33_1_DP_OP_55J24_124_2354_J24_0_17
core16_3/core4_2/interp             2150.4420      0.3       0.7560    243.9360  0.0000  Interpolation_26
core16_3/core4_2/interp/interp      1905.7500      0.3       0.2520      0.0000  0.0000  InterpolationComb_26
core16_3/core4_2/interp/interp/DP_OP_106J26_122_5351   1905.4980     0.3   1905.4980     0.0000 0.0000 InterpolationComb_1_DP_OP_106J26_122_5351_J26_0_15
core16_3/core4_2/mult_x_1            875.8260      0.1     875.8260      0.0000  0.0000  core4_1_DW_mult_tc_J18_6_13
core16_3/core4_2/mult_x_2            876.9600      0.1     876.9600      0.0000  0.0000  core4_1_DW_mult_tc_J18_5_13
core16_3/core4_2/mult_x_3            918.6660      0.1     918.6660      0.0000  0.0000  core4_1_DW_mult_tc_J18_4_13
core16_3/core4_2/mult_x_4            920.4300      0.1     920.4300      0.0000  0.0000  core4_1_DW_mult_tc_J18_3_13
core16_3/core4_2/mult_x_5            919.8000      0.1     919.8000      0.0000  0.0000  core4_1_DW_mult_tc_J18_2_13
core16_3/core4_2/mult_x_6            918.5400      0.1     918.5400      0.0000  0.0000  core4_1_DW_mult_tc_J18_1_13
core16_3/core4_2/mult_x_7            878.3460      0.1     878.3460      0.0000  0.0000  core4_1_DW_mult_tc_J18_0_13
core16_3/core4_3                   10338.0479      1.6       0.7560    461.2860  0.0000  core4_24
core16_3/core4_3/evalA               782.5860      0.1      27.2160      0.0000  0.0000  Eval_32_24
core16_3/core4_3/evalA/DP_OP_53J27_123_8507    196.9380     0.0    196.9380     0.0000 0.0000 Eval_32_1_DP_OP_53J27_123_8507_J27_0_18
core16_3/core4_3/evalA/DP_OP_54J27_124_3738    285.8940     0.0    285.8940     0.0000 0.0000 Eval_32_1_DP_OP_54J27_124_3738_J27_0_18
core16_3/core4_3/evalA/DP_OP_55J27_125_1305    272.5380     0.0    272.5380     0.0000 0.0000 Eval_32_1_DP_OP_55J27_125_1305_J27_0_18
core16_3/core4_3/evalB               634.0320      0.1      21.4200      0.0000  0.0000  Eval_33_24
core16_3/core4_3/evalB/DP_OP_53J24_122_9164    158.3820     0.0    158.3820     0.0000 0.0000 Eval_33_1_DP_OP_53J24_122_9164_J24_0_16
core16_3/core4_3/evalB/DP_OP_54J24_123_1920    233.6040     0.0    233.6040     0.0000 0.0000 Eval_33_1_DP_OP_54J24_123_1920_J24_0_16
core16_3/core4_3/evalB/DP_OP_55J24_124_2354    220.6260     0.0    220.6260     0.0000 0.0000 Eval_33_1_DP_OP_55J24_124_2354_J24_0_16
core16_3/core4_3/interp             2150.4420      0.3       0.7560    243.9360  0.0000  Interpolation_25
core16_3/core4_3/interp/interp      1905.7500      0.3       0.2520      0.0000  0.0000  InterpolationComb_25
core16_3/core4_3/interp/interp/DP_OP_106J26_122_5351   1905.4980     0.3   1905.4980     0.0000 0.0000 InterpolationComb_1_DP_OP_106J26_122_5351_J26_0_14
core16_3/core4_3/mult_x_1            875.8260      0.1     875.8260      0.0000  0.0000  core4_1_DW_mult_tc_J18_6_12
core16_3/core4_3/mult_x_2            875.8260      0.1     875.8260      0.0000  0.0000  core4_1_DW_mult_tc_J18_5_12
core16_3/core4_3/mult_x_3            919.9260      0.1     919.9260      0.0000  0.0000  core4_1_DW_mult_tc_J18_4_12
core16_3/core4_3/mult_x_4            919.2960      0.1     919.2960      0.0000  0.0000  core4_1_DW_mult_tc_J18_3_12
core16_3/core4_3/mult_x_5            919.9260      0.1     919.9260      0.0000  0.0000  core4_1_DW_mult_tc_J18_2_12
core16_3/core4_3/mult_x_6            919.8000      0.1     919.8000      0.0000  0.0000  core4_1_DW_mult_tc_J18_1_12
core16_3/core4_3/mult_x_7            878.3460      0.1     878.3460      0.0000  0.0000  core4_1_DW_mult_tc_J18_0_12
core16_3/core4_4                   10347.3719      1.6       0.7560    461.0340  0.0000  core4_23
core16_3/core4_4/evalA               782.5860      0.1      27.2160      0.0000  0.0000  Eval_32_23
core16_3/core4_4/evalA/DP_OP_53J27_123_8507    196.9380     0.0    196.9380     0.0000 0.0000 Eval_32_1_DP_OP_53J27_123_8507_J27_0_17
core16_3/core4_4/evalA/DP_OP_54J27_124_3738    285.8940     0.0    285.8940     0.0000 0.0000 Eval_32_1_DP_OP_54J27_124_3738_J27_0_17
core16_3/core4_4/evalA/DP_OP_55J27_125_1305    272.5380     0.0    272.5380     0.0000 0.0000 Eval_32_1_DP_OP_55J27_125_1305_J27_0_17
core16_3/core4_4/evalB               637.5600      0.1      21.6720      0.0000  0.0000  Eval_33_23
core16_3/core4_4/evalB/DP_OP_53J24_122_9164    158.5080     0.0    158.5080     0.0000 0.0000 Eval_33_1_DP_OP_53J24_122_9164_J24_0_15
core16_3/core4_4/evalB/DP_OP_54J24_123_1920    234.6120     0.0    234.6120     0.0000 0.0000 Eval_33_1_DP_OP_54J24_123_1920_J24_0_15
core16_3/core4_4/evalB/DP_OP_55J24_124_2354    222.7680     0.0    222.7680     0.0000 0.0000 Eval_33_1_DP_OP_55J24_124_2354_J24_0_15
core16_3/core4_4/interp             2150.4420      0.3       0.7560    243.9360  0.0000  Interpolation_24
core16_3/core4_4/interp/interp      1905.7500      0.3       0.2520      0.0000  0.0000  InterpolationComb_24
core16_3/core4_4/interp/interp/DP_OP_106J26_122_5351   1905.4980     0.3   1905.4980     0.0000 0.0000 InterpolationComb_1_DP_OP_106J26_122_5351_J26_0_13
core16_3/core4_4/mult_x_1            878.3460      0.1     878.3460      0.0000  0.0000  core4_1_DW_mult_tc_J18_6_11
core16_3/core4_4/mult_x_2            878.4720      0.1     878.4720      0.0000  0.0000  core4_1_DW_mult_tc_J18_5_11
core16_3/core4_4/mult_x_3            919.9260      0.1     919.9260      0.0000  0.0000  core4_1_DW_mult_tc_J18_4_11
core16_3/core4_4/mult_x_4            919.5480      0.1     919.5480      0.0000  0.0000  core4_1_DW_mult_tc_J18_3_11
core16_3/core4_4/mult_x_5            919.6740      0.1     919.6740      0.0000  0.0000  core4_1_DW_mult_tc_J18_2_11
core16_3/core4_4/mult_x_6            919.1700      0.1     919.1700      0.0000  0.0000  core4_1_DW_mult_tc_J18_1_11
core16_3/core4_4/mult_x_7            879.8580      0.1     879.8580      0.0000  0.0000  core4_1_DW_mult_tc_J18_0_11
core16_3/core4_5                   10345.2299      1.6       0.7560    461.0340  0.0000  core4_22
core16_3/core4_5/evalA               782.5860      0.1      27.2160      0.0000  0.0000  Eval_32_22
core16_3/core4_5/evalA/DP_OP_53J27_123_8507    196.9380     0.0    196.9380     0.0000 0.0000 Eval_32_1_DP_OP_53J27_123_8507_J27_0_16
core16_3/core4_5/evalA/DP_OP_54J27_124_3738    285.8940     0.0    285.8940     0.0000 0.0000 Eval_32_1_DP_OP_54J27_124_3738_J27_0_16
core16_3/core4_5/evalA/DP_OP_55J27_125_1305    272.5380     0.0    272.5380     0.0000 0.0000 Eval_32_1_DP_OP_55J27_125_1305_J27_0_16
core16_3/core4_5/evalB               636.4260      0.1      21.5460      0.0000  0.0000  Eval_33_22
core16_3/core4_5/evalB/DP_OP_53J24_122_9164    158.3820     0.0    158.3820     0.0000 0.0000 Eval_33_1_DP_OP_53J24_122_9164_J24_0_14
core16_3/core4_5/evalB/DP_OP_54J24_123_1920    233.1000     0.0    233.1000     0.0000 0.0000 Eval_33_1_DP_OP_54J24_123_1920_J24_0_14
core16_3/core4_5/evalB/DP_OP_55J24_124_2354    223.3980     0.0    223.3980     0.0000 0.0000 Eval_33_1_DP_OP_55J24_124_2354_J24_0_14
core16_3/core4_5/interp             2150.4420      0.3       0.7560    243.9360  0.0000  Interpolation_23
core16_3/core4_5/interp/interp      1905.7500      0.3       0.2520      0.0000  0.0000  InterpolationComb_23
core16_3/core4_5/interp/interp/DP_OP_106J26_122_5351   1905.4980     0.3   1905.4980     0.0000 0.0000 InterpolationComb_1_DP_OP_106J26_122_5351_J26_0_12
core16_3/core4_5/mult_x_1            875.8260      0.1     875.8260      0.0000  0.0000  core4_1_DW_mult_tc_J18_6_10
core16_3/core4_5/mult_x_2            876.0780      0.1     876.0780      0.0000  0.0000  core4_1_DW_mult_tc_J18_5_10
core16_3/core4_5/mult_x_3            920.5560      0.1     920.5560      0.0000  0.0000  core4_1_DW_mult_tc_J18_4_10
core16_3/core4_5/mult_x_4            919.9260      0.1     919.9260      0.0000  0.0000  core4_1_DW_mult_tc_J18_3_10
core16_3/core4_5/mult_x_5            921.8160      0.1     921.8160      0.0000  0.0000  core4_1_DW_mult_tc_J18_2_10
core16_3/core4_5/mult_x_6            918.9180      0.1     918.9180      0.0000  0.0000  core4_1_DW_mult_tc_J18_1_10
core16_3/core4_5/mult_x_7            880.8660      0.1     880.8660      0.0000  0.0000  core4_1_DW_mult_tc_J18_0_10
core16_3/core4_6                    9879.9119      1.6       0.7560    461.5380  0.0000  core4_21
core16_3/core4_6/evalA               780.0660      0.1      24.6960      0.0000  0.0000  Eval_32_21
core16_3/core4_6/evalA/DP_OP_53J27_123_8507    196.9380     0.0    196.9380     0.0000 0.0000 Eval_32_1_DP_OP_53J27_123_8507_J27_0_15
core16_3/core4_6/evalA/DP_OP_54J27_124_3738    285.8940     0.0    285.8940     0.0000 0.0000 Eval_32_1_DP_OP_54J27_124_3738_J27_0_15
core16_3/core4_6/evalA/DP_OP_55J27_125_1305    272.5380     0.0    272.5380     0.0000 0.0000 Eval_32_1_DP_OP_55J27_125_1305_J27_0_15
core16_3/core4_6/evalB               637.4340      0.1      21.2940      0.0000  0.0000  Eval_33_21
core16_3/core4_6/evalB/DP_OP_53J24_122_9164    160.9020     0.0    160.9020     0.0000 0.0000 Eval_33_1_DP_OP_53J24_122_9164_J24_0_13
core16_3/core4_6/evalB/DP_OP_54J24_123_1920    233.6040     0.0    233.6040     0.0000 0.0000 Eval_33_1_DP_OP_54J24_123_1920_J24_0_13
core16_3/core4_6/evalB/DP_OP_55J24_124_2354    221.6340     0.0    221.6340     0.0000 0.0000 Eval_33_1_DP_OP_55J24_124_2354_J24_0_13
core16_3/core4_6/interp             2056.4460      0.3       0.7560    235.8720  0.0000  Interpolation_22
core16_3/core4_6/interp/interp      1819.8180      0.3       0.2520      0.0000  0.0000  InterpolationComb_22
core16_3/core4_6/interp/interp/DP_OP_106J27_122_4702   1819.5660     0.3   1819.5660     0.0000 0.0000 InterpolationComb_0_DP_OP_106J27_122_4702_J27_0_9
core16_3/core4_6/mult_x_1            696.0240      0.1     696.0240      0.0000  0.0000  core4_7_DW_mult_tc_J20_6_3
core16_3/core4_6/mult_x_2            875.9520      0.1     875.9520      0.0000  0.0000  core4_7_DW_mult_tc_J20_5_3
core16_3/core4_6/mult_x_3            919.5480      0.1     919.5480      0.0000  0.0000  core4_7_DW_mult_tc_J20_4_3
core16_3/core4_6/mult_x_4            917.9100      0.1     917.9100      0.0000  0.0000  core4_7_DW_mult_tc_J20_3_3
core16_3/core4_6/mult_x_5            918.0360      0.1     918.0360      0.0000  0.0000  core4_7_DW_mult_tc_J20_2_3
core16_3/core4_6/mult_x_6            920.1780      0.1     920.1780      0.0000  0.0000  core4_7_DW_mult_tc_J20_1_3
core16_3/core4_6/mult_x_7            696.0240      0.1     696.0240      0.0000  0.0000  core4_7_DW_mult_tc_J20_0_3
core16_3/evalA                       778.0500      0.1      22.6800      0.0000  0.0000  Eval_32_64
core16_3/evalA/DP_OP_53J27_123_8507    196.9380     0.0    196.9380      0.0000  0.0000  Eval_32_1_DP_OP_53J27_123_8507_J27_0_40
core16_3/evalA/DP_OP_54J27_124_3738    285.8940     0.0    285.8940      0.0000  0.0000  Eval_32_1_DP_OP_54J27_124_3738_J27_0_40
core16_3/evalA/DP_OP_55J27_125_1305    272.5380     0.0    272.5380      0.0000  0.0000  Eval_32_1_DP_OP_55J27_125_1305_J27_0_40
core16_3/evalA_1                     780.1920      0.1      24.6960      0.0000  0.0000  Eval_32_63
core16_3/evalA_1/DP_OP_53J27_123_8507    196.9380     0.0    196.9380     0.0000 0.0000  Eval_32_1_DP_OP_53J27_123_8507_J27_0_39
core16_3/evalA_1/DP_OP_54J27_124_3738    285.8940     0.0    285.8940     0.0000 0.0000  Eval_32_1_DP_OP_54J27_124_3738_J27_0_39
core16_3/evalA_1/DP_OP_55J27_125_1305    272.6640     0.0    272.6640     0.0000 0.0000  Eval_32_1_DP_OP_55J27_125_1305_J27_0_39
core16_3/evalA_2                     780.1920      0.1      24.6960      0.0000  0.0000  Eval_32_62
core16_3/evalA_2/DP_OP_53J27_123_8507    196.9380     0.0    196.9380     0.0000 0.0000  Eval_32_1_DP_OP_53J27_123_8507_J27_0_38
core16_3/evalA_2/DP_OP_54J27_124_3738    285.8940     0.0    285.8940     0.0000 0.0000  Eval_32_1_DP_OP_54J27_124_3738_J27_0_38
core16_3/evalA_2/DP_OP_55J27_125_1305    272.6640     0.0    272.6640     0.0000 0.0000  Eval_32_1_DP_OP_55J27_125_1305_J27_0_38
core16_3/evalA_3                     778.1760      0.1      22.8060      0.0000  0.0000  Eval_32_61
core16_3/evalA_3/DP_OP_53J27_123_8507    196.9380     0.0    196.9380     0.0000 0.0000  Eval_32_1_DP_OP_53J27_123_8507_J27_0_37
core16_3/evalA_3/DP_OP_54J27_124_3738    285.8940     0.0    285.8940     0.0000 0.0000  Eval_32_1_DP_OP_54J27_124_3738_J27_0_37
core16_3/evalA_3/DP_OP_55J27_125_1305    272.5380     0.0    272.5380     0.0000 0.0000  Eval_32_1_DP_OP_55J27_125_1305_J27_0_37
core16_3/evalB                       642.2220      0.1      19.9080      0.0000  0.0000  Eval_33_64
core16_3/evalB/DP_OP_53J24_122_9164    163.4220     0.0    163.4220      0.0000  0.0000  Eval_33_1_DP_OP_53J24_122_9164_J24_0_36
core16_3/evalB/DP_OP_54J24_123_1920    235.8720     0.0    235.8720      0.0000  0.0000  Eval_33_1_DP_OP_54J24_123_1920_J24_0_36
core16_3/evalB/DP_OP_55J24_124_2354    223.0200     0.0    223.0200      0.0000  0.0000  Eval_33_1_DP_OP_55J24_124_2354_J24_0_36
core16_3/evalB_1                     643.7340      0.1      19.1520      0.0000  0.0000  Eval_33_63
core16_3/evalB_1/DP_OP_53J24_122_9164    159.8940     0.0    159.8940     0.0000 0.0000  Eval_33_1_DP_OP_53J24_122_9164_J24_0_35
core16_3/evalB_1/DP_OP_54J24_123_1920    239.6520     0.0    239.6520     0.0000 0.0000  Eval_33_1_DP_OP_54J24_123_1920_J24_0_35
core16_3/evalB_1/DP_OP_55J24_124_2354    225.0360     0.0    225.0360     0.0000 0.0000  Eval_33_1_DP_OP_55J24_124_2354_J24_0_35
core16_3/evalB_2                     635.5440      0.1      19.1520      0.0000  0.0000  Eval_33_62
core16_3/evalB_2/DP_OP_53J24_122_9164    159.8940     0.0    159.8940     0.0000 0.0000  Eval_33_1_DP_OP_53J24_122_9164_J24_0_34
core16_3/evalB_2/DP_OP_54J24_123_1920    234.4860     0.0    234.4860     0.0000 0.0000  Eval_33_1_DP_OP_54J24_123_1920_J24_0_34
core16_3/evalB_2/DP_OP_55J24_124_2354    222.0120     0.0    222.0120     0.0000 0.0000  Eval_33_1_DP_OP_55J24_124_2354_J24_0_34
core16_3/evalB_3                     636.1740      0.1      20.4120      0.0000  0.0000  Eval_33_61
core16_3/evalB_3/DP_OP_53J24_122_9164    159.6420     0.0    159.6420     0.0000 0.0000  Eval_33_1_DP_OP_53J24_122_9164_J24_0_33
core16_3/evalB_3/DP_OP_54J24_123_1920    233.8560     0.0    233.8560     0.0000 0.0000  Eval_33_1_DP_OP_54J24_123_1920_J24_0_33
core16_3/evalB_3/DP_OP_55J24_124_2354    222.2640     0.0    222.2640     0.0000 0.0000  Eval_33_1_DP_OP_55J24_124_2354_J24_0_33
core16_3/interp                     8083.0259      1.3       0.7560    872.9280  0.0000  Interpolation_7_3
core16_3/interp/interp              7209.3419      1.1       0.2520      0.0000  0.0000  InterpolationComb_7_3
core16_3/interp/interp/DP_OP_421J11_122_5430   7209.0899     1.1   7209.0899     0.0000 0.0000 InterpolationComb_7_1_DP_OP_421J11_122_5430_J11_0_2
core16_4                           84194.4589     13.4       2.0160   1671.2640  0.0000  core16_2
core16_4/core4_0                    9441.6839      1.5       1.0080    461.4120  0.0000  core4_20
core16_4/core4_0/evalA               735.7140      0.1      22.5540      0.0000  0.0000  Eval_32_20
core16_4/core4_0/evalA/DP_OP_54J15_122_8893    190.3860     0.0    190.3860     0.0000 0.0000 Eval_32_2_DP_OP_54J15_122_8893_J15_0_2
core16_4/core4_0/evalA/DP_OP_55J15_123_92    258.8040     0.0    258.8040     0.0000 0.0000 Eval_32_2_DP_OP_55J15_123_92_J15_0_2
core16_4/core4_0/evalA/DP_OP_56J15_124_3580    263.9700     0.0    263.9700     0.0000 0.0000 Eval_32_2_DP_OP_56J15_124_3580_J15_0_2
core16_4/core4_0/evalB               495.6840      0.1      16.1280      0.0000  0.0000  Eval_33_20
core16_4/core4_0/evalB/DP_OP_54J27_129_6062    128.1420     0.0    128.1420     0.0000 0.0000 Eval_33_2_DP_OP_54J27_129_6062_J27_0_2
core16_4/core4_0/evalB/DP_OP_55J27_130_8970    172.7460     0.0    172.7460     0.0000 0.0000 Eval_33_2_DP_OP_55J27_130_8970_J27_0_2
core16_4/core4_0/evalB/DP_OP_56J27_131_2491    178.6680     0.0    178.6680     0.0000 0.0000 Eval_33_2_DP_OP_56J27_131_2491_J27_0_2
core16_4/core4_0/interp             2056.4460      0.3       0.7560    235.8720  0.0000  Interpolation_21
core16_4/core4_0/interp/interp      1819.8180      0.3       0.2520      0.0000  0.0000  InterpolationComb_21
core16_4/core4_0/interp/interp/DP_OP_106J27_122_4702   1819.5660     0.3   1819.5660     0.0000 0.0000 InterpolationComb_0_DP_OP_106J27_122_4702_J27_0_8
core16_4/core4_0/mult_x_1            730.1700      0.1     730.1700      0.0000  0.0000  core4_14_DW_mult_uns_J25_3_1
core16_4/core4_0/mult_x_2            828.9540      0.1     828.9540      0.0000  0.0000  core4_14_DW_mult_uns_J25_2_1
core16_4/core4_0/mult_x_3            831.8520      0.1     831.8520      0.0000  0.0000  core4_14_DW_mult_tc_J25_2_1
core16_4/core4_0/mult_x_4            817.3620      0.1     817.3620      0.0000  0.0000  core4_14_DW_mult_tc_J25_1_1
core16_4/core4_0/mult_x_5            879.8580      0.1     879.8580      0.0000  0.0000  core4_14_DW_mult_uns_J25_1_1
core16_4/core4_0/mult_x_6            873.0540      0.1     873.0540      0.0000  0.0000  core4_14_DW_mult_tc_J25_0_1
core16_4/core4_0/mult_x_7            730.1700      0.1     730.1700      0.0000  0.0000  core4_14_DW_mult_uns_J25_0_1
core16_4/core4_1                   10122.7139      1.6       1.0080    461.2860  0.0000  core4_19
core16_4/core4_1/evalA               780.8220      0.1      25.4520      0.0000  0.0000  Eval_32_19
core16_4/core4_1/evalA/DP_OP_53J27_123_8507    196.9380     0.0    196.9380     0.0000 0.0000 Eval_32_1_DP_OP_53J27_123_8507_J27_0_14
core16_4/core4_1/evalA/DP_OP_54J27_124_3738    285.8940     0.0    285.8940     0.0000 0.0000 Eval_32_1_DP_OP_54J27_124_3738_J27_0_14
core16_4/core4_1/evalA/DP_OP_55J27_125_1305    272.5380     0.0    272.5380     0.0000 0.0000 Eval_32_1_DP_OP_55J27_125_1305_J27_0_14
core16_4/core4_1/evalB               606.3120      0.1      19.1520      0.0000  0.0000  Eval_33_19
core16_4/core4_1/evalB/DP_OP_54J22_122_1996    154.0980     0.0    154.0980     0.0000 0.0000 Eval_33_19_DP_OP_54J22_122_1996_J22_0_0
core16_4/core4_1/evalB/DP_OP_55J22_123_2434    218.4840     0.0    218.4840     0.0000 0.0000 Eval_33_19_DP_OP_55J22_123_2434_J22_0_0
core16_4/core4_1/evalB/DP_OP_56J22_124_4531    214.5780     0.0    214.5780     0.0000 0.0000 Eval_33_19_DP_OP_56J22_124_4531_J22_0_0
core16_4/core4_1/interp             2056.4460      0.3       0.7560    235.8720  0.0000  Interpolation_20
core16_4/core4_1/interp/interp      1819.8180      0.3       0.2520      0.0000  0.0000  InterpolationComb_20
core16_4/core4_1/interp/interp/DP_OP_106J27_122_4702   1819.5660     0.3   1819.5660     0.0000 0.0000 InterpolationComb_0_DP_OP_106J27_122_4702_J27_0_7
core16_4/core4_1/mult_x_1            828.9540      0.1     828.9540      0.0000  0.0000  core4_19_DW_mult_uns_J23_1
core16_4/core4_1/mult_x_2            879.7320      0.1     879.7320      0.0000  0.0000  core4_19_DW_mult_tc_J23_4
core16_4/core4_1/mult_x_3            919.9260      0.1     919.9260      0.0000  0.0000  core4_19_DW_mult_tc_J23_3
core16_4/core4_1/mult_x_4            920.3040      0.1     920.3040      0.0000  0.0000  core4_19_DW_mult_tc_J23_2
core16_4/core4_1/mult_x_5            919.1700      0.1     919.1700      0.0000  0.0000  core4_19_DW_mult_tc_J23_1
core16_4/core4_1/mult_x_6            919.8000      0.1     919.8000      0.0000  0.0000  core4_19_DW_mult_tc_J23_0
core16_4/core4_1/mult_x_7            828.9540      0.1     828.9540      0.0000  0.0000  core4_19_DW_mult_uns_J23_0
core16_4/core4_2                    9870.5879      1.6       1.0080    461.4120  0.0000  core4_18
core16_4/core4_2/evalA               767.7180      0.1      23.9400      0.0000  0.0000  Eval_32_18
core16_4/core4_2/evalA/DP_OP_53J27_123_8507    198.1980     0.0    198.1980     0.0000 0.0000 Eval_32_1_DP_OP_53J27_123_8507_J27_0_13
core16_4/core4_2/evalA/DP_OP_54J27_124_3738    275.6880     0.0    275.6880     0.0000 0.0000 Eval_32_1_DP_OP_54J27_124_3738_J27_0_13
core16_4/core4_2/evalA/DP_OP_55J27_125_1305    269.8920     0.0    269.8920     0.0000 0.0000 Eval_32_1_DP_OP_55J27_125_1305_J27_0_13
core16_4/core4_2/evalB               538.2720      0.1      16.8840      0.0000  0.0000  Eval_33_18
core16_4/core4_2/evalB/DP_OP_53J24_122_9164    138.2220     0.0    138.2220     0.0000 0.0000 Eval_33_1_DP_OP_53J24_122_9164_J24_0_12
core16_4/core4_2/evalB/DP_OP_54J24_123_1920    188.4960     0.0    188.4960     0.0000 0.0000 Eval_33_1_DP_OP_54J24_123_1920_J24_0_12
core16_4/core4_2/evalB/DP_OP_55J24_124_2354    194.6700     0.0    194.6700     0.0000 0.0000 Eval_33_1_DP_OP_55J24_124_2354_J24_0_12
core16_4/core4_2/interp             2150.4420      0.3       0.7560    243.9360  0.0000  Interpolation_19
core16_4/core4_2/interp/interp      1905.7500      0.3       0.2520      0.0000  0.0000  InterpolationComb_19
core16_4/core4_2/interp/interp/DP_OP_106J26_122_5351   1905.4980     0.3   1905.4980     0.0000 0.0000 InterpolationComb_1_DP_OP_106J26_122_5351_J26_0_11
core16_4/core4_2/mult_x_1            796.0680      0.1     796.0680      0.0000  0.0000  core4_1_DW_mult_tc_J18_6_9
core16_4/core4_2/mult_x_2            850.7520      0.1     850.7520      0.0000  0.0000  core4_1_DW_mult_tc_J18_5_9
core16_4/core4_2/mult_x_3            848.3580      0.1     848.3580      0.0000  0.0000  core4_1_DW_mult_tc_J18_4_9
core16_4/core4_2/mult_x_4            861.4620      0.1     861.4620      0.0000  0.0000  core4_1_DW_mult_tc_J18_3_9
core16_4/core4_2/mult_x_5            887.4180      0.1     887.4180      0.0000  0.0000  core4_1_DW_mult_tc_J18_2_9
core16_4/core4_2/mult_x_6            911.6100      0.1     911.6100      0.0000  0.0000  core4_1_DW_mult_tc_J18_1_9
core16_4/core4_2/mult_x_7            796.0680      0.1     796.0680      0.0000  0.0000  core4_1_DW_mult_tc_J18_0_9
core16_4/core4_3                   10157.3639      1.6       0.7560    461.2860  0.0000  core4_17
core16_4/core4_3/evalA               780.5700      0.1      25.2000      0.0000  0.0000  Eval_32_17
core16_4/core4_3/evalA/DP_OP_53J27_123_8507    196.9380     0.0    196.9380     0.0000 0.0000 Eval_32_1_DP_OP_53J27_123_8507_J27_0_12
core16_4/core4_3/evalA/DP_OP_54J27_124_3738    285.8940     0.0    285.8940     0.0000 0.0000 Eval_32_1_DP_OP_54J27_124_3738_J27_0_12
core16_4/core4_3/evalA/DP_OP_55J27_125_1305    272.5380     0.0    272.5380     0.0000 0.0000 Eval_32_1_DP_OP_55J27_125_1305_J27_0_12
core16_4/core4_3/evalB               638.0640      0.1      21.4200      0.0000  0.0000  Eval_33_17
core16_4/core4_3/evalB/DP_OP_53J24_122_9164    160.6500     0.0    160.6500     0.0000 0.0000 Eval_33_1_DP_OP_53J24_122_9164_J24_0_11
core16_4/core4_3/evalB/DP_OP_54J24_123_1920    235.4940     0.0    235.4940     0.0000 0.0000 Eval_33_1_DP_OP_54J24_123_1920_J24_0_11
core16_4/core4_3/evalB/DP_OP_55J24_124_2354    220.5000     0.0    220.5000     0.0000 0.0000 Eval_33_1_DP_OP_55J24_124_2354_J24_0_11
core16_4/core4_3/interp             2150.4420      0.3       0.7560    243.9360  0.0000  Interpolation_18
core16_4/core4_3/interp/interp      1905.7500      0.3       0.2520      0.0000  0.0000  InterpolationComb_18
core16_4/core4_3/interp/interp/DP_OP_106J26_122_5351   1905.4980     0.3   1905.4980     0.0000 0.0000 InterpolationComb_1_DP_OP_106J26_122_5351_J26_0_10
core16_4/core4_3/mult_x_1            784.7280      0.1     784.7280      0.0000  0.0000  core4_1_DW_mult_tc_J18_6_8
core16_4/core4_3/mult_x_2            877.7160      0.1     877.7160      0.0000  0.0000  core4_1_DW_mult_tc_J18_5_8
core16_4/core4_3/mult_x_3            921.9420      0.1     921.9420      0.0000  0.0000  core4_1_DW_mult_tc_J18_4_8
core16_4/core4_3/mult_x_4            919.4220      0.1     919.4220      0.0000  0.0000  core4_1_DW_mult_tc_J18_3_8
core16_4/core4_3/mult_x_5            919.5480      0.1     919.5480      0.0000  0.0000  core4_1_DW_mult_tc_J18_2_8
core16_4/core4_3/mult_x_6            918.1620      0.1     918.1620      0.0000  0.0000  core4_1_DW_mult_tc_J18_1_8
core16_4/core4_3/mult_x_7            784.7280      0.1     784.7280      0.0000  0.0000  core4_1_DW_mult_tc_J18_0_8
core16_4/core4_4                   10211.7959      1.6       1.0080    461.2860  0.0000  core4_16
core16_4/core4_4/evalA               780.8220      0.1      25.4520      0.0000  0.0000  Eval_32_16
core16_4/core4_4/evalA/DP_OP_53J27_123_8507    196.9380     0.0    196.9380     0.0000 0.0000 Eval_32_1_DP_OP_53J27_123_8507_J27_0_11
core16_4/core4_4/evalA/DP_OP_54J27_124_3738    285.8940     0.0    285.8940     0.0000 0.0000 Eval_32_1_DP_OP_54J27_124_3738_J27_0_11
core16_4/core4_4/evalA/DP_OP_55J27_125_1305    272.5380     0.0    272.5380     0.0000 0.0000 Eval_32_1_DP_OP_55J27_125_1305_J27_0_11
core16_4/core4_4/evalB               604.6740      0.1      19.4040      0.0000  0.0000  Eval_33_16
core16_4/core4_4/evalB/DP_OP_54J21_122_59    154.8540     0.0    154.8540     0.0000 0.0000 Eval_33_16_DP_OP_54J21_122_59_J21_0
core16_4/core4_4/evalB/DP_OP_55J21_123_5296    214.3260     0.0    214.3260     0.0000 0.0000 Eval_33_16_DP_OP_55J21_123_5296_J21_0
core16_4/core4_4/evalB/DP_OP_56J21_124_4803    216.0900     0.0    216.0900     0.0000 0.0000 Eval_33_16_DP_OP_56J21_124_4803_J21_0
core16_4/core4_4/interp             2150.4420      0.3       0.7560    243.9360  0.0000  Interpolation_17
core16_4/core4_4/interp/interp      1905.7500      0.3       0.2520      0.0000  0.0000  InterpolationComb_17
core16_4/core4_4/interp/interp/DP_OP_106J26_122_5351   1905.4980     0.3   1905.4980     0.0000 0.0000 InterpolationComb_1_DP_OP_106J26_122_5351_J26_0_9
core16_4/core4_4/mult_x_1            841.4280      0.1     841.4280      0.0000  0.0000  core4_16_DW_mult_uns_J24_1
core16_4/core4_4/mult_x_2            879.7320      0.1     879.7320      0.0000  0.0000  core4_16_DW_mult_tc_J24_4
core16_4/core4_4/mult_x_3            897.2460      0.1     897.2460      0.0000  0.0000  core4_16_DW_mult_tc_J24_3
core16_4/core4_4/mult_x_4            912.1140      0.1     912.1140      0.0000  0.0000  core4_16_DW_mult_tc_J24_2
core16_4/core4_4/mult_x_5            919.5480      0.1     919.5480      0.0000  0.0000  core4_16_DW_mult_tc_J24_1
core16_4/core4_4/mult_x_6            918.7920      0.1     918.7920      0.0000  0.0000  core4_16_DW_mult_tc_J24_0
core16_4/core4_4/mult_x_7            844.7040      0.1     844.7040      0.0000  0.0000  core4_16_DW_mult_uns_J24_0
core16_4/core4_5                   10258.0379      1.6       0.7560    461.5380  0.0000  core4_15
core16_4/core4_5/evalA               782.8380      0.1      27.4680      0.0000  0.0000  Eval_32_15
core16_4/core4_5/evalA/DP_OP_53J27_123_8507    196.9380     0.0    196.9380     0.0000 0.0000 Eval_32_1_DP_OP_53J27_123_8507_J27_0_10
core16_4/core4_5/evalA/DP_OP_54J27_124_3738    285.8940     0.0    285.8940     0.0000 0.0000 Eval_32_1_DP_OP_54J27_124_3738_J27_0_10
core16_4/core4_5/evalA/DP_OP_55J27_125_1305    272.5380     0.0    272.5380     0.0000 0.0000 Eval_32_1_DP_OP_55J27_125_1305_J27_0_10
core16_4/core4_5/evalB               635.1660      0.1      21.6720      0.0000  0.0000  Eval_33_15
core16_4/core4_5/evalB/DP_OP_53J24_122_9164    159.6420     0.0    159.6420     0.0000 0.0000 Eval_33_1_DP_OP_53J24_122_9164_J24_0_10
core16_4/core4_5/evalB/DP_OP_54J24_123_1920    232.9740     0.0    232.9740     0.0000 0.0000 Eval_33_1_DP_OP_54J24_123_1920_J24_0_10
core16_4/core4_5/evalB/DP_OP_55J24_124_2354    220.8780     0.0    220.8780     0.0000 0.0000 Eval_33_1_DP_OP_55J24_124_2354_J24_0_10
core16_4/core4_5/interp             2150.4420      0.3       0.7560    243.9360  0.0000  Interpolation_16
core16_4/core4_5/interp/interp      1905.7500      0.3       0.2520      0.0000  0.0000  InterpolationComb_16
core16_4/core4_5/interp/interp/DP_OP_106J26_122_5351   1905.4980     0.3   1905.4980     0.0000 0.0000 InterpolationComb_1_DP_OP_106J26_122_5351_J26_0_8
core16_4/core4_5/mult_x_1            835.0020      0.1     835.0020      0.0000  0.0000  core4_1_DW_mult_tc_J18_6_7
core16_4/core4_5/mult_x_2            879.2280      0.1     879.2280      0.0000  0.0000  core4_1_DW_mult_tc_J18_5_7
core16_4/core4_5/mult_x_3            921.8160      0.1     921.8160      0.0000  0.0000  core4_1_DW_mult_tc_J18_4_7
core16_4/core4_5/mult_x_4            918.9180      0.1     918.9180      0.0000  0.0000  core4_1_DW_mult_tc_J18_3_7
core16_4/core4_5/mult_x_5            918.0360      0.1     918.0360      0.0000  0.0000  core4_1_DW_mult_tc_J18_2_7
core16_4/core4_5/mult_x_6            919.2960      0.1     919.2960      0.0000  0.0000  core4_1_DW_mult_tc_J18_1_7
core16_4/core4_5/mult_x_7            835.0020      0.1     835.0020      0.0000  0.0000  core4_1_DW_mult_tc_J18_0_7
core16_4/core4_6                    9441.5579      1.5       1.0080    461.6640  0.0000  core4_14
core16_4/core4_6/evalA               735.5880      0.1      22.4280      0.0000  0.0000  Eval_32_14
core16_4/core4_6/evalA/DP_OP_54J15_122_8893    190.3860     0.0    190.3860     0.0000 0.0000 Eval_32_2_DP_OP_54J15_122_8893_J15_0_1
core16_4/core4_6/evalA/DP_OP_55J15_123_92    258.8040     0.0    258.8040     0.0000 0.0000 Eval_32_2_DP_OP_55J15_123_92_J15_0_1
core16_4/core4_6/evalA/DP_OP_56J15_124_3580    263.9700     0.0    263.9700     0.0000 0.0000 Eval_32_2_DP_OP_56J15_124_3580_J15_0_1
core16_4/core4_6/evalB               495.0540      0.1      16.1280      0.0000  0.0000  Eval_33_14
core16_4/core4_6/evalB/DP_OP_54J27_129_6062    128.1420     0.0    128.1420     0.0000 0.0000 Eval_33_2_DP_OP_54J27_129_6062_J27_0_1
core16_4/core4_6/evalB/DP_OP_55J27_130_8970    172.7460     0.0    172.7460     0.0000 0.0000 Eval_33_2_DP_OP_55J27_130_8970_J27_0_1
core16_4/core4_6/evalB/DP_OP_56J27_131_2491    178.0380     0.0    178.0380     0.0000 0.0000 Eval_33_2_DP_OP_56J27_131_2491_J27_0_1
core16_4/core4_6/interp             2056.4460      0.3       0.7560    235.8720  0.0000  Interpolation_15
core16_4/core4_6/interp/interp      1819.8180      0.3       0.2520      0.0000  0.0000  InterpolationComb_15
core16_4/core4_6/interp/interp/DP_OP_106J27_122_4702   1819.5660     0.3   1819.5660     0.0000 0.0000 InterpolationComb_0_DP_OP_106J27_122_4702_J27_0_6
core16_4/core4_6/mult_x_1            730.1700      0.1     730.1700      0.0000  0.0000  core4_14_DW_mult_uns_J25_3_0
core16_4/core4_6/mult_x_2            828.9540      0.1     828.9540      0.0000  0.0000  core4_14_DW_mult_uns_J25_2_0
core16_4/core4_6/mult_x_3            832.4820      0.1     832.4820      0.0000  0.0000  core4_14_DW_mult_tc_J25_2_0
core16_4/core4_6/mult_x_4            817.3620      0.1     817.3620      0.0000  0.0000  core4_14_DW_mult_tc_J25_1_0
core16_4/core4_6/mult_x_5            879.6060      0.1     879.6060      0.0000  0.0000  core4_14_DW_mult_uns_J25_1_0
core16_4/core4_6/mult_x_6            873.0540      0.1     873.0540      0.0000  0.0000  core4_14_DW_mult_tc_J25_0_0
core16_4/core4_6/mult_x_7            730.1700      0.1     730.1700      0.0000  0.0000  core4_14_DW_mult_uns_J25_0_0
core16_4/evalA                       735.5880      0.1      22.4280      0.0000  0.0000  Eval_32_60
core16_4/evalA/DP_OP_54J16_122_872    190.3860     0.0     190.3860      0.0000  0.0000  Eval_32_57_DP_OP_54J16_122_872_J16_0_3
core16_4/evalA/DP_OP_55J16_123_7403    258.8040     0.0    258.8040      0.0000  0.0000  Eval_32_57_DP_OP_55J16_123_7403_J16_0_3
core16_4/evalA/DP_OP_56J16_124_913    263.9700     0.0     263.9700      0.0000  0.0000  Eval_32_57_DP_OP_56J16_124_913_J16_0_3
core16_4/evalA_1                     735.5880      0.1      22.4280      0.0000  0.0000  Eval_32_59
core16_4/evalA_1/DP_OP_54J16_122_872    190.3860     0.0    190.3860     0.0000  0.0000  Eval_32_57_DP_OP_54J16_122_872_J16_0_2
core16_4/evalA_1/DP_OP_55J16_123_7403    258.8040     0.0    258.8040     0.0000 0.0000  Eval_32_57_DP_OP_55J16_123_7403_J16_0_2
core16_4/evalA_1/DP_OP_56J16_124_913    263.9700     0.0    263.9700     0.0000  0.0000  Eval_32_57_DP_OP_56J16_124_913_J16_0_2
core16_4/evalA_2                     735.5880      0.1      22.4280      0.0000  0.0000  Eval_32_58
core16_4/evalA_2/DP_OP_54J16_122_872    190.3860     0.0    190.3860     0.0000  0.0000  Eval_32_57_DP_OP_54J16_122_872_J16_0_1
core16_4/evalA_2/DP_OP_55J16_123_7403    258.8040     0.0    258.8040     0.0000 0.0000  Eval_32_57_DP_OP_55J16_123_7403_J16_0_1
core16_4/evalA_2/DP_OP_56J16_124_913    263.9700     0.0    263.9700     0.0000  0.0000  Eval_32_57_DP_OP_56J16_124_913_J16_0_1
core16_4/evalA_3                     735.7140      0.1      22.5540      0.0000  0.0000  Eval_32_57
core16_4/evalA_3/DP_OP_54J16_122_872    190.3860     0.0    190.3860     0.0000  0.0000  Eval_32_57_DP_OP_54J16_122_872_J16_0_0
core16_4/evalA_3/DP_OP_55J16_123_7403    258.8040     0.0    258.8040     0.0000 0.0000  Eval_32_57_DP_OP_55J16_123_7403_J16_0_0
core16_4/evalA_3/DP_OP_56J16_124_913    263.9700     0.0    263.9700     0.0000  0.0000  Eval_32_57_DP_OP_56J16_124_913_J16_0_0
core16_4/evalB                       495.3060      0.1      16.3800      0.0000  0.0000  Eval_33_60
core16_4/evalB/DP_OP_54J18_125_8890    128.7720     0.0    128.7720      0.0000  0.0000  Eval_33_57_DP_OP_54J18_125_8890_J18_0_3
core16_4/evalB/DP_OP_55J18_126_7119    172.1160     0.0    172.1160      0.0000  0.0000  Eval_33_57_DP_OP_55J18_126_7119_J18_0_3
core16_4/evalB/DP_OP_56J18_127_7864    178.0380     0.0    178.0380      0.0000  0.0000  Eval_33_57_DP_OP_56J18_127_7864_J18_0_3
core16_4/evalB_1                     496.3140      0.1      14.8680      0.0000  0.0000  Eval_33_59
core16_4/evalB_1/DP_OP_54J18_125_8890    128.1420     0.0    128.1420     0.0000 0.0000  Eval_33_57_DP_OP_54J18_125_8890_J18_0_2
core16_4/evalB_1/DP_OP_55J18_126_7119    172.1160     0.0    172.1160     0.0000 0.0000  Eval_33_57_DP_OP_55J18_126_7119_J18_0_2
core16_4/evalB_1/DP_OP_56J18_127_7864    181.1880     0.0    181.1880     0.0000 0.0000  Eval_33_57_DP_OP_56J18_127_7864_J18_0_2
core16_4/evalB_2                     503.1180      0.1      14.8680      0.0000  0.0000  Eval_33_58
core16_4/evalB_2/DP_OP_54J18_125_8890    131.2920     0.0    131.2920     0.0000 0.0000  Eval_33_57_DP_OP_54J18_125_8890_J18_0_1
core16_4/evalB_2/DP_OP_55J18_126_7119    174.0060     0.0    174.0060     0.0000 0.0000  Eval_33_57_DP_OP_55J18_126_7119_J18_0_1
core16_4/evalB_2/DP_OP_56J18_127_7864    182.9520     0.0    182.9520     0.0000 0.0000  Eval_33_57_DP_OP_56J18_127_7864_J18_0_1
core16_4/evalB_3                     497.1960      0.1      16.3800      0.0000  0.0000  Eval_33_57
core16_4/evalB_3/DP_OP_54J18_125_8890    128.1420     0.0    128.1420     0.0000 0.0000  Eval_33_57_DP_OP_54J18_125_8890_J18_0_0
core16_4/evalB_3/DP_OP_55J18_126_7119    174.0060     0.0    174.0060     0.0000 0.0000  Eval_33_57_DP_OP_55J18_126_7119_J18_0_0
core16_4/evalB_3/DP_OP_56J18_127_7864    178.6680     0.0    178.6680     0.0000 0.0000  Eval_33_57_DP_OP_56J18_127_7864_J18_0_0
core16_4/interp                     8083.0259      1.3       0.7560    872.9280  0.0000  Interpolation_7_2
core16_4/interp/interp              7209.3419      1.1       0.2520      0.0000  0.0000  InterpolationComb_7_2
core16_4/interp/interp/DP_OP_421J11_122_5430   7209.0899     1.1   7209.0899     0.0000 0.0000 InterpolationComb_7_1_DP_OP_421J11_122_5430_J11_0_1
core16_5                           87085.4029     13.8       2.0160   1671.2640  0.0000  core16_1
core16_5/core4_0                   10024.0559      1.6       0.7560    461.6640  0.0000  core4_13
core16_5/core4_0/evalA               784.6020      0.1      29.2320      0.0000  0.0000  Eval_32_13
core16_5/core4_0/evalA/DP_OP_53J27_123_8507    196.9380     0.0    196.9380     0.0000 0.0000 Eval_32_1_DP_OP_53J27_123_8507_J27_0_9
core16_5/core4_0/evalA/DP_OP_54J27_124_3738    285.8940     0.0    285.8940     0.0000 0.0000 Eval_32_1_DP_OP_54J27_124_3738_J27_0_9
core16_5/core4_0/evalA/DP_OP_55J27_125_1305    272.5380     0.0    272.5380     0.0000 0.0000 Eval_32_1_DP_OP_55J27_125_1305_J27_0_9
core16_5/core4_0/evalB               639.5760      0.1      21.6720      0.0000  0.0000  Eval_33_13
core16_5/core4_0/evalB/DP_OP_53J24_122_9164    163.0440     0.0    163.0440     0.0000 0.0000 Eval_33_1_DP_OP_53J24_122_9164_J24_0_9
core16_5/core4_0/evalB/DP_OP_54J24_123_1920    234.8640     0.0    234.8640     0.0000 0.0000 Eval_33_1_DP_OP_54J24_123_1920_J24_0_9
core16_5/core4_0/evalB/DP_OP_55J24_124_2354    219.9960     0.0    219.9960     0.0000 0.0000 Eval_33_1_DP_OP_55J24_124_2354_J24_0_9
core16_5/core4_0/interp             2056.4460      0.3       0.7560    235.8720  0.0000  Interpolation_14
core16_5/core4_0/interp/interp      1819.8180      0.3       0.2520      0.0000  0.0000  InterpolationComb_14
core16_5/core4_0/interp/interp/DP_OP_106J27_122_4702   1819.5660     0.3   1819.5660     0.0000 0.0000 InterpolationComb_0_DP_OP_106J27_122_4702_J27_0_5
core16_5/core4_0/mult_x_1            765.9540      0.1     765.9540      0.0000  0.0000  core4_7_DW_mult_tc_J20_6_2
core16_5/core4_0/mult_x_2            876.0780      0.1     876.0780      0.0000  0.0000  core4_7_DW_mult_tc_J20_5_2
core16_5/core4_0/mult_x_3            918.0360      0.1     918.0360      0.0000  0.0000  core4_7_DW_mult_tc_J20_4_2
core16_5/core4_0/mult_x_4            919.1700      0.1     919.1700      0.0000  0.0000  core4_7_DW_mult_tc_J20_3_2
core16_5/core4_0/mult_x_5            917.9100      0.1     917.9100      0.0000  0.0000  core4_7_DW_mult_tc_J20_2_2
core16_5/core4_0/mult_x_6            917.9100      0.1     917.9100      0.0000  0.0000  core4_7_DW_mult_tc_J20_1_2
core16_5/core4_0/mult_x_7            765.9540      0.1     765.9540      0.0000  0.0000  core4_7_DW_mult_tc_J20_0_2
core16_5/core4_1                   10249.7219      1.6       0.7560    461.4120  0.0000  core4_12
core16_5/core4_1/evalA               782.8380      0.1      27.4680      0.0000  0.0000  Eval_32_12
core16_5/core4_1/evalA/DP_OP_53J27_123_8507    196.9380     0.0    196.9380     0.0000 0.0000 Eval_32_1_DP_OP_53J27_123_8507_J27_0_8
core16_5/core4_1/evalA/DP_OP_54J27_124_3738    285.8940     0.0    285.8940     0.0000 0.0000 Eval_32_1_DP_OP_54J27_124_3738_J27_0_8
core16_5/core4_1/evalA/DP_OP_55J27_125_1305    272.5380     0.0    272.5380     0.0000 0.0000 Eval_32_1_DP_OP_55J27_125_1305_J27_0_8
core16_5/core4_1/evalB               638.9460      0.1      21.6720      0.0000  0.0000  Eval_33_12
core16_5/core4_1/evalB/DP_OP_53J24_122_9164    161.5320     0.0    161.5320     0.0000 0.0000 Eval_33_1_DP_OP_53J24_122_9164_J24_0_8
core16_5/core4_1/evalB/DP_OP_54J24_123_1920    233.9820     0.0    233.9820     0.0000 0.0000 Eval_33_1_DP_OP_54J24_123_1920_J24_0_8
core16_5/core4_1/evalB/DP_OP_55J24_124_2354    221.7600     0.0    221.7600     0.0000 0.0000 Eval_33_1_DP_OP_55J24_124_2354_J24_0_8
core16_5/core4_1/interp             2056.4460      0.3       0.7560    235.8720  0.0000  Interpolation_13
core16_5/core4_1/interp/interp      1819.8180      0.3       0.2520      0.0000  0.0000  InterpolationComb_13
core16_5/core4_1/interp/interp/DP_OP_106J27_122_4702   1819.5660     0.3   1819.5660     0.0000 0.0000 InterpolationComb_0_DP_OP_106J27_122_4702_J27_0_4
core16_5/core4_1/mult_x_1            875.8260      0.1     875.8260      0.0000  0.0000  core4_7_DW_mult_tc_J20_6_1
core16_5/core4_1/mult_x_2            877.2120      0.1     877.2120      0.0000  0.0000  core4_7_DW_mult_tc_J20_5_1
core16_5/core4_1/mult_x_3            921.4380      0.1     921.4380      0.0000  0.0000  core4_7_DW_mult_tc_J20_4_1
core16_5/core4_1/mult_x_4            918.7920      0.1     918.7920      0.0000  0.0000  core4_7_DW_mult_tc_J20_3_1
core16_5/core4_1/mult_x_5            920.9340      0.1     920.9340      0.0000  0.0000  core4_7_DW_mult_tc_J20_2_1
core16_5/core4_1/mult_x_6            919.2960      0.1     919.2960      0.0000  0.0000  core4_7_DW_mult_tc_J20_1_1
core16_5/core4_1/mult_x_7            875.8260      0.1     875.8260      0.0000  0.0000  core4_7_DW_mult_tc_J20_0_1
core16_5/core4_2                   10341.4499      1.6       0.7560    461.2860  0.0000  core4_11
core16_5/core4_2/evalA               782.8380      0.1      27.4680      0.0000  0.0000  Eval_32_11
core16_5/core4_2/evalA/DP_OP_53J27_123_8507    196.9380     0.0    196.9380     0.0000 0.0000 Eval_32_1_DP_OP_53J27_123_8507_J27_0_7
core16_5/core4_2/evalA/DP_OP_54J27_124_3738    285.8940     0.0    285.8940     0.0000 0.0000 Eval_32_1_DP_OP_54J27_124_3738_J27_0_7
core16_5/core4_2/evalA/DP_OP_55J27_125_1305    272.5380     0.0    272.5380     0.0000 0.0000 Eval_32_1_DP_OP_55J27_125_1305_J27_0_7
core16_5/core4_2/evalB               637.6860      0.1      21.5460      0.0000  0.0000  Eval_33_11
core16_5/core4_2/evalB/DP_OP_53J24_122_9164    160.3980     0.0    160.3980     0.0000 0.0000 Eval_33_1_DP_OP_53J24_122_9164_J24_0_7
core16_5/core4_2/evalB/DP_OP_54J24_123_1920    233.9820     0.0    233.9820     0.0000 0.0000 Eval_33_1_DP_OP_54J24_123_1920_J24_0_7
core16_5/core4_2/evalB/DP_OP_55J24_124_2354    221.7600     0.0    221.7600     0.0000 0.0000 Eval_33_1_DP_OP_55J24_124_2354_J24_0_7
core16_5/core4_2/interp             2150.4420      0.3       0.7560    243.9360  0.0000  Interpolation_12
core16_5/core4_2/interp/interp      1905.7500      0.3       0.2520      0.0000  0.0000  InterpolationComb_12
core16_5/core4_2/interp/interp/DP_OP_106J26_122_5351   1905.4980     0.3   1905.4980     0.0000 0.0000 InterpolationComb_1_DP_OP_106J26_122_5351_J26_0_7
core16_5/core4_2/mult_x_1            875.8260      0.1     875.8260      0.0000  0.0000  core4_1_DW_mult_tc_J18_6_6
core16_5/core4_2/mult_x_2            876.7080      0.1     876.7080      0.0000  0.0000  core4_1_DW_mult_tc_J18_5_6
core16_5/core4_2/mult_x_3            918.0360      0.1     918.0360      0.0000  0.0000  core4_1_DW_mult_tc_J18_4_6
core16_5/core4_2/mult_x_4            920.6820      0.1     920.6820      0.0000  0.0000  core4_1_DW_mult_tc_J18_3_6
core16_5/core4_2/mult_x_5            919.2960      0.1     919.2960      0.0000  0.0000  core4_1_DW_mult_tc_J18_2_6
core16_5/core4_2/mult_x_6            918.6660      0.1     918.6660      0.0000  0.0000  core4_1_DW_mult_tc_J18_1_6
core16_5/core4_2/mult_x_7            879.2280      0.1     879.2280      0.0000  0.0000  core4_1_DW_mult_tc_J18_0_6
core16_5/core4_3                   10332.7559      1.6       0.7560    461.2860  0.0000  core4_10
core16_5/core4_3/evalA               782.5860      0.1      27.2160      0.0000  0.0000  Eval_32_10
core16_5/core4_3/evalA/DP_OP_53J27_123_8507    196.9380     0.0    196.9380     0.0000 0.0000 Eval_32_1_DP_OP_53J27_123_8507_J27_0_6
core16_5/core4_3/evalA/DP_OP_54J27_124_3738    285.8940     0.0    285.8940     0.0000 0.0000 Eval_32_1_DP_OP_54J27_124_3738_J27_0_6
core16_5/core4_3/evalA/DP_OP_55J27_125_1305    272.5380     0.0    272.5380     0.0000 0.0000 Eval_32_1_DP_OP_55J27_125_1305_J27_0_6
core16_5/core4_3/evalB               633.4020      0.1      21.4200      0.0000  0.0000  Eval_33_10
core16_5/core4_3/evalB/DP_OP_53J24_122_9164    158.3820     0.0    158.3820     0.0000 0.0000 Eval_33_1_DP_OP_53J24_122_9164_J24_0_6
core16_5/core4_3/evalB/DP_OP_54J24_123_1920    233.1000     0.0    233.1000     0.0000 0.0000 Eval_33_1_DP_OP_54J24_123_1920_J24_0_6
core16_5/core4_3/evalB/DP_OP_55J24_124_2354    220.5000     0.0    220.5000     0.0000 0.0000 Eval_33_1_DP_OP_55J24_124_2354_J24_0_6
core16_5/core4_3/interp             2150.4420      0.3       0.7560    243.9360  0.0000  Interpolation_11
core16_5/core4_3/interp/interp      1905.7500      0.3       0.2520      0.0000  0.0000  InterpolationComb_11
core16_5/core4_3/interp/interp/DP_OP_106J26_122_5351   1905.4980     0.3   1905.4980     0.0000 0.0000 InterpolationComb_1_DP_OP_106J26_122_5351_J26_0_6
core16_5/core4_3/mult_x_1            875.8260      0.1     875.8260      0.0000  0.0000  core4_1_DW_mult_tc_J18_6_5
core16_5/core4_3/mult_x_2            876.2040      0.1     876.2040      0.0000  0.0000  core4_1_DW_mult_tc_J18_5_5
core16_5/core4_3/mult_x_3            917.9100      0.1     917.9100      0.0000  0.0000  core4_1_DW_mult_tc_J18_4_5
core16_5/core4_3/mult_x_4            919.0440      0.1     919.0440      0.0000  0.0000  core4_1_DW_mult_tc_J18_3_5
core16_5/core4_3/mult_x_5            918.2880      0.1     918.2880      0.0000  0.0000  core4_1_DW_mult_tc_J18_2_5
core16_5/core4_3/mult_x_6            918.7920      0.1     918.7920      0.0000  0.0000  core4_1_DW_mult_tc_J18_1_5
core16_5/core4_3/mult_x_7            878.2200      0.1     878.2200      0.0000  0.0000  core4_1_DW_mult_tc_J18_0_5
core16_5/core4_4                   10342.3319      1.6       0.7560    461.1600  0.0000  core4_9
core16_5/core4_4/evalA               782.8380      0.1      27.4680      0.0000  0.0000  Eval_32_9
core16_5/core4_4/evalA/DP_OP_53J27_123_8507    196.9380     0.0    196.9380     0.0000 0.0000 Eval_32_1_DP_OP_53J27_123_8507_J27_0_5
core16_5/core4_4/evalA/DP_OP_54J27_124_3738    285.8940     0.0    285.8940     0.0000 0.0000 Eval_32_1_DP_OP_54J27_124_3738_J27_0_5
core16_5/core4_4/evalA/DP_OP_55J27_125_1305    272.5380     0.0    272.5380     0.0000 0.0000 Eval_32_1_DP_OP_55J27_125_1305_J27_0_5
core16_5/core4_4/evalB               637.8120      0.1      21.6720      0.0000  0.0000  Eval_33_9
core16_5/core4_4/evalB/DP_OP_53J24_122_9164    162.1620     0.0    162.1620     0.0000 0.0000 Eval_33_1_DP_OP_53J24_122_9164_J24_0_5
core16_5/core4_4/evalB/DP_OP_54J24_123_1920    232.9740     0.0    232.9740     0.0000 0.0000 Eval_33_1_DP_OP_54J24_123_1920_J24_0_5
core16_5/core4_4/evalB/DP_OP_55J24_124_2354    221.0040     0.0    221.0040     0.0000 0.0000 Eval_33_1_DP_OP_55J24_124_2354_J24_0_5
core16_5/core4_4/interp             2150.4420      0.3       0.7560    243.9360  0.0000  Interpolation_10
core16_5/core4_4/interp/interp      1905.7500      0.3       0.2520      0.0000  0.0000  InterpolationComb_10
core16_5/core4_4/interp/interp/DP_OP_106J26_122_5351   1905.4980     0.3   1905.4980     0.0000 0.0000 InterpolationComb_1_DP_OP_106J26_122_5351_J26_0_5
core16_5/core4_4/mult_x_1            875.8260      0.1     875.8260      0.0000  0.0000  core4_1_DW_mult_tc_J18_6_4
core16_5/core4_4/mult_x_2            877.2120      0.1     877.2120      0.0000  0.0000  core4_1_DW_mult_tc_J18_5_4
core16_5/core4_4/mult_x_3            918.2880      0.1     918.2880      0.0000  0.0000  core4_1_DW_mult_tc_J18_4_4
core16_5/core4_4/mult_x_4            918.1620      0.1     918.1620      0.0000  0.0000  core4_1_DW_mult_tc_J18_3_4
core16_5/core4_4/mult_x_5            918.1620      0.1     918.1620      0.0000  0.0000  core4_1_DW_mult_tc_J18_2_4
core16_5/core4_4/mult_x_6            920.5560      0.1     920.5560      0.0000  0.0000  core4_1_DW_mult_tc_J18_1_4
core16_5/core4_4/mult_x_7            881.1180      0.1     881.1180      0.0000  0.0000  core4_1_DW_mult_tc_J18_0_4
core16_5/core4_5                   10333.2599      1.6       0.7560    461.6640  0.0000  core4_8
core16_5/core4_5/evalA               782.8380      0.1      27.4680      0.0000  0.0000  Eval_32_8
core16_5/core4_5/evalA/DP_OP_53J27_123_8507    196.9380     0.0    196.9380     0.0000 0.0000 Eval_32_1_DP_OP_53J27_123_8507_J27_0_4
core16_5/core4_5/evalA/DP_OP_54J27_124_3738    285.8940     0.0    285.8940     0.0000 0.0000 Eval_32_1_DP_OP_54J27_124_3738_J27_0_4
core16_5/core4_5/evalA/DP_OP_55J27_125_1305    272.5380     0.0    272.5380     0.0000 0.0000 Eval_32_1_DP_OP_55J27_125_1305_J27_0_4
core16_5/core4_5/evalB               633.6540      0.1      21.6720      0.0000  0.0000  Eval_33_8
core16_5/core4_5/evalB/DP_OP_53J24_122_9164    159.0120     0.0    159.0120     0.0000 0.0000 Eval_33_1_DP_OP_53J24_122_9164_J24_0_4
core16_5/core4_5/evalB/DP_OP_54J24_123_1920    233.3520     0.0    233.3520     0.0000 0.0000 Eval_33_1_DP_OP_54J24_123_1920_J24_0_4
core16_5/core4_5/evalB/DP_OP_55J24_124_2354    219.6180     0.0    219.6180     0.0000 0.0000 Eval_33_1_DP_OP_55J24_124_2354_J24_0_4
core16_5/core4_5/interp             2150.4420      0.3       0.7560    243.9360  0.0000  Interpolation_9
core16_5/core4_5/interp/interp      1905.7500      0.3       0.2520      0.0000  0.0000  InterpolationComb_9
core16_5/core4_5/interp/interp/DP_OP_106J26_122_5351   1905.4980     0.3   1905.4980     0.0000 0.0000 InterpolationComb_1_DP_OP_106J26_122_5351_J26_0_4
core16_5/core4_5/mult_x_1            875.8260      0.1     875.8260      0.0000  0.0000  core4_1_DW_mult_tc_J18_6_3
core16_5/core4_5/mult_x_2            876.0780      0.1     876.0780      0.0000  0.0000  core4_1_DW_mult_tc_J18_5_3
core16_5/core4_5/mult_x_3            920.0520      0.1     920.0520      0.0000  0.0000  core4_1_DW_mult_tc_J18_4_3
core16_5/core4_5/mult_x_4            918.9180      0.1     918.9180      0.0000  0.0000  core4_1_DW_mult_tc_J18_3_3
core16_5/core4_5/mult_x_5            919.2960      0.1     919.2960      0.0000  0.0000  core4_1_DW_mult_tc_J18_2_3
core16_5/core4_5/mult_x_6            917.9100      0.1     917.9100      0.0000  0.0000  core4_1_DW_mult_tc_J18_1_3
core16_5/core4_5/mult_x_7            875.8260      0.1     875.8260      0.0000  0.0000  core4_1_DW_mult_tc_J18_0_3
core16_5/core4_6                   10023.5519      1.6       0.7560    461.4120  0.0000  core4_7
core16_5/core4_6/evalA               784.6020      0.1      29.2320      0.0000  0.0000  Eval_32_7
core16_5/core4_6/evalA/DP_OP_53J27_123_8507    196.9380     0.0    196.9380     0.0000 0.0000 Eval_32_1_DP_OP_53J27_123_8507_J27_0_3
core16_5/core4_6/evalA/DP_OP_54J27_124_3738    285.8940     0.0    285.8940     0.0000 0.0000 Eval_32_1_DP_OP_54J27_124_3738_J27_0_3
core16_5/core4_6/evalA/DP_OP_55J27_125_1305    272.5380     0.0    272.5380     0.0000 0.0000 Eval_32_1_DP_OP_55J27_125_1305_J27_0_3
core16_5/core4_6/evalB               636.5520      0.1      21.6720      0.0000  0.0000  Eval_33_7
core16_5/core4_6/evalB/DP_OP_53J24_122_9164    159.6420     0.0    159.6420     0.0000 0.0000 Eval_33_1_DP_OP_53J24_122_9164_J24_0_3
core16_5/core4_6/evalB/DP_OP_54J24_123_1920    233.1000     0.0    233.1000     0.0000 0.0000 Eval_33_1_DP_OP_54J24_123_1920_J24_0_3
core16_5/core4_6/evalB/DP_OP_55J24_124_2354    222.1380     0.0    222.1380     0.0000 0.0000 Eval_33_1_DP_OP_55J24_124_2354_J24_0_3
core16_5/core4_6/interp             2056.4460      0.3       0.7560    235.8720  0.0000  Interpolation_8
core16_5/core4_6/interp/interp      1819.8180      0.3       0.2520      0.0000  0.0000  InterpolationComb_8
core16_5/core4_6/interp/interp/DP_OP_106J27_122_4702   1819.5660     0.3   1819.5660     0.0000 0.0000 InterpolationComb_0_DP_OP_106J27_122_4702_J27_0_3
core16_5/core4_6/mult_x_1            765.9540      0.1     765.9540      0.0000  0.0000  core4_7_DW_mult_tc_J20_6_0
core16_5/core4_6/mult_x_2            875.9520      0.1     875.9520      0.0000  0.0000  core4_7_DW_mult_tc_J20_5_0
core16_5/core4_6/mult_x_3            917.9100      0.1     917.9100      0.0000  0.0000  core4_7_DW_mult_tc_J20_4_0
core16_5/core4_6/mult_x_4            918.7920      0.1     918.7920      0.0000  0.0000  core4_7_DW_mult_tc_J20_3_0
core16_5/core4_6/mult_x_5            920.6820      0.1     920.6820      0.0000  0.0000  core4_7_DW_mult_tc_J20_2_0
core16_5/core4_6/mult_x_6            918.5400      0.1     918.5400      0.0000  0.0000  core4_7_DW_mult_tc_J20_1_0
core16_5/core4_6/mult_x_7            765.9540      0.1     765.9540      0.0000  0.0000  core4_7_DW_mult_tc_J20_0_0
core16_5/evalA                       784.0980      0.1      28.7280      0.0000  0.0000  Eval_32_56
core16_5/evalA/DP_OP_53J27_123_8507    196.9380     0.0    196.9380      0.0000  0.0000  Eval_32_1_DP_OP_53J27_123_8507_J27_0_36
core16_5/evalA/DP_OP_54J27_124_3738    285.8940     0.0    285.8940      0.0000  0.0000  Eval_32_1_DP_OP_54J27_124_3738_J27_0_36
core16_5/evalA/DP_OP_55J27_125_1305    272.5380     0.0    272.5380      0.0000  0.0000  Eval_32_1_DP_OP_55J27_125_1305_J27_0_36
core16_5/evalA_1                     781.0740      0.1      25.7040      0.0000  0.0000  Eval_32_55
core16_5/evalA_1/DP_OP_53J27_123_8507    196.9380     0.0    196.9380     0.0000 0.0000  Eval_32_1_DP_OP_53J27_123_8507_J27_0_35
core16_5/evalA_1/DP_OP_54J27_124_3738    285.8940     0.0    285.8940     0.0000 0.0000  Eval_32_1_DP_OP_54J27_124_3738_J27_0_35
core16_5/evalA_1/DP_OP_55J27_125_1305    272.5380     0.0    272.5380     0.0000 0.0000  Eval_32_1_DP_OP_55J27_125_1305_J27_0_35
core16_5/evalA_2                     781.0740      0.1      25.7040      0.0000  0.0000  Eval_32_54
core16_5/evalA_2/DP_OP_53J27_123_8507    196.9380     0.0    196.9380     0.0000 0.0000  Eval_32_1_DP_OP_53J27_123_8507_J27_0_34
core16_5/evalA_2/DP_OP_54J27_124_3738    285.8940     0.0    285.8940     0.0000 0.0000  Eval_32_1_DP_OP_54J27_124_3738_J27_0_34
core16_5/evalA_2/DP_OP_55J27_125_1305    272.5380     0.0    272.5380     0.0000 0.0000  Eval_32_1_DP_OP_55J27_125_1305_J27_0_34
core16_5/evalA_3                     784.0980      0.1      28.7280      0.0000  0.0000  Eval_32_53
core16_5/evalA_3/DP_OP_53J27_123_8507    196.9380     0.0    196.9380     0.0000 0.0000  Eval_32_1_DP_OP_53J27_123_8507_J27_0_33
core16_5/evalA_3/DP_OP_54J27_124_3738    285.8940     0.0    285.8940     0.0000 0.0000  Eval_32_1_DP_OP_54J27_124_3738_J27_0_33
core16_5/evalA_3/DP_OP_55J27_125_1305    272.5380     0.0    272.5380     0.0000 0.0000  Eval_32_1_DP_OP_55J27_125_1305_J27_0_33
core16_5/evalB                       636.1740      0.1      20.9160      0.0000  0.0000  Eval_33_56
core16_5/evalB/DP_OP_53J24_122_9164    159.2640     0.0    159.2640      0.0000  0.0000  Eval_33_1_DP_OP_53J24_122_9164_J24_0_32
core16_5/evalB/DP_OP_54J24_123_1920    235.4940     0.0    235.4940      0.0000  0.0000  Eval_33_1_DP_OP_54J24_123_1920_J24_0_32
core16_5/evalB/DP_OP_55J24_124_2354    220.5000     0.0    220.5000      0.0000  0.0000  Eval_33_1_DP_OP_55J24_124_2354_J24_0_32
core16_5/evalB_1                     637.3080      0.1      20.1600      0.0000  0.0000  Eval_33_55
core16_5/evalB_1/DP_OP_53J24_122_9164    160.2720     0.0    160.2720     0.0000 0.0000  Eval_33_1_DP_OP_53J24_122_9164_J24_0_31
core16_5/evalB_1/DP_OP_54J24_123_1920    234.4860     0.0    234.4860     0.0000 0.0000  Eval_33_1_DP_OP_54J24_123_1920_J24_0_31
core16_5/evalB_1/DP_OP_55J24_124_2354    222.3900     0.0    222.3900     0.0000 0.0000  Eval_33_1_DP_OP_55J24_124_2354_J24_0_31
core16_5/evalB_2                     640.4580      0.1      20.1600      0.0000  0.0000  Eval_33_54
core16_5/evalB_2/DP_OP_53J24_122_9164    159.6420     0.0    159.6420     0.0000 0.0000  Eval_33_1_DP_OP_53J24_122_9164_J24_0_30
core16_5/evalB_2/DP_OP_54J24_123_1920    234.2340     0.0    234.2340     0.0000 0.0000  Eval_33_1_DP_OP_54J24_123_1920_J24_0_30
core16_5/evalB_2/DP_OP_55J24_124_2354    226.4220     0.0    226.4220     0.0000 0.0000  Eval_33_1_DP_OP_55J24_124_2354_J24_0_30
core16_5/evalB_3                     637.6860      0.1      20.9160      0.0000  0.0000  Eval_33_53
core16_5/evalB_3/DP_OP_53J24_122_9164    161.4060     0.0    161.4060     0.0000 0.0000  Eval_33_1_DP_OP_53J24_122_9164_J24_0_29
core16_5/evalB_3/DP_OP_54J24_123_1920    235.7460     0.0    235.7460     0.0000 0.0000  Eval_33_1_DP_OP_54J24_123_1920_J24_0_29
core16_5/evalB_3/DP_OP_55J24_124_2354    219.6180     0.0    219.6180     0.0000 0.0000  Eval_33_1_DP_OP_55J24_124_2354_J24_0_29
core16_5/interp                     8083.0259      1.3       0.7560    872.9280  0.0000  Interpolation_7_1
core16_5/interp/interp              7209.3419      1.1       0.2520      0.0000  0.0000  InterpolationComb_7_1
core16_5/interp/interp/DP_OP_421J11_122_5430   7209.0899     1.1   7209.0899     0.0000 0.0000 InterpolationComb_7_1_DP_OP_421J11_122_5430_J11_0_0
core16_6                           77871.6530     12.4       2.0160   1671.2640  0.0000  core16_0
core16_6/core4_0                    8297.6039      1.3       1.0080    461.6640  0.0000  core4_6
core16_6/core4_0/evalA               622.5660      0.1      23.1840      0.0000  0.0000  Eval_32_6
core16_6/core4_0/evalA/DP_OP_54J25_122_2387    160.2720     0.0    160.2720     0.0000 0.0000 Eval_32_0_DP_OP_54J25_122_2387_J25_0_1
core16_6/core4_0/evalA/DP_OP_55J25_123_8268    216.5940     0.0    216.5940     0.0000 0.0000 Eval_32_0_DP_OP_55J25_123_8268_J25_0_1
core16_6/core4_0/evalA/DP_OP_56J25_124_2036    222.5160     0.0    222.5160     0.0000 0.0000 Eval_32_0_DP_OP_56J25_124_2036_J25_0_1
core16_6/core4_0/evalB               373.5900      0.1      11.8440      0.0000  0.0000  Eval_33_6
core16_6/core4_0/evalB/DP_OP_54J22_125_8022     96.0120     0.0     96.0120     0.0000 0.0000 Eval_33_0_DP_OP_54J22_125_8022_J22_0_1
core16_6/core4_0/evalB/DP_OP_55J22_126_4344    129.9060     0.0    129.9060     0.0000 0.0000 Eval_33_0_DP_OP_55J22_126_4344_J22_0_1
core16_6/core4_0/evalB/DP_OP_56J22_127_8079    135.8280     0.0    135.8280     0.0000 0.0000 Eval_33_0_DP_OP_56J22_127_8079_J22_0_1
core16_6/core4_0/interp             2056.4460      0.3       0.7560    235.8720  0.0000  Interpolation_6
core16_6/core4_0/interp/interp      1819.8180      0.3       0.2520      0.0000  0.0000  InterpolationComb_6
core16_6/core4_0/interp/interp/DP_OP_106J27_122_4702   1819.5660     0.3   1819.5660     0.0000 0.0000 InterpolationComb_0_DP_OP_106J27_122_4702_J27_0_2
core16_6/core4_0/mult_x_1            548.9820      0.1     548.9820      0.0000  0.0000  core4_0_DW_mult_uns_J15_3_1
core16_6/core4_0/mult_x_2            739.7460      0.1     739.7460      0.0000  0.0000  core4_0_DW_mult_uns_J15_2_1
core16_6/core4_0/mult_x_3            662.1300      0.1     662.1300      0.0000  0.0000  core4_0_DW_mult_tc_J15_2_1
core16_6/core4_0/mult_x_4            725.6340      0.1     725.6340      0.0000  0.0000  core4_0_DW_mult_tc_J15_1_1
core16_6/core4_0/mult_x_5            758.8980      0.1     758.8980      0.0000  0.0000  core4_0_DW_mult_uns_J15_1_1
core16_6/core4_0/mult_x_6            797.9580      0.1     797.9580      0.0000  0.0000  core4_0_DW_mult_tc_J15_0_1
core16_6/core4_0/mult_x_7            548.9820      0.1     548.9820      0.0000  0.0000  core4_0_DW_mult_uns_J15_0_1
core16_6/core4_1                    9557.7299      1.5       1.0080    461.2860  0.0000  core4_5
core16_6/core4_1/evalA               734.0760      0.1      22.4280      0.0000  0.0000  Eval_32_5
core16_6/core4_1/evalA/DP_OP_54J26_126_5391    189.8820     0.0    189.8820     0.0000 0.0000 Eval_32_5_DP_OP_54J26_126_5391_J26_0_0
core16_6/core4_1/evalA/DP_OP_55J26_127_1056    261.3240     0.0    261.3240     0.0000 0.0000 Eval_32_5_DP_OP_55J26_127_1056_J26_0_0
core16_6/core4_1/evalA/DP_OP_56J26_128_3738    260.4420     0.0    260.4420     0.0000 0.0000 Eval_32_5_DP_OP_56J26_128_3738_J26_0_0
core16_6/core4_1/evalB               496.5660      0.1      15.8760      0.0000  0.0000  Eval_33_5
core16_6/core4_1/evalB/DP_OP_54J28_125_1059    131.9220     0.0    131.9220     0.0000 0.0000 Eval_33_5_DP_OP_54J28_125_1059_J28_0_0
core16_6/core4_1/evalB/DP_OP_55J28_126_7099    174.6360     0.0    174.6360     0.0000 0.0000 Eval_33_5_DP_OP_55J28_126_7099_J28_0_0
core16_6/core4_1/evalB/DP_OP_56J28_127_9781    174.1320     0.0    174.1320     0.0000 0.0000 Eval_33_5_DP_OP_56J28_127_9781_J28_0_0
core16_6/core4_1/interp             2056.4460      0.3       0.7560    235.8720  0.0000  Interpolation_5
core16_6/core4_1/interp/interp      1819.8180      0.3       0.2520      0.0000  0.0000  InterpolationComb_5
core16_6/core4_1/interp/interp/DP_OP_106J27_122_4702   1819.5660     0.3   1819.5660     0.0000 0.0000 InterpolationComb_0_DP_OP_106J27_122_4702_J27_0_1
core16_6/core4_1/mult_x_1            739.7460      0.1     739.7460      0.0000  0.0000  core4_5_DW_mult_uns_J31_3_0
core16_6/core4_1/mult_x_2            850.3740      0.1     850.3740      0.0000  0.0000  core4_5_DW_mult_uns_J31_2_0
core16_6/core4_1/mult_x_3            834.3720      0.1     834.3720      0.0000  0.0000  core4_5_DW_mult_tc_J31_2_0
core16_6/core4_1/mult_x_4            856.9260      0.1     856.9260      0.0000  0.0000  core4_5_DW_mult_tc_J31_1_0
core16_6/core4_1/mult_x_5            881.3700      0.1     881.3700      0.0000  0.0000  core4_5_DW_mult_uns_J31_1_0
core16_6/core4_1/mult_x_6            905.8140      0.1     905.8140      0.0000  0.0000  core4_5_DW_mult_tc_J31_0_0
core16_6/core4_1/mult_x_7            739.7460      0.1     739.7460      0.0000  0.0000  core4_5_DW_mult_uns_J31_0_0
core16_6/core4_2                    8811.4319      1.4       1.0080    461.4120  0.0000  core4_4
core16_6/core4_2/evalA               660.3660      0.1      20.1600      0.0000  0.0000  Eval_32_4
core16_6/core4_2/evalA/DP_OP_53J27_123_8507    169.3440     0.0    169.3440     0.0000 0.0000 Eval_32_1_DP_OP_53J27_123_8507_J27_0_2
core16_6/core4_2/evalA/DP_OP_54J27_124_3738    232.8480     0.0    232.8480     0.0000 0.0000 Eval_32_1_DP_OP_54J27_124_3738_J27_0_2
core16_6/core4_2/evalA/DP_OP_55J27_125_1305    238.0140     0.0    238.0140     0.0000 0.0000 Eval_32_1_DP_OP_55J27_125_1305_J27_0_2
core16_6/core4_2/evalB               416.3040      0.1      12.8520      0.0000  0.0000  Eval_33_4
core16_6/core4_2/evalB/DP_OP_53J24_122_9164    105.3360     0.0    105.3360     0.0000 0.0000 Eval_33_1_DP_OP_53J24_122_9164_J24_0_2
core16_6/core4_2/evalB/DP_OP_54J24_123_1920    145.6560     0.0    145.6560     0.0000 0.0000 Eval_33_1_DP_OP_54J24_123_1920_J24_0_2
core16_6/core4_2/evalB/DP_OP_55J24_124_2354    152.4600     0.0    152.4600     0.0000 0.0000 Eval_33_1_DP_OP_55J24_124_2354_J24_0_2
core16_6/core4_2/interp             2150.4420      0.3       0.7560    243.9360  0.0000  Interpolation_4
core16_6/core4_2/interp/interp      1905.7500      0.3       0.2520      0.0000  0.0000  InterpolationComb_4
core16_6/core4_2/interp/interp/DP_OP_106J26_122_5351   1905.4980     0.3   1905.4980     0.0000 0.0000 InterpolationComb_1_DP_OP_106J26_122_5351_J26_0_3
core16_6/core4_2/mult_x_1            641.9700      0.1     641.9700      0.0000  0.0000  core4_1_DW_mult_tc_J18_6_2
core16_6/core4_2/mult_x_2            750.2040      0.1     750.2040      0.0000  0.0000  core4_1_DW_mult_tc_J18_5_2
core16_6/core4_2/mult_x_3            746.8020      0.1     746.8020      0.0000  0.0000  core4_1_DW_mult_tc_J18_4_2
core16_6/core4_2/mult_x_4            746.6760      0.1     746.6760      0.0000  0.0000  core4_1_DW_mult_tc_J18_3_2
core16_6/core4_2/mult_x_5            776.7900      0.1     776.7900      0.0000  0.0000  core4_1_DW_mult_tc_J18_2_2
core16_6/core4_2/mult_x_6            817.4880      0.1     817.4880      0.0000  0.0000  core4_1_DW_mult_tc_J18_1_2
core16_6/core4_2/mult_x_7            641.9700      0.1     641.9700      0.0000  0.0000  core4_1_DW_mult_tc_J18_0_2
core16_6/core4_3                    9975.9239      1.6       0.7560    461.5380  0.0000  core4_3
core16_6/core4_3/evalA               780.5700      0.1      25.2000      0.0000  0.0000  Eval_32_3
core16_6/core4_3/evalA/DP_OP_53J27_123_8507    196.9380     0.0    196.9380     0.0000 0.0000 Eval_32_1_DP_OP_53J27_123_8507_J27_0_1
core16_6/core4_3/evalA/DP_OP_54J27_124_3738    285.8940     0.0    285.8940     0.0000 0.0000 Eval_32_1_DP_OP_54J27_124_3738_J27_0_1
core16_6/core4_3/evalA/DP_OP_55J27_125_1305    272.5380     0.0    272.5380     0.0000 0.0000 Eval_32_1_DP_OP_55J27_125_1305_J27_0_1
core16_6/core4_3/evalB               633.4020      0.1      20.9160      0.0000  0.0000  Eval_33_3
core16_6/core4_3/evalB/DP_OP_53J24_122_9164    159.6420     0.0    159.6420     0.0000 0.0000 Eval_33_1_DP_OP_53J24_122_9164_J24_0_1
core16_6/core4_3/evalB/DP_OP_54J24_123_1920    233.1000     0.0    233.1000     0.0000 0.0000 Eval_33_1_DP_OP_54J24_123_1920_J24_0_1
core16_6/core4_3/evalB/DP_OP_55J24_124_2354    219.7440     0.0    219.7440     0.0000 0.0000 Eval_33_1_DP_OP_55J24_124_2354_J24_0_1
core16_6/core4_3/interp             2150.4420      0.3       0.7560    243.9360  0.0000  Interpolation_3
core16_6/core4_3/interp/interp      1905.7500      0.3       0.2520      0.0000  0.0000  InterpolationComb_3
core16_6/core4_3/interp/interp/DP_OP_106J26_122_5351   1905.4980     0.3   1905.4980     0.0000 0.0000 InterpolationComb_1_DP_OP_106J26_122_5351_J26_0_2
core16_6/core4_3/mult_x_1            696.0240      0.1     696.0240      0.0000  0.0000  core4_1_DW_mult_tc_J18_6_1
core16_6/core4_3/mult_x_2            877.3380      0.1     877.3380      0.0000  0.0000  core4_1_DW_mult_tc_J18_5_1
core16_6/core4_3/mult_x_3            917.9100      0.1     917.9100      0.0000  0.0000  core4_1_DW_mult_tc_J18_4_1
core16_6/core4_3/mult_x_4            919.5480      0.1     919.5480      0.0000  0.0000  core4_1_DW_mult_tc_J18_3_1
core16_6/core4_3/mult_x_5            920.9340      0.1     920.9340      0.0000  0.0000  core4_1_DW_mult_tc_J18_2_1
core16_6/core4_3/mult_x_6            921.4380      0.1     921.4380      0.0000  0.0000  core4_1_DW_mult_tc_J18_1_1
core16_6/core4_3/mult_x_7            696.0240      0.1     696.0240      0.0000  0.0000  core4_1_DW_mult_tc_J18_0_1
core16_6/core4_4                    9531.2699      1.5       1.0080    461.5380  0.0000  core4_2
core16_6/core4_4/evalA               735.5880      0.1      22.4280      0.0000  0.0000  Eval_32_2
core16_6/core4_4/evalA/DP_OP_54J15_122_8893    190.3860     0.0    190.3860     0.0000 0.0000 Eval_32_2_DP_OP_54J15_122_8893_J15_0_0
core16_6/core4_4/evalA/DP_OP_55J15_123_92    258.8040     0.0    258.8040     0.0000 0.0000 Eval_32_2_DP_OP_55J15_123_92_J15_0_0
core16_6/core4_4/evalA/DP_OP_56J15_124_3580    263.9700     0.0    263.9700     0.0000 0.0000 Eval_32_2_DP_OP_56J15_124_3580_J15_0_0
core16_6/core4_4/evalB               494.1720      0.1      15.8760      0.0000  0.0000  Eval_33_2
core16_6/core4_4/evalB/DP_OP_54J27_129_6062    128.1420     0.0    128.1420     0.0000 0.0000 Eval_33_2_DP_OP_54J27_129_6062_J27_0_0
core16_6/core4_4/evalB/DP_OP_55J27_130_8970    172.1160     0.0    172.1160     0.0000 0.0000 Eval_33_2_DP_OP_55J27_130_8970_J27_0_0
core16_6/core4_4/evalB/DP_OP_56J27_131_2491    178.0380     0.0    178.0380     0.0000 0.0000 Eval_33_2_DP_OP_56J27_131_2491_J27_0_0
core16_6/core4_4/interp             2150.4420      0.3       0.7560    243.9360  0.0000  Interpolation_2
core16_6/core4_4/interp/interp      1905.7500      0.3       0.2520      0.0000  0.0000  InterpolationComb_2
core16_6/core4_4/interp/interp/DP_OP_106J26_122_5351   1905.4980     0.3   1905.4980     0.0000 0.0000 InterpolationComb_1_DP_OP_106J26_122_5351_J26_0_1
core16_6/core4_4/mult_x_1            730.1700      0.1     730.1700      0.0000  0.0000  core4_2_DW_mult_uns_J33_3_0
core16_6/core4_4/mult_x_2            828.9540      0.1     828.9540      0.0000  0.0000  core4_2_DW_mult_uns_J33_2_0
core16_6/core4_4/mult_x_3            829.2060      0.1     829.2060      0.0000  0.0000  core4_2_DW_mult_tc_J33_2_0
core16_6/core4_4/mult_x_4            817.3620      0.1     817.3620      0.0000  0.0000  core4_2_DW_mult_tc_J33_1_0
core16_6/core4_4/mult_x_5            879.6060      0.1     879.6060      0.0000  0.0000  core4_2_DW_mult_uns_J33_1_0
core16_6/core4_4/mult_x_6            873.0540      0.1     873.0540      0.0000  0.0000  core4_2_DW_mult_tc_J33_0_0
core16_6/core4_4/mult_x_7            730.1700      0.1     730.1700      0.0000  0.0000  core4_2_DW_mult_uns_J33_0_0
core16_6/core4_5                   10109.8619      1.6       0.7560    461.5380  0.0000  core4_1
core16_6/core4_5/evalA               781.0740      0.1      25.7040      0.0000  0.0000  Eval_32_1
core16_6/core4_5/evalA/DP_OP_53J27_123_8507    196.9380     0.0    196.9380     0.0000 0.0000 Eval_32_1_DP_OP_53J27_123_8507_J27_0_0
core16_6/core4_5/evalA/DP_OP_54J27_124_3738    285.8940     0.0    285.8940     0.0000 0.0000 Eval_32_1_DP_OP_54J27_124_3738_J27_0_0
core16_6/core4_5/evalA/DP_OP_55J27_125_1305    272.5380     0.0    272.5380     0.0000 0.0000 Eval_32_1_DP_OP_55J27_125_1305_J27_0_0
core16_6/core4_5/evalB               635.5440      0.1      21.4200      0.0000  0.0000  Eval_33_1
core16_6/core4_5/evalB/DP_OP_53J24_122_9164    160.9020     0.0    160.9020     0.0000 0.0000 Eval_33_1_DP_OP_53J24_122_9164_J24_0_0
core16_6/core4_5/evalB/DP_OP_54J24_123_1920    232.9740     0.0    232.9740     0.0000 0.0000 Eval_33_1_DP_OP_54J24_123_1920_J24_0_0
core16_6/core4_5/evalB/DP_OP_55J24_124_2354    220.2480     0.0    220.2480     0.0000 0.0000 Eval_33_1_DP_OP_55J24_124_2354_J24_0_0
core16_6/core4_5/interp             2150.4420      0.3       0.7560    243.9360  0.0000  Interpolation_1
core16_6/core4_5/interp/interp      1905.7500      0.3       0.2520      0.0000  0.0000  InterpolationComb_1
core16_6/core4_5/interp/interp/DP_OP_106J26_122_5351   1905.4980     0.3   1905.4980     0.0000 0.0000 InterpolationComb_1_DP_OP_106J26_122_5351_J26_0_0
core16_6/core4_5/mult_x_1            765.9540      0.1     765.9540      0.0000  0.0000  core4_1_DW_mult_tc_J18_6_0
core16_6/core4_5/mult_x_2            875.9520      0.1     875.9520      0.0000  0.0000  core4_1_DW_mult_tc_J18_5_0
core16_6/core4_5/mult_x_3            917.9100      0.1     917.9100      0.0000  0.0000  core4_1_DW_mult_tc_J18_4_0
core16_6/core4_5/mult_x_4            918.1620      0.1     918.1620      0.0000  0.0000  core4_1_DW_mult_tc_J18_3_0
core16_6/core4_5/mult_x_5            918.6660      0.1     918.6660      0.0000  0.0000  core4_1_DW_mult_tc_J18_2_0
core16_6/core4_5/mult_x_6            917.9100      0.1     917.9100      0.0000  0.0000  core4_1_DW_mult_tc_J18_1_0
core16_6/core4_5/mult_x_7            765.9540      0.1     765.9540      0.0000  0.0000  core4_1_DW_mult_tc_J18_0_0
core16_6/core4_6                    8294.4539      1.3       1.0080    461.6640  0.0000  core4_0
core16_6/core4_6/evalA               622.5660      0.1      23.1840      0.0000  0.0000  Eval_32_0
core16_6/core4_6/evalA/DP_OP_54J25_122_2387    160.2720     0.0    160.2720     0.0000 0.0000 Eval_32_0_DP_OP_54J25_122_2387_J25_0_0
core16_6/core4_6/evalA/DP_OP_55J25_123_8268    216.5940     0.0    216.5940     0.0000 0.0000 Eval_32_0_DP_OP_55J25_123_8268_J25_0_0
core16_6/core4_6/evalA/DP_OP_56J25_124_2036    222.5160     0.0    222.5160     0.0000 0.0000 Eval_32_0_DP_OP_56J25_124_2036_J25_0_0
core16_6/core4_6/evalB               373.5900      0.1      11.8440      0.0000  0.0000  Eval_33_0
core16_6/core4_6/evalB/DP_OP_54J22_125_8022     96.0120     0.0     96.0120     0.0000 0.0000 Eval_33_0_DP_OP_54J22_125_8022_J22_0_0
core16_6/core4_6/evalB/DP_OP_55J22_126_4344    129.9060     0.0    129.9060     0.0000 0.0000 Eval_33_0_DP_OP_55J22_126_4344_J22_0_0
core16_6/core4_6/evalB/DP_OP_56J22_127_8079    135.8280     0.0    135.8280     0.0000 0.0000 Eval_33_0_DP_OP_56J22_127_8079_J22_0_0
core16_6/core4_6/interp             2056.4460      0.3       0.7560    235.8720  0.0000  Interpolation_0
core16_6/core4_6/interp/interp      1819.8180      0.3       0.2520      0.0000  0.0000  InterpolationComb_0
core16_6/core4_6/interp/interp/DP_OP_106J27_122_4702   1819.5660     0.3   1819.5660     0.0000 0.0000 InterpolationComb_0_DP_OP_106J27_122_4702_J27_0_0
core16_6/core4_6/mult_x_1            548.9820      0.1     548.9820      0.0000  0.0000  core4_0_DW_mult_uns_J15_3_0
core16_6/core4_6/mult_x_2            739.7460      0.1     739.7460      0.0000  0.0000  core4_0_DW_mult_uns_J15_2_0
core16_6/core4_6/mult_x_3            662.1300      0.1     662.1300      0.0000  0.0000  core4_0_DW_mult_tc_J15_2_0
core16_6/core4_6/mult_x_4            722.4840      0.1     722.4840      0.0000  0.0000  core4_0_DW_mult_tc_J15_1_0
core16_6/core4_6/mult_x_5            758.8980      0.1     758.8980      0.0000  0.0000  core4_0_DW_mult_uns_J15_1_0
core16_6/core4_6/mult_x_6            797.9580      0.1     797.9580      0.0000  0.0000  core4_0_DW_mult_tc_J15_0_0
core16_6/core4_6/mult_x_7            548.9820      0.1     548.9820      0.0000  0.0000  core4_0_DW_mult_uns_J15_0_0
core16_6/evalA                       622.5660      0.1      23.1840      0.0000  0.0000  Eval_32_52
core16_6/evalA/DP_OP_54J33_122_4711    160.2720     0.0    160.2720      0.0000  0.0000  Eval_32_49_DP_OP_54J33_122_4711_J33_0_3
core16_6/evalA/DP_OP_55J33_123_8408    216.5940     0.0    216.5940      0.0000  0.0000  Eval_32_49_DP_OP_55J33_123_8408_J33_0_3
core16_6/evalA/DP_OP_56J33_124_9411    222.5160     0.0    222.5160      0.0000  0.0000  Eval_32_49_DP_OP_56J33_124_9411_J33_0_3
core16_6/evalA_1                     617.9040      0.1      18.5220      0.0000  0.0000  Eval_32_51
core16_6/evalA_1/DP_OP_54J33_122_4711    160.2720     0.0    160.2720     0.0000 0.0000  Eval_32_49_DP_OP_54J33_122_4711_J33_0_2
core16_6/evalA_1/DP_OP_55J33_123_8408    216.5940     0.0    216.5940     0.0000 0.0000  Eval_32_49_DP_OP_55J33_123_8408_J33_0_2
core16_6/evalA_1/DP_OP_56J33_124_9411    222.5160     0.0    222.5160     0.0000 0.0000  Eval_32_49_DP_OP_56J33_124_9411_J33_0_2
core16_6/evalA_2                     617.9040      0.1      18.5220      0.0000  0.0000  Eval_32_50
core16_6/evalA_2/DP_OP_54J33_122_4711    160.2720     0.0    160.2720     0.0000 0.0000  Eval_32_49_DP_OP_54J33_122_4711_J33_0_1
core16_6/evalA_2/DP_OP_55J33_123_8408    216.5940     0.0    216.5940     0.0000 0.0000  Eval_32_49_DP_OP_55J33_123_8408_J33_0_1
core16_6/evalA_2/DP_OP_56J33_124_9411    222.5160     0.0    222.5160     0.0000 0.0000  Eval_32_49_DP_OP_56J33_124_9411_J33_0_1
core16_6/evalA_3                     622.5660      0.1      23.1840      0.0000  0.0000  Eval_32_49
core16_6/evalA_3/DP_OP_54J33_122_4711    160.2720     0.0    160.2720     0.0000 0.0000  Eval_32_49_DP_OP_54J33_122_4711_J33_0_0
core16_6/evalA_3/DP_OP_55J33_123_8408    216.5940     0.0    216.5940     0.0000 0.0000  Eval_32_49_DP_OP_55J33_123_8408_J33_0_0
core16_6/evalA_3/DP_OP_56J33_124_9411    222.5160     0.0    222.5160     0.0000 0.0000  Eval_32_49_DP_OP_56J33_124_9411_J33_0_0
core16_6/evalB                       375.8580      0.1      12.2220      0.0000  0.0000  Eval_33_52
core16_6/evalB/DP_OP_54J23_125_8523     96.0120     0.0     96.0120      0.0000  0.0000  Eval_33_49_DP_OP_54J23_125_8523_J23_0_3
core16_6/evalB/DP_OP_55J23_126_2557    130.5360     0.0    130.5360      0.0000  0.0000  Eval_33_49_DP_OP_55J23_126_2557_J23_0_3
core16_6/evalB/DP_OP_56J23_127_6292    137.0880     0.0    137.0880      0.0000  0.0000  Eval_33_49_DP_OP_56J23_127_6292_J23_0_3
core16_6/evalB_1                     373.3380      0.1      10.9620      0.0000  0.0000  Eval_33_51
core16_6/evalB_1/DP_OP_54J23_125_8523     96.0120     0.0     96.0120     0.0000 0.0000  Eval_33_49_DP_OP_54J23_125_8523_J23_0_2
core16_6/evalB_1/DP_OP_55J23_126_2557    130.5360     0.0    130.5360     0.0000 0.0000  Eval_33_49_DP_OP_55J23_126_2557_J23_0_2
core16_6/evalB_1/DP_OP_56J23_127_6292    135.8280     0.0    135.8280     0.0000 0.0000  Eval_33_49_DP_OP_56J23_127_6292_J23_0_2
core16_6/evalB_2                     380.8980      0.1      11.0880      0.0000  0.0000  Eval_33_50
core16_6/evalB_2/DP_OP_54J23_125_8523     96.0120     0.0     96.0120     0.0000 0.0000  Eval_33_49_DP_OP_54J23_125_8523_J23_0_1
core16_6/evalB_2/DP_OP_55J23_126_2557    137.3400     0.0    137.3400     0.0000 0.0000  Eval_33_49_DP_OP_55J23_126_2557_J23_0_1
core16_6/evalB_2/DP_OP_56J23_127_6292    136.4580     0.0    136.4580     0.0000 0.0000  Eval_33_49_DP_OP_56J23_127_6292_J23_0_1
core16_6/evalB_3                     377.6220      0.1      12.2220      0.0000  0.0000  Eval_33_49
core16_6/evalB_3/DP_OP_54J23_125_8523     97.5240     0.0     97.5240     0.0000 0.0000  Eval_33_49_DP_OP_54J23_125_8523_J23_0_0
core16_6/evalB_3/DP_OP_55J23_126_2557    131.1660     0.0    131.1660     0.0000 0.0000  Eval_33_49_DP_OP_55J23_126_2557_J23_0_0
core16_6/evalB_3/DP_OP_56J23_127_6292    136.7100     0.0    136.7100     0.0000 0.0000  Eval_33_49_DP_OP_56J23_127_6292_J23_0_0
core16_6/interp                     7631.4419      1.2       0.7560    840.6720  0.0000  Interpolation_7_0
core16_6/interp/interp              6790.0139      1.1       0.2520      0.0000  0.0000  InterpolationComb_7_0
core16_6/interp/interp/DP_OP_421J12_122_2675   6789.7619     1.1   6789.7619     0.0000 0.0000 InterpolationComb_7_0_DP_OP_421J12_122_2675_J12_0_0
evalA                                620.6760      0.1      25.4520      0.0000  0.0000  Eval_16
evalA/DP_OP_52J14_125_6887           160.2720      0.0     160.2720      0.0000  0.0000  Eval_0_DP_OP_52J14_125_6887_J14_0_15
evalA/DP_OP_53J14_126_2684           213.9480      0.0     213.9480      0.0000  0.0000  Eval_0_DP_OP_53J14_126_2684_J14_0_15
evalA/DP_OP_54J14_127_8373           221.0040      0.0     221.0040      0.0000  0.0000  Eval_0_DP_OP_54J14_127_8373_J14_0_15
evalA_1                              617.9040      0.1      22.5540      0.0000  0.0000  Eval_15
evalA_1/DP_OP_52J14_125_6887         160.2720      0.0     160.2720      0.0000  0.0000  Eval_0_DP_OP_52J14_125_6887_J14_0_14
evalA_1/DP_OP_53J14_126_2684         213.9480      0.0     213.9480      0.0000  0.0000  Eval_0_DP_OP_53J14_126_2684_J14_0_14
evalA_1/DP_OP_54J14_127_8373         221.1300      0.0     221.1300      0.0000  0.0000  Eval_0_DP_OP_54J14_127_8373_J14_0_14
evalA_10                             617.9040      0.1      22.5540      0.0000  0.0000  Eval_6
evalA_10/DP_OP_52J14_125_6887        160.2720      0.0     160.2720      0.0000  0.0000  Eval_0_DP_OP_52J14_125_6887_J14_0_5
evalA_10/DP_OP_53J14_126_2684        213.9480      0.0     213.9480      0.0000  0.0000  Eval_0_DP_OP_53J14_126_2684_J14_0_5
evalA_10/DP_OP_54J14_127_8373        221.1300      0.0     221.1300      0.0000  0.0000  Eval_0_DP_OP_54J14_127_8373_J14_0_5
evalA_11                             617.2740      0.1      22.0500      0.0000  0.0000  Eval_5
evalA_11/DP_OP_52J14_125_6887        160.2720      0.0     160.2720      0.0000  0.0000  Eval_0_DP_OP_52J14_125_6887_J14_0_4
evalA_11/DP_OP_53J14_126_2684        213.9480      0.0     213.9480      0.0000  0.0000  Eval_0_DP_OP_53J14_126_2684_J14_0_4
evalA_11/DP_OP_54J14_127_8373        221.0040      0.0     221.0040      0.0000  0.0000  Eval_0_DP_OP_54J14_127_8373_J14_0_4
evalA_12                             620.2980      0.1      25.0740      0.0000  0.0000  Eval_4
evalA_12/DP_OP_52J14_125_6887        160.2720      0.0     160.2720      0.0000  0.0000  Eval_0_DP_OP_52J14_125_6887_J14_0_3
evalA_12/DP_OP_53J14_126_2684        213.9480      0.0     213.9480      0.0000  0.0000  Eval_0_DP_OP_53J14_126_2684_J14_0_3
evalA_12/DP_OP_54J14_127_8373        221.0040      0.0     221.0040      0.0000  0.0000  Eval_0_DP_OP_54J14_127_8373_J14_0_3
evalA_13                             617.9040      0.1      22.5540      0.0000  0.0000  Eval_3
evalA_13/DP_OP_52J14_125_6887        160.2720      0.0     160.2720      0.0000  0.0000  Eval_0_DP_OP_52J14_125_6887_J14_0_2
evalA_13/DP_OP_53J14_126_2684        213.9480      0.0     213.9480      0.0000  0.0000  Eval_0_DP_OP_53J14_126_2684_J14_0_2
evalA_13/DP_OP_54J14_127_8373        221.1300      0.0     221.1300      0.0000  0.0000  Eval_0_DP_OP_54J14_127_8373_J14_0_2
evalA_14                             617.9040      0.1      22.5540      0.0000  0.0000  Eval_2
evalA_14/DP_OP_52J14_125_6887        160.2720      0.0     160.2720      0.0000  0.0000  Eval_0_DP_OP_52J14_125_6887_J14_0_1
evalA_14/DP_OP_53J14_126_2684        213.9480      0.0     213.9480      0.0000  0.0000  Eval_0_DP_OP_53J14_126_2684_J14_0_1
evalA_14/DP_OP_54J14_127_8373        221.1300      0.0     221.1300      0.0000  0.0000  Eval_0_DP_OP_54J14_127_8373_J14_0_1
evalA_15                             620.2980      0.1      25.0740      0.0000  0.0000  Eval_0
evalA_15/DP_OP_52J14_125_6887        160.2720      0.0     160.2720      0.0000  0.0000  Eval_0_DP_OP_52J14_125_6887_J14_0_0
evalA_15/DP_OP_53J14_126_2684        213.9480      0.0     213.9480      0.0000  0.0000  Eval_0_DP_OP_53J14_126_2684_J14_0_0
evalA_15/DP_OP_54J14_127_8373        221.0040      0.0     221.0040      0.0000  0.0000  Eval_0_DP_OP_54J14_127_8373_J14_0_0
evalA_2                              617.9040      0.1      22.5540      0.0000  0.0000  Eval_14
evalA_2/DP_OP_52J14_125_6887         160.2720      0.0     160.2720      0.0000  0.0000  Eval_0_DP_OP_52J14_125_6887_J14_0_13
evalA_2/DP_OP_53J14_126_2684         213.9480      0.0     213.9480      0.0000  0.0000  Eval_0_DP_OP_53J14_126_2684_J14_0_13
evalA_2/DP_OP_54J14_127_8373         221.1300      0.0     221.1300      0.0000  0.0000  Eval_0_DP_OP_54J14_127_8373_J14_0_13
evalA_3                              620.6760      0.1      25.4520      0.0000  0.0000  Eval_13
evalA_3/DP_OP_52J14_125_6887         160.2720      0.0     160.2720      0.0000  0.0000  Eval_0_DP_OP_52J14_125_6887_J14_0_12
evalA_3/DP_OP_53J14_126_2684         213.9480      0.0     213.9480      0.0000  0.0000  Eval_0_DP_OP_53J14_126_2684_J14_0_12
evalA_3/DP_OP_54J14_127_8373         221.0040      0.0     221.0040      0.0000  0.0000  Eval_0_DP_OP_54J14_127_8373_J14_0_12
evalA_4                              617.1480      0.1      21.9240      0.0000  0.0000  Eval_12
evalA_4/DP_OP_52J14_125_6887         160.2720      0.0     160.2720      0.0000  0.0000  Eval_0_DP_OP_52J14_125_6887_J14_0_11
evalA_4/DP_OP_53J14_126_2684         213.9480      0.0     213.9480      0.0000  0.0000  Eval_0_DP_OP_53J14_126_2684_J14_0_11
evalA_4/DP_OP_54J14_127_8373         221.0040      0.0     221.0040      0.0000  0.0000  Eval_0_DP_OP_54J14_127_8373_J14_0_11
evalA_5                              617.9040      0.1      22.5540      0.0000  0.0000  Eval_11
evalA_5/DP_OP_52J14_125_6887         160.2720      0.0     160.2720      0.0000  0.0000  Eval_0_DP_OP_52J14_125_6887_J14_0_10
evalA_5/DP_OP_53J14_126_2684         213.9480      0.0     213.9480      0.0000  0.0000  Eval_0_DP_OP_53J14_126_2684_J14_0_10
evalA_5/DP_OP_54J14_127_8373         221.1300      0.0     221.1300      0.0000  0.0000  Eval_0_DP_OP_54J14_127_8373_J14_0_10
evalA_6                              617.9040      0.1      22.5540      0.0000  0.0000  Eval_10
evalA_6/DP_OP_52J14_125_6887         160.2720      0.0     160.2720      0.0000  0.0000  Eval_0_DP_OP_52J14_125_6887_J14_0_9
evalA_6/DP_OP_53J14_126_2684         213.9480      0.0     213.9480      0.0000  0.0000  Eval_0_DP_OP_53J14_126_2684_J14_0_9
evalA_6/DP_OP_54J14_127_8373         221.1300      0.0     221.1300      0.0000  0.0000  Eval_0_DP_OP_54J14_127_8373_J14_0_9
evalA_7                              617.2740      0.1      22.0500      0.0000  0.0000  Eval_9
evalA_7/DP_OP_52J14_125_6887         160.2720      0.0     160.2720      0.0000  0.0000  Eval_0_DP_OP_52J14_125_6887_J14_0_8
evalA_7/DP_OP_53J14_126_2684         213.9480      0.0     213.9480      0.0000  0.0000  Eval_0_DP_OP_53J14_126_2684_J14_0_8
evalA_7/DP_OP_54J14_127_8373         221.0040      0.0     221.0040      0.0000  0.0000  Eval_0_DP_OP_54J14_127_8373_J14_0_8
evalA_8                              617.1480      0.1      21.9240      0.0000  0.0000  Eval_8
evalA_8/DP_OP_52J14_125_6887         160.2720      0.0     160.2720      0.0000  0.0000  Eval_0_DP_OP_52J14_125_6887_J14_0_7
evalA_8/DP_OP_53J14_126_2684         213.9480      0.0     213.9480      0.0000  0.0000  Eval_0_DP_OP_53J14_126_2684_J14_0_7
evalA_8/DP_OP_54J14_127_8373         221.0040      0.0     221.0040      0.0000  0.0000  Eval_0_DP_OP_54J14_127_8373_J14_0_7
evalA_9                              617.9040      0.1      22.5540      0.0000  0.0000  Eval_7
evalA_9/DP_OP_52J14_125_6887         160.2720      0.0     160.2720      0.0000  0.0000  Eval_0_DP_OP_52J14_125_6887_J14_0_6
evalA_9/DP_OP_53J14_126_2684         213.9480      0.0     213.9480      0.0000  0.0000  Eval_0_DP_OP_53J14_126_2684_J14_0_6
evalA_9/DP_OP_54J14_127_8373         221.1300      0.0     221.1300      0.0000  0.0000  Eval_0_DP_OP_54J14_127_8373_J14_0_6
evalB                                372.5820      0.1      15.1200      0.0000  0.0000  Eval_1_15
evalB/DP_OP_52J25_125_4593            96.0120      0.0      96.0120      0.0000  0.0000  Eval_1_0_DP_OP_52J25_125_4593_J25_0_15
evalB/DP_OP_53J25_126_1321           127.7640      0.0     127.7640      0.0000  0.0000  Eval_1_0_DP_OP_53J25_126_1321_J25_0_15
evalB/DP_OP_54J25_127_2501           133.6860      0.0     133.6860      0.0000  0.0000  Eval_1_0_DP_OP_54J25_127_2501_J25_0_15
evalB_1                              383.7960      0.1      18.0180      0.0000  0.0000  Eval_1_14
evalB_1/DP_OP_52J25_125_4593          96.0120      0.0      96.0120      0.0000  0.0000  Eval_1_0_DP_OP_52J25_125_4593_J25_0_14
evalB_1/DP_OP_53J25_126_1321         134.9460      0.0     134.9460      0.0000  0.0000  Eval_1_0_DP_OP_53J25_126_1321_J25_0_14
evalB_1/DP_OP_54J25_127_2501         134.8200      0.0     134.8200      0.0000  0.0000  Eval_1_0_DP_OP_54J25_127_2501_J25_0_14
evalB_10                             379.1340      0.1      18.0180      0.0000  0.0000  Eval_1_5
evalB_10/DP_OP_52J25_125_4593         98.1540      0.0      98.1540      0.0000  0.0000  Eval_1_0_DP_OP_52J25_125_4593_J25_0_5
evalB_10/DP_OP_53J25_126_1321        127.3860      0.0     127.3860      0.0000  0.0000  Eval_1_0_DP_OP_53J25_126_1321_J25_0_5
evalB_10/DP_OP_54J25_127_2501        135.5760      0.0     135.5760      0.0000  0.0000  Eval_1_0_DP_OP_54J25_127_2501_J25_0_5
evalB_11                             384.1740      0.1      15.4980      0.0000  0.0000  Eval_1_4
evalB_11/DP_OP_52J25_125_4593         99.4140      0.0      99.4140      0.0000  0.0000  Eval_1_0_DP_OP_52J25_125_4593_J25_0_4
evalB_11/DP_OP_53J25_126_1321        130.1580      0.0     130.1580      0.0000  0.0000  Eval_1_0_DP_OP_53J25_126_1321_J25_0_4
evalB_11/DP_OP_54J25_127_2501        139.1040      0.0     139.1040      0.0000  0.0000  Eval_1_0_DP_OP_54J25_127_2501_J25_0_4
evalB_12                             377.6220      0.1      19.1520      0.0000  0.0000  Eval_1_3
evalB_12/DP_OP_52J25_125_4593         97.9020      0.0      97.9020      0.0000  0.0000  Eval_1_0_DP_OP_52J25_125_4593_J25_0_3
evalB_12/DP_OP_53J25_126_1321        126.1260      0.0     126.1260      0.0000  0.0000  Eval_1_0_DP_OP_53J25_126_1321_J25_0_3
evalB_12/DP_OP_54J25_127_2501        134.4420      0.0     134.4420      0.0000  0.0000  Eval_1_0_DP_OP_54J25_127_2501_J25_0_3
evalB_13                             383.4180      0.1      18.0180      0.0000  0.0000  Eval_1_2
evalB_13/DP_OP_52J25_125_4593         97.5240      0.0      97.5240      0.0000  0.0000  Eval_1_0_DP_OP_52J25_125_4593_J25_0_2
evalB_13/DP_OP_53J25_126_1321        129.9060      0.0     129.9060      0.0000  0.0000  Eval_1_0_DP_OP_53J25_126_1321_J25_0_2
evalB_13/DP_OP_54J25_127_2501        137.9700      0.0     137.9700      0.0000  0.0000  Eval_1_0_DP_OP_54J25_127_2501_J25_0_2
evalB_14                             385.0560      0.1      18.0180      0.0000  0.0000  Eval_1_1
evalB_14/DP_OP_52J25_125_4593         97.2720      0.0      97.2720      0.0000  0.0000  Eval_1_0_DP_OP_52J25_125_4593_J25_0_1
evalB_14/DP_OP_53J25_126_1321        133.5600      0.0     133.5600      0.0000  0.0000  Eval_1_0_DP_OP_53J25_126_1321_J25_0_1
evalB_14/DP_OP_54J25_127_2501        136.2060      0.0     136.2060      0.0000  0.0000  Eval_1_0_DP_OP_54J25_127_2501_J25_0_1
evalB_15                             379.1340      0.1      18.1440      0.0000  0.0000  Eval_1_0
evalB_15/DP_OP_52J25_125_4593         97.5240      0.0      97.5240      0.0000  0.0000  Eval_1_0_DP_OP_52J25_125_4593_J25_0_0
evalB_15/DP_OP_53J25_126_1321        128.7720      0.0     128.7720      0.0000  0.0000  Eval_1_0_DP_OP_53J25_126_1321_J25_0_0
evalB_15/DP_OP_54J25_127_2501        134.6940      0.0     134.6940      0.0000  0.0000  Eval_1_0_DP_OP_54J25_127_2501_J25_0_0
evalB_2                              381.2760      0.1      18.0180      0.0000  0.0000  Eval_1_13
evalB_2/DP_OP_52J25_125_4593          98.1540      0.0      98.1540      0.0000  0.0000  Eval_1_0_DP_OP_52J25_125_4593_J25_0_13
evalB_2/DP_OP_53J25_126_1321         130.9140      0.0     130.9140      0.0000  0.0000  Eval_1_0_DP_OP_53J25_126_1321_J25_0_13
evalB_2/DP_OP_54J25_127_2501         134.1900      0.0     134.1900      0.0000  0.0000  Eval_1_0_DP_OP_54J25_127_2501_J25_0_13
evalB_3                              380.3940      0.1      18.9000      0.0000  0.0000  Eval_1_12
evalB_3/DP_OP_52J25_125_4593          97.7760      0.0      97.7760      0.0000  0.0000  Eval_1_0_DP_OP_52J25_125_4593_J25_0_12
evalB_3/DP_OP_53J25_126_1321         128.2680      0.0     128.2680      0.0000  0.0000  Eval_1_0_DP_OP_53J25_126_1321_J25_0_12
evalB_3/DP_OP_54J25_127_2501         135.4500      0.0     135.4500      0.0000  0.0000  Eval_1_0_DP_OP_54J25_127_2501_J25_0_12
evalB_4                              375.1020      0.1      14.6160      0.0000  0.0000  Eval_1_11
evalB_4/DP_OP_52J25_125_4593          99.1620      0.0      99.1620      0.0000  0.0000  Eval_1_0_DP_OP_52J25_125_4593_J25_0_11
evalB_4/DP_OP_53J25_126_1321         128.5200      0.0     128.5200      0.0000  0.0000  Eval_1_0_DP_OP_53J25_126_1321_J25_0_11
evalB_4/DP_OP_54J25_127_2501         132.8040      0.0     132.8040      0.0000  0.0000  Eval_1_0_DP_OP_54J25_127_2501_J25_0_11
evalB_5                              378.1260      0.1      18.0180      0.0000  0.0000  Eval_1_10
evalB_5/DP_OP_52J25_125_4593          97.9020      0.0      97.9020      0.0000  0.0000  Eval_1_0_DP_OP_52J25_125_4593_J25_0_10
evalB_5/DP_OP_53J25_126_1321         127.3860      0.0     127.3860      0.0000  0.0000  Eval_1_0_DP_OP_53J25_126_1321_J25_0_10
evalB_5/DP_OP_54J25_127_2501         134.8200      0.0     134.8200      0.0000  0.0000  Eval_1_0_DP_OP_54J25_127_2501_J25_0_10
evalB_6                              378.1260      0.1      18.0180      0.0000  0.0000  Eval_1_9
evalB_6/DP_OP_52J25_125_4593          97.9020      0.0      97.9020      0.0000  0.0000  Eval_1_0_DP_OP_52J25_125_4593_J25_0_9
evalB_6/DP_OP_53J25_126_1321         128.6460      0.0     128.6460      0.0000  0.0000  Eval_1_0_DP_OP_53J25_126_1321_J25_0_9
evalB_6/DP_OP_54J25_127_2501         133.5600      0.0     133.5600      0.0000  0.0000  Eval_1_0_DP_OP_54J25_127_2501_J25_0_9
evalB_7                              378.7560      0.1      15.8760      0.0000  0.0000  Eval_1_8
evalB_7/DP_OP_52J25_125_4593          96.3900      0.0      96.3900      0.0000  0.0000  Eval_1_0_DP_OP_52J25_125_4593_J25_0_8
evalB_7/DP_OP_53J25_126_1321         128.8980      0.0     128.8980      0.0000  0.0000  Eval_1_0_DP_OP_53J25_126_1321_J25_0_8
evalB_7/DP_OP_54J25_127_2501         137.5920      0.0     137.5920      0.0000  0.0000  Eval_1_0_DP_OP_54J25_127_2501_J25_0_8
evalB_8                              377.2440      0.1      14.6160      0.0000  0.0000  Eval_1_7
evalB_8/DP_OP_52J25_125_4593          99.4140      0.0      99.4140      0.0000  0.0000  Eval_1_0_DP_OP_52J25_125_4593_J25_0_7
evalB_8/DP_OP_53J25_126_1321         127.2600      0.0     127.2600      0.0000  0.0000  Eval_1_0_DP_OP_53J25_126_1321_J25_0_7
evalB_8/DP_OP_54J25_127_2501         135.9540      0.0     135.9540      0.0000  0.0000  Eval_1_0_DP_OP_54J25_127_2501_J25_0_7
evalB_9                              379.7640      0.1      18.0180      0.0000  0.0000  Eval_1_6
evalB_9/DP_OP_52J25_125_4593         100.0440      0.0     100.0440      0.0000  0.0000  Eval_1_0_DP_OP_52J25_125_4593_J25_0_6
evalB_9/DP_OP_53J25_126_1321         126.2520      0.0     126.2520      0.0000  0.0000  Eval_1_0_DP_OP_53J25_126_1321_J25_0_6
evalB_9/DP_OP_54J25_127_2501         135.4500      0.0     135.4500      0.0000  0.0000  Eval_1_0_DP_OP_54J25_127_2501_J25_0_6
interp                             28597.9676      4.5       0.7560   3098.5920  0.0000  Interpolation_56
interp/interp                      25498.6196      4.0       0.2520      0.0000  0.0000  InterpolationComb_56
interp/interp/DP_OP_1681J3_122_2968  25498.3676     4.0  25498.3676      0.0000  0.0000  InterpolationComb_56_DP_OP_1681J3_122_2968_J3_0
--------------------------------  -----------  -------  -----------  ----------  ------  ---------------------------------------------------
Total                                                   568490.3192  61207.2730  0.0000

1
