 
****************************************
Report : area
Design : core64_a32_b10_c32
Version: O-2018.06-SP5
Date   : Wed May 13 02:26:56 2026
****************************************

Library(s) Used:

    tcbn28hpcplusbwp40p140lvtssg0p81vm40c_ccs (File: /export1/Library/TN28HPC+/STD_CELL_ext/track9_200824/TSMCHOME/digital/Front_End/timing_power_noise/CCS/tcbn28hpcplusbwp40p140lvt_180a/tcbn28hpcplusbwp40p140lvtssg0p81vm40c_ccs.db)
    tcbn28hpcplusbwp40p140ssg0p81vm40c_ccs (File: /export1/Library/TN28HPC+/STD_CELL_ext/track9_200824/TSMCHOME/digital/Front_End/timing_power_noise/CCS/tcbn28hpcplusbwp40p140_180a/tcbn28hpcplusbwp40p140ssg0p81vm40c_ccs.db)
    tcbn28hpcplusbwp40p140hvtssg0p81vm40c_ccs (File: /export1/Library/TN28HPC+/STD_CELL_ext/track9_200824/TSMCHOME/digital/Front_End/timing_power_noise/CCS/tcbn28hpcplusbwp40p140hvt_180a/tcbn28hpcplusbwp40p140hvtssg0p81vm40c_ccs.db)

Number of ports:                       372838
Number of nets:                       1180248
Number of cells:                       606737
Number of combinational cells:         560677
Number of sequential cells:             38550
Number of macros/black boxes:               0
Number of buf/inv:                      70823
Number of references:                      44

Combinational area:             712168.621069
Buf/Inv area:                    19192.698151
Noncombinational area:           74610.522098
Macro/Black Box area:                0.000000
Net Interconnect area:      undefined  (Wire load has zero net area)

Total cell area:                786779.143167
Total area:                 undefined

Hierarchical area distribution
------------------------------

                                  Global cell area              Local cell area
                                  --------------------  ------------------------------- 
Hierarchical cell                 Absolute     Percent  Combi-       Noncombi-   Black-
                                  Total        Total    national     national    boxes   Design
--------------------------------  -----------  -------  -----------  ----------  ------  ---------------------------------------------------
core64_a32_b10_c32                786779.1432    100.0       1.7640   7319.9699  0.0000  core64_a32_b10_c32
core16_0                           95717.0327     12.2       2.2680   1990.1700  0.0000  core16_6
core16_0/core4_0                    9743.4539      1.2       1.0080    574.5600  0.0000  core4_48
core16_0/core4_0/evalA               816.7320      0.1      24.8220      0.0000  0.0000  Eval_32_48
core16_0/core4_0/evalA/DP_OP_54J22_122_3084    211.6800     0.0    211.6800     0.0000 0.0000 Eval_32_0_DP_OP_54J22_122_3084_J22_0_3
core16_0/core4_0/evalA/DP_OP_55J22_123_6116    287.1540     0.0    287.1540     0.0000 0.0000 Eval_32_0_DP_OP_55J22_123_6116_J22_0_3
core16_0/core4_0/evalA/DP_OP_56J22_124_9559    293.0760     0.0    293.0760     0.0000 0.0000 Eval_32_0_DP_OP_56J22_124_9559_J22_0_3
core16_0/core4_0/evalB               278.7120      0.0       8.3160      0.0000  0.0000  Eval_33_48
core16_0/core4_0/evalB/DP_OP_54J21_129_8018     71.0640     0.0     71.0640     0.0000 0.0000 Eval_33_0_DP_OP_54J21_129_8018_J21_0_3
core16_0/core4_0/evalB/DP_OP_55J21_130_2896     97.9020     0.0     97.9020     0.0000 0.0000 Eval_33_0_DP_OP_55J21_130_2896_J21_0_3
core16_0/core4_0/evalB/DP_OP_56J21_131_6631    101.4300     0.0    101.4300     0.0000 0.0000 Eval_33_0_DP_OP_56J21_131_6631_J21_0_3
core16_0/core4_0/interp             2960.7480      0.4       0.5040    281.6100  0.0000  Interpolation_49
core16_0/core4_0/interp/interp      2678.6340      0.3       0.2520      0.0000  0.0000  InterpolationComb_49
core16_0/core4_0/interp/interp/DP_OP_106J21_122_4710   2678.3820     0.3   2678.3820     0.0000 0.0000 InterpolationComb_0_DP_OP_106J21_122_4710_J21_0_20
core16_0/core4_0/mult_x_1            560.7000      0.1     560.7000      0.0000  0.0000  core4_48_DW_mult_uns_J18_3
core16_0/core4_0/mult_x_2            832.6080      0.1     832.6080      0.0000  0.0000  core4_48_DW_mult_uns_J18_2
core16_0/core4_0/mult_x_3            715.5540      0.1     715.5540      0.0000  0.0000  core4_48_DW_mult_tc_J18_2
core16_0/core4_0/mult_x_4            713.2860      0.1     713.2860      0.0000  0.0000  core4_48_DW_mult_tc_J18_1
core16_0/core4_0/mult_x_5            874.5660      0.1     874.5660      0.0000  0.0000  core4_48_DW_mult_uns_J18_1
core16_0/core4_0/mult_x_6            854.2800      0.1     854.2800      0.0000  0.0000  core4_48_DW_mult_tc_J18_0
core16_0/core4_0/mult_x_7            560.7000      0.1     560.7000      0.0000  0.0000  core4_48_DW_mult_uns_J18_0
core16_0/core4_1                   11648.1958      1.5       1.0080    574.5600  0.0000  core4_47
core16_0/core4_1/evalA               932.6520      0.1      28.4760      0.0000  0.0000  Eval_32_47
core16_0/core4_1/evalA/DP_OP_54J20_126_5405    241.2900     0.0    241.2900     0.0000 0.0000 Eval_32_5_DP_OP_54J20_126_5405_J20_0_3
core16_0/core4_1/evalA/DP_OP_55J20_127_5712    331.8840     0.0    331.8840     0.0000 0.0000 Eval_32_5_DP_OP_55J20_127_5712_J20_0_3
core16_0/core4_1/evalA/DP_OP_56J20_128_4935    331.0020     0.0    331.0020     0.0000 0.0000 Eval_32_5_DP_OP_56J20_128_4935_J20_0_3
core16_0/core4_1/evalB               397.5300      0.1      11.8440      0.0000  0.0000  Eval_33_47
core16_0/core4_1/evalB/DP_OP_54J23_125_9656    106.2180     0.0    106.2180     0.0000 0.0000 Eval_33_5_DP_OP_54J23_125_9656_J23_0_3
core16_0/core4_1/evalB/DP_OP_55J23_126_3545    139.3560     0.0    139.3560     0.0000 0.0000 Eval_33_5_DP_OP_55J23_126_3545_J23_0_3
core16_0/core4_1/evalB/DP_OP_56J23_127_863    140.1120     0.0    140.1120     0.0000 0.0000 Eval_33_5_DP_OP_56J23_127_863_J23_0_3
core16_0/core4_1/interp             2961.2520      0.4       0.5040    281.6100  0.0000  Interpolation_48
core16_0/core4_1/interp/interp      2679.1380      0.3       0.2520      0.0000  0.0000  InterpolationComb_48
core16_0/core4_1/interp/interp/DP_OP_106J21_122_4710   2678.8860     0.3   2678.8860     0.0000 0.0000 InterpolationComb_0_DP_OP_106J21_122_4710_J21_0_19
core16_0/core4_1/mult_x_1            828.9540      0.1     828.9540      0.0000  0.0000  core4_5_DW_mult_uns_J31_3_1
core16_0/core4_1/mult_x_2           1045.2960      0.1    1045.2960      0.0000  0.0000  core4_5_DW_mult_uns_J31_2_1
core16_0/core4_1/mult_x_3           1000.0620      0.1    1000.0620      0.0000  0.0000  core4_5_DW_mult_tc_J31_2_1
core16_0/core4_1/mult_x_4            971.5860      0.1     971.5860      0.0000  0.0000  core4_5_DW_mult_tc_J31_1_1
core16_0/core4_1/mult_x_5           1026.2700      0.1    1026.2700      0.0000  0.0000  core4_5_DW_mult_uns_J31_1_1
core16_0/core4_1/mult_x_6           1079.9460      0.1    1079.9460      0.0000  0.0000  core4_5_DW_mult_tc_J31_0_1
core16_0/core4_1/mult_x_7            829.0800      0.1     829.0800      0.0000  0.0000  core4_5_DW_mult_uns_J31_0_1
core16_0/core4_2                   10514.0698      1.3       1.0080    574.4340  0.0000  core4_46
core16_0/core4_2/evalA               858.9420      0.1      26.2080      0.0000  0.0000  Eval_32_46
core16_0/core4_2/evalA/DP_OP_53J21_123_9060    220.7520     0.0    220.7520     0.0000 0.0000 Eval_32_1_DP_OP_53J21_123_9060_J21_0_32
core16_0/core4_2/evalA/DP_OP_54J21_124_1586    303.4080     0.0    303.4080     0.0000 0.0000 Eval_32_1_DP_OP_54J21_124_1586_J21_0_32
core16_0/core4_2/evalA/DP_OP_55J21_125_1337    308.5740     0.0    308.5740     0.0000 0.0000 Eval_32_1_DP_OP_55J21_125_1337_J21_0_32
core16_0/core4_2/evalB               318.7800      0.0       9.7020      0.0000  0.0000  Eval_33_46
core16_0/core4_2/evalB/DP_OP_53J26_122_4171     80.7660     0.0     80.7660     0.0000 0.0000 Eval_33_1_DP_OP_53J26_122_4171_J26_0_28
core16_0/core4_2/evalB/DP_OP_54J26_123_6227    111.2580     0.0    111.2580     0.0000 0.0000 Eval_33_1_DP_OP_54J26_123_6227_J26_0_28
core16_0/core4_2/evalB/DP_OP_55J26_124_3794    117.0540     0.0    117.0540     0.0000 0.0000 Eval_33_1_DP_OP_55J26_124_3794_J26_0_28
core16_0/core4_2/interp             3063.4380      0.4       0.5040    289.1700  0.0000  Interpolation_47
core16_0/core4_2/interp/interp      2773.7640      0.4       0.2520      0.0000  0.0000  InterpolationComb_47
core16_0/core4_2/interp/interp/DP_OP_106J20_122_5359   2773.5120     0.4   2773.5120     0.0000 0.0000 InterpolationComb_1_DP_OP_106J20_122_5359_J20_0_27
core16_0/core4_2/mult_x_1            701.4420      0.1     701.4420      0.0000  0.0000  core4_1_DW_mult_tc_J23_6_22
core16_0/core4_2/mult_x_2            860.7060      0.1     860.7060      0.0000  0.0000  core4_1_DW_mult_tc_J23_5_22
core16_0/core4_2/mult_x_3            776.7900      0.1     776.7900      0.0000  0.0000  core4_1_DW_mult_tc_J23_4_22
core16_0/core4_2/mult_x_4            826.1820      0.1     826.1820      0.0000  0.0000  core4_1_DW_mult_tc_J23_3_22
core16_0/core4_2/mult_x_5            883.1340      0.1     883.1340      0.0000  0.0000  core4_1_DW_mult_tc_J23_2_22
core16_0/core4_2/mult_x_6            947.7720      0.1     947.7720      0.0000  0.0000  core4_1_DW_mult_tc_J23_1_22
core16_0/core4_2/mult_x_7            701.4420      0.1     701.4420      0.0000  0.0000  core4_1_DW_mult_tc_J23_0_22
core16_0/core4_3                   12279.7078      1.6       0.7560    574.3080  0.0000  core4_45
core16_0/core4_3/evalA               978.6420      0.1      30.7440      0.0000  0.0000  Eval_32_45
core16_0/core4_3/evalA/DP_OP_53J21_123_9060    248.3460     0.0    248.3460     0.0000 0.0000 Eval_32_1_DP_OP_53J21_123_9060_J21_0_31
core16_0/core4_3/evalA/DP_OP_54J21_124_1586    356.4540     0.0    356.4540     0.0000 0.0000 Eval_32_1_DP_OP_54J21_124_1586_J21_0_31
core16_0/core4_3/evalA/DP_OP_55J21_125_1337    343.0980     0.0    343.0980     0.0000 0.0000 Eval_32_1_DP_OP_55J21_125_1337_J21_0_31
core16_0/core4_3/evalB               539.6580      0.1      17.2620      0.0000  0.0000  Eval_33_45
core16_0/core4_3/evalB/DP_OP_53J26_122_4171    133.5600     0.0    133.5600     0.0000 0.0000 Eval_33_1_DP_OP_53J26_122_4171_J26_0_27
core16_0/core4_3/evalB/DP_OP_54J26_123_6227    201.3480     0.0    201.3480     0.0000 0.0000 Eval_33_1_DP_OP_54J26_123_6227_J26_0_27
core16_0/core4_3/evalB/DP_OP_55J26_124_3794    187.4880     0.0    187.4880     0.0000 0.0000 Eval_33_1_DP_OP_55J26_124_3794_J26_0_27
core16_0/core4_3/interp             3063.4380      0.4       0.5040    289.1700  0.0000  Interpolation_46
core16_0/core4_3/interp/interp      2773.7640      0.4       0.2520      0.0000  0.0000  InterpolationComb_46
core16_0/core4_3/interp/interp/DP_OP_106J20_122_5359   2773.5120     0.4   2773.5120     0.0000 0.0000 InterpolationComb_1_DP_OP_106J20_122_5359_J20_0_26
core16_0/core4_3/mult_x_1            693.2520      0.1     693.2520      0.0000  0.0000  core4_1_DW_mult_tc_J23_6_21
core16_0/core4_3/mult_x_2           1115.3520      0.1    1115.3520      0.0000  0.0000  core4_1_DW_mult_tc_J23_5_21
core16_0/core4_3/mult_x_3           1152.0180      0.1    1152.0180      0.0000  0.0000  core4_1_DW_mult_tc_J23_4_21
core16_0/core4_3/mult_x_4           1155.9240      0.1    1155.9240      0.0000  0.0000  core4_1_DW_mult_tc_J23_3_21
core16_0/core4_3/mult_x_5           1159.0740      0.1    1159.0740      0.0000  0.0000  core4_1_DW_mult_tc_J23_2_21
core16_0/core4_3/mult_x_6           1155.4200      0.1    1155.4200      0.0000  0.0000  core4_1_DW_mult_tc_J23_1_21
core16_0/core4_3/mult_x_7            691.8660      0.1     691.8660      0.0000  0.0000  core4_1_DW_mult_tc_J23_0_21
core16_0/core4_4                   11714.7238      1.5       1.0080    574.5600  0.0000  core4_44
core16_0/core4_4/evalA               934.1640      0.1      28.4760      0.0000  0.0000  Eval_32_44
core16_0/core4_4/evalA/DP_OP_54J16_122_2586    241.7940     0.0    241.7940     0.0000 0.0000 Eval_32_2_DP_OP_54J16_122_2586_J16_0_3
core16_0/core4_4/evalA/DP_OP_55J16_123_4716    329.3640     0.0    329.3640     0.0000 0.0000 Eval_32_2_DP_OP_55J16_123_4716_J16_0_3
core16_0/core4_4/evalA/DP_OP_56J16_124_4901    334.5300     0.0    334.5300     0.0000 0.0000 Eval_32_2_DP_OP_56J16_124_4901_J16_0_3
core16_0/core4_4/evalB               398.4120      0.1      12.3480      0.0000  0.0000  Eval_33_44
core16_0/core4_4/evalB/DP_OP_54J25_125_5690    104.9580     0.0    104.9580     0.0000 0.0000 Eval_33_2_DP_OP_54J25_125_5690_J25_0_3
core16_0/core4_4/evalB/DP_OP_55J25_126_3915    137.4660     0.0    137.4660     0.0000 0.0000 Eval_33_2_DP_OP_55J25_126_3915_J25_0_3
core16_0/core4_4/evalB/DP_OP_56J25_127_920    143.6400     0.0    143.6400     0.0000 0.0000 Eval_33_2_DP_OP_56J25_127_920_J25_0_3
core16_0/core4_4/interp             3062.9340      0.4       0.5040    289.1700  0.0000  Interpolation_45
core16_0/core4_4/interp/interp      2773.2600      0.4       0.2520      0.0000  0.0000  InterpolationComb_45
core16_0/core4_4/interp/interp/DP_OP_106J20_122_5359   2773.0080     0.4   2773.0080     0.0000 0.0000 InterpolationComb_1_DP_OP_106J20_122_5359_J20_0_25
core16_0/core4_4/mult_x_1            855.5400      0.1     855.5400      0.0000  0.0000  core4_2_DW_mult_uns_J33_3_1
core16_0/core4_4/mult_x_2           1066.0860      0.1    1066.0860      0.0000  0.0000  core4_2_DW_mult_uns_J33_2_1
core16_0/core4_4/mult_x_3            924.2100      0.1     924.2100      0.0000  0.0000  core4_2_DW_mult_tc_J33_2_1
core16_0/core4_4/mult_x_4            954.0720      0.1     954.0720      0.0000  0.0000  core4_2_DW_mult_tc_J33_1_1
core16_0/core4_4/mult_x_5           1032.1920      0.1    1032.1920      0.0000  0.0000  core4_2_DW_mult_uns_J33_1_1
core16_0/core4_4/mult_x_6           1055.2500      0.1    1055.2500      0.0000  0.0000  core4_2_DW_mult_tc_J33_0_1
core16_0/core4_4/mult_x_7            856.2960      0.1     856.2960      0.0000  0.0000  core4_2_DW_mult_uns_J33_0_1
core16_0/core4_5                   12546.5758      1.6       0.7560    574.5600  0.0000  core4_43
core16_0/core4_5/evalA               979.6500      0.1      31.7520      0.0000  0.0000  Eval_32_43
core16_0/core4_5/evalA/DP_OP_53J21_123_9060    248.3460     0.0    248.3460     0.0000 0.0000 Eval_32_1_DP_OP_53J21_123_9060_J21_0_30
core16_0/core4_5/evalA/DP_OP_54J21_124_1586    356.4540     0.0    356.4540     0.0000 0.0000 Eval_32_1_DP_OP_54J21_124_1586_J21_0_30
core16_0/core4_5/evalA/DP_OP_55J21_125_1337    343.0980     0.0    343.0980     0.0000 0.0000 Eval_32_1_DP_OP_55J21_125_1337_J21_0_30
core16_0/core4_5/evalB               538.2720      0.1      17.6400      0.0000  0.0000  Eval_33_43
core16_0/core4_5/evalB/DP_OP_53J26_122_4171    133.3080     0.0    133.3080     0.0000 0.0000 Eval_33_1_DP_OP_53J26_122_4171_J26_0_26
core16_0/core4_5/evalB/DP_OP_54J26_123_6227    202.2300     0.0    202.2300     0.0000 0.0000 Eval_33_1_DP_OP_54J26_123_6227_J26_0_26
core16_0/core4_5/evalB/DP_OP_55J26_124_3794    185.0940     0.0    185.0940     0.0000 0.0000 Eval_33_1_DP_OP_55J26_124_3794_J26_0_26
core16_0/core4_5/interp             3063.4380      0.4       0.5040    289.1700  0.0000  Interpolation_44
core16_0/core4_5/interp/interp      2773.7640      0.4       0.2520      0.0000  0.0000  InterpolationComb_44
core16_0/core4_5/interp/interp/DP_OP_106J20_122_5359   2773.5120     0.4   2773.5120     0.0000 0.0000 InterpolationComb_1_DP_OP_106J20_122_5359_J20_0_24
core16_0/core4_5/mult_x_1            818.6220      0.1     818.6220      0.0000  0.0000  core4_1_DW_mult_tc_J23_6_20
core16_0/core4_5/mult_x_2           1114.2180      0.1    1114.2180      0.0000  0.0000  core4_1_DW_mult_tc_J23_5_20
core16_0/core4_5/mult_x_3           1159.7040      0.1    1159.7040      0.0000  0.0000  core4_1_DW_mult_tc_J23_4_20
core16_0/core4_5/mult_x_4           1158.3180      0.1    1158.3180      0.0000  0.0000  core4_1_DW_mult_tc_J23_3_20
core16_0/core4_5/mult_x_5           1157.8140      0.1    1157.8140      0.0000  0.0000  core4_1_DW_mult_tc_J23_2_20
core16_0/core4_5/mult_x_6           1153.4040      0.1    1153.4040      0.0000  0.0000  core4_1_DW_mult_tc_J23_1_20
core16_0/core4_5/mult_x_7            827.8200      0.1     827.8200      0.0000  0.0000  core4_1_DW_mult_tc_J23_0_20
core16_0/core4_6                    9751.2659      1.2       1.0080    574.5600  0.0000  core4_42
core16_0/core4_6/evalA               816.6060      0.1      24.6960      0.0000  0.0000  Eval_32_42
core16_0/core4_6/evalA/DP_OP_54J22_122_3084    211.6800     0.0    211.6800     0.0000 0.0000 Eval_32_0_DP_OP_54J22_122_3084_J22_0_2
core16_0/core4_6/evalA/DP_OP_55J22_123_6116    287.1540     0.0    287.1540     0.0000 0.0000 Eval_32_0_DP_OP_55J22_123_6116_J22_0_2
core16_0/core4_6/evalA/DP_OP_56J22_124_9559    293.0760     0.0    293.0760     0.0000 0.0000 Eval_32_0_DP_OP_56J22_124_9559_J22_0_2
core16_0/core4_6/evalB               278.7120      0.0       8.3160      0.0000  0.0000  Eval_33_42
core16_0/core4_6/evalB/DP_OP_54J21_129_8018     70.3080     0.0     70.3080     0.0000 0.0000 Eval_33_0_DP_OP_54J21_129_8018_J21_0_2
core16_0/core4_6/evalB/DP_OP_55J21_130_2896     98.6580     0.0     98.6580     0.0000 0.0000 Eval_33_0_DP_OP_55J21_130_2896_J21_0_2
core16_0/core4_6/evalB/DP_OP_56J21_131_6631    101.4300     0.0    101.4300     0.0000 0.0000 Eval_33_0_DP_OP_56J21_131_6631_J21_0_2
core16_0/core4_6/interp             2960.8740      0.4       0.5040    281.6100  0.0000  Interpolation_43
core16_0/core4_6/interp/interp      2678.7600      0.3       0.2520      0.0000  0.0000  InterpolationComb_43
core16_0/core4_6/interp/interp/DP_OP_106J21_122_4710   2678.5080     0.3   2678.5080     0.0000 0.0000 InterpolationComb_0_DP_OP_106J21_122_4710_J21_0_18
core16_0/core4_6/mult_x_1            560.7000      0.1     560.7000      0.0000  0.0000  core4_42_DW_mult_uns_J17_3
core16_0/core4_6/mult_x_2            830.5920      0.1     830.5920      0.0000  0.0000  core4_42_DW_mult_uns_J17_2
core16_0/core4_6/mult_x_3            727.6500      0.1     727.6500      0.0000  0.0000  core4_42_DW_mult_tc_J17_2
core16_0/core4_6/mult_x_4            712.9080      0.1     712.9080      0.0000  0.0000  core4_42_DW_mult_tc_J17_1
core16_0/core4_6/mult_x_5            874.5660      0.1     874.5660      0.0000  0.0000  core4_42_DW_mult_uns_J17_1
core16_0/core4_6/mult_x_6            852.3900      0.1     852.3900      0.0000  0.0000  core4_42_DW_mult_tc_J17_0
core16_0/core4_6/mult_x_7            560.7000      0.1     560.7000      0.0000  0.0000  core4_42_DW_mult_uns_J17_0
core16_0/evalA                       816.6060      0.1      24.6960      0.0000  0.0000  Eval_32_76
core16_0/evalA/DP_OP_54J28_122_5448    211.6800     0.0    211.6800      0.0000  0.0000  Eval_32_76_DP_OP_54J28_122_5448_J28_0
core16_0/evalA/DP_OP_55J28_123_9770    287.1540     0.0    287.1540      0.0000  0.0000  Eval_32_76_DP_OP_55J28_123_9770_J28_0
core16_0/evalA/DP_OP_56J28_124_9585    293.0760     0.0    293.0760      0.0000  0.0000  Eval_32_76_DP_OP_56J28_124_9585_J28_0
core16_0/evalA_1                     816.6060      0.1      24.6960      0.0000  0.0000  Eval_32_75
core16_0/evalA_1/DP_OP_54J30_122_9544    211.6800     0.0    211.6800     0.0000 0.0000  Eval_32_75_DP_OP_54J30_122_9544_J30_0
core16_0/evalA_1/DP_OP_55J30_123_7015    287.1540     0.0    287.1540     0.0000 0.0000  Eval_32_75_DP_OP_55J30_123_7015_J30_0
core16_0/evalA_1/DP_OP_56J30_124_6830    293.0760     0.0    293.0760     0.0000 0.0000  Eval_32_75_DP_OP_56J30_124_6830_J30_0
core16_0/evalA_2                     816.6060      0.1      24.6960      0.0000  0.0000  Eval_32_74
core16_0/evalA_2/DP_OP_54J32_122_7223    211.6800     0.0    211.6800     0.0000 0.0000  Eval_32_74_DP_OP_54J32_122_7223_J32_0
core16_0/evalA_2/DP_OP_55J32_123_5313    287.1540     0.0    287.1540     0.0000 0.0000  Eval_32_74_DP_OP_55J32_123_5313_J32_0
core16_0/evalA_2/DP_OP_56J32_124_4075    293.0760     0.0    293.0760     0.0000 0.0000  Eval_32_74_DP_OP_56J32_124_4075_J32_0
core16_0/evalA_3                     816.7320      0.1      24.8220      0.0000  0.0000  Eval_32_73
core16_0/evalA_3/DP_OP_54J31_122_1352    211.6800     0.0    211.6800     0.0000 0.0000  Eval_32_73_DP_OP_54J31_122_1352_J31_0
core16_0/evalA_3/DP_OP_55J31_123_2558    287.1540     0.0    287.1540     0.0000 0.0000  Eval_32_73_DP_OP_55J31_123_2558_J31_0
core16_0/evalA_3/DP_OP_56J31_124_1320    293.0760     0.0    293.0760     0.0000 0.0000  Eval_32_73_DP_OP_56J31_124_1320_J31_0
core16_0/evalB                       278.2080      0.0       9.0720      0.0000  0.0000  Eval_33_76
core16_0/evalB/DP_OP_54J15_125_2517     72.8280     0.0     72.8280      0.0000  0.0000  Eval_33_76_DP_OP_54J15_125_2517_J15_0
core16_0/evalB/DP_OP_55J15_126_9555     94.3740     0.0     94.3740      0.0000  0.0000  Eval_33_76_DP_OP_55J15_126_9555_J15_0
core16_0/evalB/DP_OP_56J15_127_3323    101.9340     0.0    101.9340      0.0000  0.0000  Eval_33_76_DP_OP_56J15_127_3323_J15_0
core16_0/evalB_1                     280.9800      0.0       8.1900      0.0000  0.0000  Eval_33_75
core16_0/evalB_1/DP_OP_54J17_125_5930     70.3080     0.0     70.3080     0.0000 0.0000  Eval_33_75_DP_OP_54J17_125_5930_J17_0
core16_0/evalB_1/DP_OP_55J17_126_7869     99.4140     0.0     99.4140     0.0000 0.0000  Eval_33_75_DP_OP_55J17_126_7869_J17_0
core16_0/evalB_1/DP_OP_56J17_127_1637    103.0680     0.0    103.0680     0.0000 0.0000  Eval_33_75_DP_OP_56J17_127_1637_J17_0
core16_0/evalB_2                     283.3740      0.0       8.3160      0.0000  0.0000  Eval_33_74
core16_0/evalB_2/DP_OP_54J16_125_7159     71.8200     0.0     71.8200     0.0000 0.0000  Eval_33_74_DP_OP_54J16_125_7159_J16_0
core16_0/evalB_2/DP_OP_55J16_126_2992    101.1780     0.0    101.1780     0.0000 0.0000  Eval_33_74_DP_OP_55J16_126_2992_J16_0
core16_0/evalB_2/DP_OP_56J16_127_9902    102.0600     0.0    102.0600     0.0000 0.0000  Eval_33_74_DP_OP_56J16_127_9902_J16_0
core16_0/evalB_3                     282.4920      0.0       9.3240      0.0000  0.0000  Eval_33_73
core16_0/evalB_3/DP_OP_54J18_125_4838     72.9540     0.0     72.9540     0.0000 0.0000  Eval_33_73_DP_OP_54J18_125_4838_J18_0
core16_0/evalB_3/DP_OP_55J18_126_3412     97.7760     0.0     97.7760     0.0000 0.0000  Eval_33_73_DP_OP_55J18_126_3412_J18_0
core16_0/evalB_3/DP_OP_56J18_127_6094    102.4380     0.0    102.4380     0.0000 0.0000  Eval_33_73_DP_OP_56J18_127_6094_J18_0
core16_0/interp                    11134.9978      1.4       0.5040   1030.0500  0.0000  Interpolation_7_6
core16_0/interp/interp             10104.4438      1.3       0.2520      0.0000  0.0000  InterpolationComb_7_6
core16_0/interp/interp/DP_OP_421J12_122_1083  10104.1918     1.3  10104.1918     0.0000 0.0000 InterpolationComb_7_0_DP_OP_421J12_122_1083_J12_0_2
core16_1                          105645.5806     13.4       1.7640   1990.1700  0.0000  core16_5
core16_1/core4_0                   11643.6598      1.5       1.0080    574.5600  0.0000  core4_41
core16_1/core4_0/evalA               932.7780      0.1      28.6020      0.0000  0.0000  Eval_32_41
core16_1/core4_0/evalA/DP_OP_54J20_126_5405    241.2900     0.0    241.2900     0.0000 0.0000 Eval_32_5_DP_OP_54J20_126_5405_J20_0_2
core16_1/core4_0/evalA/DP_OP_55J20_127_5712    331.8840     0.0    331.8840     0.0000 0.0000 Eval_32_5_DP_OP_55J20_127_5712_J20_0_2
core16_1/core4_0/evalA/DP_OP_56J20_128_4935    331.0020     0.0    331.0020     0.0000 0.0000 Eval_32_5_DP_OP_56J20_128_4935_J20_0_2
core16_1/core4_0/evalB               398.7900      0.1      12.3480      0.0000  0.0000  Eval_33_41
core16_1/core4_0/evalB/DP_OP_54J23_125_9656    106.5960     0.0    106.5960     0.0000 0.0000 Eval_33_5_DP_OP_54J23_125_9656_J23_0_2
core16_1/core4_0/evalB/DP_OP_55J23_126_3545    139.3560     0.0    139.3560     0.0000 0.0000 Eval_33_5_DP_OP_55J23_126_3545_J23_0_2
core16_1/core4_0/evalB/DP_OP_56J23_127_863    140.4900     0.0    140.4900     0.0000 0.0000 Eval_33_5_DP_OP_56J23_127_863_J23_0_2
core16_1/core4_0/interp             2960.7480      0.4       0.5040    281.6100  0.0000  Interpolation_42
core16_1/core4_0/interp/interp      2678.6340      0.3       0.2520      0.0000  0.0000  InterpolationComb_42
core16_1/core4_0/interp/interp/DP_OP_106J21_122_4710   2678.3820     0.3   2678.3820     0.0000 0.0000 InterpolationComb_0_DP_OP_106J21_122_4710_J21_0_17
core16_1/core4_0/mult_x_1            823.6620      0.1     823.6620      0.0000  0.0000  core4_35_DW_mult_uns_J32_3_1
core16_1/core4_0/mult_x_2           1046.1780      0.1    1046.1780      0.0000  0.0000  core4_35_DW_mult_uns_J32_2_1
core16_1/core4_0/mult_x_3            997.6680      0.1     997.6680      0.0000  0.0000  core4_35_DW_mult_tc_J32_2_1
core16_1/core4_0/mult_x_4            975.9960      0.1     975.9960      0.0000  0.0000  core4_35_DW_mult_tc_J32_1_1
core16_1/core4_0/mult_x_5           1028.7900      0.1    1028.7900      0.0000  0.0000  core4_35_DW_mult_uns_J32_1_1
core16_1/core4_0/mult_x_6           1079.8200      0.1    1079.8200      0.0000  0.0000  core4_35_DW_mult_tc_J32_0_1
core16_1/core4_0/mult_x_7            823.6620      0.1     823.6620      0.0000  0.0000  core4_35_DW_mult_uns_J32_0_1
core16_1/core4_1                   12881.7358      1.6       1.0080    574.5600  0.0000  core4_40
core16_1/core4_1/evalA               979.5240      0.1      31.6260      0.0000  0.0000  Eval_32_40
core16_1/core4_1/evalA/DP_OP_53J21_123_9060    248.3460     0.0    248.3460     0.0000 0.0000 Eval_32_1_DP_OP_53J21_123_9060_J21_0_29
core16_1/core4_1/evalA/DP_OP_54J21_124_1586    356.4540     0.0    356.4540     0.0000 0.0000 Eval_32_1_DP_OP_54J21_124_1586_J21_0_29
core16_1/core4_1/evalA/DP_OP_55J21_125_1337    343.0980     0.0    343.0980     0.0000 0.0000 Eval_32_1_DP_OP_55J21_125_1337_J21_0_29
core16_1/core4_1/evalB               526.1760      0.1      17.1360      0.0000  0.0000  Eval_33_40
core16_1/core4_1/evalB/DP_OP_55J27_122_4535    132.8040     0.0    132.8040     0.0000 0.0000 Eval_33_40_DP_OP_55J27_122_4535_J27_0
core16_1/core4_1/evalB/DP_OP_56J27_123_5178    190.8900     0.0    190.8900     0.0000 0.0000 Eval_33_40_DP_OP_56J27_123_5178_J27_0
core16_1/core4_1/evalB/DP_OP_57J27_124_7933    185.3460     0.0    185.3460     0.0000 0.0000 Eval_33_40_DP_OP_57J27_124_7933_J27_0
core16_1/core4_1/interp             2960.7480      0.4       0.5040    281.6100  0.0000  Interpolation_41
core16_1/core4_1/interp/interp      2678.6340      0.3       0.2520      0.0000  0.0000  InterpolationComb_41
core16_1/core4_1/interp/interp/DP_OP_106J21_122_4710   2678.3820     0.3   2678.3820     0.0000 0.0000 InterpolationComb_0_DP_OP_106J21_122_4710_J21_0_16
core16_1/core4_1/mult_x_1           1048.9500      0.1    1048.9500      0.0000  0.0000  core4_40_DW_mult_uns_J25_1
core16_1/core4_1/mult_x_2           1114.9740      0.1    1114.9740      0.0000  0.0000  core4_40_DW_mult_tc_J25_4
core16_1/core4_1/mult_x_3           1159.7040      0.1    1159.7040      0.0000  0.0000  core4_40_DW_mult_tc_J25_3
core16_1/core4_1/mult_x_4           1155.7980      0.1    1155.7980      0.0000  0.0000  core4_40_DW_mult_tc_J25_2
core16_1/core4_1/mult_x_5           1159.7040      0.1    1159.7040      0.0000  0.0000  core4_40_DW_mult_tc_J25_1
core16_1/core4_1/mult_x_6           1157.8140      0.1    1157.8140      0.0000  0.0000  core4_40_DW_mult_tc_J25_0
core16_1/core4_1/mult_x_7           1042.7760      0.1    1042.7760      0.0000  0.0000  core4_40_DW_mult_uns_J25_0
core16_1/core4_2                   12436.9558      1.6       1.0080    574.4340  0.0000  core4_39
core16_1/core4_2/evalA               975.4920      0.1      30.8700      0.0000  0.0000  Eval_32_39
core16_1/core4_2/evalA/DP_OP_53J21_123_9060    249.4800     0.0    249.4800     0.0000 0.0000 Eval_32_1_DP_OP_53J21_123_9060_J21_0_28
core16_1/core4_2/evalA/DP_OP_54J21_124_1586    352.9260     0.0    352.9260     0.0000 0.0000 Eval_32_1_DP_OP_54J21_124_1586_J21_0_28
core16_1/core4_2/evalA/DP_OP_55J21_125_1337    342.2160     0.0    342.2160     0.0000 0.0000 Eval_32_1_DP_OP_55J21_125_1337_J21_0_28
core16_1/core4_2/evalB               465.5700      0.1      14.4900      0.0000  0.0000  Eval_33_39
core16_1/core4_2/evalB/DP_OP_53J26_122_4171    119.1960     0.0    119.1960     0.0000 0.0000 Eval_33_1_DP_OP_53J26_122_4171_J26_0_25
core16_1/core4_2/evalB/DP_OP_54J26_123_6227    162.4140     0.0    162.4140     0.0000 0.0000 Eval_33_1_DP_OP_54J26_123_6227_J26_0_25
core16_1/core4_2/evalB/DP_OP_55J26_124_3794    169.4700     0.0    169.4700     0.0000 0.0000 Eval_33_1_DP_OP_55J26_124_3794_J26_0_25
core16_1/core4_2/interp             3062.9340      0.4       0.5040    289.1700  0.0000  Interpolation_40
core16_1/core4_2/interp/interp      2773.2600      0.4       0.2520      0.0000  0.0000  InterpolationComb_40
core16_1/core4_2/interp/interp/DP_OP_106J20_122_5359   2773.0080     0.4   2773.0080     0.0000 0.0000 InterpolationComb_1_DP_OP_106J20_122_5359_J20_0_23
core16_1/core4_2/mult_x_1            964.4040      0.1     964.4040      0.0000  0.0000  core4_1_DW_mult_tc_J23_6_19
core16_1/core4_2/mult_x_2           1071.7560      0.1    1071.7560      0.0000  0.0000  core4_1_DW_mult_tc_J23_5_19
core16_1/core4_2/mult_x_3           1039.1220      0.1    1039.1220      0.0000  0.0000  core4_1_DW_mult_tc_J23_4_19
core16_1/core4_2/mult_x_4           1052.8560      0.1    1052.8560      0.0000  0.0000  core4_1_DW_mult_tc_J23_3_19
core16_1/core4_2/mult_x_5           1111.5720      0.1    1111.5720      0.0000  0.0000  core4_1_DW_mult_tc_J23_2_19
core16_1/core4_2/mult_x_6           1152.7740      0.1    1152.7740      0.0000  0.0000  core4_1_DW_mult_tc_J23_1_19
core16_1/core4_2/mult_x_7            965.0340      0.1     965.0340      0.0000  0.0000  core4_1_DW_mult_tc_J23_0_19
core16_1/core4_3                   12770.4778      1.6       0.7560    574.1820  0.0000  core4_38
core16_1/core4_3/evalA               979.1460      0.1      31.2480      0.0000  0.0000  Eval_32_38
core16_1/core4_3/evalA/DP_OP_53J21_123_9060    248.3460     0.0    248.3460     0.0000 0.0000 Eval_32_1_DP_OP_53J21_123_9060_J21_0_27
core16_1/core4_3/evalA/DP_OP_54J21_124_1586    356.4540     0.0    356.4540     0.0000 0.0000 Eval_32_1_DP_OP_54J21_124_1586_J21_0_27
core16_1/core4_3/evalA/DP_OP_55J21_125_1337    343.0980     0.0    343.0980     0.0000 0.0000 Eval_32_1_DP_OP_55J21_125_1337_J21_0_27
core16_1/core4_3/evalB               535.6260      0.1      18.0180      0.0000  0.0000  Eval_33_38
core16_1/core4_3/evalB/DP_OP_53J26_122_4171    132.8040     0.0    132.8040     0.0000 0.0000 Eval_33_1_DP_OP_53J26_122_4171_J26_0_24
core16_1/core4_3/evalB/DP_OP_54J26_123_6227    200.3400     0.0    200.3400     0.0000 0.0000 Eval_33_1_DP_OP_54J26_123_6227_J26_0_24
core16_1/core4_3/evalB/DP_OP_55J26_124_3794    184.4640     0.0    184.4640     0.0000 0.0000 Eval_33_1_DP_OP_55J26_124_3794_J26_0_24
core16_1/core4_3/interp             3063.4380      0.4       0.5040    289.1700  0.0000  Interpolation_39
core16_1/core4_3/interp/interp      2773.7640      0.4       0.2520      0.0000  0.0000  InterpolationComb_39
core16_1/core4_3/interp/interp/DP_OP_106J20_122_5359   2773.5120     0.4   2773.5120     0.0000 0.0000 InterpolationComb_1_DP_OP_106J20_122_5359_J20_0_22
core16_1/core4_3/mult_x_1            938.0700      0.1     938.0700      0.0000  0.0000  core4_1_DW_mult_tc_J23_6_18
core16_1/core4_3/mult_x_2           1113.9660      0.1    1113.9660      0.0000  0.0000  core4_1_DW_mult_tc_J23_5_18
core16_1/core4_3/mult_x_3           1154.6640      0.1    1154.6640      0.0000  0.0000  core4_1_DW_mult_tc_J23_4_18
core16_1/core4_3/mult_x_4           1157.5620      0.1    1157.5620      0.0000  0.0000  core4_1_DW_mult_tc_J23_3_18
core16_1/core4_3/mult_x_5           1159.7040      0.1    1159.7040      0.0000  0.0000  core4_1_DW_mult_tc_J23_2_18
core16_1/core4_3/mult_x_6           1155.7980      0.1    1155.7980      0.0000  0.0000  core4_1_DW_mult_tc_J23_1_18
core16_1/core4_3/mult_x_7            937.5660      0.1     937.5660      0.0000  0.0000  core4_1_DW_mult_tc_J23_0_18
core16_1/core4_4                   12815.7118      1.6       1.0080    574.1820  0.0000  core4_37
core16_1/core4_4/evalA               979.5240      0.1      31.6260      0.0000  0.0000  Eval_32_37
core16_1/core4_4/evalA/DP_OP_53J21_123_9060    248.3460     0.0    248.3460     0.0000 0.0000 Eval_32_1_DP_OP_53J21_123_9060_J21_0_26
core16_1/core4_4/evalA/DP_OP_54J21_124_1586    356.4540     0.0    356.4540     0.0000 0.0000 Eval_32_1_DP_OP_54J21_124_1586_J21_0_26
core16_1/core4_4/evalA/DP_OP_55J21_125_1337    343.0980     0.0    343.0980     0.0000 0.0000 Eval_32_1_DP_OP_55J21_125_1337_J21_0_26
core16_1/core4_4/evalB               509.6700      0.1      16.3800      0.0000  0.0000  Eval_33_37
core16_1/core4_4/evalB/DP_OP_54J25_122_2737    129.6540     0.0    129.6540     0.0000 0.0000 Eval_33_19_DP_OP_54J25_122_2737_J25_0_1
core16_1/core4_4/evalB/DP_OP_55J25_123_5219    179.5500     0.0    179.5500     0.0000 0.0000 Eval_33_19_DP_OP_55J25_123_5219_J25_0_1
core16_1/core4_4/evalB/DP_OP_56J25_124_977    184.0860     0.0    184.0860     0.0000 0.0000 Eval_33_19_DP_OP_56J25_124_977_J25_0_1
core16_1/core4_4/interp             3064.4460      0.4       0.5040    289.1700  0.0000  Interpolation_38
core16_1/core4_4/interp/interp      2774.7720      0.4       0.2520      0.0000  0.0000  InterpolationComb_38
core16_1/core4_4/interp/interp/DP_OP_106J20_122_5359   2774.5200     0.4   2774.5200     0.0000 0.0000 InterpolationComb_1_DP_OP_106J20_122_5359_J20_0_21
core16_1/core4_4/mult_x_1            994.8960      0.1     994.8960      0.0000  0.0000  core4_37_DW_mult_uns_J27_1
core16_1/core4_4/mult_x_2           1114.7220      0.1    1114.7220      0.0000  0.0000  core4_37_DW_mult_tc_J27_4
core16_1/core4_4/mult_x_3           1118.6280      0.1    1118.6280      0.0000  0.0000  core4_37_DW_mult_tc_J27_3
core16_1/core4_4/mult_x_4           1151.2620      0.1    1151.2620      0.0000  0.0000  core4_37_DW_mult_tc_J27_2
core16_1/core4_4/mult_x_5           1156.5540      0.1    1156.5540      0.0000  0.0000  core4_37_DW_mult_tc_J27_1
core16_1/core4_4/mult_x_6           1155.9240      0.1    1155.9240      0.0000  0.0000  core4_37_DW_mult_tc_J27_0
core16_1/core4_4/mult_x_7            994.8960      0.1     994.8960      0.0000  0.0000  core4_37_DW_mult_uns_J27_0
core16_1/core4_5                   12977.9998      1.6       0.7560    574.0560  0.0000  core4_36
core16_1/core4_5/evalA               979.5240      0.1      31.6260      0.0000  0.0000  Eval_32_36
core16_1/core4_5/evalA/DP_OP_53J21_123_9060    248.3460     0.0    248.3460     0.0000 0.0000 Eval_32_1_DP_OP_53J21_123_9060_J21_0_25
core16_1/core4_5/evalA/DP_OP_54J21_124_1586    356.4540     0.0    356.4540     0.0000 0.0000 Eval_32_1_DP_OP_54J21_124_1586_J21_0_25
core16_1/core4_5/evalA/DP_OP_55J21_125_1337    343.0980     0.0    343.0980     0.0000 0.0000 Eval_32_1_DP_OP_55J21_125_1337_J21_0_25
core16_1/core4_5/evalB               538.7760      0.1      18.9000      0.0000  0.0000  Eval_33_36
core16_1/core4_5/evalB/DP_OP_53J26_122_4171    132.6780     0.0    132.6780     0.0000 0.0000 Eval_33_1_DP_OP_53J26_122_4171_J26_0_23
core16_1/core4_5/evalB/DP_OP_54J26_123_6227    202.8600     0.0    202.8600     0.0000 0.0000 Eval_33_1_DP_OP_54J26_123_6227_J26_0_23
core16_1/core4_5/evalB/DP_OP_55J26_124_3794    184.3380     0.0    184.3380     0.0000 0.0000 Eval_33_1_DP_OP_55J26_124_3794_J26_0_23
core16_1/core4_5/interp             3062.9340      0.4       0.5040    289.1700  0.0000  Interpolation_37
core16_1/core4_5/interp/interp      2773.2600      0.4       0.2520      0.0000  0.0000  InterpolationComb_37
core16_1/core4_5/interp/interp/DP_OP_106J20_122_5359   2773.0080     0.4   2773.0080     0.0000 0.0000 InterpolationComb_1_DP_OP_106J20_122_5359_J20_0_20
core16_1/core4_5/mult_x_1           1043.1540      0.1    1043.1540      0.0000  0.0000  core4_1_DW_mult_tc_J23_6_17
core16_1/core4_5/mult_x_2           1112.8320      0.1    1112.8320      0.0000  0.0000  core4_1_DW_mult_tc_J23_5_17
core16_1/core4_5/mult_x_3           1166.3820      0.1    1166.3820      0.0000  0.0000  core4_1_DW_mult_tc_J23_4_17
core16_1/core4_5/mult_x_4           1152.3960      0.1    1152.3960      0.0000  0.0000  core4_1_DW_mult_tc_J23_3_17
core16_1/core4_5/mult_x_5           1155.4200      0.1    1155.4200      0.0000  0.0000  core4_1_DW_mult_tc_J23_2_17
core16_1/core4_5/mult_x_6           1152.0180      0.1    1152.0180      0.0000  0.0000  core4_1_DW_mult_tc_J23_1_17
core16_1/core4_5/mult_x_7           1039.7520      0.1    1039.7520      0.0000  0.0000  core4_1_DW_mult_tc_J23_0_17
core16_1/core4_6                   11635.2178      1.5       1.0080    574.5600  0.0000  core4_35
core16_1/core4_6/evalA               932.6520      0.1      28.4760      0.0000  0.0000  Eval_32_35
core16_1/core4_6/evalA/DP_OP_54J20_126_5405    241.2900     0.0    241.2900     0.0000 0.0000 Eval_32_5_DP_OP_54J20_126_5405_J20_0_1
core16_1/core4_6/evalA/DP_OP_55J20_127_5712    331.8840     0.0    331.8840     0.0000 0.0000 Eval_32_5_DP_OP_55J20_127_5712_J20_0_1
core16_1/core4_6/evalA/DP_OP_56J20_128_4935    331.0020     0.0    331.0020     0.0000 0.0000 Eval_32_5_DP_OP_56J20_128_4935_J20_0_1
core16_1/core4_6/evalB               397.4040      0.1      12.3480      0.0000  0.0000  Eval_33_35
core16_1/core4_6/evalB/DP_OP_54J23_125_9656    105.9660     0.0    105.9660     0.0000 0.0000 Eval_33_5_DP_OP_54J23_125_9656_J23_0_1
core16_1/core4_6/evalB/DP_OP_55J23_126_3545    139.3560     0.0    139.3560     0.0000 0.0000 Eval_33_5_DP_OP_55J23_126_3545_J23_0_1
core16_1/core4_6/evalB/DP_OP_56J23_127_863    139.7340     0.0    139.7340     0.0000 0.0000 Eval_33_5_DP_OP_56J23_127_863_J23_0_1
core16_1/core4_6/interp             2961.2520      0.4       0.5040    281.6100  0.0000  Interpolation_36
core16_1/core4_6/interp/interp      2679.1380      0.3       0.2520      0.0000  0.0000  InterpolationComb_36
core16_1/core4_6/interp/interp/DP_OP_106J21_122_4710   2678.8860     0.3   2678.8860     0.0000 0.0000 InterpolationComb_0_DP_OP_106J21_122_4710_J21_0_15
core16_1/core4_6/mult_x_1            823.6620      0.1     823.6620      0.0000  0.0000  core4_35_DW_mult_uns_J32_3_0
core16_1/core4_6/mult_x_2           1042.7760      0.1    1042.7760      0.0000  0.0000  core4_35_DW_mult_uns_J32_2_0
core16_1/core4_6/mult_x_3           1000.1880      0.1    1000.1880      0.0000  0.0000  core4_35_DW_mult_tc_J32_2_0
core16_1/core4_6/mult_x_4            976.1220      0.1     976.1220      0.0000  0.0000  core4_35_DW_mult_tc_J32_1_0
core16_1/core4_6/mult_x_5           1026.2700      0.1    1026.2700      0.0000  0.0000  core4_35_DW_mult_uns_J32_1_0
core16_1/core4_6/mult_x_6           1075.6620      0.1    1075.6620      0.0000  0.0000  core4_35_DW_mult_tc_J32_0_0
core16_1/core4_6/mult_x_7            823.6620      0.1     823.6620      0.0000  0.0000  core4_35_DW_mult_uns_J32_0_0
core16_1/evalA                       932.6520      0.1      28.4760      0.0000  0.0000  Eval_32_72
core16_1/evalA/DP_OP_54J21_126_7052    241.2900     0.0    241.2900      0.0000  0.0000  Eval_32_69_DP_OP_54J21_126_7052_J21_0_3
core16_1/evalA/DP_OP_55J21_127_5900    331.8840     0.0    331.8840      0.0000  0.0000  Eval_32_69_DP_OP_55J21_127_5900_J21_0_3
core16_1/evalA/DP_OP_56J21_128_8178    331.0020     0.0    331.0020      0.0000  0.0000  Eval_32_69_DP_OP_56J21_128_8178_J21_0_3
core16_1/evalA_1                     932.5260      0.1      28.3500      0.0000  0.0000  Eval_32_71
core16_1/evalA_1/DP_OP_54J21_126_7052    241.2900     0.0    241.2900     0.0000 0.0000  Eval_32_69_DP_OP_54J21_126_7052_J21_0_2
core16_1/evalA_1/DP_OP_55J21_127_5900    331.8840     0.0    331.8840     0.0000 0.0000  Eval_32_69_DP_OP_55J21_127_5900_J21_0_2
core16_1/evalA_1/DP_OP_56J21_128_8178    331.0020     0.0    331.0020     0.0000 0.0000  Eval_32_69_DP_OP_56J21_128_8178_J21_0_2
core16_1/evalA_2                     932.5260      0.1      28.3500      0.0000  0.0000  Eval_32_70
core16_1/evalA_2/DP_OP_54J21_126_7052    241.2900     0.0    241.2900     0.0000 0.0000  Eval_32_69_DP_OP_54J21_126_7052_J21_0_1
core16_1/evalA_2/DP_OP_55J21_127_5900    331.8840     0.0    331.8840     0.0000 0.0000  Eval_32_69_DP_OP_55J21_127_5900_J21_0_1
core16_1/evalA_2/DP_OP_56J21_128_8178    331.0020     0.0    331.0020     0.0000 0.0000  Eval_32_69_DP_OP_56J21_128_8178_J21_0_1
core16_1/evalA_3                     932.7780      0.1      28.6020      0.0000  0.0000  Eval_32_69
core16_1/evalA_3/DP_OP_54J21_126_7052    241.2900     0.0    241.2900     0.0000 0.0000  Eval_32_69_DP_OP_54J21_126_7052_J21_0_0
core16_1/evalA_3/DP_OP_55J21_127_5900    331.8840     0.0    331.8840     0.0000 0.0000  Eval_32_69_DP_OP_55J21_127_5900_J21_0_0
core16_1/evalA_3/DP_OP_56J21_128_8178    331.0020     0.0    331.0020     0.0000 0.0000  Eval_32_69_DP_OP_56J21_128_8178_J21_0_0
core16_1/evalB                       403.5780      0.1      12.3480      0.0000  0.0000  Eval_33_72
core16_1/evalB/DP_OP_54J24_125_879    108.2340     0.0     108.2340      0.0000  0.0000  Eval_33_69_DP_OP_54J24_125_879_J24_0_3
core16_1/evalB/DP_OP_55J24_126_8874    141.1200     0.0    141.1200      0.0000  0.0000  Eval_33_69_DP_OP_55J24_126_8874_J24_0_3
core16_1/evalB/DP_OP_56J24_127_5139    141.8760     0.0    141.8760      0.0000  0.0000  Eval_33_69_DP_OP_56J24_127_5139_J24_0_3
core16_1/evalB_1                     410.6340      0.1      11.7180      0.0000  0.0000  Eval_33_71
core16_1/evalB_1/DP_OP_54J24_125_879    107.6040     0.0    107.6040     0.0000  0.0000  Eval_33_69_DP_OP_54J24_125_879_J24_0_2
core16_1/evalB_1/DP_OP_55J24_126_8874    145.5300     0.0    145.5300     0.0000 0.0000  Eval_33_69_DP_OP_55J24_126_8874_J24_0_2
core16_1/evalB_1/DP_OP_56J24_127_5139    145.7820     0.0    145.7820     0.0000 0.0000  Eval_33_69_DP_OP_56J24_127_5139_J24_0_2
core16_1/evalB_2                     404.7120      0.1      11.7180      0.0000  0.0000  Eval_33_70
core16_1/evalB_2/DP_OP_54J24_125_879    110.1240     0.0    110.1240     0.0000  0.0000  Eval_33_69_DP_OP_54J24_125_879_J24_0_1
core16_1/evalB_2/DP_OP_55J24_126_8874    142.3800     0.0    142.3800     0.0000 0.0000  Eval_33_69_DP_OP_55J24_126_8874_J24_0_1
core16_1/evalB_2/DP_OP_56J24_127_5139    140.4900     0.0    140.4900     0.0000 0.0000  Eval_33_69_DP_OP_56J24_127_5139_J24_0_1
core16_1/evalB_3                     407.4840      0.1      12.4740      0.0000  0.0000  Eval_33_69
core16_1/evalB_3/DP_OP_54J24_125_879    110.8800     0.0    110.8800     0.0000  0.0000  Eval_33_69_DP_OP_54J24_125_879_J24_0_0
core16_1/evalB_3/DP_OP_55J24_126_8874    142.1280     0.0    142.1280     0.0000 0.0000  Eval_33_69_DP_OP_55J24_126_8874_J24_0_0
core16_1/evalB_3/DP_OP_56J24_127_5139    142.0020     0.0    142.0020     0.0000 0.0000  Eval_33_69_DP_OP_56J24_127_5139_J24_0_0
core16_1/interp                    11134.9978      1.4       0.5040   1030.0500  0.0000  Interpolation_7_5
core16_1/interp/interp             10104.4438      1.3       0.2520      0.0000  0.0000  InterpolationComb_7_5
core16_1/interp/interp/DP_OP_421J12_122_1083  10104.1918     1.3  10104.1918     0.0000 0.0000 InterpolationComb_7_0_DP_OP_421J12_122_1083_J12_0_1
core16_2                          100699.7026     12.8       1.7640   1990.1700  0.0000  core16_4
core16_2/core4_0                   10569.5099      1.3       1.0080    574.4340  0.0000  core4_34
core16_2/core4_0/evalA               864.7380      0.1      26.2080      0.0000  0.0000  Eval_32_34
core16_2/core4_0/evalA/DP_OP_54J18_122_3087    224.5320     0.0    224.5320     0.0000 0.0000 Eval_32_28_DP_OP_54J18_122_3087_J18_0_1
core16_2/core4_0/evalA/DP_OP_55J18_123_1087    304.0380     0.0    304.0380     0.0000 0.0000 Eval_32_28_DP_OP_55J18_123_1087_J18_0_1
core16_2/core4_0/evalA/DP_OP_56J18_124_3086    309.9600     0.0    309.9600     0.0000 0.0000 Eval_32_28_DP_OP_56J18_124_3086_J18_0_1
core16_2/core4_0/evalB               328.6080      0.0       9.8280      0.0000  0.0000  Eval_33_34
core16_2/core4_0/evalB/DP_OP_54J27_125_6198     85.3020     0.0     85.3020     0.0000 0.0000 Eval_33_28_DP_OP_54J27_125_6198_J27_0_1
core16_2/core4_0/evalB/DP_OP_55J27_126_3056    114.5340     0.0    114.5340     0.0000 0.0000 Eval_33_28_DP_OP_55J27_126_3056_J27_0_1
core16_2/core4_0/evalB/DP_OP_56J27_127_7490    118.9440     0.0    118.9440     0.0000 0.0000 Eval_33_28_DP_OP_56J27_127_7490_J27_0_1
core16_2/core4_0/interp             2960.8740      0.4       0.5040    281.6100  0.0000  Interpolation_35
core16_2/core4_0/interp/interp      2678.7600      0.3       0.2520      0.0000  0.0000  InterpolationComb_35
core16_2/core4_0/interp/interp/DP_OP_106J21_122_4710   2678.5080     0.3   2678.5080     0.0000 0.0000 InterpolationComb_0_DP_OP_106J21_122_4710_J21_0_14
core16_2/core4_0/mult_x_1            701.6940      0.1     701.6940      0.0000  0.0000  core4_28_DW_mult_uns_J15_3_1
core16_2/core4_0/mult_x_2            965.4120      0.1     965.4120      0.0000  0.0000  core4_28_DW_mult_uns_J15_2_1
core16_2/core4_0/mult_x_3            777.2940      0.1     777.2940      0.0000  0.0000  core4_28_DW_mult_tc_J15_2_1
core16_2/core4_0/mult_x_4            828.1980      0.1     828.1980      0.0000  0.0000  core4_28_DW_mult_tc_J15_1_1
core16_2/core4_0/mult_x_5            911.3580      0.1     911.3580      0.0000  0.0000  core4_28_DW_mult_uns_J15_1_1
core16_2/core4_0/mult_x_6            954.1980      0.1     954.1980      0.0000  0.0000  core4_28_DW_mult_tc_J15_0_1
core16_2/core4_0/mult_x_7            701.6940      0.1     701.6940      0.0000  0.0000  core4_28_DW_mult_uns_J15_0_1
core16_2/core4_1                   12307.5538      1.6       1.0080    574.0560  0.0000  core4_33
core16_2/core4_1/evalA               963.7740      0.1      29.9880      0.0000  0.0000  Eval_32_33
core16_2/core4_1/evalA/DP_OP_55J20_123_2333    247.0860     0.0    247.0860     0.0000 0.0000 Eval_32_33_DP_OP_55J20_123_2333_J20_0
core16_2/core4_1/evalA/DP_OP_56J20_124_438    346.8780     0.0    346.8780     0.0000 0.0000 Eval_32_33_DP_OP_56J20_124_438_J20_0
core16_2/core4_1/evalA/DP_OP_57J20_125_7650    339.8220     0.0    339.8220     0.0000 0.0000 Eval_32_33_DP_OP_57J20_125_7650_J20_0
core16_2/core4_1/evalB               448.6860      0.1      13.8600      0.0000  0.0000  Eval_33_33
core16_2/core4_1/evalB/DP_OP_54J23_122_3877    120.5820     0.0    120.5820     0.0000 0.0000 Eval_33_33_DP_OP_54J23_122_3877_J23_0
core16_2/core4_1/evalB/DP_OP_55J23_123_3476    158.3820     0.0    158.3820     0.0000 0.0000 Eval_33_33_DP_OP_55J23_123_3476_J23_0
core16_2/core4_1/evalB/DP_OP_56J23_124_4221    155.8620     0.0    155.8620     0.0000 0.0000 Eval_33_33_DP_OP_56J23_124_4221_J23_0
core16_2/core4_1/interp             2960.8740      0.4       0.5040    281.6100  0.0000  Interpolation_34
core16_2/core4_1/interp/interp      2678.7600      0.3       0.2520      0.0000  0.0000  InterpolationComb_34
core16_2/core4_1/interp/interp/DP_OP_106J21_122_4710   2678.5080     0.3   2678.5080     0.0000 0.0000 InterpolationComb_0_DP_OP_106J21_122_4710_J21_0_13
core16_2/core4_1/mult_x_1            958.7340      0.1     958.7340      0.0000  0.0000  core4_33_DW_mult_uns_J28_1
core16_2/core4_1/mult_x_2           1074.9060      0.1    1074.9060      0.0000  0.0000  core4_33_DW_mult_tc_J28_4
core16_2/core4_1/mult_x_3           1030.3020      0.1    1030.3020      0.0000  0.0000  core4_33_DW_mult_tc_J28_3
core16_2/core4_1/mult_x_4           1062.0540      0.1    1062.0540      0.0000  0.0000  core4_33_DW_mult_tc_J28_2
core16_2/core4_1/mult_x_5           1109.5560      0.1    1109.5560      0.0000  0.0000  core4_33_DW_mult_tc_J28_1
core16_2/core4_1/mult_x_6           1152.1440      0.1    1152.1440      0.0000  0.0000  core4_33_DW_mult_tc_J28_0
core16_2/core4_1/mult_x_7            971.4600      0.1     971.4600      0.0000  0.0000  core4_33_DW_mult_uns_J28_0
core16_2/core4_2                   11275.3618      1.4       1.0080    574.4340  0.0000  core4_32
core16_2/core4_2/evalA               907.2000      0.1      27.7200      0.0000  0.0000  Eval_32_32
core16_2/core4_2/evalA/DP_OP_53J21_123_9060    233.6040     0.0    233.6040     0.0000 0.0000 Eval_32_1_DP_OP_53J21_123_9060_J21_0_24
core16_2/core4_2/evalA/DP_OP_54J21_124_1586    320.5440     0.0    320.5440     0.0000 0.0000 Eval_32_1_DP_OP_54J21_124_1586_J21_0_24
core16_2/core4_2/evalA/DP_OP_55J21_125_1337    325.3320     0.0    325.3320     0.0000 0.0000 Eval_32_1_DP_OP_55J21_125_1337_J21_0_24
core16_2/core4_2/evalB               368.6760      0.0      10.8360      0.0000  0.0000  Eval_33_32
core16_2/core4_2/evalB/DP_OP_53J26_122_4171     94.5000     0.0     94.5000     0.0000 0.0000 Eval_33_1_DP_OP_53J26_122_4171_J26_0_22
core16_2/core4_2/evalB/DP_OP_54J26_123_6227    127.7640     0.0    127.7640     0.0000 0.0000 Eval_33_1_DP_OP_54J26_123_6227_J26_0_22
core16_2/core4_2/evalB/DP_OP_55J26_124_3794    135.5760     0.0    135.5760     0.0000 0.0000 Eval_33_1_DP_OP_55J26_124_3794_J26_0_22
core16_2/core4_2/interp             3062.9340      0.4       0.5040    289.1700  0.0000  Interpolation_33
core16_2/core4_2/interp/interp      2773.2600      0.4       0.2520      0.0000  0.0000  InterpolationComb_33
core16_2/core4_2/interp/interp/DP_OP_106J20_122_5359   2773.0080     0.4   2773.0080     0.0000 0.0000 InterpolationComb_1_DP_OP_106J20_122_5359_J20_0_19
core16_2/core4_2/mult_x_1            751.0860      0.1     751.0860      0.0000  0.0000  core4_1_DW_mult_tc_J23_6_16
core16_2/core4_2/mult_x_2            967.5540      0.1     967.5540      0.0000  0.0000  core4_1_DW_mult_tc_J23_5_16
core16_2/core4_2/mult_x_3            887.7960      0.1     887.7960      0.0000  0.0000  core4_1_DW_mult_tc_J23_4_16
core16_2/core4_2/mult_x_4            941.2200      0.1     941.2200      0.0000  0.0000  core4_1_DW_mult_tc_J23_3_16
core16_2/core4_2/mult_x_5            999.5580      0.1     999.5580      0.0000  0.0000  core4_1_DW_mult_tc_J23_2_16
core16_2/core4_2/mult_x_6           1057.6440      0.1    1057.6440      0.0000  0.0000  core4_1_DW_mult_tc_J23_1_16
core16_2/core4_2/mult_x_7            756.2520      0.1     756.2520      0.0000  0.0000  core4_1_DW_mult_tc_J23_0_16
core16_2/core4_3                   12499.3258      1.6       0.7560    574.3080  0.0000  core4_31
core16_2/core4_3/evalA               979.1460      0.1      31.2480      0.0000  0.0000  Eval_32_31
core16_2/core4_3/evalA/DP_OP_53J21_123_9060    248.3460     0.0    248.3460     0.0000 0.0000 Eval_32_1_DP_OP_53J21_123_9060_J21_0_23
core16_2/core4_3/evalA/DP_OP_54J21_124_1586    356.4540     0.0    356.4540     0.0000 0.0000 Eval_32_1_DP_OP_54J21_124_1586_J21_0_23
core16_2/core4_3/evalA/DP_OP_55J21_125_1337    343.0980     0.0    343.0980     0.0000 0.0000 Eval_32_1_DP_OP_55J21_125_1337_J21_0_23
core16_2/core4_3/evalB               540.0360      0.1      17.3880      0.0000  0.0000  Eval_33_31
core16_2/core4_3/evalB/DP_OP_53J26_122_4171    134.3160     0.0    134.3160     0.0000 0.0000 Eval_33_1_DP_OP_53J26_122_4171_J26_0_21
core16_2/core4_3/evalB/DP_OP_54J26_123_6227    202.4820     0.0    202.4820     0.0000 0.0000 Eval_33_1_DP_OP_54J26_123_6227_J26_0_21
core16_2/core4_3/evalB/DP_OP_55J26_124_3794    185.8500     0.0    185.8500     0.0000 0.0000 Eval_33_1_DP_OP_55J26_124_3794_J26_0_21
core16_2/core4_3/interp             3063.4380      0.4       0.5040    289.1700  0.0000  Interpolation_32
core16_2/core4_3/interp/interp      2773.7640      0.4       0.2520      0.0000  0.0000  InterpolationComb_32
core16_2/core4_3/interp/interp/DP_OP_106J20_122_5359   2773.5120     0.4   2773.5120     0.0000 0.0000 InterpolationComb_1_DP_OP_106J20_122_5359_J20_0_18
core16_2/core4_3/mult_x_1            795.3120      0.1     795.3120      0.0000  0.0000  core4_1_DW_mult_tc_J23_6_15
core16_2/core4_3/mult_x_2           1116.8640      0.1    1116.8640      0.0000  0.0000  core4_1_DW_mult_tc_J23_5_15
core16_2/core4_3/mult_x_3           1156.8060      0.1    1156.8060      0.0000  0.0000  core4_1_DW_mult_tc_J23_4_15
core16_2/core4_3/mult_x_4           1159.7040      0.1    1159.7040      0.0000  0.0000  core4_1_DW_mult_tc_J23_3_15
core16_2/core4_3/mult_x_5           1152.6480      0.1    1152.6480      0.0000  0.0000  core4_1_DW_mult_tc_J23_2_15
core16_2/core4_3/mult_x_6           1158.9480      0.1    1158.9480      0.0000  0.0000  core4_1_DW_mult_tc_J23_1_15
core16_2/core4_3/mult_x_7            801.3600      0.1     801.3600      0.0000  0.0000  core4_1_DW_mult_tc_J23_0_15
core16_2/core4_4                   12254.6338      1.6       1.0080    574.3080  0.0000  core4_30
core16_2/core4_4/evalA               963.1440      0.1      29.9880      0.0000  0.0000  Eval_32_30
core16_2/core4_4/evalA/DP_OP_54J29_122_576    246.0780     0.0    246.0780     0.0000 0.0000 Eval_32_30_DP_OP_54J29_122_576_J29_0
core16_2/core4_4/evalA/DP_OP_55J29_123_1642    346.2480     0.0    346.2480     0.0000 0.0000 Eval_32_30_DP_OP_55J29_123_1642_J29_0
core16_2/core4_4/evalA/DP_OP_56J29_124_4708    340.8300     0.0    340.8300     0.0000 0.0000 Eval_32_30_DP_OP_56J29_124_4708_J29_0
core16_2/core4_4/evalB               441.2520      0.1      13.6080      0.0000  0.0000  Eval_33_30
core16_2/core4_4/evalB/DP_OP_54J29_125_5291    115.6680     0.0    115.6680     0.0000 0.0000 Eval_33_30_DP_OP_54J29_125_5291_J29_0
core16_2/core4_4/evalB/DP_OP_55J29_126_8913    153.5940     0.0    153.5940     0.0000 0.0000 Eval_33_30_DP_OP_55J29_126_8913_J29_0
core16_2/core4_4/evalB/DP_OP_56J29_127_9781    158.3820     0.0    158.3820     0.0000 0.0000 Eval_33_30_DP_OP_56J29_127_9781_J29_0
core16_2/core4_4/interp             3063.4380      0.4       0.5040    289.1700  0.0000  Interpolation_31
core16_2/core4_4/interp/interp      2773.7640      0.4       0.2520      0.0000  0.0000  InterpolationComb_31
core16_2/core4_4/interp/interp/DP_OP_106J20_122_5359   2773.5120     0.4   2773.5120     0.0000 0.0000 InterpolationComb_1_DP_OP_106J20_122_5359_J20_0_17
core16_2/core4_4/mult_x_1            898.0020      0.1     898.0020      0.0000  0.0000  core4_30_DW_mult_uns_J30_2
core16_2/core4_4/mult_x_2           1114.9740      0.1    1114.9740      0.0000  0.0000  core4_30_DW_mult_tc_J30_3
core16_2/core4_4/mult_x_3           1007.2440      0.1    1007.2440      0.0000  0.0000  core4_30_DW_mult_tc_J30_2
core16_2/core4_4/mult_x_4           1047.4380      0.1    1047.4380      0.0000  0.0000  core4_30_DW_mult_tc_J30_1
core16_2/core4_4/mult_x_5           1100.9880      0.1    1100.9880      0.0000  0.0000  core4_30_DW_mult_uns_J30_1
core16_2/core4_4/mult_x_6           1146.7260      0.1    1146.7260      0.0000  0.0000  core4_30_DW_mult_tc_J30_0
core16_2/core4_4/mult_x_7            896.1120      0.1     896.1120      0.0000  0.0000  core4_30_DW_mult_uns_J30_0
core16_2/core4_5                   12754.7278      1.6       0.7560    574.0560  0.0000  core4_29
core16_2/core4_5/evalA               979.3980      0.1      31.5000      0.0000  0.0000  Eval_32_29
core16_2/core4_5/evalA/DP_OP_53J21_123_9060    248.3460     0.0    248.3460     0.0000 0.0000 Eval_32_1_DP_OP_53J21_123_9060_J21_0_22
core16_2/core4_5/evalA/DP_OP_54J21_124_1586    356.4540     0.0    356.4540     0.0000 0.0000 Eval_32_1_DP_OP_54J21_124_1586_J21_0_22
core16_2/core4_5/evalA/DP_OP_55J21_125_1337    343.0980     0.0    343.0980     0.0000 0.0000 Eval_32_1_DP_OP_55J21_125_1337_J21_0_22
core16_2/core4_5/evalB               566.1180      0.1      18.2700      0.0000  0.0000  Eval_33_29
core16_2/core4_5/evalB/DP_OP_53J26_122_4171    133.9380     0.0    133.9380     0.0000 0.0000 Eval_33_1_DP_OP_53J26_122_4171_J26_0_20
core16_2/core4_5/evalB/DP_OP_54J26_123_6227    229.1940     0.0    229.1940     0.0000 0.0000 Eval_33_29_DP_OP_54J26_123_6227_0
core16_2/core4_5/evalB/DP_OP_55J26_124_3794    184.7160     0.0    184.7160     0.0000 0.0000 Eval_33_1_DP_OP_55J26_124_3794_J26_0_20
core16_2/core4_5/interp             3062.9340      0.4       0.5040    289.1700  0.0000  Interpolation_30
core16_2/core4_5/interp/interp      2773.2600      0.4       0.2520      0.0000  0.0000  InterpolationComb_30
core16_2/core4_5/interp/interp/DP_OP_106J20_122_5359   2773.0080     0.4   2773.0080     0.0000 0.0000 InterpolationComb_1_DP_OP_106J20_122_5359_J20_0_16
core16_2/core4_5/mult_x_1            920.5560      0.1     920.5560      0.0000  0.0000  core4_1_DW_mult_tc_J23_6_14
core16_2/core4_5/mult_x_2           1116.9900      0.1    1116.9900      0.0000  0.0000  core4_1_DW_mult_tc_J23_5_14
core16_2/core4_5/mult_x_3           1152.2700      0.1    1152.2700      0.0000  0.0000  core4_1_DW_mult_tc_J23_4_14
core16_2/core4_5/mult_x_4           1153.6560      0.1    1153.6560      0.0000  0.0000  core4_1_DW_mult_tc_J23_3_14
core16_2/core4_5/mult_x_5           1157.5620      0.1    1157.5620      0.0000  0.0000  core4_1_DW_mult_tc_J23_2_14
core16_2/core4_5/mult_x_6           1152.9000      0.1    1152.9000      0.0000  0.0000  core4_1_DW_mult_tc_J23_1_14
core16_2/core4_5/mult_x_7            917.5320      0.1     917.5320      0.0000  0.0000  core4_1_DW_mult_tc_J23_0_14
core16_2/core4_6                   10573.9199      1.3       1.0080    574.5600  0.0000  core4_28
core16_2/core4_6/evalA               864.7380      0.1      26.2080      0.0000  0.0000  Eval_32_28
core16_2/core4_6/evalA/DP_OP_54J18_122_3087    224.5320     0.0    224.5320     0.0000 0.0000 Eval_32_28_DP_OP_54J18_122_3087_J18_0_0
core16_2/core4_6/evalA/DP_OP_55J18_123_1087    304.0380     0.0    304.0380     0.0000 0.0000 Eval_32_28_DP_OP_55J18_123_1087_J18_0_0
core16_2/core4_6/evalA/DP_OP_56J18_124_3086    309.9600     0.0    309.9600     0.0000 0.0000 Eval_32_28_DP_OP_56J18_124_3086_J18_0_0
core16_2/core4_6/evalB               326.9700      0.0       9.9540      0.0000  0.0000  Eval_33_28
core16_2/core4_6/evalB/DP_OP_54J27_125_6198     85.9320     0.0     85.9320     0.0000 0.0000 Eval_33_28_DP_OP_54J27_125_6198_J27_0_0
core16_2/core4_6/evalB/DP_OP_55J27_126_3056    112.3920     0.0    112.3920     0.0000 0.0000 Eval_33_28_DP_OP_55J27_126_3056_J27_0_0
core16_2/core4_6/evalB/DP_OP_56J27_127_7490    118.6920     0.0    118.6920     0.0000 0.0000 Eval_33_28_DP_OP_56J27_127_7490_J27_0_0
core16_2/core4_6/interp             2960.2440      0.4       0.5040    281.6100  0.0000  Interpolation_29
core16_2/core4_6/interp/interp      2678.1300      0.3       0.2520      0.0000  0.0000  InterpolationComb_29
core16_2/core4_6/interp/interp/DP_OP_106J21_122_4710   2677.8780     0.3   2677.8780     0.0000 0.0000 InterpolationComb_0_DP_OP_106J21_122_4710_J21_0_12
core16_2/core4_6/mult_x_1            701.6940      0.1     701.6940      0.0000  0.0000  core4_28_DW_mult_uns_J15_3_0
core16_2/core4_6/mult_x_2            965.1600      0.1     965.1600      0.0000  0.0000  core4_28_DW_mult_uns_J15_2_0
core16_2/core4_6/mult_x_3            778.4280      0.1     778.4280      0.0000  0.0000  core4_28_DW_mult_tc_J15_2_0
core16_2/core4_6/mult_x_4            829.4580      0.1     829.4580      0.0000  0.0000  core4_28_DW_mult_tc_J15_1_0
core16_2/core4_6/mult_x_5            916.0200      0.1     916.0200      0.0000  0.0000  core4_28_DW_mult_uns_J15_1_0
core16_2/core4_6/mult_x_6            953.9460      0.1     953.9460      0.0000  0.0000  core4_28_DW_mult_tc_J15_0_0
core16_2/core4_6/mult_x_7            701.6940      0.1     701.6940      0.0000  0.0000  core4_28_DW_mult_uns_J15_0_0
core16_2/evalA                       864.7380      0.1      26.2080      0.0000  0.0000  Eval_32_68
core16_2/evalA/DP_OP_54J15_122_3502    224.5320     0.0    224.5320      0.0000  0.0000  Eval_32_65_DP_OP_54J15_122_3502_J15_0_3
core16_2/evalA/DP_OP_55J15_123_4847    304.0380     0.0    304.0380      0.0000  0.0000  Eval_32_65_DP_OP_55J15_123_4847_J15_0_3
core16_2/evalA/DP_OP_56J15_124_7899    309.9600     0.0    309.9600      0.0000  0.0000  Eval_32_65_DP_OP_56J15_124_7899_J15_0_3
core16_2/evalA_1                     864.6120      0.1      25.9560      0.0000  0.0000  Eval_32_67
core16_2/evalA_1/DP_OP_54J15_122_3502    224.5320     0.0    224.5320     0.0000 0.0000  Eval_32_65_DP_OP_54J15_122_3502_J15_0_2
core16_2/evalA_1/DP_OP_55J15_123_4847    304.0380     0.0    304.0380     0.0000 0.0000  Eval_32_65_DP_OP_55J15_123_4847_J15_0_2
core16_2/evalA_1/DP_OP_56J15_124_7899    310.0860     0.0    310.0860     0.0000 0.0000  Eval_32_65_DP_OP_56J15_124_7899_J15_0_2
core16_2/evalA_2                     864.6120      0.1      25.9560      0.0000  0.0000  Eval_32_66
core16_2/evalA_2/DP_OP_54J15_122_3502    224.5320     0.0    224.5320     0.0000 0.0000  Eval_32_65_DP_OP_54J15_122_3502_J15_0_1
core16_2/evalA_2/DP_OP_55J15_123_4847    304.0380     0.0    304.0380     0.0000 0.0000  Eval_32_65_DP_OP_55J15_123_4847_J15_0_1
core16_2/evalA_2/DP_OP_56J15_124_7899    310.0860     0.0    310.0860     0.0000 0.0000  Eval_32_65_DP_OP_56J15_124_7899_J15_0_1
core16_2/evalA_3                     864.7380      0.1      26.2080      0.0000  0.0000  Eval_32_65
core16_2/evalA_3/DP_OP_54J15_122_3502    224.5320     0.0    224.5320     0.0000 0.0000  Eval_32_65_DP_OP_54J15_122_3502_J15_0_0
core16_2/evalA_3/DP_OP_55J15_123_4847    304.0380     0.0    304.0380     0.0000 0.0000  Eval_32_65_DP_OP_55J15_123_4847_J15_0_0
core16_2/evalA_3/DP_OP_56J15_124_7899    309.9600     0.0    309.9600     0.0000 0.0000  Eval_32_65_DP_OP_56J15_124_7899_J15_0_0
core16_2/evalB                       329.8680      0.0       9.9540      0.0000  0.0000  Eval_33_68
core16_2/evalB/DP_OP_54J20_129_4429     84.1680     0.0     84.1680      0.0000  0.0000  Eval_33_65_DP_OP_54J20_129_4429_J20_0_3
core16_2/evalB/DP_OP_55J20_130_7821    115.2900     0.0    115.2900      0.0000  0.0000  Eval_33_65_DP_OP_55J20_130_7821_J20_0_3
core16_2/evalB/DP_OP_56J20_131_1219    120.4560     0.0    120.4560      0.0000  0.0000  Eval_33_65_DP_OP_56J20_131_1219_J20_0_3
core16_2/evalB_1                     368.8020      0.0       9.3240      0.0000  0.0000  Eval_33_67
core16_2/evalB_1/DP_OP_54J20_129_4429     83.1600     0.0     83.1600     0.0000 0.0000  Eval_33_65_DP_OP_54J20_129_4429_J20_0_2
core16_2/evalB_1/DP_OP_55J20_130_7821    114.4080     0.0    114.4080     0.0000 0.0000  Eval_33_65_DP_OP_55J20_130_7821_J20_0_2
core16_2/evalB_1/DP_OP_56J20_131_1219    161.9100     0.0    161.9100     0.0000 0.0000  Eval_33_67_DP_OP_56J20_131_1219_0
core16_2/evalB_2                     326.7180      0.0       9.3240      0.0000  0.0000  Eval_33_66
core16_2/evalB_2/DP_OP_54J20_129_4429     83.1600     0.0     83.1600     0.0000 0.0000  Eval_33_65_DP_OP_54J20_129_4429_J20_0_1
core16_2/evalB_2/DP_OP_55J20_130_7821    114.7860     0.0    114.7860     0.0000 0.0000  Eval_33_65_DP_OP_55J20_130_7821_J20_0_1
core16_2/evalB_2/DP_OP_56J20_131_1219    119.4480     0.0    119.4480     0.0000 0.0000  Eval_33_65_DP_OP_56J20_131_1219_J20_0_1
core16_2/evalB_3                     332.1360      0.0       9.8280      0.0000  0.0000  Eval_33_65
core16_2/evalB_3/DP_OP_54J20_129_4429     84.9240     0.0     84.9240     0.0000 0.0000  Eval_33_65_DP_OP_54J20_129_4429_J20_0_0
core16_2/evalB_3/DP_OP_55J20_130_7821    118.1880     0.0    118.1880     0.0000 0.0000  Eval_33_65_DP_OP_55J20_130_7821_J20_0_0
core16_2/evalB_3/DP_OP_56J20_131_1219    119.1960     0.0    119.1960     0.0000 0.0000  Eval_33_65_DP_OP_56J20_131_1219_J20_0_0
core16_2/interp                    11656.5118      1.5       0.5040   1060.2900  0.0000  Interpolation_7_4
core16_2/interp/interp             10595.7178      1.3       0.2520      0.0000  0.0000  InterpolationComb_7_4
core16_2/interp/interp/DP_OP_421J11_122_5960  10595.4658     1.3  10595.4658     0.0000 0.0000 InterpolationComb_7_1_DP_OP_421J11_122_5960_J11_0_3
core16_3                          109636.7565     13.9       1.7640   1990.1700  0.0000  core16_3
core16_3/core4_0                   12190.4998      1.5       0.7560    574.5600  0.0000  core4_27
core16_3/core4_0/evalA               978.6420      0.1      30.7440      0.0000  0.0000  Eval_32_27
core16_3/core4_0/evalA/DP_OP_53J21_123_9060    248.3460     0.0    248.3460     0.0000 0.0000 Eval_32_1_DP_OP_53J21_123_9060_J21_0_21
core16_3/core4_0/evalA/DP_OP_54J21_124_1586    356.4540     0.0    356.4540     0.0000 0.0000 Eval_32_1_DP_OP_54J21_124_1586_J21_0_21
core16_3/core4_0/evalA/DP_OP_55J21_125_1337    343.0980     0.0    343.0980     0.0000 0.0000 Eval_32_1_DP_OP_55J21_125_1337_J21_0_21
core16_3/core4_0/evalB               544.5720      0.1      17.3880      0.0000  0.0000  Eval_33_27
core16_3/core4_0/evalB/DP_OP_53J26_122_4171    133.4340     0.0    133.4340     0.0000 0.0000 Eval_33_1_DP_OP_53J26_122_4171_J26_0_19
core16_3/core4_0/evalB/DP_OP_54J26_123_6227    204.8760     0.0    204.8760     0.0000 0.0000 Eval_33_1_DP_OP_54J26_123_6227_J26_0_19
core16_3/core4_0/evalB/DP_OP_55J26_124_3794    188.8740     0.0    188.8740     0.0000 0.0000 Eval_33_1_DP_OP_55J26_124_3794_J26_0_19
core16_3/core4_0/interp             2961.2520      0.4       0.5040    281.6100  0.0000  Interpolation_28
core16_3/core4_0/interp/interp      2679.1380      0.3       0.2520      0.0000  0.0000  InterpolationComb_28
core16_3/core4_0/interp/interp/DP_OP_106J21_122_4710   2678.8860     0.3   2678.8860     0.0000 0.0000 InterpolationComb_0_DP_OP_106J21_122_4710_J21_0_11
core16_3/core4_0/mult_x_1            691.6140      0.1     691.6140      0.0000  0.0000  core4_7_DW_mult_tc_J24_6_5
core16_3/core4_0/mult_x_2           1115.9820      0.1    1115.9820      0.0000  0.0000  core4_7_DW_mult_tc_J24_5_5
core16_3/core4_0/mult_x_3           1155.5460      0.1    1155.5460      0.0000  0.0000  core4_7_DW_mult_tc_J24_4_5
core16_3/core4_0/mult_x_4           1158.0660      0.1    1158.0660      0.0000  0.0000  core4_7_DW_mult_tc_J24_3_5
core16_3/core4_0/mult_x_5           1157.3100      0.1    1157.3100      0.0000  0.0000  core4_7_DW_mult_tc_J24_2_5
core16_3/core4_0/mult_x_6           1160.5860      0.1    1160.5860      0.0000  0.0000  core4_7_DW_mult_tc_J24_1_5
core16_3/core4_0/mult_x_7            691.6140      0.1     691.6140      0.0000  0.0000  core4_7_DW_mult_tc_J24_0_5
core16_3/core4_1                   13029.2818      1.7       0.7560    574.0560  0.0000  core4_26
core16_3/core4_1/evalA               979.3980      0.1      31.5000      0.0000  0.0000  Eval_32_26
core16_3/core4_1/evalA/DP_OP_53J21_123_9060    248.3460     0.0    248.3460     0.0000 0.0000 Eval_32_1_DP_OP_53J21_123_9060_J21_0_20
core16_3/core4_1/evalA/DP_OP_54J21_124_1586    356.4540     0.0    356.4540     0.0000 0.0000 Eval_32_1_DP_OP_54J21_124_1586_J21_0_20
core16_3/core4_1/evalA/DP_OP_55J21_125_1337    343.0980     0.0    343.0980     0.0000 0.0000 Eval_32_1_DP_OP_55J21_125_1337_J21_0_20
core16_3/core4_1/evalB               538.9020      0.1      18.6480      0.0000  0.0000  Eval_33_26
core16_3/core4_1/evalB/DP_OP_53J26_122_4171    134.4420     0.0    134.4420     0.0000 0.0000 Eval_33_1_DP_OP_53J26_122_4171_J26_0_18
core16_3/core4_1/evalB/DP_OP_54J26_123_6227    198.3240     0.0    198.3240     0.0000 0.0000 Eval_33_1_DP_OP_54J26_123_6227_J26_0_18
core16_3/core4_1/evalB/DP_OP_55J26_124_3794    187.4880     0.0    187.4880     0.0000 0.0000 Eval_33_1_DP_OP_55J26_124_3794_J26_0_18
core16_3/core4_1/interp             2961.8820      0.4       0.5040    281.6100  0.0000  Interpolation_27
core16_3/core4_1/interp/interp      2679.7680      0.3       0.2520      0.0000  0.0000  InterpolationComb_27
core16_3/core4_1/interp/interp/DP_OP_106J21_122_4710   2679.5160     0.3   2679.5160     0.0000 0.0000 InterpolationComb_0_DP_OP_106J21_122_4710_J21_0_10
core16_3/core4_1/mult_x_1           1113.3360      0.1    1113.3360      0.0000  0.0000  core4_7_DW_mult_tc_J24_6_4
core16_3/core4_1/mult_x_2           1118.2500      0.1    1118.2500      0.0000  0.0000  core4_7_DW_mult_tc_J24_5_4
core16_3/core4_1/mult_x_3           1164.4920      0.1    1164.4920      0.0000  0.0000  core4_7_DW_mult_tc_J24_4_4
core16_3/core4_1/mult_x_4           1152.2700      0.1    1152.2700      0.0000  0.0000  core4_7_DW_mult_tc_J24_3_4
core16_3/core4_1/mult_x_5           1156.0500      0.1    1156.0500      0.0000  0.0000  core4_7_DW_mult_tc_J24_2_4
core16_3/core4_1/mult_x_6           1155.9240      0.1    1155.9240      0.0000  0.0000  core4_7_DW_mult_tc_J24_1_4
core16_3/core4_1/mult_x_7           1113.9660      0.1    1113.9660      0.0000  0.0000  core4_7_DW_mult_tc_J24_0_4
core16_3/core4_2                   13138.1458      1.7       0.7560    574.3080  0.0000  core4_25
core16_3/core4_2/evalA               980.2800      0.1      31.7520      0.0000  0.0000  Eval_32_25
core16_3/core4_2/evalA/DP_OP_53J21_123_9060    248.3460     0.0    248.3460     0.0000 0.0000 Eval_32_1_DP_OP_53J21_123_9060_J21_0_19
core16_3/core4_2/evalA/DP_OP_54J21_124_1586    357.0840     0.0    357.0840     0.0000 0.0000 Eval_32_1_DP_OP_54J21_124_1586_J21_0_19
core16_3/core4_2/evalA/DP_OP_55J21_125_1337    343.0980     0.0    343.0980     0.0000 0.0000 Eval_32_1_DP_OP_55J21_125_1337_J21_0_19
core16_3/core4_2/evalB               539.6580      0.1      18.7740      0.0000  0.0000  Eval_33_25
core16_3/core4_2/evalB/DP_OP_53J26_122_4171    134.5680     0.0    134.5680     0.0000 0.0000 Eval_33_1_DP_OP_53J26_122_4171_J26_0_17
core16_3/core4_2/evalB/DP_OP_54J26_123_6227    200.0880     0.0    200.0880     0.0000 0.0000 Eval_33_1_DP_OP_54J26_123_6227_J26_0_17
core16_3/core4_2/evalB/DP_OP_55J26_124_3794    186.2280     0.0    186.2280     0.0000 0.0000 Eval_33_1_DP_OP_55J26_124_3794_J26_0_17
core16_3/core4_2/interp             3064.9500      0.4       0.5040    289.1700  0.0000  Interpolation_26
core16_3/core4_2/interp/interp      2775.2760      0.4       0.2520      0.0000  0.0000  InterpolationComb_26
core16_3/core4_2/interp/interp/DP_OP_106J20_122_5359   2775.0240     0.4   2775.0240     0.0000 0.0000 InterpolationComb_1_DP_OP_106J20_122_5359_J20_0_15
core16_3/core4_2/mult_x_1           1115.3520      0.1    1115.3520      0.0000  0.0000  core4_1_DW_mult_tc_J23_6_13
core16_3/core4_2/mult_x_2           1122.4080      0.1    1122.4080      0.0000  0.0000  core4_1_DW_mult_tc_J23_5_13
core16_3/core4_2/mult_x_3           1157.9400      0.1    1157.9400      0.0000  0.0000  core4_1_DW_mult_tc_J23_4_13
core16_3/core4_2/mult_x_4           1153.6560      0.1    1153.6560      0.0000  0.0000  core4_1_DW_mult_tc_J23_3_13
core16_3/core4_2/mult_x_5           1156.5540      0.1    1156.5540      0.0000  0.0000  core4_1_DW_mult_tc_J23_2_13
core16_3/core4_2/mult_x_6           1155.9240      0.1    1155.9240      0.0000  0.0000  core4_1_DW_mult_tc_J23_1_13
core16_3/core4_2/mult_x_7           1116.3600      0.1    1116.3600      0.0000  0.0000  core4_1_DW_mult_tc_J23_0_13
core16_3/core4_3                   13128.3178      1.7       0.7560    574.3080  0.0000  core4_24
core16_3/core4_3/evalA               979.3980      0.1      31.5000      0.0000  0.0000  Eval_32_24
core16_3/core4_3/evalA/DP_OP_53J21_123_9060    248.3460     0.0    248.3460     0.0000 0.0000 Eval_32_1_DP_OP_53J21_123_9060_J21_0_18
core16_3/core4_3/evalA/DP_OP_54J21_124_1586    356.4540     0.0    356.4540     0.0000 0.0000 Eval_32_1_DP_OP_54J21_124_1586_J21_0_18
core16_3/core4_3/evalA/DP_OP_55J21_125_1337    343.0980     0.0    343.0980     0.0000 0.0000 Eval_32_1_DP_OP_55J21_125_1337_J21_0_18
core16_3/core4_3/evalB               540.0360      0.1      18.5220      0.0000  0.0000  Eval_33_24
core16_3/core4_3/evalB/DP_OP_53J26_122_4171    135.7020     0.0    135.7020     0.0000 0.0000 Eval_33_1_DP_OP_53J26_122_4171_J26_0_16
core16_3/core4_3/evalB/DP_OP_54J26_123_6227    198.3240     0.0    198.3240     0.0000 0.0000 Eval_33_1_DP_OP_54J26_123_6227_J26_0_16
core16_3/core4_3/evalB/DP_OP_55J26_124_3794    187.4880     0.0    187.4880     0.0000 0.0000 Eval_33_1_DP_OP_55J26_124_3794_J26_0_16
core16_3/core4_3/interp             3062.9340      0.4       0.5040    289.1700  0.0000  Interpolation_25
core16_3/core4_3/interp/interp      2773.2600      0.4       0.2520      0.0000  0.0000  InterpolationComb_25
core16_3/core4_3/interp/interp/DP_OP_106J20_122_5359   2773.0080     0.4   2773.0080     0.0000 0.0000 InterpolationComb_1_DP_OP_106J20_122_5359_J20_0_14
core16_3/core4_3/mult_x_1           1115.4780      0.1    1115.4780      0.0000  0.0000  core4_1_DW_mult_tc_J23_6_12
core16_3/core4_3/mult_x_2           1117.8720      0.1    1117.8720      0.0000  0.0000  core4_1_DW_mult_tc_J23_5_12
core16_3/core4_3/mult_x_3           1156.6800      0.1    1156.6800      0.0000  0.0000  core4_1_DW_mult_tc_J23_4_12
core16_3/core4_3/mult_x_4           1152.1440      0.1    1152.1440      0.0000  0.0000  core4_1_DW_mult_tc_J23_3_12
core16_3/core4_3/mult_x_5           1156.0500      0.1    1156.0500      0.0000  0.0000  core4_1_DW_mult_tc_J23_2_12
core16_3/core4_3/mult_x_6           1159.7040      0.1    1159.7040      0.0000  0.0000  core4_1_DW_mult_tc_J23_1_12
core16_3/core4_3/mult_x_7           1112.9580      0.1    1112.9580      0.0000  0.0000  core4_1_DW_mult_tc_J23_0_12
core16_3/core4_4                   13127.5618      1.7       0.7560    574.3080  0.0000  core4_23
core16_3/core4_4/evalA               979.3980      0.1      31.5000      0.0000  0.0000  Eval_32_23
core16_3/core4_4/evalA/DP_OP_53J21_123_9060    248.3460     0.0    248.3460     0.0000 0.0000 Eval_32_1_DP_OP_53J21_123_9060_J21_0_17
core16_3/core4_4/evalA/DP_OP_54J21_124_1586    356.4540     0.0    356.4540     0.0000 0.0000 Eval_32_1_DP_OP_54J21_124_1586_J21_0_17
core16_3/core4_4/evalA/DP_OP_55J21_125_1337    343.0980     0.0    343.0980     0.0000 0.0000 Eval_32_1_DP_OP_55J21_125_1337_J21_0_17
core16_3/core4_4/evalB               540.0360      0.1      18.5220      0.0000  0.0000  Eval_33_23
core16_3/core4_4/evalB/DP_OP_53J26_122_4171    132.6780     0.0    132.6780     0.0000 0.0000 Eval_33_1_DP_OP_53J26_122_4171_J26_0_15
core16_3/core4_4/evalB/DP_OP_54J26_123_6227    203.4900     0.0    203.4900     0.0000 0.0000 Eval_33_1_DP_OP_54J26_123_6227_J26_0_15
core16_3/core4_4/evalB/DP_OP_55J26_124_3794    185.3460     0.0    185.3460     0.0000 0.0000 Eval_33_1_DP_OP_55J26_124_3794_J26_0_15
core16_3/core4_4/interp             3063.4380      0.4       0.5040    289.1700  0.0000  Interpolation_24
core16_3/core4_4/interp/interp      2773.7640      0.4       0.2520      0.0000  0.0000  InterpolationComb_24
core16_3/core4_4/interp/interp/DP_OP_106J20_122_5359   2773.5120     0.4   2773.5120     0.0000 0.0000 InterpolationComb_1_DP_OP_106J20_122_5359_J20_0_13
core16_3/core4_4/mult_x_1           1115.7300      0.1    1115.7300      0.0000  0.0000  core4_1_DW_mult_tc_J23_6_11
core16_3/core4_4/mult_x_2           1113.7140      0.1    1113.7140      0.0000  0.0000  core4_1_DW_mult_tc_J23_5_11
core16_3/core4_4/mult_x_3           1162.7280      0.1    1162.7280      0.0000  0.0000  core4_1_DW_mult_tc_J23_4_11
core16_3/core4_4/mult_x_4           1154.1600      0.1    1154.1600      0.0000  0.0000  core4_1_DW_mult_tc_J23_3_11
core16_3/core4_4/mult_x_5           1154.4120      0.1    1154.4120      0.0000  0.0000  core4_1_DW_mult_tc_J23_2_11
core16_3/core4_4/mult_x_6           1153.5300      0.1    1153.5300      0.0000  0.0000  core4_1_DW_mult_tc_J23_1_11
core16_3/core4_4/mult_x_7           1115.3520      0.1    1115.3520      0.0000  0.0000  core4_1_DW_mult_tc_J23_0_11
core16_3/core4_5                   13132.9798      1.7       0.7560    574.1820  0.0000  core4_22
core16_3/core4_5/evalA               980.0280      0.1      31.5000      0.0000  0.0000  Eval_32_22
core16_3/core4_5/evalA/DP_OP_53J21_123_9060    248.3460     0.0    248.3460     0.0000 0.0000 Eval_32_1_DP_OP_53J21_123_9060_J21_0_16
core16_3/core4_5/evalA/DP_OP_54J21_124_1586    357.0840     0.0    357.0840     0.0000 0.0000 Eval_32_1_DP_OP_54J21_124_1586_J21_0_16
core16_3/core4_5/evalA/DP_OP_55J21_125_1337    343.0980     0.0    343.0980     0.0000 0.0000 Eval_32_1_DP_OP_55J21_125_1337_J21_0_16
core16_3/core4_5/evalB               539.4060      0.1      18.3960      0.0000  0.0000  Eval_33_22
core16_3/core4_5/evalB/DP_OP_53J26_122_4171    133.9380     0.0    133.9380     0.0000 0.0000 Eval_33_1_DP_OP_53J26_122_4171_J26_0_14
core16_3/core4_5/evalB/DP_OP_54J26_123_6227    199.2060     0.0    199.2060     0.0000 0.0000 Eval_33_1_DP_OP_54J26_123_6227_J26_0_14
core16_3/core4_5/evalB/DP_OP_55J26_124_3794    187.8660     0.0    187.8660     0.0000 0.0000 Eval_33_1_DP_OP_55J26_124_3794_J26_0_14
core16_3/core4_5/interp             3064.4460      0.4       0.5040    289.1700  0.0000  Interpolation_23
core16_3/core4_5/interp/interp      2774.7720      0.4       0.2520      0.0000  0.0000  InterpolationComb_23
core16_3/core4_5/interp/interp/DP_OP_106J20_122_5359   2774.5200     0.4   2774.5200     0.0000 0.0000 InterpolationComb_1_DP_OP_106J20_122_5359_J20_0_12
core16_3/core4_5/mult_x_1           1115.9820      0.1    1115.9820      0.0000  0.0000  core4_1_DW_mult_tc_J23_6_10
core16_3/core4_5/mult_x_2           1113.9660      0.1    1113.9660      0.0000  0.0000  core4_1_DW_mult_tc_J23_5_10
core16_3/core4_5/mult_x_3           1161.3420      0.1    1161.3420      0.0000  0.0000  core4_1_DW_mult_tc_J23_4_10
core16_3/core4_5/mult_x_4           1154.2860      0.1    1154.2860      0.0000  0.0000  core4_1_DW_mult_tc_J23_3_10
core16_3/core4_5/mult_x_5           1154.5380      0.1    1154.5380      0.0000  0.0000  core4_1_DW_mult_tc_J23_2_10
core16_3/core4_5/mult_x_6           1157.6880      0.1    1157.6880      0.0000  0.0000  core4_1_DW_mult_tc_J23_1_10
core16_3/core4_5/mult_x_7           1116.3600      0.1    1116.3600      0.0000  0.0000  core4_1_DW_mult_tc_J23_0_10
core16_3/core4_6                   12168.3238      1.5       0.7560    574.4340  0.0000  core4_21
core16_3/core4_6/evalA               978.6420      0.1      30.7440      0.0000  0.0000  Eval_32_21
core16_3/core4_6/evalA/DP_OP_53J21_123_9060    248.3460     0.0    248.3460     0.0000 0.0000 Eval_32_1_DP_OP_53J21_123_9060_J21_0_15
core16_3/core4_6/evalA/DP_OP_54J21_124_1586    356.4540     0.0    356.4540     0.0000 0.0000 Eval_32_1_DP_OP_54J21_124_1586_J21_0_15
core16_3/core4_6/evalA/DP_OP_55J21_125_1337    343.0980     0.0    343.0980     0.0000 0.0000 Eval_32_1_DP_OP_55J21_125_1337_J21_0_15
core16_3/core4_6/evalB               542.0520      0.1      17.7660      0.0000  0.0000  Eval_33_21
core16_3/core4_6/evalB/DP_OP_53J26_122_4171    135.3240     0.0    135.3240     0.0000 0.0000 Eval_33_1_DP_OP_53J26_122_4171_J26_0_13
core16_3/core4_6/evalB/DP_OP_54J26_123_6227    202.8600     0.0    202.8600     0.0000 0.0000 Eval_33_1_DP_OP_54J26_123_6227_J26_0_13
core16_3/core4_6/evalB/DP_OP_55J26_124_3794    186.1020     0.0    186.1020     0.0000 0.0000 Eval_33_1_DP_OP_55J26_124_3794_J26_0_13
core16_3/core4_6/interp             2960.2440      0.4       0.5040    281.6100  0.0000  Interpolation_22
core16_3/core4_6/interp/interp      2678.1300      0.3       0.2520      0.0000  0.0000  InterpolationComb_22
core16_3/core4_6/interp/interp/DP_OP_106J21_122_4710   2677.8780     0.3   2677.8780     0.0000 0.0000 InterpolationComb_0_DP_OP_106J21_122_4710_J21_0_9
core16_3/core4_6/mult_x_1            691.6140      0.1     691.6140      0.0000  0.0000  core4_7_DW_mult_tc_J24_6_3
core16_3/core4_6/mult_x_2           1115.8560      0.1    1115.8560      0.0000  0.0000  core4_7_DW_mult_tc_J24_5_3
core16_3/core4_6/mult_x_3           1152.7740      0.1    1152.7740      0.0000  0.0000  core4_7_DW_mult_tc_J24_4_3
core16_3/core4_6/mult_x_4           1154.5380      0.1    1154.5380      0.0000  0.0000  core4_7_DW_mult_tc_J24_3_3
core16_3/core4_6/mult_x_5           1154.5380      0.1    1154.5380      0.0000  0.0000  core4_7_DW_mult_tc_J24_2_3
core16_3/core4_6/mult_x_6           1151.0100      0.1    1151.0100      0.0000  0.0000  core4_7_DW_mult_tc_J24_1_3
core16_3/core4_6/mult_x_7            691.8660      0.1     691.8660      0.0000  0.0000  core4_7_DW_mult_tc_J24_0_3
core16_3/evalA                       976.6260      0.1      28.7280      0.0000  0.0000  Eval_32_64
core16_3/evalA/DP_OP_53J21_123_9060    248.3460     0.0    248.3460      0.0000  0.0000  Eval_32_1_DP_OP_53J21_123_9060_J21_0_40
core16_3/evalA/DP_OP_54J21_124_1586    356.4540     0.0    356.4540      0.0000  0.0000  Eval_32_1_DP_OP_54J21_124_1586_J21_0_40
core16_3/evalA/DP_OP_55J21_125_1337    343.0980     0.0    343.0980      0.0000  0.0000  Eval_32_1_DP_OP_55J21_125_1337_J21_0_40
core16_3/evalA_1                     978.7680      0.1      30.7440      0.0000  0.0000  Eval_32_63
core16_3/evalA_1/DP_OP_53J21_123_9060    248.3460     0.0    248.3460     0.0000 0.0000  Eval_32_1_DP_OP_53J21_123_9060_J21_0_39
core16_3/evalA_1/DP_OP_54J21_124_1586    356.4540     0.0    356.4540     0.0000 0.0000  Eval_32_1_DP_OP_54J21_124_1586_J21_0_39
core16_3/evalA_1/DP_OP_55J21_125_1337    343.2240     0.0    343.2240     0.0000 0.0000  Eval_32_1_DP_OP_55J21_125_1337_J21_0_39
core16_3/evalA_2                     978.7680      0.1      30.7440      0.0000  0.0000  Eval_32_62
core16_3/evalA_2/DP_OP_53J21_123_9060    248.3460     0.0    248.3460     0.0000 0.0000  Eval_32_1_DP_OP_53J21_123_9060_J21_0_38
core16_3/evalA_2/DP_OP_54J21_124_1586    356.4540     0.0    356.4540     0.0000 0.0000  Eval_32_1_DP_OP_54J21_124_1586_J21_0_38
core16_3/evalA_2/DP_OP_55J21_125_1337    343.2240     0.0    343.2240     0.0000 0.0000  Eval_32_1_DP_OP_55J21_125_1337_J21_0_38
core16_3/evalA_3                     976.6260      0.1      28.7280      0.0000  0.0000  Eval_32_61
core16_3/evalA_3/DP_OP_53J21_123_9060    248.3460     0.0    248.3460     0.0000 0.0000  Eval_32_1_DP_OP_53J21_123_9060_J21_0_37
core16_3/evalA_3/DP_OP_54J21_124_1586    356.4540     0.0    356.4540     0.0000 0.0000  Eval_32_1_DP_OP_54J21_124_1586_J21_0_37
core16_3/evalA_3/DP_OP_55J21_125_1337    343.0980     0.0    343.0980     0.0000 0.0000  Eval_32_1_DP_OP_55J21_125_1337_J21_0_37
core16_3/evalB                       541.0440      0.1      16.7580      0.0000  0.0000  Eval_33_64
core16_3/evalB/DP_OP_53J26_122_4171    135.9540     0.0    135.9540      0.0000  0.0000  Eval_33_1_DP_OP_53J26_122_4171_J26_0_36
core16_3/evalB/DP_OP_54J26_123_6227    200.9700     0.0    200.9700      0.0000  0.0000  Eval_33_1_DP_OP_54J26_123_6227_J26_0_36
core16_3/evalB/DP_OP_55J26_124_3794    187.3620     0.0    187.3620      0.0000  0.0000  Eval_33_1_DP_OP_55J26_124_3794_J26_0_36
core16_3/evalB_1                     538.5240      0.1      15.8760      0.0000  0.0000  Eval_33_63
core16_3/evalB_1/DP_OP_53J26_122_4171    135.0720     0.0    135.0720     0.0000 0.0000  Eval_33_1_DP_OP_53J26_122_4171_J26_0_35
core16_3/evalB_1/DP_OP_54J26_123_6227    197.6940     0.0    197.6940     0.0000 0.0000  Eval_33_1_DP_OP_54J26_123_6227_J26_0_35
core16_3/evalB_1/DP_OP_55J26_124_3794    189.8820     0.0    189.8820     0.0000 0.0000  Eval_33_1_DP_OP_55J26_124_3794_J26_0_35
core16_3/evalB_2                     541.2960      0.1      15.8760      0.0000  0.0000  Eval_33_62
core16_3/evalB_2/DP_OP_53J26_122_4171    134.1900     0.0    134.1900     0.0000 0.0000  Eval_33_1_DP_OP_53J26_122_4171_J26_0_34
core16_3/evalB_2/DP_OP_54J26_123_6227    200.9700     0.0    200.9700     0.0000 0.0000  Eval_33_1_DP_OP_54J26_123_6227_J26_0_34
core16_3/evalB_2/DP_OP_55J26_124_3794    190.2600     0.0    190.2600     0.0000 0.0000  Eval_33_1_DP_OP_55J26_124_3794_J26_0_34
core16_3/evalB_3                     541.5480      0.1      14.8680      0.0000  0.0000  Eval_33_61
core16_3/evalB_3/DP_OP_53J26_122_4171    136.0800     0.0    136.0800     0.0000 0.0000  Eval_33_1_DP_OP_53J26_122_4171_J26_0_33
core16_3/evalB_3/DP_OP_54J26_123_6227    204.7500     0.0    204.7500     0.0000 0.0000  Eval_33_1_DP_OP_54J26_123_6227_J26_0_33
core16_3/evalB_3/DP_OP_55J26_124_3794    185.8500     0.0    185.8500     0.0000 0.0000  Eval_33_1_DP_OP_55J26_124_3794_J26_0_33
core16_3/interp                    11656.5118      1.5       0.5040   1060.2900  0.0000  Interpolation_7_3
core16_3/interp/interp             10595.7178      1.3       0.2520      0.0000  0.0000  InterpolationComb_7_3
core16_3/interp/interp/DP_OP_421J11_122_5960  10595.4658     1.3  10595.4658     0.0000 0.0000 InterpolationComb_7_1_DP_OP_421J11_122_5960_J11_0_2
core16_4                          105786.5745     13.4       1.7640   1990.1700  0.0000  core16_2
core16_4/core4_0                   11595.9058      1.5       1.0080    574.4340  0.0000  core4_20
core16_4/core4_0/evalA               934.1640      0.1      28.4760      0.0000  0.0000  Eval_32_20
core16_4/core4_0/evalA/DP_OP_54J16_122_2586    241.7940     0.0    241.7940     0.0000 0.0000 Eval_32_2_DP_OP_54J16_122_2586_J16_0_2
core16_4/core4_0/evalA/DP_OP_55J16_123_4716    329.3640     0.0    329.3640     0.0000 0.0000 Eval_32_2_DP_OP_55J16_123_4716_J16_0_2
core16_4/core4_0/evalA/DP_OP_56J16_124_4901    334.5300     0.0    334.5300     0.0000 0.0000 Eval_32_2_DP_OP_56J16_124_4901_J16_0_2
core16_4/core4_0/evalB               400.4280      0.1      13.1040      0.0000  0.0000  Eval_33_20
core16_4/core4_0/evalB/DP_OP_54J25_125_5690    103.0680     0.0    103.0680     0.0000 0.0000 Eval_33_2_DP_OP_54J25_125_5690_J25_0_2
core16_4/core4_0/evalB/DP_OP_55J25_126_3915    140.6160     0.0    140.6160     0.0000 0.0000 Eval_33_2_DP_OP_55J25_126_3915_J25_0_2
core16_4/core4_0/evalB/DP_OP_56J25_127_920    143.6400     0.0    143.6400     0.0000 0.0000 Eval_33_2_DP_OP_56J25_127_920_J25_0_2
core16_4/core4_0/interp             2960.7480      0.4       0.5040    281.6100  0.0000  Interpolation_21
core16_4/core4_0/interp/interp      2678.6340      0.3       0.2520      0.0000  0.0000  InterpolationComb_21
core16_4/core4_0/interp/interp/DP_OP_106J21_122_4710   2678.3820     0.3   2678.3820     0.0000 0.0000 InterpolationComb_0_DP_OP_106J21_122_4710_J21_0_8
core16_4/core4_0/mult_x_1            855.4140      0.1     855.4140      0.0000  0.0000  core4_14_DW_mult_uns_J22_3_1
core16_4/core4_0/mult_x_2           1060.0380      0.1    1060.0380      0.0000  0.0000  core4_14_DW_mult_uns_J22_2_1
core16_4/core4_0/mult_x_3            921.8160      0.1     921.8160      0.0000  0.0000  core4_14_DW_mult_tc_J22_2_1
core16_4/core4_0/mult_x_4            946.3860      0.1     946.3860      0.0000  0.0000  core4_14_DW_mult_tc_J22_1_1
core16_4/core4_0/mult_x_5           1027.4040      0.1    1027.4040      0.0000  0.0000  core4_14_DW_mult_uns_J22_1_1
core16_4/core4_0/mult_x_6           1058.6520      0.1    1058.6520      0.0000  0.0000  core4_14_DW_mult_tc_J22_0_1
core16_4/core4_0/mult_x_7            855.4140      0.1     855.4140      0.0000  0.0000  core4_14_DW_mult_uns_J22_0_1
core16_4/core4_1                   12900.6358      1.6       1.0080    574.4340  0.0000  core4_19
core16_4/core4_1/evalA               979.5240      0.1      31.6260      0.0000  0.0000  Eval_32_19
core16_4/core4_1/evalA/DP_OP_53J21_123_9060    248.3460     0.0    248.3460     0.0000 0.0000 Eval_32_1_DP_OP_53J21_123_9060_J21_0_14
core16_4/core4_1/evalA/DP_OP_54J21_124_1586    356.4540     0.0    356.4540     0.0000 0.0000 Eval_32_1_DP_OP_54J21_124_1586_J21_0_14
core16_4/core4_1/evalA/DP_OP_55J21_125_1337    343.0980     0.0    343.0980     0.0000 0.0000 Eval_32_1_DP_OP_55J21_125_1337_J21_0_14
core16_4/core4_1/evalB               512.6940      0.1      16.2540      0.0000  0.0000  Eval_33_19
core16_4/core4_1/evalB/DP_OP_54J25_122_2737    129.6540     0.0    129.6540     0.0000 0.0000 Eval_33_19_DP_OP_54J25_122_2737_J25_0_0
core16_4/core4_1/evalB/DP_OP_55J25_123_5219    185.3460     0.0    185.3460     0.0000 0.0000 Eval_33_19_DP_OP_55J25_123_5219_J25_0_0
core16_4/core4_1/evalB/DP_OP_56J25_124_977    181.4400     0.0    181.4400     0.0000 0.0000 Eval_33_19_DP_OP_56J25_124_977_J25_0_0
core16_4/core4_1/interp             2960.2440      0.4       0.5040    281.6100  0.0000  Interpolation_20
core16_4/core4_1/interp/interp      2678.1300      0.3       0.2520      0.0000  0.0000  InterpolationComb_20
core16_4/core4_1/interp/interp/DP_OP_106J21_122_4710   2677.8780     0.3   2677.8780     0.0000 0.0000 InterpolationComb_0_DP_OP_106J21_122_4710_J21_0_7
core16_4/core4_1/mult_x_1           1059.6600      0.1    1059.6600      0.0000  0.0000  core4_19_DW_mult_uns_J26_1
core16_4/core4_1/mult_x_2           1118.3760      0.1    1118.3760      0.0000  0.0000  core4_19_DW_mult_tc_J26_4
core16_4/core4_1/mult_x_3           1163.6100      0.1    1163.6100      0.0000  0.0000  core4_19_DW_mult_tc_J26_3
core16_4/core4_1/mult_x_4           1154.7900      0.1    1154.7900      0.0000  0.0000  core4_19_DW_mult_tc_J26_2
core16_4/core4_1/mult_x_5           1161.2160      0.1    1161.2160      0.0000  0.0000  core4_19_DW_mult_tc_J26_1
core16_4/core4_1/mult_x_6           1155.4200      0.1    1155.4200      0.0000  0.0000  core4_19_DW_mult_tc_J26_0
core16_4/core4_1/mult_x_7           1059.6600      0.1    1059.6600      0.0000  0.0000  core4_19_DW_mult_uns_J26_0
core16_4/core4_2                   12215.5738      1.6       1.0080    574.3080  0.0000  core4_18
core16_4/core4_2/evalA               966.2940      0.1      29.9880      0.0000  0.0000  Eval_32_18
core16_4/core4_2/evalA/DP_OP_53J21_123_9060    249.6060     0.0    249.6060     0.0000 0.0000 Eval_32_1_DP_OP_53J21_123_9060_J21_0_13
core16_4/core4_2/evalA/DP_OP_54J21_124_1586    346.2480     0.0    346.2480     0.0000 0.0000 Eval_32_1_DP_OP_54J21_124_1586_J21_0_13
core16_4/core4_2/evalA/DP_OP_55J21_125_1337    340.4520     0.0    340.4520     0.0000 0.0000 Eval_32_1_DP_OP_55J21_125_1337_J21_0_13
core16_4/core4_2/evalB               441.6300      0.1      13.4820      0.0000  0.0000  Eval_33_18
core16_4/core4_2/evalB/DP_OP_53J26_122_4171    113.5260     0.0    113.5260     0.0000 0.0000 Eval_33_1_DP_OP_53J26_122_4171_J26_0_12
core16_4/core4_2/evalB/DP_OP_54J26_123_6227    153.9720     0.0    153.9720     0.0000 0.0000 Eval_33_1_DP_OP_54J26_123_6227_J26_0_12
core16_4/core4_2/evalB/DP_OP_55J26_124_3794    160.6500     0.0    160.6500     0.0000 0.0000 Eval_33_1_DP_OP_55J26_124_3794_J26_0_12
core16_4/core4_2/interp             3063.4380      0.4       0.5040    289.1700  0.0000  Interpolation_19
core16_4/core4_2/interp/interp      2773.7640      0.4       0.2520      0.0000  0.0000  InterpolationComb_19
core16_4/core4_2/interp/interp/DP_OP_106J20_122_5359   2773.5120     0.4   2773.5120     0.0000 0.0000 InterpolationComb_1_DP_OP_106J20_122_5359_J20_0_11
core16_4/core4_2/mult_x_1            885.7800      0.1     885.7800      0.0000  0.0000  core4_1_DW_mult_tc_J23_6_9
core16_4/core4_2/mult_x_2           1072.8900      0.1    1072.8900      0.0000  0.0000  core4_1_DW_mult_tc_J23_5_9
core16_4/core4_2/mult_x_3           1009.5120      0.1    1009.5120      0.0000  0.0000  core4_1_DW_mult_tc_J23_4_9
core16_4/core4_2/mult_x_4           1049.5800      0.1    1049.5800      0.0000  0.0000  core4_1_DW_mult_tc_J23_3_9
core16_4/core4_2/mult_x_5           1116.4860      0.1    1116.4860      0.0000  0.0000  core4_1_DW_mult_tc_J23_2_9
core16_4/core4_2/mult_x_6           1148.8680      0.1    1148.8680      0.0000  0.0000  core4_1_DW_mult_tc_J23_1_9
core16_4/core4_2/mult_x_7            885.7800      0.1     885.7800      0.0000  0.0000  core4_1_DW_mult_tc_J23_0_9
core16_4/core4_3                   12723.9838      1.6       0.7560    574.0560  0.0000  core4_17
core16_4/core4_3/evalA               979.1460      0.1      31.2480      0.0000  0.0000  Eval_32_17
core16_4/core4_3/evalA/DP_OP_53J21_123_9060    248.3460     0.0    248.3460     0.0000 0.0000 Eval_32_1_DP_OP_53J21_123_9060_J21_0_12
core16_4/core4_3/evalA/DP_OP_54J21_124_1586    356.4540     0.0    356.4540     0.0000 0.0000 Eval_32_1_DP_OP_54J21_124_1586_J21_0_12
core16_4/core4_3/evalA/DP_OP_55J21_125_1337    343.0980     0.0    343.0980     0.0000 0.0000 Eval_32_1_DP_OP_55J21_125_1337_J21_0_12
core16_4/core4_3/evalB               536.1300      0.1      18.1440      0.0000  0.0000  Eval_33_17
core16_4/core4_3/evalB/DP_OP_53J26_122_4171    133.3080     0.0    133.3080     0.0000 0.0000 Eval_33_1_DP_OP_53J26_122_4171_J26_0_11
core16_4/core4_3/evalB/DP_OP_54J26_123_6227    198.8280     0.0    198.8280     0.0000 0.0000 Eval_33_1_DP_OP_54J26_123_6227_J26_0_11
core16_4/core4_3/evalB/DP_OP_55J26_124_3794    185.8500     0.0    185.8500     0.0000 0.0000 Eval_33_1_DP_OP_55J26_124_3794_J26_0_11
core16_4/core4_3/interp             3062.9340      0.4       0.5040    289.1700  0.0000  Interpolation_18
core16_4/core4_3/interp/interp      2773.2600      0.4       0.2520      0.0000  0.0000  InterpolationComb_18
core16_4/core4_3/interp/interp/DP_OP_106J20_122_5359   2773.0080     0.4   2773.0080     0.0000 0.0000 InterpolationComb_1_DP_OP_106J20_122_5359_J20_0_10
core16_4/core4_3/mult_x_1            919.6740      0.1     919.6740      0.0000  0.0000  core4_1_DW_mult_tc_J23_6_8
core16_4/core4_3/mult_x_2           1113.2100      0.1    1113.2100      0.0000  0.0000  core4_1_DW_mult_tc_J23_5_8
core16_4/core4_3/mult_x_3           1155.5460      0.1    1155.5460      0.0000  0.0000  core4_1_DW_mult_tc_J23_4_8
core16_4/core4_3/mult_x_4           1157.9400      0.1    1157.9400      0.0000  0.0000  core4_1_DW_mult_tc_J23_3_8
core16_4/core4_3/mult_x_5           1151.8920      0.1    1151.8920      0.0000  0.0000  core4_1_DW_mult_tc_J23_2_8
core16_4/core4_3/mult_x_6           1156.5540      0.1    1156.5540      0.0000  0.0000  core4_1_DW_mult_tc_J23_1_8
core16_4/core4_3/mult_x_7            916.1460      0.1     916.1460      0.0000  0.0000  core4_1_DW_mult_tc_J23_0_8
core16_4/core4_4                   12813.5698      1.6       1.0080    574.4340  0.0000  core4_16
core16_4/core4_4/evalA               979.3980      0.1      31.5000      0.0000  0.0000  Eval_32_16
core16_4/core4_4/evalA/DP_OP_53J21_123_9060    248.3460     0.0    248.3460     0.0000 0.0000 Eval_32_1_DP_OP_53J21_123_9060_J21_0_11
core16_4/core4_4/evalA/DP_OP_54J21_124_1586    356.4540     0.0    356.4540     0.0000 0.0000 Eval_32_1_DP_OP_54J21_124_1586_J21_0_11
core16_4/core4_4/evalA/DP_OP_55J21_125_1337    343.0980     0.0    343.0980     0.0000 0.0000 Eval_32_1_DP_OP_55J21_125_1337_J21_0_11
core16_4/core4_4/evalB               512.6940      0.1      16.1280      0.0000  0.0000  Eval_33_16
core16_4/core4_4/evalB/DP_OP_54J24_122_55    131.0400     0.0    131.0400     0.0000 0.0000 Eval_33_16_DP_OP_54J24_122_55_J24_0
core16_4/core4_4/evalB/DP_OP_55J24_123_9619    183.5820     0.0    183.5820     0.0000 0.0000 Eval_33_16_DP_OP_55J24_123_9619_J24_0
core16_4/core4_4/evalB/DP_OP_56J24_124_3387    181.9440     0.0    181.9440     0.0000 0.0000 Eval_33_16_DP_OP_56J24_124_3387_J24_0
core16_4/core4_4/interp             3063.9420      0.4       0.5040    289.1700  0.0000  Interpolation_17
core16_4/core4_4/interp/interp      2774.2680      0.4       0.2520      0.0000  0.0000  InterpolationComb_17
core16_4/core4_4/interp/interp/DP_OP_106J20_122_5359   2774.0160     0.4   2774.0160     0.0000 0.0000 InterpolationComb_1_DP_OP_106J20_122_5359_J20_0_9
core16_4/core4_4/mult_x_1            998.1720      0.1     998.1720      0.0000  0.0000  core4_16_DW_mult_uns_J19_1
core16_4/core4_4/mult_x_2           1113.5880      0.1    1113.5880      0.0000  0.0000  core4_16_DW_mult_tc_J19_4
core16_4/core4_4/mult_x_3           1118.2500      0.1    1118.2500      0.0000  0.0000  core4_16_DW_mult_tc_J19_3
core16_4/core4_4/mult_x_4           1148.3640      0.1    1148.3640      0.0000  0.0000  core4_16_DW_mult_tc_J19_2
core16_4/core4_4/mult_x_5           1158.1920      0.1    1158.1920      0.0000  0.0000  core4_16_DW_mult_tc_J19_1
core16_4/core4_4/mult_x_6           1151.1360      0.1    1151.1360      0.0000  0.0000  core4_16_DW_mult_tc_J19_0
core16_4/core4_4/mult_x_7            994.3920      0.1     994.3920      0.0000  0.0000  core4_16_DW_mult_uns_J19_0
core16_4/core4_5                   12937.5538      1.6       0.7560    574.0560  0.0000  core4_15
core16_4/core4_5/evalA               979.5240      0.1      31.6260      0.0000  0.0000  Eval_32_15
core16_4/core4_5/evalA/DP_OP_53J21_123_9060    248.3460     0.0    248.3460     0.0000 0.0000 Eval_32_1_DP_OP_53J21_123_9060_J21_0_10
core16_4/core4_5/evalA/DP_OP_54J21_124_1586    356.4540     0.0    356.4540     0.0000 0.0000 Eval_32_1_DP_OP_54J21_124_1586_J21_0_10
core16_4/core4_5/evalA/DP_OP_55J21_125_1337    343.0980     0.0    343.0980     0.0000 0.0000 Eval_32_1_DP_OP_55J21_125_1337_J21_0_10
core16_4/core4_5/evalB               536.1300      0.1      18.7740      0.0000  0.0000  Eval_33_15
core16_4/core4_5/evalB/DP_OP_53J26_122_4171    133.3080     0.0    133.3080     0.0000 0.0000 Eval_33_1_DP_OP_53J26_122_4171_J26_0_10
core16_4/core4_5/evalB/DP_OP_54J26_123_6227    198.4500     0.0    198.4500     0.0000 0.0000 Eval_33_1_DP_OP_54J26_123_6227_J26_0_10
core16_4/core4_5/evalB/DP_OP_55J26_124_3794    185.5980     0.0    185.5980     0.0000 0.0000 Eval_33_1_DP_OP_55J26_124_3794_J26_0_10
core16_4/core4_5/interp             3063.4380      0.4       0.5040    289.1700  0.0000  Interpolation_16
core16_4/core4_5/interp/interp      2773.7640      0.4       0.2520      0.0000  0.0000  InterpolationComb_16
core16_4/core4_5/interp/interp/DP_OP_106J20_122_5359   2773.5120     0.4   2773.5120     0.0000 0.0000 InterpolationComb_1_DP_OP_106J20_122_5359_J20_0_8
core16_4/core4_5/mult_x_1           1024.1280      0.1    1024.1280      0.0000  0.0000  core4_1_DW_mult_tc_J23_6_7
core16_4/core4_5/mult_x_2           1113.8400      0.1    1113.8400      0.0000  0.0000  core4_1_DW_mult_tc_J23_5_7
core16_4/core4_5/mult_x_3           1155.5460      0.1    1155.5460      0.0000  0.0000  core4_1_DW_mult_tc_J23_4_7
core16_4/core4_5/mult_x_4           1151.0100      0.1    1151.0100      0.0000  0.0000  core4_1_DW_mult_tc_J23_3_7
core16_4/core4_5/mult_x_5           1162.4760      0.1    1162.4760      0.0000  0.0000  core4_1_DW_mult_tc_J23_2_7
core16_4/core4_5/mult_x_6           1155.5460      0.1    1155.5460      0.0000  0.0000  core4_1_DW_mult_tc_J23_1_7
core16_4/core4_5/mult_x_7           1021.1040      0.1    1021.1040      0.0000  0.0000  core4_1_DW_mult_tc_J23_0_7
core16_4/core4_6                   11592.8818      1.5       1.0080    574.5600  0.0000  core4_14
core16_4/core4_6/evalA               934.1640      0.1      28.4760      0.0000  0.0000  Eval_32_14
core16_4/core4_6/evalA/DP_OP_54J16_122_2586    241.7940     0.0    241.7940     0.0000 0.0000 Eval_32_2_DP_OP_54J16_122_2586_J16_0_1
core16_4/core4_6/evalA/DP_OP_55J16_123_4716    329.3640     0.0    329.3640     0.0000 0.0000 Eval_32_2_DP_OP_55J16_123_4716_J16_0_1
core16_4/core4_6/evalA/DP_OP_56J16_124_4901    334.5300     0.0    334.5300     0.0000 0.0000 Eval_32_2_DP_OP_56J16_124_4901_J16_0_1
core16_4/core4_6/evalB               399.4200      0.1      13.1040      0.0000  0.0000  Eval_33_14
core16_4/core4_6/evalB/DP_OP_54J25_125_5690    103.0680     0.0    103.0680     0.0000 0.0000 Eval_33_2_DP_OP_54J25_125_5690_J25_0_1
core16_4/core4_6/evalB/DP_OP_55J25_126_3915    138.3480     0.0    138.3480     0.0000 0.0000 Eval_33_2_DP_OP_55J25_126_3915_J25_0_1
core16_4/core4_6/evalB/DP_OP_56J25_127_920    144.9000     0.0    144.9000     0.0000 0.0000 Eval_33_2_DP_OP_56J25_127_920_J25_0_1
core16_4/core4_6/interp             2961.2520      0.4       0.5040    281.6100  0.0000  Interpolation_15
core16_4/core4_6/interp/interp      2679.1380      0.3       0.2520      0.0000  0.0000  InterpolationComb_15
core16_4/core4_6/interp/interp/DP_OP_106J21_122_4710   2678.8860     0.3   2678.8860     0.0000 0.0000 InterpolationComb_0_DP_OP_106J21_122_4710_J21_0_6
core16_4/core4_6/mult_x_1            855.4140      0.1     855.4140      0.0000  0.0000  core4_14_DW_mult_uns_J22_3_0
core16_4/core4_6/mult_x_2           1061.1720      0.1    1061.1720      0.0000  0.0000  core4_14_DW_mult_uns_J22_2_0
core16_4/core4_6/mult_x_3            913.8780      0.1     913.8780      0.0000  0.0000  core4_14_DW_mult_tc_J22_2_0
core16_4/core4_6/mult_x_4            955.2060      0.1     955.2060      0.0000  0.0000  core4_14_DW_mult_tc_J22_1_0
core16_4/core4_6/mult_x_5           1027.4040      0.1    1027.4040      0.0000  0.0000  core4_14_DW_mult_uns_J22_1_0
core16_4/core4_6/mult_x_6           1053.9900      0.1    1053.9900      0.0000  0.0000  core4_14_DW_mult_tc_J22_0_0
core16_4/core4_6/mult_x_7            855.4140      0.1     855.4140      0.0000  0.0000  core4_14_DW_mult_uns_J22_0_0
core16_4/evalA                       934.1640      0.1      28.4760      0.0000  0.0000  Eval_32_60
core16_4/evalA/DP_OP_54J17_122_4678    241.7940     0.0    241.7940      0.0000  0.0000  Eval_32_57_DP_OP_54J17_122_4678_J17_0_3
core16_4/evalA/DP_OP_55J17_123_8822    329.3640     0.0    329.3640      0.0000  0.0000  Eval_32_57_DP_OP_55J17_123_8822_J17_0_3
core16_4/evalA/DP_OP_56J17_124_406    334.5300     0.0     334.5300      0.0000  0.0000  Eval_32_57_DP_OP_56J17_124_406_J17_0_3
core16_4/evalA_1                     934.1640      0.1      28.4760      0.0000  0.0000  Eval_32_59
core16_4/evalA_1/DP_OP_54J17_122_4678    241.7940     0.0    241.7940     0.0000 0.0000  Eval_32_57_DP_OP_54J17_122_4678_J17_0_2
core16_4/evalA_1/DP_OP_55J17_123_8822    329.3640     0.0    329.3640     0.0000 0.0000  Eval_32_57_DP_OP_55J17_123_8822_J17_0_2
core16_4/evalA_1/DP_OP_56J17_124_406    334.5300     0.0    334.5300     0.0000  0.0000  Eval_32_57_DP_OP_56J17_124_406_J17_0_2
core16_4/evalA_2                     934.1640      0.1      28.4760      0.0000  0.0000  Eval_32_58
core16_4/evalA_2/DP_OP_54J17_122_4678    241.7940     0.0    241.7940     0.0000 0.0000  Eval_32_57_DP_OP_54J17_122_4678_J17_0_1
core16_4/evalA_2/DP_OP_55J17_123_8822    329.3640     0.0    329.3640     0.0000 0.0000  Eval_32_57_DP_OP_55J17_123_8822_J17_0_1
core16_4/evalA_2/DP_OP_56J17_124_406    334.5300     0.0    334.5300     0.0000  0.0000  Eval_32_57_DP_OP_56J17_124_406_J17_0_1
core16_4/evalA_3                     934.1640      0.1      28.4760      0.0000  0.0000  Eval_32_57
core16_4/evalA_3/DP_OP_54J17_122_4678    241.7940     0.0    241.7940     0.0000 0.0000  Eval_32_57_DP_OP_54J17_122_4678_J17_0_0
core16_4/evalA_3/DP_OP_55J17_123_8822    329.3640     0.0    329.3640     0.0000 0.0000  Eval_32_57_DP_OP_55J17_123_8822_J17_0_0
core16_4/evalA_3/DP_OP_56J17_124_406    334.5300     0.0    334.5300     0.0000  0.0000  Eval_32_57_DP_OP_56J17_124_406_J17_0_0
core16_4/evalB                       397.6560      0.1      13.2300      0.0000  0.0000  Eval_33_60
core16_4/evalB/DP_OP_54J26_125_6398    102.4380     0.0    102.4380      0.0000  0.0000  Eval_33_57_DP_OP_54J26_125_6398_J26_0_3
core16_4/evalB/DP_OP_55J26_126_5066    137.4660     0.0    137.4660      0.0000  0.0000  Eval_33_57_DP_OP_55J26_126_5066_J26_0_3
core16_4/evalB/DP_OP_56J26_127_6930    144.5220     0.0    144.5220      0.0000  0.0000  Eval_33_57_DP_OP_56J26_127_6930_J26_0_3
core16_4/evalB_1                     410.6340      0.1      11.8440      0.0000  0.0000  Eval_33_59
core16_4/evalB_1/DP_OP_54J26_125_6398    107.6040     0.0    107.6040     0.0000 0.0000  Eval_33_57_DP_OP_54J26_125_6398_J26_0_2
core16_4/evalB_1/DP_OP_55J26_126_5066    145.1520     0.0    145.1520     0.0000 0.0000  Eval_33_57_DP_OP_55J26_126_5066_J26_0_2
core16_4/evalB_1/DP_OP_56J26_127_6930    146.0340     0.0    146.0340     0.0000 0.0000  Eval_33_57_DP_OP_56J26_127_6930_J26_0_2
core16_4/evalB_2                     402.3180      0.1      11.8440      0.0000  0.0000  Eval_33_58
core16_4/evalB_2/DP_OP_54J26_125_6398    106.4700     0.0    106.4700     0.0000 0.0000  Eval_33_57_DP_OP_54J26_125_6398_J26_0_1
core16_4/evalB_2/DP_OP_55J26_126_5066    139.6080     0.0    139.6080     0.0000 0.0000  Eval_33_57_DP_OP_55J26_126_5066_J26_0_1
core16_4/evalB_2/DP_OP_56J26_127_6930    144.3960     0.0    144.3960     0.0000 0.0000  Eval_33_57_DP_OP_56J26_127_6930_J26_0_1
core16_4/evalB_3                     410.7600      0.1      13.3560      0.0000  0.0000  Eval_33_57
core16_4/evalB_3/DP_OP_54J26_125_6398    106.0920     0.0    106.0920     0.0000 0.0000  Eval_33_57_DP_OP_54J26_125_6398_J26_0_0
core16_4/evalB_3/DP_OP_55J26_126_5066    144.0180     0.0    144.0180     0.0000 0.0000  Eval_33_57_DP_OP_55J26_126_5066_J26_0_0
core16_4/evalB_3/DP_OP_56J26_127_6930    147.2940     0.0    147.2940     0.0000 0.0000  Eval_33_57_DP_OP_56J26_127_6930_J26_0_0
core16_4/interp                    11656.5118      1.5       0.5040   1060.2900  0.0000  Interpolation_7_2
core16_4/interp/interp             10595.7178      1.3       0.2520      0.0000  0.0000  InterpolationComb_7_2
core16_4/interp/interp/DP_OP_421J11_122_5960  10595.4658     1.3  10595.4658     0.0000 0.0000 InterpolationComb_7_1_DP_OP_421J11_122_5960_J11_0_1
core16_5                          110138.6145     14.0       1.7640   1990.1700  0.0000  core16_1
core16_5/core4_0                   12427.2538      1.6       0.7560    574.4340  0.0000  core4_13
core16_5/core4_0/evalA               979.9020      0.1      32.0040      0.0000  0.0000  Eval_32_13
core16_5/core4_0/evalA/DP_OP_53J21_123_9060    248.3460     0.0    248.3460     0.0000 0.0000 Eval_32_1_DP_OP_53J21_123_9060_J21_0_9
core16_5/core4_0/evalA/DP_OP_54J21_124_1586    356.4540     0.0    356.4540     0.0000 0.0000 Eval_32_1_DP_OP_54J21_124_1586_J21_0_9
core16_5/core4_0/evalA/DP_OP_55J21_125_1337    343.0980     0.0    343.0980     0.0000 0.0000 Eval_32_1_DP_OP_55J21_125_1337_J21_0_9
core16_5/core4_0/evalB               539.0280      0.1      18.3960      0.0000  0.0000  Eval_33_13
core16_5/core4_0/evalB/DP_OP_53J26_122_4171    132.6780     0.0    132.6780     0.0000 0.0000 Eval_33_1_DP_OP_53J26_122_4171_J26_0_9
core16_5/core4_0/evalB/DP_OP_54J26_123_6227    201.2220     0.0    201.2220     0.0000 0.0000 Eval_33_1_DP_OP_54J26_123_6227_J26_0_9
core16_5/core4_0/evalB/DP_OP_55J26_124_3794    186.7320     0.0    186.7320     0.0000 0.0000 Eval_33_1_DP_OP_55J26_124_3794_J26_0_9
core16_5/core4_0/interp             2961.2520      0.4       0.5040    281.6100  0.0000  Interpolation_14
core16_5/core4_0/interp/interp      2679.1380      0.3       0.2520      0.0000  0.0000  InterpolationComb_14
core16_5/core4_0/interp/interp/DP_OP_106J21_122_4710   2678.8860     0.3   2678.8860     0.0000 0.0000 InterpolationComb_0_DP_OP_106J21_122_4710_J21_0_5
core16_5/core4_0/mult_x_1            820.5120      0.1     820.5120      0.0000  0.0000  core4_7_DW_mult_tc_J24_6_2
core16_5/core4_0/mult_x_2           1112.9580      0.1    1112.9580      0.0000  0.0000  core4_7_DW_mult_tc_J24_5_2
core16_5/core4_0/mult_x_3           1155.0420      0.1    1155.0420      0.0000  0.0000  core4_7_DW_mult_tc_J24_4_2
core16_5/core4_0/mult_x_4           1151.2620      0.1    1151.2620      0.0000  0.0000  core4_7_DW_mult_tc_J24_3_2
core16_5/core4_0/mult_x_5           1155.4200      0.1    1155.4200      0.0000  0.0000  core4_7_DW_mult_tc_J24_2_2
core16_5/core4_0/mult_x_6           1155.9240      0.1    1155.9240      0.0000  0.0000  core4_7_DW_mult_tc_J24_1_2
core16_5/core4_0/mult_x_7            820.7640      0.1     820.7640      0.0000  0.0000  core4_7_DW_mult_tc_J24_0_2
core16_5/core4_1                   13016.5558      1.7       0.7560    574.4340  0.0000  core4_12
core16_5/core4_1/evalA               979.6500      0.1      31.7520      0.0000  0.0000  Eval_32_12
core16_5/core4_1/evalA/DP_OP_53J21_123_9060    248.3460     0.0    248.3460     0.0000 0.0000 Eval_32_1_DP_OP_53J21_123_9060_J21_0_8
core16_5/core4_1/evalA/DP_OP_54J21_124_1586    356.4540     0.0    356.4540     0.0000 0.0000 Eval_32_1_DP_OP_54J21_124_1586_J21_0_8
core16_5/core4_1/evalA/DP_OP_55J21_125_1337    343.0980     0.0    343.0980     0.0000 0.0000 Eval_32_1_DP_OP_55J21_125_1337_J21_0_8
core16_5/core4_1/evalB               537.7680      0.1      18.6480      0.0000  0.0000  Eval_33_12
core16_5/core4_1/evalB/DP_OP_53J26_122_4171    134.6940     0.0    134.6940     0.0000 0.0000 Eval_33_1_DP_OP_53J26_122_4171_J26_0_8
core16_5/core4_1/evalB/DP_OP_54J26_123_6227    199.3320     0.0    199.3320     0.0000 0.0000 Eval_33_1_DP_OP_54J26_123_6227_J26_0_8
core16_5/core4_1/evalB/DP_OP_55J26_124_3794    185.0940     0.0    185.0940     0.0000 0.0000 Eval_33_1_DP_OP_55J26_124_3794_J26_0_8
core16_5/core4_1/interp             2960.7480      0.4       0.5040    281.6100  0.0000  Interpolation_13
core16_5/core4_1/interp/interp      2678.6340      0.3       0.2520      0.0000  0.0000  InterpolationComb_13
core16_5/core4_1/interp/interp/DP_OP_106J21_122_4710   2678.3820     0.3   2678.3820     0.0000 0.0000 InterpolationComb_0_DP_OP_106J21_122_4710_J21_0_4
core16_5/core4_1/mult_x_1           1115.7300      0.1    1115.7300      0.0000  0.0000  core4_7_DW_mult_tc_J24_6_1
core16_5/core4_1/mult_x_2           1114.2180      0.1    1114.2180      0.0000  0.0000  core4_7_DW_mult_tc_J24_5_1
core16_5/core4_1/mult_x_3           1153.9080      0.1    1153.9080      0.0000  0.0000  core4_7_DW_mult_tc_J24_4_1
core16_5/core4_1/mult_x_4           1156.0500      0.1    1156.0500      0.0000  0.0000  core4_7_DW_mult_tc_J24_3_1
core16_5/core4_1/mult_x_5           1152.0180      0.1    1152.0180      0.0000  0.0000  core4_7_DW_mult_tc_J24_2_1
core16_5/core4_1/mult_x_6           1155.7980      0.1    1155.7980      0.0000  0.0000  core4_7_DW_mult_tc_J24_1_1
core16_5/core4_1/mult_x_7           1115.4780      0.1    1115.4780      0.0000  0.0000  core4_7_DW_mult_tc_J24_0_1
core16_5/core4_2                   13117.1038      1.7       0.7560    574.1820  0.0000  core4_11
core16_5/core4_2/evalA               979.6500      0.1      31.7520      0.0000  0.0000  Eval_32_11
core16_5/core4_2/evalA/DP_OP_53J21_123_9060    248.3460     0.0    248.3460     0.0000 0.0000 Eval_32_1_DP_OP_53J21_123_9060_J21_0_7
core16_5/core4_2/evalA/DP_OP_54J21_124_1586    356.4540     0.0    356.4540     0.0000 0.0000 Eval_32_1_DP_OP_54J21_124_1586_J21_0_7
core16_5/core4_2/evalA/DP_OP_55J21_125_1337    343.0980     0.0    343.0980     0.0000 0.0000 Eval_32_1_DP_OP_55J21_125_1337_J21_0_7
core16_5/core4_2/evalB               537.3900      0.1      18.3960      0.0000  0.0000  Eval_33_11
core16_5/core4_2/evalB/DP_OP_53J26_122_4171    132.6780     0.0    132.6780     0.0000 0.0000 Eval_33_1_DP_OP_53J26_122_4171_J26_0_7
core16_5/core4_2/evalB/DP_OP_54J26_123_6227    199.5840     0.0    199.5840     0.0000 0.0000 Eval_33_1_DP_OP_54J26_123_6227_J26_0_7
core16_5/core4_2/evalB/DP_OP_55J26_124_3794    186.7320     0.0    186.7320     0.0000 0.0000 Eval_33_1_DP_OP_55J26_124_3794_J26_0_7
core16_5/core4_2/interp             3062.9340      0.4       0.5040    289.1700  0.0000  Interpolation_12
core16_5/core4_2/interp/interp      2773.2600      0.4       0.2520      0.0000  0.0000  InterpolationComb_12
core16_5/core4_2/interp/interp/DP_OP_106J20_122_5359   2773.0080     0.4   2773.0080     0.0000 0.0000 InterpolationComb_1_DP_OP_106J20_122_5359_J20_0_7
core16_5/core4_2/mult_x_1           1115.4780      0.1    1115.4780      0.0000  0.0000  core4_1_DW_mult_tc_J23_6_6
core16_5/core4_2/mult_x_2           1113.3360      0.1    1113.3360      0.0000  0.0000  core4_1_DW_mult_tc_J23_5_6
core16_5/core4_2/mult_x_3           1157.8140      0.1    1157.8140      0.0000  0.0000  core4_1_DW_mult_tc_J23_4_6
core16_5/core4_2/mult_x_4           1157.5620      0.1    1157.5620      0.0000  0.0000  core4_1_DW_mult_tc_J23_3_6
core16_5/core4_2/mult_x_5           1151.0100      0.1    1151.0100      0.0000  0.0000  core4_1_DW_mult_tc_J23_2_6
core16_5/core4_2/mult_x_6           1151.3880      0.1    1151.3880      0.0000  0.0000  core4_1_DW_mult_tc_J23_1_6
core16_5/core4_2/mult_x_7           1115.6040      0.1    1115.6040      0.0000  0.0000  core4_1_DW_mult_tc_J23_0_6
core16_5/core4_3                   13132.2238      1.7       0.7560    574.1820  0.0000  core4_10
core16_5/core4_3/evalA               979.3980      0.1      31.5000      0.0000  0.0000  Eval_32_10
core16_5/core4_3/evalA/DP_OP_53J21_123_9060    248.3460     0.0    248.3460     0.0000 0.0000 Eval_32_1_DP_OP_53J21_123_9060_J21_0_6
core16_5/core4_3/evalA/DP_OP_54J21_124_1586    356.4540     0.0    356.4540     0.0000 0.0000 Eval_32_1_DP_OP_54J21_124_1586_J21_0_6
core16_5/core4_3/evalA/DP_OP_55J21_125_1337    343.0980     0.0    343.0980     0.0000 0.0000 Eval_32_1_DP_OP_55J21_125_1337_J21_0_6
core16_5/core4_3/evalB               540.4140      0.1      18.5220      0.0000  0.0000  Eval_33_10
core16_5/core4_3/evalB/DP_OP_53J26_122_4171    133.3080     0.0    133.3080     0.0000 0.0000 Eval_33_1_DP_OP_53J26_122_4171_J26_0_6
core16_5/core4_3/evalB/DP_OP_54J26_123_6227    201.0960     0.0    201.0960     0.0000 0.0000 Eval_33_1_DP_OP_54J26_123_6227_J26_0_6
core16_5/core4_3/evalB/DP_OP_55J26_124_3794    187.4880     0.0    187.4880     0.0000 0.0000 Eval_33_1_DP_OP_55J26_124_3794_J26_0_6
core16_5/core4_3/interp             3064.4460      0.4       0.5040    289.1700  0.0000  Interpolation_11
core16_5/core4_3/interp/interp      2774.7720      0.4       0.2520      0.0000  0.0000  InterpolationComb_11
core16_5/core4_3/interp/interp/DP_OP_106J20_122_5359   2774.5200     0.4   2774.5200     0.0000 0.0000 InterpolationComb_1_DP_OP_106J20_122_5359_J20_0_6
core16_5/core4_3/mult_x_1           1113.3360      0.1    1113.3360      0.0000  0.0000  core4_1_DW_mult_tc_J23_6_5
core16_5/core4_3/mult_x_2           1116.7380      0.1    1116.7380      0.0000  0.0000  core4_1_DW_mult_tc_J23_5_5
core16_5/core4_3/mult_x_3           1158.9480      0.1    1158.9480      0.0000  0.0000  core4_1_DW_mult_tc_J23_4_5
core16_5/core4_3/mult_x_4           1154.1600      0.1    1154.1600      0.0000  0.0000  core4_1_DW_mult_tc_J23_3_5
core16_5/core4_3/mult_x_5           1154.2860      0.1    1154.2860      0.0000  0.0000  core4_1_DW_mult_tc_J23_2_5
core16_5/core4_3/mult_x_6           1159.9560      0.1    1159.9560      0.0000  0.0000  core4_1_DW_mult_tc_J23_1_5
core16_5/core4_3/mult_x_7           1115.6040      0.1    1115.6040      0.0000  0.0000  core4_1_DW_mult_tc_J23_0_5
core16_5/core4_4                   13126.3018      1.7       0.7560    574.4340  0.0000  core4_9
core16_5/core4_4/evalA               979.6500      0.1      31.7520      0.0000  0.0000  Eval_32_9
core16_5/core4_4/evalA/DP_OP_53J21_123_9060    248.3460     0.0    248.3460     0.0000 0.0000 Eval_32_1_DP_OP_53J21_123_9060_J21_0_5
core16_5/core4_4/evalA/DP_OP_54J21_124_1586    356.4540     0.0    356.4540     0.0000 0.0000 Eval_32_1_DP_OP_54J21_124_1586_J21_0_5
core16_5/core4_4/evalA/DP_OP_55J21_125_1337    343.0980     0.0    343.0980     0.0000 0.0000 Eval_32_1_DP_OP_55J21_125_1337_J21_0_5
core16_5/core4_4/evalB               538.9020      0.1      18.9000      0.0000  0.0000  Eval_33_9
core16_5/core4_4/evalB/DP_OP_53J26_122_4171    134.8200     0.0    134.8200     0.0000 0.0000 Eval_33_1_DP_OP_53J26_122_4171_J26_0_5
core16_5/core4_4/evalB/DP_OP_54J26_123_6227    199.0800     0.0    199.0800     0.0000 0.0000 Eval_33_1_DP_OP_54J26_123_6227_J26_0_5
core16_5/core4_4/evalB/DP_OP_55J26_124_3794    186.1020     0.0    186.1020     0.0000 0.0000 Eval_33_1_DP_OP_55J26_124_3794_J26_0_5
core16_5/core4_4/interp             3062.9340      0.4       0.5040    289.1700  0.0000  Interpolation_10
core16_5/core4_4/interp/interp      2773.2600      0.4       0.2520      0.0000  0.0000  InterpolationComb_10
core16_5/core4_4/interp/interp/DP_OP_106J20_122_5359   2773.0080     0.4   2773.0080     0.0000 0.0000 InterpolationComb_1_DP_OP_106J20_122_5359_J20_0_5
core16_5/core4_4/mult_x_1           1116.2340      0.1    1116.2340      0.0000  0.0000  core4_1_DW_mult_tc_J23_6_4
core16_5/core4_4/mult_x_2           1115.1000      0.1    1115.1000      0.0000  0.0000  core4_1_DW_mult_tc_J23_5_4
core16_5/core4_4/mult_x_3           1152.9000      0.1    1152.9000      0.0000  0.0000  core4_1_DW_mult_tc_J23_4_4
core16_5/core4_4/mult_x_4           1159.7040      0.1    1159.7040      0.0000  0.0000  core4_1_DW_mult_tc_J23_3_4
core16_5/core4_4/mult_x_5           1155.2940      0.1    1155.2940      0.0000  0.0000  core4_1_DW_mult_tc_J23_2_4
core16_5/core4_4/mult_x_6           1154.4120      0.1    1154.4120      0.0000  0.0000  core4_1_DW_mult_tc_J23_1_4
core16_5/core4_4/mult_x_7           1115.9820      0.1    1115.9820      0.0000  0.0000  core4_1_DW_mult_tc_J23_0_4
core16_5/core4_5                   13128.1918      1.7       0.7560    574.3080  0.0000  core4_8
core16_5/core4_5/evalA               979.6500      0.1      31.7520      0.0000  0.0000  Eval_32_8
core16_5/core4_5/evalA/DP_OP_53J21_123_9060    248.3460     0.0    248.3460     0.0000 0.0000 Eval_32_1_DP_OP_53J21_123_9060_J21_0_4
core16_5/core4_5/evalA/DP_OP_54J21_124_1586    356.4540     0.0    356.4540     0.0000 0.0000 Eval_32_1_DP_OP_54J21_124_1586_J21_0_4
core16_5/core4_5/evalA/DP_OP_55J21_125_1337    343.0980     0.0    343.0980     0.0000 0.0000 Eval_32_1_DP_OP_55J21_125_1337_J21_0_4
core16_5/core4_5/evalB               536.1300      0.1      18.6480      0.0000  0.0000  Eval_33_8
core16_5/core4_5/evalB/DP_OP_53J26_122_4171    133.3080     0.0    133.3080     0.0000 0.0000 Eval_33_1_DP_OP_53J26_122_4171_J26_0_4
core16_5/core4_5/evalB/DP_OP_54J26_123_6227    199.4580     0.0    199.4580     0.0000 0.0000 Eval_33_1_DP_OP_54J26_123_6227_J26_0_4
core16_5/core4_5/evalB/DP_OP_55J26_124_3794    184.7160     0.0    184.7160     0.0000 0.0000 Eval_33_1_DP_OP_55J26_124_3794_J26_0_4
core16_5/core4_5/interp             3064.4460      0.4       0.5040    289.1700  0.0000  Interpolation_9
core16_5/core4_5/interp/interp      2774.7720      0.4       0.2520      0.0000  0.0000  InterpolationComb_9
core16_5/core4_5/interp/interp/DP_OP_106J20_122_5359   2774.5200     0.4   2774.5200     0.0000 0.0000 InterpolationComb_1_DP_OP_106J20_122_5359_J20_0_4
core16_5/core4_5/mult_x_1           1116.2340      0.1    1116.2340      0.0000  0.0000  core4_1_DW_mult_tc_J23_6_3
core16_5/core4_5/mult_x_2           1115.9820      0.1    1115.9820      0.0000  0.0000  core4_1_DW_mult_tc_J23_5_3
core16_5/core4_5/mult_x_3           1156.5540      0.1    1156.5540      0.0000  0.0000  core4_1_DW_mult_tc_J23_4_3
core16_5/core4_5/mult_x_4           1159.3260      0.1    1159.3260      0.0000  0.0000  core4_1_DW_mult_tc_J23_3_3
core16_5/core4_5/mult_x_5           1156.4280      0.1    1156.4280      0.0000  0.0000  core4_1_DW_mult_tc_J23_2_3
core16_5/core4_5/mult_x_6           1152.0180      0.1    1152.0180      0.0000  0.0000  core4_1_DW_mult_tc_J23_1_3
core16_5/core4_5/mult_x_7           1116.3600      0.1    1116.3600      0.0000  0.0000  core4_1_DW_mult_tc_J23_0_3
core16_5/core4_6                   12436.9558      1.6       0.7560    574.4340  0.0000  core4_7
core16_5/core4_6/evalA               979.7760      0.1      31.8780      0.0000  0.0000  Eval_32_7
core16_5/core4_6/evalA/DP_OP_53J21_123_9060    248.3460     0.0    248.3460     0.0000 0.0000 Eval_32_1_DP_OP_53J21_123_9060_J21_0_3
core16_5/core4_6/evalA/DP_OP_54J21_124_1586    356.4540     0.0    356.4540     0.0000 0.0000 Eval_32_1_DP_OP_54J21_124_1586_J21_0_3
core16_5/core4_6/evalA/DP_OP_55J21_125_1337    343.0980     0.0    343.0980     0.0000 0.0000 Eval_32_1_DP_OP_55J21_125_1337_J21_0_3
core16_5/core4_6/evalB               542.8080      0.1      18.3960      0.0000  0.0000  Eval_33_7
core16_5/core4_6/evalB/DP_OP_53J26_122_4171    137.7180     0.0    137.7180     0.0000 0.0000 Eval_33_1_DP_OP_53J26_122_4171_J26_0_3
core16_5/core4_6/evalB/DP_OP_54J26_123_6227    201.0960     0.0    201.0960     0.0000 0.0000 Eval_33_1_DP_OP_54J26_123_6227_J26_0_3
core16_5/core4_6/evalB/DP_OP_55J26_124_3794    185.5980     0.0    185.5980     0.0000 0.0000 Eval_33_1_DP_OP_55J26_124_3794_J26_0_3
core16_5/core4_6/interp             2960.8740      0.4       0.5040    281.6100  0.0000  Interpolation_8
core16_5/core4_6/interp/interp      2678.7600      0.3       0.2520      0.0000  0.0000  InterpolationComb_8
core16_5/core4_6/interp/interp/DP_OP_106J21_122_4710   2678.5080     0.3   2678.5080     0.0000 0.0000 InterpolationComb_0_DP_OP_106J21_122_4710_J21_0_3
core16_5/core4_6/mult_x_1            820.5120      0.1     820.5120      0.0000  0.0000  core4_7_DW_mult_tc_J24_6_0
core16_5/core4_6/mult_x_2           1116.3600      0.1    1116.3600      0.0000  0.0000  core4_7_DW_mult_tc_J24_5_0
core16_5/core4_6/mult_x_3           1151.0100      0.1    1151.0100      0.0000  0.0000  core4_7_DW_mult_tc_J24_4_0
core16_5/core4_6/mult_x_4           1158.8220      0.1    1158.8220      0.0000  0.0000  core4_7_DW_mult_tc_J24_3_0
core16_5/core4_6/mult_x_5           1155.5460      0.1    1155.5460      0.0000  0.0000  core4_7_DW_mult_tc_J24_2_0
core16_5/core4_6/mult_x_6           1155.5460      0.1    1155.5460      0.0000  0.0000  core4_7_DW_mult_tc_J24_1_0
core16_5/core4_6/mult_x_7            820.5120      0.1     820.5120      0.0000  0.0000  core4_7_DW_mult_tc_J24_0_0
core16_5/evalA                       979.2720      0.1      31.3740      0.0000  0.0000  Eval_32_56
core16_5/evalA/DP_OP_53J21_123_9060    248.3460     0.0    248.3460      0.0000  0.0000  Eval_32_1_DP_OP_53J21_123_9060_J21_0_36
core16_5/evalA/DP_OP_54J21_124_1586    356.4540     0.0    356.4540      0.0000  0.0000  Eval_32_1_DP_OP_54J21_124_1586_J21_0_36
core16_5/evalA/DP_OP_55J21_125_1337    343.0980     0.0    343.0980      0.0000  0.0000  Eval_32_1_DP_OP_55J21_125_1337_J21_0_36
core16_5/evalA_1                     979.6500      0.1      31.7520      0.0000  0.0000  Eval_32_55
core16_5/evalA_1/DP_OP_53J21_123_9060    248.3460     0.0    248.3460     0.0000 0.0000  Eval_32_1_DP_OP_53J21_123_9060_J21_0_35
core16_5/evalA_1/DP_OP_54J21_124_1586    356.4540     0.0    356.4540     0.0000 0.0000  Eval_32_1_DP_OP_54J21_124_1586_J21_0_35
core16_5/evalA_1/DP_OP_55J21_125_1337    343.0980     0.0    343.0980     0.0000 0.0000  Eval_32_1_DP_OP_55J21_125_1337_J21_0_35
core16_5/evalA_2                     979.6500      0.1      31.7520      0.0000  0.0000  Eval_32_54
core16_5/evalA_2/DP_OP_53J21_123_9060    248.3460     0.0    248.3460     0.0000 0.0000  Eval_32_1_DP_OP_53J21_123_9060_J21_0_34
core16_5/evalA_2/DP_OP_54J21_124_1586    356.4540     0.0    356.4540     0.0000 0.0000  Eval_32_1_DP_OP_54J21_124_1586_J21_0_34
core16_5/evalA_2/DP_OP_55J21_125_1337    343.0980     0.0    343.0980     0.0000 0.0000  Eval_32_1_DP_OP_55J21_125_1337_J21_0_34
core16_5/evalA_3                     979.3980      0.1      31.5000      0.0000  0.0000  Eval_32_53
core16_5/evalA_3/DP_OP_53J21_123_9060    248.3460     0.0    248.3460     0.0000 0.0000  Eval_32_1_DP_OP_53J21_123_9060_J21_0_33
core16_5/evalA_3/DP_OP_54J21_124_1586    356.4540     0.0    356.4540     0.0000 0.0000  Eval_32_1_DP_OP_54J21_124_1586_J21_0_33
core16_5/evalA_3/DP_OP_55J21_125_1337    343.0980     0.0    343.0980     0.0000 0.0000  Eval_32_1_DP_OP_55J21_125_1337_J21_0_33
core16_5/evalB                       544.9500      0.1      17.3880      0.0000  0.0000  Eval_33_56
core16_5/evalB/DP_OP_53J26_122_4171    132.6780     0.0    132.6780      0.0000  0.0000  Eval_33_1_DP_OP_53J26_122_4171_J26_0_32
core16_5/evalB/DP_OP_54J26_123_6227    204.7500     0.0    204.7500      0.0000  0.0000  Eval_33_1_DP_OP_54J26_123_6227_J26_0_32
core16_5/evalB/DP_OP_55J26_124_3794    190.1340     0.0    190.1340      0.0000  0.0000  Eval_33_1_DP_OP_55J26_124_3794_J26_0_32
core16_5/evalB_1                     548.2260      0.1      16.8840      0.0000  0.0000  Eval_33_55
core16_5/evalB_1/DP_OP_53J26_122_4171    137.8440     0.0    137.8440     0.0000 0.0000  Eval_33_1_DP_OP_53J26_122_4171_J26_0_31
core16_5/evalB_1/DP_OP_54J26_123_6227    203.1120     0.0    203.1120     0.0000 0.0000  Eval_33_1_DP_OP_54J26_123_6227_J26_0_31
core16_5/evalB_1/DP_OP_55J26_124_3794    190.3860     0.0    190.3860     0.0000 0.0000  Eval_33_1_DP_OP_55J26_124_3794_J26_0_31
core16_5/evalB_2                     547.4700      0.1      17.0100      0.0000  0.0000  Eval_33_54
core16_5/evalB_2/DP_OP_53J26_122_4171    137.3400     0.0    137.3400     0.0000 0.0000  Eval_33_1_DP_OP_53J26_122_4171_J26_0_30
core16_5/evalB_2/DP_OP_54J26_123_6227    202.3560     0.0    202.3560     0.0000 0.0000  Eval_33_1_DP_OP_54J26_123_6227_J26_0_30
core16_5/evalB_2/DP_OP_55J26_124_3794    190.7640     0.0    190.7640     0.0000 0.0000  Eval_33_1_DP_OP_55J26_124_3794_J26_0_30
core16_5/evalB_3                     546.9660      0.1      17.3880      0.0000  0.0000  Eval_33_53
core16_5/evalB_3/DP_OP_53J26_122_4171    136.8360     0.0    136.8360     0.0000 0.0000  Eval_33_1_DP_OP_53J26_122_4171_J26_0_29
core16_5/evalB_3/DP_OP_54J26_123_6227    203.2380     0.0    203.2380     0.0000 0.0000  Eval_33_1_DP_OP_54J26_123_6227_J26_0_29
core16_5/evalB_3/DP_OP_55J26_124_3794    189.5040     0.0    189.5040     0.0000 0.0000  Eval_33_1_DP_OP_55J26_124_3794_J26_0_29
core16_5/interp                    11656.5118      1.5       0.5040   1060.2900  0.0000  Interpolation_7_1
core16_5/interp/interp             10595.7178      1.3       0.2520      0.0000  0.0000  InterpolationComb_7_1
core16_5/interp/interp/DP_OP_421J11_122_5960  10595.4658     1.3  10595.4658     0.0000 0.0000 InterpolationComb_7_1_DP_OP_421J11_122_5960_J11_0_0
core16_6                           95745.2567     12.2       1.7640   1990.1700  0.0000  core16_0
core16_6/core4_0                    9755.1719      1.2       1.0080    574.5600  0.0000  core4_6
core16_6/core4_0/evalA               816.6060      0.1      24.6960      0.0000  0.0000  Eval_32_6
core16_6/core4_0/evalA/DP_OP_54J22_122_3084    211.6800     0.0    211.6800     0.0000 0.0000 Eval_32_0_DP_OP_54J22_122_3084_J22_0_1
core16_6/core4_0/evalA/DP_OP_55J22_123_6116    287.1540     0.0    287.1540     0.0000 0.0000 Eval_32_0_DP_OP_55J22_123_6116_J22_0_1
core16_6/core4_0/evalA/DP_OP_56J22_124_9559    293.0760     0.0    293.0760     0.0000 0.0000 Eval_32_0_DP_OP_56J22_124_9559_J22_0_1
core16_6/core4_0/evalB               278.7120      0.0       8.3160      0.0000  0.0000  Eval_33_6
core16_6/core4_0/evalB/DP_OP_54J21_129_8018     70.9380     0.0     70.9380     0.0000 0.0000 Eval_33_0_DP_OP_54J21_129_8018_J21_0_1
core16_6/core4_0/evalB/DP_OP_55J21_130_2896     98.2800     0.0     98.2800     0.0000 0.0000 Eval_33_0_DP_OP_55J21_130_2896_J21_0_1
core16_6/core4_0/evalB/DP_OP_56J21_131_6631    101.1780     0.0    101.1780     0.0000 0.0000 Eval_33_0_DP_OP_56J21_131_6631_J21_0_1
core16_6/core4_0/interp             2961.2520      0.4       0.5040    281.6100  0.0000  Interpolation_6
core16_6/core4_0/interp/interp      2679.1380      0.3       0.2520      0.0000  0.0000  InterpolationComb_6
core16_6/core4_0/interp/interp/DP_OP_106J21_122_4710   2678.8860     0.3   2678.8860     0.0000 0.0000 InterpolationComb_0_DP_OP_106J21_122_4710_J21_0_2
core16_6/core4_0/mult_x_1            560.7000      0.1     560.7000      0.0000  0.0000  core4_0_DW_mult_uns_J16_3_1
core16_6/core4_0/mult_x_2            832.7340      0.1     832.7340      0.0000  0.0000  core4_0_DW_mult_uns_J16_2_1
core16_6/core4_0/mult_x_3            724.7520      0.1     724.7520      0.0000  0.0000  core4_0_DW_mult_tc_J16_2_1
core16_6/core4_0/mult_x_4            714.5460      0.1     714.5460      0.0000  0.0000  core4_0_DW_mult_tc_J16_1_1
core16_6/core4_0/mult_x_5            874.4400      0.1     874.4400      0.0000  0.0000  core4_0_DW_mult_uns_J16_1_1
core16_6/core4_0/mult_x_6            855.1620      0.1     855.1620      0.0000  0.0000  core4_0_DW_mult_tc_J16_0_1
core16_6/core4_0/mult_x_7            560.7000      0.1     560.7000      0.0000  0.0000  core4_0_DW_mult_uns_J16_0_1
core16_6/core4_1                   11646.0538      1.5       1.0080    574.5600  0.0000  core4_5
core16_6/core4_1/evalA               932.6520      0.1      28.4760      0.0000  0.0000  Eval_32_5
core16_6/core4_1/evalA/DP_OP_54J20_126_5405    241.2900     0.0    241.2900     0.0000 0.0000 Eval_32_5_DP_OP_54J20_126_5405_J20_0_0
core16_6/core4_1/evalA/DP_OP_55J20_127_5712    331.8840     0.0    331.8840     0.0000 0.0000 Eval_32_5_DP_OP_55J20_127_5712_J20_0_0
core16_6/core4_1/evalA/DP_OP_56J20_128_4935    331.0020     0.0    331.0020     0.0000 0.0000 Eval_32_5_DP_OP_56J20_128_4935_J20_0_0
core16_6/core4_1/evalB               397.2780      0.1      11.8440      0.0000  0.0000  Eval_33_5
core16_6/core4_1/evalB/DP_OP_54J23_125_9656    105.9660     0.0    105.9660     0.0000 0.0000 Eval_33_5_DP_OP_54J23_125_9656_J23_0_0
core16_6/core4_1/evalB/DP_OP_55J23_126_3545    139.7340     0.0    139.7340     0.0000 0.0000 Eval_33_5_DP_OP_55J23_126_3545_J23_0_0
core16_6/core4_1/evalB/DP_OP_56J23_127_863    139.7340     0.0    139.7340     0.0000 0.0000 Eval_33_5_DP_OP_56J23_127_863_J23_0_0
core16_6/core4_1/interp             2961.2520      0.4       0.5040    281.6100  0.0000  Interpolation_5
core16_6/core4_1/interp/interp      2679.1380      0.3       0.2520      0.0000  0.0000  InterpolationComb_5
core16_6/core4_1/interp/interp/DP_OP_106J21_122_4710   2678.8860     0.3   2678.8860     0.0000 0.0000 InterpolationComb_0_DP_OP_106J21_122_4710_J21_0_1
core16_6/core4_1/mult_x_1            831.7260      0.1     831.7260      0.0000  0.0000  core4_5_DW_mult_uns_J31_3_0
core16_6/core4_1/mult_x_2           1042.9020      0.1    1042.9020      0.0000  0.0000  core4_5_DW_mult_uns_J31_2_0
core16_6/core4_1/mult_x_3            996.5340      0.1     996.5340      0.0000  0.0000  core4_5_DW_mult_tc_J31_2_0
core16_6/core4_1/mult_x_4            974.8620      0.1     974.8620      0.0000  0.0000  core4_5_DW_mult_tc_J31_1_0
core16_6/core4_1/mult_x_5           1028.4120      0.1    1028.4120      0.0000  0.0000  core4_5_DW_mult_uns_J31_1_0
core16_6/core4_1/mult_x_6           1076.6700      0.1    1076.6700      0.0000  0.0000  core4_5_DW_mult_tc_J31_0_0
core16_6/core4_1/mult_x_7            828.1980      0.1     828.1980      0.0000  0.0000  core4_5_DW_mult_uns_J31_0_0
core16_6/core4_2                   10523.2678      1.3       1.0080    574.5600  0.0000  core4_4
core16_6/core4_2/evalA               858.9420      0.1      26.2080      0.0000  0.0000  Eval_32_4
core16_6/core4_2/evalA/DP_OP_53J21_123_9060    220.7520     0.0    220.7520     0.0000 0.0000 Eval_32_1_DP_OP_53J21_123_9060_J21_0_2
core16_6/core4_2/evalA/DP_OP_54J21_124_1586    303.4080     0.0    303.4080     0.0000 0.0000 Eval_32_1_DP_OP_54J21_124_1586_J21_0_2
core16_6/core4_2/evalA/DP_OP_55J21_125_1337    308.5740     0.0    308.5740     0.0000 0.0000 Eval_32_1_DP_OP_55J21_125_1337_J21_0_2
core16_6/core4_2/evalB               317.0160      0.0       9.7020      0.0000  0.0000  Eval_33_4
core16_6/core4_2/evalB/DP_OP_53J26_122_4171     80.6400     0.0     80.6400     0.0000 0.0000 Eval_33_1_DP_OP_53J26_122_4171_J26_0_2
core16_6/core4_2/evalB/DP_OP_54J26_123_6227    111.0060     0.0    111.0060     0.0000 0.0000 Eval_33_1_DP_OP_54J26_123_6227_J26_0_2
core16_6/core4_2/evalB/DP_OP_55J26_124_3794    115.6680     0.0    115.6680     0.0000 0.0000 Eval_33_1_DP_OP_55J26_124_3794_J26_0_2
core16_6/core4_2/interp             3063.9420      0.4       0.5040    289.1700  0.0000  Interpolation_4
core16_6/core4_2/interp/interp      2774.2680      0.4       0.2520      0.0000  0.0000  InterpolationComb_4
core16_6/core4_2/interp/interp/DP_OP_106J20_122_5359   2774.0160     0.4   2774.0160     0.0000 0.0000 InterpolationComb_1_DP_OP_106J20_122_5359_J20_0_3
core16_6/core4_2/mult_x_1            701.4420      0.1     701.4420      0.0000  0.0000  core4_1_DW_mult_tc_J23_6_2
core16_6/core4_2/mult_x_2            861.3360      0.1     861.3360      0.0000  0.0000  core4_1_DW_mult_tc_J23_5_2
core16_6/core4_2/mult_x_3            776.5380      0.1     776.5380      0.0000  0.0000  core4_1_DW_mult_tc_J23_4_2
core16_6/core4_2/mult_x_4            825.4260      0.1     825.4260      0.0000  0.0000  core4_1_DW_mult_tc_J23_3_2
core16_6/core4_2/mult_x_5            892.8360      0.1     892.8360      0.0000  0.0000  core4_1_DW_mult_tc_J23_2_2
core16_6/core4_2/mult_x_6            947.7720      0.1     947.7720      0.0000  0.0000  core4_1_DW_mult_tc_J23_1_2
core16_6/core4_2/mult_x_7            702.4500      0.1     702.4500      0.0000  0.0000  core4_1_DW_mult_tc_J23_0_2
core16_6/core4_3                   12279.5818      1.6       0.7560    574.5600  0.0000  core4_3
core16_6/core4_3/evalA               978.6420      0.1      30.7440      0.0000  0.0000  Eval_32_3
core16_6/core4_3/evalA/DP_OP_53J21_123_9060    248.3460     0.0    248.3460     0.0000 0.0000 Eval_32_1_DP_OP_53J21_123_9060_J21_0_1
core16_6/core4_3/evalA/DP_OP_54J21_124_1586    356.4540     0.0    356.4540     0.0000 0.0000 Eval_32_1_DP_OP_54J21_124_1586_J21_0_1
core16_6/core4_3/evalA/DP_OP_55J21_125_1337    343.0980     0.0    343.0980     0.0000 0.0000 Eval_32_1_DP_OP_55J21_125_1337_J21_0_1
core16_6/core4_3/evalB               537.6420      0.1      17.1360      0.0000  0.0000  Eval_33_3
core16_6/core4_3/evalB/DP_OP_53J26_122_4171    134.3160     0.0    134.3160     0.0000 0.0000 Eval_33_1_DP_OP_53J26_122_4171_J26_0_1
core16_6/core4_3/evalB/DP_OP_54J26_123_6227    199.9620     0.0    199.9620     0.0000 0.0000 Eval_33_1_DP_OP_54J26_123_6227_J26_0_1
core16_6/core4_3/evalB/DP_OP_55J26_124_3794    186.2280     0.0    186.2280     0.0000 0.0000 Eval_33_1_DP_OP_55J26_124_3794_J26_0_1
core16_6/core4_3/interp             3062.9340      0.4       0.5040    289.1700  0.0000  Interpolation_3
core16_6/core4_3/interp/interp      2773.2600      0.4       0.2520      0.0000  0.0000  InterpolationComb_3
core16_6/core4_3/interp/interp/DP_OP_106J20_122_5359   2773.0080     0.4   2773.0080     0.0000 0.0000 InterpolationComb_1_DP_OP_106J20_122_5359_J20_0_2
core16_6/core4_3/mult_x_1            693.1260      0.1     693.1260      0.0000  0.0000  core4_1_DW_mult_tc_J23_6_1
core16_6/core4_3/mult_x_2           1118.2500      0.1    1118.2500      0.0000  0.0000  core4_1_DW_mult_tc_J23_5_1
core16_6/core4_3/mult_x_3           1156.3020      0.1    1156.3020      0.0000  0.0000  core4_1_DW_mult_tc_J23_4_1
core16_6/core4_3/mult_x_4           1156.4280      0.1    1156.4280      0.0000  0.0000  core4_1_DW_mult_tc_J23_3_1
core16_6/core4_3/mult_x_5           1155.9240      0.1    1155.9240      0.0000  0.0000  core4_1_DW_mult_tc_J23_2_1
core16_6/core4_3/mult_x_6           1152.0180      0.1    1152.0180      0.0000  0.0000  core4_1_DW_mult_tc_J23_1_1
core16_6/core4_3/mult_x_7            693.0000      0.1     693.0000      0.0000  0.0000  core4_1_DW_mult_tc_J23_0_1
core16_6/core4_4                   11713.5898      1.5       1.0080    574.5600  0.0000  core4_2
core16_6/core4_4/evalA               934.1640      0.1      28.4760      0.0000  0.0000  Eval_32_2
core16_6/core4_4/evalA/DP_OP_54J16_122_2586    241.7940     0.0    241.7940     0.0000 0.0000 Eval_32_2_DP_OP_54J16_122_2586_J16_0_0
core16_6/core4_4/evalA/DP_OP_55J16_123_4716    329.3640     0.0    329.3640     0.0000 0.0000 Eval_32_2_DP_OP_55J16_123_4716_J16_0_0
core16_6/core4_4/evalA/DP_OP_56J16_124_4901    334.5300     0.0    334.5300     0.0000 0.0000 Eval_32_2_DP_OP_56J16_124_4901_J16_0_0
core16_6/core4_4/evalB               397.5300      0.1      12.3480      0.0000  0.0000  Eval_33_2
core16_6/core4_4/evalB/DP_OP_54J25_125_5690    104.3280     0.0    104.3280     0.0000 0.0000 Eval_33_2_DP_OP_54J25_125_5690_J25_0_0
core16_6/core4_4/evalB/DP_OP_55J25_126_3915    137.4660     0.0    137.4660     0.0000 0.0000 Eval_33_2_DP_OP_55J25_126_3915_J25_0_0
core16_6/core4_4/evalB/DP_OP_56J25_127_920    143.3880     0.0    143.3880     0.0000 0.0000 Eval_33_2_DP_OP_56J25_127_920_J25_0_0
core16_6/core4_4/interp             3064.9500      0.4       0.5040    289.1700  0.0000  Interpolation_2
core16_6/core4_4/interp/interp      2775.2760      0.4       0.2520      0.0000  0.0000  InterpolationComb_2
core16_6/core4_4/interp/interp/DP_OP_106J20_122_5359   2775.0240     0.4   2775.0240     0.0000 0.0000 InterpolationComb_1_DP_OP_106J20_122_5359_J20_0_1
core16_6/core4_4/mult_x_1            856.1700      0.1     856.1700      0.0000  0.0000  core4_2_DW_mult_uns_J33_3_0
core16_6/core4_4/mult_x_2           1066.7160      0.1    1066.7160      0.0000  0.0000  core4_2_DW_mult_uns_J33_2_0
core16_6/core4_4/mult_x_3            921.1860      0.1     921.1860      0.0000  0.0000  core4_2_DW_mult_tc_J33_2_0
core16_6/core4_4/mult_x_4            947.8980      0.1     947.8980      0.0000  0.0000  core4_2_DW_mult_tc_J33_1_0
core16_6/core4_4/mult_x_5           1036.0980      0.1    1036.0980      0.0000  0.0000  core4_2_DW_mult_uns_J33_1_0
core16_6/core4_4/mult_x_6           1057.7700      0.1    1057.7700      0.0000  0.0000  core4_2_DW_mult_tc_J33_0_0
core16_6/core4_4/mult_x_7            855.5400      0.1     855.5400      0.0000  0.0000  core4_2_DW_mult_uns_J33_0_0
core16_6/core4_5                   12539.8978      1.6       0.7560    574.4340  0.0000  core4_1
core16_6/core4_5/evalA               979.6500      0.1      31.7520      0.0000  0.0000  Eval_32_1
core16_6/core4_5/evalA/DP_OP_53J21_123_9060    248.3460     0.0    248.3460     0.0000 0.0000 Eval_32_1_DP_OP_53J21_123_9060_J21_0_0
core16_6/core4_5/evalA/DP_OP_54J21_124_1586    356.4540     0.0    356.4540     0.0000 0.0000 Eval_32_1_DP_OP_54J21_124_1586_J21_0_0
core16_6/core4_5/evalA/DP_OP_55J21_125_1337    343.0980     0.0    343.0980     0.0000 0.0000 Eval_32_1_DP_OP_55J21_125_1337_J21_0_0
core16_6/core4_5/evalB               538.7760      0.1      17.6400      0.0000  0.0000  Eval_33_1
core16_6/core4_5/evalB/DP_OP_53J26_122_4171    132.6780     0.0    132.6780     0.0000 0.0000 Eval_33_1_DP_OP_53J26_122_4171_J26_0_0
core16_6/core4_5/evalB/DP_OP_54J26_123_6227    199.5840     0.0    199.5840     0.0000 0.0000 Eval_33_1_DP_OP_54J26_123_6227_J26_0_0
core16_6/core4_5/evalB/DP_OP_55J26_124_3794    188.8740     0.0    188.8740     0.0000 0.0000 Eval_33_1_DP_OP_55J26_124_3794_J26_0_0
core16_6/core4_5/interp             3063.4380      0.4       0.5040    289.1700  0.0000  Interpolation_1
core16_6/core4_5/interp/interp      2773.7640      0.4       0.2520      0.0000  0.0000  InterpolationComb_1
core16_6/core4_5/interp/interp/DP_OP_106J20_122_5359   2773.5120     0.4   2773.5120     0.0000 0.0000 InterpolationComb_1_DP_OP_106J20_122_5359_J20_0_0
core16_6/core4_5/mult_x_1            818.6220      0.1     818.6220      0.0000  0.0000  core4_1_DW_mult_tc_J23_6_0
core16_6/core4_5/mult_x_2           1116.7380      0.1    1116.7380      0.0000  0.0000  core4_1_DW_mult_tc_J23_5_0
core16_6/core4_5/mult_x_3           1161.7200      0.1    1161.7200      0.0000  0.0000  core4_1_DW_mult_tc_J23_4_0
core16_6/core4_5/mult_x_4           1156.3020      0.1    1156.3020      0.0000  0.0000  core4_1_DW_mult_tc_J23_3_0
core16_6/core4_5/mult_x_5           1152.5220      0.1    1152.5220      0.0000  0.0000  core4_1_DW_mult_tc_J23_2_0
core16_6/core4_5/mult_x_6           1152.1440      0.1    1152.1440      0.0000  0.0000  core4_1_DW_mult_tc_J23_1_0
core16_6/core4_5/mult_x_7            824.7960      0.1     824.7960      0.0000  0.0000  core4_1_DW_mult_tc_J23_0_0
core16_6/core4_6                    9751.1399      1.2       1.0080    574.5600  0.0000  core4_0
core16_6/core4_6/evalA               816.6060      0.1      24.6960      0.0000  0.0000  Eval_32_0
core16_6/core4_6/evalA/DP_OP_54J22_122_3084    211.6800     0.0    211.6800     0.0000 0.0000 Eval_32_0_DP_OP_54J22_122_3084_J22_0_0
core16_6/core4_6/evalA/DP_OP_55J22_123_6116    287.1540     0.0    287.1540     0.0000 0.0000 Eval_32_0_DP_OP_55J22_123_6116_J22_0_0
core16_6/core4_6/evalA/DP_OP_56J22_124_9559    293.0760     0.0    293.0760     0.0000 0.0000 Eval_32_0_DP_OP_56J22_124_9559_J22_0_0
core16_6/core4_6/evalB               280.3500      0.0       8.3160      0.0000  0.0000  Eval_33_0
core16_6/core4_6/evalB/DP_OP_54J21_129_8018     71.5680     0.0     71.5680     0.0000 0.0000 Eval_33_0_DP_OP_54J21_129_8018_J21_0_0
core16_6/core4_6/evalB/DP_OP_55J21_130_2896     99.7920     0.0     99.7920     0.0000 0.0000 Eval_33_0_DP_OP_55J21_130_2896_J21_0_0
core16_6/core4_6/evalB/DP_OP_56J21_131_6631    100.6740     0.0    100.6740     0.0000 0.0000 Eval_33_0_DP_OP_56J21_131_6631_J21_0_0
core16_6/core4_6/interp             2960.2440      0.4       0.5040    281.6100  0.0000  Interpolation_0
core16_6/core4_6/interp/interp      2678.1300      0.3       0.2520      0.0000  0.0000  InterpolationComb_0
core16_6/core4_6/interp/interp/DP_OP_106J21_122_4710   2677.8780     0.3   2677.8780     0.0000 0.0000 InterpolationComb_0_DP_OP_106J21_122_4710_J21_0_0
core16_6/core4_6/mult_x_1            560.7000      0.1     560.7000      0.0000  0.0000  core4_0_DW_mult_uns_J16_3_0
core16_6/core4_6/mult_x_2            828.0720      0.1     828.0720      0.0000  0.0000  core4_0_DW_mult_uns_J16_2_0
core16_6/core4_6/mult_x_3            724.8780      0.1     724.8780      0.0000  0.0000  core4_0_DW_mult_tc_J16_2_0
core16_6/core4_6/mult_x_4            713.2860      0.1     713.2860      0.0000  0.0000  core4_0_DW_mult_tc_J16_1_0
core16_6/core4_6/mult_x_5            874.8180      0.1     874.8180      0.0000  0.0000  core4_0_DW_mult_uns_J16_1_0
core16_6/core4_6/mult_x_6            855.9180      0.1     855.9180      0.0000  0.0000  core4_0_DW_mult_tc_J16_0_0
core16_6/core4_6/mult_x_7            560.7000      0.1     560.7000      0.0000  0.0000  core4_0_DW_mult_uns_J16_0_0
core16_6/evalA                       816.6060      0.1      24.6960      0.0000  0.0000  Eval_32_52
core16_6/evalA/DP_OP_54J33_122_7900    211.6800     0.0    211.6800      0.0000  0.0000  Eval_32_49_DP_OP_54J33_122_7900_J33_0_3
core16_6/evalA/DP_OP_55J33_123_8116    287.1540     0.0    287.1540      0.0000  0.0000  Eval_32_49_DP_OP_55J33_123_8116_J33_0_3
core16_6/evalA/DP_OP_56J33_124_5825    293.0760     0.0    293.0760      0.0000  0.0000  Eval_32_49_DP_OP_56J33_124_5825_J33_0_3
core16_6/evalA_1                     816.4800      0.1      24.5700      0.0000  0.0000  Eval_32_51
core16_6/evalA_1/DP_OP_54J33_122_7900    211.6800     0.0    211.6800     0.0000 0.0000  Eval_32_49_DP_OP_54J33_122_7900_J33_0_2
core16_6/evalA_1/DP_OP_55J33_123_8116    287.1540     0.0    287.1540     0.0000 0.0000  Eval_32_49_DP_OP_55J33_123_8116_J33_0_2
core16_6/evalA_1/DP_OP_56J33_124_5825    293.0760     0.0    293.0760     0.0000 0.0000  Eval_32_49_DP_OP_56J33_124_5825_J33_0_2
core16_6/evalA_2                     816.4800      0.1      24.5700      0.0000  0.0000  Eval_32_50
core16_6/evalA_2/DP_OP_54J33_122_7900    211.6800     0.0    211.6800     0.0000 0.0000  Eval_32_49_DP_OP_54J33_122_7900_J33_0_1
core16_6/evalA_2/DP_OP_55J33_123_8116    287.1540     0.0    287.1540     0.0000 0.0000  Eval_32_49_DP_OP_55J33_123_8116_J33_0_1
core16_6/evalA_2/DP_OP_56J33_124_5825    293.0760     0.0    293.0760     0.0000 0.0000  Eval_32_49_DP_OP_56J33_124_5825_J33_0_1
core16_6/evalA_3                     816.6060      0.1      24.6960      0.0000  0.0000  Eval_32_49
core16_6/evalA_3/DP_OP_54J33_122_7900    211.6800     0.0    211.6800     0.0000 0.0000  Eval_32_49_DP_OP_54J33_122_7900_J33_0_0
core16_6/evalA_3/DP_OP_55J33_123_8116    287.1540     0.0    287.1540     0.0000 0.0000  Eval_32_49_DP_OP_55J33_123_8116_J33_0_0
core16_6/evalA_3/DP_OP_56J33_124_5825    293.0760     0.0    293.0760     0.0000 0.0000  Eval_32_49_DP_OP_56J33_124_5825_J33_0_0
core16_6/evalB                       285.6420      0.0       9.4500      0.0000  0.0000  Eval_33_52
core16_6/evalB/DP_OP_54J19_125_1419     71.5680     0.0     71.5680      0.0000  0.0000  Eval_33_49_DP_OP_54J19_125_1419_J19_0_3
core16_6/evalB/DP_OP_55J19_126_8970     99.7920     0.0     99.7920      0.0000  0.0000  Eval_33_49_DP_OP_55J19_126_8970_J19_0_3
core16_6/evalB/DP_OP_56J19_127_2738    104.8320     0.0    104.8320      0.0000  0.0000  Eval_33_49_DP_OP_56J19_127_2738_J19_0_3
core16_6/evalB_1                     284.6340      0.0       8.0640      0.0000  0.0000  Eval_33_51
core16_6/evalB_1/DP_OP_54J19_125_1419     71.8200     0.0     71.8200     0.0000 0.0000  Eval_33_49_DP_OP_54J19_125_1419_J19_0_2
core16_6/evalB_1/DP_OP_55J19_126_8970    101.0520     0.0    101.0520     0.0000 0.0000  Eval_33_49_DP_OP_55J19_126_8970_J19_0_2
core16_6/evalB_1/DP_OP_56J19_127_2738    103.6980     0.0    103.6980     0.0000 0.0000  Eval_33_49_DP_OP_56J19_127_2738_J19_0_2
core16_6/evalB_2                     284.6340      0.0       8.1900      0.0000  0.0000  Eval_33_50
core16_6/evalB_2/DP_OP_54J19_125_1419     71.5680     0.0     71.5680     0.0000 0.0000  Eval_33_49_DP_OP_54J19_125_1419_J19_0_1
core16_6/evalB_2/DP_OP_55J19_126_8970     98.5320     0.0     98.5320     0.0000 0.0000  Eval_33_49_DP_OP_55J19_126_8970_J19_0_1
core16_6/evalB_2/DP_OP_56J19_127_2738    106.3440     0.0    106.3440     0.0000 0.0000  Eval_33_49_DP_OP_56J19_127_2738_J19_0_1
core16_6/evalB_3                     288.5400      0.0       9.4500      0.0000  0.0000  Eval_33_49
core16_6/evalB_3/DP_OP_54J19_125_1419     71.6940     0.0     71.6940     0.0000 0.0000  Eval_33_49_DP_OP_54J19_125_1419_J19_0_0
core16_6/evalB_3/DP_OP_55J19_126_8970    100.4220     0.0    100.4220     0.0000 0.0000  Eval_33_49_DP_OP_55J19_126_8970_J19_0_0
core16_6/evalB_3/DP_OP_56J19_127_2738    106.9740     0.0    106.9740     0.0000 0.0000  Eval_33_49_DP_OP_56J19_127_2738_J19_0_0
core16_6/interp                    11134.9978      1.4       0.5040   1030.0500  0.0000  Interpolation_7_0
core16_6/interp/interp             10104.4438      1.3       0.2520      0.0000  0.0000  InterpolationComb_7_0
core16_6/interp/interp/DP_OP_421J12_122_1083  10104.1918     1.3  10104.1918     0.0000 0.0000 InterpolationComb_7_0_DP_OP_421J12_122_1083_J12_0_0
evalA                                814.7160      0.1      26.9640      0.0000  0.0000  Eval_16
evalA/DP_OP_52J19_122_1625           211.6800      0.0     211.6800      0.0000  0.0000  Eval_0_DP_OP_52J19_122_1625_J19_0_15
evalA/DP_OP_53J19_123_9524           284.5080      0.0     284.5080      0.0000  0.0000  Eval_0_DP_OP_53J19_123_9524_J19_0_15
evalA/DP_OP_54J19_124_6299           291.5640      0.0     291.5640      0.0000  0.0000  Eval_0_DP_OP_54J19_124_6299_J19_0_15
evalA_1                              816.4800      0.1      28.6020      0.0000  0.0000  Eval_15
evalA_1/DP_OP_52J19_122_1625         211.6800      0.0     211.6800      0.0000  0.0000  Eval_0_DP_OP_52J19_122_1625_J19_0_14
evalA_1/DP_OP_53J19_123_9524         284.5080      0.0     284.5080      0.0000  0.0000  Eval_0_DP_OP_53J19_123_9524_J19_0_14
evalA_1/DP_OP_54J19_124_6299         291.6900      0.0     291.6900      0.0000  0.0000  Eval_0_DP_OP_54J19_124_6299_J19_0_14
evalA_10                             816.4800      0.1      28.6020      0.0000  0.0000  Eval_6
evalA_10/DP_OP_52J19_122_1625        211.6800      0.0     211.6800      0.0000  0.0000  Eval_0_DP_OP_52J19_122_1625_J19_0_5
evalA_10/DP_OP_53J19_123_9524        284.5080      0.0     284.5080      0.0000  0.0000  Eval_0_DP_OP_53J19_123_9524_J19_0_5
evalA_10/DP_OP_54J19_124_6299        291.6900      0.0     291.6900      0.0000  0.0000  Eval_0_DP_OP_54J19_124_6299_J19_0_5
evalA_11                             816.4800      0.1      28.0980      0.0000  0.0000  Eval_5
evalA_11/DP_OP_52J19_122_1625        211.6800      0.0     211.6800      0.0000  0.0000  Eval_0_DP_OP_52J19_122_1625_J19_0_4
evalA_11/DP_OP_53J19_123_9524        285.1380      0.0     285.1380      0.0000  0.0000  Eval_0_DP_OP_53J19_123_9524_J19_0_4
evalA_11/DP_OP_54J19_124_6299        291.5640      0.0     291.5640      0.0000  0.0000  Eval_0_DP_OP_54J19_124_6299_J19_0_4
evalA_12                             814.7160      0.1      26.9640      0.0000  0.0000  Eval_4
evalA_12/DP_OP_52J19_122_1625        211.6800      0.0     211.6800      0.0000  0.0000  Eval_0_DP_OP_52J19_122_1625_J19_0_3
evalA_12/DP_OP_53J19_123_9524        284.5080      0.0     284.5080      0.0000  0.0000  Eval_0_DP_OP_53J19_123_9524_J19_0_3
evalA_12/DP_OP_54J19_124_6299        291.5640      0.0     291.5640      0.0000  0.0000  Eval_0_DP_OP_54J19_124_6299_J19_0_3
evalA_13                             816.4800      0.1      28.6020      0.0000  0.0000  Eval_3
evalA_13/DP_OP_52J19_122_1625        211.6800      0.0     211.6800      0.0000  0.0000  Eval_0_DP_OP_52J19_122_1625_J19_0_2
evalA_13/DP_OP_53J19_123_9524        284.5080      0.0     284.5080      0.0000  0.0000  Eval_0_DP_OP_53J19_123_9524_J19_0_2
evalA_13/DP_OP_54J19_124_6299        291.6900      0.0     291.6900      0.0000  0.0000  Eval_0_DP_OP_54J19_124_6299_J19_0_2
evalA_14                             816.4800      0.1      28.6020      0.0000  0.0000  Eval_2
evalA_14/DP_OP_52J19_122_1625        211.6800      0.0     211.6800      0.0000  0.0000  Eval_0_DP_OP_52J19_122_1625_J19_0_1
evalA_14/DP_OP_53J19_123_9524        284.5080      0.0     284.5080      0.0000  0.0000  Eval_0_DP_OP_53J19_123_9524_J19_0_1
evalA_14/DP_OP_54J19_124_6299        291.6900      0.0     291.6900      0.0000  0.0000  Eval_0_DP_OP_54J19_124_6299_J19_0_1
evalA_15                             817.1100      0.1      27.0900      0.0000  0.0000  Eval_0
evalA_15/DP_OP_52J19_122_1625        211.6800      0.0     211.6800      0.0000  0.0000  Eval_0_DP_OP_52J19_122_1625_J19_0_0
evalA_15/DP_OP_53J19_123_9524        286.7760      0.0     286.7760      0.0000  0.0000  Eval_0_DP_OP_53J19_123_9524_J19_0_0
evalA_15/DP_OP_54J19_124_6299        291.5640      0.0     291.5640      0.0000  0.0000  Eval_0_DP_OP_54J19_124_6299_J19_0_0
evalA_2                              816.4800      0.1      28.6020      0.0000  0.0000  Eval_14
evalA_2/DP_OP_52J19_122_1625         211.6800      0.0     211.6800      0.0000  0.0000  Eval_0_DP_OP_52J19_122_1625_J19_0_13
evalA_2/DP_OP_53J19_123_9524         284.5080      0.0     284.5080      0.0000  0.0000  Eval_0_DP_OP_53J19_123_9524_J19_0_13
evalA_2/DP_OP_54J19_124_6299         291.6900      0.0     291.6900      0.0000  0.0000  Eval_0_DP_OP_54J19_124_6299_J19_0_13
evalA_3                              815.3460      0.1      26.9640      0.0000  0.0000  Eval_13
evalA_3/DP_OP_52J19_122_1625         211.6800      0.0     211.6800      0.0000  0.0000  Eval_0_DP_OP_52J19_122_1625_J19_0_12
evalA_3/DP_OP_53J19_123_9524         285.1380      0.0     285.1380      0.0000  0.0000  Eval_0_DP_OP_53J19_123_9524_J19_0_12
evalA_3/DP_OP_54J19_124_6299         291.5640      0.0     291.5640      0.0000  0.0000  Eval_0_DP_OP_54J19_124_6299_J19_0_12
evalA_4                              815.7240      0.1      27.9720      0.0000  0.0000  Eval_12
evalA_4/DP_OP_52J19_122_1625         211.6800      0.0     211.6800      0.0000  0.0000  Eval_0_DP_OP_52J19_122_1625_J19_0_11
evalA_4/DP_OP_53J19_123_9524         284.5080      0.0     284.5080      0.0000  0.0000  Eval_0_DP_OP_53J19_123_9524_J19_0_11
evalA_4/DP_OP_54J19_124_6299         291.5640      0.0     291.5640      0.0000  0.0000  Eval_0_DP_OP_54J19_124_6299_J19_0_11
evalA_5                              816.4800      0.1      28.6020      0.0000  0.0000  Eval_11
evalA_5/DP_OP_52J19_122_1625         211.6800      0.0     211.6800      0.0000  0.0000  Eval_0_DP_OP_52J19_122_1625_J19_0_10
evalA_5/DP_OP_53J19_123_9524         284.5080      0.0     284.5080      0.0000  0.0000  Eval_0_DP_OP_53J19_123_9524_J19_0_10
evalA_5/DP_OP_54J19_124_6299         291.6900      0.0     291.6900      0.0000  0.0000  Eval_0_DP_OP_54J19_124_6299_J19_0_10
evalA_6                              816.4800      0.1      28.6020      0.0000  0.0000  Eval_10
evalA_6/DP_OP_52J19_122_1625         211.6800      0.0     211.6800      0.0000  0.0000  Eval_0_DP_OP_52J19_122_1625_J19_0_9
evalA_6/DP_OP_53J19_123_9524         284.5080      0.0     284.5080      0.0000  0.0000  Eval_0_DP_OP_53J19_123_9524_J19_0_9
evalA_6/DP_OP_54J19_124_6299         291.6900      0.0     291.6900      0.0000  0.0000  Eval_0_DP_OP_54J19_124_6299_J19_0_9
evalA_7                              816.4800      0.1      28.0980      0.0000  0.0000  Eval_9
evalA_7/DP_OP_52J19_122_1625         211.6800      0.0     211.6800      0.0000  0.0000  Eval_0_DP_OP_52J19_122_1625_J19_0_8
evalA_7/DP_OP_53J19_123_9524         285.1380      0.0     285.1380      0.0000  0.0000  Eval_0_DP_OP_53J19_123_9524_J19_0_8
evalA_7/DP_OP_54J19_124_6299         291.5640      0.0     291.5640      0.0000  0.0000  Eval_0_DP_OP_54J19_124_6299_J19_0_8
evalA_8                              815.7240      0.1      27.9720      0.0000  0.0000  Eval_8
evalA_8/DP_OP_52J19_122_1625         211.6800      0.0     211.6800      0.0000  0.0000  Eval_0_DP_OP_52J19_122_1625_J19_0_7
evalA_8/DP_OP_53J19_123_9524         284.5080      0.0     284.5080      0.0000  0.0000  Eval_0_DP_OP_53J19_123_9524_J19_0_7
evalA_8/DP_OP_54J19_124_6299         291.5640      0.0     291.5640      0.0000  0.0000  Eval_0_DP_OP_54J19_124_6299_J19_0_7
evalA_9                              816.4800      0.1      28.6020      0.0000  0.0000  Eval_7
evalA_9/DP_OP_52J19_122_1625         211.6800      0.0     211.6800      0.0000  0.0000  Eval_0_DP_OP_52J19_122_1625_J19_0_6
evalA_9/DP_OP_53J19_123_9524         284.5080      0.0     284.5080      0.0000  0.0000  Eval_0_DP_OP_53J19_123_9524_J19_0_6
evalA_9/DP_OP_54J19_124_6299         291.6900      0.0     291.6900      0.0000  0.0000  Eval_0_DP_OP_54J19_124_6299_J19_0_6
evalB                                282.9960      0.0      15.7500      0.0000  0.0000  Eval_1_15
evalB/DP_OP_52J22_125_4583            70.3080      0.0      70.3080      0.0000  0.0000  Eval_1_0_DP_OP_52J22_125_4583_J22_0_15
evalB/DP_OP_53J22_126_8511            96.2640      0.0      96.2640      0.0000  0.0000  Eval_1_0_DP_OP_53J22_126_8511_J22_0_15
evalB/DP_OP_54J22_127_5286           100.6740      0.0     100.6740      0.0000  0.0000  Eval_1_0_DP_OP_54J22_127_5286_J22_0_15
evalB_1                              283.2480      0.0      14.9940      0.0000  0.0000  Eval_1_14
evalB_1/DP_OP_52J22_125_4583          70.6860      0.0      70.6860      0.0000  0.0000  Eval_1_0_DP_OP_52J22_125_4583_J22_0_14
evalB_1/DP_OP_53J22_126_8511          96.5160      0.0      96.5160      0.0000  0.0000  Eval_1_0_DP_OP_53J22_126_8511_J22_0_14
evalB_1/DP_OP_54J22_127_5286         101.0520      0.0     101.0520      0.0000  0.0000  Eval_1_0_DP_OP_54J22_127_5286_J22_0_14
evalB_10                             285.8940      0.0      14.9940      0.0000  0.0000  Eval_1_5
evalB_10/DP_OP_52J22_125_4583         74.4660      0.0      74.4660      0.0000  0.0000  Eval_1_0_DP_OP_52J22_125_4583_J22_0_5
evalB_10/DP_OP_53J22_126_8511         93.4920      0.0      93.4920      0.0000  0.0000  Eval_1_0_DP_OP_53J22_126_8511_J22_0_5
evalB_10/DP_OP_54J22_127_5286        102.9420      0.0     102.9420      0.0000  0.0000  Eval_1_0_DP_OP_54J22_127_5286_J22_0_5
evalB_11                             326.3400      0.0      13.1040      0.0000  0.0000  Eval_1_4
evalB_11/DP_OP_52J22_125_4583         72.4500      0.0      72.4500      0.0000  0.0000  Eval_1_0_DP_OP_52J22_125_4583_J22_0_4
evalB_11/DP_OP_53J22_126_8511        136.2060      0.0     136.2060      0.0000  0.0000  Eval_1_4_DP_OP_53J22_126_8511_0
evalB_11/DP_OP_54J22_127_5286        104.5800      0.0     104.5800      0.0000  0.0000  Eval_1_0_DP_OP_54J22_127_5286_J22_0_4
evalB_12                             280.0980      0.0      14.9940      0.0000  0.0000  Eval_1_3
evalB_12/DP_OP_52J22_125_4583         70.5600      0.0      70.5600      0.0000  0.0000  Eval_1_0_DP_OP_52J22_125_4583_J22_0_3
evalB_12/DP_OP_53J22_126_8511         95.2560      0.0      95.2560      0.0000  0.0000  Eval_1_0_DP_OP_53J22_126_8511_J22_0_3
evalB_12/DP_OP_54J22_127_5286         99.2880      0.0      99.2880      0.0000  0.0000  Eval_1_0_DP_OP_54J22_127_5286_J22_0_3
evalB_13                             293.2020      0.0      14.9940      0.0000  0.0000  Eval_1_2
evalB_13/DP_OP_52J22_125_4583         72.3240      0.0      72.3240      0.0000  0.0000  Eval_1_0_DP_OP_52J22_125_4583_J22_0_2
evalB_13/DP_OP_53J22_126_8511         99.0360      0.0      99.0360      0.0000  0.0000  Eval_1_0_DP_OP_53J22_126_8511_J22_0_2
evalB_13/DP_OP_54J22_127_5286        106.8480      0.0     106.8480      0.0000  0.0000  Eval_1_0_DP_OP_54J22_127_5286_J22_0_2
evalB_14                             291.0600      0.0      15.1200      0.0000  0.0000  Eval_1_1
evalB_14/DP_OP_52J22_125_4583         73.2060      0.0      73.2060      0.0000  0.0000  Eval_1_0_DP_OP_52J22_125_4583_J22_0_1
evalB_14/DP_OP_53J22_126_8511        102.6900      0.0     102.6900      0.0000  0.0000  Eval_1_0_DP_OP_53J22_126_8511_J22_0_1
evalB_14/DP_OP_54J22_127_5286        100.0440      0.0     100.0440      0.0000  0.0000  Eval_1_0_DP_OP_54J22_127_5286_J22_0_1
evalB_15                             290.8080      0.0      14.3640      0.0000  0.0000  Eval_1_0
evalB_15/DP_OP_52J22_125_4583         71.0640      0.0      71.0640      0.0000  0.0000  Eval_1_0_DP_OP_52J22_125_4583_J22_0_0
evalB_15/DP_OP_53J22_126_8511        101.0520      0.0     101.0520      0.0000  0.0000  Eval_1_0_DP_OP_53J22_126_8511_J22_0_0
evalB_15/DP_OP_54J22_127_5286        104.3280      0.0     104.3280      0.0000  0.0000  Eval_1_0_DP_OP_54J22_127_5286_J22_0_0
evalB_2                              284.5080      0.0      14.9940      0.0000  0.0000  Eval_1_13
evalB_2/DP_OP_52J22_125_4583          71.9460      0.0      71.9460      0.0000  0.0000  Eval_1_0_DP_OP_52J22_125_4583_J22_0_13
evalB_2/DP_OP_53J22_126_8511          94.6260      0.0      94.6260      0.0000  0.0000  Eval_1_0_DP_OP_53J22_126_8511_J22_0_13
evalB_2/DP_OP_54J22_127_5286         102.9420      0.0     102.9420      0.0000  0.0000  Eval_1_0_DP_OP_54J22_127_5286_J22_0_13
evalB_3                              281.8620      0.0      13.8600      0.0000  0.0000  Eval_1_12
evalB_3/DP_OP_52J22_125_4583          72.7020      0.0      72.7020      0.0000  0.0000  Eval_1_0_DP_OP_52J22_125_4583_J22_0_12
evalB_3/DP_OP_53J22_126_8511          93.3660      0.0      93.3660      0.0000  0.0000  Eval_1_0_DP_OP_53J22_126_8511_J22_0_12
evalB_3/DP_OP_54J22_127_5286         101.9340      0.0     101.9340      0.0000  0.0000  Eval_1_0_DP_OP_54J22_127_5286_J22_0_12
evalB_4                              276.4440      0.0      10.7100      0.0000  0.0000  Eval_1_11
evalB_4/DP_OP_52J22_125_4583          73.7100      0.0      73.7100      0.0000  0.0000  Eval_1_0_DP_OP_52J22_125_4583_J22_0_11
evalB_4/DP_OP_53J22_126_8511          91.2240      0.0      91.2240      0.0000  0.0000  Eval_1_0_DP_OP_53J22_126_8511_J22_0_11
evalB_4/DP_OP_54J22_127_5286         100.8000      0.0     100.8000      0.0000  0.0000  Eval_1_0_DP_OP_54J22_127_5286_J22_0_11
evalB_5                              277.7040      0.0      14.9940      0.0000  0.0000  Eval_1_10
evalB_5/DP_OP_52J22_125_4583          71.1900      0.0      71.1900      0.0000  0.0000  Eval_1_0_DP_OP_52J22_125_4583_J22_0_10
evalB_5/DP_OP_53J22_126_8511          91.3500      0.0      91.3500      0.0000  0.0000  Eval_1_0_DP_OP_53J22_126_8511_J22_0_10
evalB_5/DP_OP_54J22_127_5286         100.1700      0.0     100.1700      0.0000  0.0000  Eval_1_0_DP_OP_54J22_127_5286_J22_0_10
evalB_6                              285.5160      0.0      15.1200      0.0000  0.0000  Eval_1_9
evalB_6/DP_OP_52J22_125_4583          72.9540      0.0      72.9540      0.0000  0.0000  Eval_1_0_DP_OP_52J22_125_4583_J22_0_9
evalB_6/DP_OP_53J22_126_8511          95.2560      0.0      95.2560      0.0000  0.0000  Eval_1_0_DP_OP_53J22_126_8511_J22_0_9
evalB_6/DP_OP_54J22_127_5286         102.1860      0.0     102.1860      0.0000  0.0000  Eval_1_0_DP_OP_54J22_127_5286_J22_0_9
evalB_7                              322.0560      0.0      11.4660      0.0000  0.0000  Eval_1_8
evalB_7/DP_OP_52J22_125_4583          70.4340      0.0      70.4340      0.0000  0.0000  Eval_1_0_DP_OP_52J22_125_4583_J22_0_8
evalB_7/DP_OP_53J22_126_8511         135.0720      0.0     135.0720      0.0000  0.0000  Eval_1_8_DP_OP_53J22_126_8511_0
evalB_7/DP_OP_54J22_127_5286         105.0840      0.0     105.0840      0.0000  0.0000  Eval_1_0_DP_OP_54J22_127_5286_J22_0_8
evalB_8                              280.6020      0.0      11.4660      0.0000  0.0000  Eval_1_7
evalB_8/DP_OP_52J22_125_4583          72.1980      0.0      72.1980      0.0000  0.0000  Eval_1_0_DP_OP_52J22_125_4583_J22_0_7
evalB_8/DP_OP_53J22_126_8511          96.3900      0.0      96.3900      0.0000  0.0000  Eval_1_0_DP_OP_53J22_126_8511_J22_0_7
evalB_8/DP_OP_54J22_127_5286         100.5480      0.0     100.5480      0.0000  0.0000  Eval_1_0_DP_OP_54J22_127_5286_J22_0_7
evalB_9                              290.0520      0.0      14.9940      0.0000  0.0000  Eval_1_6
evalB_9/DP_OP_52J22_125_4583          73.5840      0.0      73.5840      0.0000  0.0000  Eval_1_0_DP_OP_52J22_125_4583_J22_0_6
evalB_9/DP_OP_53J22_126_8511          95.7600      0.0      95.7600      0.0000  0.0000  Eval_1_0_DP_OP_53J22_126_8511_J22_0_6
evalB_9/DP_OP_54J22_127_5286         105.7140      0.0     105.7140      0.0000  0.0000  Eval_1_0_DP_OP_54J22_127_5286_J22_0_6
interp                             38397.3654      4.9       0.5040   3872.6100  0.0000  Interpolation_56
interp/interp                      34524.2514      4.4       0.2520      0.0000  0.0000  InterpolationComb_56
interp/interp/DP_OP_1681J3_122_8765  34523.9994     4.4  34523.9994      0.0000  0.0000  InterpolationComb_56_DP_OP_1681J3_122_8765_J3_0
--------------------------------  -----------  -------  -----------  ----------  ------  ---------------------------------------------------
Total                                                   712168.6211  74610.5221  0.0000

1
