 
****************************************
Report : area
Design : core64_a24_b16_c24
Version: O-2018.06-SP5
Date   : Tue May 12 21:27:41 2026
****************************************

Library(s) Used:

    tcbn28hpcplusbwp40p140lvtssg0p81vm40c_ccs (File: /export1/Library/TN28HPC+/STD_CELL_ext/track9_200824/TSMCHOME/digital/Front_End/timing_power_noise/CCS/tcbn28hpcplusbwp40p140lvt_180a/tcbn28hpcplusbwp40p140lvtssg0p81vm40c_ccs.db)
    tcbn28hpcplusbwp40p140ssg0p81vm40c_ccs (File: /export1/Library/TN28HPC+/STD_CELL_ext/track9_200824/TSMCHOME/digital/Front_End/timing_power_noise/CCS/tcbn28hpcplusbwp40p140_180a/tcbn28hpcplusbwp40p140ssg0p81vm40c_ccs.db)
    tcbn28hpcplusbwp40p140hvtssg0p81vm40c_ccs (File: /export1/Library/TN28HPC+/STD_CELL_ext/track9_200824/TSMCHOME/digital/Front_End/timing_power_noise/CCS/tcbn28hpcplusbwp40p140hvt_180a/tcbn28hpcplusbwp40p140hvtssg0p81vm40c_ccs.db)

Number of ports:                       332778
Number of nets:                       1002928
Number of cells:                       515914
Number of combinational cells:         478036
Number of sequential cells:             30366
Number of macros/black boxes:               0
Number of buf/inv:                      64142
Number of references:                      45

Combinational area:             584054.091004
Buf/Inv area:                    17365.068138
Noncombinational area:           61207.902981
Macro/Black Box area:                0.000000
Net Interconnect area:      undefined  (Wire load has zero net area)

Total cell area:                645261.993985
Total area:                 undefined

Hierarchical area distribution
------------------------------

                                  Global cell area              Local cell area
                                  --------------------  ------------------------------- 
Hierarchical cell                 Absolute     Percent  Combi-       Noncombi-   Black-
                                  Total        Total    national     national    boxes   Design
--------------------------------  -----------  -------  -----------  ----------  ------  ---------------------------------------------------
core64_a24_b16_c24                645261.9940    100.0       2.0160   6001.6321  0.0000  core64_a24_b16_c24
core16_0                           80369.7290     12.5       2.0160   1671.2640  0.0000  core16_6
core16_0/core4_0                    8711.1359      1.4       1.0080    461.6640  0.0000  core4_48
core16_0/core4_0/evalA               618.7860      0.1      19.4040      0.0000  0.0000  Eval_32_48
core16_0/core4_0/evalA/DP_OP_54J25_122_2387    160.2720     0.0    160.2720     0.0000 0.0000 Eval_32_0_DP_OP_54J25_122_2387_J25_0_3
core16_0/core4_0/evalA/DP_OP_55J25_123_8268    216.5940     0.0    216.5940     0.0000 0.0000 Eval_32_0_DP_OP_55J25_123_8268_J25_0_3
core16_0/core4_0/evalA/DP_OP_56J25_124_2036    222.5160     0.0    222.5160     0.0000 0.0000 Eval_32_0_DP_OP_56J25_124_2036_J25_0_3
core16_0/core4_0/evalB               423.4860      0.1      13.6080      0.0000  0.0000  Eval_33_48
core16_0/core4_0/evalB/DP_OP_54J21_125_1607    108.8640     0.0    108.8640     0.0000 0.0000 Eval_33_0_DP_OP_54J21_125_1607_J21_0_3
core16_0/core4_0/evalB/DP_OP_55J21_126_5730    147.5460     0.0    147.5460     0.0000 0.0000 Eval_33_0_DP_OP_55J21_126_5730_J21_0_3
core16_0/core4_0/evalB/DP_OP_56J21_127_8412    153.4680     0.0    153.4680     0.0000 0.0000 Eval_33_0_DP_OP_56J21_127_8412_J21_0_3
core16_0/core4_0/interp             2057.5800      0.3       0.7560    235.8720  0.0000  Interpolation_49
core16_0/core4_0/interp/interp      1820.9520      0.3       0.2520      0.0000  0.0000  InterpolationComb_49
core16_0/core4_0/interp/interp/DP_OP_106J27_122_4702   1820.7000     0.3   1820.7000     0.0000 0.0000 InterpolationComb_0_DP_OP_106J27_122_4702_J27_0_20
core16_0/core4_0/mult_x_1            626.7240      0.1     626.7240      0.0000  0.0000  core4_48_DW_mult_uns_J15_3
core16_0/core4_0/mult_x_2            770.7420      0.1     770.7420      0.0000  0.0000  core4_48_DW_mult_uns_J15_2
core16_0/core4_0/mult_x_3            733.4460      0.1     733.4460      0.0000  0.0000  core4_48_DW_mult_tc_J15_2
core16_0/core4_0/mult_x_4            750.2040      0.1     750.2040      0.0000  0.0000  core4_48_DW_mult_tc_J15_1
core16_0/core4_0/mult_x_5            820.8900      0.1     820.8900      0.0000  0.0000  core4_48_DW_mult_uns_J15_1
core16_0/core4_0/mult_x_6            819.8820      0.1     819.8820      0.0000  0.0000  core4_48_DW_mult_tc_J15_0
core16_0/core4_0/mult_x_7            626.7240      0.1     626.7240      0.0000  0.0000  core4_48_DW_mult_uns_J15_0
core16_0/core4_1                    9802.4219      1.5       1.0080    461.5380  0.0000  core4_47
core16_0/core4_1/evalA               734.0760      0.1      22.4280      0.0000  0.0000  Eval_32_47
core16_0/core4_1/evalA/DP_OP_54J26_126_5391    189.8820     0.0    189.8820     0.0000 0.0000 Eval_32_5_DP_OP_54J26_126_5391_J26_0_3
core16_0/core4_1/evalA/DP_OP_55J26_127_1056    261.3240     0.0    261.3240     0.0000 0.0000 Eval_32_5_DP_OP_55J26_127_1056_J26_0_3
core16_0/core4_1/evalA/DP_OP_56J26_128_3738    260.4420     0.0    260.4420     0.0000 0.0000 Eval_32_5_DP_OP_56J26_128_3738_J26_0_3
core16_0/core4_1/evalB               546.4620      0.1      17.1360      0.0000  0.0000  Eval_33_47
core16_0/core4_1/evalB/DP_OP_54J28_125_3928    144.5220     0.0    144.5220     0.0000 0.0000 Eval_33_5_DP_OP_54J28_125_3928_J28_0_3
core16_0/core4_1/evalB/DP_OP_55J28_126_5326    192.2760     0.0    192.2760     0.0000 0.0000 Eval_33_5_DP_OP_55J28_126_5326_J28_0_3
core16_0/core4_1/evalB/DP_OP_56J28_127_8300    192.5280     0.0    192.5280     0.0000 0.0000 Eval_33_5_DP_OP_56J28_127_8300_J28_0_3
core16_0/core4_1/interp             2057.9580      0.3       0.7560    235.8720  0.0000  Interpolation_48
core16_0/core4_1/interp/interp      1821.3300      0.3       0.2520      0.0000  0.0000  InterpolationComb_48
core16_0/core4_1/interp/interp/DP_OP_106J27_122_4702   1821.0780     0.3   1821.0780     0.0000 0.0000 InterpolationComb_0_DP_OP_106J27_122_4702_J27_0_19
core16_0/core4_1/mult_x_1            770.7420      0.1     770.7420      0.0000  0.0000  core4_5_DW_mult_uns_J31_3_1
core16_0/core4_1/mult_x_2            871.7940      0.1     871.7940      0.0000  0.0000  core4_5_DW_mult_uns_J31_2_1
core16_0/core4_1/mult_x_3            885.6540      0.1     885.6540      0.0000  0.0000  core4_5_DW_mult_tc_J31_2_1
core16_0/core4_1/mult_x_4            877.9680      0.1     877.9680      0.0000  0.0000  core4_5_DW_mult_tc_J31_1_1
core16_0/core4_1/mult_x_5            901.7820      0.1     901.7820      0.0000  0.0000  core4_5_DW_mult_uns_J31_1_1
core16_0/core4_1/mult_x_6            922.6980      0.1     922.6980      0.0000  0.0000  core4_5_DW_mult_tc_J31_0_1
core16_0/core4_1/mult_x_7            770.7420      0.1     770.7420      0.0000  0.0000  core4_5_DW_mult_uns_J31_0_1
core16_0/core4_2                    9239.5799      1.4       1.0080    461.4120  0.0000  core4_46
core16_0/core4_2/evalA               660.3660      0.1      20.1600      0.0000  0.0000  Eval_32_46
core16_0/core4_2/evalA/DP_OP_53J27_123_8507    169.3440     0.0    169.3440     0.0000 0.0000 Eval_32_1_DP_OP_53J27_123_8507_J27_0_32
core16_0/core4_2/evalA/DP_OP_54J27_124_3738    232.8480     0.0    232.8480     0.0000 0.0000 Eval_32_1_DP_OP_54J27_124_3738_J27_0_32
core16_0/core4_2/evalA/DP_OP_55J27_125_1305    238.0140     0.0    238.0140     0.0000 0.0000 Eval_32_1_DP_OP_55J27_125_1305_J27_0_32
core16_0/core4_2/evalB               464.4360      0.1      14.6160      0.0000  0.0000  Eval_33_46
core16_0/core4_2/evalB/DP_OP_53J23_122_8097    117.9360     0.0    117.9360     0.0000 0.0000 Eval_33_1_DP_OP_53J23_122_8097_J23_0_28
core16_0/core4_2/evalB/DP_OP_54J23_123_1200    163.2960     0.0    163.2960     0.0000 0.0000 Eval_33_1_DP_OP_54J23_123_1200_J23_0_28
core16_0/core4_2/evalB/DP_OP_55J23_124_5184    168.5880     0.0    168.5880     0.0000 0.0000 Eval_33_1_DP_OP_55J23_124_5184_J23_0_28
core16_0/core4_2/interp             2150.4420      0.3       0.7560    243.9360  0.0000  Interpolation_47
core16_0/core4_2/interp/interp      1905.7500      0.3       0.2520      0.0000  0.0000  InterpolationComb_47
core16_0/core4_2/interp/interp/DP_OP_106J26_122_5351   1905.4980     0.3   1905.4980     0.0000 0.0000 InterpolationComb_1_DP_OP_106J26_122_5351_J26_0_27
core16_0/core4_2/mult_x_1            711.3960      0.1     711.3960      0.0000  0.0000  core4_1_DW_mult_tc_J18_6_22
core16_0/core4_2/mult_x_2            799.4700      0.1     799.4700      0.0000  0.0000  core4_1_DW_mult_tc_J18_5_22
core16_0/core4_2/mult_x_3            776.0340      0.1     776.0340      0.0000  0.0000  core4_1_DW_mult_tc_J18_4_22
core16_0/core4_2/mult_x_4            808.0380      0.1     808.0380      0.0000  0.0000  core4_1_DW_mult_tc_J18_3_22
core16_0/core4_2/mult_x_5            828.5760      0.1     828.5760      0.0000  0.0000  core4_1_DW_mult_tc_J18_2_22
core16_0/core4_2/mult_x_6            867.0060      0.1     867.0060      0.0000  0.0000  core4_1_DW_mult_tc_J18_1_22
core16_0/core4_2/mult_x_7            711.3960      0.1     711.3960      0.0000  0.0000  core4_1_DW_mult_tc_J18_0_22
core16_0/core4_3                   10194.0299      1.6       0.7560    461.2860  0.0000  core4_45
core16_0/core4_3/evalA               780.0660      0.1      24.6960      0.0000  0.0000  Eval_32_45
core16_0/core4_3/evalA/DP_OP_53J27_123_8507    196.9380     0.0    196.9380     0.0000 0.0000 Eval_32_1_DP_OP_53J27_123_8507_J27_0_31
core16_0/core4_3/evalA/DP_OP_54J27_124_3738    285.8940     0.0    285.8940     0.0000 0.0000 Eval_32_1_DP_OP_54J27_124_3738_J27_0_31
core16_0/core4_3/evalA/DP_OP_55J27_125_1305    272.5380     0.0    272.5380     0.0000 0.0000 Eval_32_1_DP_OP_55J27_125_1305_J27_0_31
core16_0/core4_3/evalB               685.9440      0.1      22.4280      0.0000  0.0000  Eval_33_45
core16_0/core4_3/evalB/DP_OP_53J23_122_8097    171.2340     0.0    171.2340     0.0000 0.0000 Eval_33_1_DP_OP_53J23_122_8097_J23_0_27
core16_0/core4_3/evalB/DP_OP_54J23_123_1200    252.3780     0.0    252.3780     0.0000 0.0000 Eval_33_1_DP_OP_54J23_123_1200_J23_0_27
core16_0/core4_3/evalB/DP_OP_55J23_124_5184    239.9040     0.0    239.9040     0.0000 0.0000 Eval_33_1_DP_OP_55J23_124_5184_J23_0_27
core16_0/core4_3/interp             2150.4420      0.3       0.7560    243.9360  0.0000  Interpolation_46
core16_0/core4_3/interp/interp      1905.7500      0.3       0.2520      0.0000  0.0000  InterpolationComb_46
core16_0/core4_3/interp/interp/DP_OP_106J26_122_5351   1905.4980     0.3   1905.4980     0.0000 0.0000 InterpolationComb_1_DP_OP_106J26_122_5351_J26_0_26
core16_0/core4_3/mult_x_1            724.5000      0.1     724.5000      0.0000  0.0000  core4_1_DW_mult_tc_J18_6_21
core16_0/core4_3/mult_x_2            896.3640      0.1     896.3640      0.0000  0.0000  core4_1_DW_mult_tc_J18_5_21
core16_0/core4_3/mult_x_3            941.9760      0.1     941.9760      0.0000  0.0000  core4_1_DW_mult_tc_J18_4_21
core16_0/core4_3/mult_x_4            942.8580      0.1     942.8580      0.0000  0.0000  core4_1_DW_mult_tc_J18_3_21
core16_0/core4_3/mult_x_5            943.3620      0.1     943.3620      0.0000  0.0000  core4_1_DW_mult_tc_J18_2_21
core16_0/core4_3/mult_x_6            941.9760      0.1     941.9760      0.0000  0.0000  core4_1_DW_mult_tc_J18_1_21
core16_0/core4_3/mult_x_7            724.5000      0.1     724.5000      0.0000  0.0000  core4_1_DW_mult_tc_J18_0_21
core16_0/core4_4                    9898.1819      1.5       1.0080    461.6640  0.0000  core4_44
core16_0/core4_4/evalA               735.5880      0.1      22.4280      0.0000  0.0000  Eval_32_44
core16_0/core4_4/evalA/DP_OP_54J13_122_8893    190.3860     0.0    190.3860     0.0000 0.0000 Eval_32_2_DP_OP_54J13_122_8893_J13_0_3
core16_0/core4_4/evalA/DP_OP_55J13_123_92    258.8040     0.0    258.8040     0.0000 0.0000 Eval_32_2_DP_OP_55J13_123_92_J13_0_3
core16_0/core4_4/evalA/DP_OP_56J13_124_3580    263.9700     0.0    263.9700     0.0000 0.0000 Eval_32_2_DP_OP_56J13_124_3580_J13_0_3
core16_0/core4_4/evalB               543.8160      0.1      17.3880      0.0000  0.0000  Eval_33_44
core16_0/core4_4/evalB/DP_OP_54J27_129_6473    140.9940     0.0    140.9940     0.0000 0.0000 Eval_33_2_DP_OP_54J27_129_6473_J27_0_3
core16_0/core4_4/evalB/DP_OP_55J27_130_780    189.7560     0.0    189.7560     0.0000 0.0000 Eval_33_2_DP_OP_55J27_130_780_J27_0_3
core16_0/core4_4/evalB/DP_OP_56J27_131_9714    195.6780     0.0    195.6780     0.0000 0.0000 Eval_33_2_DP_OP_56J27_131_9714_J27_0_3
core16_0/core4_4/interp             2150.4420      0.3       0.7560    243.9360  0.0000  Interpolation_45
core16_0/core4_4/interp/interp      1905.7500      0.3       0.2520      0.0000  0.0000  InterpolationComb_45
core16_0/core4_4/interp/interp/DP_OP_106J26_122_5351   1905.4980     0.3   1905.4980     0.0000 0.0000 InterpolationComb_1_DP_OP_106J26_122_5351_J26_0_25
core16_0/core4_4/mult_x_1            786.6180      0.1     786.6180      0.0000  0.0000  core4_2_DW_mult_uns_J33_3_1
core16_0/core4_4/mult_x_2            908.8380      0.1     908.8380      0.0000  0.0000  core4_2_DW_mult_uns_J33_2_1
core16_0/core4_4/mult_x_3            849.1140      0.1     849.1140      0.0000  0.0000  core4_2_DW_mult_tc_J33_2_1
core16_0/core4_4/mult_x_4            867.2580      0.1     867.2580      0.0000  0.0000  core4_2_DW_mult_tc_J33_1_1
core16_0/core4_4/mult_x_5            895.6080      0.1     895.6080      0.0000  0.0000  core4_2_DW_mult_uns_J33_1_1
core16_0/core4_4/mult_x_6            911.6100      0.1     911.6100      0.0000  0.0000  core4_2_DW_mult_tc_J33_0_1
core16_0/core4_4/mult_x_7            786.6180      0.1     786.6180      0.0000  0.0000  core4_2_DW_mult_uns_J33_0_1
core16_0/core4_5                   10318.5179      1.6       0.7560    461.2860  0.0000  core4_43
core16_0/core4_5/evalA               781.0740      0.1      25.7040      0.0000  0.0000  Eval_32_43
core16_0/core4_5/evalA/DP_OP_53J27_123_8507    196.9380     0.0    196.9380     0.0000 0.0000 Eval_32_1_DP_OP_53J27_123_8507_J27_0_30
core16_0/core4_5/evalA/DP_OP_54J27_124_3738    285.8940     0.0    285.8940     0.0000 0.0000 Eval_32_1_DP_OP_54J27_124_3738_J27_0_30
core16_0/core4_5/evalA/DP_OP_55J27_125_1305    272.5380     0.0    272.5380     0.0000 0.0000 Eval_32_1_DP_OP_55J27_125_1305_J27_0_30
core16_0/core4_5/evalB               682.0380      0.1      22.9320      0.0000  0.0000  Eval_33_43
core16_0/core4_5/evalB/DP_OP_53J23_122_8097    171.2340     0.0    171.2340     0.0000 0.0000 Eval_33_1_DP_OP_53J23_122_8097_J23_0_26
core16_0/core4_5/evalB/DP_OP_54J23_123_1200    250.6140     0.0    250.6140     0.0000 0.0000 Eval_33_1_DP_OP_54J23_123_1200_J23_0_26
core16_0/core4_5/evalB/DP_OP_55J23_124_5184    237.2580     0.0    237.2580     0.0000 0.0000 Eval_33_1_DP_OP_55J23_124_5184_J23_0_26
core16_0/core4_5/interp             2150.4420      0.3       0.7560    243.9360  0.0000  Interpolation_44
core16_0/core4_5/interp/interp      1905.7500      0.3       0.2520      0.0000  0.0000  InterpolationComb_44
core16_0/core4_5/interp/interp/DP_OP_106J26_122_5351   1905.4980     0.3   1905.4980     0.0000 0.0000 InterpolationComb_1_DP_OP_106J26_122_5351_J26_0_24
core16_0/core4_5/mult_x_1            787.6260      0.1     787.6260      0.0000  0.0000  core4_1_DW_mult_tc_J18_6_20
core16_0/core4_5/mult_x_2            896.3640      0.1     896.3640      0.0000  0.0000  core4_1_DW_mult_tc_J18_5_20
core16_0/core4_5/mult_x_3            941.9760      0.1     941.9760      0.0000  0.0000  core4_1_DW_mult_tc_J18_4_20
core16_0/core4_5/mult_x_4            941.9760      0.1     941.9760      0.0000  0.0000  core4_1_DW_mult_tc_J18_3_20
core16_0/core4_5/mult_x_5            945.3780      0.1     945.3780      0.0000  0.0000  core4_1_DW_mult_tc_J18_2_20
core16_0/core4_5/mult_x_6            941.9760      0.1     941.9760      0.0000  0.0000  core4_1_DW_mult_tc_J18_1_20
core16_0/core4_5/mult_x_7            787.6260      0.1     787.6260      0.0000  0.0000  core4_1_DW_mult_tc_J18_0_20
core16_0/core4_6                    8711.3879      1.4       1.0080    461.6640  0.0000  core4_42
core16_0/core4_6/evalA               618.6600      0.1      19.2780      0.0000  0.0000  Eval_32_42
core16_0/core4_6/evalA/DP_OP_54J25_122_2387    160.2720     0.0    160.2720     0.0000 0.0000 Eval_32_0_DP_OP_54J25_122_2387_J25_0_2
core16_0/core4_6/evalA/DP_OP_55J25_123_8268    216.5940     0.0    216.5940     0.0000 0.0000 Eval_32_0_DP_OP_55J25_123_8268_J25_0_2
core16_0/core4_6/evalA/DP_OP_56J25_124_2036    222.5160     0.0    222.5160     0.0000 0.0000 Eval_32_0_DP_OP_56J25_124_2036_J25_0_2
core16_0/core4_6/evalB               423.4860      0.1      13.6080      0.0000  0.0000  Eval_33_42
core16_0/core4_6/evalB/DP_OP_54J21_125_1607    108.8640     0.0    108.8640     0.0000 0.0000 Eval_33_0_DP_OP_54J21_125_1607_J21_0_2
core16_0/core4_6/evalB/DP_OP_55J21_126_5730    147.5460     0.0    147.5460     0.0000 0.0000 Eval_33_0_DP_OP_55J21_126_5730_J21_0_2
core16_0/core4_6/evalB/DP_OP_56J21_127_8412    153.4680     0.0    153.4680     0.0000 0.0000 Eval_33_0_DP_OP_56J21_127_8412_J21_0_2
core16_0/core4_6/interp             2057.9580      0.3       0.7560    235.8720  0.0000  Interpolation_43
core16_0/core4_6/interp/interp      1821.3300      0.3       0.2520      0.0000  0.0000  InterpolationComb_43
core16_0/core4_6/interp/interp/DP_OP_106J27_122_4702   1821.0780     0.3   1821.0780     0.0000 0.0000 InterpolationComb_0_DP_OP_106J27_122_4702_J27_0_18
core16_0/core4_6/mult_x_1            626.7240      0.1     626.7240      0.0000  0.0000  core4_42_DW_mult_uns_J14_3
core16_0/core4_6/mult_x_2            770.7420      0.1     770.7420      0.0000  0.0000  core4_42_DW_mult_uns_J14_2
core16_0/core4_6/mult_x_3            733.4460      0.1     733.4460      0.0000  0.0000  core4_42_DW_mult_tc_J14_2
core16_0/core4_6/mult_x_4            750.2040      0.1     750.2040      0.0000  0.0000  core4_42_DW_mult_tc_J14_1
core16_0/core4_6/mult_x_5            820.8900      0.1     820.8900      0.0000  0.0000  core4_42_DW_mult_uns_J14_1
core16_0/core4_6/mult_x_6            819.8820      0.1     819.8820      0.0000  0.0000  core4_42_DW_mult_tc_J14_0
core16_0/core4_6/mult_x_7            626.7240      0.1     626.7240      0.0000  0.0000  core4_42_DW_mult_uns_J14_0
core16_0/evalA                       618.6600      0.1      19.2780      0.0000  0.0000  Eval_32_76
core16_0/evalA/DP_OP_54J29_122_8676    160.2720     0.0    160.2720      0.0000  0.0000  Eval_32_76_DP_OP_54J29_122_8676_J29_0
core16_0/evalA/DP_OP_55J29_123_1116    216.5940     0.0    216.5940      0.0000  0.0000  Eval_32_76_DP_OP_55J29_123_1116_J29_0
core16_0/evalA/DP_OP_56J29_124_7890    222.5160     0.0    222.5160      0.0000  0.0000  Eval_32_76_DP_OP_56J29_124_7890_J29_0
core16_0/evalA_1                     618.0300      0.1      18.6480      0.0000  0.0000  Eval_32_75
core16_0/evalA_1/DP_OP_54J30_122_9222    160.2720     0.0    160.2720     0.0000 0.0000  Eval_32_75_DP_OP_54J30_122_9222_J30_0
core16_0/evalA_1/DP_OP_55J30_123_7275    216.5940     0.0    216.5940     0.0000 0.0000  Eval_32_75_DP_OP_55J30_123_7275_J30_0
core16_0/evalA_1/DP_OP_56J30_124_8278    222.5160     0.0    222.5160     0.0000 0.0000  Eval_32_75_DP_OP_56J30_124_8278_J30_0
core16_0/evalA_2                     618.0300      0.1      18.6480      0.0000  0.0000  Eval_32_74
core16_0/evalA_2/DP_OP_54J32_122_3351    160.2720     0.0    160.2720     0.0000 0.0000  Eval_32_74_DP_OP_54J32_122_3351_J32_0
core16_0/evalA_2/DP_OP_55J32_123_2430    216.5940     0.0    216.5940     0.0000 0.0000  Eval_32_74_DP_OP_55J32_123_2430_J32_0
core16_0/evalA_2/DP_OP_56J32_124_6576    222.5160     0.0    222.5160     0.0000 0.0000  Eval_32_74_DP_OP_56J32_124_6576_J32_0
core16_0/evalA_3                     618.7860      0.1      19.4040      0.0000  0.0000  Eval_32_73
core16_0/evalA_3/DP_OP_54J31_122_1030    160.2720     0.0    160.2720     0.0000 0.0000  Eval_32_73_DP_OP_54J31_122_1030_J31_0
core16_0/evalA_3/DP_OP_55J31_123_2818    216.5940     0.0    216.5940     0.0000 0.0000  Eval_32_73_DP_OP_55J31_123_2818_J31_0
core16_0/evalA_3/DP_OP_56J31_124_2768    222.5160     0.0    222.5160     0.0000 0.0000  Eval_32_73_DP_OP_56J31_124_2768_J31_0
core16_0/evalB                       429.2820      0.1      13.8600      0.0000  0.0000  Eval_33_76
core16_0/evalB/DP_OP_54J14_125_8940    109.7460     0.0    109.7460      0.0000  0.0000  Eval_33_76_DP_OP_54J14_125_8940_J14_0
core16_0/evalB/DP_OP_55J14_126_2438    151.5780     0.0    151.5780      0.0000  0.0000  Eval_33_76_DP_OP_55J14_126_2438_J14_0
core16_0/evalB/DP_OP_56J14_127_2998    154.0980     0.0    154.0980      0.0000  0.0000  Eval_33_76_DP_OP_56J14_127_2998_J14_0
core16_0/evalB_1                     423.7380      0.1      12.6000      0.0000  0.0000  Eval_33_75
core16_0/evalB_1/DP_OP_54J13_125_3069    110.1240     0.0    110.1240     0.0000 0.0000  Eval_33_75_DP_OP_54J13_125_3069_J13_0
core16_0/evalB_1/DP_OP_55J13_126_9650    147.5460     0.0    147.5460     0.0000 0.0000  Eval_33_75_DP_OP_55J13_126_9650_J13_0
core16_0/evalB_1/DP_OP_56J13_127_4471    153.4680     0.0    153.4680     0.0000 0.0000  Eval_33_75_DP_OP_56J13_127_4471_J13_0
core16_0/evalB_2                     425.5020      0.1      12.6000      0.0000  0.0000  Eval_33_74
core16_0/evalB_2/DP_OP_54J15_125_748    108.8640     0.0    108.8640     0.0000  0.0000  Eval_33_74_DP_OP_54J15_125_748_J15_0
core16_0/evalB_2/DP_OP_55J15_126_5842    150.5700     0.0    150.5700     0.0000 0.0000  Eval_33_74_DP_OP_55J15_126_5842_J15_0
core16_0/evalB_2/DP_OP_56J15_127_9577    153.4680     0.0    153.4680     0.0000 0.0000  Eval_33_74_DP_OP_56J15_127_9577_J15_0
core16_0/evalB_3                     430.9200      0.1      13.8600      0.0000  0.0000  Eval_33_73
core16_0/evalB_3/DP_OP_54J23_125_1977    111.6360     0.0    111.6360     0.0000 0.0000  Eval_33_73_DP_OP_54J23_125_1977_J23_0
core16_0/evalB_3/DP_OP_55J23_126_5193    147.5460     0.0    147.5460     0.0000 0.0000  Eval_33_73_DP_OP_55J23_126_5193_J23_0
core16_0/evalB_3/DP_OP_56J23_127_8928    157.8780     0.0    157.8780     0.0000 0.0000  Eval_33_73_DP_OP_56J23_127_8928_J23_0
core16_0/interp                     7638.2459      1.2       0.7560    840.6720  0.0000  Interpolation_7_6
core16_0/interp/interp              6796.8179      1.1       0.2520      0.0000  0.0000  InterpolationComb_7_6
core16_0/interp/interp/DP_OP_421J12_122_2675   6796.5659     1.1   6796.5659     0.0000 0.0000 InterpolationComb_7_0_DP_OP_421J12_122_2675_J12_0_2
core16_1                           86189.2909     13.4       2.0160   1671.2640  0.0000  core16_5
core16_1/core4_0                    9800.4059      1.5       1.0080    461.6640  0.0000  core4_41
core16_1/core4_0/evalA               738.1080      0.1      26.4600      0.0000  0.0000  Eval_32_41
core16_1/core4_0/evalA/DP_OP_54J26_126_5391    189.8820     0.0    189.8820     0.0000 0.0000 Eval_32_5_DP_OP_54J26_126_5391_J26_0_2
core16_1/core4_0/evalA/DP_OP_55J26_127_1056    261.3240     0.0    261.3240     0.0000 0.0000 Eval_32_5_DP_OP_55J26_127_1056_J26_0_2
core16_1/core4_0/evalA/DP_OP_56J26_128_3738    260.4420     0.0    260.4420     0.0000 0.0000 Eval_32_5_DP_OP_56J26_128_3738_J26_0_2
core16_1/core4_0/evalB               546.9660      0.1      17.3880      0.0000  0.0000  Eval_33_41
core16_1/core4_0/evalB/DP_OP_54J28_125_3928    144.5220     0.0    144.5220     0.0000 0.0000 Eval_33_5_DP_OP_54J28_125_3928_J28_0_2
core16_1/core4_0/evalB/DP_OP_55J28_126_5326    193.1580     0.0    193.1580     0.0000 0.0000 Eval_33_5_DP_OP_55J28_126_5326_J28_0_2
core16_1/core4_0/evalB/DP_OP_56J28_127_8300    191.8980     0.0    191.8980     0.0000 0.0000 Eval_33_5_DP_OP_56J28_127_8300_J28_0_2
core16_1/core4_0/interp             2057.9580      0.3       0.7560    235.8720  0.0000  Interpolation_42
core16_1/core4_0/interp/interp      1821.3300      0.3       0.2520      0.0000  0.0000  InterpolationComb_42
core16_1/core4_0/interp/interp/DP_OP_106J27_122_4702   1821.0780     0.3   1821.0780     0.0000 0.0000 InterpolationComb_0_DP_OP_106J27_122_4702_J27_0_17
core16_1/core4_0/mult_x_1            770.7420      0.1     770.7420      0.0000  0.0000  core4_35_DW_mult_uns_J32_3_1
core16_1/core4_0/mult_x_2            870.6600      0.1     870.6600      0.0000  0.0000  core4_35_DW_mult_uns_J32_2_1
core16_1/core4_0/mult_x_3            886.7880      0.1     886.7880      0.0000  0.0000  core4_35_DW_mult_tc_J32_2_1
core16_1/core4_0/mult_x_4            877.9680      0.1     877.9680      0.0000  0.0000  core4_35_DW_mult_tc_J32_1_1
core16_1/core4_0/mult_x_5            898.1280      0.1     898.1280      0.0000  0.0000  core4_35_DW_mult_uns_J32_1_1
core16_1/core4_0/mult_x_6            919.6740      0.1     919.6740      0.0000  0.0000  core4_35_DW_mult_tc_J32_0_1
core16_1/core4_0/mult_x_7            770.7420      0.1     770.7420      0.0000  0.0000  core4_35_DW_mult_uns_J32_0_1
core16_1/core4_1                   10383.2819      1.6       1.0080    461.4120  0.0000  core4_40
core16_1/core4_1/evalA               780.8220      0.1      25.4520      0.0000  0.0000  Eval_32_40
core16_1/core4_1/evalA/DP_OP_53J27_123_8507    196.9380     0.0    196.9380     0.0000 0.0000 Eval_32_1_DP_OP_53J27_123_8507_J27_0_29
core16_1/core4_1/evalA/DP_OP_54J27_124_3738    285.8940     0.0    285.8940     0.0000 0.0000 Eval_32_1_DP_OP_54J27_124_3738_J27_0_29
core16_1/core4_1/evalA/DP_OP_55J27_125_1305    272.5380     0.0    272.5380     0.0000 0.0000 Eval_32_1_DP_OP_55J27_125_1305_J27_0_29
core16_1/core4_1/evalB               668.3040      0.1      21.6720      0.0000  0.0000  Eval_33_40
core16_1/core4_1/evalB/DP_OP_55J22_122_5594    170.6040     0.0    170.6040     0.0000 0.0000 Eval_33_40_DP_OP_55J22_122_5594_J22_0
core16_1/core4_1/evalB/DP_OP_56J22_123_7996    241.6680     0.0    241.6680     0.0000 0.0000 Eval_33_40_DP_OP_56J22_123_7996_J22_0
core16_1/core4_1/evalB/DP_OP_57J22_124_9698    234.3600     0.0    234.3600     0.0000 0.0000 Eval_33_40_DP_OP_57J22_124_9698_J22_0
core16_1/core4_1/interp             2057.9580      0.3       0.7560    235.8720  0.0000  Interpolation_41
core16_1/core4_1/interp/interp      1821.3300      0.3       0.2520      0.0000  0.0000  InterpolationComb_41
core16_1/core4_1/interp/interp/DP_OP_106J27_122_4702   1821.0780     0.3   1821.0780     0.0000 0.0000 InterpolationComb_0_DP_OP_106J27_122_4702_J27_0_16
core16_1/core4_1/mult_x_1            870.6600      0.1     870.6600      0.0000  0.0000  core4_40_DW_mult_uns_J20_1
core16_1/core4_1/mult_x_2            896.3640      0.1     896.3640      0.0000  0.0000  core4_40_DW_mult_tc_J20_4
core16_1/core4_1/mult_x_3            945.2520      0.1     945.2520      0.0000  0.0000  core4_40_DW_mult_tc_J20_3
core16_1/core4_1/mult_x_4            943.2360      0.1     943.2360      0.0000  0.0000  core4_40_DW_mult_tc_J20_2
core16_1/core4_1/mult_x_5            945.6300      0.1     945.6300      0.0000  0.0000  core4_40_DW_mult_tc_J20_1
core16_1/core4_1/mult_x_6            941.9760      0.1     941.9760      0.0000  0.0000  core4_40_DW_mult_tc_J20_0
core16_1/core4_1/mult_x_7            870.6600      0.1     870.6600      0.0000  0.0000  core4_40_DW_mult_uns_J20_0
core16_1/core4_2                   10270.6379      1.6       1.0080    461.2860  0.0000  core4_39
core16_1/core4_2/evalA               776.7900      0.1      24.6960      0.0000  0.0000  Eval_32_39
core16_1/core4_2/evalA/DP_OP_53J27_123_8507    198.0720     0.0    198.0720     0.0000 0.0000 Eval_32_1_DP_OP_53J27_123_8507_J27_0_28
core16_1/core4_2/evalA/DP_OP_54J27_124_3738    282.3660     0.0    282.3660     0.0000 0.0000 Eval_32_1_DP_OP_54J27_124_3738_J27_0_28
core16_1/core4_2/evalA/DP_OP_55J27_125_1305    271.6560     0.0    271.6560     0.0000 0.0000 Eval_32_1_DP_OP_55J27_125_1305_J27_0_28
core16_1/core4_2/evalB               611.2260      0.1      19.1520      0.0000  0.0000  Eval_33_39
core16_1/core4_2/evalB/DP_OP_53J23_122_8097    156.4920     0.0    156.4920     0.0000 0.0000 Eval_33_1_DP_OP_53J23_122_8097_J23_0_25
core16_1/core4_2/evalB/DP_OP_54J23_123_1200    215.3340     0.0    215.3340     0.0000 0.0000 Eval_33_1_DP_OP_54J23_123_1200_J23_0_25
core16_1/core4_2/evalB/DP_OP_55J23_124_5184    220.2480     0.0    220.2480     0.0000 0.0000 Eval_33_1_DP_OP_55J23_124_5184_J23_0_25
core16_1/core4_2/interp             2150.4420      0.3       0.7560    243.9360  0.0000  Interpolation_40
core16_1/core4_2/interp/interp      1905.7500      0.3       0.2520      0.0000  0.0000  InterpolationComb_40
core16_1/core4_2/interp/interp/DP_OP_106J26_122_5351   1905.4980     0.3   1905.4980     0.0000 0.0000 InterpolationComb_1_DP_OP_106J26_122_5351_J26_0_23
core16_1/core4_2/mult_x_1            846.5940      0.1     846.5940      0.0000  0.0000  core4_1_DW_mult_tc_J18_6_19
core16_1/core4_2/mult_x_2            887.0400      0.1     887.0400      0.0000  0.0000  core4_1_DW_mult_tc_J18_5_19
core16_1/core4_2/mult_x_3            900.9000      0.1     900.9000      0.0000  0.0000  core4_1_DW_mult_tc_J18_4_19
core16_1/core4_2/mult_x_4            911.9880      0.1     911.9880      0.0000  0.0000  core4_1_DW_mult_tc_J18_3_19
core16_1/core4_2/mult_x_5            930.3840      0.1     930.3840      0.0000  0.0000  core4_1_DW_mult_tc_J18_2_19
core16_1/core4_2/mult_x_6            946.3860      0.1     946.3860      0.0000  0.0000  core4_1_DW_mult_tc_J18_1_19
core16_1/core4_2/mult_x_7            846.5940      0.1     846.5940      0.0000  0.0000  core4_1_DW_mult_tc_J18_0_19
core16_1/core4_3                   10429.3979      1.6       0.7560    461.5380  0.0000  core4_38
core16_1/core4_3/evalA               780.5700      0.1      25.2000      0.0000  0.0000  Eval_32_38
core16_1/core4_3/evalA/DP_OP_53J27_123_8507    196.9380     0.0    196.9380     0.0000 0.0000 Eval_32_1_DP_OP_53J27_123_8507_J27_0_27
core16_1/core4_3/evalA/DP_OP_54J27_124_3738    285.8940     0.0    285.8940     0.0000 0.0000 Eval_32_1_DP_OP_54J27_124_3738_J27_0_27
core16_1/core4_3/evalA/DP_OP_55J27_125_1305    272.5380     0.0    272.5380     0.0000 0.0000 Eval_32_1_DP_OP_55J27_125_1305_J27_0_27
core16_1/core4_3/evalB               685.5660      0.1      22.9320      0.0000  0.0000  Eval_33_38
core16_1/core4_3/evalB/DP_OP_53J23_122_8097    173.8800     0.0    173.8800     0.0000 0.0000 Eval_33_1_DP_OP_53J23_122_8097_J23_0_24
core16_1/core4_3/evalB/DP_OP_54J23_123_1200    251.3700     0.0    251.3700     0.0000 0.0000 Eval_33_1_DP_OP_54J23_123_1200_J23_0_24
core16_1/core4_3/evalB/DP_OP_55J23_124_5184    237.3840     0.0    237.3840     0.0000 0.0000 Eval_33_1_DP_OP_55J23_124_5184_J23_0_24
core16_1/core4_3/interp             2149.9380      0.3       0.7560    243.9360  0.0000  Interpolation_39
core16_1/core4_3/interp/interp      1905.2460      0.3       0.2520      0.0000  0.0000  InterpolationComb_39
core16_1/core4_3/interp/interp/DP_OP_106J26_122_5351   1904.9940     0.3   1904.9940     0.0000 0.0000 InterpolationComb_1_DP_OP_106J26_122_5351_J26_0_22
core16_1/core4_3/mult_x_1            838.7820      0.1     838.7820      0.0000  0.0000  core4_1_DW_mult_tc_J18_6_18
core16_1/core4_3/mult_x_2            896.4900      0.1     896.4900      0.0000  0.0000  core4_1_DW_mult_tc_J18_5_18
core16_1/core4_3/mult_x_3            945.3780      0.1     945.3780      0.0000  0.0000  core4_1_DW_mult_tc_J18_4_18
core16_1/core4_3/mult_x_4            943.9920      0.1     943.9920      0.0000  0.0000  core4_1_DW_mult_tc_J18_3_18
core16_1/core4_3/mult_x_5            941.9760      0.1     941.9760      0.0000  0.0000  core4_1_DW_mult_tc_J18_2_18
core16_1/core4_3/mult_x_6            943.8660      0.1     943.8660      0.0000  0.0000  core4_1_DW_mult_tc_J18_1_18
core16_1/core4_3/mult_x_7            840.5460      0.1     840.5460      0.0000  0.0000  core4_1_DW_mult_tc_J18_0_18
core16_1/core4_4                   10549.2239      1.6       1.0080    461.1600  0.0000  core4_37
core16_1/core4_4/evalA               780.8220      0.1      25.4520      0.0000  0.0000  Eval_32_37
core16_1/core4_4/evalA/DP_OP_53J27_123_8507    196.9380     0.0    196.9380     0.0000 0.0000 Eval_32_1_DP_OP_53J27_123_8507_J27_0_26
core16_1/core4_4/evalA/DP_OP_54J27_124_3738    285.8940     0.0    285.8940     0.0000 0.0000 Eval_32_1_DP_OP_54J27_124_3738_J27_0_26
core16_1/core4_4/evalA/DP_OP_55J27_125_1305    272.5380     0.0    272.5380     0.0000 0.0000 Eval_32_1_DP_OP_55J27_125_1305_J27_0_26
core16_1/core4_4/evalB               659.6100      0.1      21.1680      0.0000  0.0000  Eval_33_37
core16_1/core4_4/evalB/DP_OP_54J21_122_246    166.5720     0.0    166.5720     0.0000 0.0000 Eval_33_19_DP_OP_54J21_122_246_J21_0_1
core16_1/core4_4/evalB/DP_OP_55J21_123_8053    234.9900     0.0    234.9900     0.0000 0.0000 Eval_33_19_DP_OP_55J21_123_8053_J21_0_1
core16_1/core4_4/evalB/DP_OP_56J21_124_8414    236.8800     0.0    236.8800     0.0000 0.0000 Eval_33_19_DP_OP_56J21_124_8414_J21_0_1
core16_1/core4_4/interp             2150.4420      0.3       0.7560    243.9360  0.0000  Interpolation_38
core16_1/core4_4/interp/interp      1905.7500      0.3       0.2520      0.0000  0.0000  InterpolationComb_38
core16_1/core4_4/interp/interp/DP_OP_106J26_122_5351   1905.4980     0.3   1905.4980     0.0000 0.0000 InterpolationComb_1_DP_OP_106J26_122_5351_J26_0_21
core16_1/core4_4/mult_x_1            917.0280      0.1     917.0280      0.0000  0.0000  core4_37_DW_mult_uns_J21_1
core16_1/core4_4/mult_x_2            896.3640      0.1     896.3640      0.0000  0.0000  core4_37_DW_mult_tc_J21_4
core16_1/core4_4/mult_x_3            933.9120      0.1     933.9120      0.0000  0.0000  core4_37_DW_mult_tc_J21_3
core16_1/core4_4/mult_x_4            942.8580      0.1     942.8580      0.0000  0.0000  core4_37_DW_mult_tc_J21_2
core16_1/core4_4/mult_x_5            945.6300      0.1     945.6300      0.0000  0.0000  core4_37_DW_mult_tc_J21_1
core16_1/core4_4/mult_x_6            943.3620      0.1     943.3620      0.0000  0.0000  core4_37_DW_mult_tc_J21_0
core16_1/core4_4/mult_x_7            917.0280      0.1     917.0280      0.0000  0.0000  core4_37_DW_mult_uns_J21_0
core16_1/core4_5                   10503.2339      1.6       0.7560    461.5380  0.0000  core4_36
core16_1/core4_5/evalA               780.8220      0.1      25.4520      0.0000  0.0000  Eval_32_36
core16_1/core4_5/evalA/DP_OP_53J27_123_8507    196.9380     0.0    196.9380     0.0000 0.0000 Eval_32_1_DP_OP_53J27_123_8507_J27_0_25
core16_1/core4_5/evalA/DP_OP_54J27_124_3738    285.8940     0.0    285.8940     0.0000 0.0000 Eval_32_1_DP_OP_54J27_124_3738_J27_0_25
core16_1/core4_5/evalA/DP_OP_55J27_125_1305    272.5380     0.0    272.5380     0.0000 0.0000 Eval_32_1_DP_OP_55J27_125_1305_J27_0_25
core16_1/core4_5/evalB               684.5580      0.1      23.1840      0.0000  0.0000  Eval_33_36
core16_1/core4_5/evalB/DP_OP_53J23_122_8097    171.2340     0.0    171.2340     0.0000 0.0000 Eval_33_1_DP_OP_53J23_122_8097_J23_0_23
core16_1/core4_5/evalB/DP_OP_54J23_123_1200    252.2520     0.0    252.2520     0.0000 0.0000 Eval_33_1_DP_OP_54J23_123_1200_J23_0_23
core16_1/core4_5/evalB/DP_OP_55J23_124_5184    237.8880     0.0    237.8880     0.0000 0.0000 Eval_33_1_DP_OP_55J23_124_5184_J23_0_23
core16_1/core4_5/interp             2149.9380      0.3       0.7560    243.9360  0.0000  Interpolation_37
core16_1/core4_5/interp/interp      1905.2460      0.3       0.2520      0.0000  0.0000  InterpolationComb_37
core16_1/core4_5/interp/interp/DP_OP_106J26_122_5351   1904.9940     0.3   1904.9940     0.0000 0.0000 InterpolationComb_1_DP_OP_106J26_122_5351_J26_0_20
core16_1/core4_5/mult_x_1            878.0940      0.1     878.0940      0.0000  0.0000  core4_1_DW_mult_tc_J18_6_17
core16_1/core4_5/mult_x_2            898.0020      0.1     898.0020      0.0000  0.0000  core4_1_DW_mult_tc_J18_5_17
core16_1/core4_5/mult_x_3            942.7320      0.1     942.7320      0.0000  0.0000  core4_1_DW_mult_tc_J18_4_17
core16_1/core4_5/mult_x_4            942.7320      0.1     942.7320      0.0000  0.0000  core4_1_DW_mult_tc_J18_3_17
core16_1/core4_5/mult_x_5            943.8660      0.1     943.8660      0.0000  0.0000  core4_1_DW_mult_tc_J18_2_17
core16_1/core4_5/mult_x_6            942.1020      0.1     942.1020      0.0000  0.0000  core4_1_DW_mult_tc_J18_1_17
core16_1/core4_5/mult_x_7            878.0940      0.1     878.0940      0.0000  0.0000  core4_1_DW_mult_tc_J18_0_17
core16_1/core4_6                    9799.7759      1.5       1.0080    461.5380  0.0000  core4_35
core16_1/core4_6/evalA               738.1080      0.1      26.4600      0.0000  0.0000  Eval_32_35
core16_1/core4_6/evalA/DP_OP_54J26_126_5391    189.8820     0.0    189.8820     0.0000 0.0000 Eval_32_5_DP_OP_54J26_126_5391_J26_0_1
core16_1/core4_6/evalA/DP_OP_55J26_127_1056    261.3240     0.0    261.3240     0.0000 0.0000 Eval_32_5_DP_OP_55J26_127_1056_J26_0_1
core16_1/core4_6/evalA/DP_OP_56J26_128_3738    260.4420     0.0    260.4420     0.0000 0.0000 Eval_32_5_DP_OP_56J26_128_3738_J26_0_1
core16_1/core4_6/evalB               546.9660      0.1      17.5140      0.0000  0.0000  Eval_33_35
core16_1/core4_6/evalB/DP_OP_54J28_125_3928    144.5220     0.0    144.5220     0.0000 0.0000 Eval_33_5_DP_OP_54J28_125_3928_J28_0_1
core16_1/core4_6/evalB/DP_OP_55J28_126_5326    193.1580     0.0    193.1580     0.0000 0.0000 Eval_33_5_DP_OP_55J28_126_5326_J28_0_1
core16_1/core4_6/evalB/DP_OP_56J28_127_8300    191.7720     0.0    191.7720     0.0000 0.0000 Eval_33_5_DP_OP_56J28_127_8300_J28_0_1
core16_1/core4_6/interp             2057.9580      0.3       0.7560    235.8720  0.0000  Interpolation_36
core16_1/core4_6/interp/interp      1821.3300      0.3       0.2520      0.0000  0.0000  InterpolationComb_36
core16_1/core4_6/interp/interp/DP_OP_106J27_122_4702   1821.0780     0.3   1821.0780     0.0000 0.0000 InterpolationComb_0_DP_OP_106J27_122_4702_J27_0_15
core16_1/core4_6/mult_x_1            770.7420      0.1     770.7420      0.0000  0.0000  core4_35_DW_mult_uns_J32_3_0
core16_1/core4_6/mult_x_2            870.6600      0.1     870.6600      0.0000  0.0000  core4_35_DW_mult_uns_J32_2_0
core16_1/core4_6/mult_x_3            886.2840      0.1     886.2840      0.0000  0.0000  core4_35_DW_mult_tc_J32_2_0
core16_1/core4_6/mult_x_4            877.9680      0.1     877.9680      0.0000  0.0000  core4_35_DW_mult_tc_J32_1_0
core16_1/core4_6/mult_x_5            898.1280      0.1     898.1280      0.0000  0.0000  core4_35_DW_mult_uns_J32_1_0
core16_1/core4_6/mult_x_6            919.6740      0.1     919.6740      0.0000  0.0000  core4_35_DW_mult_tc_J32_0_0
core16_1/core4_6/mult_x_7            770.7420      0.1     770.7420      0.0000  0.0000  core4_35_DW_mult_uns_J32_0_0
core16_1/evalA                       738.1080      0.1      26.4600      0.0000  0.0000  Eval_32_72
core16_1/evalA/DP_OP_54J27_126_7038    189.8820     0.0    189.8820      0.0000  0.0000  Eval_32_69_DP_OP_54J27_126_7038_J27_0_3
core16_1/evalA/DP_OP_55J27_127_8376    261.3240     0.0    261.3240      0.0000  0.0000  Eval_32_69_DP_OP_55J27_127_8376_J27_0_3
core16_1/evalA/DP_OP_56J27_128_6512    260.4420     0.0    260.4420      0.0000  0.0000  Eval_32_69_DP_OP_56J27_128_6512_J27_0_3
core16_1/evalA_1                     733.9500      0.1      22.3020      0.0000  0.0000  Eval_32_71
core16_1/evalA_1/DP_OP_54J27_126_7038    189.8820     0.0    189.8820     0.0000 0.0000  Eval_32_69_DP_OP_54J27_126_7038_J27_0_2
core16_1/evalA_1/DP_OP_55J27_127_8376    261.3240     0.0    261.3240     0.0000 0.0000  Eval_32_69_DP_OP_55J27_127_8376_J27_0_2
core16_1/evalA_1/DP_OP_56J27_128_6512    260.4420     0.0    260.4420     0.0000 0.0000  Eval_32_69_DP_OP_56J27_128_6512_J27_0_2
core16_1/evalA_2                     733.9500      0.1      22.3020      0.0000  0.0000  Eval_32_70
core16_1/evalA_2/DP_OP_54J27_126_7038    189.8820     0.0    189.8820     0.0000 0.0000  Eval_32_69_DP_OP_54J27_126_7038_J27_0_1
core16_1/evalA_2/DP_OP_55J27_127_8376    261.3240     0.0    261.3240     0.0000 0.0000  Eval_32_69_DP_OP_55J27_127_8376_J27_0_1
core16_1/evalA_2/DP_OP_56J27_128_6512    260.4420     0.0    260.4420     0.0000 0.0000  Eval_32_69_DP_OP_56J27_128_6512_J27_0_1
core16_1/evalA_3                     738.1080      0.1      26.4600      0.0000  0.0000  Eval_32_69
core16_1/evalA_3/DP_OP_54J27_126_7038    189.8820     0.0    189.8820     0.0000 0.0000  Eval_32_69_DP_OP_54J27_126_7038_J27_0_0
core16_1/evalA_3/DP_OP_55J27_127_8376    261.3240     0.0    261.3240     0.0000 0.0000  Eval_32_69_DP_OP_55J27_127_8376_J27_0_0
core16_1/evalA_3/DP_OP_56J27_128_6512    260.4420     0.0    260.4420     0.0000 0.0000  Eval_32_69_DP_OP_56J27_128_6512_J27_0_0
core16_1/evalB                       548.9820      0.1      17.8920      0.0000  0.0000  Eval_33_72
core16_1/evalB/DP_OP_54J26_129_7985    145.1520     0.0    145.1520      0.0000  0.0000  Eval_33_69_DP_OP_54J26_129_7985_J26_0_3
core16_1/evalB/DP_OP_55J26_130_688    192.2760     0.0     192.2760      0.0000  0.0000  Eval_33_69_DP_OP_55J26_130_688_J26_0_3
core16_1/evalB/DP_OP_56J26_131_8364    193.6620     0.0    193.6620      0.0000  0.0000  Eval_33_69_DP_OP_56J26_131_8364_J26_0_3
core16_1/evalB_1                     550.3680      0.1      16.2540      0.0000  0.0000  Eval_33_71
core16_1/evalB_1/DP_OP_54J26_129_7985    144.2700     0.0    144.2700     0.0000 0.0000  Eval_33_69_DP_OP_54J26_129_7985_J26_0_2
core16_1/evalB_1/DP_OP_55J26_130_688    193.9140     0.0    193.9140     0.0000  0.0000  Eval_33_69_DP_OP_55J26_130_688_J26_0_2
core16_1/evalB_1/DP_OP_56J26_131_8364    195.9300     0.0    195.9300     0.0000 0.0000  Eval_33_69_DP_OP_56J26_131_8364_J26_0_2
core16_1/evalB_2                     547.0920      0.1      16.2540      0.0000  0.0000  Eval_33_70
core16_1/evalB_2/DP_OP_54J26_129_7985    144.2700     0.0    144.2700     0.0000 0.0000  Eval_33_69_DP_OP_54J26_129_7985_J26_0_1
core16_1/evalB_2/DP_OP_55J26_130_688    193.5360     0.0    193.5360     0.0000  0.0000  Eval_33_69_DP_OP_55J26_130_688_J26_0_1
core16_1/evalB_2/DP_OP_56J26_131_8364    193.0320     0.0    193.0320     0.0000 0.0000  Eval_33_69_DP_OP_56J26_131_8364_J26_0_1
core16_1/evalB_3                     550.8720      0.1      17.8920      0.0000  0.0000  Eval_33_69
core16_1/evalB_3/DP_OP_54J26_129_7985    145.7820     0.0    145.7820     0.0000 0.0000  Eval_33_69_DP_OP_54J26_129_7985_J26_0_0
core16_1/evalB_3/DP_OP_55J26_130_688    194.7960     0.0    194.7960     0.0000  0.0000  Eval_33_69_DP_OP_55J26_130_688_J26_0_0
core16_1/evalB_3/DP_OP_56J26_131_8364    192.4020     0.0    192.4020     0.0000 0.0000  Eval_33_69_DP_OP_56J26_131_8364_J26_0_0
core16_1/interp                     7638.6239      1.2       0.7560    840.6720  0.0000  Interpolation_7_5
core16_1/interp/interp              6797.1959      1.1       0.2520      0.0000  0.0000  InterpolationComb_7_5
core16_1/interp/interp/DP_OP_421J12_122_2675   6796.9439     1.1   6796.9439     0.0000 0.0000 InterpolationComb_7_0_DP_OP_421J12_122_2675_J12_0_1
core16_2                           83394.6110     12.9       2.0160   1671.2640  0.0000  core16_4
core16_2/core4_0                    9213.2459      1.4       1.0080    461.5380  0.0000  core4_34
core16_2/core4_0/evalA               666.1620      0.1      20.0340      0.0000  0.0000  Eval_32_34
core16_2/core4_0/evalA/DP_OP_54J15_122_624    173.1240     0.0    173.1240     0.0000 0.0000 Eval_32_28_DP_OP_54J15_122_624_J15_0_1
core16_2/core4_0/evalA/DP_OP_55J15_123_8269    233.4780     0.0    233.4780     0.0000 0.0000 Eval_32_28_DP_OP_55J15_123_8269_J15_0_1
core16_2/core4_0/evalA/DP_OP_56J15_124_614    239.5260     0.0    239.5260     0.0000 0.0000 Eval_32_28_DP_OP_56J15_124_614_J15_0_1
core16_2/core4_0/evalB               472.5000      0.1      15.3720      0.0000  0.0000  Eval_33_34
core16_2/core4_0/evalB/DP_OP_54J19_125_6887    121.7160     0.0    121.7160     0.0000 0.0000 Eval_33_28_DP_OP_54J19_125_6887_J19_0_1
core16_2/core4_0/evalB/DP_OP_55J19_126_5906    164.4300     0.0    164.4300     0.0000 0.0000 Eval_33_28_DP_OP_55J19_126_5906_J19_0_1
core16_2/core4_0/evalB/DP_OP_56J19_127_896    170.9820     0.0    170.9820     0.0000 0.0000 Eval_33_28_DP_OP_56J19_127_896_J19_0_1
core16_2/core4_0/interp             2057.9580      0.3       0.7560    235.8720  0.0000  Interpolation_35
core16_2/core4_0/interp/interp      1821.3300      0.3       0.2520      0.0000  0.0000  InterpolationComb_35
core16_2/core4_0/interp/interp/DP_OP_106J27_122_4702   1821.0780     0.3   1821.0780     0.0000 0.0000 InterpolationComb_0_DP_OP_106J27_122_4702_J27_0_14
core16_2/core4_0/mult_x_1            711.9000      0.1     711.9000      0.0000  0.0000  core4_28_DW_mult_uns_J16_3_1
core16_2/core4_0/mult_x_2            837.5220      0.1     837.5220      0.0000  0.0000  core4_28_DW_mult_uns_J16_2_1
core16_2/core4_0/mult_x_3            775.9080      0.1     775.9080      0.0000  0.0000  core4_28_DW_mult_tc_J16_2_1
core16_2/core4_0/mult_x_4            808.6680      0.1     808.6680      0.0000  0.0000  core4_28_DW_mult_tc_J16_1_1
core16_2/core4_0/mult_x_5            840.4200      0.1     840.4200      0.0000  0.0000  core4_28_DW_mult_uns_J16_1_1
core16_2/core4_0/mult_x_6            867.7620      0.1     867.7620      0.0000  0.0000  core4_28_DW_mult_tc_J16_0_1
core16_2/core4_0/mult_x_7            711.9000      0.1     711.9000      0.0000  0.0000  core4_28_DW_mult_uns_J16_0_1
core16_2/core4_1                   10133.4239      1.6       1.0080    461.6640  0.0000  core4_33
core16_2/core4_1/evalA               765.1980      0.1      23.9400      0.0000  0.0000  Eval_32_33
core16_2/core4_1/evalA/DP_OP_55J26_123_7806    195.6780     0.0    195.6780     0.0000 0.0000 Eval_32_33_DP_OP_55J26_123_7806_J26_0
core16_2/core4_1/evalA/DP_OP_56J26_124_3700    276.3180     0.0    276.3180     0.0000 0.0000 Eval_32_33_DP_OP_56J26_124_3700_J26_0
core16_2/core4_1/evalA/DP_OP_57J26_125_9859    269.2620     0.0    269.2620     0.0000 0.0000 Eval_32_33_DP_OP_57J26_125_9859_J26_0
core16_2/core4_1/evalB               597.6180      0.1      18.6480      0.0000  0.0000  Eval_33_33
core16_2/core4_1/evalB/DP_OP_54J19_122_3883    156.6180     0.0    156.6180     0.0000 0.0000 Eval_33_33_DP_OP_54J19_122_3883_J19_0
core16_2/core4_1/evalB/DP_OP_55J19_123_5257    210.9240     0.0    210.9240     0.0000 0.0000 Eval_33_33_DP_OP_55J19_123_5257_J19_0
core16_2/core4_1/evalB/DP_OP_56J19_124_1522    211.4280     0.0    211.4280     0.0000 0.0000 Eval_33_33_DP_OP_56J19_124_1522_J19_0
core16_2/core4_1/interp             2056.5720      0.3       0.7560    235.8720  0.0000  Interpolation_34
core16_2/core4_1/interp/interp      1819.9440      0.3       0.2520      0.0000  0.0000  InterpolationComb_34
core16_2/core4_1/interp/interp/DP_OP_106J27_122_4702   1819.6920     0.3   1819.6920     0.0000 0.0000 InterpolationComb_0_DP_OP_106J27_122_4702_J27_0_13
core16_2/core4_1/mult_x_1            841.1760      0.1     841.1760      0.0000  0.0000  core4_33_DW_mult_uns_J29_1
core16_2/core4_1/mult_x_2            887.0400      0.1     887.0400      0.0000  0.0000  core4_33_DW_mult_tc_J29_4
core16_2/core4_1/mult_x_3            899.0100      0.1     899.0100      0.0000  0.0000  core4_33_DW_mult_tc_J29_3
core16_2/core4_1/mult_x_4            913.5000      0.1     913.5000      0.0000  0.0000  core4_33_DW_mult_tc_J29_2
core16_2/core4_1/mult_x_5            930.3840      0.1     930.3840      0.0000  0.0000  core4_33_DW_mult_tc_J29_1
core16_2/core4_1/mult_x_6            942.7320      0.1     942.7320      0.0000  0.0000  core4_33_DW_mult_tc_J29_0
core16_2/core4_1/mult_x_7            837.5220      0.1     837.5220      0.0000  0.0000  core4_33_DW_mult_uns_J29_0
core16_2/core4_2                    9661.9319      1.5       1.0080    461.1600  0.0000  core4_32
core16_2/core4_2/evalA               708.6240      0.1      21.6720      0.0000  0.0000  Eval_32_32
core16_2/core4_2/evalA/DP_OP_53J27_123_8507    182.1960     0.0    182.1960     0.0000 0.0000 Eval_32_1_DP_OP_53J27_123_8507_J27_0_24
core16_2/core4_2/evalA/DP_OP_54J27_124_3738    249.9840     0.0    249.9840     0.0000 0.0000 Eval_32_1_DP_OP_54J27_124_3738_J27_0_24
core16_2/core4_2/evalA/DP_OP_55J27_125_1305    254.7720     0.0    254.7720     0.0000 0.0000 Eval_32_1_DP_OP_55J27_125_1305_J27_0_24
core16_2/core4_2/evalB               515.2140      0.1      16.1280      0.0000  0.0000  Eval_33_32
core16_2/core4_2/evalB/DP_OP_53J23_122_8097    130.7880     0.0    130.7880     0.0000 0.0000 Eval_33_1_DP_OP_53J23_122_8097_J23_0_22
core16_2/core4_2/evalB/DP_OP_54J23_123_1200    180.4320     0.0    180.4320     0.0000 0.0000 Eval_33_1_DP_OP_54J23_123_1200_J23_0_22
core16_2/core4_2/evalB/DP_OP_55J23_124_5184    187.8660     0.0    187.8660     0.0000 0.0000 Eval_33_1_DP_OP_55J23_124_5184_J23_0_22
core16_2/core4_2/interp             2150.4420      0.3       0.7560    243.9360  0.0000  Interpolation_33
core16_2/core4_2/interp/interp      1905.7500      0.3       0.2520      0.0000  0.0000  InterpolationComb_33
core16_2/core4_2/interp/interp/DP_OP_106J26_122_5351   1905.4980     0.3   1905.4980     0.0000 0.0000 InterpolationComb_1_DP_OP_106J26_122_5351_J26_0_19
core16_2/core4_2/mult_x_1            748.0620      0.1     748.0620      0.0000  0.0000  core4_1_DW_mult_tc_J18_6_16
core16_2/core4_2/mult_x_2            846.5940      0.1     846.5940      0.0000  0.0000  core4_1_DW_mult_tc_J18_5_16
core16_2/core4_2/mult_x_3            828.7020      0.1     828.7020      0.0000  0.0000  core4_1_DW_mult_tc_J18_4_16
core16_2/core4_2/mult_x_4            862.0920      0.1     862.0920      0.0000  0.0000  core4_1_DW_mult_tc_J18_3_16
core16_2/core4_2/mult_x_5            883.8900      0.1     883.8900      0.0000  0.0000  core4_1_DW_mult_tc_J18_2_16
core16_2/core4_2/mult_x_6            908.0820      0.1     908.0820      0.0000  0.0000  core4_1_DW_mult_tc_J18_1_16
core16_2/core4_2/mult_x_7            748.0620      0.1     748.0620      0.0000  0.0000  core4_1_DW_mult_tc_J18_0_16
core16_2/core4_3                   10312.0919      1.6       0.7560    461.2860  0.0000  core4_31
core16_2/core4_3/evalA               780.5700      0.1      25.2000      0.0000  0.0000  Eval_32_31
core16_2/core4_3/evalA/DP_OP_53J27_123_8507    196.9380     0.0    196.9380     0.0000 0.0000 Eval_32_1_DP_OP_53J27_123_8507_J27_0_23
core16_2/core4_3/evalA/DP_OP_54J27_124_3738    285.8940     0.0    285.8940     0.0000 0.0000 Eval_32_1_DP_OP_54J27_124_3738_J27_0_23
core16_2/core4_3/evalA/DP_OP_55J27_125_1305    272.5380     0.0    272.5380     0.0000 0.0000 Eval_32_1_DP_OP_55J27_125_1305_J27_0_23
core16_2/core4_3/evalB               686.7000      0.1      22.6800      0.0000  0.0000  Eval_33_31
core16_2/core4_3/evalB/DP_OP_53J23_122_8097    171.9900     0.0    171.9900     0.0000 0.0000 Eval_33_1_DP_OP_53J23_122_8097_J23_0_21
core16_2/core4_3/evalB/DP_OP_54J23_123_1200    252.1260     0.0    252.1260     0.0000 0.0000 Eval_33_1_DP_OP_54J23_123_1200_J23_0_21
core16_2/core4_3/evalB/DP_OP_55J23_124_5184    239.9040     0.0    239.9040     0.0000 0.0000 Eval_33_1_DP_OP_55J23_124_5184_J23_0_21
core16_2/core4_3/interp             2150.4420      0.3       0.7560    243.9360  0.0000  Interpolation_32
core16_2/core4_3/interp/interp      1905.7500      0.3       0.2520      0.0000  0.0000  InterpolationComb_32
core16_2/core4_3/interp/interp/DP_OP_106J26_122_5351   1905.4980     0.3   1905.4980     0.0000 0.0000 InterpolationComb_1_DP_OP_106J26_122_5351_J26_0_18
core16_2/core4_3/mult_x_1            777.1680      0.1     777.1680      0.0000  0.0000  core4_1_DW_mult_tc_J18_6_15
core16_2/core4_3/mult_x_2            900.6480      0.1     900.6480      0.0000  0.0000  core4_1_DW_mult_tc_J18_5_15
core16_2/core4_3/mult_x_3            945.7560      0.1     945.7560      0.0000  0.0000  core4_1_DW_mult_tc_J18_4_15
core16_2/core4_3/mult_x_4            941.9760      0.1     941.9760      0.0000  0.0000  core4_1_DW_mult_tc_J18_3_15
core16_2/core4_3/mult_x_5            946.2600      0.1     946.2600      0.0000  0.0000  core4_1_DW_mult_tc_J18_2_15
core16_2/core4_3/mult_x_6            943.3620      0.1     943.3620      0.0000  0.0000  core4_1_DW_mult_tc_J18_1_15
core16_2/core4_3/mult_x_7            777.1680      0.1     777.1680      0.0000  0.0000  core4_1_DW_mult_tc_J18_0_15
core16_2/core4_4                   10148.5439      1.6       1.0080    461.1600  0.0000  core4_30
core16_2/core4_4/evalA               764.5680      0.1      23.8140      0.0000  0.0000  Eval_32_30
core16_2/core4_4/evalA/DP_OP_54J28_122_594    194.6700     0.0    194.6700     0.0000 0.0000 Eval_32_30_DP_OP_54J28_122_594_J28_0
core16_2/core4_4/evalA/DP_OP_55J28_123_9137    275.6880     0.0    275.6880     0.0000 0.0000 Eval_32_30_DP_OP_55J28_123_9137_J28_0
core16_2/core4_4/evalA/DP_OP_56J28_124_1306    270.3960     0.0    270.3960     0.0000 0.0000 Eval_32_30_DP_OP_56J28_124_1306_J28_0
core16_2/core4_4/evalB               594.8460      0.1      18.6480      0.0000  0.0000  Eval_33_30
core16_2/core4_4/evalB/DP_OP_54J18_122_5297    156.9960     0.0    156.9960     0.0000 0.0000 Eval_33_30_DP_OP_54J18_122_5297_J18_0
core16_2/core4_4/evalB/DP_OP_55J18_123_4277    206.6400     0.0    206.6400     0.0000 0.0000 Eval_33_30_DP_OP_55J18_123_4277_J18_0
core16_2/core4_4/evalB/DP_OP_56J18_124_7329    212.5620     0.0    212.5620     0.0000 0.0000 Eval_33_30_DP_OP_56J18_124_7329_J18_0
core16_2/core4_4/interp             2150.4420      0.3       0.7560    243.9360  0.0000  Interpolation_31
core16_2/core4_4/interp/interp      1905.7500      0.3       0.2520      0.0000  0.0000  InterpolationComb_31
core16_2/core4_4/interp/interp/DP_OP_106J26_122_5351   1905.4980     0.3   1905.4980     0.0000 0.0000 InterpolationComb_1_DP_OP_106J26_122_5351_J26_0_17
core16_2/core4_4/mult_x_1            808.5420      0.1     808.5420      0.0000  0.0000  core4_30_DW_mult_uns_J30_2
core16_2/core4_4/mult_x_2            896.1120      0.1     896.1120      0.0000  0.0000  core4_30_DW_mult_tc_J30_3
core16_2/core4_4/mult_x_3            888.4260      0.1     888.4260      0.0000  0.0000  core4_30_DW_mult_tc_J30_2
core16_2/core4_4/mult_x_4            907.5780      0.1     907.5780      0.0000  0.0000  core4_30_DW_mult_tc_J30_1
core16_2/core4_4/mult_x_5            927.6120      0.1     927.6120      0.0000  0.0000  core4_30_DW_mult_uns_J30_1
core16_2/core4_4/mult_x_6            939.7080      0.1     939.7080      0.0000  0.0000  core4_30_DW_mult_tc_J30_0
core16_2/core4_4/mult_x_7            808.5420      0.1     808.5420      0.0000  0.0000  core4_30_DW_mult_uns_J30_0
core16_2/core4_5                   10401.5519      1.6       0.7560    461.5380  0.0000  core4_29
core16_2/core4_5/evalA               780.8220      0.1      25.3260      0.0000  0.0000  Eval_32_29
core16_2/core4_5/evalA/DP_OP_53J27_123_8507    196.9380     0.0    196.9380     0.0000 0.0000 Eval_32_1_DP_OP_53J27_123_8507_J27_0_22
core16_2/core4_5/evalA/DP_OP_54J27_124_3738    285.8940     0.0    285.8940     0.0000 0.0000 Eval_32_1_DP_OP_54J27_124_3738_J27_0_22
core16_2/core4_5/evalA/DP_OP_55J27_125_1305    272.6640     0.0    272.6640     0.0000 0.0000 Eval_32_1_DP_OP_55J27_125_1305_J27_0_22
core16_2/core4_5/evalB               682.2900      0.1      23.1840      0.0000  0.0000  Eval_33_29
core16_2/core4_5/evalB/DP_OP_53J23_122_8097    171.2340     0.0    171.2340     0.0000 0.0000 Eval_33_1_DP_OP_53J23_122_8097_J23_0_20
core16_2/core4_5/evalB/DP_OP_54J23_123_1200    250.6140     0.0    250.6140     0.0000 0.0000 Eval_33_1_DP_OP_54J23_123_1200_J23_0_20
core16_2/core4_5/evalB/DP_OP_55J23_124_5184    237.2580     0.0    237.2580     0.0000 0.0000 Eval_33_1_DP_OP_55J23_124_5184_J23_0_20
core16_2/core4_5/interp             2150.4420      0.3       0.7560    243.9360  0.0000  Interpolation_30
core16_2/core4_5/interp/interp      1905.7500      0.3       0.2520      0.0000  0.0000  InterpolationComb_30
core16_2/core4_5/interp/interp/DP_OP_106J26_122_5351   1905.4980     0.3   1905.4980     0.0000 0.0000 InterpolationComb_1_DP_OP_106J26_122_5351_J26_0_16
core16_2/core4_5/mult_x_1            829.2060      0.1     829.2060      0.0000  0.0000  core4_1_DW_mult_tc_J18_6_14
core16_2/core4_5/mult_x_2            896.3640      0.1     896.3640      0.0000  0.0000  core4_1_DW_mult_tc_J18_5_14
core16_2/core4_5/mult_x_3            941.9760      0.1     941.9760      0.0000  0.0000  core4_1_DW_mult_tc_J18_4_14
core16_2/core4_5/mult_x_4            943.8660      0.1     943.8660      0.0000  0.0000  core4_1_DW_mult_tc_J18_3_14
core16_2/core4_5/mult_x_5            941.9760      0.1     941.9760      0.0000  0.0000  core4_1_DW_mult_tc_J18_2_14
core16_2/core4_5/mult_x_6            943.3620      0.1     943.3620      0.0000  0.0000  core4_1_DW_mult_tc_J18_1_14
core16_2/core4_5/mult_x_7            828.9540      0.1     828.9540      0.0000  0.0000  core4_1_DW_mult_tc_J18_0_14
core16_2/core4_6                    9207.9539      1.4       1.0080    461.4120  0.0000  core4_28
core16_2/core4_6/evalA               666.1620      0.1      20.1600      0.0000  0.0000  Eval_32_28
core16_2/core4_6/evalA/DP_OP_54J15_122_624    173.1240     0.0    173.1240     0.0000 0.0000 Eval_32_28_DP_OP_54J15_122_624_J15_0_0
core16_2/core4_6/evalA/DP_OP_55J15_123_8269    233.4780     0.0    233.4780     0.0000 0.0000 Eval_32_28_DP_OP_55J15_123_8269_J15_0_0
core16_2/core4_6/evalA/DP_OP_56J15_124_614    239.4000     0.0    239.4000     0.0000 0.0000 Eval_32_28_DP_OP_56J15_124_614_J15_0_0
core16_2/core4_6/evalB               472.5000      0.1      15.3720      0.0000  0.0000  Eval_33_28
core16_2/core4_6/evalB/DP_OP_54J19_125_6887    121.7160     0.0    121.7160     0.0000 0.0000 Eval_33_28_DP_OP_54J19_125_6887_J19_0_0
core16_2/core4_6/evalB/DP_OP_55J19_126_5906    165.0600     0.0    165.0600     0.0000 0.0000 Eval_33_28_DP_OP_55J19_126_5906_J19_0_0
core16_2/core4_6/evalB/DP_OP_56J19_127_896    170.3520     0.0    170.3520     0.0000 0.0000 Eval_33_28_DP_OP_56J19_127_896_J19_0_0
core16_2/core4_6/interp             2056.9500      0.3       0.7560    235.8720  0.0000  Interpolation_29
core16_2/core4_6/interp/interp      1820.3220      0.3       0.2520      0.0000  0.0000  InterpolationComb_29
core16_2/core4_6/interp/interp/DP_OP_106J27_122_4702   1820.0700     0.3   1820.0700     0.0000 0.0000 InterpolationComb_0_DP_OP_106J27_122_4702_J27_0_12
core16_2/core4_6/mult_x_1            711.9000      0.1     711.9000      0.0000  0.0000  core4_28_DW_mult_uns_J16_3_0
core16_2/core4_6/mult_x_2            837.5220      0.1     837.5220      0.0000  0.0000  core4_28_DW_mult_uns_J16_2_0
core16_2/core4_6/mult_x_3            774.3960      0.1     774.3960      0.0000  0.0000  core4_28_DW_mult_tc_J16_2_0
core16_2/core4_6/mult_x_4            808.6680      0.1     808.6680      0.0000  0.0000  core4_28_DW_mult_tc_J16_1_0
core16_2/core4_6/mult_x_5            839.9160      0.1     839.9160      0.0000  0.0000  core4_28_DW_mult_uns_J16_1_0
core16_2/core4_6/mult_x_6            865.6200      0.1     865.6200      0.0000  0.0000  core4_28_DW_mult_tc_J16_0_0
core16_2/core4_6/mult_x_7            711.9000      0.1     711.9000      0.0000  0.0000  core4_28_DW_mult_uns_J16_0_0
core16_2/evalA                       666.1620      0.1      20.1600      0.0000  0.0000  Eval_32_68
core16_2/evalA/DP_OP_54J16_122_4589    173.1240     0.0    173.1240      0.0000  0.0000  Eval_32_65_DP_OP_54J16_122_4589_J16_0_3
core16_2/evalA/DP_OP_55J16_123_1041    233.4780     0.0    233.4780      0.0000  0.0000  Eval_32_65_DP_OP_55J16_123_1041_J16_0_3
core16_2/evalA/DP_OP_56J16_124_6512    239.4000     0.0    239.4000      0.0000  0.0000  Eval_32_65_DP_OP_56J16_124_6512_J16_0_3
core16_2/evalA_1                     666.0360      0.1      19.9080      0.0000  0.0000  Eval_32_67
core16_2/evalA_1/DP_OP_54J16_122_4589    173.1240     0.0    173.1240     0.0000 0.0000  Eval_32_65_DP_OP_54J16_122_4589_J16_0_2
core16_2/evalA_1/DP_OP_55J16_123_1041    233.4780     0.0    233.4780     0.0000 0.0000  Eval_32_65_DP_OP_55J16_123_1041_J16_0_2
core16_2/evalA_1/DP_OP_56J16_124_6512    239.5260     0.0    239.5260     0.0000 0.0000  Eval_32_65_DP_OP_56J16_124_6512_J16_0_2
core16_2/evalA_2                     666.0360      0.1      19.9080      0.0000  0.0000  Eval_32_66
core16_2/evalA_2/DP_OP_54J16_122_4589    173.1240     0.0    173.1240     0.0000 0.0000  Eval_32_65_DP_OP_54J16_122_4589_J16_0_1
core16_2/evalA_2/DP_OP_55J16_123_1041    233.4780     0.0    233.4780     0.0000 0.0000  Eval_32_65_DP_OP_55J16_123_1041_J16_0_1
core16_2/evalA_2/DP_OP_56J16_124_6512    239.5260     0.0    239.5260     0.0000 0.0000  Eval_32_65_DP_OP_56J16_124_6512_J16_0_1
core16_2/evalA_3                     666.1620      0.1      20.0340      0.0000  0.0000  Eval_32_65
core16_2/evalA_3/DP_OP_54J16_122_4589    173.1240     0.0    173.1240     0.0000 0.0000  Eval_32_65_DP_OP_54J16_122_4589_J16_0_0
core16_2/evalA_3/DP_OP_55J16_123_1041    233.4780     0.0    233.4780     0.0000 0.0000  Eval_32_65_DP_OP_55J16_123_1041_J16_0_0
core16_2/evalA_3/DP_OP_56J16_124_6512    239.5260     0.0    239.5260     0.0000 0.0000  Eval_32_65_DP_OP_56J16_124_6512_J16_0_0
core16_2/evalB                       471.8700      0.1      15.3720      0.0000  0.0000  Eval_33_68
core16_2/evalB/DP_OP_54J20_125_4435    121.7160     0.0    121.7160      0.0000  0.0000  Eval_33_65_DP_OP_54J20_125_4435_J20_0_3
core16_2/evalB/DP_OP_55J20_126_9602    164.4300     0.0    164.4300      0.0000  0.0000  Eval_33_65_DP_OP_55J20_126_9602_J20_0_3
core16_2/evalB/DP_OP_56J20_127_412    170.3520     0.0     170.3520      0.0000  0.0000  Eval_33_65_DP_OP_56J20_127_412_J20_0_3
core16_2/evalB_1                     474.8940      0.1      13.8600      0.0000  0.0000  Eval_33_67
core16_2/evalB_1/DP_OP_54J20_125_4435    122.3460     0.0    122.3460     0.0000 0.0000  Eval_33_65_DP_OP_54J20_125_4435_J20_0_2
core16_2/evalB_1/DP_OP_55J20_126_9602    166.8240     0.0    166.8240     0.0000 0.0000  Eval_33_65_DP_OP_55J20_126_9602_J20_0_2
core16_2/evalB_1/DP_OP_56J20_127_412    171.8640     0.0    171.8640     0.0000  0.0000  Eval_33_65_DP_OP_56J20_127_412_J20_0_2
core16_2/evalB_2                     472.7520      0.1      13.8600      0.0000  0.0000  Eval_33_66
core16_2/evalB_2/DP_OP_54J20_125_4435    121.7160     0.0    121.7160     0.0000 0.0000  Eval_33_65_DP_OP_54J20_125_4435_J20_0_1
core16_2/evalB_2/DP_OP_55J20_126_9602    167.2020     0.0    167.2020     0.0000 0.0000  Eval_33_65_DP_OP_55J20_126_9602_J20_0_1
core16_2/evalB_2/DP_OP_56J20_127_412    169.9740     0.0    169.9740     0.0000  0.0000  Eval_33_65_DP_OP_56J20_127_412_J20_0_1
core16_2/evalB_3                     475.6500      0.1      15.3720      0.0000  0.0000  Eval_33_65
core16_2/evalB_3/DP_OP_54J20_125_4435    122.3460     0.0    122.3460     0.0000 0.0000  Eval_33_65_DP_OP_54J20_125_4435_J20_0_0
core16_2/evalB_3/DP_OP_55J20_126_9602    166.0680     0.0    166.0680     0.0000 0.0000  Eval_33_65_DP_OP_55J20_126_9602_J20_0_0
core16_2/evalB_3/DP_OP_56J20_127_412    171.8640     0.0    171.8640     0.0000  0.0000  Eval_33_65_DP_OP_56J20_127_412_J20_0_0
core16_2/interp                     8083.0259      1.3       0.7560    872.9280  0.0000  Interpolation_7_4
core16_2/interp/interp              7209.3419      1.1       0.2520      0.0000  0.0000  InterpolationComb_7_4
core16_2/interp/interp/DP_OP_421J11_122_5430   7209.0899     1.1   7209.0899     0.0000 0.0000 InterpolationComb_7_1_DP_OP_421J11_122_5430_J11_0_3
core16_3                           88441.7929     13.7       2.0160   1671.2640  0.0000  core16_3
core16_3/core4_0                   10098.5219      1.6       0.7560    461.1600  0.0000  core4_27
core16_3/core4_0/evalA               783.5940      0.1      28.2240      0.0000  0.0000  Eval_32_27
core16_3/core4_0/evalA/DP_OP_53J27_123_8507    196.9380     0.0    196.9380     0.0000 0.0000 Eval_32_1_DP_OP_53J27_123_8507_J27_0_21
core16_3/core4_0/evalA/DP_OP_54J27_124_3738    285.8940     0.0    285.8940     0.0000 0.0000 Eval_32_1_DP_OP_54J27_124_3738_J27_0_21
core16_3/core4_0/evalA/DP_OP_55J27_125_1305    272.5380     0.0    272.5380     0.0000 0.0000 Eval_32_1_DP_OP_55J27_125_1305_J27_0_21
core16_3/core4_0/evalB               682.1640      0.1      22.4280      0.0000  0.0000  Eval_33_27
core16_3/core4_0/evalB/DP_OP_53J23_122_8097    171.2340     0.0    171.2340     0.0000 0.0000 Eval_33_1_DP_OP_53J23_122_8097_J23_0_19
core16_3/core4_0/evalB/DP_OP_54J23_123_1200    251.2440     0.0    251.2440     0.0000 0.0000 Eval_33_1_DP_OP_54J23_123_1200_J23_0_19
core16_3/core4_0/evalB/DP_OP_55J23_124_5184    237.2580     0.0    237.2580     0.0000 0.0000 Eval_33_1_DP_OP_55J23_124_5184_J23_0_19
core16_3/core4_0/interp             2057.5800      0.3       0.7560    235.8720  0.0000  Interpolation_28
core16_3/core4_0/interp/interp      1820.9520      0.3       0.2520      0.0000  0.0000  InterpolationComb_28
core16_3/core4_0/interp/interp/DP_OP_106J27_122_4702   1820.7000     0.3   1820.7000     0.0000 0.0000 InterpolationComb_0_DP_OP_106J27_122_4702_J27_0_11
core16_3/core4_0/mult_x_1            724.5000      0.1     724.5000      0.0000  0.0000  core4_7_DW_mult_tc_J19_6_5
core16_3/core4_0/mult_x_2            896.3640      0.1     896.3640      0.0000  0.0000  core4_7_DW_mult_tc_J19_5_5
core16_3/core4_0/mult_x_3            941.9760      0.1     941.9760      0.0000  0.0000  core4_7_DW_mult_tc_J19_4_5
core16_3/core4_0/mult_x_4            941.9760      0.1     941.9760      0.0000  0.0000  core4_7_DW_mult_tc_J19_3_5
core16_3/core4_0/mult_x_5            941.9760      0.1     941.9760      0.0000  0.0000  core4_7_DW_mult_tc_J19_2_5
core16_3/core4_0/mult_x_6            941.9760      0.1     941.9760      0.0000  0.0000  core4_7_DW_mult_tc_J19_1_5
core16_3/core4_0/mult_x_7            724.5000      0.1     724.5000      0.0000  0.0000  core4_7_DW_mult_tc_J19_0_5
core16_3/core4_1                   10450.6919      1.6       0.7560    461.4120  0.0000  core4_26
core16_3/core4_1/evalA               780.6960      0.1      25.3260      0.0000  0.0000  Eval_32_26
core16_3/core4_1/evalA/DP_OP_53J27_123_8507    196.9380     0.0    196.9380     0.0000 0.0000 Eval_32_1_DP_OP_53J27_123_8507_J27_0_20
core16_3/core4_1/evalA/DP_OP_54J27_124_3738    285.8940     0.0    285.8940     0.0000 0.0000 Eval_32_1_DP_OP_54J27_124_3738_J27_0_20
core16_3/core4_1/evalA/DP_OP_55J27_125_1305    272.5380     0.0    272.5380     0.0000 0.0000 Eval_32_1_DP_OP_55J27_125_1305_J27_0_20
core16_3/core4_1/evalB               687.4560      0.1      23.0580      0.0000  0.0000  Eval_33_26
core16_3/core4_1/evalB/DP_OP_53J23_122_8097    171.2340     0.0    171.2340     0.0000 0.0000 Eval_33_1_DP_OP_53J23_122_8097_J23_0_18
core16_3/core4_1/evalB/DP_OP_54J23_123_1200    253.6380     0.0    253.6380     0.0000 0.0000 Eval_33_1_DP_OP_54J23_123_1200_J23_0_18
core16_3/core4_1/evalB/DP_OP_55J23_124_5184    239.5260     0.0    239.5260     0.0000 0.0000 Eval_33_1_DP_OP_55J23_124_5184_J23_0_18
core16_3/core4_1/interp             2057.9580      0.3       0.7560    235.8720  0.0000  Interpolation_27
core16_3/core4_1/interp/interp      1821.3300      0.3       0.2520      0.0000  0.0000  InterpolationComb_27
core16_3/core4_1/interp/interp/DP_OP_106J27_122_4702   1821.0780     0.3   1821.0780     0.0000 0.0000 InterpolationComb_0_DP_OP_106J27_122_4702_J27_0_10
core16_3/core4_1/mult_x_1            896.3640      0.1     896.3640      0.0000  0.0000  core4_7_DW_mult_tc_J19_6_4
core16_3/core4_1/mult_x_2            897.1200      0.1     897.1200      0.0000  0.0000  core4_7_DW_mult_tc_J19_5_4
core16_3/core4_1/mult_x_3            943.2360      0.1     943.2360      0.0000  0.0000  core4_7_DW_mult_tc_J19_4_4
core16_3/core4_1/mult_x_4            942.9840      0.1     942.9840      0.0000  0.0000  core4_7_DW_mult_tc_J19_3_4
core16_3/core4_1/mult_x_5            944.3700      0.1     944.3700      0.0000  0.0000  core4_7_DW_mult_tc_J19_2_4
core16_3/core4_1/mult_x_6            941.9760      0.1     941.9760      0.0000  0.0000  core4_7_DW_mult_tc_J19_1_4
core16_3/core4_1/mult_x_7            896.3640      0.1     896.3640      0.0000  0.0000  core4_7_DW_mult_tc_J19_0_4
core16_3/core4_2                   10538.2619      1.6       0.7560    461.6640  0.0000  core4_25
core16_3/core4_2/evalA               780.9480      0.1      25.5780      0.0000  0.0000  Eval_32_25
core16_3/core4_2/evalA/DP_OP_53J27_123_8507    196.9380     0.0    196.9380     0.0000 0.0000 Eval_32_1_DP_OP_53J27_123_8507_J27_0_19
core16_3/core4_2/evalA/DP_OP_54J27_124_3738    285.8940     0.0    285.8940     0.0000 0.0000 Eval_32_1_DP_OP_54J27_124_3738_J27_0_19
core16_3/core4_2/evalA/DP_OP_55J27_125_1305    272.5380     0.0    272.5380     0.0000 0.0000 Eval_32_1_DP_OP_55J27_125_1305_J27_0_19
core16_3/core4_2/evalB               683.5500      0.1      22.9320      0.0000  0.0000  Eval_33_25
core16_3/core4_2/evalB/DP_OP_53J23_122_8097    171.8640     0.0    171.8640     0.0000 0.0000 Eval_33_1_DP_OP_53J23_122_8097_J23_0_17
core16_3/core4_2/evalB/DP_OP_54J23_123_1200    250.7400     0.0    250.7400     0.0000 0.0000 Eval_33_1_DP_OP_54J23_123_1200_J23_0_17
core16_3/core4_2/evalB/DP_OP_55J23_124_5184    238.0140     0.0    238.0140     0.0000 0.0000 Eval_33_1_DP_OP_55J23_124_5184_J23_0_17
core16_3/core4_2/interp             2150.4420      0.3       0.7560    243.9360  0.0000  Interpolation_26
core16_3/core4_2/interp/interp      1905.7500      0.3       0.2520      0.0000  0.0000  InterpolationComb_26
core16_3/core4_2/interp/interp/DP_OP_106J26_122_5351   1905.4980     0.3   1905.4980     0.0000 0.0000 InterpolationComb_1_DP_OP_106J26_122_5351_J26_0_15
core16_3/core4_2/mult_x_1            896.3640      0.1     896.3640      0.0000  0.0000  core4_1_DW_mult_tc_J18_6_13
core16_3/core4_2/mult_x_2            898.1280      0.1     898.1280      0.0000  0.0000  core4_1_DW_mult_tc_J18_5_13
core16_3/core4_2/mult_x_3            941.9760      0.1     941.9760      0.0000  0.0000  core4_1_DW_mult_tc_J18_4_13
core16_3/core4_2/mult_x_4            942.1020      0.1     942.1020      0.0000  0.0000  core4_1_DW_mult_tc_J18_3_13
core16_3/core4_2/mult_x_5            943.9920      0.1     943.9920      0.0000  0.0000  core4_1_DW_mult_tc_J18_2_13
core16_3/core4_2/mult_x_6            941.9760      0.1     941.9760      0.0000  0.0000  core4_1_DW_mult_tc_J18_1_13
core16_3/core4_2/mult_x_7            896.3640      0.1     896.3640      0.0000  0.0000  core4_1_DW_mult_tc_J18_0_13
core16_3/core4_3                   10540.2779      1.6       0.7560    461.5380  0.0000  core4_24
core16_3/core4_3/evalA               780.6960      0.1      25.3260      0.0000  0.0000  Eval_32_24
core16_3/core4_3/evalA/DP_OP_53J27_123_8507    196.9380     0.0    196.9380     0.0000 0.0000 Eval_32_1_DP_OP_53J27_123_8507_J27_0_18
core16_3/core4_3/evalA/DP_OP_54J27_124_3738    285.8940     0.0    285.8940     0.0000 0.0000 Eval_32_1_DP_OP_54J27_124_3738_J27_0_18
core16_3/core4_3/evalA/DP_OP_55J27_125_1305    272.5380     0.0    272.5380     0.0000 0.0000 Eval_32_1_DP_OP_55J27_125_1305_J27_0_18
core16_3/core4_3/evalB               684.5580      0.1      22.9320      0.0000  0.0000  Eval_33_24
core16_3/core4_3/evalB/DP_OP_53J23_122_8097    173.1240     0.0    173.1240     0.0000 0.0000 Eval_33_1_DP_OP_53J23_122_8097_J23_0_16
core16_3/core4_3/evalB/DP_OP_54J23_123_1200    250.7400     0.0    250.7400     0.0000 0.0000 Eval_33_1_DP_OP_54J23_123_1200_J23_0_16
core16_3/core4_3/evalB/DP_OP_55J23_124_5184    237.7620     0.0    237.7620     0.0000 0.0000 Eval_33_1_DP_OP_55J23_124_5184_J23_0_16
core16_3/core4_3/interp             2150.4420      0.3       0.7560    243.9360  0.0000  Interpolation_25
core16_3/core4_3/interp/interp      1905.7500      0.3       0.2520      0.0000  0.0000  InterpolationComb_25
core16_3/core4_3/interp/interp/DP_OP_106J26_122_5351   1905.4980     0.3   1905.4980     0.0000 0.0000 InterpolationComb_1_DP_OP_106J26_122_5351_J26_0_14
core16_3/core4_3/mult_x_1            896.3640      0.1     896.3640      0.0000  0.0000  core4_1_DW_mult_tc_J18_6_12
core16_3/core4_3/mult_x_2            897.2460      0.1     897.2460      0.0000  0.0000  core4_1_DW_mult_tc_J18_5_12
core16_3/core4_3/mult_x_3            944.6220      0.1     944.6220      0.0000  0.0000  core4_1_DW_mult_tc_J18_4_12
core16_3/core4_3/mult_x_4            943.7400      0.1     943.7400      0.0000  0.0000  core4_1_DW_mult_tc_J18_3_12
core16_3/core4_3/mult_x_5            941.9760      0.1     941.9760      0.0000  0.0000  core4_1_DW_mult_tc_J18_2_12
core16_3/core4_3/mult_x_6            941.9760      0.1     941.9760      0.0000  0.0000  core4_1_DW_mult_tc_J18_1_12
core16_3/core4_3/mult_x_7            896.3640      0.1     896.3640      0.0000  0.0000  core4_1_DW_mult_tc_J18_0_12
core16_3/core4_4                   10543.8059      1.6       0.7560    461.6640  0.0000  core4_23
core16_3/core4_4/evalA               780.6960      0.1      25.3260      0.0000  0.0000  Eval_32_23
core16_3/core4_4/evalA/DP_OP_53J27_123_8507    196.9380     0.0    196.9380     0.0000 0.0000 Eval_32_1_DP_OP_53J27_123_8507_J27_0_17
core16_3/core4_4/evalA/DP_OP_54J27_124_3738    285.8940     0.0    285.8940     0.0000 0.0000 Eval_32_1_DP_OP_54J27_124_3738_J27_0_17
core16_3/core4_4/evalA/DP_OP_55J27_125_1305    272.5380     0.0    272.5380     0.0000 0.0000 Eval_32_1_DP_OP_55J27_125_1305_J27_0_17
core16_3/core4_4/evalB               686.4480      0.1      23.0580      0.0000  0.0000  Eval_33_23
core16_3/core4_4/evalB/DP_OP_53J23_122_8097    172.6200     0.0    172.6200     0.0000 0.0000 Eval_33_1_DP_OP_53J23_122_8097_J23_0_15
core16_3/core4_4/evalB/DP_OP_54J23_123_1200    250.6140     0.0    250.6140     0.0000 0.0000 Eval_33_1_DP_OP_54J23_123_1200_J23_0_15
core16_3/core4_4/evalB/DP_OP_55J23_124_5184    240.1560     0.0    240.1560     0.0000 0.0000 Eval_33_1_DP_OP_55J23_124_5184_J23_0_15
core16_3/core4_4/interp             2149.9380      0.3       0.7560    243.9360  0.0000  Interpolation_24
core16_3/core4_4/interp/interp      1905.2460      0.3       0.2520      0.0000  0.0000  InterpolationComb_24
core16_3/core4_4/interp/interp/DP_OP_106J26_122_5351   1904.9940     0.3   1904.9940     0.0000 0.0000 InterpolationComb_1_DP_OP_106J26_122_5351_J26_0_13
core16_3/core4_4/mult_x_1            896.3640      0.1     896.3640      0.0000  0.0000  core4_1_DW_mult_tc_J18_6_11
core16_3/core4_4/mult_x_2            899.7660      0.1     899.7660      0.0000  0.0000  core4_1_DW_mult_tc_J18_5_11
core16_3/core4_4/mult_x_3            944.8740      0.1     944.8740      0.0000  0.0000  core4_1_DW_mult_tc_J18_4_11
core16_3/core4_4/mult_x_4            942.3540      0.1     942.3540      0.0000  0.0000  core4_1_DW_mult_tc_J18_3_11
core16_3/core4_4/mult_x_5            941.9760      0.1     941.9760      0.0000  0.0000  core4_1_DW_mult_tc_J18_2_11
core16_3/core4_4/mult_x_6            942.6060      0.1     942.6060      0.0000  0.0000  core4_1_DW_mult_tc_J18_1_11
core16_3/core4_4/mult_x_7            896.3640      0.1     896.3640      0.0000  0.0000  core4_1_DW_mult_tc_J18_0_11
core16_3/core4_5                   10542.1679      1.6       0.7560    461.4120  0.0000  core4_22
core16_3/core4_5/evalA               780.6960      0.1      25.3260      0.0000  0.0000  Eval_32_22
core16_3/core4_5/evalA/DP_OP_53J27_123_8507    196.9380     0.0    196.9380     0.0000 0.0000 Eval_32_1_DP_OP_53J27_123_8507_J27_0_16
core16_3/core4_5/evalA/DP_OP_54J27_124_3738    285.8940     0.0    285.8940     0.0000 0.0000 Eval_32_1_DP_OP_54J27_124_3738_J27_0_16
core16_3/core4_5/evalA/DP_OP_55J27_125_1305    272.5380     0.0    272.5380     0.0000 0.0000 Eval_32_1_DP_OP_55J27_125_1305_J27_0_16
core16_3/core4_5/evalB               687.3300      0.1      23.0580      0.0000  0.0000  Eval_33_22
core16_3/core4_5/evalB/DP_OP_53J23_122_8097    175.6440     0.0    175.6440     0.0000 0.0000 Eval_33_1_DP_OP_53J23_122_8097_J23_0_14
core16_3/core4_5/evalB/DP_OP_54J23_123_1200    251.3700     0.0    251.3700     0.0000 0.0000 Eval_33_1_DP_OP_54J23_123_1200_J23_0_14
core16_3/core4_5/evalB/DP_OP_55J23_124_5184    237.2580     0.0    237.2580     0.0000 0.0000 Eval_33_1_DP_OP_55J23_124_5184_J23_0_14
core16_3/core4_5/interp             2150.4420      0.3       0.7560    243.9360  0.0000  Interpolation_23
core16_3/core4_5/interp/interp      1905.7500      0.3       0.2520      0.0000  0.0000  InterpolationComb_23
core16_3/core4_5/interp/interp/DP_OP_106J26_122_5351   1905.4980     0.3   1905.4980     0.0000 0.0000 InterpolationComb_1_DP_OP_106J26_122_5351_J26_0_12
core16_3/core4_5/mult_x_1            896.3640      0.1     896.3640      0.0000  0.0000  core4_1_DW_mult_tc_J18_6_10
core16_3/core4_5/mult_x_2            899.3880      0.1     899.3880      0.0000  0.0000  core4_1_DW_mult_tc_J18_5_10
core16_3/core4_5/mult_x_3            942.1020      0.1     942.1020      0.0000  0.0000  core4_1_DW_mult_tc_J18_4_10
core16_3/core4_5/mult_x_4            942.7320      0.1     942.7320      0.0000  0.0000  core4_1_DW_mult_tc_J18_3_10
core16_3/core4_5/mult_x_5            942.6060      0.1     942.6060      0.0000  0.0000  core4_1_DW_mult_tc_J18_2_10
core16_3/core4_5/mult_x_6            941.9760      0.1     941.9760      0.0000  0.0000  core4_1_DW_mult_tc_J18_1_10
core16_3/core4_5/mult_x_7            896.3640      0.1     896.3640      0.0000  0.0000  core4_1_DW_mult_tc_J18_0_10
core16_3/core4_6                   10100.7899      1.6       0.7560    461.5380  0.0000  core4_21
core16_3/core4_6/evalA               783.5940      0.1      28.2240      0.0000  0.0000  Eval_32_21
core16_3/core4_6/evalA/DP_OP_53J27_123_8507    196.9380     0.0    196.9380     0.0000 0.0000 Eval_32_1_DP_OP_53J27_123_8507_J27_0_15
core16_3/core4_6/evalA/DP_OP_54J27_124_3738    285.8940     0.0    285.8940     0.0000 0.0000 Eval_32_1_DP_OP_54J27_124_3738_J27_0_15
core16_3/core4_6/evalA/DP_OP_55J27_125_1305    272.5380     0.0    272.5380     0.0000 0.0000 Eval_32_1_DP_OP_55J27_125_1305_J27_0_15
core16_3/core4_6/evalB               681.7860      0.1      22.6800      0.0000  0.0000  Eval_33_21
core16_3/core4_6/evalB/DP_OP_53J23_122_8097    171.2340     0.0    171.2340     0.0000 0.0000 Eval_33_1_DP_OP_53J23_122_8097_J23_0_13
core16_3/core4_6/evalB/DP_OP_54J23_123_1200    250.6140     0.0    250.6140     0.0000 0.0000 Eval_33_1_DP_OP_54J23_123_1200_J23_0_13
core16_3/core4_6/evalB/DP_OP_55J23_124_5184    237.2580     0.0    237.2580     0.0000 0.0000 Eval_33_1_DP_OP_55J23_124_5184_J23_0_13
core16_3/core4_6/interp             2057.9580      0.3       0.7560    235.8720  0.0000  Interpolation_22
core16_3/core4_6/interp/interp      1821.3300      0.3       0.2520      0.0000  0.0000  InterpolationComb_22
core16_3/core4_6/interp/interp/DP_OP_106J27_122_4702   1821.0780     0.3   1821.0780     0.0000 0.0000 InterpolationComb_0_DP_OP_106J27_122_4702_J27_0_9
core16_3/core4_6/mult_x_1            724.5000      0.1     724.5000      0.0000  0.0000  core4_7_DW_mult_tc_J19_6_3
core16_3/core4_6/mult_x_2            896.3640      0.1     896.3640      0.0000  0.0000  core4_7_DW_mult_tc_J19_5_3
core16_3/core4_6/mult_x_3            943.8660      0.1     943.8660      0.0000  0.0000  core4_7_DW_mult_tc_J19_4_3
core16_3/core4_6/mult_x_4            941.9760      0.1     941.9760      0.0000  0.0000  core4_7_DW_mult_tc_J19_3_3
core16_3/core4_6/mult_x_5            941.9760      0.1     941.9760      0.0000  0.0000  core4_7_DW_mult_tc_J19_2_3
core16_3/core4_6/mult_x_6            941.9760      0.1     941.9760      0.0000  0.0000  core4_7_DW_mult_tc_J19_1_3
core16_3/core4_6/mult_x_7            724.5000      0.1     724.5000      0.0000  0.0000  core4_7_DW_mult_tc_J19_0_3
core16_3/evalA                       781.8300      0.1      26.4600      0.0000  0.0000  Eval_32_64
core16_3/evalA/DP_OP_53J27_123_8507    196.9380     0.0    196.9380      0.0000  0.0000  Eval_32_1_DP_OP_53J27_123_8507_J27_0_40
core16_3/evalA/DP_OP_54J27_124_3738    285.8940     0.0    285.8940      0.0000  0.0000  Eval_32_1_DP_OP_54J27_124_3738_J27_0_40
core16_3/evalA/DP_OP_55J27_125_1305    272.5380     0.0    272.5380      0.0000  0.0000  Eval_32_1_DP_OP_55J27_125_1305_J27_0_40
core16_3/evalA_1                     780.1920      0.1      24.6960      0.0000  0.0000  Eval_32_63
core16_3/evalA_1/DP_OP_53J27_123_8507    196.9380     0.0    196.9380     0.0000 0.0000  Eval_32_1_DP_OP_53J27_123_8507_J27_0_39
core16_3/evalA_1/DP_OP_54J27_124_3738    285.8940     0.0    285.8940     0.0000 0.0000  Eval_32_1_DP_OP_54J27_124_3738_J27_0_39
core16_3/evalA_1/DP_OP_55J27_125_1305    272.6640     0.0    272.6640     0.0000 0.0000  Eval_32_1_DP_OP_55J27_125_1305_J27_0_39
core16_3/evalA_2                     780.1920      0.1      24.6960      0.0000  0.0000  Eval_32_62
core16_3/evalA_2/DP_OP_53J27_123_8507    196.9380     0.0    196.9380     0.0000 0.0000  Eval_32_1_DP_OP_53J27_123_8507_J27_0_38
core16_3/evalA_2/DP_OP_54J27_124_3738    285.8940     0.0    285.8940     0.0000 0.0000  Eval_32_1_DP_OP_54J27_124_3738_J27_0_38
core16_3/evalA_2/DP_OP_55J27_125_1305    272.6640     0.0    272.6640     0.0000 0.0000  Eval_32_1_DP_OP_55J27_125_1305_J27_0_38
core16_3/evalA_3                     781.8300      0.1      26.4600      0.0000  0.0000  Eval_32_61
core16_3/evalA_3/DP_OP_53J27_123_8507    196.9380     0.0    196.9380     0.0000 0.0000  Eval_32_1_DP_OP_53J27_123_8507_J27_0_37
core16_3/evalA_3/DP_OP_54J27_124_3738    285.8940     0.0    285.8940     0.0000 0.0000  Eval_32_1_DP_OP_54J27_124_3738_J27_0_37
core16_3/evalA_3/DP_OP_55J27_125_1305    272.5380     0.0    272.5380     0.0000 0.0000  Eval_32_1_DP_OP_55J27_125_1305_J27_0_37
core16_3/evalB                       686.3220      0.1      20.9160      0.0000  0.0000  Eval_33_64
core16_3/evalB/DP_OP_53J23_122_8097    171.2340     0.0    171.2340      0.0000  0.0000  Eval_33_1_DP_OP_53J23_122_8097_J23_0_36
core16_3/evalB/DP_OP_54J23_123_1200    255.0240     0.0    255.0240      0.0000  0.0000  Eval_33_1_DP_OP_54J23_123_1200_J23_0_36
core16_3/evalB/DP_OP_55J23_124_5184    239.1480     0.0    239.1480      0.0000  0.0000  Eval_33_1_DP_OP_55J23_124_5184_J23_0_36
core16_3/evalB_1                     682.7940      0.1      20.6640      0.0000  0.0000  Eval_33_63
core16_3/evalB_1/DP_OP_53J23_122_8097    173.1240     0.0    173.1240     0.0000 0.0000  Eval_33_1_DP_OP_53J23_122_8097_J23_0_35
core16_3/evalB_1/DP_OP_54J23_123_1200    250.6140     0.0    250.6140     0.0000 0.0000  Eval_33_1_DP_OP_54J23_123_1200_J23_0_35
core16_3/evalB_1/DP_OP_55J23_124_5184    238.3920     0.0    238.3920     0.0000 0.0000  Eval_33_1_DP_OP_55J23_124_5184_J23_0_35
core16_3/evalB_2                     692.3700      0.1      20.6640      0.0000  0.0000  Eval_33_62
core16_3/evalB_2/DP_OP_53J23_122_8097    179.4240     0.0    179.4240     0.0000 0.0000  Eval_33_1_DP_OP_53J23_122_8097_J23_0_34
core16_3/evalB_2/DP_OP_54J23_123_1200    251.6220     0.0    251.6220     0.0000 0.0000  Eval_33_1_DP_OP_54J23_123_1200_J23_0_34
core16_3/evalB_2/DP_OP_55J23_124_5184    240.6600     0.0    240.6600     0.0000 0.0000  Eval_33_1_DP_OP_55J23_124_5184_J23_0_34
core16_3/evalB_3                     685.4400      0.1      21.1680      0.0000  0.0000  Eval_33_61
core16_3/evalB_3/DP_OP_53J23_122_8097    173.1240     0.0    173.1240     0.0000 0.0000  Eval_33_1_DP_OP_53J23_122_8097_J23_0_33
core16_3/evalB_3/DP_OP_54J23_123_1200    251.7480     0.0    251.7480     0.0000 0.0000  Eval_33_1_DP_OP_54J23_123_1200_J23_0_33
core16_3/evalB_3/DP_OP_55J23_124_5184    239.4000     0.0    239.4000     0.0000 0.0000  Eval_33_1_DP_OP_55J23_124_5184_J23_0_33
core16_3/interp                     8083.0259      1.3       0.7560    872.9280  0.0000  Interpolation_7_3
core16_3/interp/interp              7209.3419      1.1       0.2520      0.0000  0.0000  InterpolationComb_7_3
core16_3/interp/interp/DP_OP_421J11_122_5430   7209.0899     1.1   7209.0899     0.0000 0.0000 InterpolationComb_7_1_DP_OP_421J11_122_5430_J11_0_2
core16_4                           86437.1329     13.4       2.0160   1671.2640  0.0000  core16_2
core16_4/core4_0                    9808.2179      1.5       1.0080    461.6640  0.0000  core4_20
core16_4/core4_0/evalA               736.0920      0.1      22.9320      0.0000  0.0000  Eval_32_20
core16_4/core4_0/evalA/DP_OP_54J13_122_8893    190.3860     0.0    190.3860     0.0000 0.0000 Eval_32_2_DP_OP_54J13_122_8893_J13_0_2
core16_4/core4_0/evalA/DP_OP_55J13_123_92    258.8040     0.0    258.8040     0.0000 0.0000 Eval_32_2_DP_OP_55J13_123_92_J13_0_2
core16_4/core4_0/evalA/DP_OP_56J13_124_3580    263.9700     0.0    263.9700     0.0000 0.0000 Eval_32_2_DP_OP_56J13_124_3580_J13_0_2
core16_4/core4_0/evalB               547.4700      0.1      17.6400      0.0000  0.0000  Eval_33_20
core16_4/core4_0/evalB/DP_OP_54J27_129_6473    140.9940     0.0    140.9940     0.0000 0.0000 Eval_33_2_DP_OP_54J27_129_6473_J27_0_2
core16_4/core4_0/evalB/DP_OP_55J27_130_780    193.1580     0.0    193.1580     0.0000 0.0000 Eval_33_2_DP_OP_55J27_130_780_J27_0_2
core16_4/core4_0/evalB/DP_OP_56J27_131_9714    195.6780     0.0    195.6780     0.0000 0.0000 Eval_33_2_DP_OP_56J27_131_9714_J27_0_2
core16_4/core4_0/interp             2057.9580      0.3       0.7560    235.8720  0.0000  Interpolation_21
core16_4/core4_0/interp/interp      1821.3300      0.3       0.2520      0.0000  0.0000  InterpolationComb_21
core16_4/core4_0/interp/interp/DP_OP_106J27_122_4702   1821.0780     0.3   1821.0780     0.0000 0.0000 InterpolationComb_0_DP_OP_106J27_122_4702_J27_0_8
core16_4/core4_0/mult_x_1            786.6180      0.1     786.6180      0.0000  0.0000  core4_14_DW_mult_uns_J25_3_1
core16_4/core4_0/mult_x_2            908.8380      0.1     908.8380      0.0000  0.0000  core4_14_DW_mult_uns_J25_2_1
core16_4/core4_0/mult_x_3            848.1060      0.1     848.1060      0.0000  0.0000  core4_14_DW_mult_tc_J25_2_1
core16_4/core4_0/mult_x_4            867.2580      0.1     867.2580      0.0000  0.0000  core4_14_DW_mult_tc_J25_1_1
core16_4/core4_0/mult_x_5            894.9780      0.1     894.9780      0.0000  0.0000  core4_14_DW_mult_uns_J25_1_1
core16_4/core4_0/mult_x_6            911.6100      0.1     911.6100      0.0000  0.0000  core4_14_DW_mult_tc_J25_0_1
core16_4/core4_0/mult_x_7            786.6180      0.1     786.6180      0.0000  0.0000  core4_14_DW_mult_uns_J25_0_1
core16_4/core4_1                   10444.3919      1.6       1.0080    461.2860  0.0000  core4_19
core16_4/core4_1/evalA               780.8220      0.1      25.4520      0.0000  0.0000  Eval_32_19
core16_4/core4_1/evalA/DP_OP_53J27_123_8507    196.9380     0.0    196.9380     0.0000 0.0000 Eval_32_1_DP_OP_53J27_123_8507_J27_0_14
core16_4/core4_1/evalA/DP_OP_54J27_124_3738    285.8940     0.0    285.8940     0.0000 0.0000 Eval_32_1_DP_OP_54J27_124_3738_J27_0_14
core16_4/core4_1/evalA/DP_OP_55J27_125_1305    272.5380     0.0    272.5380     0.0000 0.0000 Eval_32_1_DP_OP_55J27_125_1305_J27_0_14
core16_4/core4_1/evalB               655.2000      0.1      21.1680      0.0000  0.0000  Eval_33_19
core16_4/core4_1/evalB/DP_OP_54J21_122_246    165.6900     0.0    165.6900     0.0000 0.0000 Eval_33_19_DP_OP_54J21_122_246_J21_0_0
core16_4/core4_1/evalB/DP_OP_55J21_123_8053    236.3760     0.0    236.3760     0.0000 0.0000 Eval_33_19_DP_OP_55J21_123_8053_J21_0_0
core16_4/core4_1/evalB/DP_OP_56J21_124_8414    231.9660     0.0    231.9660     0.0000 0.0000 Eval_33_19_DP_OP_56J21_124_8414_J21_0_0
core16_4/core4_1/interp             2057.9580      0.3       0.7560    235.8720  0.0000  Interpolation_20
core16_4/core4_1/interp/interp      1821.3300      0.3       0.2520      0.0000  0.0000  InterpolationComb_20
core16_4/core4_1/interp/interp/DP_OP_106J27_122_4702   1821.0780     0.3   1821.0780     0.0000 0.0000 InterpolationComb_0_DP_OP_106J27_122_4702_J27_0_7
core16_4/core4_1/mult_x_1            908.8380      0.1     908.8380      0.0000  0.0000  core4_19_DW_mult_uns_J22_1
core16_4/core4_1/mult_x_2            896.3640      0.1     896.3640      0.0000  0.0000  core4_19_DW_mult_tc_J22_4
core16_4/core4_1/mult_x_3            945.0000      0.1     945.0000      0.0000  0.0000  core4_19_DW_mult_tc_J22_3
core16_4/core4_1/mult_x_4            942.7320      0.1     942.7320      0.0000  0.0000  core4_19_DW_mult_tc_J22_2
core16_4/core4_1/mult_x_5            943.6140      0.1     943.6140      0.0000  0.0000  core4_19_DW_mult_tc_J22_1
core16_4/core4_1/mult_x_6            942.7320      0.1     942.7320      0.0000  0.0000  core4_19_DW_mult_tc_J22_0
core16_4/core4_1/mult_x_7            908.8380      0.1     908.8380      0.0000  0.0000  core4_19_DW_mult_uns_J22_0
core16_4/core4_2                   10153.4579      1.6       1.0080    461.4120  0.0000  core4_18
core16_4/core4_2/evalA               767.7180      0.1      23.9400      0.0000  0.0000  Eval_32_18
core16_4/core4_2/evalA/DP_OP_53J27_123_8507    198.1980     0.0    198.1980     0.0000 0.0000 Eval_32_1_DP_OP_53J27_123_8507_J27_0_13
core16_4/core4_2/evalA/DP_OP_54J27_124_3738    275.6880     0.0    275.6880     0.0000 0.0000 Eval_32_1_DP_OP_54J27_124_3738_J27_0_13
core16_4/core4_2/evalA/DP_OP_55J27_125_1305    269.8920     0.0    269.8920     0.0000 0.0000 Eval_32_1_DP_OP_55J27_125_1305_J27_0_13
core16_4/core4_2/evalB               587.0340      0.1      18.3960      0.0000  0.0000  Eval_33_18
core16_4/core4_2/evalB/DP_OP_53J23_122_8097    150.3180     0.0    150.3180     0.0000 0.0000 Eval_33_1_DP_OP_53J23_122_8097_J23_0_12
core16_4/core4_2/evalB/DP_OP_54J23_123_1200    206.1360     0.0    206.1360     0.0000 0.0000 Eval_33_1_DP_OP_54J23_123_1200_J23_0_12
core16_4/core4_2/evalB/DP_OP_55J23_124_5184    212.1840     0.0    212.1840     0.0000 0.0000 Eval_33_1_DP_OP_55J23_124_5184_J23_0_12
core16_4/core4_2/interp             2150.4420      0.3       0.7560    243.9360  0.0000  Interpolation_19
core16_4/core4_2/interp/interp      1905.7500      0.3       0.2520      0.0000  0.0000  InterpolationComb_19
core16_4/core4_2/interp/interp/DP_OP_106J26_122_5351   1905.4980     0.3   1905.4980     0.0000 0.0000 InterpolationComb_1_DP_OP_106J26_122_5351_J26_0_11
core16_4/core4_2/mult_x_1            814.7160      0.1     814.7160      0.0000  0.0000  core4_1_DW_mult_tc_J18_6_9
core16_4/core4_2/mult_x_2            884.7720      0.1     884.7720      0.0000  0.0000  core4_1_DW_mult_tc_J18_5_9
core16_4/core4_2/mult_x_3            891.0720      0.1     891.0720      0.0000  0.0000  core4_1_DW_mult_tc_J18_4_9
core16_4/core4_2/mult_x_4            909.4680      0.1     909.4680      0.0000  0.0000  core4_1_DW_mult_tc_J18_3_9
core16_4/core4_2/mult_x_5            930.7620      0.1     930.7620      0.0000  0.0000  core4_1_DW_mult_tc_J18_2_9
core16_4/core4_2/mult_x_6            940.3380      0.1     940.3380      0.0000  0.0000  core4_1_DW_mult_tc_J18_1_9
core16_4/core4_2/mult_x_7            814.7160      0.1     814.7160      0.0000  0.0000  core4_1_DW_mult_tc_J18_0_9
core16_4/core4_3                   10417.1759      1.6       0.7560    461.4120  0.0000  core4_17
core16_4/core4_3/evalA               780.5700      0.1      25.2000      0.0000  0.0000  Eval_32_17
core16_4/core4_3/evalA/DP_OP_53J27_123_8507    196.9380     0.0    196.9380     0.0000 0.0000 Eval_32_1_DP_OP_53J27_123_8507_J27_0_12
core16_4/core4_3/evalA/DP_OP_54J27_124_3738    285.8940     0.0    285.8940     0.0000 0.0000 Eval_32_1_DP_OP_54J27_124_3738_J27_0_12
core16_4/core4_3/evalA/DP_OP_55J27_125_1305    272.5380     0.0    272.5380     0.0000 0.0000 Eval_32_1_DP_OP_55J27_125_1305_J27_0_12
core16_4/core4_3/evalB               689.8500      0.1      22.9320      0.0000  0.0000  Eval_33_17
core16_4/core4_3/evalB/DP_OP_53J23_122_8097    173.5020     0.0    173.5020     0.0000 0.0000 Eval_33_1_DP_OP_53J23_122_8097_J23_0_11
core16_4/core4_3/evalB/DP_OP_54J23_123_1200    254.7720     0.0    254.7720     0.0000 0.0000 Eval_33_1_DP_OP_54J23_123_1200_J23_0_11
core16_4/core4_3/evalB/DP_OP_55J23_124_5184    238.6440     0.0    238.6440     0.0000 0.0000 Eval_33_1_DP_OP_55J23_124_5184_J23_0_11
core16_4/core4_3/interp             2150.4420      0.3       0.7560    243.9360  0.0000  Interpolation_18
core16_4/core4_3/interp/interp      1905.7500      0.3       0.2520      0.0000  0.0000  InterpolationComb_18
core16_4/core4_3/interp/interp/DP_OP_106J26_122_5351   1905.4980     0.3   1905.4980     0.0000 0.0000 InterpolationComb_1_DP_OP_106J26_122_5351_J26_0_10
core16_4/core4_3/mult_x_1            828.9540      0.1     828.9540      0.0000  0.0000  core4_1_DW_mult_tc_J18_6_8
core16_4/core4_3/mult_x_2            899.5140      0.1     899.5140      0.0000  0.0000  core4_1_DW_mult_tc_J18_5_8
core16_4/core4_3/mult_x_3            944.8740      0.1     944.8740      0.0000  0.0000  core4_1_DW_mult_tc_J18_4_8
core16_4/core4_3/mult_x_4            943.6140      0.1     943.6140      0.0000  0.0000  core4_1_DW_mult_tc_J18_3_8
core16_4/core4_3/mult_x_5            945.2520      0.1     945.2520      0.0000  0.0000  core4_1_DW_mult_tc_J18_2_8
core16_4/core4_3/mult_x_6            942.7320      0.1     942.7320      0.0000  0.0000  core4_1_DW_mult_tc_J18_1_8
core16_4/core4_3/mult_x_7            829.2060      0.1     829.2060      0.0000  0.0000  core4_1_DW_mult_tc_J18_0_8
core16_4/core4_4                   10415.2859      1.6       1.0080    461.2860  0.0000  core4_16
core16_4/core4_4/evalA               783.5940      0.1      28.2240      0.0000  0.0000  Eval_32_16
core16_4/core4_4/evalA/DP_OP_53J27_123_8507    196.9380     0.0    196.9380     0.0000 0.0000 Eval_32_1_DP_OP_53J27_123_8507_J27_0_11
core16_4/core4_4/evalA/DP_OP_54J27_124_3738    285.8940     0.0    285.8940     0.0000 0.0000 Eval_32_1_DP_OP_54J27_124_3738_J27_0_11
core16_4/core4_4/evalA/DP_OP_55J27_125_1305    272.5380     0.0    272.5380     0.0000 0.0000 Eval_32_1_DP_OP_55J27_125_1305_J27_0_11
core16_4/core4_4/evalB               657.2160      0.1      21.1680      0.0000  0.0000  Eval_33_16
core16_4/core4_4/evalB/DP_OP_54J20_122_6478    167.0760     0.0    167.0760     0.0000 0.0000 Eval_33_16_DP_OP_54J20_122_6478_J20_0
core16_4/core4_4/evalB/DP_OP_55J20_123_2470    235.2420     0.0    235.2420     0.0000 0.0000 Eval_33_16_DP_OP_55J20_123_2470_J20_0
core16_4/core4_4/evalB/DP_OP_56J20_124_3030    233.7300     0.0    233.7300     0.0000 0.0000 Eval_33_16_DP_OP_56J20_124_3030_J20_0
core16_4/core4_4/interp             2150.4420      0.3       0.7560    243.9360  0.0000  Interpolation_17
core16_4/core4_4/interp/interp      1905.7500      0.3       0.2520      0.0000  0.0000  InterpolationComb_17
core16_4/core4_4/interp/interp/DP_OP_106J26_122_5351   1905.4980     0.3   1905.4980     0.0000 0.0000 InterpolationComb_1_DP_OP_106J26_122_5351_J26_0_9
core16_4/core4_4/mult_x_1            854.2800      0.1     854.2800      0.0000  0.0000  core4_16_DW_mult_uns_J23_1
core16_4/core4_4/mult_x_2            896.3640      0.1     896.3640      0.0000  0.0000  core4_16_DW_mult_tc_J23_4
core16_4/core4_4/mult_x_3            931.6440      0.1     931.6440      0.0000  0.0000  core4_16_DW_mult_tc_J23_3
core16_4/core4_4/mult_x_4            940.4640      0.1     940.4640      0.0000  0.0000  core4_16_DW_mult_tc_J23_2
core16_4/core4_4/mult_x_5            941.9760      0.1     941.9760      0.0000  0.0000  core4_16_DW_mult_tc_J23_1
core16_4/core4_4/mult_x_6            942.7320      0.1     942.7320      0.0000  0.0000  core4_16_DW_mult_tc_J23_0
core16_4/core4_4/mult_x_7            854.2800      0.1     854.2800      0.0000  0.0000  core4_16_DW_mult_uns_J23_0
core16_4/core4_5                   10489.2479      1.6       0.7560    461.6640  0.0000  core4_15
core16_4/core4_5/evalA               780.8220      0.1      25.4520      0.0000  0.0000  Eval_32_15
core16_4/core4_5/evalA/DP_OP_53J27_123_8507    196.9380     0.0    196.9380     0.0000 0.0000 Eval_32_1_DP_OP_53J27_123_8507_J27_0_10
core16_4/core4_5/evalA/DP_OP_54J27_124_3738    285.8940     0.0    285.8940     0.0000 0.0000 Eval_32_1_DP_OP_54J27_124_3738_J27_0_10
core16_4/core4_5/evalA/DP_OP_55J27_125_1305    272.5380     0.0    272.5380     0.0000 0.0000 Eval_32_1_DP_OP_55J27_125_1305_J27_0_10
core16_4/core4_5/evalB               684.1800      0.1      23.1840      0.0000  0.0000  Eval_33_15
core16_4/core4_5/evalB/DP_OP_53J23_122_8097    171.2340     0.0    171.2340     0.0000 0.0000 Eval_33_1_DP_OP_53J23_122_8097_J23_0_10
core16_4/core4_5/evalB/DP_OP_54J23_123_1200    251.2440     0.0    251.2440     0.0000 0.0000 Eval_33_1_DP_OP_54J23_123_1200_J23_0_10
core16_4/core4_5/evalB/DP_OP_55J23_124_5184    238.5180     0.0    238.5180     0.0000 0.0000 Eval_33_1_DP_OP_55J23_124_5184_J23_0_10
core16_4/core4_5/interp             2150.4420      0.3       0.7560    243.9360  0.0000  Interpolation_16
core16_4/core4_5/interp/interp      1905.7500      0.3       0.2520      0.0000  0.0000  InterpolationComb_16
core16_4/core4_5/interp/interp/DP_OP_106J26_122_5351   1905.4980     0.3   1905.4980     0.0000 0.0000 InterpolationComb_1_DP_OP_106J26_122_5351_J26_0_8
core16_4/core4_5/mult_x_1            870.9120      0.1     870.9120      0.0000  0.0000  core4_1_DW_mult_tc_J18_6_7
core16_4/core4_5/mult_x_2            896.3640      0.1     896.3640      0.0000  0.0000  core4_1_DW_mult_tc_J18_5_7
core16_4/core4_5/mult_x_3            942.7320      0.1     942.7320      0.0000  0.0000  core4_1_DW_mult_tc_J18_4_7
core16_4/core4_5/mult_x_4            944.4960      0.1     944.4960      0.0000  0.0000  core4_1_DW_mult_tc_J18_3_7
core16_4/core4_5/mult_x_5            942.9840      0.1     942.9840      0.0000  0.0000  core4_1_DW_mult_tc_J18_2_7
core16_4/core4_5/mult_x_6            942.9840      0.1     942.9840      0.0000  0.0000  core4_1_DW_mult_tc_J18_1_7
core16_4/core4_5/mult_x_7            870.9120      0.1     870.9120      0.0000  0.0000  core4_1_DW_mult_tc_J18_0_7
core16_4/core4_6                    9807.4619      1.5       1.0080    461.5380  0.0000  core4_14
core16_4/core4_6/evalA               735.9660      0.1      22.8060      0.0000  0.0000  Eval_32_14
core16_4/core4_6/evalA/DP_OP_54J13_122_8893    190.3860     0.0    190.3860     0.0000 0.0000 Eval_32_2_DP_OP_54J13_122_8893_J13_0_1
core16_4/core4_6/evalA/DP_OP_55J13_123_92    258.8040     0.0    258.8040     0.0000 0.0000 Eval_32_2_DP_OP_55J13_123_92_J13_0_1
core16_4/core4_6/evalA/DP_OP_56J13_124_3580    263.9700     0.0    263.9700     0.0000 0.0000 Eval_32_2_DP_OP_56J13_124_3580_J13_0_1
core16_4/core4_6/evalB               547.2180      0.1      17.6400      0.0000  0.0000  Eval_33_14
core16_4/core4_6/evalB/DP_OP_54J27_129_6473    140.9940     0.0    140.9940     0.0000 0.0000 Eval_33_2_DP_OP_54J27_129_6473_J27_0_1
core16_4/core4_6/evalB/DP_OP_55J27_130_780    192.9060     0.0    192.9060     0.0000 0.0000 Eval_33_2_DP_OP_55J27_130_780_J27_0_1
core16_4/core4_6/evalB/DP_OP_56J27_131_9714    195.6780     0.0    195.6780     0.0000 0.0000 Eval_33_2_DP_OP_56J27_131_9714_J27_0_1
core16_4/core4_6/interp             2057.9580      0.3       0.7560    235.8720  0.0000  Interpolation_15
core16_4/core4_6/interp/interp      1821.3300      0.3       0.2520      0.0000  0.0000  InterpolationComb_15
core16_4/core4_6/interp/interp/DP_OP_106J27_122_4702   1821.0780     0.3   1821.0780     0.0000 0.0000 InterpolationComb_0_DP_OP_106J27_122_4702_J27_0_6
core16_4/core4_6/mult_x_1            786.6180      0.1     786.6180      0.0000  0.0000  core4_14_DW_mult_uns_J25_3_0
core16_4/core4_6/mult_x_2            908.8380      0.1     908.8380      0.0000  0.0000  core4_14_DW_mult_uns_J25_2_0
core16_4/core4_6/mult_x_3            848.9880      0.1     848.9880      0.0000  0.0000  core4_14_DW_mult_tc_J25_2_0
core16_4/core4_6/mult_x_4            867.2580      0.1     867.2580      0.0000  0.0000  core4_14_DW_mult_tc_J25_1_0
core16_4/core4_6/mult_x_5            893.8440      0.1     893.8440      0.0000  0.0000  core4_14_DW_mult_uns_J25_1_0
core16_4/core4_6/mult_x_6            911.6100      0.1     911.6100      0.0000  0.0000  core4_14_DW_mult_tc_J25_0_0
core16_4/core4_6/mult_x_7            786.6180      0.1     786.6180      0.0000  0.0000  core4_14_DW_mult_uns_J25_0_0
core16_4/evalA                       735.9660      0.1      22.8060      0.0000  0.0000  Eval_32_60
core16_4/evalA/DP_OP_54J14_122_872    190.3860     0.0     190.3860      0.0000  0.0000  Eval_32_57_DP_OP_54J14_122_872_J14_0_3
core16_4/evalA/DP_OP_55J14_123_7403    258.8040     0.0    258.8040      0.0000  0.0000  Eval_32_57_DP_OP_55J14_123_7403_J14_0_3
core16_4/evalA/DP_OP_56J14_124_913    263.9700     0.0     263.9700      0.0000  0.0000  Eval_32_57_DP_OP_56J14_124_913_J14_0_3
core16_4/evalA_1                     735.5880      0.1      22.4280      0.0000  0.0000  Eval_32_59
core16_4/evalA_1/DP_OP_54J14_122_872    190.3860     0.0    190.3860     0.0000  0.0000  Eval_32_57_DP_OP_54J14_122_872_J14_0_2
core16_4/evalA_1/DP_OP_55J14_123_7403    258.8040     0.0    258.8040     0.0000 0.0000  Eval_32_57_DP_OP_55J14_123_7403_J14_0_2
core16_4/evalA_1/DP_OP_56J14_124_913    263.9700     0.0    263.9700     0.0000  0.0000  Eval_32_57_DP_OP_56J14_124_913_J14_0_2
core16_4/evalA_2                     735.5880      0.1      22.4280      0.0000  0.0000  Eval_32_58
core16_4/evalA_2/DP_OP_54J14_122_872    190.3860     0.0    190.3860     0.0000  0.0000  Eval_32_57_DP_OP_54J14_122_872_J14_0_1
core16_4/evalA_2/DP_OP_55J14_123_7403    258.8040     0.0    258.8040     0.0000 0.0000  Eval_32_57_DP_OP_55J14_123_7403_J14_0_1
core16_4/evalA_2/DP_OP_56J14_124_913    263.9700     0.0    263.9700     0.0000  0.0000  Eval_32_57_DP_OP_56J14_124_913_J14_0_1
core16_4/evalA_3                     736.0920      0.1      22.9320      0.0000  0.0000  Eval_32_57
core16_4/evalA_3/DP_OP_54J14_122_872    190.3860     0.0    190.3860     0.0000  0.0000  Eval_32_57_DP_OP_54J14_122_872_J14_0_0
core16_4/evalA_3/DP_OP_55J14_123_7403    258.8040     0.0    258.8040     0.0000 0.0000  Eval_32_57_DP_OP_55J14_123_7403_J14_0_0
core16_4/evalA_3/DP_OP_56J14_124_913    263.9700     0.0    263.9700     0.0000  0.0000  Eval_32_57_DP_OP_56J14_124_913_J14_0_0
core16_4/evalB                       544.9500      0.1      17.8920      0.0000  0.0000  Eval_33_60
core16_4/evalB/DP_OP_54J18_125_4250    140.9940     0.0    140.9940      0.0000  0.0000  Eval_33_57_DP_OP_54J18_125_4250_J18_0_3
core16_4/evalB/DP_OP_55J18_126_8896    189.7560     0.0    189.7560      0.0000  0.0000  Eval_33_57_DP_OP_55J18_126_8896_J18_0_3
core16_4/evalB/DP_OP_56J18_127_6605    196.3080     0.0    196.3080      0.0000  0.0000  Eval_33_57_DP_OP_56J18_127_6605_J18_0_3
core16_4/evalB_1                     559.1880      0.1      16.3800      0.0000  0.0000  Eval_33_59
core16_4/evalB_1/DP_OP_54J18_125_4250    145.4040     0.0    145.4040     0.0000 0.0000  Eval_33_57_DP_OP_54J18_125_4250_J18_0_2
core16_4/evalB_1/DP_OP_55J18_126_8896    194.9220     0.0    194.9220     0.0000 0.0000  Eval_33_57_DP_OP_55J18_126_8896_J18_0_2
core16_4/evalB_1/DP_OP_56J18_127_6605    202.4820     0.0    202.4820     0.0000 0.0000  Eval_33_57_DP_OP_56J18_127_6605_J18_0_2
core16_4/evalB_2                     548.7300      0.1      16.3800      0.0000  0.0000  Eval_33_58
core16_4/evalB_2/DP_OP_54J18_125_4250    140.9940     0.0    140.9940     0.0000 0.0000  Eval_33_57_DP_OP_54J18_125_4250_J18_0_1
core16_4/evalB_2/DP_OP_55J18_126_8896    192.2760     0.0    192.2760     0.0000 0.0000  Eval_33_57_DP_OP_55J18_126_8896_J18_0_1
core16_4/evalB_2/DP_OP_56J18_127_6605    199.0800     0.0    199.0800     0.0000 0.0000  Eval_33_57_DP_OP_56J18_127_6605_J18_0_1
core16_4/evalB_3                     549.4860      0.1      17.8920      0.0000  0.0000  Eval_33_57
core16_4/evalB_3/DP_OP_54J18_125_4250    142.2540     0.0    142.2540     0.0000 0.0000  Eval_33_57_DP_OP_54J18_125_4250_J18_0_0
core16_4/evalB_3/DP_OP_55J18_126_8896    192.2760     0.0    192.2760     0.0000 0.0000  Eval_33_57_DP_OP_55J18_126_8896_J18_0_0
core16_4/evalB_3/DP_OP_56J18_127_6605    197.0640     0.0    197.0640     0.0000 0.0000  Eval_33_57_DP_OP_56J18_127_6605_J18_0_0
core16_4/interp                     8083.0259      1.3       0.7560    872.9280  0.0000  Interpolation_7_2
core16_4/interp/interp              7209.3419      1.1       0.2520      0.0000  0.0000  InterpolationComb_7_2
core16_4/interp/interp/DP_OP_421J11_122_5430   7209.0899     1.1   7209.0899     0.0000 0.0000 InterpolationComb_7_1_DP_OP_421J11_122_5430_J11_0_1
core16_5                           88723.7809     13.8       2.0160   1671.2640  0.0000  core16_1
core16_5/core4_0                   10231.9559      1.6       0.7560    461.5380  0.0000  core4_13
core16_5/core4_0/evalA               784.6020      0.1      29.2320      0.0000  0.0000  Eval_32_13
core16_5/core4_0/evalA/DP_OP_53J27_123_8507    196.9380     0.0    196.9380     0.0000 0.0000 Eval_32_1_DP_OP_53J27_123_8507_J27_0_9
core16_5/core4_0/evalA/DP_OP_54J27_124_3738    285.8940     0.0    285.8940     0.0000 0.0000 Eval_32_1_DP_OP_54J27_124_3738_J27_0_9
core16_5/core4_0/evalA/DP_OP_55J27_125_1305    272.5380     0.0    272.5380     0.0000 0.0000 Eval_32_1_DP_OP_55J27_125_1305_J27_0_9
core16_5/core4_0/evalB               683.8020      0.1      23.4360      0.0000  0.0000  Eval_33_13
core16_5/core4_0/evalB/DP_OP_53J23_122_8097    171.2340     0.0    171.2340     0.0000 0.0000 Eval_33_1_DP_OP_53J23_122_8097_J23_0_9
core16_5/core4_0/evalB/DP_OP_54J23_123_1200    251.8740     0.0    251.8740     0.0000 0.0000 Eval_33_1_DP_OP_54J23_123_1200_J23_0_9
core16_5/core4_0/evalB/DP_OP_55J23_124_5184    237.2580     0.0    237.2580     0.0000 0.0000 Eval_33_1_DP_OP_55J23_124_5184_J23_0_9
core16_5/core4_0/interp             2057.9580      0.3       0.7560    235.8720  0.0000  Interpolation_14
core16_5/core4_0/interp/interp      1821.3300      0.3       0.2520      0.0000  0.0000  InterpolationComb_14
core16_5/core4_0/interp/interp/DP_OP_106J27_122_4702   1821.0780     0.3   1821.0780     0.0000 0.0000 InterpolationComb_0_DP_OP_106J27_122_4702_J27_0_5
core16_5/core4_0/mult_x_1            789.3900      0.1     789.3900      0.0000  0.0000  core4_7_DW_mult_tc_J19_6_2
core16_5/core4_0/mult_x_2            896.3640      0.1     896.3640      0.0000  0.0000  core4_7_DW_mult_tc_J19_5_2
core16_5/core4_0/mult_x_3            942.2280      0.1     942.2280      0.0000  0.0000  core4_7_DW_mult_tc_J19_4_2
core16_5/core4_0/mult_x_4            941.9760      0.1     941.9760      0.0000  0.0000  core4_7_DW_mult_tc_J19_3_2
core16_5/core4_0/mult_x_5            941.9760      0.1     941.9760      0.0000  0.0000  core4_7_DW_mult_tc_J19_2_2
core16_5/core4_0/mult_x_6            941.9760      0.1     941.9760      0.0000  0.0000  core4_7_DW_mult_tc_J19_1_2
core16_5/core4_0/mult_x_7            789.3900      0.1     789.3900      0.0000  0.0000  core4_7_DW_mult_tc_J19_0_2
core16_5/core4_1                   10445.2739      1.6       0.7560    461.2860  0.0000  core4_12
core16_5/core4_1/evalA               780.9480      0.1      25.5780      0.0000  0.0000  Eval_32_12
core16_5/core4_1/evalA/DP_OP_53J27_123_8507    196.9380     0.0    196.9380     0.0000 0.0000 Eval_32_1_DP_OP_53J27_123_8507_J27_0_8
core16_5/core4_1/evalA/DP_OP_54J27_124_3738    285.8940     0.0    285.8940     0.0000 0.0000 Eval_32_1_DP_OP_54J27_124_3738_J27_0_8
core16_5/core4_1/evalA/DP_OP_55J27_125_1305    272.5380     0.0    272.5380     0.0000 0.0000 Eval_32_1_DP_OP_55J27_125_1305_J27_0_8
core16_5/core4_1/evalB               683.6760      0.1      23.3100      0.0000  0.0000  Eval_33_12
core16_5/core4_1/evalB/DP_OP_53J23_122_8097    171.2340     0.0    171.2340     0.0000 0.0000 Eval_33_1_DP_OP_53J23_122_8097_J23_0_8
core16_5/core4_1/evalB/DP_OP_54J23_123_1200    251.8740     0.0    251.8740     0.0000 0.0000 Eval_33_1_DP_OP_54J23_123_1200_J23_0_8
core16_5/core4_1/evalB/DP_OP_55J23_124_5184    237.2580     0.0    237.2580     0.0000 0.0000 Eval_33_1_DP_OP_55J23_124_5184_J23_0_8
core16_5/core4_1/interp             2056.5720      0.3       0.7560    235.8720  0.0000  Interpolation_13
core16_5/core4_1/interp/interp      1819.9440      0.3       0.2520      0.0000  0.0000  InterpolationComb_13
core16_5/core4_1/interp/interp/DP_OP_106J27_122_4702   1819.6920     0.3   1819.6920     0.0000 0.0000 InterpolationComb_0_DP_OP_106J27_122_4702_J27_0_4
core16_5/core4_1/mult_x_1            896.3640      0.1     896.3640      0.0000  0.0000  core4_7_DW_mult_tc_J19_6_1
core16_5/core4_1/mult_x_2            896.3640      0.1     896.3640      0.0000  0.0000  core4_7_DW_mult_tc_J19_5_1
core16_5/core4_1/mult_x_3            943.6140      0.1     943.6140      0.0000  0.0000  core4_7_DW_mult_tc_J19_4_1
core16_5/core4_1/mult_x_4            943.6140      0.1     943.6140      0.0000  0.0000  core4_7_DW_mult_tc_J19_3_1
core16_5/core4_1/mult_x_5            941.9760      0.1     941.9760      0.0000  0.0000  core4_7_DW_mult_tc_J19_2_1
core16_5/core4_1/mult_x_6            943.7400      0.1     943.7400      0.0000  0.0000  core4_7_DW_mult_tc_J19_1_1
core16_5/core4_1/mult_x_7            896.3640      0.1     896.3640      0.0000  0.0000  core4_7_DW_mult_tc_J19_0_1
core16_5/core4_2                   10550.2319      1.6       0.7560    461.4120  0.0000  core4_11
core16_5/core4_2/evalA               780.9480      0.1      25.5780      0.0000  0.0000  Eval_32_11
core16_5/core4_2/evalA/DP_OP_53J27_123_8507    196.9380     0.0    196.9380     0.0000 0.0000 Eval_32_1_DP_OP_53J27_123_8507_J27_0_7
core16_5/core4_2/evalA/DP_OP_54J27_124_3738    285.8940     0.0    285.8940     0.0000 0.0000 Eval_32_1_DP_OP_54J27_124_3738_J27_0_7
core16_5/core4_2/evalA/DP_OP_55J27_125_1305    272.5380     0.0    272.5380     0.0000 0.0000 Eval_32_1_DP_OP_55J27_125_1305_J27_0_7
core16_5/core4_2/evalB               691.1100      0.1      22.9320      0.0000  0.0000  Eval_33_11
core16_5/core4_2/evalB/DP_OP_53J23_122_8097    177.9120     0.0    177.9120     0.0000 0.0000 Eval_33_1_DP_OP_53J23_122_8097_J23_0_7
core16_5/core4_2/evalB/DP_OP_54J23_123_1200    251.2440     0.0    251.2440     0.0000 0.0000 Eval_33_1_DP_OP_54J23_123_1200_J23_0_7
core16_5/core4_2/evalB/DP_OP_55J23_124_5184    239.0220     0.0    239.0220     0.0000 0.0000 Eval_33_1_DP_OP_55J23_124_5184_J23_0_7
core16_5/core4_2/interp             2150.4420      0.3       0.7560    243.9360  0.0000  Interpolation_12
core16_5/core4_2/interp/interp      1905.7500      0.3       0.2520      0.0000  0.0000  InterpolationComb_12
core16_5/core4_2/interp/interp/DP_OP_106J26_122_5351   1905.4980     0.3   1905.4980     0.0000 0.0000 InterpolationComb_1_DP_OP_106J26_122_5351_J26_0_7
core16_5/core4_2/mult_x_1            896.3640      0.1     896.3640      0.0000  0.0000  core4_1_DW_mult_tc_J18_6_6
core16_5/core4_2/mult_x_2            900.3960      0.1     900.3960      0.0000  0.0000  core4_1_DW_mult_tc_J18_5_6
core16_5/core4_2/mult_x_3            945.1260      0.1     945.1260      0.0000  0.0000  core4_1_DW_mult_tc_J18_4_6
core16_5/core4_2/mult_x_4            943.2360      0.1     943.2360      0.0000  0.0000  core4_1_DW_mult_tc_J18_3_6
core16_5/core4_2/mult_x_5            941.9760      0.1     941.9760      0.0000  0.0000  core4_1_DW_mult_tc_J18_2_6
core16_5/core4_2/mult_x_6            942.1020      0.1     942.1020      0.0000  0.0000  core4_1_DW_mult_tc_J18_1_6
core16_5/core4_2/mult_x_7            896.3640      0.1     896.3640      0.0000  0.0000  core4_1_DW_mult_tc_J18_0_6
core16_5/core4_3                   10542.0419      1.6       0.7560    461.4120  0.0000  core4_10
core16_5/core4_3/evalA               780.6960      0.1      25.3260      0.0000  0.0000  Eval_32_10
core16_5/core4_3/evalA/DP_OP_53J27_123_8507    196.9380     0.0    196.9380     0.0000 0.0000 Eval_32_1_DP_OP_53J27_123_8507_J27_0_6
core16_5/core4_3/evalA/DP_OP_54J27_124_3738    285.8940     0.0    285.8940     0.0000 0.0000 Eval_32_1_DP_OP_54J27_124_3738_J27_0_6
core16_5/core4_3/evalA/DP_OP_55J27_125_1305    272.5380     0.0    272.5380     0.0000 0.0000 Eval_32_1_DP_OP_55J27_125_1305_J27_0_6
core16_5/core4_3/evalB               684.4320      0.1      22.9320      0.0000  0.0000  Eval_33_10
core16_5/core4_3/evalB/DP_OP_53J23_122_8097    171.8640     0.0    171.8640     0.0000 0.0000 Eval_33_1_DP_OP_53J23_122_8097_J23_0_6
core16_5/core4_3/evalB/DP_OP_54J23_123_1200    251.3700     0.0    251.3700     0.0000 0.0000 Eval_33_1_DP_OP_54J23_123_1200_J23_0_6
core16_5/core4_3/evalB/DP_OP_55J23_124_5184    238.2660     0.0    238.2660     0.0000 0.0000 Eval_33_1_DP_OP_55J23_124_5184_J23_0_6
core16_5/core4_3/interp             2150.4420      0.3       0.7560    243.9360  0.0000  Interpolation_11
core16_5/core4_3/interp/interp      1905.7500      0.3       0.2520      0.0000  0.0000  InterpolationComb_11
core16_5/core4_3/interp/interp/DP_OP_106J26_122_5351   1905.4980     0.3   1905.4980     0.0000 0.0000 InterpolationComb_1_DP_OP_106J26_122_5351_J26_0_6
core16_5/core4_3/mult_x_1            896.3640      0.1     896.3640      0.0000  0.0000  core4_1_DW_mult_tc_J18_6_5
core16_5/core4_3/mult_x_2            897.1200      0.1     897.1200      0.0000  0.0000  core4_1_DW_mult_tc_J18_5_5
core16_5/core4_3/mult_x_3            943.9920      0.1     943.9920      0.0000  0.0000  core4_1_DW_mult_tc_J18_4_5
core16_5/core4_3/mult_x_4            941.9760      0.1     941.9760      0.0000  0.0000  core4_1_DW_mult_tc_J18_3_5
core16_5/core4_3/mult_x_5            944.8740      0.1     944.8740      0.0000  0.0000  core4_1_DW_mult_tc_J18_2_5
core16_5/core4_3/mult_x_6            943.6140      0.1     943.6140      0.0000  0.0000  core4_1_DW_mult_tc_J18_1_5
core16_5/core4_3/mult_x_7            896.3640      0.1     896.3640      0.0000  0.0000  core4_1_DW_mult_tc_J18_0_5
core16_5/core4_4                   10542.7979      1.6       0.7560    461.6640  0.0000  core4_9
core16_5/core4_4/evalA               780.9480      0.1      25.5780      0.0000  0.0000  Eval_32_9
core16_5/core4_4/evalA/DP_OP_53J27_123_8507    196.9380     0.0    196.9380     0.0000 0.0000 Eval_32_1_DP_OP_53J27_123_8507_J27_0_5
core16_5/core4_4/evalA/DP_OP_54J27_124_3738    285.8940     0.0    285.8940     0.0000 0.0000 Eval_32_1_DP_OP_54J27_124_3738_J27_0_5
core16_5/core4_4/evalA/DP_OP_55J27_125_1305    272.5380     0.0    272.5380     0.0000 0.0000 Eval_32_1_DP_OP_55J27_125_1305_J27_0_5
core16_5/core4_4/evalB               684.5580      0.1      23.1840      0.0000  0.0000  Eval_33_9
core16_5/core4_4/evalB/DP_OP_53J23_122_8097    171.2340     0.0    171.2340     0.0000 0.0000 Eval_33_1_DP_OP_53J23_122_8097_J23_0_5
core16_5/core4_4/evalB/DP_OP_54J23_123_1200    252.2520     0.0    252.2520     0.0000 0.0000 Eval_33_1_DP_OP_54J23_123_1200_J23_0_5
core16_5/core4_4/evalB/DP_OP_55J23_124_5184    237.8880     0.0    237.8880     0.0000 0.0000 Eval_33_1_DP_OP_55J23_124_5184_J23_0_5
core16_5/core4_4/interp             2150.4420      0.3       0.7560    243.9360  0.0000  Interpolation_10
core16_5/core4_4/interp/interp      1905.7500      0.3       0.2520      0.0000  0.0000  InterpolationComb_10
core16_5/core4_4/interp/interp/DP_OP_106J26_122_5351   1905.4980     0.3   1905.4980     0.0000 0.0000 InterpolationComb_1_DP_OP_106J26_122_5351_J26_0_5
core16_5/core4_4/mult_x_1            896.3640      0.1     896.3640      0.0000  0.0000  core4_1_DW_mult_tc_J18_6_4
core16_5/core4_4/mult_x_2            896.3640      0.1     896.3640      0.0000  0.0000  core4_1_DW_mult_tc_J18_5_4
core16_5/core4_4/mult_x_3            945.3780      0.1     945.3780      0.0000  0.0000  core4_1_DW_mult_tc_J18_4_4
core16_5/core4_4/mult_x_4            943.1100      0.1     943.1100      0.0000  0.0000  core4_1_DW_mult_tc_J18_3_4
core16_5/core4_4/mult_x_5            944.2440      0.1     944.2440      0.0000  0.0000  core4_1_DW_mult_tc_J18_2_4
core16_5/core4_4/mult_x_6            942.6060      0.1     942.6060      0.0000  0.0000  core4_1_DW_mult_tc_J18_1_4
core16_5/core4_4/mult_x_7            896.3640      0.1     896.3640      0.0000  0.0000  core4_1_DW_mult_tc_J18_0_4
core16_5/core4_5                   10549.0979      1.6       0.7560    461.5380  0.0000  core4_8
core16_5/core4_5/evalA               780.9480      0.1      25.5780      0.0000  0.0000  Eval_32_8
core16_5/core4_5/evalA/DP_OP_53J27_123_8507    196.9380     0.0    196.9380     0.0000 0.0000 Eval_32_1_DP_OP_53J27_123_8507_J27_0_4
core16_5/core4_5/evalA/DP_OP_54J27_124_3738    285.8940     0.0    285.8940     0.0000 0.0000 Eval_32_1_DP_OP_54J27_124_3738_J27_0_4
core16_5/core4_5/evalA/DP_OP_55J27_125_1305    272.5380     0.0    272.5380     0.0000 0.0000 Eval_32_1_DP_OP_55J27_125_1305_J27_0_4
core16_5/core4_5/evalB               689.4720      0.1      23.1840      0.0000  0.0000  Eval_33_8
core16_5/core4_5/evalB/DP_OP_53J23_122_8097    175.6440     0.0    175.6440     0.0000 0.0000 Eval_33_1_DP_OP_53J23_122_8097_J23_0_4
core16_5/core4_5/evalB/DP_OP_54J23_123_1200    251.2440     0.0    251.2440     0.0000 0.0000 Eval_33_1_DP_OP_54J23_123_1200_J23_0_4
core16_5/core4_5/evalB/DP_OP_55J23_124_5184    239.4000     0.0    239.4000     0.0000 0.0000 Eval_33_1_DP_OP_55J23_124_5184_J23_0_4
core16_5/core4_5/interp             2149.9380      0.3       0.7560    243.9360  0.0000  Interpolation_9
core16_5/core4_5/interp/interp      1905.2460      0.3       0.2520      0.0000  0.0000  InterpolationComb_9
core16_5/core4_5/interp/interp/DP_OP_106J26_122_5351   1904.9940     0.3   1904.9940     0.0000 0.0000 InterpolationComb_1_DP_OP_106J26_122_5351_J26_0_4
core16_5/core4_5/mult_x_1            896.3640      0.1     896.3640      0.0000  0.0000  core4_1_DW_mult_tc_J18_6_3
core16_5/core4_5/mult_x_2            900.5220      0.1     900.5220      0.0000  0.0000  core4_1_DW_mult_tc_J18_5_3
core16_5/core4_5/mult_x_3            945.0000      0.1     945.0000      0.0000  0.0000  core4_1_DW_mult_tc_J18_4_3
core16_5/core4_5/mult_x_4            941.9760      0.1     941.9760      0.0000  0.0000  core4_1_DW_mult_tc_J18_3_3
core16_5/core4_5/mult_x_5            943.9920      0.1     943.9920      0.0000  0.0000  core4_1_DW_mult_tc_J18_2_3
core16_5/core4_5/mult_x_6            942.2280      0.1     942.2280      0.0000  0.0000  core4_1_DW_mult_tc_J18_1_3
core16_5/core4_5/mult_x_7            896.3640      0.1     896.3640      0.0000  0.0000  core4_1_DW_mult_tc_J18_0_3
core16_5/core4_6                   10230.1919      1.6       0.7560    461.4120  0.0000  core4_7
core16_5/core4_6/evalA               784.6020      0.1      29.2320      0.0000  0.0000  Eval_32_7
core16_5/core4_6/evalA/DP_OP_53J27_123_8507    196.9380     0.0    196.9380     0.0000 0.0000 Eval_32_1_DP_OP_53J27_123_8507_J27_0_3
core16_5/core4_6/evalA/DP_OP_54J27_124_3738    285.8940     0.0    285.8940     0.0000 0.0000 Eval_32_1_DP_OP_54J27_124_3738_J27_0_3
core16_5/core4_6/evalA/DP_OP_55J27_125_1305    272.5380     0.0    272.5380     0.0000 0.0000 Eval_32_1_DP_OP_55J27_125_1305_J27_0_3
core16_5/core4_6/evalB               682.4160      0.1      23.3100      0.0000  0.0000  Eval_33_7
core16_5/core4_6/evalB/DP_OP_53J23_122_8097    171.2340     0.0    171.2340     0.0000 0.0000 Eval_33_1_DP_OP_53J23_122_8097_J23_0_3
core16_5/core4_6/evalB/DP_OP_54J23_123_1200    250.6140     0.0    250.6140     0.0000 0.0000 Eval_33_1_DP_OP_54J23_123_1200_J23_0_3
core16_5/core4_6/evalB/DP_OP_55J23_124_5184    237.2580     0.0    237.2580     0.0000 0.0000 Eval_33_1_DP_OP_55J23_124_5184_J23_0_3
core16_5/core4_6/interp             2057.9580      0.3       0.7560    235.8720  0.0000  Interpolation_8
core16_5/core4_6/interp/interp      1821.3300      0.3       0.2520      0.0000  0.0000  InterpolationComb_8
core16_5/core4_6/interp/interp/DP_OP_106J27_122_4702   1821.0780     0.3   1821.0780     0.0000 0.0000 InterpolationComb_0_DP_OP_106J27_122_4702_J27_0_3
core16_5/core4_6/mult_x_1            789.3900      0.1     789.3900      0.0000  0.0000  core4_7_DW_mult_tc_J19_6_0
core16_5/core4_6/mult_x_2            896.3640      0.1     896.3640      0.0000  0.0000  core4_7_DW_mult_tc_J19_5_0
core16_5/core4_6/mult_x_3            941.9760      0.1     941.9760      0.0000  0.0000  core4_7_DW_mult_tc_J19_4_0
core16_5/core4_6/mult_x_4            941.9760      0.1     941.9760      0.0000  0.0000  core4_7_DW_mult_tc_J19_3_0
core16_5/core4_6/mult_x_5            941.9760      0.1     941.9760      0.0000  0.0000  core4_7_DW_mult_tc_J19_2_0
core16_5/core4_6/mult_x_6            941.9760      0.1     941.9760      0.0000  0.0000  core4_7_DW_mult_tc_J19_1_0
core16_5/core4_6/mult_x_7            789.3900      0.1     789.3900      0.0000  0.0000  core4_7_DW_mult_tc_J19_0_0
core16_5/evalA                       784.0980      0.1      28.7280      0.0000  0.0000  Eval_32_56
core16_5/evalA/DP_OP_53J27_123_8507    196.9380     0.0    196.9380      0.0000  0.0000  Eval_32_1_DP_OP_53J27_123_8507_J27_0_36
core16_5/evalA/DP_OP_54J27_124_3738    285.8940     0.0    285.8940      0.0000  0.0000  Eval_32_1_DP_OP_54J27_124_3738_J27_0_36
core16_5/evalA/DP_OP_55J27_125_1305    272.5380     0.0    272.5380      0.0000  0.0000  Eval_32_1_DP_OP_55J27_125_1305_J27_0_36
core16_5/evalA_1                     781.0740      0.1      25.7040      0.0000  0.0000  Eval_32_55
core16_5/evalA_1/DP_OP_53J27_123_8507    196.9380     0.0    196.9380     0.0000 0.0000  Eval_32_1_DP_OP_53J27_123_8507_J27_0_35
core16_5/evalA_1/DP_OP_54J27_124_3738    285.8940     0.0    285.8940     0.0000 0.0000  Eval_32_1_DP_OP_54J27_124_3738_J27_0_35
core16_5/evalA_1/DP_OP_55J27_125_1305    272.5380     0.0    272.5380     0.0000 0.0000  Eval_32_1_DP_OP_55J27_125_1305_J27_0_35
core16_5/evalA_2                     781.0740      0.1      25.7040      0.0000  0.0000  Eval_32_54
core16_5/evalA_2/DP_OP_53J27_123_8507    196.9380     0.0    196.9380     0.0000 0.0000  Eval_32_1_DP_OP_53J27_123_8507_J27_0_34
core16_5/evalA_2/DP_OP_54J27_124_3738    285.8940     0.0    285.8940     0.0000 0.0000  Eval_32_1_DP_OP_54J27_124_3738_J27_0_34
core16_5/evalA_2/DP_OP_55J27_125_1305    272.5380     0.0    272.5380     0.0000 0.0000  Eval_32_1_DP_OP_55J27_125_1305_J27_0_34
core16_5/evalA_3                     784.0980      0.1      28.7280      0.0000  0.0000  Eval_32_53
core16_5/evalA_3/DP_OP_53J27_123_8507    196.9380     0.0    196.9380     0.0000 0.0000  Eval_32_1_DP_OP_53J27_123_8507_J27_0_33
core16_5/evalA_3/DP_OP_54J27_124_3738    285.8940     0.0    285.8940     0.0000 0.0000  Eval_32_1_DP_OP_54J27_124_3738_J27_0_33
core16_5/evalA_3/DP_OP_55J27_125_1305    272.5380     0.0    272.5380     0.0000 0.0000  Eval_32_1_DP_OP_55J27_125_1305_J27_0_33
core16_5/evalB                       681.1560      0.1      22.0500      0.0000  0.0000  Eval_33_56
core16_5/evalB/DP_OP_53J23_122_8097    171.2340     0.0    171.2340      0.0000  0.0000  Eval_33_1_DP_OP_53J23_122_8097_J23_0_32
core16_5/evalB/DP_OP_54J23_123_1200    250.6140     0.0    250.6140      0.0000  0.0000  Eval_33_1_DP_OP_54J23_123_1200_J23_0_32
core16_5/evalB/DP_OP_55J23_124_5184    237.2580     0.0    237.2580      0.0000  0.0000  Eval_33_1_DP_OP_55J23_124_5184_J23_0_32
core16_5/evalB_1                     684.5580      0.1      21.6720      0.0000  0.0000  Eval_33_55
core16_5/evalB_1/DP_OP_53J23_122_8097    171.8640     0.0    171.8640     0.0000 0.0000  Eval_33_1_DP_OP_53J23_122_8097_J23_0_31
core16_5/evalB_1/DP_OP_54J23_123_1200    251.8740     0.0    251.8740     0.0000 0.0000  Eval_33_1_DP_OP_54J23_123_1200_J23_0_31
core16_5/evalB_1/DP_OP_55J23_124_5184    239.1480     0.0    239.1480     0.0000 0.0000  Eval_33_1_DP_OP_55J23_124_5184_J23_0_31
core16_5/evalB_2                     691.4880      0.1      21.6720      0.0000  0.0000  Eval_33_54
core16_5/evalB_2/DP_OP_53J23_122_8097    176.2740     0.0    176.2740     0.0000 0.0000  Eval_33_1_DP_OP_53J23_122_8097_J23_0_30
core16_5/evalB_2/DP_OP_54J23_123_1200    250.6140     0.0    250.6140     0.0000 0.0000  Eval_33_1_DP_OP_54J23_123_1200_J23_0_30
core16_5/evalB_2/DP_OP_55J23_124_5184    242.9280     0.0    242.9280     0.0000 0.0000  Eval_33_1_DP_OP_55J23_124_5184_J23_0_30
core16_5/evalB_3                     688.3380      0.1      22.6800      0.0000  0.0000  Eval_33_53
core16_5/evalB_3/DP_OP_53J23_122_8097    173.7540     0.0    173.7540     0.0000 0.0000  Eval_33_1_DP_OP_53J23_122_8097_J23_0_29
core16_5/evalB_3/DP_OP_54J23_123_1200    252.5040     0.0    252.5040     0.0000 0.0000  Eval_33_1_DP_OP_54J23_123_1200_J23_0_29
core16_5/evalB_3/DP_OP_55J23_124_5184    239.4000     0.0    239.4000     0.0000 0.0000  Eval_33_1_DP_OP_55J23_124_5184_J23_0_29
core16_5/interp                     8083.0259      1.3       0.7560    872.9280  0.0000  Interpolation_7_1
core16_5/interp/interp              7209.3419      1.1       0.2520      0.0000  0.0000  InterpolationComb_7_1
core16_5/interp/interp/DP_OP_421J11_122_5430   7209.0899     1.1   7209.0899     0.0000 0.0000 InterpolationComb_7_1_DP_OP_421J11_122_5430_J11_0_0
core16_6                           80353.0970     12.5       2.0160   1671.2640  0.0000  core16_0
core16_6/core4_0                    8711.0099      1.3       1.0080    461.6640  0.0000  core4_6
core16_6/core4_0/evalA               618.6600      0.1      19.2780      0.0000  0.0000  Eval_32_6
core16_6/core4_0/evalA/DP_OP_54J25_122_2387    160.2720     0.0    160.2720     0.0000 0.0000 Eval_32_0_DP_OP_54J25_122_2387_J25_0_1
core16_6/core4_0/evalA/DP_OP_55J25_123_8268    216.5940     0.0    216.5940     0.0000 0.0000 Eval_32_0_DP_OP_55J25_123_8268_J25_0_1
core16_6/core4_0/evalA/DP_OP_56J25_124_2036    222.5160     0.0    222.5160     0.0000 0.0000 Eval_32_0_DP_OP_56J25_124_2036_J25_0_1
core16_6/core4_0/evalB               423.4860      0.1      13.6080      0.0000  0.0000  Eval_33_6
core16_6/core4_0/evalB/DP_OP_54J21_125_1607    108.8640     0.0    108.8640     0.0000 0.0000 Eval_33_0_DP_OP_54J21_125_1607_J21_0_1
core16_6/core4_0/evalB/DP_OP_55J21_126_5730    147.5460     0.0    147.5460     0.0000 0.0000 Eval_33_0_DP_OP_55J21_126_5730_J21_0_1
core16_6/core4_0/evalB/DP_OP_56J21_127_8412    153.4680     0.0    153.4680     0.0000 0.0000 Eval_33_0_DP_OP_56J21_127_8412_J21_0_1
core16_6/core4_0/interp             2057.5800      0.3       0.7560    235.8720  0.0000  Interpolation_6
core16_6/core4_0/interp/interp      1820.9520      0.3       0.2520      0.0000  0.0000  InterpolationComb_6
core16_6/core4_0/interp/interp/DP_OP_106J27_122_4702   1820.7000     0.3   1820.7000     0.0000 0.0000 InterpolationComb_0_DP_OP_106J27_122_4702_J27_0_2
core16_6/core4_0/mult_x_1            626.7240      0.1     626.7240      0.0000  0.0000  core4_0_DW_mult_uns_J13_3_1
core16_6/core4_0/mult_x_2            770.7420      0.1     770.7420      0.0000  0.0000  core4_0_DW_mult_uns_J13_2_1
core16_6/core4_0/mult_x_3            733.4460      0.1     733.4460      0.0000  0.0000  core4_0_DW_mult_tc_J13_2_1
core16_6/core4_0/mult_x_4            750.2040      0.1     750.2040      0.0000  0.0000  core4_0_DW_mult_tc_J13_1_1
core16_6/core4_0/mult_x_5            820.8900      0.1     820.8900      0.0000  0.0000  core4_0_DW_mult_uns_J13_1_1
core16_6/core4_0/mult_x_6            819.8820      0.1     819.8820      0.0000  0.0000  core4_0_DW_mult_tc_J13_0_1
core16_6/core4_0/mult_x_7            626.7240      0.1     626.7240      0.0000  0.0000  core4_0_DW_mult_uns_J13_0_1
core16_6/core4_1                    9791.9639      1.5       1.0080    461.4120  0.0000  core4_5
core16_6/core4_1/evalA               734.0760      0.1      22.4280      0.0000  0.0000  Eval_32_5
core16_6/core4_1/evalA/DP_OP_54J26_126_5391    189.8820     0.0    189.8820     0.0000 0.0000 Eval_32_5_DP_OP_54J26_126_5391_J26_0_0
core16_6/core4_1/evalA/DP_OP_55J26_127_1056    261.3240     0.0    261.3240     0.0000 0.0000 Eval_32_5_DP_OP_55J26_127_1056_J26_0_0
core16_6/core4_1/evalA/DP_OP_56J26_128_3738    260.4420     0.0    260.4420     0.0000 0.0000 Eval_32_5_DP_OP_56J26_128_3738_J26_0_0
core16_6/core4_1/evalB               545.7060      0.1      17.1360      0.0000  0.0000  Eval_33_5
core16_6/core4_1/evalB/DP_OP_54J28_125_3928    144.5220     0.0    144.5220     0.0000 0.0000 Eval_33_5_DP_OP_54J28_125_3928_J28_0_0
core16_6/core4_1/evalB/DP_OP_55J28_126_5326    192.2760     0.0    192.2760     0.0000 0.0000 Eval_33_5_DP_OP_55J28_126_5326_J28_0_0
core16_6/core4_1/evalB/DP_OP_56J28_127_8300    191.7720     0.0    191.7720     0.0000 0.0000 Eval_33_5_DP_OP_56J28_127_8300_J28_0_0
core16_6/core4_1/interp             2057.9580      0.3       0.7560    235.8720  0.0000  Interpolation_5
core16_6/core4_1/interp/interp      1821.3300      0.3       0.2520      0.0000  0.0000  InterpolationComb_5
core16_6/core4_1/interp/interp/DP_OP_106J27_122_4702   1821.0780     0.3   1821.0780     0.0000 0.0000 InterpolationComb_0_DP_OP_106J27_122_4702_J27_0_1
core16_6/core4_1/mult_x_1            770.7420      0.1     770.7420      0.0000  0.0000  core4_5_DW_mult_uns_J31_3_0
core16_6/core4_1/mult_x_2            870.6600      0.1     870.6600      0.0000  0.0000  core4_5_DW_mult_uns_J31_2_0
core16_6/core4_1/mult_x_3            883.8900      0.1     883.8900      0.0000  0.0000  core4_5_DW_mult_tc_J31_2_0
core16_6/core4_1/mult_x_4            877.9680      0.1     877.9680      0.0000  0.0000  core4_5_DW_mult_tc_J31_1_0
core16_6/core4_1/mult_x_5            898.1280      0.1     898.1280      0.0000  0.0000  core4_5_DW_mult_uns_J31_1_0
core16_6/core4_1/mult_x_6            919.6740      0.1     919.6740      0.0000  0.0000  core4_5_DW_mult_tc_J31_0_0
core16_6/core4_1/mult_x_7            770.7420      0.1     770.7420      0.0000  0.0000  core4_5_DW_mult_uns_J31_0_0
core16_6/core4_2                    9238.5719      1.4       1.0080    461.5380  0.0000  core4_4
core16_6/core4_2/evalA               660.3660      0.1      20.1600      0.0000  0.0000  Eval_32_4
core16_6/core4_2/evalA/DP_OP_53J27_123_8507    169.3440     0.0    169.3440     0.0000 0.0000 Eval_32_1_DP_OP_53J27_123_8507_J27_0_2
core16_6/core4_2/evalA/DP_OP_54J27_124_3738    232.8480     0.0    232.8480     0.0000 0.0000 Eval_32_1_DP_OP_54J27_124_3738_J27_0_2
core16_6/core4_2/evalA/DP_OP_55J27_125_1305    238.0140     0.0    238.0140     0.0000 0.0000 Eval_32_1_DP_OP_55J27_125_1305_J27_0_2
core16_6/core4_2/evalB               465.0660      0.1      14.6160      0.0000  0.0000  Eval_33_4
core16_6/core4_2/evalB/DP_OP_53J23_122_8097    117.9360     0.0    117.9360     0.0000 0.0000 Eval_33_1_DP_OP_53J23_122_8097_J23_0_2
core16_6/core4_2/evalB/DP_OP_54J23_123_1200    163.9260     0.0    163.9260     0.0000 0.0000 Eval_33_1_DP_OP_54J23_123_1200_J23_0_2
core16_6/core4_2/evalB/DP_OP_55J23_124_5184    168.5880     0.0    168.5880     0.0000 0.0000 Eval_33_1_DP_OP_55J23_124_5184_J23_0_2
core16_6/core4_2/interp             2150.4420      0.3       0.7560    243.9360  0.0000  Interpolation_4
core16_6/core4_2/interp/interp      1905.7500      0.3       0.2520      0.0000  0.0000  InterpolationComb_4
core16_6/core4_2/interp/interp/DP_OP_106J26_122_5351   1905.4980     0.3   1905.4980     0.0000 0.0000 InterpolationComb_1_DP_OP_106J26_122_5351_J26_0_3
core16_6/core4_2/mult_x_1            711.3960      0.1     711.3960      0.0000  0.0000  core4_1_DW_mult_tc_J18_6_2
core16_6/core4_2/mult_x_2            799.4700      0.1     799.4700      0.0000  0.0000  core4_1_DW_mult_tc_J18_5_2
core16_6/core4_2/mult_x_3            774.7740      0.1     774.7740      0.0000  0.0000  core4_1_DW_mult_tc_J18_4_2
core16_6/core4_2/mult_x_4            807.5340      0.1     807.5340      0.0000  0.0000  core4_1_DW_mult_tc_J18_3_2
core16_6/core4_2/mult_x_5            828.5760      0.1     828.5760      0.0000  0.0000  core4_1_DW_mult_tc_J18_2_2
core16_6/core4_2/mult_x_6            867.0060      0.1     867.0060      0.0000  0.0000  core4_1_DW_mult_tc_J18_1_2
core16_6/core4_2/mult_x_7            711.3960      0.1     711.3960      0.0000  0.0000  core4_1_DW_mult_tc_J18_0_2
core16_6/core4_3                   10193.5259      1.6       0.7560    461.2860  0.0000  core4_3
core16_6/core4_3/evalA               780.0660      0.1      24.6960      0.0000  0.0000  Eval_32_3
core16_6/core4_3/evalA/DP_OP_53J27_123_8507    196.9380     0.0    196.9380     0.0000 0.0000 Eval_32_1_DP_OP_53J27_123_8507_J27_0_1
core16_6/core4_3/evalA/DP_OP_54J27_124_3738    285.8940     0.0    285.8940     0.0000 0.0000 Eval_32_1_DP_OP_54J27_124_3738_J27_0_1
core16_6/core4_3/evalA/DP_OP_55J27_125_1305    272.5380     0.0    272.5380     0.0000 0.0000 Eval_32_1_DP_OP_55J27_125_1305_J27_0_1
core16_6/core4_3/evalB               685.9440      0.1      22.1760      0.0000  0.0000  Eval_33_3
core16_6/core4_3/evalB/DP_OP_53J23_122_8097    171.2340     0.0    171.2340     0.0000 0.0000 Eval_33_1_DP_OP_53J23_122_8097_J23_0_1
core16_6/core4_3/evalB/DP_OP_54J23_123_1200    252.6300     0.0    252.6300     0.0000 0.0000 Eval_33_1_DP_OP_54J23_123_1200_J23_0_1
core16_6/core4_3/evalB/DP_OP_55J23_124_5184    239.9040     0.0    239.9040     0.0000 0.0000 Eval_33_1_DP_OP_55J23_124_5184_J23_0_1
core16_6/core4_3/interp             2150.4420      0.3       0.7560    243.9360  0.0000  Interpolation_3
core16_6/core4_3/interp/interp      1905.7500      0.3       0.2520      0.0000  0.0000  InterpolationComb_3
core16_6/core4_3/interp/interp/DP_OP_106J26_122_5351   1905.4980     0.3   1905.4980     0.0000 0.0000 InterpolationComb_1_DP_OP_106J26_122_5351_J26_0_2
core16_6/core4_3/mult_x_1            724.5000      0.1     724.5000      0.0000  0.0000  core4_1_DW_mult_tc_J18_6_1
core16_6/core4_3/mult_x_2            896.3640      0.1     896.3640      0.0000  0.0000  core4_1_DW_mult_tc_J18_5_1
core16_6/core4_3/mult_x_3            941.9760      0.1     941.9760      0.0000  0.0000  core4_1_DW_mult_tc_J18_4_1
core16_6/core4_3/mult_x_4            942.1020      0.1     942.1020      0.0000  0.0000  core4_1_DW_mult_tc_J18_3_1
core16_6/core4_3/mult_x_5            941.9760      0.1     941.9760      0.0000  0.0000  core4_1_DW_mult_tc_J18_2_1
core16_6/core4_3/mult_x_6            943.6140      0.1     943.6140      0.0000  0.0000  core4_1_DW_mult_tc_J18_1_1
core16_6/core4_3/mult_x_7            724.5000      0.1     724.5000      0.0000  0.0000  core4_1_DW_mult_tc_J18_0_1
core16_6/core4_4                    9899.9459      1.5       1.0080    461.2860  0.0000  core4_2
core16_6/core4_4/evalA               735.5880      0.1      22.4280      0.0000  0.0000  Eval_32_2
core16_6/core4_4/evalA/DP_OP_54J13_122_8893    190.3860     0.0    190.3860     0.0000 0.0000 Eval_32_2_DP_OP_54J13_122_8893_J13_0_0
core16_6/core4_4/evalA/DP_OP_55J13_123_92    258.8040     0.0    258.8040     0.0000 0.0000 Eval_32_2_DP_OP_55J13_123_92_J13_0_0
core16_6/core4_4/evalA/DP_OP_56J13_124_3580    263.9700     0.0    263.9700     0.0000 0.0000 Eval_32_2_DP_OP_56J13_124_3580_J13_0_0
core16_6/core4_4/evalB               543.8160      0.1      17.3880      0.0000  0.0000  Eval_33_2
core16_6/core4_4/evalB/DP_OP_54J27_129_6473    140.9940     0.0    140.9940     0.0000 0.0000 Eval_33_2_DP_OP_54J27_129_6473_J27_0_0
core16_6/core4_4/evalB/DP_OP_55J27_130_780    189.7560     0.0    189.7560     0.0000 0.0000 Eval_33_2_DP_OP_55J27_130_780_J27_0_0
core16_6/core4_4/evalB/DP_OP_56J27_131_9714    195.6780     0.0    195.6780     0.0000 0.0000 Eval_33_2_DP_OP_56J27_131_9714_J27_0_0
core16_6/core4_4/interp             2150.4420      0.3       0.7560    243.9360  0.0000  Interpolation_2
core16_6/core4_4/interp/interp      1905.7500      0.3       0.2520      0.0000  0.0000  InterpolationComb_2
core16_6/core4_4/interp/interp/DP_OP_106J26_122_5351   1905.4980     0.3   1905.4980     0.0000 0.0000 InterpolationComb_1_DP_OP_106J26_122_5351_J26_0_1
core16_6/core4_4/mult_x_1            786.6180      0.1     786.6180      0.0000  0.0000  core4_2_DW_mult_uns_J33_3_0
core16_6/core4_4/mult_x_2            908.8380      0.1     908.8380      0.0000  0.0000  core4_2_DW_mult_uns_J33_2_0
core16_6/core4_4/mult_x_3            849.1140      0.1     849.1140      0.0000  0.0000  core4_2_DW_mult_tc_J33_2_0
core16_6/core4_4/mult_x_4            867.3840      0.1     867.3840      0.0000  0.0000  core4_2_DW_mult_tc_J33_1_0
core16_6/core4_4/mult_x_5            897.6240      0.1     897.6240      0.0000  0.0000  core4_2_DW_mult_uns_J33_1_0
core16_6/core4_4/mult_x_6            911.6100      0.1     911.6100      0.0000  0.0000  core4_2_DW_mult_tc_J33_0_0
core16_6/core4_4/mult_x_7            786.6180      0.1     786.6180      0.0000  0.0000  core4_2_DW_mult_uns_J33_0_0
core16_6/core4_5                   10317.8879      1.6       0.7560    461.4120  0.0000  core4_1
core16_6/core4_5/evalA               781.0740      0.1      25.7040      0.0000  0.0000  Eval_32_1
core16_6/core4_5/evalA/DP_OP_53J27_123_8507    196.9380     0.0    196.9380     0.0000 0.0000 Eval_32_1_DP_OP_53J27_123_8507_J27_0_0
core16_6/core4_5/evalA/DP_OP_54J27_124_3738    285.8940     0.0    285.8940     0.0000 0.0000 Eval_32_1_DP_OP_54J27_124_3738_J27_0_0
core16_6/core4_5/evalA/DP_OP_55J27_125_1305    272.5380     0.0    272.5380     0.0000 0.0000 Eval_32_1_DP_OP_55J27_125_1305_J27_0_0
core16_6/core4_5/evalB               682.7940      0.1      22.9320      0.0000  0.0000  Eval_33_1
core16_6/core4_5/evalB/DP_OP_53J23_122_8097    171.2340     0.0    171.2340     0.0000 0.0000 Eval_33_1_DP_OP_53J23_122_8097_J23_0_0
core16_6/core4_5/evalB/DP_OP_54J23_123_1200    251.3700     0.0    251.3700     0.0000 0.0000 Eval_33_1_DP_OP_54J23_123_1200_J23_0_0
core16_6/core4_5/evalB/DP_OP_55J23_124_5184    237.2580     0.0    237.2580     0.0000 0.0000 Eval_33_1_DP_OP_55J23_124_5184_J23_0_0
core16_6/core4_5/interp             2149.9380      0.3       0.7560    243.9360  0.0000  Interpolation_1
core16_6/core4_5/interp/interp      1905.2460      0.3       0.2520      0.0000  0.0000  InterpolationComb_1
core16_6/core4_5/interp/interp/DP_OP_106J26_122_5351   1904.9940     0.3   1904.9940     0.0000 0.0000 InterpolationComb_1_DP_OP_106J26_122_5351_J26_0_0
core16_6/core4_5/mult_x_1            787.6260      0.1     787.6260      0.0000  0.0000  core4_1_DW_mult_tc_J18_6_0
core16_6/core4_5/mult_x_2            896.3640      0.1     896.3640      0.0000  0.0000  core4_1_DW_mult_tc_J18_5_0
core16_6/core4_5/mult_x_3            942.7320      0.1     942.7320      0.0000  0.0000  core4_1_DW_mult_tc_J18_4_0
core16_6/core4_5/mult_x_4            942.1020      0.1     942.1020      0.0000  0.0000  core4_1_DW_mult_tc_J18_3_0
core16_6/core4_5/mult_x_5            943.4880      0.1     943.4880      0.0000  0.0000  core4_1_DW_mult_tc_J18_2_0
core16_6/core4_5/mult_x_6            941.9760      0.1     941.9760      0.0000  0.0000  core4_1_DW_mult_tc_J18_1_0
core16_6/core4_5/mult_x_7            787.6260      0.1     787.6260      0.0000  0.0000  core4_1_DW_mult_tc_J18_0_0
core16_6/core4_6                    8713.0259      1.4       1.0080    461.6640  0.0000  core4_0
core16_6/core4_6/evalA               618.5340      0.1      19.1520      0.0000  0.0000  Eval_32_0
core16_6/core4_6/evalA/DP_OP_54J25_122_2387    160.2720     0.0    160.2720     0.0000 0.0000 Eval_32_0_DP_OP_54J25_122_2387_J25_0_0
core16_6/core4_6/evalA/DP_OP_55J25_123_8268    216.5940     0.0    216.5940     0.0000 0.0000 Eval_32_0_DP_OP_55J25_123_8268_J25_0_0
core16_6/core4_6/evalA/DP_OP_56J25_124_2036    222.5160     0.0    222.5160     0.0000 0.0000 Eval_32_0_DP_OP_56J25_124_2036_J25_0_0
core16_6/core4_6/evalB               424.7460      0.1      13.6080      0.0000  0.0000  Eval_33_0
core16_6/core4_6/evalB/DP_OP_54J21_125_1607    108.8640     0.0    108.8640     0.0000 0.0000 Eval_33_0_DP_OP_54J21_125_1607_J21_0_0
core16_6/core4_6/evalB/DP_OP_55J21_126_5730    147.5460     0.0    147.5460     0.0000 0.0000 Eval_33_0_DP_OP_55J21_126_5730_J21_0_0
core16_6/core4_6/evalB/DP_OP_56J21_127_8412    154.7280     0.0    154.7280     0.0000 0.0000 Eval_33_0_DP_OP_56J21_127_8412_J21_0_0
core16_6/core4_6/interp             2057.9580      0.3       0.7560    235.8720  0.0000  Interpolation_0
core16_6/core4_6/interp/interp      1821.3300      0.3       0.2520      0.0000  0.0000  InterpolationComb_0
core16_6/core4_6/interp/interp/DP_OP_106J27_122_4702   1821.0780     0.3   1821.0780     0.0000 0.0000 InterpolationComb_0_DP_OP_106J27_122_4702_J27_0_0
core16_6/core4_6/mult_x_1            626.7240      0.1     626.7240      0.0000  0.0000  core4_0_DW_mult_uns_J13_3_0
core16_6/core4_6/mult_x_2            770.7420      0.1     770.7420      0.0000  0.0000  core4_0_DW_mult_uns_J13_2_0
core16_6/core4_6/mult_x_3            733.4460      0.1     733.4460      0.0000  0.0000  core4_0_DW_mult_tc_J13_2_0
core16_6/core4_6/mult_x_4            750.0780      0.1     750.0780      0.0000  0.0000  core4_0_DW_mult_tc_J13_1_0
core16_6/core4_6/mult_x_5            821.5200      0.1     821.5200      0.0000  0.0000  core4_0_DW_mult_uns_J13_1_0
core16_6/core4_6/mult_x_6            819.8820      0.1     819.8820      0.0000  0.0000  core4_0_DW_mult_tc_J13_0_0
core16_6/core4_6/mult_x_7            626.7240      0.1     626.7240      0.0000  0.0000  core4_0_DW_mult_uns_J13_0_0
core16_6/evalA                       618.5340      0.1      19.1520      0.0000  0.0000  Eval_32_52
core16_6/evalA/DP_OP_54J33_122_4711    160.2720     0.0    160.2720      0.0000  0.0000  Eval_32_49_DP_OP_54J33_122_4711_J33_0_3
core16_6/evalA/DP_OP_55J33_123_8408    216.5940     0.0    216.5940      0.0000  0.0000  Eval_32_49_DP_OP_55J33_123_8408_J33_0_3
core16_6/evalA/DP_OP_56J33_124_9411    222.5160     0.0    222.5160      0.0000  0.0000  Eval_32_49_DP_OP_56J33_124_9411_J33_0_3
core16_6/evalA_1                     617.9040      0.1      18.5220      0.0000  0.0000  Eval_32_51
core16_6/evalA_1/DP_OP_54J33_122_4711    160.2720     0.0    160.2720     0.0000 0.0000  Eval_32_49_DP_OP_54J33_122_4711_J33_0_2
core16_6/evalA_1/DP_OP_55J33_123_8408    216.5940     0.0    216.5940     0.0000 0.0000  Eval_32_49_DP_OP_55J33_123_8408_J33_0_2
core16_6/evalA_1/DP_OP_56J33_124_9411    222.5160     0.0    222.5160     0.0000 0.0000  Eval_32_49_DP_OP_56J33_124_9411_J33_0_2
core16_6/evalA_2                     617.9040      0.1      18.5220      0.0000  0.0000  Eval_32_50
core16_6/evalA_2/DP_OP_54J33_122_4711    160.2720     0.0    160.2720     0.0000 0.0000  Eval_32_49_DP_OP_54J33_122_4711_J33_0_1
core16_6/evalA_2/DP_OP_55J33_123_8408    216.5940     0.0    216.5940     0.0000 0.0000  Eval_32_49_DP_OP_55J33_123_8408_J33_0_1
core16_6/evalA_2/DP_OP_56J33_124_9411    222.5160     0.0    222.5160     0.0000 0.0000  Eval_32_49_DP_OP_56J33_124_9411_J33_0_1
core16_6/evalA_3                     618.6600      0.1      19.2780      0.0000  0.0000  Eval_32_49
core16_6/evalA_3/DP_OP_54J33_122_4711    160.2720     0.0    160.2720     0.0000 0.0000  Eval_32_49_DP_OP_54J33_122_4711_J33_0_0
core16_6/evalA_3/DP_OP_55J33_123_8408    216.5940     0.0    216.5940     0.0000 0.0000  Eval_32_49_DP_OP_55J33_123_8408_J33_0_0
core16_6/evalA_3/DP_OP_56J33_124_9411    222.5160     0.0    222.5160     0.0000 0.0000  Eval_32_49_DP_OP_56J33_124_9411_J33_0_0
core16_6/evalB                       430.6680      0.1      13.8600      0.0000  0.0000  Eval_33_52
core16_6/evalB/DP_OP_54J22_125_1425    108.8640     0.0    108.8640      0.0000  0.0000  Eval_33_49_DP_OP_54J22_125_1425_J22_0_3
core16_6/evalB/DP_OP_55J22_126_784    152.7120     0.0     152.7120      0.0000  0.0000  Eval_33_49_DP_OP_55J22_126_784_J22_0_3
core16_6/evalB/DP_OP_56J22_127_3466    155.2320     0.0    155.2320      0.0000  0.0000  Eval_33_49_DP_OP_56J22_127_3466_J22_0_3
core16_6/evalB_1                     422.3520      0.1      12.4740      0.0000  0.0000  Eval_33_51
core16_6/evalB_1/DP_OP_54J22_125_1425    108.8640     0.0    108.8640     0.0000 0.0000  Eval_33_49_DP_OP_54J22_125_1425_J22_0_2
core16_6/evalB_1/DP_OP_55J22_126_784    147.5460     0.0    147.5460     0.0000  0.0000  Eval_33_49_DP_OP_55J22_126_784_J22_0_2
core16_6/evalB_1/DP_OP_56J22_127_3466    153.4680     0.0    153.4680     0.0000 0.0000  Eval_33_49_DP_OP_56J22_127_3466_J22_0_2
core16_6/evalB_2                     422.4780      0.1      12.6000      0.0000  0.0000  Eval_33_50
core16_6/evalB_2/DP_OP_54J22_125_1425    108.8640     0.0    108.8640     0.0000 0.0000  Eval_33_49_DP_OP_54J22_125_1425_J22_0_1
core16_6/evalB_2/DP_OP_55J22_126_784    147.5460     0.0    147.5460     0.0000  0.0000  Eval_33_49_DP_OP_55J22_126_784_J22_0_1
core16_6/evalB_2/DP_OP_56J22_127_3466    153.4680     0.0    153.4680     0.0000 0.0000  Eval_33_49_DP_OP_56J22_127_3466_J22_0_1
core16_6/evalB_3                     426.7620      0.1      13.8600      0.0000  0.0000  Eval_33_49
core16_6/evalB_3/DP_OP_54J22_125_1425    108.8640     0.0    108.8640     0.0000 0.0000  Eval_33_49_DP_OP_54J22_125_1425_J22_0_0
core16_6/evalB_3/DP_OP_55J22_126_784    148.8060     0.0    148.8060     0.0000  0.0000  Eval_33_49_DP_OP_55J22_126_784_J22_0_0
core16_6/evalB_3/DP_OP_56J22_127_3466    155.2320     0.0    155.2320     0.0000 0.0000  Eval_33_49_DP_OP_56J22_127_3466_J22_0_0
core16_6/interp                     7638.6239      1.2       0.7560    840.6720  0.0000  Interpolation_7_0
core16_6/interp/interp              6797.1959      1.1       0.2520      0.0000  0.0000  InterpolationComb_7_0
core16_6/interp/interp/DP_OP_421J12_122_2675   6796.9439     1.1   6796.9439     0.0000 0.0000 InterpolationComb_7_0_DP_OP_421J12_122_2675_J12_0_0
evalA                                617.4000      0.1      22.1760      0.0000  0.0000  Eval_16
evalA/DP_OP_52J16_125_6887           160.2720      0.0     160.2720      0.0000  0.0000  Eval_0_DP_OP_52J16_125_6887_J16_0_15
evalA/DP_OP_53J16_126_2684           213.9480      0.0     213.9480      0.0000  0.0000  Eval_0_DP_OP_53J16_126_2684_J16_0_15
evalA/DP_OP_54J16_127_8373           221.0040      0.0     221.0040      0.0000  0.0000  Eval_0_DP_OP_54J16_127_8373_J16_0_15
evalA_1                              617.9040      0.1      22.5540      0.0000  0.0000  Eval_15
evalA_1/DP_OP_52J16_125_6887         160.2720      0.0     160.2720      0.0000  0.0000  Eval_0_DP_OP_52J16_125_6887_J16_0_14
evalA_1/DP_OP_53J16_126_2684         213.9480      0.0     213.9480      0.0000  0.0000  Eval_0_DP_OP_53J16_126_2684_J16_0_14
evalA_1/DP_OP_54J16_127_8373         221.1300      0.0     221.1300      0.0000  0.0000  Eval_0_DP_OP_54J16_127_8373_J16_0_14
evalA_10                             617.9040      0.1      22.5540      0.0000  0.0000  Eval_6
evalA_10/DP_OP_52J16_125_6887        160.2720      0.0     160.2720      0.0000  0.0000  Eval_0_DP_OP_52J16_125_6887_J16_0_5
evalA_10/DP_OP_53J16_126_2684        213.9480      0.0     213.9480      0.0000  0.0000  Eval_0_DP_OP_53J16_126_2684_J16_0_5
evalA_10/DP_OP_54J16_127_8373        221.1300      0.0     221.1300      0.0000  0.0000  Eval_0_DP_OP_54J16_127_8373_J16_0_5
evalA_11                             617.2740      0.1      22.0500      0.0000  0.0000  Eval_5
evalA_11/DP_OP_52J16_125_6887        160.2720      0.0     160.2720      0.0000  0.0000  Eval_0_DP_OP_52J16_125_6887_J16_0_4
evalA_11/DP_OP_53J16_126_2684        213.9480      0.0     213.9480      0.0000  0.0000  Eval_0_DP_OP_53J16_126_2684_J16_0_4
evalA_11/DP_OP_54J16_127_8373        221.0040      0.0     221.0040      0.0000  0.0000  Eval_0_DP_OP_54J16_127_8373_J16_0_4
evalA_12                             617.1480      0.1      21.9240      0.0000  0.0000  Eval_4
evalA_12/DP_OP_52J16_125_6887        160.2720      0.0     160.2720      0.0000  0.0000  Eval_0_DP_OP_52J16_125_6887_J16_0_3
evalA_12/DP_OP_53J16_126_2684        213.9480      0.0     213.9480      0.0000  0.0000  Eval_0_DP_OP_53J16_126_2684_J16_0_3
evalA_12/DP_OP_54J16_127_8373        221.0040      0.0     221.0040      0.0000  0.0000  Eval_0_DP_OP_54J16_127_8373_J16_0_3
evalA_13                             617.9040      0.1      22.5540      0.0000  0.0000  Eval_3
evalA_13/DP_OP_52J16_125_6887        160.2720      0.0     160.2720      0.0000  0.0000  Eval_0_DP_OP_52J16_125_6887_J16_0_2
evalA_13/DP_OP_53J16_126_2684        213.9480      0.0     213.9480      0.0000  0.0000  Eval_0_DP_OP_53J16_126_2684_J16_0_2
evalA_13/DP_OP_54J16_127_8373        221.1300      0.0     221.1300      0.0000  0.0000  Eval_0_DP_OP_54J16_127_8373_J16_0_2
evalA_14                             617.9040      0.1      22.5540      0.0000  0.0000  Eval_2
evalA_14/DP_OP_52J16_125_6887        160.2720      0.0     160.2720      0.0000  0.0000  Eval_0_DP_OP_52J16_125_6887_J16_0_1
evalA_14/DP_OP_53J16_126_2684        213.9480      0.0     213.9480      0.0000  0.0000  Eval_0_DP_OP_53J16_126_2684_J16_0_1
evalA_14/DP_OP_54J16_127_8373        221.1300      0.0     221.1300      0.0000  0.0000  Eval_0_DP_OP_54J16_127_8373_J16_0_1
evalA_15                             616.8960      0.1      21.6720      0.0000  0.0000  Eval_0
evalA_15/DP_OP_52J16_125_6887        160.2720      0.0     160.2720      0.0000  0.0000  Eval_0_DP_OP_52J16_125_6887_J16_0_0
evalA_15/DP_OP_53J16_126_2684        213.9480      0.0     213.9480      0.0000  0.0000  Eval_0_DP_OP_53J16_126_2684_J16_0_0
evalA_15/DP_OP_54J16_127_8373        221.0040      0.0     221.0040      0.0000  0.0000  Eval_0_DP_OP_54J16_127_8373_J16_0_0
evalA_2                              617.9040      0.1      22.5540      0.0000  0.0000  Eval_14
evalA_2/DP_OP_52J16_125_6887         160.2720      0.0     160.2720      0.0000  0.0000  Eval_0_DP_OP_52J16_125_6887_J16_0_13
evalA_2/DP_OP_53J16_126_2684         213.9480      0.0     213.9480      0.0000  0.0000  Eval_0_DP_OP_53J16_126_2684_J16_0_13
evalA_2/DP_OP_54J16_127_8373         221.1300      0.0     221.1300      0.0000  0.0000  Eval_0_DP_OP_54J16_127_8373_J16_0_13
evalA_3                              617.1480      0.1      21.9240      0.0000  0.0000  Eval_13
evalA_3/DP_OP_52J16_125_6887         160.2720      0.0     160.2720      0.0000  0.0000  Eval_0_DP_OP_52J16_125_6887_J16_0_12
evalA_3/DP_OP_53J16_126_2684         213.9480      0.0     213.9480      0.0000  0.0000  Eval_0_DP_OP_53J16_126_2684_J16_0_12
evalA_3/DP_OP_54J16_127_8373         221.0040      0.0     221.0040      0.0000  0.0000  Eval_0_DP_OP_54J16_127_8373_J16_0_12
evalA_4                              617.1480      0.1      21.9240      0.0000  0.0000  Eval_12
evalA_4/DP_OP_52J16_125_6887         160.2720      0.0     160.2720      0.0000  0.0000  Eval_0_DP_OP_52J16_125_6887_J16_0_11
evalA_4/DP_OP_53J16_126_2684         213.9480      0.0     213.9480      0.0000  0.0000  Eval_0_DP_OP_53J16_126_2684_J16_0_11
evalA_4/DP_OP_54J16_127_8373         221.0040      0.0     221.0040      0.0000  0.0000  Eval_0_DP_OP_54J16_127_8373_J16_0_11
evalA_5                              617.9040      0.1      22.5540      0.0000  0.0000  Eval_11
evalA_5/DP_OP_52J16_125_6887         160.2720      0.0     160.2720      0.0000  0.0000  Eval_0_DP_OP_52J16_125_6887_J16_0_10
evalA_5/DP_OP_53J16_126_2684         213.9480      0.0     213.9480      0.0000  0.0000  Eval_0_DP_OP_53J16_126_2684_J16_0_10
evalA_5/DP_OP_54J16_127_8373         221.1300      0.0     221.1300      0.0000  0.0000  Eval_0_DP_OP_54J16_127_8373_J16_0_10
evalA_6                              617.9040      0.1      22.5540      0.0000  0.0000  Eval_10
evalA_6/DP_OP_52J16_125_6887         160.2720      0.0     160.2720      0.0000  0.0000  Eval_0_DP_OP_52J16_125_6887_J16_0_9
evalA_6/DP_OP_53J16_126_2684         213.9480      0.0     213.9480      0.0000  0.0000  Eval_0_DP_OP_53J16_126_2684_J16_0_9
evalA_6/DP_OP_54J16_127_8373         221.1300      0.0     221.1300      0.0000  0.0000  Eval_0_DP_OP_54J16_127_8373_J16_0_9
evalA_7                              617.2740      0.1      22.0500      0.0000  0.0000  Eval_9
evalA_7/DP_OP_52J16_125_6887         160.2720      0.0     160.2720      0.0000  0.0000  Eval_0_DP_OP_52J16_125_6887_J16_0_8
evalA_7/DP_OP_53J16_126_2684         213.9480      0.0     213.9480      0.0000  0.0000  Eval_0_DP_OP_53J16_126_2684_J16_0_8
evalA_7/DP_OP_54J16_127_8373         221.0040      0.0     221.0040      0.0000  0.0000  Eval_0_DP_OP_54J16_127_8373_J16_0_8
evalA_8                              617.1480      0.1      21.9240      0.0000  0.0000  Eval_8
evalA_8/DP_OP_52J16_125_6887         160.2720      0.0     160.2720      0.0000  0.0000  Eval_0_DP_OP_52J16_125_6887_J16_0_7
evalA_8/DP_OP_53J16_126_2684         213.9480      0.0     213.9480      0.0000  0.0000  Eval_0_DP_OP_53J16_126_2684_J16_0_7
evalA_8/DP_OP_54J16_127_8373         221.0040      0.0     221.0040      0.0000  0.0000  Eval_0_DP_OP_54J16_127_8373_J16_0_7
evalA_9                              617.9040      0.1      22.5540      0.0000  0.0000  Eval_7
evalA_9/DP_OP_52J16_125_6887         160.2720      0.0     160.2720      0.0000  0.0000  Eval_0_DP_OP_52J16_125_6887_J16_0_6
evalA_9/DP_OP_53J16_126_2684         213.9480      0.0     213.9480      0.0000  0.0000  Eval_0_DP_OP_53J16_126_2684_J16_0_6
evalA_9/DP_OP_54J16_127_8373         221.1300      0.0     221.1300      0.0000  0.0000  Eval_0_DP_OP_54J16_127_8373_J16_0_6
evalB                                423.9900      0.1      18.2700      0.0000  0.0000  Eval_1_15
evalB/DP_OP_52J25_125_2082           110.1240      0.0     110.1240      0.0000  0.0000  Eval_1_0_DP_OP_52J25_125_2082_J25_0_15
evalB/DP_OP_53J25_126_7779           145.1520      0.0     145.1520      0.0000  0.0000  Eval_1_0_DP_OP_53J25_126_7779_J25_0_15
evalB/DP_OP_54J25_127_2477           150.4440      0.0     150.4440      0.0000  0.0000  Eval_1_0_DP_OP_54J25_127_2477_J25_0_15
evalB_1                              427.0140      0.1      19.5300      0.0000  0.0000  Eval_1_14
evalB_1/DP_OP_52J25_125_2082         108.8640      0.0     108.8640      0.0000  0.0000  Eval_1_0_DP_OP_52J25_125_2082_J25_0_14
evalB_1/DP_OP_53J25_126_7779         146.7900      0.0     146.7900      0.0000  0.0000  Eval_1_0_DP_OP_53J25_126_7779_J25_0_14
evalB_1/DP_OP_54J25_127_2477         151.8300      0.0     151.8300      0.0000  0.0000  Eval_1_0_DP_OP_54J25_127_2477_J25_0_14
evalB_10                             427.6440      0.1      19.5300      0.0000  0.0000  Eval_1_5
evalB_10/DP_OP_52J25_125_2082        112.2660      0.0     112.2660      0.0000  0.0000  Eval_1_0_DP_OP_52J25_125_2082_J25_0_5
evalB_10/DP_OP_53J25_126_7779        143.7660      0.0     143.7660      0.0000  0.0000  Eval_1_0_DP_OP_53J25_126_7779_J25_0_5
evalB_10/DP_OP_54J25_127_2477        152.0820      0.0     152.0820      0.0000  0.0000  Eval_1_0_DP_OP_54J25_127_2477_J25_0_5
evalB_11                             422.7300      0.1      16.5060      0.0000  0.0000  Eval_1_4
evalB_11/DP_OP_52J25_125_2082        110.1240      0.0     110.1240      0.0000  0.0000  Eval_1_0_DP_OP_52J25_125_2082_J25_0_4
evalB_11/DP_OP_53J25_126_7779        143.5140      0.0     143.5140      0.0000  0.0000  Eval_1_0_DP_OP_53J25_126_7779_J25_0_4
evalB_11/DP_OP_54J25_127_2477        152.5860      0.0     152.5860      0.0000  0.0000  Eval_1_0_DP_OP_54J25_127_2477_J25_0_4
evalB_12                             425.1240      0.1      19.0260      0.0000  0.0000  Eval_1_3
evalB_12/DP_OP_52J25_125_2082        108.8640      0.0     108.8640      0.0000  0.0000  Eval_1_0_DP_OP_52J25_125_2082_J25_0_3
evalB_12/DP_OP_53J25_126_7779        143.7660      0.0     143.7660      0.0000  0.0000  Eval_1_0_DP_OP_53J25_126_7779_J25_0_3
evalB_12/DP_OP_54J25_127_2477        153.4680      0.0     153.4680      0.0000  0.0000  Eval_1_0_DP_OP_54J25_127_2477_J25_0_3
evalB_13                             435.5820      0.1      19.5300      0.0000  0.0000  Eval_1_2
evalB_13/DP_OP_52J25_125_2082        112.2660      0.0     112.2660      0.0000  0.0000  Eval_1_0_DP_OP_52J25_125_2082_J25_0_2
evalB_13/DP_OP_53J25_126_7779        148.0500      0.0     148.0500      0.0000  0.0000  Eval_1_0_DP_OP_53J25_126_7779_J25_0_2
evalB_13/DP_OP_54J25_127_2477        155.7360      0.0     155.7360      0.0000  0.0000  Eval_1_0_DP_OP_54J25_127_2477_J25_0_2
evalB_14                             431.9280      0.1      19.5300      0.0000  0.0000  Eval_1_1
evalB_14/DP_OP_52J25_125_2082        108.8640      0.0     108.8640      0.0000  0.0000  Eval_1_0_DP_OP_52J25_125_2082_J25_0_1
evalB_14/DP_OP_53J25_126_7779        148.3020      0.0     148.3020      0.0000  0.0000  Eval_1_0_DP_OP_53J25_126_7779_J25_0_1
evalB_14/DP_OP_54J25_127_2477        155.2320      0.0     155.2320      0.0000  0.0000  Eval_1_0_DP_OP_54J25_127_2477_J25_0_1
evalB_15                             437.5980      0.1      19.6560      0.0000  0.0000  Eval_1_0
evalB_15/DP_OP_52J25_125_2082        109.4940      0.0     109.4940      0.0000  0.0000  Eval_1_0_DP_OP_52J25_125_2082_J25_0_0
evalB_15/DP_OP_53J25_126_7779        148.1760      0.0     148.1760      0.0000  0.0000  Eval_1_0_DP_OP_53J25_126_7779_J25_0_0
evalB_15/DP_OP_54J25_127_2477        160.2720      0.0     160.2720      0.0000  0.0000  Eval_1_0_DP_OP_54J25_127_2477_J25_0_0
evalB_2                              437.2200      0.1      19.5300      0.0000  0.0000  Eval_1_13
evalB_2/DP_OP_52J25_125_2082         112.1400      0.0     112.1400      0.0000  0.0000  Eval_1_0_DP_OP_52J25_125_2082_J25_0_13
evalB_2/DP_OP_53J25_126_7779         152.2080      0.0     152.2080      0.0000  0.0000  Eval_1_0_DP_OP_53J25_126_7779_J25_0_13
evalB_2/DP_OP_54J25_127_2477         153.3420      0.0     153.3420      0.0000  0.0000  Eval_1_0_DP_OP_54J25_127_2477_J25_0_13
evalB_3                              431.5500      0.1      19.2780      0.0000  0.0000  Eval_1_12
evalB_3/DP_OP_52J25_125_2082         113.5260      0.0     113.5260      0.0000  0.0000  Eval_1_0_DP_OP_52J25_125_2082_J25_0_12
evalB_3/DP_OP_53J25_126_7779         147.0420      0.0     147.0420      0.0000  0.0000  Eval_1_0_DP_OP_53J25_126_7779_J25_0_12
evalB_3/DP_OP_54J25_127_2477         151.7040      0.0     151.7040      0.0000  0.0000  Eval_1_0_DP_OP_54J25_127_2477_J25_0_12
evalB_4                              421.2180      0.1      16.3800      0.0000  0.0000  Eval_1_11
evalB_4/DP_OP_52J25_125_2082         109.4940      0.0     109.4940      0.0000  0.0000  Eval_1_0_DP_OP_52J25_125_2082_J25_0_11
evalB_4/DP_OP_53J25_126_7779         143.3880      0.0     143.3880      0.0000  0.0000  Eval_1_0_DP_OP_53J25_126_7779_J25_0_11
evalB_4/DP_OP_54J25_127_2477         151.9560      0.0     151.9560      0.0000  0.0000  Eval_1_0_DP_OP_54J25_127_2477_J25_0_11
evalB_5                              430.6680      0.1      19.5300      0.0000  0.0000  Eval_1_10
evalB_5/DP_OP_52J25_125_2082         111.8880      0.0     111.8880      0.0000  0.0000  Eval_1_0_DP_OP_52J25_125_2082_J25_0_10
evalB_5/DP_OP_53J25_126_7779         145.5300      0.0     145.5300      0.0000  0.0000  Eval_1_0_DP_OP_53J25_126_7779_J25_0_10
evalB_5/DP_OP_54J25_127_2477         153.7200      0.0     153.7200      0.0000  0.0000  Eval_1_0_DP_OP_54J25_127_2477_J25_0_10
evalB_6                              433.8180      0.1      19.5300      0.0000  0.0000  Eval_1_9
evalB_6/DP_OP_52J25_125_2082         112.2660      0.0     112.2660      0.0000  0.0000  Eval_1_0_DP_OP_52J25_125_2082_J25_0_9
evalB_6/DP_OP_53J25_126_7779         145.1520      0.0     145.1520      0.0000  0.0000  Eval_1_0_DP_OP_53J25_126_7779_J25_0_9
evalB_6/DP_OP_54J25_127_2477         156.8700      0.0     156.8700      0.0000  0.0000  Eval_1_0_DP_OP_54J25_127_2477_J25_0_9
evalB_7                              430.1640      0.1      17.0100      0.0000  0.0000  Eval_1_8
evalB_7/DP_OP_52J25_125_2082         112.7700      0.0     112.7700      0.0000  0.0000  Eval_1_0_DP_OP_52J25_125_2082_J25_0_8
evalB_7/DP_OP_53J25_126_7779         145.7820      0.0     145.7820      0.0000  0.0000  Eval_1_0_DP_OP_53J25_126_7779_J25_0_8
evalB_7/DP_OP_54J25_127_2477         154.6020      0.0     154.6020      0.0000  0.0000  Eval_1_0_DP_OP_54J25_127_2477_J25_0_8
evalB_8                              425.1240      0.1      16.6320      0.0000  0.0000  Eval_1_7
evalB_8/DP_OP_52J25_125_2082         108.8640      0.0     108.8640      0.0000  0.0000  Eval_1_0_DP_OP_52J25_125_2082_J25_0_7
evalB_8/DP_OP_53J25_126_7779         149.4360      0.0     149.4360      0.0000  0.0000  Eval_1_0_DP_OP_53J25_126_7779_J25_0_7
evalB_8/DP_OP_54J25_127_2477         150.1920      0.0     150.1920      0.0000  0.0000  Eval_1_0_DP_OP_54J25_127_2477_J25_0_7
evalB_9                              428.9040      0.1      19.5300      0.0000  0.0000  Eval_1_6
evalB_9/DP_OP_52J25_125_2082         110.5020      0.0     110.5020      0.0000  0.0000  Eval_1_0_DP_OP_52J25_125_2082_J25_0_6
evalB_9/DP_OP_53J25_126_7779         145.1520      0.0     145.1520      0.0000  0.0000  Eval_1_0_DP_OP_53J25_126_7779_J25_0_6
evalB_9/DP_OP_54J25_127_2477         153.7200      0.0     153.7200      0.0000  0.0000  Eval_1_0_DP_OP_54J25_127_2477_J25_0_6
interp                             28597.9676      4.4       0.7560   3098.5920  0.0000  Interpolation_56
interp/interp                      25498.6196      4.0       0.2520      0.0000  0.0000  InterpolationComb_56
interp/interp/DP_OP_1681J3_122_2968  25498.3676     4.0  25498.3676      0.0000  0.0000  InterpolationComb_56_DP_OP_1681J3_122_2968_J3_0
--------------------------------  -----------  -------  -----------  ----------  ------  ---------------------------------------------------
Total                                                   584054.0910  61207.9030  0.0000

1
