 
****************************************
Report : area
Design : core64_a36_b8_c36
Version: O-2018.06-SP5
Date   : Wed May 13 09:09:58 2026
****************************************

Library(s) Used:

    tcbn28hpcplusbwp40p140lvtssg0p81vm40c_ccs (File: /export1/Library/TN28HPC+/STD_CELL_ext/track9_200824/TSMCHOME/digital/Front_End/timing_power_noise/CCS/tcbn28hpcplusbwp40p140lvt_180a/tcbn28hpcplusbwp40p140lvtssg0p81vm40c_ccs.db)
    tcbn28hpcplusbwp40p140ssg0p81vm40c_ccs (File: /export1/Library/TN28HPC+/STD_CELL_ext/track9_200824/TSMCHOME/digital/Front_End/timing_power_noise/CCS/tcbn28hpcplusbwp40p140_180a/tcbn28hpcplusbwp40p140ssg0p81vm40c_ccs.db)
    tcbn28hpcplusbwp40p140hvtssg0p81vm40c_ccs (File: /export1/Library/TN28HPC+/STD_CELL_ext/track9_200824/TSMCHOME/digital/Front_End/timing_power_noise/CCS/tcbn28hpcplusbwp40p140hvt_180a/tcbn28hpcplusbwp40p140hvtssg0p81vm40c_ccs.db)

Number of ports:                       396530
Number of nets:                       1267103
Number of cells:                       651698
Number of combinational cells:         601656
Number of sequential cells:             42642
Number of macros/black boxes:               0
Number of buf/inv:                      74042
Number of references:                      45

Combinational area:             765323.735936
Buf/Inv area:                    20128.878151
Noncombinational area:           84034.062666
Macro/Black Box area:                0.000000
Net Interconnect area:      undefined  (Wire load has zero net area)

Total cell area:                849357.798602
Total area:                 undefined

Hierarchical area distribution
------------------------------

                                  Global cell area              Local cell area
                                  --------------------  ------------------------------- 
Hierarchical cell                 Absolute     Percent  Combi-       Noncombi-   Black-
                                  Total        Total    national     national    boxes   Design
--------------------------------  -----------  -------  -----------  ----------  ------  ---------------------------------------------------
core64_a36_b8_c36                 849357.7986    100.0       2.0160   8711.1361  0.0000  core64_a36_b8_c36
core16_0                          101918.1226     12.0       2.6460   2348.6400  0.0000  core16_6
core16_0/core4_0                   10027.7098      1.2       0.7560    591.5700  0.0000  core4_48
core16_0/core4_0/evalA               915.8940      0.1      27.7200      0.0000  0.0000  Eval_32_48
core16_0/core4_0/evalA/DP_OP_54J28_122_5955    237.3840     0.0    237.3840     0.0000 0.0000 Eval_32_0_DP_OP_54J28_122_5955_J28_0_3
core16_0/core4_0/evalA/DP_OP_55J28_123_5437    322.4340     0.0    322.4340     0.0000 0.0000 Eval_32_0_DP_OP_55J28_123_5437_J28_0_3
core16_0/core4_0/evalA/DP_OP_56J28_124_5252    328.3560     0.0    328.3560     0.0000 0.0000 Eval_32_0_DP_OP_56J28_124_5252_J28_0_3
core16_0/core4_0/evalB               225.9180      0.0       6.5520      0.0000  0.0000  Eval_33_48
core16_0/core4_0/evalB/DP_OP_54J21_129_7149     57.4560     0.0     57.4560     0.0000 0.0000 Eval_33_0_DP_OP_54J21_129_7149_J21_0_3
core16_0/core4_0/evalB/DP_OP_55J21_130_8220     79.0020     0.0     79.0020     0.0000 0.0000 Eval_33_0_DP_OP_55J21_130_8220_J21_0_3
core16_0/core4_0/evalB/DP_OP_56J21_131_9312     82.9080     0.0     82.9080     0.0000 0.0000 Eval_33_0_DP_OP_56J21_131_9312_J21_0_3
core16_0/core4_0/interp             3355.7580      0.4       0.7560    332.6400  0.0000  Interpolation_49
core16_0/core4_0/interp/interp      3022.3620      0.4       0.2520      0.0000  0.0000  InterpolationComb_49
core16_0/core4_0/interp/interp/DP_OP_106J21_122_6228   3022.1100     0.4   3022.1100     0.0000 0.0000 InterpolationComb_0_DP_OP_106J21_122_6228_J21_0_20
core16_0/core4_0/mult_x_1            489.5100      0.1     489.5100      0.0000  0.0000  core4_48_DW_mult_uns_J32_3
core16_0/core4_0/mult_x_2            827.1900      0.1     827.1900      0.0000  0.0000  core4_48_DW_mult_uns_J32_2
core16_0/core4_0/mult_x_3            654.8220      0.1     654.8220      0.0000  0.0000  core4_48_DW_mult_tc_J32_2
core16_0/core4_0/mult_x_4            746.4240      0.1     746.4240      0.0000  0.0000  core4_48_DW_mult_tc_J32_1
core16_0/core4_0/mult_x_5            831.3480      0.1     831.3480      0.0000  0.0000  core4_48_DW_mult_uns_J32_1
core16_0/core4_0/mult_x_6            899.0100      0.1     899.0100      0.0000  0.0000  core4_48_DW_mult_tc_J32_0
core16_0/core4_0/mult_x_7            489.5100      0.1     489.5100      0.0000  0.0000  core4_48_DW_mult_uns_J32_0
core16_0/core4_1                   12443.0038      1.5       0.7560    591.5700  0.0000  core4_47
core16_0/core4_1/evalA              1031.9400      0.1      31.5000      0.0000  0.0000  Eval_32_47
core16_0/core4_1/evalA/DP_OP_54J20_126_8276    266.9940     0.0    266.9940     0.0000 0.0000 Eval_32_5_DP_OP_54J20_126_8276_J20_0_3
core16_0/core4_1/evalA/DP_OP_55J20_127_5033    367.1640     0.0    367.1640     0.0000 0.0000 Eval_32_5_DP_OP_55J20_127_5033_J20_0_3
core16_0/core4_1/evalA/DP_OP_56J20_128_5140    366.2820     0.0    366.2820     0.0000 0.0000 Eval_32_5_DP_OP_56J20_128_5140_J20_0_3
core16_0/core4_1/evalB               351.6660      0.0      10.3320      0.0000  0.0000  Eval_33_47
core16_0/core4_1/evalB/DP_OP_54J15_125_1053     93.7440     0.0     93.7440     0.0000 0.0000 Eval_33_5_DP_OP_54J15_125_1053_J15_0_3
core16_0/core4_1/evalB/DP_OP_55J15_126_2451    124.1100     0.0    124.1100     0.0000 0.0000 Eval_33_5_DP_OP_55J15_126_2451_J15_0_3
core16_0/core4_1/evalB/DP_OP_56J15_127_8683    123.4800     0.0    123.4800     0.0000 0.0000 Eval_33_5_DP_OP_56J15_127_8683_J15_0_3
core16_0/core4_1/interp             3355.7580      0.4       0.7560    332.6400  0.0000  Interpolation_48
core16_0/core4_1/interp/interp      3022.3620      0.4       0.2520      0.0000  0.0000  InterpolationComb_48
core16_0/core4_1/interp/interp/DP_OP_106J21_122_6228   3022.1100     0.4   3022.1100     0.0000 0.0000 InterpolationComb_0_DP_OP_106J21_122_6228_J21_0_19
core16_0/core4_1/mult_x_1            827.5680      0.1     827.5680      0.0000  0.0000  core4_5_DW_mult_uns_J25_3_1
core16_0/core4_1/mult_x_2           1110.8160      0.1    1110.8160      0.0000  0.0000  core4_5_DW_mult_uns_J25_2_1
core16_0/core4_1/mult_x_3           1004.2200      0.1    1004.2200      0.0000  0.0000  core4_5_DW_mult_tc_J25_2_1
core16_0/core4_1/mult_x_4           1046.5560      0.1    1046.5560      0.0000  0.0000  core4_5_DW_mult_tc_J25_1_1
core16_0/core4_1/mult_x_5           1116.2340      0.1    1116.2340      0.0000  0.0000  core4_5_DW_mult_uns_J25_1_1
core16_0/core4_1/mult_x_6           1178.8560      0.1    1178.8560      0.0000  0.0000  core4_5_DW_mult_tc_J25_0_1
core16_0/core4_1/mult_x_7            827.0640      0.1     827.0640      0.0000  0.0000  core4_5_DW_mult_uns_J25_0_1
core16_0/core4_2                   10878.0838      1.3       0.7560    591.5700  0.0000  core4_46
core16_0/core4_2/evalA               958.2300      0.1      29.2320      0.0000  0.0000  Eval_32_46
core16_0/core4_2/evalA/DP_OP_53J21_123_9578    246.4560     0.0    246.4560     0.0000 0.0000 Eval_32_1_DP_OP_53J21_123_9578_J21_0_32
core16_0/core4_2/evalA/DP_OP_54J21_124_907    338.6880     0.0    338.6880     0.0000 0.0000 Eval_32_1_DP_OP_54J21_124_907_J21_0_32
core16_0/core4_2/evalA/DP_OP_55J21_125_2024    343.8540     0.0    343.8540     0.0000 0.0000 Eval_32_1_DP_OP_55J21_125_2024_J21_0_32
core16_0/core4_2/evalB               270.9000      0.0       7.8120      0.0000  0.0000  Eval_33_46
core16_0/core4_2/evalB/DP_OP_53J18_122_4708     68.0400     0.0     68.0400     0.0000 0.0000 Eval_33_1_DP_OP_53J18_122_4708_J18_0_28
core16_0/core4_2/evalB/DP_OP_54J18_123_8292     94.6260     0.0     94.6260     0.0000 0.0000 Eval_33_1_DP_OP_54J18_123_8292_J18_0_28
core16_0/core4_2/evalB/DP_OP_55J18_124_8043    100.4220     0.0    100.4220     0.0000 0.0000 Eval_33_1_DP_OP_55J18_124_8043_J18_0_28
core16_0/core4_2/interp             3463.1100      0.4       0.7560    340.7040  0.0000  Interpolation_47
core16_0/core4_2/interp/interp      3121.6499      0.4       0.2520      0.0000  0.0000  InterpolationComb_47
core16_0/core4_2/interp/interp/DP_OP_106J20_122_8999   3121.3979     0.4   3121.3979     0.0000 0.0000 InterpolationComb_1_DP_OP_106J20_122_8999_J20_0_27
core16_0/core4_2/mult_x_1            638.5680      0.1     638.5680      0.0000  0.0000  core4_1_DW_mult_tc_J22_6_22
core16_0/core4_2/mult_x_2            861.0840      0.1     861.0840      0.0000  0.0000  core4_1_DW_mult_tc_J22_5_22
core16_0/core4_2/mult_x_3            815.0940      0.1     815.0940      0.0000  0.0000  core4_1_DW_mult_tc_J22_4_22
core16_0/core4_2/mult_x_4            796.3200      0.1     796.3200      0.0000  0.0000  core4_1_DW_mult_tc_J22_3_22
core16_0/core4_2/mult_x_5            889.6860      0.1     889.6860      0.0000  0.0000  core4_1_DW_mult_tc_J22_2_22
core16_0/core4_2/mult_x_6            952.8120      0.1     952.8120      0.0000  0.0000  core4_1_DW_mult_tc_J22_1_22
core16_0/core4_2/mult_x_7            639.9540      0.1     639.9540      0.0000  0.0000  core4_1_DW_mult_tc_J22_0_22
core16_0/core4_3                   13130.7118      1.5       0.5040    591.5700  0.0000  core4_45
core16_0/core4_3/evalA              1077.9300      0.1      33.7680      0.0000  0.0000  Eval_32_45
core16_0/core4_3/evalA/DP_OP_53J21_123_9578    274.0500     0.0    274.0500     0.0000 0.0000 Eval_32_1_DP_OP_53J21_123_9578_J21_0_31
core16_0/core4_3/evalA/DP_OP_54J21_124_907    391.7340     0.0    391.7340     0.0000 0.0000 Eval_32_1_DP_OP_54J21_124_907_J21_0_31
core16_0/core4_3/evalA/DP_OP_55J21_125_2024    378.3780     0.0    378.3780     0.0000 0.0000 Eval_32_1_DP_OP_55J21_125_2024_J21_0_31
core16_0/core4_3/evalB               493.2900      0.1      15.8760      0.0000  0.0000  Eval_33_45
core16_0/core4_3/evalB/DP_OP_53J18_122_4708    122.7240     0.0    122.7240     0.0000 0.0000 Eval_33_1_DP_OP_53J18_122_4708_J18_0_27
core16_0/core4_3/evalB/DP_OP_54J18_123_8292    185.5980     0.0    185.5980     0.0000 0.0000 Eval_33_1_DP_OP_54J18_123_8292_J18_0_27
core16_0/core4_3/evalB/DP_OP_55J18_124_8043    169.0920     0.0    169.0920     0.0000 0.0000 Eval_33_1_DP_OP_55J18_124_8043_J18_0_27
core16_0/core4_3/interp             3462.1020      0.4       0.7560    340.7040  0.0000  Interpolation_46
core16_0/core4_3/interp/interp      3120.6419      0.4       0.2520      0.0000  0.0000  InterpolationComb_46
core16_0/core4_3/interp/interp/DP_OP_106J20_122_8999   3120.3899     0.4   3120.3899     0.0000 0.0000 InterpolationComb_1_DP_OP_106J20_122_8999_J20_0_26
core16_0/core4_3/mult_x_1            733.8240      0.1     733.8240      0.0000  0.0000  core4_1_DW_mult_tc_J22_6_21
core16_0/core4_3/mult_x_2           1183.0140      0.1    1183.0140      0.0000  0.0000  core4_1_DW_mult_tc_J22_5_21
core16_0/core4_3/mult_x_3           1211.8680      0.1    1211.8680      0.0000  0.0000  core4_1_DW_mult_tc_J22_4_21
core16_0/core4_3/mult_x_4           1213.2540      0.1    1213.2540      0.0000  0.0000  core4_1_DW_mult_tc_J22_3_21
core16_0/core4_3/mult_x_5           1221.9480      0.1    1221.9480      0.0000  0.0000  core4_1_DW_mult_tc_J22_2_21
core16_0/core4_3/mult_x_6           1211.9940      0.1    1211.9940      0.0000  0.0000  core4_1_DW_mult_tc_J22_1_21
core16_0/core4_3/mult_x_7            729.4140      0.1     729.4140      0.0000  0.0000  core4_1_DW_mult_tc_J22_0_21
core16_0/core4_4                   12290.4178      1.4       0.7560    591.5700  0.0000  core4_44
core16_0/core4_4/evalA              1033.4520      0.1      31.5000      0.0000  0.0000  Eval_32_44
core16_0/core4_4/evalA/DP_OP_54J30_122_854    267.4980     0.0    267.4980     0.0000 0.0000 Eval_32_2_DP_OP_54J30_122_854_J30_0_3
core16_0/core4_4/evalA/DP_OP_55J30_123_7587    364.6440     0.0    364.6440     0.0000 0.0000 Eval_32_2_DP_OP_55J30_123_7587_J30_0_3
core16_0/core4_4/evalA/DP_OP_56J30_124_7642    369.8100     0.0    369.8100     0.0000 0.0000 Eval_32_2_DP_OP_56J30_124_7642_J30_0_3
core16_0/core4_4/evalB               347.7600      0.0      10.3320      0.0000  0.0000  Eval_33_44
core16_0/core4_4/evalB/DP_OP_54J17_125_8201     91.4760     0.0     91.4760     0.0000 0.0000 Eval_33_2_DP_OP_54J17_125_8201_J17_0_3
core16_0/core4_4/evalB/DP_OP_55J17_126_1455    119.8260     0.0    119.8260     0.0000 0.0000 Eval_33_2_DP_OP_55J17_126_1455_J17_0_3
core16_0/core4_4/evalB/DP_OP_56J17_127_8740    126.1260     0.0    126.1260     0.0000 0.0000 Eval_33_2_DP_OP_56J17_127_8740_J17_0_3
core16_0/core4_4/interp             3462.1020      0.4       0.7560    340.7040  0.0000  Interpolation_45
core16_0/core4_4/interp/interp      3120.6419      0.4       0.2520      0.0000  0.0000  InterpolationComb_45
core16_0/core4_4/interp/interp/DP_OP_106J20_122_8999   3120.3899     0.4   3120.3899     0.0000 0.0000 InterpolationComb_1_DP_OP_106J20_122_8999_J20_0_25
core16_0/core4_4/mult_x_1            812.8260      0.1     812.8260      0.0000  0.0000  core4_2_DW_mult_uns_J27_3_1
core16_0/core4_4/mult_x_2           1067.0940      0.1    1067.0940      0.0000  0.0000  core4_2_DW_mult_uns_J27_2_1
core16_0/core4_4/mult_x_3           1006.9920      0.1    1006.9920      0.0000  0.0000  core4_2_DW_mult_tc_J27_2_1
core16_0/core4_4/mult_x_4            949.0320      0.1     949.0320      0.0000  0.0000  core4_2_DW_mult_tc_J27_1_1
core16_0/core4_4/mult_x_5           1111.5720      0.1    1111.5720      0.0000  0.0000  core4_2_DW_mult_uns_J27_1_1
core16_0/core4_4/mult_x_6           1084.7340      0.1    1084.7340      0.0000  0.0000  core4_2_DW_mult_tc_J27_0_1
core16_0/core4_4/mult_x_7            822.5280      0.1     822.5280      0.0000  0.0000  core4_2_DW_mult_uns_J27_0_1
core16_0/core4_5                   13435.1278      1.6       0.5040    591.5700  0.0000  core4_43
core16_0/core4_5/evalA              1078.9380      0.1      34.7760      0.0000  0.0000  Eval_32_43
core16_0/core4_5/evalA/DP_OP_53J21_123_9578    274.0500     0.0    274.0500     0.0000 0.0000 Eval_32_1_DP_OP_53J21_123_9578_J21_0_30
core16_0/core4_5/evalA/DP_OP_54J21_124_907    391.7340     0.0    391.7340     0.0000 0.0000 Eval_32_1_DP_OP_54J21_124_907_J21_0_30
core16_0/core4_5/evalA/DP_OP_55J21_125_2024    378.3780     0.0    378.3780     0.0000 0.0000 Eval_32_1_DP_OP_55J21_125_2024_J21_0_30
core16_0/core4_5/evalB               491.1480      0.1      16.6320      0.0000  0.0000  Eval_33_43
core16_0/core4_5/evalB/DP_OP_53J18_122_4708    121.2120     0.0    121.2120     0.0000 0.0000 Eval_33_1_DP_OP_53J18_122_4708_J18_0_26
core16_0/core4_5/evalB/DP_OP_54J18_123_8292    185.0940     0.0    185.0940     0.0000 0.0000 Eval_33_1_DP_OP_54J18_123_8292_J18_0_26
core16_0/core4_5/evalB/DP_OP_55J18_124_8043    168.2100     0.0    168.2100     0.0000 0.0000 Eval_33_1_DP_OP_55J18_124_8043_J18_0_26
core16_0/core4_5/interp             3461.0940      0.4       0.7560    340.7040  0.0000  Interpolation_44
core16_0/core4_5/interp/interp      3119.6339      0.4       0.2520      0.0000  0.0000  InterpolationComb_44
core16_0/core4_5/interp/interp/DP_OP_106J20_122_8999   3119.3819     0.4   3119.3819     0.0000 0.0000 InterpolationComb_1_DP_OP_106J20_122_8999_J20_0_24
core16_0/core4_5/mult_x_1            878.5980      0.1     878.5980      0.0000  0.0000  core4_1_DW_mult_tc_J22_6_20
core16_0/core4_5/mult_x_2           1196.7480      0.1    1196.7480      0.0000  0.0000  core4_1_DW_mult_tc_J22_5_20
core16_0/core4_5/mult_x_3           1215.0180      0.1    1215.0180      0.0000  0.0000  core4_1_DW_mult_tc_J22_4_20
core16_0/core4_5/mult_x_4           1216.4040      0.1    1216.4040      0.0000  0.0000  core4_1_DW_mult_tc_J22_3_20
core16_0/core4_5/mult_x_5           1217.2860      0.1    1217.2860      0.0000  0.0000  core4_1_DW_mult_tc_J22_2_20
core16_0/core4_5/mult_x_6           1212.1200      0.1    1212.1200      0.0000  0.0000  core4_1_DW_mult_tc_J22_1_20
core16_0/core4_5/mult_x_7            875.7000      0.1     875.7000      0.0000  0.0000  core4_1_DW_mult_tc_J22_0_20
core16_0/core4_6                   10034.7658      1.2       0.7560    591.5700  0.0000  core4_42
core16_0/core4_6/evalA               915.8940      0.1      27.7200      0.0000  0.0000  Eval_32_42
core16_0/core4_6/evalA/DP_OP_54J28_122_5955    237.3840     0.0    237.3840     0.0000 0.0000 Eval_32_0_DP_OP_54J28_122_5955_J28_0_2
core16_0/core4_6/evalA/DP_OP_55J28_123_5437    322.4340     0.0    322.4340     0.0000 0.0000 Eval_32_0_DP_OP_55J28_123_5437_J28_0_2
core16_0/core4_6/evalA/DP_OP_56J28_124_5252    328.3560     0.0    328.3560     0.0000 0.0000 Eval_32_0_DP_OP_56J28_124_5252_J28_0_2
core16_0/core4_6/evalB               228.8160      0.0       6.5520      0.0000  0.0000  Eval_33_42
core16_0/core4_6/evalB/DP_OP_54J21_129_7149     57.4560     0.0     57.4560     0.0000 0.0000 Eval_33_0_DP_OP_54J21_129_7149_J21_0_2
core16_0/core4_6/evalB/DP_OP_55J21_130_8220     80.2620     0.0     80.2620     0.0000 0.0000 Eval_33_0_DP_OP_55J21_130_8220_J21_0_2
core16_0/core4_6/evalB/DP_OP_56J21_131_9312     84.5460     0.0     84.5460     0.0000 0.0000 Eval_33_0_DP_OP_56J21_131_9312_J21_0_2
core16_0/core4_6/interp             3356.1360      0.4       0.7560    332.6400  0.0000  Interpolation_43
core16_0/core4_6/interp/interp      3022.7400      0.4       0.2520      0.0000  0.0000  InterpolationComb_43
core16_0/core4_6/interp/interp/DP_OP_106J21_122_6228   3022.4880     0.4   3022.4880     0.0000 0.0000 InterpolationComb_0_DP_OP_106J21_122_6228_J21_0_18
core16_0/core4_6/mult_x_1            489.5100      0.1     489.5100      0.0000  0.0000  core4_42_DW_mult_uns_J31_3
core16_0/core4_6/mult_x_2            827.1900      0.1     827.1900      0.0000  0.0000  core4_42_DW_mult_uns_J31_2
core16_0/core4_6/mult_x_3            651.9240      0.1     651.9240      0.0000  0.0000  core4_42_DW_mult_tc_J31_2
core16_0/core4_6/mult_x_4            747.1800      0.1     747.1800      0.0000  0.0000  core4_42_DW_mult_tc_J31_1
core16_0/core4_6/mult_x_5            837.9000      0.1     837.9000      0.0000  0.0000  core4_42_DW_mult_uns_J31_1
core16_0/core4_6/mult_x_6            898.3800      0.1     898.3800      0.0000  0.0000  core4_42_DW_mult_tc_J31_0
core16_0/core4_6/mult_x_7            489.5100      0.1     489.5100      0.0000  0.0000  core4_42_DW_mult_uns_J31_0
core16_0/evalA                       915.8940      0.1      27.7200      0.0000  0.0000  Eval_32_76
core16_0/evalA/DP_OP_54J23_122_6213    237.3840     0.0    237.3840      0.0000  0.0000  Eval_32_76_DP_OP_54J23_122_6213_J23_0
core16_0/evalA/DP_OP_55J23_123_6224    322.4340     0.0    322.4340      0.0000  0.0000  Eval_32_76_DP_OP_55J23_123_6224_J23_0
core16_0/evalA/DP_OP_56J23_124_1050    328.3560     0.0    328.3560      0.0000  0.0000  Eval_32_76_DP_OP_56J23_124_1050_J23_0
core16_0/evalA_1                     915.8940      0.1      27.7200      0.0000  0.0000  Eval_32_75
core16_0/evalA_1/DP_OP_54J24_122_342    237.3840     0.0    237.3840     0.0000  0.0000  Eval_32_75_DP_OP_54J24_122_342_J24_0
core16_0/evalA_1/DP_OP_55J24_123_3469    322.4340     0.0    322.4340     0.0000 0.0000  Eval_32_75_DP_OP_55J24_123_3469_J24_0
core16_0/evalA_1/DP_OP_56J24_124_2523    328.3560     0.0    328.3560     0.0000 0.0000  Eval_32_75_DP_OP_56J24_124_2523_J24_0
core16_0/evalA_2                     916.5240      0.1      27.7200      0.0000  0.0000  Eval_32_74
core16_0/evalA_2/DP_OP_54J26_122_7988    237.3840     0.0    237.3840     0.0000 0.0000  Eval_32_74_DP_OP_54J26_122_7988_J26_0
core16_0/evalA_2/DP_OP_55J26_123_9628    323.0640     0.0    323.0640     0.0000 0.0000  Eval_32_74_DP_OP_55J26_123_9628_J26_0
core16_0/evalA_2/DP_OP_56J26_124_7629    328.3560     0.0    328.3560     0.0000 0.0000  Eval_32_74_DP_OP_56J26_124_7629_J26_0
core16_0/evalA_3                     924.0840      0.1      27.7200      0.0000  0.0000  Eval_32_73
core16_0/evalA_3/DP_OP_54J25_122_9217    237.3840     0.0    237.3840     0.0000 0.0000  Eval_32_73_DP_OP_54J25_122_9217_J25_0
core16_0/evalA_3/DP_OP_55J25_123_8979    330.6240     0.0    330.6240     0.0000 0.0000  Eval_32_73_DP_OP_55J25_123_8979_J25_0
core16_0/evalA_3/DP_OP_56J25_124_6980    328.3560     0.0    328.3560     0.0000 0.0000  Eval_32_73_DP_OP_56J25_124_6980_J25_0
core16_0/evalB                       233.4780      0.0       7.3080      0.0000  0.0000  Eval_33_76
core16_0/evalB/DP_OP_54J16_128_1287     59.4720     0.0     59.4720      0.0000  0.0000  Eval_33_76_DP_OP_54J16_128_1287_J16_0
core16_0/evalB/DP_OP_55J16_129_1161     79.3800     0.0     79.3800      0.0000  0.0000  Eval_33_76_DP_OP_55J16_129_1161_J16_0
core16_0/evalB/DP_OP_56J16_130_9194     87.3180     0.0     87.3180      0.0000  0.0000  Eval_33_76_DP_OP_56J16_130_9194_J16_0
core16_0/evalB_1                     233.3520      0.0       6.8040      0.0000  0.0000  Eval_33_75
core16_0/evalB_1/DP_OP_54J15_128_5131     57.8340     0.0     57.8340     0.0000 0.0000  Eval_33_75_DP_OP_54J15_128_5131_J15_0
core16_0/evalB_1/DP_OP_55J15_129_393     79.7580     0.0     79.7580     0.0000  0.0000  Eval_33_75_DP_OP_55J15_129_393_J15_0
core16_0/evalB_1/DP_OP_56J15_130_4961     88.9560     0.0     88.9560     0.0000 0.0000  Eval_33_75_DP_OP_56J15_130_4961_J15_0
core16_0/evalB_2                     235.6200      0.0       6.9300      0.0000  0.0000  Eval_33_74
core16_0/evalB_2/DP_OP_54J18_128_8975     58.0860     0.0     58.0860     0.0000 0.0000  Eval_33_74_DP_OP_54J18_128_8975_J18_0
core16_0/evalB_2/DP_OP_55J18_129_8568     82.5300     0.0     82.5300     0.0000 0.0000  Eval_33_74_DP_OP_55J18_129_8568_J18_0
core16_0/evalB_2/DP_OP_56J18_130_7693     88.0740     0.0     88.0740     0.0000 0.0000  Eval_33_74_DP_OP_56J18_130_7693_J18_0
core16_0/evalB_3                     238.0140      0.0       7.5600      0.0000  0.0000  Eval_33_73
core16_0/evalB_3/DP_OP_54J17_128_9213     59.5980     0.0     59.5980     0.0000 0.0000  Eval_33_73_DP_OP_54J17_128_9213_J17_0
core16_0/evalB_3/DP_OP_55J17_129_9848     82.4040     0.0     82.4040     0.0000 0.0000  Eval_33_73_DP_OP_55J17_129_9848_J17_0
core16_0/evalB_3/DP_OP_56J17_130_3460     88.4520     0.0     88.4520     0.0000 0.0000  Eval_33_73_DP_OP_56J17_130_3460_J17_0
core16_0/interp                    12714.1558      1.5       0.7560   1227.7440  0.0000  Interpolation_7_6
core16_0/interp/interp             11485.6558      1.4       0.2520      0.0000  0.0000  InterpolationComb_7_6
core16_0/interp/interp/DP_OP_421J12_122_3346  11485.4038     1.4  11485.4038     0.0000 0.0000 InterpolationComb_7_0_DP_OP_421J12_122_3346_J12_0_2
core16_1                          114012.4844     13.4       2.0160   2348.6400  0.0000  core16_5
core16_1/core4_0                   12440.4838      1.5       0.7560    591.5700  0.0000  core4_41
core16_1/core4_0/evalA              1032.1920      0.1      31.7520      0.0000  0.0000  Eval_32_41
core16_1/core4_0/evalA/DP_OP_54J20_126_8276    266.9940     0.0    266.9940     0.0000 0.0000 Eval_32_5_DP_OP_54J20_126_8276_J20_0_2
core16_1/core4_0/evalA/DP_OP_55J20_127_5033    367.1640     0.0    367.1640     0.0000 0.0000 Eval_32_5_DP_OP_55J20_127_5033_J20_0_2
core16_1/core4_0/evalA/DP_OP_56J20_128_5140    366.2820     0.0    366.2820     0.0000 0.0000 Eval_32_5_DP_OP_56J20_128_5140_J20_0_2
core16_1/core4_0/evalB               352.5480      0.0      10.5840      0.0000  0.0000  Eval_33_41
core16_1/core4_0/evalB/DP_OP_54J15_125_1053     95.8860     0.0     95.8860     0.0000 0.0000 Eval_33_5_DP_OP_54J15_125_1053_J15_0_2
core16_1/core4_0/evalB/DP_OP_55J15_126_2451    123.4800     0.0    123.4800     0.0000 0.0000 Eval_33_5_DP_OP_55J15_126_2451_J15_0_2
core16_1/core4_0/evalB/DP_OP_56J15_127_8683    122.5980     0.0    122.5980     0.0000 0.0000 Eval_33_5_DP_OP_56J15_127_8683_J15_0_2
core16_1/core4_0/interp             3356.1360      0.4       0.7560    332.6400  0.0000  Interpolation_42
core16_1/core4_0/interp/interp      3022.7400      0.4       0.2520      0.0000  0.0000  InterpolationComb_42
core16_1/core4_0/interp/interp/DP_OP_106J21_122_6228   3022.4880     0.4   3022.4880     0.0000 0.0000 InterpolationComb_0_DP_OP_106J21_122_6228_J21_0_17
core16_1/core4_0/mult_x_1            828.0720      0.1     828.0720      0.0000  0.0000  core4_35_DW_mult_uns_J26_3_1
core16_1/core4_0/mult_x_2           1108.2960      0.1    1108.2960      0.0000  0.0000  core4_35_DW_mult_uns_J26_2_1
core16_1/core4_0/mult_x_3           1002.5820      0.1    1002.5820      0.0000  0.0000  core4_35_DW_mult_tc_J26_2_1
core16_1/core4_0/mult_x_4           1046.9340      0.1    1046.9340      0.0000  0.0000  core4_35_DW_mult_tc_J26_1_1
core16_1/core4_0/mult_x_5           1114.3440      0.1    1114.3440      0.0000  0.0000  core4_35_DW_mult_uns_J26_1_1
core16_1/core4_0/mult_x_6           1178.3520      0.1    1178.3520      0.0000  0.0000  core4_35_DW_mult_tc_J26_0_1
core16_1/core4_0/mult_x_7            828.7020      0.1     828.7020      0.0000  0.0000  core4_35_DW_mult_uns_J26_0_1
core16_1/core4_1                   13783.0138      1.6       0.7560    591.5700  0.0000  core4_40
core16_1/core4_1/evalA              1078.6860      0.1      34.5240      0.0000  0.0000  Eval_32_40
core16_1/core4_1/evalA/DP_OP_53J21_123_9578    274.0500     0.0    274.0500     0.0000 0.0000 Eval_32_1_DP_OP_53J21_123_9578_J21_0_29
core16_1/core4_1/evalA/DP_OP_54J21_124_907    391.7340     0.0    391.7340     0.0000 0.0000 Eval_32_1_DP_OP_54J21_124_907_J21_0_29
core16_1/core4_1/evalA/DP_OP_55J21_125_2024    378.3780     0.0    378.3780     0.0000 0.0000 Eval_32_1_DP_OP_55J21_125_2024_J21_0_29
core16_1/core4_1/evalB               476.1540      0.1      14.8680      0.0000  0.0000  Eval_33_40
core16_1/core4_1/evalB/DP_OP_55J17_122_736    121.0860     0.0    121.0860     0.0000 0.0000 Eval_33_40_DP_OP_55J17_122_736_J17_0
core16_1/core4_1/evalB/DP_OP_56J17_123_5121    175.5180     0.0    175.5180     0.0000 0.0000 Eval_33_40_DP_OP_56J17_123_5121_J17_0
core16_1/core4_1/evalB/DP_OP_57J17_124_6823    164.6820     0.0    164.6820     0.0000 0.0000 Eval_33_40_DP_OP_57J17_124_6823_J17_0
core16_1/core4_1/interp             3356.1360      0.4       0.7560    332.6400  0.0000  Interpolation_41
core16_1/core4_1/interp/interp      3022.7400      0.4       0.2520      0.0000  0.0000  InterpolationComb_41
core16_1/core4_1/interp/interp/DP_OP_106J21_122_6228   3022.4880     0.4   3022.4880     0.0000 0.0000 InterpolationComb_0_DP_OP_106J21_122_6228_J21_0_16
core16_1/core4_1/mult_x_1           1111.0680      0.1    1111.0680      0.0000  0.0000  core4_40_DW_mult_uns_J16_1
core16_1/core4_1/mult_x_2           1189.0620      0.1    1189.0620      0.0000  0.0000  core4_40_DW_mult_tc_J16_4
core16_1/core4_1/mult_x_3           1217.1600      0.1    1217.1600      0.0000  0.0000  core4_40_DW_mult_tc_J16_3
core16_1/core4_1/mult_x_4           1215.9000      0.1    1215.9000      0.0000  0.0000  core4_40_DW_mult_tc_J16_2
core16_1/core4_1/mult_x_5           1219.5540      0.1    1219.5540      0.0000  0.0000  core4_40_DW_mult_tc_J16_1
core16_1/core4_1/mult_x_6           1216.2780      0.1    1216.2780      0.0000  0.0000  core4_40_DW_mult_tc_J16_0
core16_1/core4_1/mult_x_7           1110.6900      0.1    1110.6900      0.0000  0.0000  core4_40_DW_mult_uns_J16_0
core16_1/core4_2                   13239.5758      1.6       0.7560    591.5700  0.0000  core4_39
core16_1/core4_2/evalA              1074.6540      0.1      33.7680      0.0000  0.0000  Eval_32_39
core16_1/core4_2/evalA/DP_OP_53J21_123_9578    275.1840     0.0    275.1840     0.0000 0.0000 Eval_32_1_DP_OP_53J21_123_9578_J21_0_28
core16_1/core4_2/evalA/DP_OP_54J21_124_907    388.2060     0.0    388.2060     0.0000 0.0000 Eval_32_1_DP_OP_54J21_124_907_J21_0_28
core16_1/core4_2/evalA/DP_OP_55J21_125_2024    377.4960     0.0    377.4960     0.0000 0.0000 Eval_32_1_DP_OP_55J21_125_2024_J21_0_28
core16_1/core4_2/evalB               421.2180      0.0      12.3480      0.0000  0.0000  Eval_33_39
core16_1/core4_2/evalB/DP_OP_53J18_122_4708    108.2340     0.0    108.2340     0.0000 0.0000 Eval_33_1_DP_OP_53J18_122_4708_J18_0_25
core16_1/core4_2/evalB/DP_OP_54J18_123_8292    147.5460     0.0    147.5460     0.0000 0.0000 Eval_33_1_DP_OP_54J18_123_8292_J18_0_25
core16_1/core4_2/evalB/DP_OP_55J18_124_8043    153.0900     0.0    153.0900     0.0000 0.0000 Eval_33_1_DP_OP_55J18_124_8043_J18_0_25
core16_1/core4_2/interp             3461.5980      0.4       0.7560    340.7040  0.0000  Interpolation_40
core16_1/core4_2/interp/interp      3120.1379      0.4       0.2520      0.0000  0.0000  InterpolationComb_40
core16_1/core4_2/interp/interp/DP_OP_106J20_122_8999   3119.8859     0.4   3119.8859     0.0000 0.0000 InterpolationComb_1_DP_OP_106J20_122_8999_J20_0_23
core16_1/core4_2/mult_x_1            982.5480      0.1     982.5480      0.0000  0.0000  core4_1_DW_mult_tc_J22_6_19
core16_1/core4_2/mult_x_2           1124.9280      0.1    1124.9280      0.0000  0.0000  core4_1_DW_mult_tc_J22_5_19
core16_1/core4_2/mult_x_3           1129.8420      0.1    1129.8420      0.0000  0.0000  core4_1_DW_mult_tc_J22_4_19
core16_1/core4_2/mult_x_4           1086.7500      0.1    1086.7500      0.0000  0.0000  core4_1_DW_mult_tc_J22_3_19
core16_1/core4_2/mult_x_5           1164.8700      0.1    1164.8700      0.0000  0.0000  core4_1_DW_mult_tc_J22_2_19
core16_1/core4_2/mult_x_6           1219.6800      0.1    1219.6800      0.0000  0.0000  core4_1_DW_mult_tc_J22_1_19
core16_1/core4_2/mult_x_7            981.1620      0.1     981.1620      0.0000  0.0000  core4_1_DW_mult_tc_J22_0_19
core16_1/core4_3                   13732.2358      1.6       0.5040    591.5700  0.0000  core4_38
core16_1/core4_3/evalA              1078.4340      0.1      34.2720      0.0000  0.0000  Eval_32_38
core16_1/core4_3/evalA/DP_OP_53J21_123_9578    274.0500     0.0    274.0500     0.0000 0.0000 Eval_32_1_DP_OP_53J21_123_9578_J21_0_27
core16_1/core4_3/evalA/DP_OP_54J21_124_907    391.7340     0.0    391.7340     0.0000 0.0000 Eval_32_1_DP_OP_54J21_124_907_J21_0_27
core16_1/core4_3/evalA/DP_OP_55J21_125_2024    378.3780     0.0    378.3780     0.0000 0.0000 Eval_32_1_DP_OP_55J21_125_2024_J21_0_27
core16_1/core4_3/evalB               489.1320      0.1      16.1280      0.0000  0.0000  Eval_33_38
core16_1/core4_3/evalB/DP_OP_53J18_122_4708    122.2200     0.0    122.2200     0.0000 0.0000 Eval_33_1_DP_OP_53J18_122_4708_J18_0_24
core16_1/core4_3/evalB/DP_OP_54J18_123_8292    183.2040     0.0    183.2040     0.0000 0.0000 Eval_33_1_DP_OP_54J18_123_8292_J18_0_24
core16_1/core4_3/evalB/DP_OP_55J18_124_8043    167.5800     0.0    167.5800     0.0000 0.0000 Eval_33_1_DP_OP_55J18_124_8043_J18_0_24
core16_1/core4_3/interp             3462.1020      0.4       0.7560    340.7040  0.0000  Interpolation_39
core16_1/core4_3/interp/interp      3120.6419      0.4       0.2520      0.0000  0.0000  InterpolationComb_39
core16_1/core4_3/interp/interp/DP_OP_106J20_122_8999   3120.3899     0.4   3120.3899     0.0000 0.0000 InterpolationComb_1_DP_OP_106J20_122_8999_J20_0_22
core16_1/core4_3/mult_x_1           1016.8200      0.1    1016.8200      0.0000  0.0000  core4_1_DW_mult_tc_J22_6_18
core16_1/core4_3/mult_x_2           1191.3300      0.1    1191.3300      0.0000  0.0000  core4_1_DW_mult_tc_J22_5_18
core16_1/core4_3/mult_x_3           1222.9560      0.1    1222.9560      0.0000  0.0000  core4_1_DW_mult_tc_J22_4_18
core16_1/core4_3/mult_x_4           1218.4200      0.1    1218.4200      0.0000  0.0000  core4_1_DW_mult_tc_J22_3_18
core16_1/core4_3/mult_x_5           1216.2780      0.1    1216.2780      0.0000  0.0000  core4_1_DW_mult_tc_J22_2_18
core16_1/core4_3/mult_x_6           1218.2940      0.1    1218.2940      0.0000  0.0000  core4_1_DW_mult_tc_J22_1_18
core16_1/core4_3/mult_x_7           1026.3960      0.1    1026.3960      0.0000  0.0000  core4_1_DW_mult_tc_J22_0_18
core16_1/core4_4                   13772.8078      1.6       0.7560    591.5700  0.0000  core4_37
core16_1/core4_4/evalA              1078.6860      0.1      34.5240      0.0000  0.0000  Eval_32_37
core16_1/core4_4/evalA/DP_OP_53J21_123_9578    274.0500     0.0    274.0500     0.0000 0.0000 Eval_32_1_DP_OP_53J21_123_9578_J21_0_26
core16_1/core4_4/evalA/DP_OP_54J21_124_907    391.7340     0.0    391.7340     0.0000 0.0000 Eval_32_1_DP_OP_54J21_124_907_J21_0_26
core16_1/core4_4/evalA/DP_OP_55J21_125_2024    378.3780     0.0    378.3780     0.0000 0.0000 Eval_32_1_DP_OP_55J21_125_2024_J21_0_26
core16_1/core4_4/evalB               466.8300      0.1      14.1120      0.0000  0.0000  Eval_33_37
core16_1/core4_4/evalB/DP_OP_54J16_122_2735    119.8260     0.0    119.8260     0.0000 0.0000 Eval_33_19_DP_OP_54J16_122_2735_J16_0_1
core16_1/core4_4/evalB/DP_OP_55J16_123_575    166.5720     0.0    166.5720     0.0000 0.0000 Eval_33_19_DP_OP_55J16_123_575_J16_0_1
core16_1/core4_4/evalB/DP_OP_56J16_124_2549    166.3200     0.0    166.3200     0.0000 0.0000 Eval_33_19_DP_OP_56J16_124_2549_J16_0_1
core16_1/core4_4/interp             3463.1100      0.4       0.7560    340.7040  0.0000  Interpolation_38
core16_1/core4_4/interp/interp      3121.6499      0.4       0.2520      0.0000  0.0000  InterpolationComb_38
core16_1/core4_4/interp/interp/DP_OP_106J20_122_8999   3121.3979     0.4   3121.3979     0.0000 0.0000 InterpolationComb_1_DP_OP_106J20_122_8999_J20_0_21
core16_1/core4_4/mult_x_1           1092.9240      0.1    1092.9240      0.0000  0.0000  core4_37_DW_mult_uns_J17_1
core16_1/core4_4/mult_x_2           1178.6040      0.1    1178.6040      0.0000  0.0000  core4_37_DW_mult_tc_J17_4
core16_1/core4_4/mult_x_3           1161.8460      0.1    1161.8460      0.0000  0.0000  core4_37_DW_mult_tc_J17_3
core16_1/core4_4/mult_x_4           1215.0180      0.1    1215.0180      0.0000  0.0000  core4_37_DW_mult_tc_J17_2
core16_1/core4_4/mult_x_5           1222.0740      0.1    1222.0740      0.0000  0.0000  core4_37_DW_mult_tc_J17_1
core16_1/core4_4/mult_x_6           1213.1280      0.1    1213.1280      0.0000  0.0000  core4_37_DW_mult_tc_J17_0
core16_1/core4_4/mult_x_7           1088.2620      0.1    1088.2620      0.0000  0.0000  core4_37_DW_mult_uns_J17_0
core16_1/core4_5                   13977.8098      1.6       0.5040    591.5700  0.0000  core4_36
core16_1/core4_5/evalA              1078.8120      0.1      34.6500      0.0000  0.0000  Eval_32_36
core16_1/core4_5/evalA/DP_OP_53J21_123_9578    274.0500     0.0    274.0500     0.0000 0.0000 Eval_32_1_DP_OP_53J21_123_9578_J21_0_25
core16_1/core4_5/evalA/DP_OP_54J21_124_907    391.7340     0.0    391.7340     0.0000 0.0000 Eval_32_1_DP_OP_54J21_124_907_J21_0_25
core16_1/core4_5/evalA/DP_OP_55J21_125_2024    378.3780     0.0    378.3780     0.0000 0.0000 Eval_32_1_DP_OP_55J21_125_2024_J21_0_25
core16_1/core4_5/evalB               489.0060      0.1      16.3800      0.0000  0.0000  Eval_33_36
core16_1/core4_5/evalB/DP_OP_53J18_122_4708    122.5980     0.0    122.5980     0.0000 0.0000 Eval_33_1_DP_OP_53J18_122_4708_J18_0_23
core16_1/core4_5/evalB/DP_OP_54J18_123_8292    181.3140     0.0    181.3140     0.0000 0.0000 Eval_33_1_DP_OP_54J18_123_8292_J18_0_23
core16_1/core4_5/evalB/DP_OP_55J18_124_8043    168.7140     0.0    168.7140     0.0000 0.0000 Eval_33_1_DP_OP_55J18_124_8043_J18_0_23
core16_1/core4_5/interp             3462.1020      0.4       0.7560    340.7040  0.0000  Interpolation_37
core16_1/core4_5/interp/interp      3120.6419      0.4       0.2520      0.0000  0.0000  InterpolationComb_37
core16_1/core4_5/interp/interp/DP_OP_106J20_122_8999   3120.3899     0.4   3120.3899     0.0000 0.0000 InterpolationComb_1_DP_OP_106J20_122_8999_J20_0_20
core16_1/core4_5/mult_x_1           1147.1040      0.1    1147.1040      0.0000  0.0000  core4_1_DW_mult_tc_J22_6_17
core16_1/core4_5/mult_x_2           1176.8400      0.1    1176.8400      0.0000  0.0000  core4_1_DW_mult_tc_J22_5_17
core16_1/core4_5/mult_x_3           1224.7200      0.1    1224.7200      0.0000  0.0000  core4_1_DW_mult_tc_J22_4_17
core16_1/core4_5/mult_x_4           1214.5140      0.1    1214.5140      0.0000  0.0000  core4_1_DW_mult_tc_J22_3_17
core16_1/core4_5/mult_x_5           1219.9320      0.1    1219.9320      0.0000  0.0000  core4_1_DW_mult_tc_J22_2_17
core16_1/core4_5/mult_x_6           1222.7040      0.1    1222.7040      0.0000  0.0000  core4_1_DW_mult_tc_J22_1_17
core16_1/core4_5/mult_x_7           1150.0020      0.1    1150.0020      0.0000  0.0000  core4_1_DW_mult_tc_J22_0_17
core16_1/core4_6                   12441.7438      1.5       0.7560    591.5700  0.0000  core4_35
core16_1/core4_6/evalA              1032.0660      0.1      31.6260      0.0000  0.0000  Eval_32_35
core16_1/core4_6/evalA/DP_OP_54J20_126_8276    266.9940     0.0    266.9940     0.0000 0.0000 Eval_32_5_DP_OP_54J20_126_8276_J20_0_1
core16_1/core4_6/evalA/DP_OP_55J20_127_5033    367.1640     0.0    367.1640     0.0000 0.0000 Eval_32_5_DP_OP_55J20_127_5033_J20_0_1
core16_1/core4_6/evalA/DP_OP_56J20_128_5140    366.2820     0.0    366.2820     0.0000 0.0000 Eval_32_5_DP_OP_56J20_128_5140_J20_0_1
core16_1/core4_6/evalB               350.2800      0.0      10.7100      0.0000  0.0000  Eval_33_35
core16_1/core4_6/evalB/DP_OP_54J15_125_1053     92.8620     0.0     92.8620     0.0000 0.0000 Eval_33_5_DP_OP_54J15_125_1053_J15_0_1
core16_1/core4_6/evalB/DP_OP_55J15_126_2451    124.6140     0.0    124.6140     0.0000 0.0000 Eval_33_5_DP_OP_55J15_126_2451_J15_0_1
core16_1/core4_6/evalB/DP_OP_56J15_127_8683    122.0940     0.0    122.0940     0.0000 0.0000 Eval_33_5_DP_OP_56J15_127_8683_J15_0_1
core16_1/core4_6/interp             3356.1360      0.4       0.7560    332.6400  0.0000  Interpolation_36
core16_1/core4_6/interp/interp      3022.7400      0.4       0.2520      0.0000  0.0000  InterpolationComb_36
core16_1/core4_6/interp/interp/DP_OP_106J21_122_6228   3022.4880     0.4   3022.4880     0.0000 0.0000 InterpolationComb_0_DP_OP_106J21_122_6228_J21_0_15
core16_1/core4_6/mult_x_1            828.0720      0.1     828.0720      0.0000  0.0000  core4_35_DW_mult_uns_J26_3_0
core16_1/core4_6/mult_x_2           1110.4380      0.1    1110.4380      0.0000  0.0000  core4_35_DW_mult_uns_J26_2_0
core16_1/core4_6/mult_x_3           1005.3540      0.1    1005.3540      0.0000  0.0000  core4_35_DW_mult_tc_J26_2_0
core16_1/core4_6/mult_x_4           1047.5640      0.1    1047.5640      0.0000  0.0000  core4_35_DW_mult_tc_J26_1_0
core16_1/core4_6/mult_x_5           1111.9500      0.1    1111.9500      0.0000  0.0000  core4_35_DW_mult_uns_J26_1_0
core16_1/core4_6/mult_x_6           1178.7300      0.1    1178.7300      0.0000  0.0000  core4_35_DW_mult_tc_J26_0_0
core16_1/core4_6/mult_x_7            828.8280      0.1     828.8280      0.0000  0.0000  core4_35_DW_mult_uns_J26_0_0
core16_1/evalA                      1033.0740      0.1      31.6260      0.0000  0.0000  Eval_32_72
core16_1/evalA/DP_OP_54J21_126_7364    266.9940     0.0    266.9940      0.0000  0.0000  Eval_32_69_DP_OP_54J21_126_7364_J21_0_3
core16_1/evalA/DP_OP_55J21_127_1671    367.1640     0.0    367.1640      0.0000  0.0000  Eval_32_69_DP_OP_55J21_127_1671_J21_0_3
core16_1/evalA/DP_OP_56J21_128_2247    367.2900     0.0    367.2900      0.0000  0.0000  Eval_32_69_DP_OP_56J21_128_2247_J21_0_3
core16_1/evalA_1                    1031.8140      0.1      31.3740      0.0000  0.0000  Eval_32_71
core16_1/evalA_1/DP_OP_54J21_126_7364    266.9940     0.0    266.9940     0.0000 0.0000  Eval_32_69_DP_OP_54J21_126_7364_J21_0_2
core16_1/evalA_1/DP_OP_55J21_127_1671    367.1640     0.0    367.1640     0.0000 0.0000  Eval_32_69_DP_OP_55J21_127_1671_J21_0_2
core16_1/evalA_1/DP_OP_56J21_128_2247    366.2820     0.0    366.2820     0.0000 0.0000  Eval_32_69_DP_OP_56J21_128_2247_J21_0_2
core16_1/evalA_2                    1032.4440      0.1      31.3740      0.0000  0.0000  Eval_32_70
core16_1/evalA_2/DP_OP_54J21_126_7364    266.9940     0.0    266.9940     0.0000 0.0000  Eval_32_69_DP_OP_54J21_126_7364_J21_0_1
core16_1/evalA_2/DP_OP_55J21_127_1671    367.7940     0.0    367.7940     0.0000 0.0000  Eval_32_69_DP_OP_55J21_127_1671_J21_0_1
core16_1/evalA_2/DP_OP_56J21_128_2247    366.2820     0.0    366.2820     0.0000 0.0000  Eval_32_69_DP_OP_56J21_128_2247_J21_0_1
core16_1/evalA_3                    1033.3260      0.1      32.2560      0.0000  0.0000  Eval_32_69
core16_1/evalA_3/DP_OP_54J21_126_7364    266.9940     0.0    266.9940     0.0000 0.0000  Eval_32_69_DP_OP_54J21_126_7364_J21_0_0
core16_1/evalA_3/DP_OP_55J21_127_1671    367.1640     0.0    367.1640     0.0000 0.0000  Eval_32_69_DP_OP_55J21_127_1671_J21_0_0
core16_1/evalA_3/DP_OP_56J21_128_2247    366.9120     0.0    366.9120     0.0000 0.0000  Eval_32_69_DP_OP_56J21_128_2247_J21_0_0
core16_1/evalB                       355.5720      0.0      10.5840      0.0000  0.0000  Eval_33_72
core16_1/evalB/DP_OP_54J16_125_7977     96.0120     0.0     96.0120      0.0000  0.0000  Eval_33_69_DP_OP_54J16_125_7977_J16_0_3
core16_1/evalB/DP_OP_55J16_126_7780    123.2280     0.0    123.2280      0.0000  0.0000  Eval_33_69_DP_OP_55J16_126_7780_J16_0_3
core16_1/evalB/DP_OP_56J16_127_5098    125.7480     0.0    125.7480      0.0000  0.0000  Eval_33_69_DP_OP_56J16_127_5098_J16_0_3
core16_1/evalB_1                     354.1860      0.0      10.2060      0.0000  0.0000  Eval_33_71
core16_1/evalB_1/DP_OP_54J16_125_7977     93.4920     0.0     93.4920     0.0000 0.0000  Eval_33_69_DP_OP_54J16_125_7977_J16_0_2
core16_1/evalB_1/DP_OP_55J16_126_7780    123.4800     0.0    123.4800     0.0000 0.0000  Eval_33_69_DP_OP_55J16_126_7780_J16_0_2
core16_1/evalB_1/DP_OP_56J16_127_5098    127.0080     0.0    127.0080     0.0000 0.0000  Eval_33_69_DP_OP_56J16_127_5098_J16_0_2
core16_1/evalB_2                     359.2260      0.0      10.2060      0.0000  0.0000  Eval_33_70
core16_1/evalB_2/DP_OP_54J16_125_7977     96.1380     0.0     96.1380     0.0000 0.0000  Eval_33_69_DP_OP_54J16_125_7977_J16_0_1
core16_1/evalB_2/DP_OP_55J16_126_7780    125.7480     0.0    125.7480     0.0000 0.0000  Eval_33_69_DP_OP_55J16_126_7780_J16_0_1
core16_1/evalB_2/DP_OP_56J16_127_5098    127.1340     0.0    127.1340     0.0000 0.0000  Eval_33_69_DP_OP_56J16_127_5098_J16_0_1
core16_1/evalB_3                     360.1080      0.0      10.5840      0.0000  0.0000  Eval_33_69
core16_1/evalB_3/DP_OP_54J16_125_7977     96.1380     0.0     96.1380     0.0000 0.0000  Eval_33_69_DP_OP_54J16_125_7977_J16_0_0
core16_1/evalB_3/DP_OP_55J16_126_7780    128.0160     0.0    128.0160     0.0000 0.0000  Eval_33_69_DP_OP_55J16_126_7780_J16_0_0
core16_1/evalB_3/DP_OP_56J16_127_5098    125.3700     0.0    125.3700     0.0000 0.0000  Eval_33_69_DP_OP_56J16_127_5098_J16_0_0
core16_1/interp                    12714.4078      1.5       0.7560   1227.7440  0.0000  Interpolation_7_5
core16_1/interp/interp             11485.9078      1.4       0.2520      0.0000  0.0000  InterpolationComb_7_5
core16_1/interp/interp/DP_OP_421J12_122_3346  11485.6558     1.4  11485.6558     0.0000 0.0000 InterpolationComb_7_0_DP_OP_421J12_122_3346_J12_0_1
core16_2                          107173.2045     12.6       2.0160   2348.6400  0.0000  core16_4
core16_2/core4_0                   10972.9618      1.3       0.7560    591.5700  0.0000  core4_34
core16_2/core4_0/evalA               971.7120      0.1      29.2320      0.0000  0.0000  Eval_32_34
core16_2/core4_0/evalA/DP_OP_54J32_122_3091    250.2360     0.0    250.2360     0.0000 0.0000 Eval_32_28_DP_OP_54J32_122_3091_J32_0_1
core16_2/core4_0/evalA/DP_OP_55J32_123_7508    339.3180     0.0    339.3180     0.0000 0.0000 Eval_32_28_DP_OP_55J32_123_7508_J32_0_1
core16_2/core4_0/evalA/DP_OP_56J32_124_8232    352.9260     0.0    352.9260     0.0000 0.0000 Eval_32_28_DP_OP_56J32_124_8232_J32_0_1
core16_2/core4_0/evalB               276.3180      0.0       8.0640      0.0000  0.0000  Eval_33_34
core16_2/core4_0/evalB/DP_OP_54J33_125_6879     72.0720     0.0     72.0720     0.0000 0.0000 Eval_33_28_DP_OP_54J33_125_6879_J33_0_1
core16_2/core4_0/evalB/DP_OP_55J33_126_3031     95.7600     0.0     95.7600     0.0000 0.0000 Eval_33_28_DP_OP_55J33_126_3031_J33_0_1
core16_2/core4_0/evalB/DP_OP_56J33_127_9263    100.4220     0.0    100.4220     0.0000 0.0000 Eval_33_28_DP_OP_56J33_127_9263_J33_0_1
core16_2/core4_0/interp             3356.1360      0.4       0.7560    332.6400  0.0000  Interpolation_35
core16_2/core4_0/interp/interp      3022.7400      0.4       0.2520      0.0000  0.0000  InterpolationComb_35
core16_2/core4_0/interp/interp/DP_OP_106J21_122_6228   3022.4880     0.4   3022.4880     0.0000 0.0000 InterpolationComb_0_DP_OP_106J21_122_6228_J21_0_14
core16_2/core4_0/mult_x_1            643.8600      0.1     643.8600      0.0000  0.0000  core4_28_DW_mult_uns_J29_3_1
core16_2/core4_0/mult_x_2            931.6440      0.1     931.6440      0.0000  0.0000  core4_28_DW_mult_uns_J29_2_1
core16_2/core4_0/mult_x_3            827.1900      0.1     827.1900      0.0000  0.0000  core4_28_DW_mult_tc_J29_2_1
core16_2/core4_0/mult_x_4            790.9020      0.1     790.9020      0.0000  0.0000  core4_28_DW_mult_tc_J29_1_1
core16_2/core4_0/mult_x_5            987.2100      0.1     987.2100      0.0000  0.0000  core4_28_DW_mult_uns_J29_1_1
core16_2/core4_0/mult_x_6            951.5520      0.1     951.5520      0.0000  0.0000  core4_28_DW_mult_tc_J29_0_1
core16_2/core4_0/mult_x_7            644.1120      0.1     644.1120      0.0000  0.0000  core4_28_DW_mult_uns_J29_0_1
core16_2/core4_1                   12995.3878      1.5       0.7560    591.5700  0.0000  core4_33
core16_2/core4_1/evalA              1063.6920      0.1      33.0120      0.0000  0.0000  Eval_32_33
core16_2/core4_1/evalA/DP_OP_55J20_123_4242    272.7900     0.0    272.7900     0.0000 0.0000 Eval_32_33_DP_OP_55J20_123_4242_J20_0
core16_2/core4_1/evalA/DP_OP_56J20_124_6859    382.1580     0.0    382.1580     0.0000 0.0000 Eval_32_33_DP_OP_56J20_124_6859_J20_0
core16_2/core4_1/evalA/DP_OP_57J20_125_4104    375.7320     0.0    375.7320     0.0000 0.0000 Eval_32_33_DP_OP_57J20_125_4104_J20_0
core16_2/core4_1/evalB               399.0420      0.0      11.8440      0.0000  0.0000  Eval_33_33
core16_2/core4_1/evalB/DP_OP_54J22_122_1008    106.0920     0.0    106.0920     0.0000 0.0000 Eval_33_33_DP_OP_54J22_122_1008_J22_0
core16_2/core4_1/evalB/DP_OP_55J22_123_2382    140.4900     0.0    140.4900     0.0000 0.0000 Eval_33_33_DP_OP_55J22_123_2382_J22_0
core16_2/core4_1/evalB/DP_OP_56J22_124_6117    140.6160     0.0    140.6160     0.0000 0.0000 Eval_33_33_DP_OP_56J22_124_6117_J22_0
core16_2/core4_1/interp             3356.1360      0.4       0.7560    332.6400  0.0000  Interpolation_34
core16_2/core4_1/interp/interp      3022.7400      0.4       0.2520      0.0000  0.0000  InterpolationComb_34
core16_2/core4_1/interp/interp/DP_OP_106J21_122_6228   3022.4880     0.4   3022.4880     0.0000 0.0000 InterpolationComb_0_DP_OP_106J21_122_6228_J21_0_13
core16_2/core4_1/mult_x_1            926.9820      0.1     926.9820      0.0000  0.0000  core4_33_DW_mult_uns_J23_1
core16_2/core4_1/mult_x_2           1129.5900      0.1    1129.5900      0.0000  0.0000  core4_33_DW_mult_tc_J23_4
core16_2/core4_1/mult_x_3           1124.5500      0.1    1124.5500      0.0000  0.0000  core4_33_DW_mult_tc_J23_3
core16_2/core4_1/mult_x_4           1086.2460      0.1    1086.2460      0.0000  0.0000  core4_33_DW_mult_tc_J23_2
core16_2/core4_1/mult_x_5           1166.5080      0.1    1166.5080      0.0000  0.0000  core4_33_DW_mult_tc_J23_1
core16_2/core4_1/mult_x_6           1223.3340      0.1    1223.3340      0.0000  0.0000  core4_33_DW_mult_tc_J23_0
core16_2/core4_1/mult_x_7            926.9820      0.1     926.9820      0.0000  0.0000  core4_33_DW_mult_uns_J23_0
core16_2/core4_2                   11834.4238      1.4       0.7560    591.5700  0.0000  core4_32
core16_2/core4_2/evalA              1007.7480      0.1      30.7440      0.0000  0.0000  Eval_32_32
core16_2/core4_2/evalA/DP_OP_53J21_123_9578    259.3080     0.0    259.3080     0.0000 0.0000 Eval_32_1_DP_OP_53J21_123_9578_J21_0_24
core16_2/core4_2/evalA/DP_OP_54J21_124_907    356.4540     0.0    356.4540     0.0000 0.0000 Eval_32_1_DP_OP_54J21_124_907_J21_0_24
core16_2/core4_2/evalA/DP_OP_55J21_125_2024    361.2420     0.0    361.2420     0.0000 0.0000 Eval_32_1_DP_OP_55J21_125_2024_J21_0_24
core16_2/core4_2/evalB               320.6700      0.0       9.3240      0.0000  0.0000  Eval_33_32
core16_2/core4_2/evalB/DP_OP_53J18_122_4708     82.4040     0.0     82.4040     0.0000 0.0000 Eval_33_1_DP_OP_53J18_122_4708_J18_0_22
core16_2/core4_2/evalB/DP_OP_54J18_123_8292    111.8880     0.0    111.8880     0.0000 0.0000 Eval_33_1_DP_OP_54J18_123_8292_J18_0_22
core16_2/core4_2/evalB/DP_OP_55J18_124_8043    117.0540     0.0    117.0540     0.0000 0.0000 Eval_33_1_DP_OP_55J18_124_8043_J18_0_22
core16_2/core4_2/interp             3462.1020      0.4       0.7560    340.7040  0.0000  Interpolation_33
core16_2/core4_2/interp/interp      3120.6419      0.4       0.2520      0.0000  0.0000  InterpolationComb_33
core16_2/core4_2/interp/interp/DP_OP_106J20_122_8999   3120.3899     0.4   3120.3899     0.0000 0.0000 InterpolationComb_1_DP_OP_106J20_122_8999_J20_0_19
core16_2/core4_2/mult_x_1            795.5640      0.1     795.5640      0.0000  0.0000  core4_1_DW_mult_tc_J22_6_16
core16_2/core4_2/mult_x_2            981.0360      0.1     981.0360      0.0000  0.0000  core4_1_DW_mult_tc_J22_5_16
core16_2/core4_2/mult_x_3            876.5820      0.1     876.5820      0.0000  0.0000  core4_1_DW_mult_tc_J22_4_16
core16_2/core4_2/mult_x_4            921.9420      0.1     921.9420      0.0000  0.0000  core4_1_DW_mult_tc_J22_3_16
core16_2/core4_2/mult_x_5           1008.8820      0.1    1008.8820      0.0000  0.0000  core4_1_DW_mult_tc_J22_2_16
core16_2/core4_2/mult_x_6           1054.8720      0.1    1054.8720      0.0000  0.0000  core4_1_DW_mult_tc_J22_1_16
core16_2/core4_2/mult_x_7            812.7000      0.1     812.7000      0.0000  0.0000  core4_1_DW_mult_tc_J22_0_16
core16_2/core4_3                   13232.7718      1.6       0.5040    591.5700  0.0000  core4_31
core16_2/core4_3/evalA              1091.9160      0.1      34.5240      0.0000  0.0000  Eval_32_31
core16_2/core4_3/evalA/DP_OP_53J21_123_9578    275.3100     0.0    275.3100     0.0000 0.0000 Eval_32_1_DP_OP_53J21_123_9578_J21_0_23
core16_2/core4_3/evalA/DP_OP_54J21_124_907    403.0740     0.0    403.0740     0.0000 0.0000 Eval_32_1_DP_OP_54J21_124_907_J21_0_23
core16_2/core4_3/evalA/DP_OP_55J21_125_2024    379.0080     0.0    379.0080     0.0000 0.0000 Eval_32_1_DP_OP_55J21_125_2024_J21_0_23
core16_2/core4_3/evalB               495.6840      0.1      15.8760      0.0000  0.0000  Eval_33_31
core16_2/core4_3/evalB/DP_OP_53J18_122_4708    122.7240     0.0    122.7240     0.0000 0.0000 Eval_33_1_DP_OP_53J18_122_4708_J18_0_21
core16_2/core4_3/evalB/DP_OP_54J18_123_8292    185.8500     0.0    185.8500     0.0000 0.0000 Eval_33_1_DP_OP_54J18_123_8292_J18_0_21
core16_2/core4_3/evalB/DP_OP_55J18_124_8043    171.2340     0.0    171.2340     0.0000 0.0000 Eval_33_1_DP_OP_55J18_124_8043_J18_0_21
core16_2/core4_3/interp             3461.5980      0.4       0.7560    340.7040  0.0000  Interpolation_32
core16_2/core4_3/interp/interp      3120.1379      0.4       0.2520      0.0000  0.0000  InterpolationComb_32
core16_2/core4_3/interp/interp/DP_OP_106J20_122_8999   3119.8859     0.4   3119.8859     0.0000 0.0000 InterpolationComb_1_DP_OP_106J20_122_8999_J20_0_18
core16_2/core4_3/mult_x_1            768.3480      0.1     768.3480      0.0000  0.0000  core4_1_DW_mult_tc_J22_6_15
core16_2/core4_3/mult_x_2           1180.9980      0.1    1180.9980      0.0000  0.0000  core4_1_DW_mult_tc_J22_5_15
core16_2/core4_3/mult_x_3           1215.2700      0.1    1215.2700      0.0000  0.0000  core4_1_DW_mult_tc_J22_4_15
core16_2/core4_3/mult_x_4           1230.0120      0.1    1230.0120      0.0000  0.0000  core4_1_DW_mult_tc_J22_3_15
core16_2/core4_3/mult_x_5           1213.7580      0.1    1213.7580      0.0000  0.0000  core4_1_DW_mult_tc_J22_2_15
core16_2/core4_3/mult_x_6           1215.1440      0.1    1215.1440      0.0000  0.0000  core4_1_DW_mult_tc_J22_1_15
core16_2/core4_3/mult_x_7            767.9700      0.1     767.9700      0.0000  0.0000  core4_1_DW_mult_tc_J22_0_15
core16_2/core4_4                   13047.9298      1.5       0.7560    591.5700  0.0000  core4_30
core16_2/core4_4/evalA              1063.0620      0.1      33.0120      0.0000  0.0000  Eval_32_30
core16_2/core4_4/evalA/DP_OP_54J33_122_580    271.7820     0.0    271.7820     0.0000 0.0000 Eval_32_30_DP_OP_54J33_122_580_J33_0
core16_2/core4_4/evalA/DP_OP_55J33_123_5196    381.5280     0.0    381.5280     0.0000 0.0000 Eval_32_30_DP_OP_55J33_123_5196_J33_0
core16_2/core4_4/evalA/DP_OP_56J33_124_4835    376.7400     0.0    376.7400     0.0000 0.0000 Eval_32_30_DP_OP_56J33_124_4835_J33_0
core16_2/core4_4/evalB               398.2860      0.0      11.8440      0.0000  0.0000  Eval_33_30
core16_2/core4_4/evalB/DP_OP_54J22_125_2840    105.2100     0.0    105.2100     0.0000 0.0000 Eval_33_30_DP_OP_54J22_125_2840_J22_0
core16_2/core4_4/evalB/DP_OP_55J22_126_7954    138.2220     0.0    138.2220     0.0000 0.0000 Eval_33_30_DP_OP_55J22_126_7954_J22_0
core16_2/core4_4/evalB/DP_OP_56J22_127_8379    143.0100     0.0    143.0100     0.0000 0.0000 Eval_33_30_DP_OP_56J22_127_8379_J22_0
core16_2/core4_4/interp             3462.1020      0.4       0.7560    340.7040  0.0000  Interpolation_31
core16_2/core4_4/interp/interp      3120.6419      0.4       0.2520      0.0000  0.0000  InterpolationComb_31
core16_2/core4_4/interp/interp/DP_OP_106J20_122_8999   3120.3899     0.4   3120.3899     0.0000 0.0000 InterpolationComb_1_DP_OP_106J20_122_8999_J20_0_17
core16_2/core4_4/mult_x_1            961.8840      0.1     961.8840      0.0000  0.0000  core4_30_DW_mult_uns_J24_2
core16_2/core4_4/mult_x_2           1184.9040      0.1    1184.9040      0.0000  0.0000  core4_30_DW_mult_tc_J24_3
core16_2/core4_4/mult_x_3           1028.9160      0.1    1028.9160      0.0000  0.0000  core4_30_DW_mult_tc_J24_2
core16_2/core4_4/mult_x_4           1059.2820      0.1    1059.2820      0.0000  0.0000  core4_30_DW_mult_tc_J24_1
core16_2/core4_4/mult_x_5           1145.7180      0.1    1145.7180      0.0000  0.0000  core4_30_DW_mult_uns_J24_1
core16_2/core4_4/mult_x_6           1189.5660      0.1    1189.5660      0.0000  0.0000  core4_30_DW_mult_tc_J24_0
core16_2/core4_4/mult_x_7            961.8840      0.1     961.8840      0.0000  0.0000  core4_30_DW_mult_uns_J24_0
core16_2/core4_5                   13516.9018      1.6       0.7560    591.6960  0.0000  core4_29
core16_2/core4_5/evalA              1078.6860      0.1      34.5240      0.0000  0.0000  Eval_32_29
core16_2/core4_5/evalA/DP_OP_53J21_123_9578    274.0500     0.0    274.0500     0.0000 0.0000 Eval_32_1_DP_OP_53J21_123_9578_J21_0_22
core16_2/core4_5/evalA/DP_OP_54J21_124_907    391.7340     0.0    391.7340     0.0000 0.0000 Eval_32_1_DP_OP_54J21_124_907_J21_0_22
core16_2/core4_5/evalA/DP_OP_55J21_125_2024    378.3780     0.0    378.3780     0.0000 0.0000 Eval_32_1_DP_OP_55J21_125_2024_J21_0_22
core16_2/core4_5/evalB               483.7140      0.1      16.3800      0.0000  0.0000  Eval_33_29
core16_2/core4_5/evalB/DP_OP_53J18_122_4708    119.8260     0.0    119.8260     0.0000 0.0000 Eval_33_1_DP_OP_53J18_122_4708_J18_0_20
core16_2/core4_5/evalB/DP_OP_54J18_123_8292    180.8100     0.0    180.8100     0.0000 0.0000 Eval_33_1_DP_OP_54J18_123_8292_J18_0_20
core16_2/core4_5/evalB/DP_OP_55J18_124_8043    166.6980     0.0    166.6980     0.0000 0.0000 Eval_33_1_DP_OP_55J18_124_8043_J18_0_20
core16_2/core4_5/interp             3462.6060      0.4       0.7560    340.7040  0.0000  Interpolation_30
core16_2/core4_5/interp/interp      3121.1459      0.4       0.2520      0.0000  0.0000  InterpolationComb_30
core16_2/core4_5/interp/interp/DP_OP_106J20_122_8999   3120.8939     0.4   3120.8939     0.0000 0.0000 InterpolationComb_1_DP_OP_106J20_122_8999_J20_0_16
core16_2/core4_5/mult_x_1            926.8560      0.1     926.8560      0.0000  0.0000  core4_1_DW_mult_tc_J22_6_14
core16_2/core4_5/mult_x_2           1183.6440      0.1    1183.6440      0.0000  0.0000  core4_1_DW_mult_tc_J22_5_14
core16_2/core4_5/mult_x_3           1214.6400      0.1    1214.6400      0.0000  0.0000  core4_1_DW_mult_tc_J22_4_14
core16_2/core4_5/mult_x_4           1220.0580      0.1    1220.0580      0.0000  0.0000  core4_1_DW_mult_tc_J22_3_14
core16_2/core4_5/mult_x_5           1219.1760      0.1    1219.1760      0.0000  0.0000  core4_1_DW_mult_tc_J22_2_14
core16_2/core4_5/mult_x_6           1213.0020      0.1    1213.0020      0.0000  0.0000  core4_1_DW_mult_tc_J22_1_14
core16_2/core4_5/mult_x_7            922.0680      0.1     922.0680      0.0000  0.0000  core4_1_DW_mult_tc_J22_0_14
core16_2/core4_6                   10952.9278      1.3       0.7560    591.5700  0.0000  core4_28
core16_2/core4_6/evalA               965.4120      0.1      29.2320      0.0000  0.0000  Eval_32_28
core16_2/core4_6/evalA/DP_OP_54J32_122_3091    250.2360     0.0    250.2360     0.0000 0.0000 Eval_32_28_DP_OP_54J32_122_3091_J32_0_0
core16_2/core4_6/evalA/DP_OP_55J32_123_7508    339.3180     0.0    339.3180     0.0000 0.0000 Eval_32_28_DP_OP_55J32_123_7508_J32_0_0
core16_2/core4_6/evalA/DP_OP_56J32_124_8232    346.6260     0.0    346.6260     0.0000 0.0000 Eval_32_28_DP_OP_56J32_124_8232_J32_0_0
core16_2/core4_6/evalB               275.4360      0.0       8.0640      0.0000  0.0000  Eval_33_28
core16_2/core4_6/evalB/DP_OP_54J33_125_6879     71.8200     0.0     71.8200     0.0000 0.0000 Eval_33_28_DP_OP_54J33_125_6879_J33_0_0
core16_2/core4_6/evalB/DP_OP_55J33_126_3031     94.5000     0.0     94.5000     0.0000 0.0000 Eval_33_28_DP_OP_55J33_126_3031_J33_0_0
core16_2/core4_6/evalB/DP_OP_56J33_127_9263    101.0520     0.0    101.0520     0.0000 0.0000 Eval_33_28_DP_OP_56J33_127_9263_J33_0_0
core16_2/core4_6/interp             3356.1360      0.4       0.7560    332.6400  0.0000  Interpolation_29
core16_2/core4_6/interp/interp      3022.7400      0.4       0.2520      0.0000  0.0000  InterpolationComb_29
core16_2/core4_6/interp/interp/DP_OP_106J21_122_6228   3022.4880     0.4   3022.4880     0.0000 0.0000 InterpolationComb_0_DP_OP_106J21_122_6228_J21_0_12
core16_2/core4_6/mult_x_1            643.8600      0.1     643.8600      0.0000  0.0000  core4_28_DW_mult_uns_J29_3_0
core16_2/core4_6/mult_x_2            925.5960      0.1     925.5960      0.0000  0.0000  core4_28_DW_mult_uns_J29_2_0
core16_2/core4_6/mult_x_3            821.8980      0.1     821.8980      0.0000  0.0000  core4_28_DW_mult_tc_J29_2_0
core16_2/core4_6/mult_x_4            788.1300      0.1     788.1300      0.0000  0.0000  core4_28_DW_mult_tc_J29_1_0
core16_2/core4_6/mult_x_5            986.9580      0.1     986.9580      0.0000  0.0000  core4_28_DW_mult_uns_J29_1_0
core16_2/core4_6/mult_x_6            953.4420      0.1     953.4420      0.0000  0.0000  core4_28_DW_mult_tc_J29_0_0
core16_2/core4_6/mult_x_7            643.7340      0.1     643.7340      0.0000  0.0000  core4_28_DW_mult_uns_J29_0_0
core16_2/evalA                       974.2320      0.1      29.2320      0.0000  0.0000  Eval_32_68
core16_2/evalA/DP_OP_54J29_122_639    251.4960     0.0     251.4960      0.0000  0.0000  Eval_32_65_DP_OP_54J29_122_639_J29_0_3
core16_2/evalA/DP_OP_55J29_123_1301    340.5780     0.0    340.5780      0.0000  0.0000  Eval_32_65_DP_OP_55J29_123_1301_J29_0_3
core16_2/evalA/DP_OP_56J29_124_7812    352.9260     0.0    352.9260      0.0000  0.0000  Eval_32_65_DP_OP_56J29_124_7812_J29_0_3
core16_2/evalA_1                     964.5300      0.1      28.9800      0.0000  0.0000  Eval_32_67
core16_2/evalA_1/DP_OP_54J29_122_639    250.2360     0.0    250.2360     0.0000  0.0000  Eval_32_65_DP_OP_54J29_122_639_J29_0_2
core16_2/evalA_1/DP_OP_55J29_123_1301    339.9480     0.0    339.9480     0.0000 0.0000  Eval_32_65_DP_OP_55J29_123_1301_J29_0_2
core16_2/evalA_1/DP_OP_56J29_124_7812    345.3660     0.0    345.3660     0.0000 0.0000  Eval_32_65_DP_OP_56J29_124_7812_J29_0_2
core16_2/evalA_2                     963.9000      0.1      28.9800      0.0000  0.0000  Eval_32_66
core16_2/evalA_2/DP_OP_54J29_122_639    250.2360     0.0    250.2360     0.0000  0.0000  Eval_32_65_DP_OP_54J29_122_639_J29_0_1
core16_2/evalA_2/DP_OP_55J29_123_1301    339.3180     0.0    339.3180     0.0000 0.0000  Eval_32_65_DP_OP_55J29_123_1301_J29_0_1
core16_2/evalA_2/DP_OP_56J29_124_7812    345.3660     0.0    345.3660     0.0000 0.0000  Eval_32_65_DP_OP_56J29_124_7812_J29_0_1
core16_2/evalA_3                     981.9180      0.1      29.2320      0.0000  0.0000  Eval_32_65
core16_2/evalA_3/DP_OP_54J29_122_639    250.8660     0.0    250.8660     0.0000  0.0000  Eval_32_65_DP_OP_54J29_122_639_J29_0_0
core16_2/evalA_3/DP_OP_55J29_123_1301    349.0200     0.0    349.0200     0.0000 0.0000  Eval_32_65_DP_OP_55J29_123_1301_J29_0_0
core16_2/evalA_3/DP_OP_56J29_124_7812    352.8000     0.0    352.8000     0.0000 0.0000  Eval_32_65_DP_OP_56J29_124_7812_J29_0_0
core16_2/evalB                       276.9480      0.0       8.0640      0.0000  0.0000  Eval_33_68
core16_2/evalB/DP_OP_54J20_129_194     72.7020     0.0      72.7020      0.0000  0.0000  Eval_33_65_DP_OP_54J20_129_194_J20_0_3
core16_2/evalB/DP_OP_55J20_130_6727     96.3900     0.0     96.3900      0.0000  0.0000  Eval_33_65_DP_OP_55J20_130_6727_J20_0_3
core16_2/evalB/DP_OP_56J20_131_4045     99.7920     0.0     99.7920      0.0000  0.0000  Eval_33_65_DP_OP_56J20_131_4045_J20_0_3
core16_2/evalB_1                     279.2160      0.0       7.8120      0.0000  0.0000  Eval_33_67
core16_2/evalB_1/DP_OP_54J20_129_194     72.8280     0.0     72.8280     0.0000  0.0000  Eval_33_65_DP_OP_54J20_129_194_J20_0_2
core16_2/evalB_1/DP_OP_55J20_130_6727     94.5000     0.0     94.5000     0.0000 0.0000  Eval_33_65_DP_OP_55J20_130_6727_J20_0_2
core16_2/evalB_1/DP_OP_56J20_131_4045    104.0760     0.0    104.0760     0.0000 0.0000  Eval_33_65_DP_OP_56J20_131_4045_J20_0_2
core16_2/evalB_2                     278.9640      0.0       7.8120      0.0000  0.0000  Eval_33_66
core16_2/evalB_2/DP_OP_54J20_129_194     73.4580     0.0     73.4580     0.0000  0.0000  Eval_33_65_DP_OP_54J20_129_194_J20_0_1
core16_2/evalB_2/DP_OP_55J20_130_6727     96.1380     0.0     96.1380     0.0000 0.0000  Eval_33_65_DP_OP_55J20_130_6727_J20_0_1
core16_2/evalB_2/DP_OP_56J20_131_4045    101.5560     0.0    101.5560     0.0000 0.0000  Eval_33_65_DP_OP_56J20_131_4045_J20_0_1
core16_2/evalB_3                     283.3740      0.0       8.0640      0.0000  0.0000  Eval_33_65
core16_2/evalB_3/DP_OP_54J20_129_194     73.3320     0.0     73.3320     0.0000  0.0000  Eval_33_65_DP_OP_54J20_129_194_J20_0_0
core16_2/evalB_3/DP_OP_55J20_130_6727    101.0520     0.0    101.0520     0.0000 0.0000  Eval_33_65_DP_OP_55J20_130_6727_J20_0_0
core16_2/evalB_3/DP_OP_56J20_131_4045    100.9260     0.0    100.9260     0.0000 0.0000  Eval_33_65_DP_OP_56J20_131_4045_J20_0_0
core16_2/interp                    13266.1618      1.6       0.7560   1260.0000  0.0000  Interpolation_7_4
core16_2/interp/interp             12005.4058      1.4       0.2520      0.0000  0.0000  InterpolationComb_7_4
core16_2/interp/interp/DP_OP_421J11_122_4043  12005.1538     1.4  12005.1538     0.0000 0.0000 InterpolationComb_7_1_DP_OP_421J11_122_4043_J11_0_3
core16_3                          116859.5804     13.8       2.0160   2348.6400  0.0000  core16_3
core16_3/core4_0                   12708.6118      1.5       0.7560    591.6960  0.0000  core4_27
core16_3/core4_0/evalA              1079.1900      0.1      33.7680      0.0000  0.0000  Eval_32_27
core16_3/core4_0/evalA/DP_OP_53J21_123_9578    274.0500     0.0    274.0500     0.0000 0.0000 Eval_32_1_DP_OP_53J21_123_9578_J21_0_21
core16_3/core4_0/evalA/DP_OP_54J21_124_907    392.3640     0.0    392.3640     0.0000 0.0000 Eval_32_1_DP_OP_54J21_124_907_J21_0_21
core16_3/core4_0/evalA/DP_OP_55J21_125_2024    379.0080     0.0    379.0080     0.0000 0.0000 Eval_32_1_DP_OP_55J21_125_2024_J21_0_21
core16_3/core4_0/evalB               448.6860      0.1      15.8760      0.0000  0.0000  Eval_33_27
core16_3/core4_0/evalB/DP_OP_53J18_122_4708     78.6240     0.0     78.6240     0.0000 0.0000 Eval_33_1_DP_OP_53J18_122_4708_J18_0_19
core16_3/core4_0/evalB/DP_OP_54J18_123_8292    183.7080     0.0    183.7080     0.0000 0.0000 Eval_33_1_DP_OP_54J18_123_8292_J18_0_19
core16_3/core4_0/evalB/DP_OP_55J18_124_8043    170.4780     0.0    170.4780     0.0000 0.0000 Eval_33_1_DP_OP_55J18_124_8043_J18_0_19
core16_3/core4_0/interp             3356.1360      0.4       0.7560    332.6400  0.0000  Interpolation_28
core16_3/core4_0/interp/interp      3022.7400      0.4       0.2520      0.0000  0.0000  InterpolationComb_28
core16_3/core4_0/interp/interp/DP_OP_106J21_122_6228   3022.4880     0.4   3022.4880     0.0000 0.0000 InterpolationComb_0_DP_OP_106J21_122_6228_J21_0_11
core16_3/core4_0/mult_x_1            727.2720      0.1     727.2720      0.0000  0.0000  core4_7_DW_mult_tc_J15_6_5
core16_3/core4_0/mult_x_2            898.2540      0.1     898.2540      0.0000  0.0000  core4_7_DW_mult_tc_J15_5_5
core16_3/core4_0/mult_x_3           1221.1920      0.1    1221.1920      0.0000  0.0000  core4_7_DW_mult_tc_J15_4_5
core16_3/core4_0/mult_x_4           1219.6800      0.1    1219.6800      0.0000  0.0000  core4_7_DW_mult_tc_J15_3_5
core16_3/core4_0/mult_x_5           1224.9720      0.1    1224.9720      0.0000  0.0000  core4_7_DW_mult_tc_J15_2_5
core16_3/core4_0/mult_x_6           1211.4900      0.1    1211.4900      0.0000  0.0000  core4_7_DW_mult_tc_J15_1_5
core16_3/core4_0/mult_x_7            729.2880      0.1     729.2880      0.0000  0.0000  core4_7_DW_mult_tc_J15_0_5
core16_3/core4_1                   13381.3258      1.6       0.5040    591.5700  0.0000  core4_26
core16_3/core4_1/evalA              1079.8200      0.1      34.3980      0.0000  0.0000  Eval_32_26
core16_3/core4_1/evalA/DP_OP_53J21_123_9578    274.0500     0.0    274.0500     0.0000 0.0000 Eval_32_1_DP_OP_53J21_123_9578_J21_0_20
core16_3/core4_1/evalA/DP_OP_54J21_124_907    392.3640     0.0    392.3640     0.0000 0.0000 Eval_32_1_DP_OP_54J21_124_907_J21_0_20
core16_3/core4_1/evalA/DP_OP_55J21_125_2024    379.0080     0.0    379.0080     0.0000 0.0000 Eval_32_1_DP_OP_55J21_125_2024_J21_0_20
core16_3/core4_1/evalB               492.1560      0.1      16.2540      0.0000  0.0000  Eval_33_26
core16_3/core4_1/evalB/DP_OP_53J18_122_4708    123.7320     0.0    123.7320     0.0000 0.0000 Eval_33_1_DP_OP_53J18_122_4708_J18_0_18
core16_3/core4_1/evalB/DP_OP_54J18_123_8292    183.8340     0.0    183.8340     0.0000 0.0000 Eval_33_1_DP_OP_54J18_123_8292_J18_0_18
core16_3/core4_1/evalB/DP_OP_55J18_124_8043    168.3360     0.0    168.3360     0.0000 0.0000 Eval_33_1_DP_OP_55J18_124_8043_J18_0_18
core16_3/core4_1/interp             3356.1360      0.4       0.7560    332.6400  0.0000  Interpolation_27
core16_3/core4_1/interp/interp      3022.7400      0.4       0.2520      0.0000  0.0000  InterpolationComb_27
core16_3/core4_1/interp/interp/DP_OP_106J21_122_6228   3022.4880     0.4   3022.4880     0.0000 0.0000 InterpolationComb_0_DP_OP_106J21_122_6228_J21_0_10
core16_3/core4_1/mult_x_1            898.2540      0.1     898.2540      0.0000  0.0000  core4_7_DW_mult_tc_J15_6_4
core16_3/core4_1/mult_x_2           1186.6680      0.1    1186.6680      0.0000  0.0000  core4_7_DW_mult_tc_J15_5_4
core16_3/core4_1/mult_x_3           1226.8620      0.1    1226.8620      0.0000  0.0000  core4_7_DW_mult_tc_J15_4_4
core16_3/core4_1/mult_x_4           1219.4280      0.1    1219.4280      0.0000  0.0000  core4_7_DW_mult_tc_J15_3_4
core16_3/core4_1/mult_x_5           1221.8220      0.1    1221.8220      0.0000  0.0000  core4_7_DW_mult_tc_J15_2_4
core16_3/core4_1/mult_x_6           1215.6480      0.1    1215.6480      0.0000  0.0000  core4_7_DW_mult_tc_J15_1_4
core16_3/core4_1/mult_x_7            892.4580      0.1     892.4580      0.0000  0.0000  core4_7_DW_mult_tc_J15_0_4
core16_3/core4_2                   14062.3558      1.7       0.5040    591.5700  0.0000  core4_25
core16_3/core4_2/evalA              1083.4740      0.1      34.6500      0.0000  0.0000  Eval_32_25
core16_3/core4_2/evalA/DP_OP_53J21_123_9578    274.6800     0.0    274.6800     0.0000 0.0000 Eval_32_1_DP_OP_53J21_123_9578_J21_0_19
core16_3/core4_2/evalA/DP_OP_54J21_124_907    395.7660     0.0    395.7660     0.0000 0.0000 Eval_32_1_DP_OP_54J21_124_907_J21_0_19
core16_3/core4_2/evalA/DP_OP_55J21_125_2024    378.3780     0.0    378.3780     0.0000 0.0000 Eval_32_1_DP_OP_55J21_125_2024_J21_0_19
core16_3/core4_2/evalB               492.7860      0.1      16.1280      0.0000  0.0000  Eval_33_25
core16_3/core4_2/evalB/DP_OP_53J18_122_4708    126.0000     0.0    126.0000     0.0000 0.0000 Eval_33_1_DP_OP_53J18_122_4708_J18_0_17
core16_3/core4_2/evalB/DP_OP_54J18_123_8292    182.4480     0.0    182.4480     0.0000 0.0000 Eval_33_1_DP_OP_54J18_123_8292_J18_0_17
core16_3/core4_2/evalB/DP_OP_55J18_124_8043    168.2100     0.0    168.2100     0.0000 0.0000 Eval_33_1_DP_OP_55J18_124_8043_J18_0_17
core16_3/core4_2/interp             3462.1020      0.4       0.7560    340.7040  0.0000  Interpolation_26
core16_3/core4_2/interp/interp      3120.6419      0.4       0.2520      0.0000  0.0000  InterpolationComb_26
core16_3/core4_2/interp/interp/DP_OP_106J20_122_8999   3120.3899     0.4   3120.3899     0.0000 0.0000 InterpolationComb_1_DP_OP_106J20_122_8999_J20_0_15
core16_3/core4_2/mult_x_1           1180.8720      0.1    1180.8720      0.0000  0.0000  core4_1_DW_mult_tc_J22_6_13
core16_3/core4_2/mult_x_2           1183.2660      0.1    1183.2660      0.0000  0.0000  core4_1_DW_mult_tc_J22_5_13
core16_3/core4_2/mult_x_3           1234.1700      0.1    1234.1700      0.0000  0.0000  core4_1_DW_mult_tc_J22_4_13
core16_3/core4_2/mult_x_4           1215.5220      0.1    1215.5220      0.0000  0.0000  core4_1_DW_mult_tc_J22_3_13
core16_3/core4_2/mult_x_5           1222.2000      0.1    1222.2000      0.0000  0.0000  core4_1_DW_mult_tc_J22_2_13
core16_3/core4_2/mult_x_6           1216.6560      0.1    1216.6560      0.0000  0.0000  core4_1_DW_mult_tc_J22_1_13
core16_3/core4_2/mult_x_7           1179.2340      0.1    1179.2340      0.0000  0.0000  core4_1_DW_mult_tc_J22_0_13
core16_3/core4_3                   14071.3018      1.7       0.5040    591.5700  0.0000  core4_24
core16_3/core4_3/evalA              1083.2220      0.1      34.3980      0.0000  0.0000  Eval_32_24
core16_3/core4_3/evalA/DP_OP_53J21_123_9578    274.6800     0.0    274.6800     0.0000 0.0000 Eval_32_1_DP_OP_53J21_123_9578_J21_0_18
core16_3/core4_3/evalA/DP_OP_54J21_124_907    392.3640     0.0    392.3640     0.0000 0.0000 Eval_32_1_DP_OP_54J21_124_907_J21_0_18
core16_3/core4_3/evalA/DP_OP_55J21_125_2024    381.7800     0.0    381.7800     0.0000 0.0000 Eval_32_1_DP_OP_55J21_125_2024_J21_0_18
core16_3/core4_3/evalB               493.9200      0.1      16.1280      0.0000  0.0000  Eval_33_24
core16_3/core4_3/evalB/DP_OP_53J18_122_4708    123.9840     0.0    123.9840     0.0000 0.0000 Eval_33_1_DP_OP_53J18_122_4708_J18_0_16
core16_3/core4_3/evalB/DP_OP_54J18_123_8292    184.7160     0.0    184.7160     0.0000 0.0000 Eval_33_1_DP_OP_54J18_123_8292_J18_0_16
core16_3/core4_3/evalB/DP_OP_55J18_124_8043    169.0920     0.0    169.0920     0.0000 0.0000 Eval_33_1_DP_OP_55J18_124_8043_J18_0_16
core16_3/core4_3/interp             3461.5980      0.4       0.7560    340.7040  0.0000  Interpolation_25
core16_3/core4_3/interp/interp      3120.1379      0.4       0.2520      0.0000  0.0000  InterpolationComb_25
core16_3/core4_3/interp/interp/DP_OP_106J20_122_8999   3119.8859     0.4   3119.8859     0.0000 0.0000 InterpolationComb_1_DP_OP_106J20_122_8999_J20_0_14
core16_3/core4_3/mult_x_1           1181.3760      0.1    1181.3760      0.0000  0.0000  core4_1_DW_mult_tc_J22_6_12
core16_3/core4_3/mult_x_2           1190.9520      0.1    1190.9520      0.0000  0.0000  core4_1_DW_mult_tc_J22_5_12
core16_3/core4_3/mult_x_3           1231.9020      0.1    1231.9020      0.0000  0.0000  core4_1_DW_mult_tc_J22_4_12
core16_3/core4_3/mult_x_4           1221.0660      0.1    1221.0660      0.0000  0.0000  core4_1_DW_mult_tc_J22_3_12
core16_3/core4_3/mult_x_5           1214.0100      0.1    1214.0100      0.0000  0.0000  core4_1_DW_mult_tc_J22_2_12
core16_3/core4_3/mult_x_6           1219.8060      0.1    1219.8060      0.0000  0.0000  core4_1_DW_mult_tc_J22_1_12
core16_3/core4_3/mult_x_7           1181.3760      0.1    1181.3760      0.0000  0.0000  core4_1_DW_mult_tc_J22_0_12
core16_3/core4_4                   14070.7978      1.7       0.5040    591.5700  0.0000  core4_23
core16_3/core4_4/evalA              1079.1900      0.1      34.3980      0.0000  0.0000  Eval_32_23
core16_3/core4_4/evalA/DP_OP_53J21_123_9578    274.0500     0.0    274.0500     0.0000 0.0000 Eval_32_1_DP_OP_53J21_123_9578_J21_0_17
core16_3/core4_4/evalA/DP_OP_54J21_124_907    391.7340     0.0    391.7340     0.0000 0.0000 Eval_32_1_DP_OP_54J21_124_907_J21_0_17
core16_3/core4_4/evalA/DP_OP_55J21_125_2024    379.0080     0.0    379.0080     0.0000 0.0000 Eval_32_1_DP_OP_55J21_125_2024_J21_0_17
core16_3/core4_4/evalB               491.7780      0.1      16.2540      0.0000  0.0000  Eval_33_23
core16_3/core4_4/evalB/DP_OP_53J18_122_4708    122.7240     0.0    122.7240     0.0000 0.0000 Eval_33_1_DP_OP_53J18_122_4708_J18_0_15
core16_3/core4_4/evalB/DP_OP_54J18_123_8292    182.0700     0.0    182.0700     0.0000 0.0000 Eval_33_1_DP_OP_54J18_123_8292_J18_0_15
core16_3/core4_4/evalB/DP_OP_55J18_124_8043    170.7300     0.0    170.7300     0.0000 0.0000 Eval_33_1_DP_OP_55J18_124_8043_J18_0_15
core16_3/core4_4/interp             3460.5900      0.4       0.7560    340.7040  0.0000  Interpolation_24
core16_3/core4_4/interp/interp      3119.1299      0.4       0.2520      0.0000  0.0000  InterpolationComb_24
core16_3/core4_4/interp/interp/DP_OP_106J20_122_8999   3118.8779     0.4   3118.8779     0.0000 0.0000 InterpolationComb_1_DP_OP_106J20_122_8999_J20_0_13
core16_3/core4_4/mult_x_1           1176.9660      0.1    1176.9660      0.0000  0.0000  core4_1_DW_mult_tc_J22_6_11
core16_3/core4_4/mult_x_2           1192.7160      0.1    1192.7160      0.0000  0.0000  core4_1_DW_mult_tc_J22_5_11
core16_3/core4_4/mult_x_3           1224.0900      0.1    1224.0900      0.0000  0.0000  core4_1_DW_mult_tc_J22_4_11
core16_3/core4_4/mult_x_4           1216.5300      0.1    1216.5300      0.0000  0.0000  core4_1_DW_mult_tc_J22_3_11
core16_3/core4_4/mult_x_5           1230.2640      0.1    1230.2640      0.0000  0.0000  core4_1_DW_mult_tc_J22_2_11
core16_3/core4_4/mult_x_6           1229.0040      0.1    1229.0040      0.0000  0.0000  core4_1_DW_mult_tc_J22_1_11
core16_3/core4_4/mult_x_7           1177.5960      0.1    1177.5960      0.0000  0.0000  core4_1_DW_mult_tc_J22_0_11
core16_3/core4_5                   14054.5438      1.7       0.5040    591.5700  0.0000  core4_22
core16_3/core4_5/evalA              1078.5600      0.1      34.3980      0.0000  0.0000  Eval_32_22
core16_3/core4_5/evalA/DP_OP_53J21_123_9578    274.0500     0.0    274.0500     0.0000 0.0000 Eval_32_1_DP_OP_53J21_123_9578_J21_0_16
core16_3/core4_5/evalA/DP_OP_54J21_124_907    391.7340     0.0    391.7340     0.0000 0.0000 Eval_32_1_DP_OP_54J21_124_907_J21_0_16
core16_3/core4_5/evalA/DP_OP_55J21_125_2024    378.3780     0.0    378.3780     0.0000 0.0000 Eval_32_1_DP_OP_55J21_125_2024_J21_0_16
core16_3/core4_5/evalB               490.0140      0.1      16.3800      0.0000  0.0000  Eval_33_22
core16_3/core4_5/evalB/DP_OP_53J18_122_4708    124.2360     0.0    124.2360     0.0000 0.0000 Eval_33_1_DP_OP_53J18_122_4708_J18_0_14
core16_3/core4_5/evalB/DP_OP_54J18_123_8292    181.9440     0.0    181.9440     0.0000 0.0000 Eval_33_1_DP_OP_54J18_123_8292_J18_0_14
core16_3/core4_5/evalB/DP_OP_55J18_124_8043    167.4540     0.0    167.4540     0.0000 0.0000 Eval_33_1_DP_OP_55J18_124_8043_J18_0_14
core16_3/core4_5/interp             3462.1020      0.4       0.7560    340.7040  0.0000  Interpolation_23
core16_3/core4_5/interp/interp      3120.6419      0.4       0.2520      0.0000  0.0000  InterpolationComb_23
core16_3/core4_5/interp/interp/DP_OP_106J20_122_8999   3120.3899     0.4   3120.3899     0.0000 0.0000 InterpolationComb_1_DP_OP_106J20_122_8999_J20_0_12
core16_3/core4_5/mult_x_1           1176.5880      0.1    1176.5880      0.0000  0.0000  core4_1_DW_mult_tc_J22_6_10
core16_3/core4_5/mult_x_2           1185.6600      0.1    1185.6600      0.0000  0.0000  core4_1_DW_mult_tc_J22_5_10
core16_3/core4_5/mult_x_3           1215.2700      0.1    1215.2700      0.0000  0.0000  core4_1_DW_mult_tc_J22_4_10
core16_3/core4_5/mult_x_4           1226.7360      0.1    1226.7360      0.0000  0.0000  core4_1_DW_mult_tc_J22_3_10
core16_3/core4_5/mult_x_5           1224.0900      0.1    1224.0900      0.0000  0.0000  core4_1_DW_mult_tc_J22_2_10
core16_3/core4_5/mult_x_6           1221.8220      0.1    1221.8220      0.0000  0.0000  core4_1_DW_mult_tc_J22_1_10
core16_3/core4_5/mult_x_7           1181.6280      0.1    1181.6280      0.0000  0.0000  core4_1_DW_mult_tc_J22_0_10
core16_3/core4_6                   12718.1878      1.5       0.5040    591.5700  0.0000  core4_21
core16_3/core4_6/evalA              1078.5600      0.1      33.7680      0.0000  0.0000  Eval_32_21
core16_3/core4_6/evalA/DP_OP_53J21_123_9578    274.0500     0.0    274.0500     0.0000 0.0000 Eval_32_1_DP_OP_53J21_123_9578_J21_0_15
core16_3/core4_6/evalA/DP_OP_54J21_124_907    392.3640     0.0    392.3640     0.0000 0.0000 Eval_32_1_DP_OP_54J21_124_907_J21_0_15
core16_3/core4_6/evalA/DP_OP_55J21_125_2024    378.3780     0.0    378.3780     0.0000 0.0000 Eval_32_1_DP_OP_55J21_125_2024_J21_0_15
core16_3/core4_6/evalB               449.3160      0.1      16.0020      0.0000  0.0000  Eval_33_21
core16_3/core4_6/evalB/DP_OP_53J18_122_4708     79.5060     0.0     79.5060     0.0000 0.0000 Eval_33_1_DP_OP_53J18_122_4708_J18_0_13
core16_3/core4_6/evalB/DP_OP_54J18_123_8292    183.5820     0.0    183.5820     0.0000 0.0000 Eval_33_1_DP_OP_54J18_123_8292_J18_0_13
core16_3/core4_6/evalB/DP_OP_55J18_124_8043    170.2260     0.0    170.2260     0.0000 0.0000 Eval_33_1_DP_OP_55J18_124_8043_J18_0_13
core16_3/core4_6/interp             3355.7580      0.4       0.7560    332.6400  0.0000  Interpolation_22
core16_3/core4_6/interp/interp      3022.3620      0.4       0.2520      0.0000  0.0000  InterpolationComb_22
core16_3/core4_6/interp/interp/DP_OP_106J21_122_6228   3022.1100     0.4   3022.1100     0.0000 0.0000 InterpolationComb_0_DP_OP_106J21_122_6228_J21_0_9
core16_3/core4_6/mult_x_1            726.3900      0.1     726.3900      0.0000  0.0000  core4_7_DW_mult_tc_J15_6_3
core16_3/core4_6/mult_x_2            908.4600      0.1     908.4600      0.0000  0.0000  core4_7_DW_mult_tc_J15_5_3
core16_3/core4_6/mult_x_3           1212.8760      0.1    1212.8760      0.0000  0.0000  core4_7_DW_mult_tc_J15_4_3
core16_3/core4_6/mult_x_4           1219.3020      0.1    1219.3020      0.0000  0.0000  core4_7_DW_mult_tc_J15_3_3
core16_3/core4_6/mult_x_5           1223.8380      0.1    1223.8380      0.0000  0.0000  core4_7_DW_mult_tc_J15_2_3
core16_3/core4_6/mult_x_6           1212.8760      0.1    1212.8760      0.0000  0.0000  core4_7_DW_mult_tc_J15_1_3
core16_3/core4_6/mult_x_7            738.7380      0.1     738.7380      0.0000  0.0000  core4_7_DW_mult_tc_J15_0_3
core16_3/evalA                      1080.3240      0.1      31.7520      0.0000  0.0000  Eval_32_64
core16_3/evalA/DP_OP_53J21_123_9578    275.3100     0.0    275.3100      0.0000  0.0000  Eval_32_1_DP_OP_53J21_123_9578_J21_0_40
core16_3/evalA/DP_OP_54J21_124_907    392.9940     0.0     392.9940      0.0000  0.0000  Eval_32_1_DP_OP_54J21_124_907_J21_0_40
core16_3/evalA/DP_OP_55J21_125_2024    380.2680     0.0    380.2680      0.0000  0.0000  Eval_32_1_DP_OP_55J21_125_2024_J21_0_40
core16_3/evalA_1                    1108.4220      0.1      33.7680      0.0000  0.0000  Eval_32_63
core16_3/evalA_1/DP_OP_53J21_123_9578    285.6420     0.0    285.6420     0.0000 0.0000  Eval_32_1_DP_OP_53J21_123_9578_J21_0_39
core16_3/evalA_1/DP_OP_54J21_124_907    409.8780     0.0    409.8780     0.0000  0.0000  Eval_32_1_DP_OP_54J21_124_907_J21_0_39
core16_3/evalA_1/DP_OP_55J21_125_2024    379.1340     0.0    379.1340     0.0000 0.0000  Eval_32_1_DP_OP_55J21_125_2024_J21_0_39
core16_3/evalA_2                    1078.3080      0.1      34.0200      0.0000  0.0000  Eval_32_62
core16_3/evalA_2/DP_OP_53J21_123_9578    274.0500     0.0    274.0500     0.0000 0.0000  Eval_32_1_DP_OP_53J21_123_9578_J21_0_38
core16_3/evalA_2/DP_OP_54J21_124_907    391.7340     0.0    391.7340     0.0000  0.0000  Eval_32_1_DP_OP_54J21_124_907_J21_0_38
core16_3/evalA_2/DP_OP_55J21_125_2024    378.5040     0.0    378.5040     0.0000 0.0000  Eval_32_1_DP_OP_55J21_125_2024_J21_0_38
core16_3/evalA_3                    1083.0960      0.1      32.0040      0.0000  0.0000  Eval_32_61
core16_3/evalA_3/DP_OP_53J21_123_9578    274.0500     0.0    274.0500     0.0000 0.0000  Eval_32_1_DP_OP_53J21_123_9578_J21_0_37
core16_3/evalA_3/DP_OP_54J21_124_907    396.7740     0.0    396.7740     0.0000  0.0000  Eval_32_1_DP_OP_54J21_124_907_J21_0_37
core16_3/evalA_3/DP_OP_55J21_125_2024    380.2680     0.0    380.2680     0.0000 0.0000  Eval_32_1_DP_OP_55J21_125_2024_J21_0_37
core16_3/evalB                       449.8200      0.1      15.1200      0.0000  0.0000  Eval_33_64
core16_3/evalB/DP_OP_53J18_122_4708     77.7420     0.0     77.7420      0.0000  0.0000  Eval_33_1_DP_OP_53J18_122_4708_J18_0_36
core16_3/evalB/DP_OP_54J18_123_8292    186.7320     0.0    186.7320      0.0000  0.0000  Eval_33_1_DP_OP_54J18_123_8292_J18_0_36
core16_3/evalB/DP_OP_55J18_124_8043    170.2260     0.0    170.2260      0.0000  0.0000  Eval_33_1_DP_OP_55J18_124_8043_J18_0_36
core16_3/evalB_1                     453.9780      0.1      16.3800      0.0000  0.0000  Eval_33_63
core16_3/evalB_1/DP_OP_53J18_122_4708     78.7500     0.0     78.7500     0.0000 0.0000  Eval_33_63_DP_OP_53J18_122_4708_0
core16_3/evalB_1/DP_OP_54J18_123_8292    184.2120     0.0    184.2120     0.0000 0.0000  Eval_33_1_DP_OP_54J18_123_8292_J18_0_35
core16_3/evalB_1/DP_OP_55J18_124_8043    174.6360     0.0    174.6360     0.0000 0.0000  Eval_33_1_DP_OP_55J18_124_8043_J18_0_35
core16_3/evalB_2                     458.5140      0.1      16.2540      0.0000  0.0000  Eval_33_62
core16_3/evalB_2/DP_OP_53J18_122_4708     80.6400     0.0     80.6400     0.0000 0.0000  Eval_33_1_DP_OP_53J18_122_4708_J18_0_34
core16_3/evalB_2/DP_OP_54J18_123_8292    189.8820     0.0    189.8820     0.0000 0.0000  Eval_33_1_DP_OP_54J18_123_8292_J18_0_34
core16_3/evalB_2/DP_OP_55J18_124_8043    171.7380     0.0    171.7380     0.0000 0.0000  Eval_33_1_DP_OP_55J18_124_8043_J18_0_34
core16_3/evalB_3                     463.1760      0.1      15.1200      0.0000  0.0000  Eval_33_61
core16_3/evalB_3/DP_OP_53J18_122_4708     82.5300     0.0     82.5300     0.0000 0.0000  Eval_33_1_DP_OP_53J18_122_4708_J18_0_33
core16_3/evalB_3/DP_OP_54J18_123_8292    189.6300     0.0    189.6300     0.0000 0.0000  Eval_33_1_DP_OP_54J18_123_8292_J18_0_33
core16_3/evalB_3/DP_OP_55J18_124_8043    175.8960     0.0    175.8960     0.0000 0.0000  Eval_33_1_DP_OP_55J18_124_8043_J18_0_33
core16_3/interp                    13266.1618      1.6       0.7560   1260.0000  0.0000  Interpolation_7_3
core16_3/interp/interp             12005.4058      1.4       0.2520      0.0000  0.0000  InterpolationComb_7_3
core16_3/interp/interp/DP_OP_421J11_122_4043  12005.1538     1.4  12005.1538     0.0000 0.0000 InterpolationComb_7_1_DP_OP_421J11_122_4043_J11_0_2
core16_4                          113184.0344     13.3       2.0160   2348.6400  0.0000  core16_2
core16_4/core4_0                   12169.7098      1.4       0.7560    591.5700  0.0000  core4_20
core16_4/core4_0/evalA              1033.4520      0.1      31.5000      0.0000  0.0000  Eval_32_20
core16_4/core4_0/evalA/DP_OP_54J30_122_854    267.4980     0.0    267.4980     0.0000 0.0000 Eval_32_2_DP_OP_54J30_122_854_J30_0_2
core16_4/core4_0/evalA/DP_OP_55J30_123_7587    364.6440     0.0    364.6440     0.0000 0.0000 Eval_32_2_DP_OP_55J30_123_7587_J30_0_2
core16_4/core4_0/evalA/DP_OP_56J30_124_7642    369.8100     0.0    369.8100     0.0000 0.0000 Eval_32_2_DP_OP_56J30_124_7642_J30_0_2
core16_4/core4_0/evalB               350.7840      0.0      10.5840      0.0000  0.0000  Eval_33_20
core16_4/core4_0/evalB/DP_OP_54J17_125_8201     92.8620     0.0     92.8620     0.0000 0.0000 Eval_33_2_DP_OP_54J17_125_8201_J17_0_2
core16_4/core4_0/evalB/DP_OP_55J17_126_1455    121.5900     0.0    121.5900     0.0000 0.0000 Eval_33_2_DP_OP_55J17_126_1455_J17_0_2
core16_4/core4_0/evalB/DP_OP_56J17_127_8740    125.7480     0.0    125.7480     0.0000 0.0000 Eval_33_2_DP_OP_56J17_127_8740_J17_0_2
core16_4/core4_0/interp             3355.7580      0.4       0.7560    332.6400  0.0000  Interpolation_21
core16_4/core4_0/interp/interp      3022.3620      0.4       0.2520      0.0000  0.0000  InterpolationComb_21
core16_4/core4_0/interp/interp/DP_OP_106J21_122_6228   3022.1100     0.4   3022.1100     0.0000 0.0000 InterpolationComb_0_DP_OP_106J21_122_6228_J21_0_8
core16_4/core4_0/mult_x_1            812.7000      0.1     812.7000      0.0000  0.0000  core4_14_DW_mult_uns_J28_3_1
core16_4/core4_0/mult_x_2           1071.3780      0.1    1071.3780      0.0000  0.0000  core4_14_DW_mult_uns_J28_2_1
core16_4/core4_0/mult_x_3            991.7460      0.1     991.7460      0.0000  0.0000  core4_14_DW_mult_tc_J28_2_1
core16_4/core4_0/mult_x_4            949.9140      0.1     949.9140      0.0000  0.0000  core4_14_DW_mult_tc_J28_1_1
core16_4/core4_0/mult_x_5           1115.7300      0.1    1115.7300      0.0000  0.0000  core4_14_DW_mult_uns_J28_1_1
core16_4/core4_0/mult_x_6           1083.2220      0.1    1083.2220      0.0000  0.0000  core4_14_DW_mult_tc_J28_0_1
core16_4/core4_0/mult_x_7            812.7000      0.1     812.7000      0.0000  0.0000  core4_14_DW_mult_uns_J28_0_1
core16_4/core4_1                   13679.0638      1.6       0.7560    591.5700  0.0000  core4_19
core16_4/core4_1/evalA              1078.6860      0.1      34.5240      0.0000  0.0000  Eval_32_19
core16_4/core4_1/evalA/DP_OP_53J21_123_9578    274.0500     0.0    274.0500     0.0000 0.0000 Eval_32_1_DP_OP_53J21_123_9578_J21_0_14
core16_4/core4_1/evalA/DP_OP_54J21_124_907    391.7340     0.0    391.7340     0.0000 0.0000 Eval_32_1_DP_OP_54J21_124_907_J21_0_14
core16_4/core4_1/evalA/DP_OP_55J21_125_2024    378.3780     0.0    378.3780     0.0000 0.0000 Eval_32_1_DP_OP_55J21_125_2024_J21_0_14
core16_4/core4_1/evalB               457.8840      0.1      14.1120      0.0000  0.0000  Eval_33_19
core16_4/core4_1/evalB/DP_OP_54J16_122_2735    117.5580     0.0    117.5580     0.0000 0.0000 Eval_33_19_DP_OP_54J16_122_2735_J16_0_0
core16_4/core4_1/evalB/DP_OP_55J16_123_575    165.6900     0.0    165.6900     0.0000 0.0000 Eval_33_19_DP_OP_55J16_123_575_J16_0_0
core16_4/core4_1/evalB/DP_OP_56J16_124_2549    160.5240     0.0    160.5240     0.0000 0.0000 Eval_33_19_DP_OP_56J16_124_2549_J16_0_0
core16_4/core4_1/interp             3355.7580      0.4       0.7560    332.6400  0.0000  Interpolation_20
core16_4/core4_1/interp/interp      3022.3620      0.4       0.2520      0.0000  0.0000  InterpolationComb_20
core16_4/core4_1/interp/interp/DP_OP_106J21_122_6228   3022.1100     0.4   3022.1100     0.0000 0.0000 InterpolationComb_0_DP_OP_106J21_122_6228_J21_0_7
core16_4/core4_1/mult_x_1           1067.2200      0.1    1067.2200      0.0000  0.0000  core4_19_DW_mult_uns_J18_1
core16_4/core4_1/mult_x_2           1183.5180      0.1    1183.5180      0.0000  0.0000  core4_19_DW_mult_tc_J18_4
core16_4/core4_1/mult_x_3           1223.0820      0.1    1223.0820      0.0000  0.0000  core4_19_DW_mult_tc_J18_3
core16_4/core4_1/mult_x_4           1218.4200      0.1    1218.4200      0.0000  0.0000  core4_19_DW_mult_tc_J18_2
core16_4/core4_1/mult_x_5           1224.5940      0.1    1224.5940      0.0000  0.0000  core4_19_DW_mult_tc_J18_1
core16_4/core4_1/mult_x_6           1215.5220      0.1    1215.5220      0.0000  0.0000  core4_19_DW_mult_tc_J18_0
core16_4/core4_1/mult_x_7           1062.0540      0.1    1062.0540      0.0000  0.0000  core4_19_DW_mult_uns_J18_0
core16_4/core4_2                   12947.3818      1.5       0.7560    591.5700  0.0000  core4_18
core16_4/core4_2/evalA              1065.5820      0.1      33.0120      0.0000  0.0000  Eval_32_18
core16_4/core4_2/evalA/DP_OP_53J21_123_9578    275.3100     0.0    275.3100     0.0000 0.0000 Eval_32_1_DP_OP_53J21_123_9578_J21_0_13
core16_4/core4_2/evalA/DP_OP_54J21_124_907    381.5280     0.0    381.5280     0.0000 0.0000 Eval_32_1_DP_OP_54J21_124_907_J21_0_13
core16_4/core4_2/evalA/DP_OP_55J21_125_2024    375.7320     0.0    375.7320     0.0000 0.0000 Eval_32_1_DP_OP_55J21_125_2024_J21_0_13
core16_4/core4_2/evalB               391.9860      0.0      11.8440      0.0000  0.0000  Eval_33_18
core16_4/core4_2/evalB/DP_OP_53J18_122_4708    100.5480     0.0    100.5480     0.0000 0.0000 Eval_33_1_DP_OP_53J18_122_4708_J18_0_12
core16_4/core4_2/evalB/DP_OP_54J18_123_8292    137.5920     0.0    137.5920     0.0000 0.0000 Eval_33_1_DP_OP_54J18_123_8292_J18_0_12
core16_4/core4_2/evalB/DP_OP_55J18_124_8043    142.0020     0.0    142.0020     0.0000 0.0000 Eval_33_1_DP_OP_55J18_124_8043_J18_0_12
core16_4/core4_2/interp             3462.1020      0.4       0.7560    340.7040  0.0000  Interpolation_19
core16_4/core4_2/interp/interp      3120.6419      0.4       0.2520      0.0000  0.0000  InterpolationComb_19
core16_4/core4_2/interp/interp/DP_OP_106J20_122_8999   3120.3899     0.4   3120.3899     0.0000 0.0000 InterpolationComb_1_DP_OP_106J20_122_8999_J20_0_11
core16_4/core4_2/mult_x_1            956.2140      0.1     956.2140      0.0000  0.0000  core4_1_DW_mult_tc_J22_6_9
core16_4/core4_2/mult_x_2           1097.7120      0.1    1097.7120      0.0000  0.0000  core4_1_DW_mult_tc_J22_5_9
core16_4/core4_2/mult_x_3           1040.1300      0.1    1040.1300      0.0000  0.0000  core4_1_DW_mult_tc_J22_4_9
core16_4/core4_2/mult_x_4           1066.7160      0.1    1066.7160      0.0000  0.0000  core4_1_DW_mult_tc_J22_3_9
core16_4/core4_2/mult_x_5           1129.0860      0.1    1129.0860      0.0000  0.0000  core4_1_DW_mult_tc_J22_2_9
core16_4/core4_2/mult_x_6           1189.1880      0.1    1189.1880      0.0000  0.0000  core4_1_DW_mult_tc_J22_1_9
core16_4/core4_2/mult_x_7            956.3400      0.1     956.3400      0.0000  0.0000  core4_1_DW_mult_tc_J22_0_9
core16_4/core4_3                   13520.3038      1.6       0.5040    591.5700  0.0000  core4_17
core16_4/core4_3/evalA              1078.4340      0.1      34.2720      0.0000  0.0000  Eval_32_17
core16_4/core4_3/evalA/DP_OP_53J21_123_9578    274.0500     0.0    274.0500     0.0000 0.0000 Eval_32_1_DP_OP_53J21_123_9578_J21_0_12
core16_4/core4_3/evalA/DP_OP_54J21_124_907    391.7340     0.0    391.7340     0.0000 0.0000 Eval_32_1_DP_OP_54J21_124_907_J21_0_12
core16_4/core4_3/evalA/DP_OP_55J21_125_2024    378.3780     0.0    378.3780     0.0000 0.0000 Eval_32_1_DP_OP_55J21_125_2024_J21_0_12
core16_4/core4_3/evalB               493.5420      0.1      16.1280      0.0000  0.0000  Eval_33_17
core16_4/core4_3/evalB/DP_OP_53J18_122_4708    124.8660     0.0    124.8660     0.0000 0.0000 Eval_33_1_DP_OP_53J18_122_4708_J18_0_11
core16_4/core4_3/evalB/DP_OP_54J18_123_8292    184.2120     0.0    184.2120     0.0000 0.0000 Eval_33_1_DP_OP_54J18_123_8292_J18_0_11
core16_4/core4_3/evalB/DP_OP_55J18_124_8043    168.3360     0.0    168.3360     0.0000 0.0000 Eval_33_1_DP_OP_55J18_124_8043_J18_0_11
core16_4/core4_3/interp             3462.1020      0.4       0.7560    340.7040  0.0000  Interpolation_18
core16_4/core4_3/interp/interp      3120.6419      0.4       0.2520      0.0000  0.0000  InterpolationComb_18
core16_4/core4_3/interp/interp/DP_OP_106J20_122_8999   3120.3899     0.4   3120.3899     0.0000 0.0000 InterpolationComb_1_DP_OP_106J20_122_8999_J20_0_10
core16_4/core4_3/mult_x_1            919.2960      0.1     919.2960      0.0000  0.0000  core4_1_DW_mult_tc_J22_6_8
core16_4/core4_3/mult_x_2           1179.6120      0.1    1179.6120      0.0000  0.0000  core4_1_DW_mult_tc_J22_5_8
core16_4/core4_3/mult_x_3           1218.7980      0.1    1218.7980      0.0000  0.0000  core4_1_DW_mult_tc_J22_4_8
core16_4/core4_3/mult_x_4           1216.9080      0.1    1216.9080      0.0000  0.0000  core4_1_DW_mult_tc_J22_3_8
core16_4/core4_3/mult_x_5           1222.7040      0.1    1222.7040      0.0000  0.0000  core4_1_DW_mult_tc_J22_2_8
core16_4/core4_3/mult_x_6           1216.2780      0.1    1216.2780      0.0000  0.0000  core4_1_DW_mult_tc_J22_1_8
core16_4/core4_3/mult_x_7            920.5560      0.1     920.5560      0.0000  0.0000  core4_1_DW_mult_tc_J22_0_8
core16_4/core4_4                   13735.8898      1.6       0.7560    591.5700  0.0000  core4_16
core16_4/core4_4/evalA              1079.3160      0.1      34.5240      0.0000  0.0000  Eval_32_16
core16_4/core4_4/evalA/DP_OP_53J21_123_9578    274.0500     0.0    274.0500     0.0000 0.0000 Eval_32_1_DP_OP_53J21_123_9578_J21_0_11
core16_4/core4_4/evalA/DP_OP_54J21_124_907    392.3640     0.0    392.3640     0.0000 0.0000 Eval_32_1_DP_OP_54J21_124_907_J21_0_11
core16_4/core4_4/evalA/DP_OP_55J21_125_2024    378.3780     0.0    378.3780     0.0000 0.0000 Eval_32_1_DP_OP_55J21_125_2024_J21_0_11
core16_4/core4_4/evalB               457.3800      0.1      14.1120      0.0000  0.0000  Eval_33_16
core16_4/core4_4/evalB/DP_OP_54J15_122_53    116.5500     0.0    116.5500     0.0000 0.0000 Eval_33_16_DP_OP_54J15_122_53_J15_0
core16_4/core4_4/evalB/DP_OP_55J15_123_8509    162.1620     0.0    162.1620     0.0000 0.0000 Eval_33_16_DP_OP_55J15_123_8509_J15_0
core16_4/core4_4/evalB/DP_OP_56J15_124_9233    164.5560     0.0    164.5560     0.0000 0.0000 Eval_33_16_DP_OP_56J15_124_9233_J15_0
core16_4/core4_4/interp             3461.0940      0.4       0.7560    340.7040  0.0000  Interpolation_17
core16_4/core4_4/interp/interp      3119.6339      0.4       0.2520      0.0000  0.0000  InterpolationComb_17
core16_4/core4_4/interp/interp/DP_OP_106J20_122_8999   3119.3819     0.4   3119.3819     0.0000 0.0000 InterpolationComb_1_DP_OP_106J20_122_8999_J20_0_9
core16_4/core4_4/mult_x_1           1084.6080      0.1    1084.6080      0.0000  0.0000  core4_16_DW_mult_uns_J19_1
core16_4/core4_4/mult_x_2           1178.1000      0.1    1178.1000      0.0000  0.0000  core4_16_DW_mult_tc_J19_4
core16_4/core4_4/mult_x_3           1163.7360      0.1    1163.7360      0.0000  0.0000  core4_16_DW_mult_tc_J19_3
core16_4/core4_4/mult_x_4           1196.8740      0.1    1196.8740      0.0000  0.0000  core4_16_DW_mult_tc_J19_2
core16_4/core4_4/mult_x_5           1221.4440      0.1    1221.4440      0.0000  0.0000  core4_16_DW_mult_tc_J19_1
core16_4/core4_4/mult_x_6           1218.0420      0.1    1218.0420      0.0000  0.0000  core4_16_DW_mult_tc_J19_0
core16_4/core4_4/mult_x_7           1082.9700      0.1    1082.9700      0.0000  0.0000  core4_16_DW_mult_uns_J19_0
core16_4/core4_5                   13788.8098      1.6       0.5040    591.5700  0.0000  core4_15
core16_4/core4_5/evalA              1078.6860      0.1      34.5240      0.0000  0.0000  Eval_32_15
core16_4/core4_5/evalA/DP_OP_53J21_123_9578    274.0500     0.0    274.0500     0.0000 0.0000 Eval_32_1_DP_OP_53J21_123_9578_J21_0_10
core16_4/core4_5/evalA/DP_OP_54J21_124_907    391.7340     0.0    391.7340     0.0000 0.0000 Eval_32_1_DP_OP_54J21_124_907_J21_0_10
core16_4/core4_5/evalA/DP_OP_55J21_125_2024    378.3780     0.0    378.3780     0.0000 0.0000 Eval_32_1_DP_OP_55J21_125_2024_J21_0_10
core16_4/core4_5/evalB               492.1560      0.1      16.3800      0.0000  0.0000  Eval_33_15
core16_4/core4_5/evalB/DP_OP_53J18_122_4708    122.4720     0.0    122.4720     0.0000 0.0000 Eval_33_1_DP_OP_53J18_122_4708_J18_0_10
core16_4/core4_5/evalB/DP_OP_54J18_123_8292    182.0700     0.0    182.0700     0.0000 0.0000 Eval_33_1_DP_OP_54J18_123_8292_J18_0_10
core16_4/core4_5/evalB/DP_OP_55J18_124_8043    171.2340     0.0    171.2340     0.0000 0.0000 Eval_33_1_DP_OP_55J18_124_8043_J18_0_10
core16_4/core4_5/interp             3462.1020      0.4       0.7560    340.7040  0.0000  Interpolation_16
core16_4/core4_5/interp/interp      3120.6419      0.4       0.2520      0.0000  0.0000  InterpolationComb_16
core16_4/core4_5/interp/interp/DP_OP_106J20_122_8999   3120.3899     0.4   3120.3899     0.0000 0.0000 InterpolationComb_1_DP_OP_106J20_122_8999_J20_0_8
core16_4/core4_5/mult_x_1           1052.1000      0.1    1052.1000      0.0000  0.0000  core4_1_DW_mult_tc_J22_6_7
core16_4/core4_5/mult_x_2           1185.5340      0.1    1185.5340      0.0000  0.0000  core4_1_DW_mult_tc_J22_5_7
core16_4/core4_5/mult_x_3           1218.2940      0.1    1218.2940      0.0000  0.0000  core4_1_DW_mult_tc_J22_4_7
core16_4/core4_5/mult_x_4           1215.3960      0.1    1215.3960      0.0000  0.0000  core4_1_DW_mult_tc_J22_3_7
core16_4/core4_5/mult_x_5           1215.2700      0.1    1215.2700      0.0000  0.0000  core4_1_DW_mult_tc_J22_2_7
core16_4/core4_5/mult_x_6           1215.2700      0.1    1215.2700      0.0000  0.0000  core4_1_DW_mult_tc_J22_1_7
core16_4/core4_5/mult_x_7           1061.9280      0.1    1061.9280      0.0000  0.0000  core4_1_DW_mult_tc_J22_0_7
core16_4/core4_6                   12155.7238      1.4       0.7560    591.5700  0.0000  core4_14
core16_4/core4_6/evalA              1033.4520      0.1      31.5000      0.0000  0.0000  Eval_32_14
core16_4/core4_6/evalA/DP_OP_54J30_122_854    267.4980     0.0    267.4980     0.0000 0.0000 Eval_32_2_DP_OP_54J30_122_854_J30_0_1
core16_4/core4_6/evalA/DP_OP_55J30_123_7587    364.6440     0.0    364.6440     0.0000 0.0000 Eval_32_2_DP_OP_55J30_123_7587_J30_0_1
core16_4/core4_6/evalA/DP_OP_56J30_124_7642    369.8100     0.0    369.8100     0.0000 0.0000 Eval_32_2_DP_OP_56J30_124_7642_J30_0_1
core16_4/core4_6/evalB               349.0200      0.0      10.5840      0.0000  0.0000  Eval_33_14
core16_4/core4_6/evalB/DP_OP_54J17_125_8201     91.4760     0.0     91.4760     0.0000 0.0000 Eval_33_2_DP_OP_54J17_125_8201_J17_0_1
core16_4/core4_6/evalB/DP_OP_55J17_126_1455    120.0780     0.0    120.0780     0.0000 0.0000 Eval_33_2_DP_OP_55J17_126_1455_J17_0_1
core16_4/core4_6/evalB/DP_OP_56J17_127_8740    126.8820     0.0    126.8820     0.0000 0.0000 Eval_33_2_DP_OP_56J17_127_8740_J17_0_1
core16_4/core4_6/interp             3356.1360      0.4       0.7560    332.6400  0.0000  Interpolation_15
core16_4/core4_6/interp/interp      3022.7400      0.4       0.2520      0.0000  0.0000  InterpolationComb_15
core16_4/core4_6/interp/interp/DP_OP_106J21_122_6228   3022.4880     0.4   3022.4880     0.0000 0.0000 InterpolationComb_0_DP_OP_106J21_122_6228_J21_0_6
core16_4/core4_6/mult_x_1            813.5820      0.1     813.5820      0.0000  0.0000  core4_14_DW_mult_uns_J28_3_0
core16_4/core4_6/mult_x_2           1063.3140      0.1    1063.3140      0.0000  0.0000  core4_14_DW_mult_uns_J28_2_0
core16_4/core4_6/mult_x_3            985.6980      0.1     985.6980      0.0000  0.0000  core4_14_DW_mult_tc_J28_2_0
core16_4/core4_6/mult_x_4            948.7800      0.1     948.7800      0.0000  0.0000  core4_14_DW_mult_tc_J28_1_0
core16_4/core4_6/mult_x_5           1116.7380      0.1    1116.7380      0.0000  0.0000  core4_14_DW_mult_uns_J28_1_0
core16_4/core4_6/mult_x_6           1083.2220      0.1    1083.2220      0.0000  0.0000  core4_14_DW_mult_tc_J28_0_0
core16_4/core4_6/mult_x_7            813.4560      0.1     813.4560      0.0000  0.0000  core4_14_DW_mult_uns_J28_0_0
core16_4/evalA                      1034.7120      0.1      31.5000      0.0000  0.0000  Eval_32_60
core16_4/evalA/DP_OP_54J31_122_4682    267.4980     0.0    267.4980      0.0000  0.0000  Eval_32_57_DP_OP_54J31_122_4682_J31_0_3
core16_4/evalA/DP_OP_55J31_123_3462    365.2740     0.0    365.2740      0.0000  0.0000  Eval_32_57_DP_OP_55J31_123_3462_J31_0_3
core16_4/evalA/DP_OP_56J31_124_6905    370.4400     0.0    370.4400      0.0000  0.0000  Eval_32_57_DP_OP_56J31_124_6905_J31_0_3
core16_4/evalA_1                    1034.7120      0.1      31.5000      0.0000  0.0000  Eval_32_59
core16_4/evalA_1/DP_OP_54J31_122_4682    267.4980     0.0    267.4980     0.0000 0.0000  Eval_32_57_DP_OP_54J31_122_4682_J31_0_2
core16_4/evalA_1/DP_OP_55J31_123_3462    365.9040     0.0    365.9040     0.0000 0.0000  Eval_32_57_DP_OP_55J31_123_3462_J31_0_2
core16_4/evalA_1/DP_OP_56J31_124_6905    369.8100     0.0    369.8100     0.0000 0.0000  Eval_32_57_DP_OP_56J31_124_6905_J31_0_2
core16_4/evalA_2                    1033.4520      0.1      31.5000      0.0000  0.0000  Eval_32_58
core16_4/evalA_2/DP_OP_54J31_122_4682    267.4980     0.0    267.4980     0.0000 0.0000  Eval_32_57_DP_OP_54J31_122_4682_J31_0_1
core16_4/evalA_2/DP_OP_55J31_123_3462    364.6440     0.0    364.6440     0.0000 0.0000  Eval_32_57_DP_OP_55J31_123_3462_J31_0_1
core16_4/evalA_2/DP_OP_56J31_124_6905    369.8100     0.0    369.8100     0.0000 0.0000  Eval_32_57_DP_OP_56J31_124_6905_J31_0_1
core16_4/evalA_3                    1035.5940      0.1      31.5000      0.0000  0.0000  Eval_32_57
core16_4/evalA_3/DP_OP_54J31_122_4682    268.1280     0.0    268.1280     0.0000 0.0000  Eval_32_57_DP_OP_54J31_122_4682_J31_0_0
core16_4/evalA_3/DP_OP_55J31_123_3462    366.1560     0.0    366.1560     0.0000 0.0000  Eval_32_57_DP_OP_55J31_123_3462_J31_0_0
core16_4/evalA_3/DP_OP_56J31_124_6905    369.8100     0.0    369.8100     0.0000 0.0000  Eval_32_57_DP_OP_56J31_124_6905_J31_0_0
core16_4/evalB                       356.3280      0.0      10.5840      0.0000  0.0000  Eval_33_60
core16_4/evalB/DP_OP_54J18_125_5295     91.7280     0.0     91.7280      0.0000  0.0000  Eval_33_57_DP_OP_54J18_125_5295_J18_0_3
core16_4/evalB/DP_OP_55J18_126_6412    121.9680     0.0    121.9680      0.0000  0.0000  Eval_33_57_DP_OP_55J18_126_6412_J18_0_3
core16_4/evalB/DP_OP_56J18_127_6732    132.0480     0.0    132.0480      0.0000  0.0000  Eval_33_57_DP_OP_56J18_127_6732_J18_0_3
core16_4/evalB_1                     357.5880      0.0      10.3320      0.0000  0.0000  Eval_33_59
core16_4/evalB_1/DP_OP_54J18_125_5295     92.6100     0.0     92.6100     0.0000 0.0000  Eval_33_57_DP_OP_54J18_125_5295_J18_0_2
core16_4/evalB_1/DP_OP_55J18_126_6412    128.2680     0.0    128.2680     0.0000 0.0000  Eval_33_57_DP_OP_55J18_126_6412_J18_0_2
core16_4/evalB_1/DP_OP_56J18_127_6732    126.3780     0.0    126.3780     0.0000 0.0000  Eval_33_57_DP_OP_56J18_127_6732_J18_0_2
core16_4/evalB_2                     360.9900      0.0      10.4580      0.0000  0.0000  Eval_33_58
core16_4/evalB_2/DP_OP_54J18_125_5295     97.5240     0.0     97.5240     0.0000 0.0000  Eval_33_57_DP_OP_54J18_125_5295_J18_0_1
core16_4/evalB_2/DP_OP_55J18_126_6412    123.4800     0.0    123.4800     0.0000 0.0000  Eval_33_57_DP_OP_55J18_126_6412_J18_0_1
core16_4/evalB_2/DP_OP_56J18_127_6732    129.5280     0.0    129.5280     0.0000 0.0000  Eval_33_57_DP_OP_56J18_127_6732_J18_0_1
core16_4/evalB_3                     356.9580      0.0      10.5840      0.0000  0.0000  Eval_33_57
core16_4/evalB_3/DP_OP_54J18_125_5295     91.3500     0.0     91.3500     0.0000 0.0000  Eval_33_57_DP_OP_54J18_125_5295_J18_0_0
core16_4/evalB_3/DP_OP_55J18_126_6412    123.3540     0.0    123.3540     0.0000 0.0000  Eval_33_57_DP_OP_55J18_126_6412_J18_0_0
core16_4/evalB_3/DP_OP_56J18_127_6732    131.6700     0.0    131.6700     0.0000 0.0000  Eval_33_57_DP_OP_56J18_127_6732_J18_0_0
core16_4/interp                    13266.1618      1.6       0.7560   1260.0000  0.0000  Interpolation_7_2
core16_4/interp/interp             12005.4058      1.4       0.2520      0.0000  0.0000  InterpolationComb_7_2
core16_4/interp/interp/DP_OP_421J11_122_4043  12005.1538     1.4  12005.1538     0.0000 0.0000 InterpolationComb_7_1_DP_OP_421J11_122_4043_J11_0_1
core16_5                          118787.2544     14.0       2.0160   2348.6400  0.0000  core16_1
core16_5/core4_0                   13325.7598      1.6       0.5040    591.5700  0.0000  core4_13
core16_5/core4_0/evalA              1078.9380      0.1      34.7760      0.0000  0.0000  Eval_32_13
core16_5/core4_0/evalA/DP_OP_53J21_123_9578    274.0500     0.0    274.0500     0.0000 0.0000 Eval_32_1_DP_OP_53J21_123_9578_J21_0_9
core16_5/core4_0/evalA/DP_OP_54J21_124_907    391.7340     0.0    391.7340     0.0000 0.0000 Eval_32_1_DP_OP_54J21_124_907_J21_0_9
core16_5/core4_0/evalA/DP_OP_55J21_125_2024    378.3780     0.0    378.3780     0.0000 0.0000 Eval_32_1_DP_OP_55J21_125_2024_J21_0_9
core16_5/core4_0/evalB               496.0620      0.1      16.3800      0.0000  0.0000  Eval_33_13
core16_5/core4_0/evalB/DP_OP_53J18_122_4708    127.1340     0.0    127.1340     0.0000 0.0000 Eval_33_1_DP_OP_53J18_122_4708_J18_0_9
core16_5/core4_0/evalB/DP_OP_54J18_123_8292    182.8260     0.0    182.8260     0.0000 0.0000 Eval_33_1_DP_OP_54J18_123_8292_J18_0_9
core16_5/core4_0/evalB/DP_OP_55J18_124_8043    169.7220     0.0    169.7220     0.0000 0.0000 Eval_33_1_DP_OP_55J18_124_8043_J18_0_9
core16_5/core4_0/interp             3356.1360      0.4       0.7560    332.6400  0.0000  Interpolation_14
core16_5/core4_0/interp/interp      3022.7400      0.4       0.2520      0.0000  0.0000  InterpolationComb_14
core16_5/core4_0/interp/interp/DP_OP_106J21_122_6228   3022.4880     0.4   3022.4880     0.0000 0.0000 InterpolationComb_0_DP_OP_106J21_122_6228_J21_0_5
core16_5/core4_0/mult_x_1            875.9520      0.1     875.9520      0.0000  0.0000  core4_7_DW_mult_tc_J15_6_2
core16_5/core4_0/mult_x_2           1183.7700      0.1    1183.7700      0.0000  0.0000  core4_7_DW_mult_tc_J15_5_2
core16_5/core4_0/mult_x_3           1223.7120      0.1    1223.7120      0.0000  0.0000  core4_7_DW_mult_tc_J15_4_2
core16_5/core4_0/mult_x_4           1211.2380      0.1    1211.2380      0.0000  0.0000  core4_7_DW_mult_tc_J15_3_2
core16_5/core4_0/mult_x_5           1222.5780      0.1    1222.5780      0.0000  0.0000  core4_7_DW_mult_tc_J15_2_2
core16_5/core4_0/mult_x_6           1211.2380      0.1    1211.2380      0.0000  0.0000  core4_7_DW_mult_tc_J15_1_2
core16_5/core4_0/mult_x_7            874.0620      0.1     874.0620      0.0000  0.0000  core4_7_DW_mult_tc_J15_0_2
core16_5/core4_1                   13959.5398      1.6       0.5040    591.5700  0.0000  core4_12
core16_5/core4_1/evalA              1079.4420      0.1      34.6500      0.0000  0.0000  Eval_32_12
core16_5/core4_1/evalA/DP_OP_53J21_123_9578    274.0500     0.0    274.0500     0.0000 0.0000 Eval_32_1_DP_OP_53J21_123_9578_J21_0_8
core16_5/core4_1/evalA/DP_OP_54J21_124_907    392.3640     0.0    392.3640     0.0000 0.0000 Eval_32_1_DP_OP_54J21_124_907_J21_0_8
core16_5/core4_1/evalA/DP_OP_55J21_125_2024    378.3780     0.0    378.3780     0.0000 0.0000 Eval_32_1_DP_OP_55J21_125_2024_J21_0_8
core16_5/core4_1/evalB               491.1480      0.1      16.3800      0.0000  0.0000  Eval_33_12
core16_5/core4_1/evalB/DP_OP_53J18_122_4708    123.9840     0.0    123.9840     0.0000 0.0000 Eval_33_1_DP_OP_53J18_122_4708_J18_0_8
core16_5/core4_1/evalB/DP_OP_54J18_123_8292    180.9360     0.0    180.9360     0.0000 0.0000 Eval_33_1_DP_OP_54J18_123_8292_J18_0_8
core16_5/core4_1/evalB/DP_OP_55J18_124_8043    169.8480     0.0    169.8480     0.0000 0.0000 Eval_33_1_DP_OP_55J18_124_8043_J18_0_8
core16_5/core4_1/interp             3356.1360      0.4       0.7560    332.6400  0.0000  Interpolation_13
core16_5/core4_1/interp/interp      3022.7400      0.4       0.2520      0.0000  0.0000  InterpolationComb_13
core16_5/core4_1/interp/interp/DP_OP_106J21_122_6228   3022.4880     0.4   3022.4880     0.0000 0.0000 InterpolationComb_0_DP_OP_106J21_122_6228_J21_0_4
core16_5/core4_1/mult_x_1           1178.2260      0.1    1178.2260      0.0000  0.0000  core4_7_DW_mult_tc_J15_6_1
core16_5/core4_1/mult_x_2           1183.7700      0.1    1183.7700      0.0000  0.0000  core4_7_DW_mult_tc_J15_5_1
core16_5/core4_1/mult_x_3           1227.1140      0.1    1227.1140      0.0000  0.0000  core4_7_DW_mult_tc_J15_4_1
core16_5/core4_1/mult_x_4           1223.0820      0.1    1223.0820      0.0000  0.0000  core4_7_DW_mult_tc_J15_3_1
core16_5/core4_1/mult_x_5           1226.7360      0.1    1226.7360      0.0000  0.0000  core4_7_DW_mult_tc_J15_2_1
core16_5/core4_1/mult_x_6           1215.5220      0.1    1215.5220      0.0000  0.0000  core4_7_DW_mult_tc_J15_1_1
core16_5/core4_1/mult_x_7           1186.2900      0.1    1186.2900      0.0000  0.0000  core4_7_DW_mult_tc_J15_0_1
core16_5/core4_2                   14075.3338      1.7       0.5040    591.5700  0.0000  core4_11
core16_5/core4_2/evalA              1080.7020      0.1      34.6500      0.0000  0.0000  Eval_32_11
core16_5/core4_2/evalA/DP_OP_53J21_123_9578    274.0500     0.0    274.0500     0.0000 0.0000 Eval_32_1_DP_OP_53J21_123_9578_J21_0_7
core16_5/core4_2/evalA/DP_OP_54J21_124_907    393.6240     0.0    393.6240     0.0000 0.0000 Eval_32_1_DP_OP_54J21_124_907_J21_0_7
core16_5/core4_2/evalA/DP_OP_55J21_125_2024    378.3780     0.0    378.3780     0.0000 0.0000 Eval_32_1_DP_OP_55J21_125_2024_J21_0_7
core16_5/core4_2/evalB               491.9040      0.1      16.1280      0.0000  0.0000  Eval_33_11
core16_5/core4_2/evalB/DP_OP_53J18_122_4708    123.4800     0.0    123.4800     0.0000 0.0000 Eval_33_1_DP_OP_53J18_122_4708_J18_0_7
core16_5/core4_2/evalB/DP_OP_54J18_123_8292    181.9440     0.0    181.9440     0.0000 0.0000 Eval_33_1_DP_OP_54J18_123_8292_J18_0_7
core16_5/core4_2/evalB/DP_OP_55J18_124_8043    170.3520     0.0    170.3520     0.0000 0.0000 Eval_33_1_DP_OP_55J18_124_8043_J18_0_7
core16_5/core4_2/interp             3462.1020      0.4       0.7560    340.7040  0.0000  Interpolation_12
core16_5/core4_2/interp/interp      3120.6419      0.4       0.2520      0.0000  0.0000  InterpolationComb_12
core16_5/core4_2/interp/interp/DP_OP_106J20_122_8999   3120.3899     0.4   3120.3899     0.0000 0.0000 InterpolationComb_1_DP_OP_106J20_122_8999_J20_0_7
core16_5/core4_2/mult_x_1           1184.9040      0.1    1184.9040      0.0000  0.0000  core4_1_DW_mult_tc_J22_6_6
core16_5/core4_2/mult_x_2           1189.1880      0.1    1189.1880      0.0000  0.0000  core4_1_DW_mult_tc_J22_5_6
core16_5/core4_2/mult_x_3           1222.5780      0.1    1222.5780      0.0000  0.0000  core4_1_DW_mult_tc_J22_4_6
core16_5/core4_2/mult_x_4           1218.1680      0.1    1218.1680      0.0000  0.0000  core4_1_DW_mult_tc_J22_3_6
core16_5/core4_2/mult_x_5           1220.8140      0.1    1220.8140      0.0000  0.0000  core4_1_DW_mult_tc_J22_2_6
core16_5/core4_2/mult_x_6           1227.8700      0.1    1227.8700      0.0000  0.0000  core4_1_DW_mult_tc_J22_1_6
core16_5/core4_2/mult_x_7           1185.0300      0.1    1185.0300      0.0000  0.0000  core4_1_DW_mult_tc_J22_0_6
core16_5/core4_3                   14064.4978      1.7       1.0080    591.5700  0.0000  core4_10
core16_5/core4_3/evalA              1079.6940      0.1      34.3980      0.0000  0.0000  Eval_32_10
core16_5/core4_3/evalA/DP_OP_53J21_123_9578    274.0500     0.0    274.0500     0.0000 0.0000 Eval_32_1_DP_OP_53J21_123_9578_J21_0_6
core16_5/core4_3/evalA/DP_OP_54J21_124_907    392.8680     0.0    392.8680     0.0000 0.0000 Eval_32_1_DP_OP_54J21_124_907_J21_0_6
core16_5/core4_3/evalA/DP_OP_55J21_125_2024    378.3780     0.0    378.3780     0.0000 0.0000 Eval_32_1_DP_OP_55J21_125_2024_J21_0_6
core16_5/core4_3/evalB               490.0140      0.1      16.1280      0.0000  0.0000  Eval_33_10
core16_5/core4_3/evalB/DP_OP_53J18_122_4708    122.5980     0.0    122.5980     0.0000 0.0000 Eval_33_1_DP_OP_53J18_122_4708_J18_0_6
core16_5/core4_3/evalB/DP_OP_54J18_123_8292    182.1960     0.0    182.1960     0.0000 0.0000 Eval_33_1_DP_OP_54J18_123_8292_J18_0_6
core16_5/core4_3/evalB/DP_OP_55J18_124_8043    169.0920     0.0    169.0920     0.0000 0.0000 Eval_33_1_DP_OP_55J18_124_8043_J18_0_6
core16_5/core4_3/interp             3462.1020      0.4       0.7560    340.7040  0.0000  Interpolation_11
core16_5/core4_3/interp/interp      3120.6419      0.4       0.2520      0.0000  0.0000  InterpolationComb_11
core16_5/core4_3/interp/interp/DP_OP_106J20_122_8999   3120.3899     0.4   3120.3899     0.0000 0.0000 InterpolationComb_1_DP_OP_106J20_122_8999_J20_0_6
core16_5/core4_3/mult_x_1           1177.2180      0.1    1177.2180      0.0000  0.0000  core4_1_DW_mult_tc_J22_6_5
core16_5/core4_3/mult_x_2           1180.4940      0.1    1180.4940      0.0000  0.0000  core4_1_DW_mult_tc_J22_5_5
core16_5/core4_3/mult_x_3           1229.7600      0.1    1229.7600      0.0000  0.0000  core4_1_DW_mult_tc_J22_4_5
core16_5/core4_3/mult_x_4           1229.2560      0.1    1229.2560      0.0000  0.0000  core4_1_DW_mult_tc_J22_3_5
core16_5/core4_3/mult_x_5           1222.2000      0.1    1222.2000      0.0000  0.0000  core4_1_DW_mult_tc_J22_2_5
core16_5/core4_3/mult_x_6           1223.5860      0.1    1223.5860      0.0000  0.0000  core4_1_DW_mult_tc_J22_1_5
core16_5/core4_3/mult_x_7           1177.5960      0.1    1177.5960      0.0000  0.0000  core4_1_DW_mult_tc_J22_0_5
core16_5/core4_4                   14058.8278      1.7       0.5040    591.5700  0.0000  core4_9
core16_5/core4_4/evalA              1078.8120      0.1      34.6500      0.0000  0.0000  Eval_32_9
core16_5/core4_4/evalA/DP_OP_53J21_123_9578    274.0500     0.0    274.0500     0.0000 0.0000 Eval_32_1_DP_OP_53J21_123_9578_J21_0_5
core16_5/core4_4/evalA/DP_OP_54J21_124_907    391.7340     0.0    391.7340     0.0000 0.0000 Eval_32_1_DP_OP_54J21_124_907_J21_0_5
core16_5/core4_4/evalA/DP_OP_55J21_125_2024    378.3780     0.0    378.3780     0.0000 0.0000 Eval_32_1_DP_OP_55J21_125_2024_J21_0_5
core16_5/core4_4/evalB               492.2820      0.1      16.5060      0.0000  0.0000  Eval_33_9
core16_5/core4_4/evalB/DP_OP_53J18_122_4708    122.7240     0.0    122.7240     0.0000 0.0000 Eval_33_1_DP_OP_53J18_122_4708_J18_0_5
core16_5/core4_4/evalB/DP_OP_54J18_123_8292    184.2120     0.0    184.2120     0.0000 0.0000 Eval_33_1_DP_OP_54J18_123_8292_J18_0_5
core16_5/core4_4/evalB/DP_OP_55J18_124_8043    168.8400     0.0    168.8400     0.0000 0.0000 Eval_33_1_DP_OP_55J18_124_8043_J18_0_5
core16_5/core4_4/interp             3462.6060      0.4       0.7560    340.7040  0.0000  Interpolation_10
core16_5/core4_4/interp/interp      3121.1459      0.4       0.2520      0.0000  0.0000  InterpolationComb_10
core16_5/core4_4/interp/interp/DP_OP_106J20_122_8999   3120.8939     0.4   3120.8939     0.0000 0.0000 InterpolationComb_1_DP_OP_106J20_122_8999_J20_0_5
core16_5/core4_4/mult_x_1           1179.4860      0.1    1179.4860      0.0000  0.0000  core4_1_DW_mult_tc_J22_6_4
core16_5/core4_4/mult_x_2           1181.1240      0.1    1181.1240      0.0000  0.0000  core4_1_DW_mult_tc_J22_5_4
core16_5/core4_4/mult_x_3           1220.8140      0.1    1220.8140      0.0000  0.0000  core4_1_DW_mult_tc_J22_4_4
core16_5/core4_4/mult_x_4           1226.4840      0.1    1226.4840      0.0000  0.0000  core4_1_DW_mult_tc_J22_3_4
core16_5/core4_4/mult_x_5           1230.6420      0.1    1230.6420      0.0000  0.0000  core4_1_DW_mult_tc_J22_2_4
core16_5/core4_4/mult_x_6           1213.7580      0.1    1213.7580      0.0000  0.0000  core4_1_DW_mult_tc_J22_1_4
core16_5/core4_4/mult_x_7           1180.7460      0.1    1180.7460      0.0000  0.0000  core4_1_DW_mult_tc_J22_0_4
core16_5/core4_5                   14047.1098      1.7       0.5040    591.5700  0.0000  core4_8
core16_5/core4_5/evalA              1078.8120      0.1      34.6500      0.0000  0.0000  Eval_32_8
core16_5/core4_5/evalA/DP_OP_53J21_123_9578    274.0500     0.0    274.0500     0.0000 0.0000 Eval_32_1_DP_OP_53J21_123_9578_J21_0_4
core16_5/core4_5/evalA/DP_OP_54J21_124_907    391.7340     0.0    391.7340     0.0000 0.0000 Eval_32_1_DP_OP_54J21_124_907_J21_0_4
core16_5/core4_5/evalA/DP_OP_55J21_125_2024    378.3780     0.0    378.3780     0.0000 0.0000 Eval_32_1_DP_OP_55J21_125_2024_J21_0_4
core16_5/core4_5/evalB               489.7620      0.1      16.3800      0.0000  0.0000  Eval_33_8
core16_5/core4_5/evalB/DP_OP_53J18_122_4708    124.4880     0.0    124.4880     0.0000 0.0000 Eval_33_1_DP_OP_53J18_122_4708_J18_0_4
core16_5/core4_5/evalB/DP_OP_54J18_123_8292    181.9440     0.0    181.9440     0.0000 0.0000 Eval_33_1_DP_OP_54J18_123_8292_J18_0_4
core16_5/core4_5/evalB/DP_OP_55J18_124_8043    166.9500     0.0    166.9500     0.0000 0.0000 Eval_33_1_DP_OP_55J18_124_8043_J18_0_4
core16_5/core4_5/interp             3461.5980      0.4       0.7560    340.7040  0.0000  Interpolation_9
core16_5/core4_5/interp/interp      3120.1379      0.4       0.2520      0.0000  0.0000  InterpolationComb_9
core16_5/core4_5/interp/interp/DP_OP_106J20_122_8999   3119.8859     0.4   3119.8859     0.0000 0.0000 InterpolationComb_1_DP_OP_106J20_122_8999_J20_0_4
core16_5/core4_5/mult_x_1           1185.2820      0.1    1185.2820      0.0000  0.0000  core4_1_DW_mult_tc_J22_6_3
core16_5/core4_5/mult_x_2           1185.9120      0.1    1185.9120      0.0000  0.0000  core4_1_DW_mult_tc_J22_5_3
core16_5/core4_5/mult_x_3           1221.1920      0.1    1221.1920      0.0000  0.0000  core4_1_DW_mult_tc_J22_4_3
core16_5/core4_5/mult_x_4           1220.9400      0.1    1220.9400      0.0000  0.0000  core4_1_DW_mult_tc_J22_3_3
core16_5/core4_5/mult_x_5           1217.2860      0.1    1217.2860      0.0000  0.0000  core4_1_DW_mult_tc_J22_2_3
core16_5/core4_5/mult_x_6           1217.1600      0.1    1217.1600      0.0000  0.0000  core4_1_DW_mult_tc_J22_1_3
core16_5/core4_5/mult_x_7           1177.0920      0.1    1177.0920      0.0000  0.0000  core4_1_DW_mult_tc_J22_0_3
core16_5/core4_6                   13332.1858      1.6       1.0080    591.5700  0.0000  core4_7
core16_5/core4_6/evalA              1078.9380      0.1      34.7760      0.0000  0.0000  Eval_32_7
core16_5/core4_6/evalA/DP_OP_53J21_123_9578    274.0500     0.0    274.0500     0.0000 0.0000 Eval_32_1_DP_OP_53J21_123_9578_J21_0_3
core16_5/core4_6/evalA/DP_OP_54J21_124_907    391.7340     0.0    391.7340     0.0000 0.0000 Eval_32_1_DP_OP_54J21_124_907_J21_0_3
core16_5/core4_6/evalA/DP_OP_55J21_125_2024    378.3780     0.0    378.3780     0.0000 0.0000 Eval_32_1_DP_OP_55J21_125_2024_J21_0_3
core16_5/core4_6/evalB               495.9360      0.1      16.3800      0.0000  0.0000  Eval_33_7
core16_5/core4_6/evalB/DP_OP_53J18_122_4708    124.9920     0.0    124.9920     0.0000 0.0000 Eval_33_1_DP_OP_53J18_122_4708_J18_0_3
core16_5/core4_6/evalB/DP_OP_54J18_123_8292    185.2200     0.0    185.2200     0.0000 0.0000 Eval_33_1_DP_OP_54J18_123_8292_J18_0_3
core16_5/core4_6/evalB/DP_OP_55J18_124_8043    169.3440     0.0    169.3440     0.0000 0.0000 Eval_33_1_DP_OP_55J18_124_8043_J18_0_3
core16_5/core4_6/interp             3356.1360      0.4       0.7560    332.6400  0.0000  Interpolation_8
core16_5/core4_6/interp/interp      3022.7400      0.4       0.2520      0.0000  0.0000  InterpolationComb_8
core16_5/core4_6/interp/interp/DP_OP_106J21_122_6228   3022.4880     0.4   3022.4880     0.0000 0.0000 InterpolationComb_0_DP_OP_106J21_122_6228_J21_0_3
core16_5/core4_6/mult_x_1            875.9520      0.1     875.9520      0.0000  0.0000  core4_7_DW_mult_tc_J15_6_0
core16_5/core4_6/mult_x_2           1205.0640      0.1    1205.0640      0.0000  0.0000  core4_7_DW_mult_tc_J15_5_0
core16_5/core4_6/mult_x_3           1214.1360      0.1    1214.1360      0.0000  0.0000  core4_7_DW_mult_tc_J15_4_0
core16_5/core4_6/mult_x_4           1211.3640      0.1    1211.3640      0.0000  0.0000  core4_7_DW_mult_tc_J15_3_0
core16_5/core4_6/mult_x_5           1215.2700      0.1    1215.2700      0.0000  0.0000  core4_7_DW_mult_tc_J15_2_0
core16_5/core4_6/mult_x_6           1211.4900      0.1    1211.4900      0.0000  0.0000  core4_7_DW_mult_tc_J15_1_0
core16_5/core4_6/mult_x_7            875.3220      0.1     875.3220      0.0000  0.0000  core4_7_DW_mult_tc_J15_0_0
core16_5/evalA                      1078.4340      0.1      34.2720      0.0000  0.0000  Eval_32_56
core16_5/evalA/DP_OP_53J21_123_9578    274.0500     0.0    274.0500      0.0000  0.0000  Eval_32_1_DP_OP_53J21_123_9578_J21_0_36
core16_5/evalA/DP_OP_54J21_124_907    391.7340     0.0     391.7340      0.0000  0.0000  Eval_32_1_DP_OP_54J21_124_907_J21_0_36
core16_5/evalA/DP_OP_55J21_125_2024    378.3780     0.0    378.3780      0.0000  0.0000  Eval_32_1_DP_OP_55J21_125_2024_J21_0_36
core16_5/evalA_1                    1078.9380      0.1      34.7760      0.0000  0.0000  Eval_32_55
core16_5/evalA_1/DP_OP_53J21_123_9578    274.0500     0.0    274.0500     0.0000 0.0000  Eval_32_1_DP_OP_53J21_123_9578_J21_0_35
core16_5/evalA_1/DP_OP_54J21_124_907    391.7340     0.0    391.7340     0.0000  0.0000  Eval_32_1_DP_OP_54J21_124_907_J21_0_35
core16_5/evalA_1/DP_OP_55J21_125_2024    378.3780     0.0    378.3780     0.0000 0.0000  Eval_32_1_DP_OP_55J21_125_2024_J21_0_35
core16_5/evalA_2                    1079.5680      0.1      34.7760      0.0000  0.0000  Eval_32_54
core16_5/evalA_2/DP_OP_53J21_123_9578    274.0500     0.0    274.0500     0.0000 0.0000  Eval_32_1_DP_OP_53J21_123_9578_J21_0_34
core16_5/evalA_2/DP_OP_54J21_124_907    392.3640     0.0    392.3640     0.0000  0.0000  Eval_32_1_DP_OP_54J21_124_907_J21_0_34
core16_5/evalA_2/DP_OP_55J21_125_2024    378.3780     0.0    378.3780     0.0000 0.0000  Eval_32_1_DP_OP_55J21_125_2024_J21_0_34
core16_5/evalA_3                    1078.4340      0.1      34.2720      0.0000  0.0000  Eval_32_53
core16_5/evalA_3/DP_OP_53J21_123_9578    274.0500     0.0    274.0500     0.0000 0.0000  Eval_32_1_DP_OP_53J21_123_9578_J21_0_33
core16_5/evalA_3/DP_OP_54J21_124_907    391.7340     0.0    391.7340     0.0000  0.0000  Eval_32_1_DP_OP_54J21_124_907_J21_0_33
core16_5/evalA_3/DP_OP_55J21_125_2024    378.3780     0.0    378.3780     0.0000 0.0000  Eval_32_1_DP_OP_55J21_125_2024_J21_0_33
core16_5/evalB                       490.3920      0.1      15.3720      0.0000  0.0000  Eval_33_56
core16_5/evalB/DP_OP_53J18_122_4708    123.2280     0.0    123.2280      0.0000  0.0000  Eval_33_1_DP_OP_53J18_122_4708_J18_0_32
core16_5/evalB/DP_OP_54J18_123_8292    183.5820     0.0    183.5820      0.0000  0.0000  Eval_33_1_DP_OP_54J18_123_8292_J18_0_32
core16_5/evalB/DP_OP_55J18_124_8043    168.2100     0.0    168.2100      0.0000  0.0000  Eval_33_1_DP_OP_55J18_124_8043_J18_0_32
core16_5/evalB_1                     503.7480      0.1      15.3720      0.0000  0.0000  Eval_33_55
core16_5/evalB_1/DP_OP_53J18_122_4708    127.8900     0.0    127.8900     0.0000 0.0000  Eval_33_1_DP_OP_53J18_122_4708_J18_0_31
core16_5/evalB_1/DP_OP_54J18_123_8292    188.2440     0.0    188.2440     0.0000 0.0000  Eval_33_1_DP_OP_54J18_123_8292_J18_0_31
core16_5/evalB_1/DP_OP_55J18_124_8043    172.2420     0.0    172.2420     0.0000 0.0000  Eval_33_1_DP_OP_55J18_124_8043_J18_0_31
core16_5/evalB_2                     497.9520      0.1      15.3720      0.0000  0.0000  Eval_33_54
core16_5/evalB_2/DP_OP_53J18_122_4708    119.5740     0.0    119.5740     0.0000 0.0000  Eval_33_1_DP_OP_53J18_122_4708_J18_0_30
core16_5/evalB_2/DP_OP_54J18_123_8292    187.3620     0.0    187.3620     0.0000 0.0000  Eval_33_1_DP_OP_54J18_123_8292_J18_0_30
core16_5/evalB_2/DP_OP_55J18_124_8043    175.6440     0.0    175.6440     0.0000 0.0000  Eval_33_1_DP_OP_55J18_124_8043_J18_0_30
core16_5/evalB_3                     499.7160      0.1      15.3720      0.0000  0.0000  Eval_33_53
core16_5/evalB_3/DP_OP_53J18_122_4708    126.8820     0.0    126.8820     0.0000 0.0000  Eval_33_1_DP_OP_53J18_122_4708_J18_0_29
core16_5/evalB_3/DP_OP_54J18_123_8292    187.2360     0.0    187.2360     0.0000 0.0000  Eval_33_1_DP_OP_54J18_123_8292_J18_0_29
core16_5/evalB_3/DP_OP_55J18_124_8043    170.2260     0.0    170.2260     0.0000 0.0000  Eval_33_1_DP_OP_55J18_124_8043_J18_0_29
core16_5/interp                    13266.1618      1.6       0.7560   1260.0000  0.0000  Interpolation_7_1
core16_5/interp/interp             12005.4058      1.4       0.2520      0.0000  0.0000  InterpolationComb_7_1
core16_5/interp/interp/DP_OP_421J11_122_4043  12005.1538     1.4  12005.1538     0.0000 0.0000 InterpolationComb_7_1_DP_OP_421J11_122_4043_J11_0_0
core16_6                          101941.3066     12.0       2.5200   2348.6400  0.0000  core16_0
core16_6/core4_0                   10046.7359      1.2       0.7560    591.5700  0.0000  core4_6
core16_6/core4_0/evalA               915.8940      0.1      27.7200      0.0000  0.0000  Eval_32_6
core16_6/core4_0/evalA/DP_OP_54J28_122_5955    237.3840     0.0    237.3840     0.0000 0.0000 Eval_32_0_DP_OP_54J28_122_5955_J28_0_1
core16_6/core4_0/evalA/DP_OP_55J28_123_5437    322.4340     0.0    322.4340     0.0000 0.0000 Eval_32_0_DP_OP_55J28_123_5437_J28_0_1
core16_6/core4_0/evalA/DP_OP_56J28_124_5252    328.3560     0.0    328.3560     0.0000 0.0000 Eval_32_0_DP_OP_56J28_124_5252_J28_0_1
core16_6/core4_0/evalB               228.3120      0.0       6.5520      0.0000  0.0000  Eval_33_6
core16_6/core4_0/evalB/DP_OP_54J21_129_7149     58.7160     0.0     58.7160     0.0000 0.0000 Eval_33_0_DP_OP_54J21_129_7149_J21_0_1
core16_6/core4_0/evalB/DP_OP_55J21_130_8220     79.3800     0.0     79.3800     0.0000 0.0000 Eval_33_0_DP_OP_55J21_130_8220_J21_0_1
core16_6/core4_0/evalB/DP_OP_56J21_131_9312     83.6640     0.0     83.6640     0.0000 0.0000 Eval_33_0_DP_OP_56J21_131_9312_J21_0_1
core16_6/core4_0/interp             3356.1360      0.4       0.7560    332.6400  0.0000  Interpolation_6
core16_6/core4_0/interp/interp      3022.7400      0.4       0.2520      0.0000  0.0000  InterpolationComb_6
core16_6/core4_0/interp/interp/DP_OP_106J21_122_6228   3022.4880     0.4   3022.4880     0.0000 0.0000 InterpolationComb_0_DP_OP_106J21_122_6228_J21_0_2
core16_6/core4_0/mult_x_1            489.5100      0.1     489.5100      0.0000  0.0000  core4_0_DW_mult_uns_J30_3_1
core16_6/core4_0/mult_x_2            828.3240      0.1     828.3240      0.0000  0.0000  core4_0_DW_mult_uns_J30_2_1
core16_6/core4_0/mult_x_3            656.8380      0.1     656.8380      0.0000  0.0000  core4_0_DW_mult_tc_J30_2_1
core16_6/core4_0/mult_x_4            748.5660      0.1     748.5660      0.0000  0.0000  core4_0_DW_mult_tc_J30_1_1
core16_6/core4_0/mult_x_5            836.2620      0.1     836.2620      0.0000  0.0000  core4_0_DW_mult_uns_J30_1_1
core16_6/core4_0/mult_x_6            905.0580      0.1     905.0580      0.0000  0.0000  core4_0_DW_mult_tc_J30_0_1
core16_6/core4_0/mult_x_7            489.5100      0.1     489.5100      0.0000  0.0000  core4_0_DW_mult_uns_J30_0_1
core16_6/core4_1                   12459.0058      1.5       0.7560    591.5700  0.0000  core4_5
core16_6/core4_1/evalA              1031.9400      0.1      31.5000      0.0000  0.0000  Eval_32_5
core16_6/core4_1/evalA/DP_OP_54J20_126_8276    266.9940     0.0    266.9940     0.0000 0.0000 Eval_32_5_DP_OP_54J20_126_8276_J20_0_0
core16_6/core4_1/evalA/DP_OP_55J20_127_5033    367.1640     0.0    367.1640     0.0000 0.0000 Eval_32_5_DP_OP_55J20_127_5033_J20_0_0
core16_6/core4_1/evalA/DP_OP_56J20_128_5140    366.2820     0.0    366.2820     0.0000 0.0000 Eval_32_5_DP_OP_56J20_128_5140_J20_0_0
core16_6/core4_1/evalB               349.9020      0.0      10.3320      0.0000  0.0000  Eval_33_5
core16_6/core4_1/evalB/DP_OP_54J15_125_1053     93.7440     0.0     93.7440     0.0000 0.0000 Eval_33_5_DP_OP_54J15_125_1053_J15_0_0
core16_6/core4_1/evalB/DP_OP_55J15_126_2451    122.5980     0.0    122.5980     0.0000 0.0000 Eval_33_5_DP_OP_55J15_126_2451_J15_0_0
core16_6/core4_1/evalB/DP_OP_56J15_127_8683    123.2280     0.0    123.2280     0.0000 0.0000 Eval_33_5_DP_OP_56J15_127_8683_J15_0_0
core16_6/core4_1/interp             3356.1360      0.4       0.7560    332.6400  0.0000  Interpolation_5
core16_6/core4_1/interp/interp      3022.7400      0.4       0.2520      0.0000  0.0000  InterpolationComb_5
core16_6/core4_1/interp/interp/DP_OP_106J21_122_6228   3022.4880     0.4   3022.4880     0.0000 0.0000 InterpolationComb_0_DP_OP_106J21_122_6228_J21_0_1
core16_6/core4_1/mult_x_1            827.8200      0.1     827.8200      0.0000  0.0000  core4_5_DW_mult_uns_J25_3_0
core16_6/core4_1/mult_x_2           1110.1860      0.1    1110.1860      0.0000  0.0000  core4_5_DW_mult_uns_J25_2_0
core16_6/core4_1/mult_x_3           1012.1580      0.1    1012.1580      0.0000  0.0000  core4_5_DW_mult_tc_J25_2_0
core16_6/core4_1/mult_x_4           1051.7220      0.1    1051.7220      0.0000  0.0000  core4_5_DW_mult_tc_J25_1_0
core16_6/core4_1/mult_x_5           1111.3200      0.1    1111.3200      0.0000  0.0000  core4_5_DW_mult_uns_J25_1_0
core16_6/core4_1/mult_x_6           1184.6520      0.1    1184.6520      0.0000  0.0000  core4_5_DW_mult_tc_J25_0_0
core16_6/core4_1/mult_x_7            830.8440      0.1     830.8440      0.0000  0.0000  core4_5_DW_mult_uns_J25_0_0
core16_6/core4_2                   10859.4358      1.3       0.7560    591.5700  0.0000  core4_4
core16_6/core4_2/evalA               958.2300      0.1      29.2320      0.0000  0.0000  Eval_32_4
core16_6/core4_2/evalA/DP_OP_53J21_123_9578    246.4560     0.0    246.4560     0.0000 0.0000 Eval_32_1_DP_OP_53J21_123_9578_J21_0_2
core16_6/core4_2/evalA/DP_OP_54J21_124_907    338.6880     0.0    338.6880     0.0000 0.0000 Eval_32_1_DP_OP_54J21_124_907_J21_0_2
core16_6/core4_2/evalA/DP_OP_55J21_125_2024    343.8540     0.0    343.8540     0.0000 0.0000 Eval_32_1_DP_OP_55J21_125_2024_J21_0_2
core16_6/core4_2/evalB               269.7660      0.0       7.8120      0.0000  0.0000  Eval_33_4
core16_6/core4_2/evalB/DP_OP_53J18_122_4708     68.5440     0.0     68.5440     0.0000 0.0000 Eval_33_1_DP_OP_53J18_122_4708_J18_0_2
core16_6/core4_2/evalB/DP_OP_54J18_123_8292     93.8700     0.0     93.8700     0.0000 0.0000 Eval_33_1_DP_OP_54J18_123_8292_J18_0_2
core16_6/core4_2/evalB/DP_OP_55J18_124_8043     99.5400     0.0     99.5400     0.0000 0.0000 Eval_33_1_DP_OP_55J18_124_8043_J18_0_2
core16_6/core4_2/interp             3461.5980      0.4       0.7560    340.7040  0.0000  Interpolation_4
core16_6/core4_2/interp/interp      3120.1379      0.4       0.2520      0.0000  0.0000  InterpolationComb_4
core16_6/core4_2/interp/interp/DP_OP_106J20_122_8999   3119.8859     0.4   3119.8859     0.0000 0.0000 InterpolationComb_1_DP_OP_106J20_122_8999_J20_0_3
core16_6/core4_2/mult_x_1            638.9460      0.1     638.9460      0.0000  0.0000  core4_1_DW_mult_tc_J22_6_2
core16_6/core4_2/mult_x_2            854.6580      0.1     854.6580      0.0000  0.0000  core4_1_DW_mult_tc_J22_5_2
core16_6/core4_2/mult_x_3            814.9680      0.1     814.9680      0.0000  0.0000  core4_1_DW_mult_tc_J22_4_2
core16_6/core4_2/mult_x_4            789.1380      0.1     789.1380      0.0000  0.0000  core4_1_DW_mult_tc_J22_3_2
core16_6/core4_2/mult_x_5            893.9700      0.1     893.9700      0.0000  0.0000  core4_1_DW_mult_tc_J22_2_2
core16_6/core4_2/mult_x_6            946.8900      0.1     946.8900      0.0000  0.0000  core4_1_DW_mult_tc_J22_1_2
core16_6/core4_2/mult_x_7            638.9460      0.1     638.9460      0.0000  0.0000  core4_1_DW_mult_tc_J22_0_2
core16_6/core4_3                   13136.6338      1.5       0.5040    591.5700  0.0000  core4_3
core16_6/core4_3/evalA              1077.9300      0.1      33.7680      0.0000  0.0000  Eval_32_3
core16_6/core4_3/evalA/DP_OP_53J21_123_9578    274.0500     0.0    274.0500     0.0000 0.0000 Eval_32_1_DP_OP_53J21_123_9578_J21_0_1
core16_6/core4_3/evalA/DP_OP_54J21_124_907    391.7340     0.0    391.7340     0.0000 0.0000 Eval_32_1_DP_OP_54J21_124_907_J21_0_1
core16_6/core4_3/evalA/DP_OP_55J21_125_2024    378.3780     0.0    378.3780     0.0000 0.0000 Eval_32_1_DP_OP_55J21_125_2024_J21_0_1
core16_6/core4_3/evalB               495.6840      0.1      15.8760      0.0000  0.0000  Eval_33_3
core16_6/core4_3/evalB/DP_OP_53J18_122_4708    121.2120     0.0    121.2120     0.0000 0.0000 Eval_33_1_DP_OP_53J18_122_4708_J18_0_1
core16_6/core4_3/evalB/DP_OP_54J18_123_8292    188.7480     0.0    188.7480     0.0000 0.0000 Eval_33_1_DP_OP_54J18_123_8292_J18_0_1
core16_6/core4_3/evalB/DP_OP_55J18_124_8043    169.8480     0.0    169.8480     0.0000 0.0000 Eval_33_1_DP_OP_55J18_124_8043_J18_0_1
core16_6/core4_3/interp             3461.0940      0.4       0.7560    340.7040  0.0000  Interpolation_3
core16_6/core4_3/interp/interp      3119.6339      0.4       0.2520      0.0000  0.0000  InterpolationComb_3
core16_6/core4_3/interp/interp/DP_OP_106J20_122_8999   3119.3819     0.4   3119.3819     0.0000 0.0000 InterpolationComb_1_DP_OP_106J20_122_8999_J20_0_2
core16_6/core4_3/mult_x_1            727.1460      0.1     727.1460      0.0000  0.0000  core4_1_DW_mult_tc_J22_6_1
core16_6/core4_3/mult_x_2           1184.2740      0.1    1184.2740      0.0000  0.0000  core4_1_DW_mult_tc_J22_5_1
core16_6/core4_3/mult_x_3           1221.5700      0.1    1221.5700      0.0000  0.0000  core4_1_DW_mult_tc_J22_4_1
core16_6/core4_3/mult_x_4           1212.8760      0.1    1212.8760      0.0000  0.0000  core4_1_DW_mult_tc_J22_3_1
core16_6/core4_3/mult_x_5           1219.6800      0.1    1219.6800      0.0000  0.0000  core4_1_DW_mult_tc_J22_2_1
core16_6/core4_3/mult_x_6           1213.6320      0.1    1213.6320      0.0000  0.0000  core4_1_DW_mult_tc_J22_1_1
core16_6/core4_3/mult_x_7            730.6740      0.1     730.6740      0.0000  0.0000  core4_1_DW_mult_tc_J22_0_1
core16_6/core4_4                   12283.9918      1.4       0.7560    591.5700  0.0000  core4_2
core16_6/core4_4/evalA              1033.4520      0.1      31.5000      0.0000  0.0000  Eval_32_2
core16_6/core4_4/evalA/DP_OP_54J30_122_854    267.4980     0.0    267.4980     0.0000 0.0000 Eval_32_2_DP_OP_54J30_122_854_J30_0_0
core16_6/core4_4/evalA/DP_OP_55J30_123_7587    364.6440     0.0    364.6440     0.0000 0.0000 Eval_32_2_DP_OP_55J30_123_7587_J30_0_0
core16_6/core4_4/evalA/DP_OP_56J30_124_7642    369.8100     0.0    369.8100     0.0000 0.0000 Eval_32_2_DP_OP_56J30_124_7642_J30_0_0
core16_6/core4_4/evalB               348.1380      0.0      10.3320      0.0000  0.0000  Eval_33_2
core16_6/core4_4/evalB/DP_OP_54J17_125_8201     89.5860     0.0     89.5860     0.0000 0.0000 Eval_33_2_DP_OP_54J17_125_8201_J17_0_0
core16_6/core4_4/evalB/DP_OP_55J17_126_1455    121.8420     0.0    121.8420     0.0000 0.0000 Eval_33_2_DP_OP_55J17_126_1455_J17_0_0
core16_6/core4_4/evalB/DP_OP_56J17_127_8740    126.3780     0.0    126.3780     0.0000 0.0000 Eval_33_2_DP_OP_56J17_127_8740_J17_0_0
core16_6/core4_4/interp             3462.1020      0.4       0.7560    340.7040  0.0000  Interpolation_2
core16_6/core4_4/interp/interp      3120.6419      0.4       0.2520      0.0000  0.0000  InterpolationComb_2
core16_6/core4_4/interp/interp/DP_OP_106J20_122_8999   3120.3899     0.4   3120.3899     0.0000 0.0000 InterpolationComb_1_DP_OP_106J20_122_8999_J20_0_1
core16_6/core4_4/mult_x_1            816.2280      0.1     816.2280      0.0000  0.0000  core4_2_DW_mult_uns_J27_3_0
core16_6/core4_4/mult_x_2           1059.5340      0.1    1059.5340      0.0000  0.0000  core4_2_DW_mult_uns_J27_2_0
core16_6/core4_4/mult_x_3            999.6840      0.1     999.6840      0.0000  0.0000  core4_2_DW_mult_tc_J27_2_0
core16_6/core4_4/mult_x_4            949.6620      0.1     949.6620      0.0000  0.0000  core4_2_DW_mult_tc_J27_1_0
core16_6/core4_4/mult_x_5           1116.7380      0.1    1116.7380      0.0000  0.0000  core4_2_DW_mult_uns_J27_1_0
core16_6/core4_4/mult_x_6           1088.2620      0.1    1088.2620      0.0000  0.0000  core4_2_DW_mult_tc_J27_0_0
core16_6/core4_4/mult_x_7            817.8660      0.1     817.8660      0.0000  0.0000  core4_2_DW_mult_uns_J27_0_0
core16_6/core4_5                   13422.6538      1.6       0.5040    591.5700  0.0000  core4_1
core16_6/core4_5/evalA              1078.9380      0.1      34.7760      0.0000  0.0000  Eval_32_1
core16_6/core4_5/evalA/DP_OP_53J21_123_9578    274.0500     0.0    274.0500     0.0000 0.0000 Eval_32_1_DP_OP_53J21_123_9578_J21_0_0
core16_6/core4_5/evalA/DP_OP_54J21_124_907    391.7340     0.0    391.7340     0.0000 0.0000 Eval_32_1_DP_OP_54J21_124_907_J21_0_0
core16_6/core4_5/evalA/DP_OP_55J21_125_2024    378.3780     0.0    378.3780     0.0000 0.0000 Eval_32_1_DP_OP_55J21_125_2024_J21_0_0
core16_6/core4_5/evalB               493.0380      0.1      16.3800      0.0000  0.0000  Eval_33_1
core16_6/core4_5/evalB/DP_OP_53J18_122_4708    124.3620     0.0    124.3620     0.0000 0.0000 Eval_33_1_DP_OP_53J18_122_4708_J18_0_0
core16_6/core4_5/evalB/DP_OP_54J18_123_8292    183.4560     0.0    183.4560     0.0000 0.0000 Eval_33_1_DP_OP_54J18_123_8292_J18_0_0
core16_6/core4_5/evalB/DP_OP_55J18_124_8043    168.8400     0.0    168.8400     0.0000 0.0000 Eval_33_1_DP_OP_55J18_124_8043_J18_0_0
core16_6/core4_5/interp             3462.6060      0.4       0.7560    340.7040  0.0000  Interpolation_1
core16_6/core4_5/interp/interp      3121.1459      0.4       0.2520      0.0000  0.0000  InterpolationComb_1
core16_6/core4_5/interp/interp/DP_OP_106J20_122_8999   3120.8939     0.4   3120.8939     0.0000 0.0000 InterpolationComb_1_DP_OP_106J20_122_8999_J20_0_0
core16_6/core4_5/mult_x_1            882.0000      0.1     882.0000      0.0000  0.0000  core4_1_DW_mult_tc_J22_6_0
core16_6/core4_5/mult_x_2           1177.0920      0.1    1177.0920      0.0000  0.0000  core4_1_DW_mult_tc_J22_5_0
core16_6/core4_5/mult_x_3           1213.0020      0.1    1213.0020      0.0000  0.0000  core4_1_DW_mult_tc_J22_4_0
core16_6/core4_5/mult_x_4           1213.7580      0.1    1213.7580      0.0000  0.0000  core4_1_DW_mult_tc_J22_3_0
core16_6/core4_5/mult_x_5           1216.6560      0.1    1216.6560      0.0000  0.0000  core4_1_DW_mult_tc_J22_2_0
core16_6/core4_5/mult_x_6           1212.7500      0.1    1212.7500      0.0000  0.0000  core4_1_DW_mult_tc_J22_1_0
core16_6/core4_5/mult_x_7            880.7400      0.1     880.7400      0.0000  0.0000  core4_1_DW_mult_tc_J22_0_0
core16_6/core4_6                   10047.9959      1.2       0.7560    591.5700  0.0000  core4_0
core16_6/core4_6/evalA               915.8940      0.1      27.7200      0.0000  0.0000  Eval_32_0
core16_6/core4_6/evalA/DP_OP_54J28_122_5955    237.3840     0.0    237.3840     0.0000 0.0000 Eval_32_0_DP_OP_54J28_122_5955_J28_0_0
core16_6/core4_6/evalA/DP_OP_55J28_123_5437    322.4340     0.0    322.4340     0.0000 0.0000 Eval_32_0_DP_OP_55J28_123_5437_J28_0_0
core16_6/core4_6/evalA/DP_OP_56J28_124_5252    328.3560     0.0    328.3560     0.0000 0.0000 Eval_32_0_DP_OP_56J28_124_5252_J28_0_0
core16_6/core4_6/evalB               227.8080      0.0       6.5520      0.0000  0.0000  Eval_33_0
core16_6/core4_6/evalB/DP_OP_54J21_129_7149     58.9680     0.0     58.9680     0.0000 0.0000 Eval_33_0_DP_OP_54J21_129_7149_J21_0_0
core16_6/core4_6/evalB/DP_OP_55J21_130_8220     77.6160     0.0     77.6160     0.0000 0.0000 Eval_33_0_DP_OP_55J21_130_8220_J21_0_0
core16_6/core4_6/evalB/DP_OP_56J21_131_9312     84.6720     0.0     84.6720     0.0000 0.0000 Eval_33_0_DP_OP_56J21_131_9312_J21_0_0
core16_6/core4_6/interp             3356.1360      0.4       0.7560    332.6400  0.0000  Interpolation_0
core16_6/core4_6/interp/interp      3022.7400      0.4       0.2520      0.0000  0.0000  InterpolationComb_0
core16_6/core4_6/interp/interp/DP_OP_106J21_122_6228   3022.4880     0.4   3022.4880     0.0000 0.0000 InterpolationComb_0_DP_OP_106J21_122_6228_J21_0_0
core16_6/core4_6/mult_x_1            489.5100      0.1     489.5100      0.0000  0.0000  core4_0_DW_mult_uns_J30_3_0
core16_6/core4_6/mult_x_2            834.1200      0.1     834.1200      0.0000  0.0000  core4_0_DW_mult_uns_J30_2_0
core16_6/core4_6/mult_x_3            656.7120      0.1     656.7120      0.0000  0.0000  core4_0_DW_mult_tc_J30_2_0
core16_6/core4_6/mult_x_4            746.4240      0.1     746.4240      0.0000  0.0000  core4_0_DW_mult_tc_J30_1_0
core16_6/core4_6/mult_x_5            833.9940      0.1     833.9940      0.0000  0.0000  core4_0_DW_mult_uns_J30_1_0
core16_6/core4_6/mult_x_6            905.5620      0.1     905.5620      0.0000  0.0000  core4_0_DW_mult_tc_J30_0_0
core16_6/core4_6/mult_x_7            489.5100      0.1     489.5100      0.0000  0.0000  core4_0_DW_mult_uns_J30_0_0
core16_6/evalA                       915.8940      0.1      27.7200      0.0000  0.0000  Eval_32_52
core16_6/evalA/DP_OP_54J27_122_8665    237.3840     0.0    237.3840      0.0000  0.0000  Eval_32_49_DP_OP_54J27_122_8665_J27_0_3
core16_6/evalA/DP_OP_55J27_123_4570    322.4340     0.0    322.4340      0.0000  0.0000  Eval_32_49_DP_OP_55J27_123_4570_J27_0_3
core16_6/evalA/DP_OP_56J27_124_1518    328.3560     0.0    328.3560      0.0000  0.0000  Eval_32_49_DP_OP_56J27_124_1518_J27_0_3
core16_6/evalA_1                     916.3980      0.1      27.5940      0.0000  0.0000  Eval_32_51
core16_6/evalA_1/DP_OP_54J27_122_8665    237.3840     0.0    237.3840     0.0000 0.0000  Eval_32_49_DP_OP_54J27_122_8665_J27_0_2
core16_6/evalA_1/DP_OP_55J27_123_4570    323.0640     0.0    323.0640     0.0000 0.0000  Eval_32_49_DP_OP_55J27_123_4570_J27_0_2
core16_6/evalA_1/DP_OP_56J27_124_1518    328.3560     0.0    328.3560     0.0000 0.0000  Eval_32_49_DP_OP_56J27_124_1518_J27_0_2
core16_6/evalA_2                     916.3980      0.1      27.5940      0.0000  0.0000  Eval_32_50
core16_6/evalA_2/DP_OP_54J27_122_8665    237.3840     0.0    237.3840     0.0000 0.0000  Eval_32_49_DP_OP_54J27_122_8665_J27_0_1
core16_6/evalA_2/DP_OP_55J27_123_4570    323.0640     0.0    323.0640     0.0000 0.0000  Eval_32_49_DP_OP_55J27_123_4570_J27_0_1
core16_6/evalA_2/DP_OP_56J27_124_1518    328.3560     0.0    328.3560     0.0000 0.0000  Eval_32_49_DP_OP_56J27_124_1518_J27_0_1
core16_6/evalA_3                     924.0840      0.1      27.7200      0.0000  0.0000  Eval_32_49
core16_6/evalA_3/DP_OP_54J27_122_8665    237.3840     0.0    237.3840     0.0000 0.0000  Eval_32_49_DP_OP_54J27_122_8665_J27_0_0
core16_6/evalA_3/DP_OP_55J27_123_4570    330.6240     0.0    330.6240     0.0000 0.0000  Eval_32_49_DP_OP_55J27_123_4570_J27_0_0
core16_6/evalA_3/DP_OP_56J27_124_1518    328.3560     0.0    328.3560     0.0000 0.0000  Eval_32_49_DP_OP_56J27_124_1518_J27_0_0
core16_6/evalB                       231.9660      0.0       7.6860      0.0000  0.0000  Eval_33_52
core16_6/evalB/DP_OP_54J19_125_2881     58.9680     0.0     58.9680      0.0000  0.0000  Eval_33_49_DP_OP_54J19_125_2881_J19_0_3
core16_6/evalB/DP_OP_55J19_126_9882     79.3800     0.0     79.3800      0.0000  0.0000  Eval_33_49_DP_OP_55J19_126_9882_J19_0_3
core16_6/evalB/DP_OP_56J19_127_2673     85.9320     0.0     85.9320      0.0000  0.0000  Eval_33_49_DP_OP_56J19_127_2673_J19_0_3
core16_6/evalB_1                     237.5100      0.0       6.5520      0.0000  0.0000  Eval_33_51
core16_6/evalB_1/DP_OP_54J19_125_2881     60.1020     0.0     60.1020     0.0000 0.0000  Eval_33_49_DP_OP_54J19_125_2881_J19_0_2
core16_6/evalB_1/DP_OP_55J19_126_9882     83.0340     0.0     83.0340     0.0000 0.0000  Eval_33_49_DP_OP_55J19_126_9882_J19_0_2
core16_6/evalB_1/DP_OP_56J19_127_2673     87.8220     0.0     87.8220     0.0000 0.0000  Eval_33_49_DP_OP_56J19_127_2673_J19_0_2
core16_6/evalB_2                     235.8720      0.0       6.6780      0.0000  0.0000  Eval_33_50
core16_6/evalB_2/DP_OP_54J19_125_2881     59.2200     0.0     59.2200     0.0000 0.0000  Eval_33_49_DP_OP_54J19_125_2881_J19_0_1
core16_6/evalB_2/DP_OP_55J19_126_9882     81.3960     0.0     81.3960     0.0000 0.0000  Eval_33_49_DP_OP_55J19_126_9882_J19_0_1
core16_6/evalB_2/DP_OP_56J19_127_2673     88.5780     0.0     88.5780     0.0000 0.0000  Eval_33_49_DP_OP_56J19_127_2673_J19_0_1
core16_6/evalB_3                     241.1640      0.0       7.9380      0.0000  0.0000  Eval_33_49
core16_6/evalB_3/DP_OP_54J19_125_2881     59.8500     0.0     59.8500     0.0000 0.0000  Eval_33_49_DP_OP_54J19_125_2881_J19_0_0
core16_6/evalB_3/DP_OP_55J19_126_9882     85.9320     0.0     85.9320     0.0000 0.0000  Eval_33_49_DP_OP_55J19_126_9882_J19_0_0
core16_6/evalB_3/DP_OP_56J19_127_2673     87.4440     0.0     87.4440     0.0000 0.0000  Eval_33_49_DP_OP_56J19_127_2673_J19_0_0
core16_6/interp                    12714.4078      1.5       0.7560   1227.7440  0.0000  Interpolation_7_0
core16_6/interp/interp             11485.9078      1.4       0.2520      0.0000  0.0000  InterpolationComb_7_0
core16_6/interp/interp/DP_OP_421J12_122_3346  11485.6558     1.4  11485.6558     0.0000 0.0000 InterpolationComb_7_0_DP_OP_421J12_122_3346_J12_0_0
evalA                                919.4220      0.1      29.2320      0.0000  0.0000  Eval_16
evalA/DP_OP_52J19_122_3730           237.3840      0.0     237.3840      0.0000  0.0000  Eval_0_DP_OP_52J19_122_3730_J19_0_15
evalA/DP_OP_53J19_123_8845           325.9620      0.0     325.9620      0.0000  0.0000  Eval_0_DP_OP_53J19_123_8845_J19_0_15
evalA/DP_OP_54J19_124_1745           326.8440      0.0     326.8440      0.0000  0.0000  Eval_0_DP_OP_54J19_124_1745_J19_0_15
evalA_1                              919.1700      0.1      31.6260      0.0000  0.0000  Eval_15
evalA_1/DP_OP_52J19_122_3730         237.3840      0.0     237.3840      0.0000  0.0000  Eval_0_DP_OP_52J19_122_3730_J19_0_14
evalA_1/DP_OP_53J19_123_8845         323.1900      0.0     323.1900      0.0000  0.0000  Eval_0_DP_OP_53J19_123_8845_J19_0_14
evalA_1/DP_OP_54J19_124_1745         326.9700      0.0     326.9700      0.0000  0.0000  Eval_0_DP_OP_54J19_124_1745_J19_0_14
evalA_10                             917.2800      0.1      31.6260      0.0000  0.0000  Eval_6
evalA_10/DP_OP_52J19_122_3730        237.3840      0.0     237.3840      0.0000  0.0000  Eval_0_DP_OP_52J19_122_3730_J19_0_5
evalA_10/DP_OP_53J19_123_8845        321.3000      0.0     321.3000      0.0000  0.0000  Eval_0_DP_OP_53J19_123_8845_J19_0_5
evalA_10/DP_OP_54J19_124_1745        326.9700      0.0     326.9700      0.0000  0.0000  Eval_0_DP_OP_54J19_124_1745_J19_0_5
evalA_11                             919.9260      0.1      31.5000      0.0000  0.0000  Eval_5
evalA_11/DP_OP_52J19_122_3730        238.2660      0.0     238.2660      0.0000  0.0000  Eval_0_DP_OP_52J19_122_3730_J19_0_4
evalA_11/DP_OP_53J19_123_8845        323.3160      0.0     323.3160      0.0000  0.0000  Eval_0_DP_OP_53J19_123_8845_J19_0_4
evalA_11/DP_OP_54J19_124_1745        326.8440      0.0     326.8440      0.0000  0.0000  Eval_0_DP_OP_54J19_124_1745_J19_0_4
evalA_12                             921.1860      0.1      30.2400      0.0000  0.0000  Eval_4
evalA_12/DP_OP_52J19_122_3730        239.1480      0.0     239.1480      0.0000  0.0000  Eval_0_DP_OP_52J19_122_3730_J19_0_3
evalA_12/DP_OP_53J19_123_8845        323.6940      0.0     323.6940      0.0000  0.0000  Eval_0_DP_OP_53J19_123_8845_J19_0_3
evalA_12/DP_OP_54J19_124_1745        328.1040      0.0     328.1040      0.0000  0.0000  Eval_0_DP_OP_54J19_124_1745_J19_0_3
evalA_13                             926.4780      0.1      31.6260      0.0000  0.0000  Eval_3
evalA_13/DP_OP_52J19_122_3730        238.0140      0.0     238.0140      0.0000  0.0000  Eval_0_DP_OP_52J19_122_3730_J19_0_2
evalA_13/DP_OP_53J19_123_8845        329.4900      0.0     329.4900      0.0000  0.0000  Eval_0_DP_OP_53J19_123_8845_J19_0_2
evalA_13/DP_OP_54J19_124_1745        327.3480      0.0     327.3480      0.0000  0.0000  Eval_0_DP_OP_54J19_124_1745_J19_0_2
evalA_14                             922.0680      0.1      32.0040      0.0000  0.0000  Eval_2
evalA_14/DP_OP_52J19_122_3730        238.3920      0.0     238.3920      0.0000  0.0000  Eval_0_DP_OP_52J19_122_3730_J19_0_1
evalA_14/DP_OP_53J19_123_8845        322.5600      0.0     322.5600      0.0000  0.0000  Eval_0_DP_OP_53J19_123_8845_J19_0_1
evalA_14/DP_OP_54J19_124_1745        329.1120      0.0     329.1120      0.0000  0.0000  Eval_0_DP_OP_54J19_124_1745_J19_0_1
evalA_15                             925.3440      0.1      31.1220      0.0000  0.0000  Eval_0
evalA_15/DP_OP_52J19_122_3730        241.2900      0.0     241.2900      0.0000  0.0000  Eval_0_DP_OP_52J19_122_3730_J19_0_0
evalA_15/DP_OP_53J19_123_8845        323.4420      0.0     323.4420      0.0000  0.0000  Eval_0_DP_OP_53J19_123_8845_J19_0_0
evalA_15/DP_OP_54J19_124_1745        329.4900      0.0     329.4900      0.0000  0.0000  Eval_0_DP_OP_54J19_124_1745_J19_0_0
evalA_2                              919.1700      0.1      31.6260      0.0000  0.0000  Eval_14
evalA_2/DP_OP_52J19_122_3730         237.3840      0.0     237.3840      0.0000  0.0000  Eval_0_DP_OP_52J19_122_3730_J19_0_13
evalA_2/DP_OP_53J19_123_8845         323.1900      0.0     323.1900      0.0000  0.0000  Eval_0_DP_OP_53J19_123_8845_J19_0_13
evalA_2/DP_OP_54J19_124_1745         326.9700      0.0     326.9700      0.0000  0.0000  Eval_0_DP_OP_54J19_124_1745_J19_0_13
evalA_3                              920.3040      0.1      30.1140      0.0000  0.0000  Eval_13
evalA_3/DP_OP_52J19_122_3730         238.0140      0.0     238.0140      0.0000  0.0000  Eval_0_DP_OP_52J19_122_3730_J19_0_12
evalA_3/DP_OP_53J19_123_8845         324.9540      0.0     324.9540      0.0000  0.0000  Eval_0_DP_OP_53J19_123_8845_J19_0_12
evalA_3/DP_OP_54J19_124_1745         327.2220      0.0     327.2220      0.0000  0.0000  Eval_0_DP_OP_54J19_124_1745_J19_0_12
evalA_4                              918.6660      0.1      30.8700      0.0000  0.0000  Eval_12
evalA_4/DP_OP_52J19_122_3730         238.8960      0.0     238.8960      0.0000  0.0000  Eval_0_DP_OP_52J19_122_3730_J19_0_11
evalA_4/DP_OP_53J19_123_8845         321.9300      0.0     321.9300      0.0000  0.0000  Eval_0_DP_OP_53J19_123_8845_J19_0_11
evalA_4/DP_OP_54J19_124_1745         326.9700      0.0     326.9700      0.0000  0.0000  Eval_0_DP_OP_54J19_124_1745_J19_0_11
evalA_5                              920.1780      0.1      31.6260      0.0000  0.0000  Eval_11
evalA_5/DP_OP_52J19_122_3730         237.3840      0.0     237.3840      0.0000  0.0000  Eval_0_DP_OP_52J19_122_3730_J19_0_10
evalA_5/DP_OP_53J19_123_8845         324.1980      0.0     324.1980      0.0000  0.0000  Eval_0_DP_OP_53J19_123_8845_J19_0_10
evalA_5/DP_OP_54J19_124_1745         326.9700      0.0     326.9700      0.0000  0.0000  Eval_0_DP_OP_54J19_124_1745_J19_0_10
evalA_6                              920.5560      0.1      31.6260      0.0000  0.0000  Eval_10
evalA_6/DP_OP_52J19_122_3730         237.3840      0.0     237.3840      0.0000  0.0000  Eval_0_DP_OP_52J19_122_3730_J19_0_9
evalA_6/DP_OP_53J19_123_8845         324.1980      0.0     324.1980      0.0000  0.0000  Eval_0_DP_OP_53J19_123_8845_J19_0_9
evalA_6/DP_OP_54J19_124_1745         327.3480      0.0     327.3480      0.0000  0.0000  Eval_0_DP_OP_54J19_124_1745_J19_0_9
evalA_7                              921.8160      0.1      31.5000      0.0000  0.0000  Eval_9
evalA_7/DP_OP_52J19_122_3730         238.2660      0.0     238.2660      0.0000  0.0000  Eval_0_DP_OP_52J19_122_3730_J19_0_8
evalA_7/DP_OP_53J19_123_8845         324.5760      0.0     324.5760      0.0000  0.0000  Eval_0_DP_OP_53J19_123_8845_J19_0_8
evalA_7/DP_OP_54J19_124_1745         327.4740      0.0     327.4740      0.0000  0.0000  Eval_0_DP_OP_54J19_124_1745_J19_0_8
evalA_8                              916.9020      0.1      31.1220      0.0000  0.0000  Eval_8
evalA_8/DP_OP_52J19_122_3730         237.3840      0.0     237.3840      0.0000  0.0000  Eval_0_DP_OP_52J19_122_3730_J19_0_7
evalA_8/DP_OP_53J19_123_8845         321.5520      0.0     321.5520      0.0000  0.0000  Eval_0_DP_OP_53J19_123_8845_J19_0_7
evalA_8/DP_OP_54J19_124_1745         326.8440      0.0     326.8440      0.0000  0.0000  Eval_0_DP_OP_54J19_124_1745_J19_0_7
evalA_9                              917.0280      0.1      31.6260      0.0000  0.0000  Eval_7
evalA_9/DP_OP_52J19_122_3730         237.3840      0.0     237.3840      0.0000  0.0000  Eval_0_DP_OP_52J19_122_3730_J19_0_6
evalA_9/DP_OP_53J19_123_8845         321.0480      0.0     321.0480      0.0000  0.0000  Eval_0_DP_OP_53J19_123_8845_J19_0_6
evalA_9/DP_OP_54J19_124_1745         326.9700      0.0     326.9700      0.0000  0.0000  Eval_0_DP_OP_54J19_124_1745_J19_0_6
evalB                                231.8400      0.0      12.6000      0.0000  0.0000  Eval_1_15
evalB/DP_OP_52J22_128_102             59.3460      0.0      59.3460      0.0000  0.0000  Eval_1_0_DP_OP_52J22_128_102_J22_0_15
evalB/DP_OP_53J22_129_6763            75.4740      0.0      75.4740      0.0000  0.0000  Eval_1_0_DP_OP_53J22_129_6763_J22_0_15
evalB/DP_OP_54J22_130_2528            84.4200      0.0      84.4200      0.0000  0.0000  Eval_1_0_DP_OP_54J22_130_2528_J22_0_15
evalB_1                              239.1480      0.0      13.4820      0.0000  0.0000  Eval_1_14
evalB_1/DP_OP_52J22_128_102           59.2200      0.0      59.2200      0.0000  0.0000  Eval_1_0_DP_OP_52J22_128_102_J22_0_14
evalB_1/DP_OP_53J22_129_6763          81.7740      0.0      81.7740      0.0000  0.0000  Eval_1_0_DP_OP_53J22_129_6763_J22_0_14
evalB_1/DP_OP_54J22_130_2528          84.6720      0.0      84.6720      0.0000  0.0000  Eval_1_0_DP_OP_54J22_130_2528_J22_0_14
evalB_10                             240.0300      0.0      13.4820      0.0000  0.0000  Eval_1_5
evalB_10/DP_OP_52J22_128_102          61.6140      0.0      61.6140      0.0000  0.0000  Eval_1_0_DP_OP_52J22_128_102_J22_0_5
evalB_10/DP_OP_53J22_129_6763         80.1360      0.0      80.1360      0.0000  0.0000  Eval_1_0_DP_OP_53J22_129_6763_J22_0_5
evalB_10/DP_OP_54J22_130_2528         84.7980      0.0      84.7980      0.0000  0.0000  Eval_1_0_DP_OP_54J22_130_2528_J22_0_5
evalB_11                             271.6560      0.0      13.3560      0.0000  0.0000  Eval_1_4
evalB_11/DP_OP_52J22_128_102          60.9840      0.0      60.9840      0.0000  0.0000  Eval_1_0_DP_OP_52J22_128_102_J22_0_4
evalB_11/DP_OP_53J22_129_6763        107.9820      0.0     107.9820      0.0000  0.0000  Eval_1_4_DP_OP_53J22_129_6763_0
evalB_11/DP_OP_54J22_130_2528         89.3340      0.0      89.3340      0.0000  0.0000  Eval_1_0_DP_OP_54J22_130_2528_J22_0_4
evalB_12                             237.8880      0.0      14.6160      0.0000  0.0000  Eval_1_3
evalB_12/DP_OP_52J22_128_102          59.8500      0.0      59.8500      0.0000  0.0000  Eval_1_0_DP_OP_52J22_128_102_J22_0_3
evalB_12/DP_OP_53J22_129_6763         79.2540      0.0      79.2540      0.0000  0.0000  Eval_1_0_DP_OP_53J22_129_6763_J22_0_3
evalB_12/DP_OP_54J22_130_2528         84.1680      0.0      84.1680      0.0000  0.0000  Eval_1_0_DP_OP_54J22_130_2528_J22_0_3
evalB_13                             238.2660      0.0      13.4820      0.0000  0.0000  Eval_1_2
evalB_13/DP_OP_52J22_128_102          60.2280      0.0      60.2280      0.0000  0.0000  Eval_1_0_DP_OP_52J22_128_102_J22_0_2
evalB_13/DP_OP_53J22_129_6763         79.5060      0.0      79.5060      0.0000  0.0000  Eval_1_0_DP_OP_53J22_129_6763_J22_0_2
evalB_13/DP_OP_54J22_130_2528         85.0500      0.0      85.0500      0.0000  0.0000  Eval_1_0_DP_OP_54J22_130_2528_J22_0_2
evalB_14                             238.0140      0.0      13.6080      0.0000  0.0000  Eval_1_1
evalB_14/DP_OP_52J22_128_102          58.9680      0.0      58.9680      0.0000  0.0000  Eval_1_0_DP_OP_52J22_128_102_J22_0_1
evalB_14/DP_OP_53J22_129_6763         80.6400      0.0      80.6400      0.0000  0.0000  Eval_1_0_DP_OP_53J22_129_6763_J22_0_1
evalB_14/DP_OP_54J22_130_2528         84.7980      0.0      84.7980      0.0000  0.0000  Eval_1_0_DP_OP_54J22_130_2528_J22_0_1
evalB_15                             240.5340      0.0      13.1040      0.0000  0.0000  Eval_1_0
evalB_15/DP_OP_52J22_128_102          57.9600      0.0      57.9600      0.0000  0.0000  Eval_1_0_DP_OP_52J22_128_102_J22_0_0
evalB_15/DP_OP_53J22_129_6763         80.1360      0.0      80.1360      0.0000  0.0000  Eval_1_0_DP_OP_53J22_129_6763_J22_0_0
evalB_15/DP_OP_54J22_130_2528         89.3340      0.0      89.3340      0.0000  0.0000  Eval_1_0_DP_OP_54J22_130_2528_J22_0_0
evalB_2                              237.8880      0.0      13.4820      0.0000  0.0000  Eval_1_13
evalB_2/DP_OP_52J22_128_102           60.1020      0.0      60.1020      0.0000  0.0000  Eval_1_0_DP_OP_52J22_128_102_J22_0_13
evalB_2/DP_OP_53J22_129_6763          80.6400      0.0      80.6400      0.0000  0.0000  Eval_1_0_DP_OP_53J22_129_6763_J22_0_13
evalB_2/DP_OP_54J22_130_2528          83.6640      0.0      83.6640      0.0000  0.0000  Eval_1_0_DP_OP_54J22_130_2528_J22_0_13
evalB_3                              238.2660      0.0      13.9860      0.0000  0.0000  Eval_1_12
evalB_3/DP_OP_52J22_128_102           61.3620      0.0      61.3620      0.0000  0.0000  Eval_1_0_DP_OP_52J22_128_102_J22_0_12
evalB_3/DP_OP_53J22_129_6763          79.0020      0.0      79.0020      0.0000  0.0000  Eval_1_0_DP_OP_53J22_129_6763_J22_0_12
evalB_3/DP_OP_54J22_130_2528          83.9160      0.0      83.9160      0.0000  0.0000  Eval_1_0_DP_OP_54J22_130_2528_J22_0_12
evalB_4                              233.9820      0.0      13.1040      0.0000  0.0000  Eval_1_11
evalB_4/DP_OP_52J22_128_102           60.8580      0.0      60.8580      0.0000  0.0000  Eval_1_0_DP_OP_52J22_128_102_J22_0_11
evalB_4/DP_OP_53J22_129_6763          75.9780      0.0      75.9780      0.0000  0.0000  Eval_1_0_DP_OP_53J22_129_6763_J22_0_11
evalB_4/DP_OP_54J22_130_2528          84.0420      0.0      84.0420      0.0000  0.0000  Eval_1_0_DP_OP_54J22_130_2528_J22_0_11
evalB_5                              230.8320      0.0      12.3480      0.0000  0.0000  Eval_1_10
evalB_5/DP_OP_52J22_128_102           59.7240      0.0      59.7240      0.0000  0.0000  Eval_1_0_DP_OP_52J22_128_102_J22_0_10
evalB_5/DP_OP_53J22_129_6763          75.3480      0.0      75.3480      0.0000  0.0000  Eval_1_0_DP_OP_53J22_129_6763_J22_0_10
evalB_5/DP_OP_54J22_130_2528          83.4120      0.0      83.4120      0.0000  0.0000  Eval_1_0_DP_OP_54J22_130_2528_J22_0_10
evalB_6                              237.3840      0.0      13.4820      0.0000  0.0000  Eval_1_9
evalB_6/DP_OP_52J22_128_102           59.7240      0.0      59.7240      0.0000  0.0000  Eval_1_0_DP_OP_52J22_128_102_J22_0_9
evalB_6/DP_OP_53J22_129_6763          78.1200      0.0      78.1200      0.0000  0.0000  Eval_1_0_DP_OP_53J22_129_6763_J22_0_9
evalB_6/DP_OP_54J22_130_2528          86.0580      0.0      86.0580      0.0000  0.0000  Eval_1_0_DP_OP_54J22_130_2528_J22_0_9
evalB_7                              264.9780      0.0      12.4740      0.0000  0.0000  Eval_1_8
evalB_7/DP_OP_52J22_128_102           59.5980      0.0      59.5980      0.0000  0.0000  Eval_1_0_DP_OP_52J22_128_102_J22_0_8
evalB_7/DP_OP_53J22_129_6763         109.3680      0.0     109.3680      0.0000  0.0000  Eval_1_8_DP_OP_53J22_129_6763_0
evalB_7/DP_OP_54J22_130_2528          83.5380      0.0      83.5380      0.0000  0.0000  Eval_1_0_DP_OP_54J22_130_2528_J22_0_8
evalB_8                              230.5800      0.0      11.3400      0.0000  0.0000  Eval_1_7
evalB_8/DP_OP_52J22_128_102           57.8340      0.0      57.8340      0.0000  0.0000  Eval_1_0_DP_OP_52J22_128_102_J22_0_7
evalB_8/DP_OP_53J22_129_6763          79.0020      0.0      79.0020      0.0000  0.0000  Eval_1_0_DP_OP_53J22_129_6763_J22_0_7
evalB_8/DP_OP_54J22_130_2528          82.4040      0.0      82.4040      0.0000  0.0000  Eval_1_0_DP_OP_54J22_130_2528_J22_0_7
evalB_9                              239.4000      0.0      14.1120      0.0000  0.0000  Eval_1_6
evalB_9/DP_OP_52J22_128_102           60.8580      0.0      60.8580      0.0000  0.0000  Eval_1_0_DP_OP_52J22_128_102_J22_0_6
evalB_9/DP_OP_53J22_129_6763          79.5060      0.0      79.5060      0.0000  0.0000  Eval_1_0_DP_OP_53J22_129_6763_J22_0_6
evalB_9/DP_OP_54J22_130_2528          84.9240      0.0      84.9240      0.0000  0.0000  Eval_1_0_DP_OP_54J22_130_2528_J22_0_6
interp                             48192.4794      5.7       0.7560   4646.8801  0.0000  Interpolation_56
interp/interp                      43544.8433      5.1       0.2520      0.0000  0.0000  InterpolationComb_56
interp/interp/DP_OP_1681J3_122_1523  43544.5913     5.1  43544.5913      0.0000  0.0000  InterpolationComb_56_DP_OP_1681J3_122_1523_J3_0
--------------------------------  -----------  -------  -----------  ----------  ------  ---------------------------------------------------
Total                                                   765323.7359  84034.0627  0.0000

1
