 
****************************************
Report : area
Design : core64_a36_b10_c36
Version: O-2018.06-SP5
Date   : Wed May 13 05:51:52 2026
****************************************

Library(s) Used:

    tcbn28hpcplusbwp40p140lvtssg0p81vm40c_ccs (File: /export1/Library/TN28HPC+/STD_CELL_ext/track9_200824/TSMCHOME/digital/Front_End/timing_power_noise/CCS/tcbn28hpcplusbwp40p140lvt_180a/tcbn28hpcplusbwp40p140lvtssg0p81vm40c_ccs.db)
    tcbn28hpcplusbwp40p140ssg0p81vm40c_ccs (File: /export1/Library/TN28HPC+/STD_CELL_ext/track9_200824/TSMCHOME/digital/Front_End/timing_power_noise/CCS/tcbn28hpcplusbwp40p140_180a/tcbn28hpcplusbwp40p140ssg0p81vm40c_ccs.db)
    tcbn28hpcplusbwp40p140hvtssg0p81vm40c_ccs (File: /export1/Library/TN28HPC+/STD_CELL_ext/track9_200824/TSMCHOME/digital/Front_End/timing_power_noise/CCS/tcbn28hpcplusbwp40p140hvt_180a/tcbn28hpcplusbwp40p140hvtssg0p81vm40c_ccs.db)

Number of ports:                       403854
Number of nets:                       1311825
Number of cells:                       678337
Number of combinational cells:         628165
Number of sequential cells:             42642
Number of macros/black boxes:               0
Number of buf/inv:                      78442
Number of references:                      45

Combinational area:             801262.463754
Buf/Inv area:                    21266.154168
Noncombinational area:           84042.882669
Macro/Black Box area:                0.000000
Net Interconnect area:      undefined  (Wire load has zero net area)

Total cell area:                885305.346423
Total area:                 undefined

Hierarchical area distribution
------------------------------

                                  Global cell area              Local cell area
                                  --------------------  ------------------------------- 
Hierarchical cell                 Absolute     Percent  Combi-       Noncombi-   Black-
                                  Total        Total    national     national    boxes   Design
--------------------------------  -----------  -------  -----------  ----------  ------  ---------------------------------------------------
core64_a36_b10_c36                885305.3464    100.0       2.0160   8711.1361  0.0000  core64_a36_b10_c36
core16_0                          106864.6305     12.1       2.0160   2348.6400  0.0000  core16_6
core16_0/core4_0                   10819.4938      1.2       0.7560    591.5700  0.0000  core4_48
core16_0/core4_0/evalA               915.8940      0.1      27.7200      0.0000  0.0000  Eval_32_48
core16_0/core4_0/evalA/DP_OP_54J22_122_5955    237.3840     0.0    237.3840     0.0000 0.0000 Eval_32_0_DP_OP_54J22_122_5955_J22_0_3
core16_0/core4_0/evalA/DP_OP_55J22_123_5437    322.4340     0.0    322.4340     0.0000 0.0000 Eval_32_0_DP_OP_55J22_123_5437_J22_0_3
core16_0/core4_0/evalA/DP_OP_56J22_124_5252    328.3560     0.0    328.3560     0.0000 0.0000 Eval_32_0_DP_OP_56J22_124_5252_J22_0_3
core16_0/core4_0/evalB               276.5700      0.0       8.3160      0.0000  0.0000  Eval_33_48
core16_0/core4_0/evalB/DP_OP_54J21_129_8018     71.1900     0.0     71.1900     0.0000 0.0000 Eval_33_0_DP_OP_54J21_129_8018_J21_0_3
core16_0/core4_0/evalB/DP_OP_55J21_130_2896     95.7600     0.0     95.7600     0.0000 0.0000 Eval_33_0_DP_OP_55J21_130_2896_J21_0_3
core16_0/core4_0/evalB/DP_OP_56J21_131_6631    101.3040     0.0    101.3040     0.0000 0.0000 Eval_33_0_DP_OP_56J21_131_6631_J21_0_3
core16_0/core4_0/interp             3355.7580      0.4       0.7560    332.6400  0.0000  Interpolation_49
core16_0/core4_0/interp/interp      3022.3620      0.3       0.2520      0.0000  0.0000  InterpolationComb_49
core16_0/core4_0/interp/interp/DP_OP_106J21_122_6228   3022.1100     0.3   3022.1100     0.0000 0.0000 InterpolationComb_0_DP_OP_106J21_122_6228_J21_0_20
core16_0/core4_0/mult_x_1            625.5900      0.1     625.5900      0.0000  0.0000  core4_48_DW_mult_uns_J18_3
core16_0/core4_0/mult_x_2            920.5560      0.1     920.5560      0.0000  0.0000  core4_48_DW_mult_uns_J18_2
core16_0/core4_0/mult_x_3            797.4540      0.1     797.4540      0.0000  0.0000  core4_48_DW_mult_tc_J18_2
core16_0/core4_0/mult_x_4            786.7440      0.1     786.7440      0.0000  0.0000  core4_48_DW_mult_tc_J18_1
core16_0/core4_0/mult_x_5            976.1220      0.1     976.1220      0.0000  0.0000  core4_48_DW_mult_uns_J18_1
core16_0/core4_0/mult_x_6            946.8900      0.1     946.8900      0.0000  0.0000  core4_48_DW_mult_tc_J18_0
core16_0/core4_0/mult_x_7            625.5900      0.1     625.5900      0.0000  0.0000  core4_48_DW_mult_uns_J18_0
core16_0/core4_1                   12956.7058      1.5       1.0080    591.8220  0.0000  core4_47
core16_0/core4_1/evalA              1031.9400      0.1      31.5000      0.0000  0.0000  Eval_32_47
core16_0/core4_1/evalA/DP_OP_54J20_126_8276    266.9940     0.0    266.9940     0.0000 0.0000 Eval_32_5_DP_OP_54J20_126_8276_J20_0_3
core16_0/core4_1/evalA/DP_OP_55J20_127_5033    367.1640     0.0    367.1640     0.0000 0.0000 Eval_32_5_DP_OP_55J20_127_5033_J20_0_3
core16_0/core4_1/evalA/DP_OP_56J20_128_5140    366.2820     0.0    366.2820     0.0000 0.0000 Eval_32_5_DP_OP_56J20_128_5140_J20_0_3
core16_0/core4_1/evalB               397.9080      0.0      11.8440      0.0000  0.0000  Eval_33_47
core16_0/core4_1/evalB/DP_OP_54J24_125_9656    107.2260     0.0    107.2260     0.0000 0.0000 Eval_33_5_DP_OP_54J24_125_9656_J24_0_3
core16_0/core4_1/evalB/DP_OP_55J24_126_3545    139.3560     0.0    139.3560     0.0000 0.0000 Eval_33_5_DP_OP_55J24_126_3545_J24_0_3
core16_0/core4_1/evalB/DP_OP_56J24_127_863    139.4820     0.0    139.4820     0.0000 0.0000 Eval_33_5_DP_OP_56J24_127_863_J24_0_3
core16_0/core4_1/interp             3355.7580      0.4       0.7560    332.6400  0.0000  Interpolation_48
core16_0/core4_1/interp/interp      3022.3620      0.3       0.2520      0.0000  0.0000  InterpolationComb_48
core16_0/core4_1/interp/interp/DP_OP_106J21_122_6228   3022.1100     0.3   3022.1100     0.0000 0.0000 InterpolationComb_0_DP_OP_106J21_122_6228_J21_0_19
core16_0/core4_1/mult_x_1            920.5560      0.1     920.5560      0.0000  0.0000  core4_5_DW_mult_uns_J31_3_1
core16_0/core4_1/mult_x_2           1175.7060      0.1    1175.7060      0.0000  0.0000  core4_5_DW_mult_uns_J31_2_1
core16_0/core4_1/mult_x_3           1112.9580      0.1    1112.9580      0.0000  0.0000  core4_5_DW_mult_tc_J31_2_1
core16_0/core4_1/mult_x_4           1084.8600      0.1    1084.8600      0.0000  0.0000  core4_5_DW_mult_tc_J31_1_1
core16_0/core4_1/mult_x_5           1156.6800      0.1    1156.6800      0.0000  0.0000  core4_5_DW_mult_uns_J31_1_1
core16_0/core4_1/mult_x_6           1206.0720      0.1    1206.0720      0.0000  0.0000  core4_5_DW_mult_tc_J31_0_1
core16_0/core4_1/mult_x_7            921.4380      0.1     921.4380      0.0000  0.0000  core4_5_DW_mult_uns_J31_0_1
core16_0/core4_2                   11705.5258      1.3       0.7560    591.5700  0.0000  core4_46
core16_0/core4_2/evalA               958.2300      0.1      29.2320      0.0000  0.0000  Eval_32_46
core16_0/core4_2/evalA/DP_OP_53J21_123_9578    246.4560     0.0    246.4560     0.0000 0.0000 Eval_32_1_DP_OP_53J21_123_9578_J21_0_32
core16_0/core4_2/evalA/DP_OP_54J21_124_907    338.6880     0.0    338.6880     0.0000 0.0000 Eval_32_1_DP_OP_54J21_124_907_J21_0_32
core16_0/core4_2/evalA/DP_OP_55J21_125_2024    343.8540     0.0    343.8540     0.0000 0.0000 Eval_32_1_DP_OP_55J21_125_2024_J21_0_32
core16_0/core4_2/evalB               318.6540      0.0       9.3240      0.0000  0.0000  Eval_33_46
core16_0/core4_2/evalB/DP_OP_53J27_122_4171     81.0180     0.0     81.0180     0.0000 0.0000 Eval_33_1_DP_OP_53J27_122_4171_J27_0_28
core16_0/core4_2/evalB/DP_OP_54J27_123_6227    110.8800     0.0    110.8800     0.0000 0.0000 Eval_33_1_DP_OP_54J27_123_6227_J27_0_28
core16_0/core4_2/evalB/DP_OP_55J27_124_3794    117.4320     0.0    117.4320     0.0000 0.0000 Eval_33_1_DP_OP_55J27_124_3794_J27_0_28
core16_0/core4_2/interp             3462.1020      0.4       0.7560    340.7040  0.0000  Interpolation_47
core16_0/core4_2/interp/interp      3120.6419      0.4       0.2520      0.0000  0.0000  InterpolationComb_47
core16_0/core4_2/interp/interp/DP_OP_106J20_122_8999   3120.3899     0.4   3120.3899     0.0000 0.0000 InterpolationComb_1_DP_OP_106J20_122_8999_J20_0_27
core16_0/core4_2/mult_x_1            791.5320      0.1     791.5320      0.0000  0.0000  core4_1_DW_mult_tc_J24_6_22
core16_0/core4_2/mult_x_2            961.1280      0.1     961.1280      0.0000  0.0000  core4_1_DW_mult_tc_J24_5_22
core16_0/core4_2/mult_x_3            859.5720      0.1     859.5720      0.0000  0.0000  core4_1_DW_mult_tc_J24_4_22
core16_0/core4_2/mult_x_4            921.0600      0.1     921.0600      0.0000  0.0000  core4_1_DW_mult_tc_J24_3_22
core16_0/core4_2/mult_x_5            981.1620      0.1     981.1620      0.0000  0.0000  core4_1_DW_mult_tc_J24_2_22
core16_0/core4_2/mult_x_6           1074.1500      0.1    1074.1500      0.0000  0.0000  core4_1_DW_mult_tc_J24_1_22
core16_0/core4_2/mult_x_7            785.6100      0.1     785.6100      0.0000  0.0000  core4_1_DW_mult_tc_J24_0_22
core16_0/core4_3                   13677.0478      1.5       0.5040    591.5700  0.0000  core4_45
core16_0/core4_3/evalA              1079.9460      0.1      34.5240      0.0000  0.0000  Eval_32_45
core16_0/core4_3/evalA/DP_OP_53J21_123_9578    274.0500     0.0    274.0500     0.0000 0.0000 Eval_32_1_DP_OP_53J21_123_9578_J21_0_31
core16_0/core4_3/evalA/DP_OP_54J21_124_907    392.9940     0.0    392.9940     0.0000 0.0000 Eval_32_1_DP_OP_54J21_124_907_J21_0_31
core16_0/core4_3/evalA/DP_OP_55J21_125_2024    378.3780     0.0    378.3780     0.0000 0.0000 Eval_32_1_DP_OP_55J21_125_2024_J21_0_31
core16_0/core4_3/evalB               535.1220      0.1      17.3880      0.0000  0.0000  Eval_33_45
core16_0/core4_3/evalB/DP_OP_53J27_122_4171    133.3080     0.0    133.3080     0.0000 0.0000 Eval_33_1_DP_OP_53J27_122_4171_J27_0_27
core16_0/core4_3/evalB/DP_OP_54J27_123_6227    199.9620     0.0    199.9620     0.0000 0.0000 Eval_33_1_DP_OP_54J27_123_6227_J27_0_27
core16_0/core4_3/evalB/DP_OP_55J27_124_3794    184.4640     0.0    184.4640     0.0000 0.0000 Eval_33_1_DP_OP_55J27_124_3794_J27_0_27
core16_0/core4_3/interp             3462.1020      0.4       0.7560    340.7040  0.0000  Interpolation_46
core16_0/core4_3/interp/interp      3120.6419      0.4       0.2520      0.0000  0.0000  InterpolationComb_46
core16_0/core4_3/interp/interp/DP_OP_106J20_122_8999   3120.3899     0.4   3120.3899     0.0000 0.0000 InterpolationComb_1_DP_OP_106J20_122_8999_J20_0_26
core16_0/core4_3/mult_x_1            767.4660      0.1     767.4660      0.0000  0.0000  core4_1_DW_mult_tc_J24_6_21
core16_0/core4_3/mult_x_2           1262.0160      0.1    1262.0160      0.0000  0.0000  core4_1_DW_mult_tc_J24_5_21
core16_0/core4_3/mult_x_3           1298.4300      0.1    1298.4300      0.0000  0.0000  core4_1_DW_mult_tc_J24_4_21
core16_0/core4_3/mult_x_4           1316.0700      0.1    1316.0700      0.0000  0.0000  core4_1_DW_mult_tc_J24_3_21
core16_0/core4_3/mult_x_5           1298.4300      0.1    1298.4300      0.0000  0.0000  core4_1_DW_mult_tc_J24_2_21
core16_0/core4_3/mult_x_6           1298.1780      0.1    1298.1780      0.0000  0.0000  core4_1_DW_mult_tc_J24_1_21
core16_0/core4_3/mult_x_7            767.2140      0.1     767.2140      0.0000  0.0000  core4_1_DW_mult_tc_J24_0_21
core16_0/core4_4                   13014.2878      1.5       0.7560    591.5700  0.0000  core4_44
core16_0/core4_4/evalA              1033.4520      0.1      31.5000      0.0000  0.0000  Eval_32_44
core16_0/core4_4/evalA/DP_OP_54J16_122_854    267.4980     0.0    267.4980     0.0000 0.0000 Eval_32_2_DP_OP_54J16_122_854_J16_0_3
core16_0/core4_4/evalA/DP_OP_55J16_123_7587    364.6440     0.0    364.6440     0.0000 0.0000 Eval_32_2_DP_OP_55J16_123_7587_J16_0_3
core16_0/core4_4/evalA/DP_OP_56J16_124_7642    369.8100     0.0    369.8100     0.0000 0.0000 Eval_32_2_DP_OP_56J16_124_7642_J16_0_3
core16_0/core4_4/evalB               402.8220      0.0      11.8440      0.0000  0.0000  Eval_33_44
core16_0/core4_4/evalB/DP_OP_54J25_125_5690    104.3280     0.0    104.3280     0.0000 0.0000 Eval_33_2_DP_OP_54J25_125_5690_J25_0_3
core16_0/core4_4/evalB/DP_OP_55J25_126_3915    139.9860     0.0    139.9860     0.0000 0.0000 Eval_33_2_DP_OP_55J25_126_3915_J25_0_3
core16_0/core4_4/evalB/DP_OP_56J25_127_920    146.6640     0.0    146.6640     0.0000 0.0000 Eval_33_2_DP_OP_56J25_127_920_J25_0_3
core16_0/core4_4/interp             3461.5980      0.4       0.7560    340.7040  0.0000  Interpolation_45
core16_0/core4_4/interp/interp      3120.1379      0.4       0.2520      0.0000  0.0000  InterpolationComb_45
core16_0/core4_4/interp/interp/DP_OP_106J20_122_8999   3119.8859     0.4   3119.8859     0.0000 0.0000 InterpolationComb_1_DP_OP_106J20_122_8999_J20_0_25
core16_0/core4_4/mult_x_1            958.4820      0.1     958.4820      0.0000  0.0000  core4_2_DW_mult_uns_J33_3_1
core16_0/core4_4/mult_x_2           1197.7560      0.1    1197.7560      0.0000  0.0000  core4_2_DW_mult_uns_J33_2_1
core16_0/core4_4/mult_x_3           1016.8200      0.1    1016.8200      0.0000  0.0000  core4_2_DW_mult_tc_J33_2_1
core16_0/core4_4/mult_x_4           1057.5180      0.1    1057.5180      0.0000  0.0000  core4_2_DW_mult_tc_J33_1_1
core16_0/core4_4/mult_x_5           1146.9780      0.1    1146.9780      0.0000  0.0000  core4_2_DW_mult_uns_J33_1_1
core16_0/core4_4/mult_x_6           1188.0540      0.1    1188.0540      0.0000  0.0000  core4_2_DW_mult_tc_J33_0_1
core16_0/core4_4/mult_x_7            958.4820      0.1     958.4820      0.0000  0.0000  core4_2_DW_mult_uns_J33_0_1
core16_0/core4_5                   13999.4818      1.6       0.5040    591.5700  0.0000  core4_43
core16_0/core4_5/evalA              1078.9380      0.1      34.7760      0.0000  0.0000  Eval_32_43
core16_0/core4_5/evalA/DP_OP_53J21_123_9578    274.0500     0.0    274.0500     0.0000 0.0000 Eval_32_1_DP_OP_53J21_123_9578_J21_0_30
core16_0/core4_5/evalA/DP_OP_54J21_124_907    391.7340     0.0    391.7340     0.0000 0.0000 Eval_32_1_DP_OP_54J21_124_907_J21_0_30
core16_0/core4_5/evalA/DP_OP_55J21_125_2024    378.3780     0.0    378.3780     0.0000 0.0000 Eval_32_1_DP_OP_55J21_125_2024_J21_0_30
core16_0/core4_5/evalB               537.2640      0.1      17.7660      0.0000  0.0000  Eval_33_43
core16_0/core4_5/evalB/DP_OP_53J27_122_4171    136.5840     0.0    136.5840     0.0000 0.0000 Eval_33_1_DP_OP_53J27_122_4171_J27_0_26
core16_0/core4_5/evalB/DP_OP_54J27_123_6227    198.1980     0.0    198.1980     0.0000 0.0000 Eval_33_1_DP_OP_54J27_123_6227_J27_0_26
core16_0/core4_5/evalB/DP_OP_55J27_124_3794    184.7160     0.0    184.7160     0.0000 0.0000 Eval_33_1_DP_OP_55J27_124_3794_J27_0_26
core16_0/core4_5/interp             3463.1100      0.4       0.7560    340.7040  0.0000  Interpolation_44
core16_0/core4_5/interp/interp      3121.6499      0.4       0.2520      0.0000  0.0000  InterpolationComb_44
core16_0/core4_5/interp/interp/DP_OP_106J20_122_8999   3121.3979     0.4   3121.3979     0.0000 0.0000 InterpolationComb_1_DP_OP_106J20_122_8999_J20_0_24
core16_0/core4_5/mult_x_1            930.6360      0.1     930.6360      0.0000  0.0000  core4_1_DW_mult_tc_J24_6_20
core16_0/core4_5/mult_x_2           1269.9540      0.1    1269.9540      0.0000  0.0000  core4_1_DW_mult_tc_J24_5_20
core16_0/core4_5/mult_x_3           1303.5960      0.1    1303.5960      0.0000  0.0000  core4_1_DW_mult_tc_J24_4_20
core16_0/core4_5/mult_x_4           1306.6200      0.1    1306.6200      0.0000  0.0000  core4_1_DW_mult_tc_J24_3_20
core16_0/core4_5/mult_x_5           1297.5480      0.1    1297.5480      0.0000  0.0000  core4_1_DW_mult_tc_J24_2_20
core16_0/core4_5/mult_x_6           1298.0520      0.1    1298.0520      0.0000  0.0000  core4_1_DW_mult_tc_J24_1_20
core16_0/core4_5/mult_x_7            921.6900      0.1     921.6900      0.0000  0.0000  core4_1_DW_mult_tc_J24_0_20
core16_0/core4_6                   10831.4638      1.2       0.7560    591.5700  0.0000  core4_42
core16_0/core4_6/evalA               915.8940      0.1      27.7200      0.0000  0.0000  Eval_32_42
core16_0/core4_6/evalA/DP_OP_54J22_122_5955    237.3840     0.0    237.3840     0.0000 0.0000 Eval_32_0_DP_OP_54J22_122_5955_J22_0_2
core16_0/core4_6/evalA/DP_OP_55J22_123_5437    322.4340     0.0    322.4340     0.0000 0.0000 Eval_32_0_DP_OP_55J22_123_5437_J22_0_2
core16_0/core4_6/evalA/DP_OP_56J22_124_5252    328.3560     0.0    328.3560     0.0000 0.0000 Eval_32_0_DP_OP_56J22_124_5252_J22_0_2
core16_0/core4_6/evalB               277.2000      0.0       8.3160      0.0000  0.0000  Eval_33_42
core16_0/core4_6/evalB/DP_OP_54J21_129_8018     72.3240     0.0     72.3240     0.0000 0.0000 Eval_33_0_DP_OP_54J21_129_8018_J21_0_2
core16_0/core4_6/evalB/DP_OP_55J21_130_2896     94.8780     0.0     94.8780     0.0000 0.0000 Eval_33_0_DP_OP_55J21_130_2896_J21_0_2
core16_0/core4_6/evalB/DP_OP_56J21_131_6631    101.6820     0.0    101.6820     0.0000 0.0000 Eval_33_0_DP_OP_56J21_131_6631_J21_0_2
core16_0/core4_6/interp             3356.1360      0.4       0.7560    332.6400  0.0000  Interpolation_43
core16_0/core4_6/interp/interp      3022.7400      0.3       0.2520      0.0000  0.0000  InterpolationComb_43
core16_0/core4_6/interp/interp/DP_OP_106J21_122_6228   3022.4880     0.3   3022.4880     0.0000 0.0000 InterpolationComb_0_DP_OP_106J21_122_6228_J21_0_18
core16_0/core4_6/mult_x_1            625.5900      0.1     625.5900      0.0000  0.0000  core4_42_DW_mult_uns_J17_3
core16_0/core4_6/mult_x_2            925.9740      0.1     925.9740      0.0000  0.0000  core4_42_DW_mult_uns_J17_2
core16_0/core4_6/mult_x_3            802.1160      0.1     802.1160      0.0000  0.0000  core4_42_DW_mult_tc_J17_2
core16_0/core4_6/mult_x_4            786.7440      0.1     786.7440      0.0000  0.0000  core4_42_DW_mult_tc_J17_1
core16_0/core4_6/mult_x_5            977.0040      0.1     977.0040      0.0000  0.0000  core4_42_DW_mult_uns_J17_1
core16_0/core4_6/mult_x_6            946.8900      0.1     946.8900      0.0000  0.0000  core4_42_DW_mult_tc_J17_0
core16_0/core4_6/mult_x_7            625.5900      0.1     625.5900      0.0000  0.0000  core4_42_DW_mult_uns_J17_0
core16_0/evalA                       916.5240      0.1      27.7200      0.0000  0.0000  Eval_32_76
core16_0/evalA/DP_OP_54J28_122_6213    237.3840     0.0    237.3840      0.0000  0.0000  Eval_32_76_DP_OP_54J28_122_6213_J28_0
core16_0/evalA/DP_OP_55J28_123_6224    323.0640     0.0    323.0640      0.0000  0.0000  Eval_32_76_DP_OP_55J28_123_6224_J28_0
core16_0/evalA/DP_OP_56J28_124_1050    328.3560     0.0    328.3560      0.0000  0.0000  Eval_32_76_DP_OP_56J28_124_1050_J28_0
core16_0/evalA_1                     917.1540      0.1      27.7200      0.0000  0.0000  Eval_32_75
core16_0/evalA_1/DP_OP_54J29_122_342    238.0140     0.0    238.0140     0.0000  0.0000  Eval_32_75_DP_OP_54J29_122_342_J29_0
core16_0/evalA_1/DP_OP_55J29_123_3469    323.0640     0.0    323.0640     0.0000 0.0000  Eval_32_75_DP_OP_55J29_123_3469_J29_0
core16_0/evalA_1/DP_OP_56J29_124_2523    328.3560     0.0    328.3560     0.0000 0.0000  Eval_32_75_DP_OP_56J29_124_2523_J29_0
core16_0/evalA_2                     916.5240      0.1      27.7200      0.0000  0.0000  Eval_32_74
core16_0/evalA_2/DP_OP_54J32_122_7988    237.3840     0.0    237.3840     0.0000 0.0000  Eval_32_74_DP_OP_54J32_122_7988_J32_0
core16_0/evalA_2/DP_OP_55J32_123_9628    323.0640     0.0    323.0640     0.0000 0.0000  Eval_32_74_DP_OP_55J32_123_9628_J32_0
core16_0/evalA_2/DP_OP_56J32_124_7629    328.3560     0.0    328.3560     0.0000 0.0000  Eval_32_74_DP_OP_56J32_124_7629_J32_0
core16_0/evalA_3                     927.2340      0.1      27.7200      0.0000  0.0000  Eval_32_73
core16_0/evalA_3/DP_OP_54J31_122_9217    237.3840     0.0    237.3840     0.0000 0.0000  Eval_32_73_DP_OP_54J31_122_9217_J31_0
core16_0/evalA_3/DP_OP_55J31_123_8979    333.7740     0.0    333.7740     0.0000 0.0000  Eval_32_73_DP_OP_55J31_123_8979_J31_0
core16_0/evalA_3/DP_OP_56J31_124_6980    328.3560     0.0    328.3560     0.0000 0.0000  Eval_32_73_DP_OP_56J31_124_6980_J31_0
core16_0/evalB                       277.8300      0.0       9.0720      0.0000  0.0000  Eval_33_76
core16_0/evalB/DP_OP_54J15_125_2517     70.3080     0.0     70.3080      0.0000  0.0000  Eval_33_76_DP_OP_54J15_125_2517_J15_0
core16_0/evalB/DP_OP_55J15_126_9555     95.8860     0.0     95.8860      0.0000  0.0000  Eval_33_76_DP_OP_55J15_126_9555_J15_0
core16_0/evalB/DP_OP_56J15_127_3323    102.5640     0.0    102.5640      0.0000  0.0000  Eval_33_76_DP_OP_56J15_127_3323_J15_0
core16_0/evalB_1                     277.7040      0.0       8.5680      0.0000  0.0000  Eval_33_75
core16_0/evalB_1/DP_OP_54J17_125_5930     70.3080     0.0     70.3080     0.0000 0.0000  Eval_33_75_DP_OP_54J17_125_5930_J17_0
core16_0/evalB_1/DP_OP_55J17_126_7869     98.2800     0.0     98.2800     0.0000 0.0000  Eval_33_75_DP_OP_55J17_126_7869_J17_0
core16_0/evalB_1/DP_OP_56J17_127_1637    100.5480     0.0    100.5480     0.0000 0.0000  Eval_33_75_DP_OP_56J17_127_1637_J17_0
core16_0/evalB_2                     275.8140      0.0       8.3160      0.0000  0.0000  Eval_33_74
core16_0/evalB_2/DP_OP_54J16_125_7159     72.4500     0.0     72.4500     0.0000 0.0000  Eval_33_74_DP_OP_54J16_125_7159_J16_0
core16_0/evalB_2/DP_OP_55J16_126_2992     94.6260     0.0     94.6260     0.0000 0.0000  Eval_33_74_DP_OP_55J16_126_2992_J16_0
core16_0/evalB_2/DP_OP_56J16_127_9902    100.4220     0.0    100.4220     0.0000 0.0000  Eval_33_74_DP_OP_56J16_127_9902_J16_0
core16_0/evalB_3                     286.5240      0.0       9.7020      0.0000  0.0000  Eval_33_73
core16_0/evalB_3/DP_OP_54J18_125_4838     72.0720     0.0     72.0720     0.0000 0.0000  Eval_33_73_DP_OP_54J18_125_4838_J18_0
core16_0/evalB_3/DP_OP_55J18_126_3412    100.2960     0.0    100.2960     0.0000 0.0000  Eval_33_73_DP_OP_55J18_126_3412_J18_0
core16_0/evalB_3/DP_OP_56J18_127_6094    104.4540     0.0    104.4540     0.0000 0.0000  Eval_33_73_DP_OP_56J18_127_6094_J18_0
core16_0/interp                    12714.6598      1.4       0.7560   1227.7440  0.0000  Interpolation_7_6
core16_0/interp/interp             11486.1598      1.3       0.2520      0.0000  0.0000  InterpolationComb_7_6
core16_0/interp/interp/DP_OP_421J12_122_3346  11485.9078     1.3  11485.9078     0.0000 0.0000 InterpolationComb_7_0_DP_OP_421J12_122_3346_J12_0_2
core16_1                          118077.7484     13.3       2.0160   2348.6400  0.0000  core16_5
core16_1/core4_0                   12923.4418      1.5       1.0080    591.6960  0.0000  core4_41
core16_1/core4_0/evalA              1032.0660      0.1      31.6260      0.0000  0.0000  Eval_32_41
core16_1/core4_0/evalA/DP_OP_54J20_126_8276    266.9940     0.0    266.9940     0.0000 0.0000 Eval_32_5_DP_OP_54J20_126_8276_J20_0_2
core16_1/core4_0/evalA/DP_OP_55J20_127_5033    367.1640     0.0    367.1640     0.0000 0.0000 Eval_32_5_DP_OP_55J20_127_5033_J20_0_2
core16_1/core4_0/evalA/DP_OP_56J20_128_5140    366.2820     0.0    366.2820     0.0000 0.0000 Eval_32_5_DP_OP_56J20_128_5140_J20_0_2
core16_1/core4_0/evalB               400.0500      0.0      12.2220      0.0000  0.0000  Eval_33_41
core16_1/core4_0/evalB/DP_OP_54J24_125_9656    103.6980     0.0    103.6980     0.0000 0.0000 Eval_33_5_DP_OP_54J24_125_9656_J24_0_2
core16_1/core4_0/evalB/DP_OP_55J24_126_3545    144.5220     0.0    144.5220     0.0000 0.0000 Eval_33_5_DP_OP_55J24_126_3545_J24_0_2
core16_1/core4_0/evalB/DP_OP_56J24_127_863    139.6080     0.0    139.6080     0.0000 0.0000 Eval_33_5_DP_OP_56J24_127_863_J24_0_2
core16_1/core4_0/interp             3356.1360      0.4       0.7560    332.6400  0.0000  Interpolation_42
core16_1/core4_0/interp/interp      3022.7400      0.3       0.2520      0.0000  0.0000  InterpolationComb_42
core16_1/core4_0/interp/interp/DP_OP_106J21_122_6228   3022.4880     0.3   3022.4880     0.0000 0.0000 InterpolationComb_0_DP_OP_106J21_122_6228_J21_0_17
core16_1/core4_0/mult_x_1            946.8900      0.1     946.8900      0.0000  0.0000  core4_35_DW_mult_uns_J32_3_1
core16_1/core4_0/mult_x_2           1117.9980      0.1    1117.9980      0.0000  0.0000  core4_35_DW_mult_uns_J32_2_1
core16_1/core4_0/mult_x_3           1113.9660      0.1    1113.9660      0.0000  0.0000  core4_35_DW_mult_tc_J32_2_1
core16_1/core4_0/mult_x_4           1084.7340      0.1    1084.7340      0.0000  0.0000  core4_35_DW_mult_tc_J32_1_1
core16_1/core4_0/mult_x_5           1153.9080      0.1    1153.9080      0.0000  0.0000  core4_35_DW_mult_uns_J32_1_1
core16_1/core4_0/mult_x_6           1204.4340      0.1    1204.4340      0.0000  0.0000  core4_35_DW_mult_tc_J32_0_1
core16_1/core4_0/mult_x_7            920.5560      0.1     920.5560      0.0000  0.0000  core4_35_DW_mult_uns_J32_0_1
core16_1/core4_1                   14301.5038      1.6       1.0080    591.8220  0.0000  core4_40
core16_1/core4_1/evalA              1078.8120      0.1      34.6500      0.0000  0.0000  Eval_32_40
core16_1/core4_1/evalA/DP_OP_53J21_123_9578    274.0500     0.0    274.0500     0.0000 0.0000 Eval_32_1_DP_OP_53J21_123_9578_J21_0_29
core16_1/core4_1/evalA/DP_OP_54J21_124_907    391.7340     0.0    391.7340     0.0000 0.0000 Eval_32_1_DP_OP_54J21_124_907_J21_0_29
core16_1/core4_1/evalA/DP_OP_55J21_125_2024    378.3780     0.0    378.3780     0.0000 0.0000 Eval_32_1_DP_OP_55J21_125_2024_J21_0_29
core16_1/core4_1/evalB               512.9460      0.1      16.2540      0.0000  0.0000  Eval_33_40
core16_1/core4_1/evalB/DP_OP_55J26_122_4535    134.0640     0.0    134.0640     0.0000 0.0000 Eval_33_40_DP_OP_55J26_122_4535_J26_0
core16_1/core4_1/evalB/DP_OP_56J26_123_5178    183.2040     0.0    183.2040     0.0000 0.0000 Eval_33_40_DP_OP_56J26_123_5178_J26_0
core16_1/core4_1/evalB/DP_OP_57J26_124_7933    179.4240     0.0    179.4240     0.0000 0.0000 Eval_33_40_DP_OP_57J26_124_7933_J26_0
core16_1/core4_1/interp             3356.1360      0.4       0.7560    332.6400  0.0000  Interpolation_41
core16_1/core4_1/interp/interp      3022.7400      0.3       0.2520      0.0000  0.0000  InterpolationComb_41
core16_1/core4_1/interp/interp/DP_OP_106J21_122_6228   3022.4880     0.3   3022.4880     0.0000 0.0000 InterpolationComb_0_DP_OP_106J21_122_6228_J21_0_16
core16_1/core4_1/mult_x_1           1117.4940      0.1    1117.4940      0.0000  0.0000  core4_40_DW_mult_uns_J25_1
core16_1/core4_1/mult_x_2           1265.0400      0.1    1265.0400      0.0000  0.0000  core4_40_DW_mult_tc_J25_4
core16_1/core4_1/mult_x_3           1297.4220      0.1    1297.4220      0.0000  0.0000  core4_40_DW_mult_tc_J25_3
core16_1/core4_1/mult_x_4           1298.8080      0.1    1298.8080      0.0000  0.0000  core4_40_DW_mult_tc_J25_2
core16_1/core4_1/mult_x_5           1298.8080      0.1    1298.8080      0.0000  0.0000  core4_40_DW_mult_tc_J25_1
core16_1/core4_1/mult_x_6           1299.8160      0.1    1299.8160      0.0000  0.0000  core4_40_DW_mult_tc_J25_0
core16_1/core4_1/mult_x_7           1183.3920      0.1    1183.3920      0.0000  0.0000  core4_40_DW_mult_uns_J25_0
core16_1/core4_2                   13931.4418      1.6       1.0080    591.6960  0.0000  core4_39
core16_1/core4_2/evalA              1077.8040      0.1      33.7680      0.0000  0.0000  Eval_32_39
core16_1/core4_2/evalA/DP_OP_53J21_123_9578    275.1840     0.0    275.1840     0.0000 0.0000 Eval_32_1_DP_OP_53J21_123_9578_J21_0_28
core16_1/core4_2/evalA/DP_OP_54J21_124_907    388.2060     0.0    388.2060     0.0000 0.0000 Eval_32_1_DP_OP_54J21_124_907_J21_0_28
core16_1/core4_2/evalA/DP_OP_55J21_125_2024    380.6460     0.0    380.6460     0.0000 0.0000 Eval_32_1_DP_OP_55J21_125_2024_J21_0_28
core16_1/core4_2/evalB               540.4140      0.1      14.1120      0.0000  0.0000  Eval_33_39
core16_1/core4_2/evalB/DP_OP_53J27_122_4171    123.9840     0.0    123.9840     0.0000 0.0000 Eval_33_1_DP_OP_53J27_122_4171_J27_0_25
core16_1/core4_2/evalB/DP_OP_54J27_123_6227    162.0360     0.0    162.0360     0.0000 0.0000 Eval_33_1_DP_OP_54J27_123_6227_J27_0_25
core16_1/core4_2/evalB/DP_OP_55J27_124_3794    240.2820     0.0    240.2820     0.0000 0.0000 Eval_33_39_DP_OP_55J27_124_3794_0
core16_1/core4_2/interp             3461.0940      0.4       0.7560    340.7040  0.0000  Interpolation_40
core16_1/core4_2/interp/interp      3119.6339      0.4       0.2520      0.0000  0.0000  InterpolationComb_40
core16_1/core4_2/interp/interp/DP_OP_106J20_122_8999   3119.3819     0.4   3119.3819     0.0000 0.0000 InterpolationComb_1_DP_OP_106J20_122_8999_J20_0_23
core16_1/core4_2/mult_x_1           1083.3480      0.1    1083.3480      0.0000  0.0000  core4_1_DW_mult_tc_J24_6_19
core16_1/core4_2/mult_x_2           1209.7260      0.1    1209.7260      0.0000  0.0000  core4_1_DW_mult_tc_J24_5_19
core16_1/core4_2/mult_x_3           1150.8840      0.1    1150.8840      0.0000  0.0000  core4_1_DW_mult_tc_J24_4_19
core16_1/core4_2/mult_x_4           1183.0140      0.1    1183.0140      0.0000  0.0000  core4_1_DW_mult_tc_J24_3_19
core16_1/core4_2/mult_x_5           1245.6360      0.1    1245.6360      0.0000  0.0000  core4_1_DW_mult_tc_J24_2_19
core16_1/core4_2/mult_x_6           1298.5560      0.1    1298.5560      0.0000  0.0000  core4_1_DW_mult_tc_J24_1_19
core16_1/core4_2/mult_x_7           1088.2620      0.1    1088.2620      0.0000  0.0000  core4_1_DW_mult_tc_J24_0_19
core16_1/core4_3                   14277.9418      1.6       0.7560    591.6960  0.0000  core4_38
core16_1/core4_3/evalA              1083.4740      0.1      34.2720      0.0000  0.0000  Eval_32_38
core16_1/core4_3/evalA/DP_OP_53J21_123_9578    274.6800     0.0    274.6800     0.0000 0.0000 Eval_32_1_DP_OP_53J21_123_9578_J21_0_27
core16_1/core4_3/evalA/DP_OP_54J21_124_907    394.2540     0.0    394.2540     0.0000 0.0000 Eval_32_1_DP_OP_54J21_124_907_J21_0_27
core16_1/core4_3/evalA/DP_OP_55J21_125_2024    380.2680     0.0    380.2680     0.0000 0.0000 Eval_32_1_DP_OP_55J21_125_2024_J21_0_27
core16_1/core4_3/evalB               571.2840      0.1      17.6400      0.0000  0.0000  Eval_33_38
core16_1/core4_3/evalB/DP_OP_53J27_122_4171    127.8900     0.0    127.8900     0.0000 0.0000 Eval_33_38_DP_OP_53J27_122_4171_0
core16_1/core4_3/evalB/DP_OP_54J27_123_6227    241.2900     0.0    241.2900     0.0000 0.0000 Eval_33_38_DP_OP_54J27_123_6227_0
core16_1/core4_3/evalB/DP_OP_55J27_124_3794    184.4640     0.0    184.4640     0.0000 0.0000 Eval_33_1_DP_OP_55J27_124_3794_J27_0_24
core16_1/core4_3/interp             3462.1020      0.4       0.7560    340.7040  0.0000  Interpolation_39
core16_1/core4_3/interp/interp      3120.6419      0.4       0.2520      0.0000  0.0000  InterpolationComb_39
core16_1/core4_3/interp/interp/DP_OP_106J20_122_8999   3120.3899     0.4   3120.3899     0.0000 0.0000 InterpolationComb_1_DP_OP_106J20_122_8999_J20_0_22
core16_1/core4_3/mult_x_1           1056.5100      0.1    1056.5100      0.0000  0.0000  core4_1_DW_mult_tc_J24_6_18
core16_1/core4_3/mult_x_2           1262.1420      0.1    1262.1420      0.0000  0.0000  core4_1_DW_mult_tc_J24_5_18
core16_1/core4_3/mult_x_3           1298.6820      0.1    1298.6820      0.0000  0.0000  core4_1_DW_mult_tc_J24_4_18
core16_1/core4_3/mult_x_4           1298.1780      0.1    1298.1780      0.0000  0.0000  core4_1_DW_mult_tc_J24_3_18
core16_1/core4_3/mult_x_5           1299.9420      0.1    1299.9420      0.0000  0.0000  core4_1_DW_mult_tc_J24_2_18
core16_1/core4_3/mult_x_6           1298.6820      0.1    1298.6820      0.0000  0.0000  core4_1_DW_mult_tc_J24_1_18
core16_1/core4_3/mult_x_7           1054.4940      0.1    1054.4940      0.0000  0.0000  core4_1_DW_mult_tc_J24_0_18
core16_1/core4_4                   14381.1358      1.6       1.0080    592.0740  0.0000  core4_37
core16_1/core4_4/evalA              1078.8120      0.1      34.6500      0.0000  0.0000  Eval_32_37
core16_1/core4_4/evalA/DP_OP_53J21_123_9578    274.0500     0.0    274.0500     0.0000 0.0000 Eval_32_1_DP_OP_53J21_123_9578_J21_0_26
core16_1/core4_4/evalA/DP_OP_54J21_124_907    391.7340     0.0    391.7340     0.0000 0.0000 Eval_32_1_DP_OP_54J21_124_907_J21_0_26
core16_1/core4_4/evalA/DP_OP_55J21_125_2024    378.3780     0.0    378.3780     0.0000 0.0000 Eval_32_1_DP_OP_55J21_125_2024_J21_0_26
core16_1/core4_4/evalB               593.5860      0.1      15.6240      0.0000  0.0000  Eval_33_37
core16_1/core4_4/evalB/DP_OP_54J25_122_2737    129.7800     0.0    129.7800     0.0000 0.0000 Eval_33_19_DP_OP_54J25_122_2737_J25_0_1
core16_1/core4_4/evalB/DP_OP_55J25_123_5219    265.6080     0.0    265.6080     0.0000 0.0000 Eval_33_37_DP_OP_55J25_123_5219_0
core16_1/core4_4/evalB/DP_OP_56J25_124_977    182.5740     0.0    182.5740     0.0000 0.0000 Eval_33_19_DP_OP_56J25_124_977_J25_0_1
core16_1/core4_4/interp             3462.1020      0.4       0.7560    340.7040  0.0000  Interpolation_38
core16_1/core4_4/interp/interp      3120.6419      0.4       0.2520      0.0000  0.0000  InterpolationComb_38
core16_1/core4_4/interp/interp/DP_OP_106J20_122_8999   3120.3899     0.4   3120.3899     0.0000 0.0000 InterpolationComb_1_DP_OP_106J20_122_8999_J20_0_21
core16_1/core4_4/mult_x_1           1123.1640      0.1    1123.1640      0.0000  0.0000  core4_37_DW_mult_uns_J26_1
core16_1/core4_4/mult_x_2           1264.1580      0.1    1264.1580      0.0000  0.0000  core4_37_DW_mult_tc_J26_4
core16_1/core4_4/mult_x_3           1243.6200      0.1    1243.6200      0.0000  0.0000  core4_37_DW_mult_tc_J26_3
core16_1/core4_4/mult_x_4           1300.5720      0.1    1300.5720      0.0000  0.0000  core4_37_DW_mult_tc_J26_2
core16_1/core4_4/mult_x_5           1298.9340      0.1    1298.9340      0.0000  0.0000  core4_37_DW_mult_tc_J26_1
core16_1/core4_4/mult_x_6           1298.6820      0.1    1298.6820      0.0000  0.0000  core4_37_DW_mult_tc_J26_0
core16_1/core4_4/mult_x_7           1124.4240      0.1    1124.4240      0.0000  0.0000  core4_37_DW_mult_uns_J26_0
core16_1/core4_5                   14475.0058      1.6       0.7560    592.2000  0.0000  core4_36
core16_1/core4_5/evalA              1079.9460      0.1      34.5240      0.0000  0.0000  Eval_32_36
core16_1/core4_5/evalA/DP_OP_53J21_123_9578    274.0500     0.0    274.0500     0.0000 0.0000 Eval_32_1_DP_OP_53J21_123_9578_J21_0_25
core16_1/core4_5/evalA/DP_OP_54J21_124_907    391.7340     0.0    391.7340     0.0000 0.0000 Eval_32_1_DP_OP_54J21_124_907_J21_0_25
core16_1/core4_5/evalA/DP_OP_55J21_125_2024    379.6380     0.0    379.6380     0.0000 0.0000 Eval_32_1_DP_OP_55J21_125_2024_J21_0_25
core16_1/core4_5/evalB               535.7520      0.1      18.5220      0.0000  0.0000  Eval_33_36
core16_1/core4_5/evalB/DP_OP_53J27_122_4171    133.3080     0.0    133.3080     0.0000 0.0000 Eval_33_1_DP_OP_53J27_122_4171_J27_0_23
core16_1/core4_5/evalB/DP_OP_54J27_123_6227    198.3240     0.0    198.3240     0.0000 0.0000 Eval_33_1_DP_OP_54J27_123_6227_J27_0_23
core16_1/core4_5/evalB/DP_OP_55J27_124_3794    185.5980     0.0    185.5980     0.0000 0.0000 Eval_33_1_DP_OP_55J27_124_3794_J27_0_23
core16_1/core4_5/interp             3461.0940      0.4       0.7560    340.7040  0.0000  Interpolation_37
core16_1/core4_5/interp/interp      3119.6339      0.4       0.2520      0.0000  0.0000  InterpolationComb_37
core16_1/core4_5/interp/interp/DP_OP_106J20_122_8999   3119.3819     0.4   3119.3819     0.0000 0.0000 InterpolationComb_1_DP_OP_106J20_122_8999_J20_0_20
core16_1/core4_5/mult_x_1           1171.9260      0.1    1171.9260      0.0000  0.0000  core4_1_DW_mult_tc_J24_6_17
core16_1/core4_5/mult_x_2           1263.4020      0.1    1263.4020      0.0000  0.0000  core4_1_DW_mult_tc_J24_5_17
core16_1/core4_5/mult_x_3           1299.9420      0.1    1299.9420      0.0000  0.0000  core4_1_DW_mult_tc_J24_4_17
core16_1/core4_5/mult_x_4           1299.4380      0.1    1299.4380      0.0000  0.0000  core4_1_DW_mult_tc_J24_3_17
core16_1/core4_5/mult_x_5           1298.4300      0.1    1298.4300      0.0000  0.0000  core4_1_DW_mult_tc_J24_2_17
core16_1/core4_5/mult_x_6           1297.8000      0.1    1297.8000      0.0000  0.0000  core4_1_DW_mult_tc_J24_1_17
core16_1/core4_5/mult_x_7           1174.3200      0.1    1174.3200      0.0000  0.0000  core4_1_DW_mult_tc_J24_0_17
core16_1/core4_6                   12900.0058      1.5       0.7560    591.5700  0.0000  core4_35
core16_1/core4_6/evalA              1031.9400      0.1      31.5000      0.0000  0.0000  Eval_32_35
core16_1/core4_6/evalA/DP_OP_54J20_126_8276    266.9940     0.0    266.9940     0.0000 0.0000 Eval_32_5_DP_OP_54J20_126_8276_J20_0_1
core16_1/core4_6/evalA/DP_OP_55J20_127_5033    367.1640     0.0    367.1640     0.0000 0.0000 Eval_32_5_DP_OP_55J20_127_5033_J20_0_1
core16_1/core4_6/evalA/DP_OP_56J20_128_5140    366.2820     0.0    366.2820     0.0000 0.0000 Eval_32_5_DP_OP_56J20_128_5140_J20_0_1
core16_1/core4_6/evalB               397.1520      0.0      12.0960      0.0000  0.0000  Eval_33_35
core16_1/core4_6/evalB/DP_OP_54J24_125_9656    104.2020     0.0    104.2020     0.0000 0.0000 Eval_33_5_DP_OP_54J24_125_9656_J24_0_1
core16_1/core4_6/evalB/DP_OP_55J24_126_3545    141.1200     0.0    141.1200     0.0000 0.0000 Eval_33_5_DP_OP_55J24_126_3545_J24_0_1
core16_1/core4_6/evalB/DP_OP_56J24_127_863    139.7340     0.0    139.7340     0.0000 0.0000 Eval_33_5_DP_OP_56J24_127_863_J24_0_1
core16_1/core4_6/interp             3356.1360      0.4       0.7560    332.6400  0.0000  Interpolation_36
core16_1/core4_6/interp/interp      3022.7400      0.3       0.2520      0.0000  0.0000  InterpolationComb_36
core16_1/core4_6/interp/interp/DP_OP_106J21_122_6228   3022.4880     0.3   3022.4880     0.0000 0.0000 InterpolationComb_0_DP_OP_106J21_122_6228_J21_0_15
core16_1/core4_6/mult_x_1            920.5560      0.1     920.5560      0.0000  0.0000  core4_35_DW_mult_uns_J32_3_0
core16_1/core4_6/mult_x_2           1120.0140      0.1    1120.0140      0.0000  0.0000  core4_35_DW_mult_uns_J32_2_0
core16_1/core4_6/mult_x_3           1112.8320      0.1    1112.8320      0.0000  0.0000  core4_35_DW_mult_tc_J32_2_0
core16_1/core4_6/mult_x_4           1085.7420      0.1    1085.7420      0.0000  0.0000  core4_35_DW_mult_tc_J32_1_0
core16_1/core4_6/mult_x_5           1156.6800      0.1    1156.6800      0.0000  0.0000  core4_35_DW_mult_uns_J32_1_0
core16_1/core4_6/mult_x_6           1206.0720      0.1    1206.0720      0.0000  0.0000  core4_35_DW_mult_tc_J32_0_0
core16_1/core4_6/mult_x_7            920.5560      0.1     920.5560      0.0000  0.0000  core4_35_DW_mult_uns_J32_0_0
core16_1/evalA                      1034.2080      0.1      31.5000      0.0000  0.0000  Eval_32_72
core16_1/evalA/DP_OP_54J21_126_7364    266.9940     0.0    266.9940      0.0000  0.0000  Eval_32_69_DP_OP_54J21_126_7364_J21_0_3
core16_1/evalA/DP_OP_55J21_127_1671    369.4320     0.0    369.4320      0.0000  0.0000  Eval_32_69_DP_OP_55J21_127_1671_J21_0_3
core16_1/evalA/DP_OP_56J21_128_2247    366.2820     0.0    366.2820      0.0000  0.0000  Eval_32_69_DP_OP_56J21_128_2247_J21_0_3
core16_1/evalA_1                    1040.2560      0.1      31.3740      0.0000  0.0000  Eval_32_71
core16_1/evalA_1/DP_OP_54J21_126_7364    266.9940     0.0    266.9940     0.0000 0.0000  Eval_32_69_DP_OP_54J21_126_7364_J21_0_2
core16_1/evalA_1/DP_OP_55J21_127_1671    374.9760     0.0    374.9760     0.0000 0.0000  Eval_32_69_DP_OP_55J21_127_1671_J21_0_2
core16_1/evalA_1/DP_OP_56J21_128_2247    366.9120     0.0    366.9120     0.0000 0.0000  Eval_32_69_DP_OP_56J21_128_2247_J21_0_2
core16_1/evalA_2                    1034.4600      0.1      31.3740      0.0000  0.0000  Eval_32_70
core16_1/evalA_2/DP_OP_54J21_126_7364    266.9940     0.0    266.9940     0.0000 0.0000  Eval_32_69_DP_OP_54J21_126_7364_J21_0_1
core16_1/evalA_2/DP_OP_55J21_127_1671    369.8100     0.0    369.8100     0.0000 0.0000  Eval_32_69_DP_OP_55J21_127_1671_J21_0_1
core16_1/evalA_2/DP_OP_56J21_128_2247    366.2820     0.0    366.2820     0.0000 0.0000  Eval_32_69_DP_OP_56J21_128_2247_J21_0_1
core16_1/evalA_3                    1047.5640      0.1      31.6260      0.0000  0.0000  Eval_32_69
core16_1/evalA_3/DP_OP_54J21_126_7364    266.9940     0.0    266.9940     0.0000 0.0000  Eval_32_69_DP_OP_54J21_126_7364_J21_0_0
core16_1/evalA_3/DP_OP_55J21_127_1671    374.4720     0.0    374.4720     0.0000 0.0000  Eval_32_69_DP_OP_55J21_127_1671_J21_0_0
core16_1/evalA_3/DP_OP_56J21_128_2247    374.4720     0.0    374.4720     0.0000 0.0000  Eval_32_69_DP_OP_56J21_128_2247_J21_0_0
core16_1/evalB                       402.9480      0.0      12.0960      0.0000  0.0000  Eval_33_72
core16_1/evalB/DP_OP_54J23_125_879    109.9980     0.0     109.9980      0.0000  0.0000  Eval_33_69_DP_OP_54J23_125_879_J23_0_3
core16_1/evalB/DP_OP_55J23_126_8874    140.4900     0.0    140.4900      0.0000  0.0000  Eval_33_69_DP_OP_55J23_126_8874_J23_0_3
core16_1/evalB/DP_OP_56J23_127_5139    140.3640     0.0    140.3640      0.0000  0.0000  Eval_33_69_DP_OP_56J23_127_5139_J23_0_3
core16_1/evalB_1                     397.4040      0.0      11.7180      0.0000  0.0000  Eval_33_71
core16_1/evalB_1/DP_OP_54J23_125_879    105.7140     0.0    105.7140     0.0000  0.0000  Eval_33_69_DP_OP_54J23_125_879_J23_0_2
core16_1/evalB_1/DP_OP_55J23_126_8874    139.3560     0.0    139.3560     0.0000 0.0000  Eval_33_69_DP_OP_55J23_126_8874_J23_0_2
core16_1/evalB_1/DP_OP_56J23_127_5139    140.6160     0.0    140.6160     0.0000 0.0000  Eval_33_69_DP_OP_56J23_127_5139_J23_0_2
core16_1/evalB_2                     398.5380      0.0      11.7180      0.0000  0.0000  Eval_33_70
core16_1/evalB_2/DP_OP_54J23_125_879    102.0600     0.0    102.0600     0.0000  0.0000  Eval_33_69_DP_OP_54J23_125_879_J23_0_1
core16_1/evalB_2/DP_OP_55J23_126_8874    139.6080     0.0    139.6080     0.0000 0.0000  Eval_33_69_DP_OP_55J23_126_8874_J23_0_1
core16_1/evalB_2/DP_OP_56J23_127_5139    145.1520     0.0    145.1520     0.0000 0.0000  Eval_33_69_DP_OP_56J23_127_5139_J23_0_1
core16_1/evalB_3                     467.3340      0.1      12.2220      0.0000  0.0000  Eval_33_69
core16_1/evalB_3/DP_OP_54J23_125_879    102.8160     0.0    102.8160     0.0000  0.0000  Eval_33_69_DP_OP_54J23_125_879_J23_0_0
core16_1/evalB_3/DP_OP_55J23_126_8874    212.5620     0.0    212.5620     0.0000 0.0000  Eval_33_69_DP_OP_55J23_126_8874_0
core16_1/evalB_3/DP_OP_56J23_127_5139    139.7340     0.0    139.7340     0.0000 0.0000  Eval_33_69_DP_OP_56J23_127_5139_J23_0_0
core16_1/interp                    12713.9038      1.4       0.7560   1227.7440  0.0000  Interpolation_7_5
core16_1/interp/interp             11485.4038      1.3       0.2520      0.0000  0.0000  InterpolationComb_7_5
core16_1/interp/interp/DP_OP_421J12_122_3346  11485.1518     1.3  11485.1518     0.0000 0.0000 InterpolationComb_7_0_DP_OP_421J12_122_3346_J12_0_1
core16_2                          112421.2305     12.7       2.0160   2348.6400  0.0000  core16_4
core16_2/core4_0                   11733.6238      1.3       1.0080    591.6960  0.0000  core4_34
core16_2/core4_0/evalA               964.6560      0.1      29.1060      0.0000  0.0000  Eval_32_34
core16_2/core4_0/evalA/DP_OP_54J18_122_3091    250.2360     0.0    250.2360     0.0000 0.0000 Eval_32_28_DP_OP_54J18_122_3091_J18_0_1
core16_2/core4_0/evalA/DP_OP_55J18_123_7508    339.9480     0.0    339.9480     0.0000 0.0000 Eval_32_28_DP_OP_55J18_123_7508_J18_0_1
core16_2/core4_0/evalA/DP_OP_56J18_124_8232    345.3660     0.0    345.3660     0.0000 0.0000 Eval_32_28_DP_OP_56J18_124_8232_J18_0_1
core16_2/core4_0/evalB               324.1980      0.0       9.5760      0.0000  0.0000  Eval_33_34
core16_2/core4_0/evalB/DP_OP_54J27_125_6198     83.6640     0.0     83.6640     0.0000 0.0000 Eval_33_28_DP_OP_54J27_125_6198_J27_0_1
core16_2/core4_0/evalB/DP_OP_55J27_126_3056    111.7620     0.0    111.7620     0.0000 0.0000 Eval_33_28_DP_OP_55J27_126_3056_J27_0_1
core16_2/core4_0/evalB/DP_OP_56J27_127_7490    119.1960     0.0    119.1960     0.0000 0.0000 Eval_33_28_DP_OP_56J27_127_7490_J27_0_1
core16_2/core4_0/interp             3356.1360      0.4       0.7560    332.6400  0.0000  Interpolation_35
core16_2/core4_0/interp/interp      3022.7400      0.3       0.2520      0.0000  0.0000  InterpolationComb_35
core16_2/core4_0/interp/interp/DP_OP_106J21_122_6228   3022.4880     0.3   3022.4880     0.0000 0.0000 InterpolationComb_0_DP_OP_106J21_122_6228_J21_0_14
core16_2/core4_0/mult_x_1            782.9640      0.1     782.9640      0.0000  0.0000  core4_28_DW_mult_uns_J15_3_1
core16_2/core4_0/mult_x_2           1079.1900      0.1    1079.1900      0.0000  0.0000  core4_28_DW_mult_uns_J15_2_1
core16_2/core4_0/mult_x_3            859.6980      0.1     859.6980      0.0000  0.0000  core4_28_DW_mult_tc_J15_2_1
core16_2/core4_0/mult_x_4            917.4060      0.1     917.4060      0.0000  0.0000  core4_28_DW_mult_tc_J15_1_1
core16_2/core4_0/mult_x_5           1016.1900      0.1    1016.1900      0.0000  0.0000  core4_28_DW_mult_uns_J15_1_1
core16_2/core4_0/mult_x_6           1057.5180      0.1    1057.5180      0.0000  0.0000  core4_28_DW_mult_tc_J15_0_1
core16_2/core4_0/mult_x_7            782.9640      0.1     782.9640      0.0000  0.0000  core4_28_DW_mult_uns_J15_0_1
core16_2/core4_1                   13620.0958      1.5       1.0080    591.9480  0.0000  core4_33
core16_2/core4_1/evalA              1063.0620      0.1      33.0120      0.0000  0.0000  Eval_32_33
core16_2/core4_1/evalA/DP_OP_55J20_123_4242    272.7900     0.0    272.7900     0.0000 0.0000 Eval_32_33_DP_OP_55J20_123_4242_J20_0
core16_2/core4_1/evalA/DP_OP_56J20_124_6859    382.1580     0.0    382.1580     0.0000 0.0000 Eval_32_33_DP_OP_56J20_124_6859_J20_0
core16_2/core4_1/evalA/DP_OP_57J20_125_4104    375.1020     0.0    375.1020     0.0000 0.0000 Eval_32_33_DP_OP_57J20_125_4104_J20_0
core16_2/core4_1/evalB               444.0240      0.1      13.4820      0.0000  0.0000  Eval_33_33
core16_2/core4_1/evalB/DP_OP_54J24_122_3877    115.4160     0.0    115.4160     0.0000 0.0000 Eval_33_33_DP_OP_54J24_122_3877_J24_0
core16_2/core4_1/evalB/DP_OP_55J24_123_3476    157.8780     0.0    157.8780     0.0000 0.0000 Eval_33_33_DP_OP_55J24_123_3476_J24_0
core16_2/core4_1/evalB/DP_OP_56J24_124_4221    157.2480     0.0    157.2480     0.0000 0.0000 Eval_33_33_DP_OP_56J24_124_4221_J24_0
core16_2/core4_1/interp             3356.1360      0.4       0.7560    332.6400  0.0000  Interpolation_34
core16_2/core4_1/interp/interp      3022.7400      0.3       0.2520      0.0000  0.0000  InterpolationComb_34
core16_2/core4_1/interp/interp/DP_OP_106J21_122_6228   3022.4880     0.3   3022.4880     0.0000 0.0000 InterpolationComb_0_DP_OP_106J21_122_6228_J21_0_13
core16_2/core4_1/mult_x_1            996.9120      0.1     996.9120      0.0000  0.0000  core4_33_DW_mult_uns_J28_1
core16_2/core4_1/mult_x_2           1209.8520      0.1    1209.8520      0.0000  0.0000  core4_33_DW_mult_tc_J28_4
core16_2/core4_1/mult_x_3           1151.2620      0.1    1151.2620      0.0000  0.0000  core4_33_DW_mult_tc_J28_3
core16_2/core4_1/mult_x_4           1182.0060      0.1    1182.0060      0.0000  0.0000  core4_33_DW_mult_tc_J28_2
core16_2/core4_1/mult_x_5           1243.8720      0.1    1243.8720      0.0000  0.0000  core4_33_DW_mult_tc_J28_1
core16_2/core4_1/mult_x_6           1297.9260      0.1    1297.9260      0.0000  0.0000  core4_33_DW_mult_tc_J28_0
core16_2/core4_1/mult_x_7           1082.0880      0.1    1082.0880      0.0000  0.0000  core4_33_DW_mult_uns_J28_0
core16_2/core4_2                   12536.3698      1.4       0.7560    591.5700  0.0000  core4_32
core16_2/core4_2/evalA              1010.0160      0.1      30.7440      0.0000  0.0000  Eval_32_32
core16_2/core4_2/evalA/DP_OP_53J21_123_9578    259.3080     0.0    259.3080     0.0000 0.0000 Eval_32_1_DP_OP_53J21_123_9578_J21_0_24
core16_2/core4_2/evalA/DP_OP_54J21_124_907    357.7140     0.0    357.7140     0.0000 0.0000 Eval_32_1_DP_OP_54J21_124_907_J21_0_24
core16_2/core4_2/evalA/DP_OP_55J21_125_2024    362.2500     0.0    362.2500     0.0000 0.0000 Eval_32_1_DP_OP_55J21_125_2024_J21_0_24
core16_2/core4_2/evalB               364.3920      0.0      10.8360      0.0000  0.0000  Eval_33_32
core16_2/core4_2/evalB/DP_OP_53J27_122_4171     92.7360     0.0     92.7360     0.0000 0.0000 Eval_33_1_DP_OP_53J27_122_4171_J27_0_22
core16_2/core4_2/evalB/DP_OP_54J27_123_6227    127.5120     0.0    127.5120     0.0000 0.0000 Eval_33_1_DP_OP_54J27_123_6227_J27_0_22
core16_2/core4_2/evalB/DP_OP_55J27_124_3794    133.3080     0.0    133.3080     0.0000 0.0000 Eval_33_1_DP_OP_55J27_124_3794_J27_0_22
core16_2/core4_2/interp             3463.1100      0.4       0.7560    340.7040  0.0000  Interpolation_33
core16_2/core4_2/interp/interp      3121.6499      0.4       0.2520      0.0000  0.0000  InterpolationComb_33
core16_2/core4_2/interp/interp/DP_OP_106J20_122_8999   3121.3979     0.4   3121.3979     0.0000 0.0000 InterpolationComb_1_DP_OP_106J20_122_8999_J20_0_19
core16_2/core4_2/mult_x_1            849.7440      0.1     849.7440      0.0000  0.0000  core4_1_DW_mult_tc_J24_6_16
core16_2/core4_2/mult_x_2           1085.6160      0.1    1085.6160      0.0000  0.0000  core4_1_DW_mult_tc_J24_5_16
core16_2/core4_2/mult_x_3            981.9180      0.1     981.9180      0.0000  0.0000  core4_1_DW_mult_tc_J24_4_16
core16_2/core4_2/mult_x_4           1049.8320      0.1    1049.8320      0.0000  0.0000  core4_1_DW_mult_tc_J24_3_16
core16_2/core4_2/mult_x_5           1113.2100      0.1    1113.2100      0.0000  0.0000  core4_1_DW_mult_tc_J24_2_16
core16_2/core4_2/mult_x_6           1171.4220      0.1    1171.4220      0.0000  0.0000  core4_1_DW_mult_tc_J24_1_16
core16_2/core4_2/mult_x_7            854.7840      0.1     854.7840      0.0000  0.0000  core4_1_DW_mult_tc_J24_0_16
core16_2/core4_3                   13954.2478      1.6       0.7560    591.6960  0.0000  core4_31
core16_2/core4_3/evalA              1080.8280      0.1      34.5240      0.0000  0.0000  Eval_32_31
core16_2/core4_3/evalA/DP_OP_53J21_123_9578    274.0500     0.0    274.0500     0.0000 0.0000 Eval_32_1_DP_OP_53J21_123_9578_J21_0_23
core16_2/core4_3/evalA/DP_OP_54J21_124_907    392.6160     0.0    392.6160     0.0000 0.0000 Eval_32_1_DP_OP_54J21_124_907_J21_0_23
core16_2/core4_3/evalA/DP_OP_55J21_125_2024    379.6380     0.0    379.6380     0.0000 0.0000 Eval_32_1_DP_OP_55J21_125_2024_J21_0_23
core16_2/core4_3/evalB               539.9100      0.1      17.3880      0.0000  0.0000  Eval_33_31
core16_2/core4_3/evalB/DP_OP_53J27_122_4171    132.6780     0.0    132.6780     0.0000 0.0000 Eval_33_1_DP_OP_53J27_122_4171_J27_0_21
core16_2/core4_3/evalB/DP_OP_54J27_123_6227    205.0020     0.0    205.0020     0.0000 0.0000 Eval_33_1_DP_OP_54J27_123_6227_J27_0_21
core16_2/core4_3/evalB/DP_OP_55J27_124_3794    184.8420     0.0    184.8420     0.0000 0.0000 Eval_33_1_DP_OP_55J27_124_3794_J27_0_21
core16_2/core4_3/interp             3462.1020      0.4       0.7560    340.7040  0.0000  Interpolation_32
core16_2/core4_3/interp/interp      3120.6419      0.4       0.2520      0.0000  0.0000  InterpolationComb_32
core16_2/core4_3/interp/interp/DP_OP_106J20_122_8999   3120.3899     0.4   3120.3899     0.0000 0.0000 InterpolationComb_1_DP_OP_106J20_122_8999_J20_0_18
core16_2/core4_3/mult_x_1            894.8520      0.1     894.8520      0.0000  0.0000  core4_1_DW_mult_tc_J24_6_15
core16_2/core4_3/mult_x_2           1262.1420      0.1    1262.1420      0.0000  0.0000  core4_1_DW_mult_tc_J24_5_15
core16_2/core4_3/mult_x_3           1317.0780      0.1    1317.0780      0.0000  0.0000  core4_1_DW_mult_tc_J24_4_15
core16_2/core4_3/mult_x_4           1307.3760      0.1    1307.3760      0.0000  0.0000  core4_1_DW_mult_tc_J24_3_15
core16_2/core4_3/mult_x_5           1298.5560      0.1    1298.5560      0.0000  0.0000  core4_1_DW_mult_tc_J24_2_15
core16_2/core4_3/mult_x_6           1299.6900      0.1    1299.6900      0.0000  0.0000  core4_1_DW_mult_tc_J24_1_15
core16_2/core4_3/mult_x_7            899.2620      0.1     899.2620      0.0000  0.0000  core4_1_DW_mult_tc_J24_0_15
core16_2/core4_4                   13544.6218      1.5       1.0080    592.0740  0.0000  core4_30
core16_2/core4_4/evalA              1062.4320      0.1      32.8860      0.0000  0.0000  Eval_32_30
core16_2/core4_4/evalA/DP_OP_54J30_122_580    271.7820     0.0    271.7820     0.0000 0.0000 Eval_32_30_DP_OP_54J30_122_580_J30_0
core16_2/core4_4/evalA/DP_OP_55J30_123_5196    381.5280     0.0    381.5280     0.0000 0.0000 Eval_32_30_DP_OP_55J30_123_5196_J30_0
core16_2/core4_4/evalA/DP_OP_56J30_124_4835    376.2360     0.0    376.2360     0.0000 0.0000 Eval_32_30_DP_OP_56J30_124_4835_J30_0
core16_2/core4_4/evalB               428.2740      0.0      12.9780      0.0000  0.0000  Eval_33_30
core16_2/core4_4/evalB/DP_OP_54J30_125_5291    110.2500     0.0    110.2500     0.0000 0.0000 Eval_33_30_DP_OP_54J30_125_5291_J30_0
core16_2/core4_4/evalB/DP_OP_55J30_126_8913    150.1920     0.0    150.1920     0.0000 0.0000 Eval_33_30_DP_OP_55J30_126_8913_J30_0
core16_2/core4_4/evalB/DP_OP_56J30_127_9781    154.8540     0.0    154.8540     0.0000 0.0000 Eval_33_30_DP_OP_56J30_127_9781_J30_0
core16_2/core4_4/interp             3462.1020      0.4       0.7560    340.7040  0.0000  Interpolation_31
core16_2/core4_4/interp/interp      3120.6419      0.4       0.2520      0.0000  0.0000  InterpolationComb_31
core16_2/core4_4/interp/interp/DP_OP_106J20_122_8999   3120.3899     0.4   3120.3899     0.0000 0.0000 InterpolationComb_1_DP_OP_106J20_122_8999_J20_0_17
core16_2/core4_4/mult_x_1            972.7200      0.1     972.7200      0.0000  0.0000  core4_30_DW_mult_uns_J29_2
core16_2/core4_4/mult_x_2           1203.5520      0.1    1203.5520      0.0000  0.0000  core4_30_DW_mult_tc_J29_3
core16_2/core4_4/mult_x_3           1123.1640      0.1    1123.1640      0.0000  0.0000  core4_30_DW_mult_tc_J29_2
core16_2/core4_4/mult_x_4           1174.3200      0.1    1174.3200      0.0000  0.0000  core4_30_DW_mult_tc_J29_1
core16_2/core4_4/mult_x_5           1238.0760      0.1    1238.0760      0.0000  0.0000  core4_30_DW_mult_uns_J29_1
core16_2/core4_4/mult_x_6           1289.7360      0.1    1289.7360      0.0000  0.0000  core4_30_DW_mult_tc_J29_0
core16_2/core4_4/mult_x_7            997.1640      0.1     997.1640      0.0000  0.0000  core4_30_DW_mult_uns_J29_0
core16_2/core4_5                   14305.2838      1.6       0.5040    591.5700  0.0000  core4_29
core16_2/core4_5/evalA              1078.6860      0.1      34.3980      0.0000  0.0000  Eval_32_29
core16_2/core4_5/evalA/DP_OP_53J21_123_9578    274.0500     0.0    274.0500     0.0000 0.0000 Eval_32_1_DP_OP_53J21_123_9578_J21_0_22
core16_2/core4_5/evalA/DP_OP_54J21_124_907    391.7340     0.0    391.7340     0.0000 0.0000 Eval_32_1_DP_OP_54J21_124_907_J21_0_22
core16_2/core4_5/evalA/DP_OP_55J21_125_2024    378.5040     0.0    378.5040     0.0000 0.0000 Eval_32_1_DP_OP_55J21_125_2024_J21_0_22
core16_2/core4_5/evalB               573.3000      0.1      17.8920      0.0000  0.0000  Eval_33_29
core16_2/core4_5/evalB/DP_OP_53J27_122_4171    133.1820     0.0    133.1820     0.0000 0.0000 Eval_33_1_DP_OP_53J27_122_4171_J27_0_20
core16_2/core4_5/evalB/DP_OP_54J27_123_6227    237.2580     0.0    237.2580     0.0000 0.0000 Eval_33_29_DP_OP_54J27_123_6227_0
core16_2/core4_5/evalB/DP_OP_55J27_124_3794    184.9680     0.0    184.9680     0.0000 0.0000 Eval_33_1_DP_OP_55J27_124_3794_J27_0_20
core16_2/core4_5/interp             3461.5980      0.4       0.7560    340.7040  0.0000  Interpolation_30
core16_2/core4_5/interp/interp      3120.1379      0.4       0.2520      0.0000  0.0000  InterpolationComb_30
core16_2/core4_5/interp/interp/DP_OP_106J20_122_8999   3119.8859     0.4   3119.8859     0.0000 0.0000 InterpolationComb_1_DP_OP_106J20_122_8999_J20_0_16
core16_2/core4_5/mult_x_1           1028.0340      0.1    1028.0340      0.0000  0.0000  core4_1_DW_mult_tc_J24_6_14
core16_2/core4_5/mult_x_2           1297.5480      0.1    1297.5480      0.0000  0.0000  core4_29_DW_mult_tc_0
core16_2/core4_5/mult_x_3           1305.2340      0.1    1305.2340      0.0000  0.0000  core4_1_DW_mult_tc_J24_4_14
core16_2/core4_5/mult_x_4           1322.4960      0.1    1322.4960      0.0000  0.0000  core4_1_DW_mult_tc_J24_3_14
core16_2/core4_5/mult_x_5           1298.6820      0.1    1298.6820      0.0000  0.0000  core4_1_DW_mult_tc_J24_2_14
core16_2/core4_5/mult_x_6           1309.6440      0.1    1309.6440      0.0000  0.0000  core4_1_DW_mult_tc_J24_1_14
core16_2/core4_5/mult_x_7           1037.9880      0.1    1037.9880      0.0000  0.0000  core4_1_DW_mult_tc_J24_0_14
core16_2/core4_6                   11740.9318      1.3       1.0080    591.6960  0.0000  core4_28
core16_2/core4_6/evalA               966.5460      0.1      29.2320      0.0000  0.0000  Eval_32_28
core16_2/core4_6/evalA/DP_OP_54J18_122_3091    250.2360     0.0    250.2360     0.0000 0.0000 Eval_32_28_DP_OP_54J18_122_3091_J18_0_0
core16_2/core4_6/evalA/DP_OP_55J18_123_7508    339.3180     0.0    339.3180     0.0000 0.0000 Eval_32_28_DP_OP_55J18_123_7508_J18_0_0
core16_2/core4_6/evalA/DP_OP_56J18_124_8232    347.7600     0.0    347.7600     0.0000 0.0000 Eval_32_28_DP_OP_56J18_124_8232_J18_0_0
core16_2/core4_6/evalB               326.4660      0.0       9.5760      0.0000  0.0000  Eval_33_28
core16_2/core4_6/evalB/DP_OP_54J27_125_6198     84.9240     0.0     84.9240     0.0000 0.0000 Eval_33_28_DP_OP_54J27_125_6198_J27_0_0
core16_2/core4_6/evalB/DP_OP_55J27_126_3056    113.1480     0.0    113.1480     0.0000 0.0000 Eval_33_28_DP_OP_55J27_126_3056_J27_0_0
core16_2/core4_6/evalB/DP_OP_56J27_127_7490    118.8180     0.0    118.8180     0.0000 0.0000 Eval_33_28_DP_OP_56J27_127_7490_J27_0_0
core16_2/core4_6/interp             3356.1360      0.4       0.7560    332.6400  0.0000  Interpolation_29
core16_2/core4_6/interp/interp      3022.7400      0.3       0.2520      0.0000  0.0000  InterpolationComb_29
core16_2/core4_6/interp/interp/DP_OP_106J21_122_6228   3022.4880     0.3   3022.4880     0.0000 0.0000 InterpolationComb_0_DP_OP_106J21_122_6228_J21_0_12
core16_2/core4_6/mult_x_1            783.7200      0.1     783.7200      0.0000  0.0000  core4_28_DW_mult_uns_J15_3_0
core16_2/core4_6/mult_x_2           1077.4260      0.1    1077.4260      0.0000  0.0000  core4_28_DW_mult_uns_J15_2_0
core16_2/core4_6/mult_x_3            859.5720      0.1     859.5720      0.0000  0.0000  core4_28_DW_mult_tc_J15_2_0
core16_2/core4_6/mult_x_4            917.2800      0.1     917.2800      0.0000  0.0000  core4_28_DW_mult_tc_J15_1_0
core16_2/core4_6/mult_x_5           1021.1040      0.1    1021.1040      0.0000  0.0000  core4_28_DW_mult_uns_J15_1_0
core16_2/core4_6/mult_x_6           1057.0140      0.1    1057.0140      0.0000  0.0000  core4_28_DW_mult_tc_J15_0_0
core16_2/core4_6/mult_x_7            782.9640      0.1     782.9640      0.0000  0.0000  core4_28_DW_mult_uns_J15_0_0
core16_2/evalA                       964.0260      0.1      29.2320      0.0000  0.0000  Eval_32_68
core16_2/evalA/DP_OP_54J15_122_639    250.2360     0.0     250.2360      0.0000  0.0000  Eval_32_65_DP_OP_54J15_122_639_J15_0_3
core16_2/evalA/DP_OP_55J15_123_1301    339.3180     0.0    339.3180      0.0000  0.0000  Eval_32_65_DP_OP_55J15_123_1301_J15_0_3
core16_2/evalA/DP_OP_56J15_124_7812    345.2400     0.0    345.2400      0.0000  0.0000  Eval_32_65_DP_OP_56J15_124_7812_J15_0_3
core16_2/evalA_1                     966.5460      0.1      28.9800      0.0000  0.0000  Eval_32_67
core16_2/evalA_1/DP_OP_54J15_122_639    250.2360     0.0    250.2360     0.0000  0.0000  Eval_32_65_DP_OP_54J15_122_639_J15_0_2
core16_2/evalA_1/DP_OP_55J15_123_1301    341.3340     0.0    341.3340     0.0000 0.0000  Eval_32_65_DP_OP_55J15_123_1301_J15_0_2
core16_2/evalA_1/DP_OP_56J15_124_7812    345.9960     0.0    345.9960     0.0000 0.0000  Eval_32_65_DP_OP_56J15_124_7812_J15_0_2
core16_2/evalA_2                     972.9720      0.1      28.9800      0.0000  0.0000  Eval_32_66
core16_2/evalA_2/DP_OP_54J15_122_639    250.8660     0.0    250.8660     0.0000  0.0000  Eval_32_65_DP_OP_54J15_122_639_J15_0_1
core16_2/evalA_2/DP_OP_55J15_123_1301    344.6100     0.0    344.6100     0.0000 0.0000  Eval_32_65_DP_OP_55J15_123_1301_J15_0_1
core16_2/evalA_2/DP_OP_56J15_124_7812    348.5160     0.0    348.5160     0.0000 0.0000  Eval_32_65_DP_OP_56J15_124_7812_J15_0_1
core16_2/evalA_3                     967.8060      0.1      29.1060      0.0000  0.0000  Eval_32_65
core16_2/evalA_3/DP_OP_54J15_122_639    251.4960     0.0    251.4960     0.0000  0.0000  Eval_32_65_DP_OP_54J15_122_639_J15_0_0
core16_2/evalA_3/DP_OP_55J15_123_1301    339.3180     0.0    339.3180     0.0000 0.0000  Eval_32_65_DP_OP_55J15_123_1301_J15_0_0
core16_2/evalA_3/DP_OP_56J15_124_7812    347.8860     0.0    347.8860     0.0000 0.0000  Eval_32_65_DP_OP_56J15_124_7812_J15_0_0
core16_2/evalB                       325.0800      0.0       9.5760      0.0000  0.0000  Eval_33_68
core16_2/evalB/DP_OP_54J20_129_4429     83.1600     0.0     83.1600      0.0000  0.0000  Eval_33_65_DP_OP_54J20_129_4429_J20_0_3
core16_2/evalB/DP_OP_55J20_130_7821    112.1400     0.0    112.1400      0.0000  0.0000  Eval_33_65_DP_OP_55J20_130_7821_J20_0_3
core16_2/evalB/DP_OP_56J20_131_1219    120.2040     0.0    120.2040      0.0000  0.0000  Eval_33_65_DP_OP_56J20_131_1219_J20_0_3
core16_2/evalB_1                     423.7380      0.0       9.4500      0.0000  0.0000  Eval_33_67
core16_2/evalB_1/DP_OP_54J20_129_4429     83.1600     0.0     83.1600     0.0000 0.0000  Eval_33_65_DP_OP_54J20_129_4429_J20_0_2
core16_2/evalB_1/DP_OP_55J20_130_7821    163.4220     0.0    163.4220     0.0000 0.0000  Eval_33_67_DP_OP_55J20_130_7821_0
core16_2/evalB_1/DP_OP_56J20_131_1219    167.7060     0.0    167.7060     0.0000 0.0000  Eval_33_67_DP_OP_56J20_131_1219_0
core16_2/evalB_2                     376.9920      0.0       9.4500      0.0000  0.0000  Eval_33_66
core16_2/evalB_2/DP_OP_54J20_129_4429     83.1600     0.0     83.1600     0.0000 0.0000  Eval_33_65_DP_OP_54J20_129_4429_J20_0_1
core16_2/evalB_2/DP_OP_55J20_130_7821    113.6520     0.0    113.6520     0.0000 0.0000  Eval_33_65_DP_OP_55J20_130_7821_J20_0_1
core16_2/evalB_2/DP_OP_56J20_131_1219    170.7300     0.0    170.7300     0.0000 0.0000  Eval_33_66_DP_OP_56J20_131_1219_0
core16_2/evalB_3                     372.0780      0.0       9.5760      0.0000  0.0000  Eval_33_65
core16_2/evalB_3/DP_OP_54J20_129_4429     79.5060     0.0     79.5060     0.0000 0.0000  Eval_33_65_DP_OP_54J20_129_4429_0
core16_2/evalB_3/DP_OP_55J20_130_7821    111.2580     0.0    111.2580     0.0000 0.0000  Eval_33_65_DP_OP_55J20_130_7821_J20_0_0
core16_2/evalB_3/DP_OP_56J20_131_1219    171.7380     0.0    171.7380     0.0000 0.0000  Eval_33_65_DP_OP_56J20_131_1219_0
core16_2/interp                    13266.1618      1.5       0.7560   1260.0000  0.0000  Interpolation_7_4
core16_2/interp/interp             12005.4058      1.4       0.2520      0.0000  0.0000  InterpolationComb_7_4
core16_2/interp/interp/DP_OP_421J11_122_4043  12005.1538     1.4  12005.1538     0.0000 0.0000 InterpolationComb_7_1_DP_OP_421J11_122_4043_J11_0_3
core16_3                          122997.6704     13.9       2.0160   2348.6400  0.0000  core16_3
core16_3/core4_0                   13558.9858      1.5       0.7560    591.6960  0.0000  core4_27
core16_3/core4_0/evalA              1077.9300      0.1      33.7680      0.0000  0.0000  Eval_32_27
core16_3/core4_0/evalA/DP_OP_53J21_123_9578    274.0500     0.0    274.0500     0.0000 0.0000 Eval_32_1_DP_OP_53J21_123_9578_J21_0_21
core16_3/core4_0/evalA/DP_OP_54J21_124_907    391.7340     0.0    391.7340     0.0000 0.0000 Eval_32_1_DP_OP_54J21_124_907_J21_0_21
core16_3/core4_0/evalA/DP_OP_55J21_125_2024    378.3780     0.0    378.3780     0.0000 0.0000 Eval_32_1_DP_OP_55J21_125_2024_J21_0_21
core16_3/core4_0/evalB               542.0520      0.1      17.3880      0.0000  0.0000  Eval_33_27
core16_3/core4_0/evalB/DP_OP_53J27_122_4171    135.5760     0.0    135.5760     0.0000 0.0000 Eval_33_1_DP_OP_53J27_122_4171_J27_0_19
core16_3/core4_0/evalB/DP_OP_54J27_123_6227    203.8680     0.0    203.8680     0.0000 0.0000 Eval_33_1_DP_OP_54J27_123_6227_J27_0_19
core16_3/core4_0/evalB/DP_OP_55J27_124_3794    185.2200     0.0    185.2200     0.0000 0.0000 Eval_33_1_DP_OP_55J27_124_3794_J27_0_19
core16_3/core4_0/interp             3356.1360      0.4       0.7560    332.6400  0.0000  Interpolation_28
core16_3/core4_0/interp/interp      3022.7400      0.3       0.2520      0.0000  0.0000  InterpolationComb_28
core16_3/core4_0/interp/interp/DP_OP_106J21_122_6228   3022.4880     0.3   3022.4880     0.0000 0.0000 InterpolationComb_0_DP_OP_106J21_122_6228_J21_0_11
core16_3/core4_0/mult_x_1            767.4660      0.1     767.4660      0.0000  0.0000  core4_7_DW_mult_tc_J23_6_5
core16_3/core4_0/mult_x_2           1263.6540      0.1    1263.6540      0.0000  0.0000  core4_7_DW_mult_tc_J23_5_5
core16_3/core4_0/mult_x_3           1297.9260      0.1    1297.9260      0.0000  0.0000  core4_7_DW_mult_tc_J23_4_5
core16_3/core4_0/mult_x_4           1299.0600      0.1    1299.0600      0.0000  0.0000  core4_7_DW_mult_tc_J23_3_5
core16_3/core4_0/mult_x_5           1297.1700      0.1    1297.1700      0.0000  0.0000  core4_7_DW_mult_tc_J23_2_5
core16_3/core4_0/mult_x_6           1297.6740      0.1    1297.6740      0.0000  0.0000  core4_7_DW_mult_tc_J23_1_5
core16_3/core4_0/mult_x_7            767.4660      0.1     767.4660      0.0000  0.0000  core4_7_DW_mult_tc_J23_0_5
core16_3/core4_1                   14675.9758      1.7       0.5040    591.5700  0.0000  core4_26
core16_3/core4_1/evalA              1078.5600      0.1      34.3980      0.0000  0.0000  Eval_32_26
core16_3/core4_1/evalA/DP_OP_53J21_123_9578    274.0500     0.0    274.0500     0.0000 0.0000 Eval_32_1_DP_OP_53J21_123_9578_J21_0_20
core16_3/core4_1/evalA/DP_OP_54J21_124_907    391.7340     0.0    391.7340     0.0000 0.0000 Eval_32_1_DP_OP_54J21_124_907_J21_0_20
core16_3/core4_1/evalA/DP_OP_55J21_125_2024    378.3780     0.0    378.3780     0.0000 0.0000 Eval_32_1_DP_OP_55J21_125_2024_J21_0_20
core16_3/core4_1/evalB               636.8040      0.1      18.1440      0.0000  0.0000  Eval_33_26
core16_3/core4_1/evalB/DP_OP_53J27_122_4171    132.6780     0.0    132.6780     0.0000 0.0000 Eval_33_1_DP_OP_53J27_122_4171_J27_0_18
core16_3/core4_1/evalB/DP_OP_54J27_123_6227    297.9900     0.0    297.9900     0.0000 0.0000 Eval_33_26_DP_OP_54J27_123_6227_0
core16_3/core4_1/evalB/DP_OP_55J27_124_3794    187.9920     0.0    187.9920     0.0000 0.0000 Eval_33_1_DP_OP_55J27_124_3794_J27_0_18
core16_3/core4_1/interp             3356.1360      0.4       0.7560    332.6400  0.0000  Interpolation_27
core16_3/core4_1/interp/interp      3022.7400      0.3       0.2520      0.0000  0.0000  InterpolationComb_27
core16_3/core4_1/interp/interp/DP_OP_106J21_122_6228   3022.4880     0.3   3022.4880     0.0000 0.0000 InterpolationComb_0_DP_OP_106J21_122_6228_J21_0_10
core16_3/core4_1/mult_x_1           1264.2840      0.1    1264.2840      0.0000  0.0000  core4_7_DW_mult_tc_J23_6_4
core16_3/core4_1/mult_x_2           1261.7640      0.1    1261.7640      0.0000  0.0000  core4_7_DW_mult_tc_J23_5_4
core16_3/core4_1/mult_x_3           1305.9900      0.1    1305.9900      0.0000  0.0000  core4_7_DW_mult_tc_J23_4_4
core16_3/core4_1/mult_x_4           1298.6820      0.1    1298.6820      0.0000  0.0000  core4_7_DW_mult_tc_J23_3_4
core16_3/core4_1/mult_x_5           1300.6980      0.1    1300.6980      0.0000  0.0000  core4_7_DW_mult_tc_J23_2_4
core16_3/core4_1/mult_x_6           1312.1640      0.1    1312.1640      0.0000  0.0000  core4_7_DW_mult_tc_J23_1_4
core16_3/core4_1/mult_x_7           1268.8200      0.1    1268.8200      0.0000  0.0000  core4_7_DW_mult_tc_J23_0_4
core16_3/core4_2                   14796.1798      1.7       0.7560    592.0740  0.0000  core4_25
core16_3/core4_2/evalA              1083.9780      0.1      34.6500      0.0000  0.0000  Eval_32_25
core16_3/core4_2/evalA/DP_OP_53J21_123_9578    274.0500     0.0    274.0500     0.0000 0.0000 Eval_32_1_DP_OP_53J21_123_9578_J21_0_19
core16_3/core4_2/evalA/DP_OP_54J21_124_907    392.3640     0.0    392.3640     0.0000 0.0000 Eval_32_1_DP_OP_54J21_124_907_J21_0_19
core16_3/core4_2/evalA/DP_OP_55J21_125_2024    382.9140     0.0    382.9140     0.0000 0.0000 Eval_32_1_DP_OP_55J21_125_2024_J21_0_19
core16_3/core4_2/evalB               635.0400      0.1      17.8920      0.0000  0.0000  Eval_33_25
core16_3/core4_2/evalB/DP_OP_53J27_122_4171    133.1820     0.0    133.1820     0.0000 0.0000 Eval_33_1_DP_OP_53J27_122_4171_J27_0_17
core16_3/core4_2/evalB/DP_OP_54J27_123_6227    298.8720     0.0    298.8720     0.0000 0.0000 Eval_33_25_DP_OP_54J27_123_6227_0
core16_3/core4_2/evalB/DP_OP_55J27_124_3794    185.0940     0.0    185.0940     0.0000 0.0000 Eval_33_1_DP_OP_55J27_124_3794_J27_0_17
core16_3/core4_2/interp             3462.1020      0.4       0.7560    340.7040  0.0000  Interpolation_26
core16_3/core4_2/interp/interp      3120.6419      0.4       0.2520      0.0000  0.0000  InterpolationComb_26
core16_3/core4_2/interp/interp/DP_OP_106J20_122_8999   3120.3899     0.4   3120.3899     0.0000 0.0000 InterpolationComb_1_DP_OP_106J20_122_8999_J20_0_15
core16_3/core4_2/mult_x_1           1262.6460      0.1    1262.6460      0.0000  0.0000  core4_1_DW_mult_tc_J24_6_13
core16_3/core4_2/mult_x_2           1262.1420      0.1    1262.1420      0.0000  0.0000  core4_1_DW_mult_tc_J24_5_13
core16_3/core4_2/mult_x_3           1337.8680      0.2    1337.8680      0.0000  0.0000  core4_25_DW_mult_tc_0
core16_3/core4_2/mult_x_4           1297.1700      0.1    1297.1700      0.0000  0.0000  core4_1_DW_mult_tc_J24_3_13
core16_3/core4_2/mult_x_5           1298.1780      0.1    1298.1780      0.0000  0.0000  core4_1_DW_mult_tc_J24_2_13
core16_3/core4_2/mult_x_6           1297.9260      0.1    1297.9260      0.0000  0.0000  core4_1_DW_mult_tc_J24_1_13
core16_3/core4_2/mult_x_7           1266.3000      0.1    1266.3000      0.0000  0.0000  core4_1_DW_mult_tc_J24_0_13
core16_3/core4_3                   14860.9438      1.7       0.7560    591.9480  0.0000  core4_24
core16_3/core4_3/evalA              1083.4740      0.1      34.3980      0.0000  0.0000  Eval_32_24
core16_3/core4_3/evalA/DP_OP_53J21_123_9578    274.0500     0.0    274.0500     0.0000 0.0000 Eval_32_1_DP_OP_53J21_123_9578_J21_0_18
core16_3/core4_3/evalA/DP_OP_54J21_124_907    393.3720     0.0    393.3720     0.0000 0.0000 Eval_32_1_DP_OP_54J21_124_907_J21_0_18
core16_3/core4_3/evalA/DP_OP_55J21_125_2024    381.6540     0.0    381.6540     0.0000 0.0000 Eval_32_1_DP_OP_55J21_125_2024_J21_0_18
core16_3/core4_3/evalB               724.5000      0.1      17.8920      0.0000  0.0000  Eval_33_24
core16_3/core4_3/evalB/DP_OP_53J27_122_4171    133.5600     0.0    133.5600     0.0000 0.0000 Eval_33_24_DP_OP_53J27_122_4171_0
core16_3/core4_3/evalB/DP_OP_54J27_123_6227    297.3600     0.0    297.3600     0.0000 0.0000 Eval_33_24_DP_OP_54J27_123_6227_0
core16_3/core4_3/evalB/DP_OP_55J27_124_3794    275.6880     0.0    275.6880     0.0000 0.0000 Eval_33_24_DP_OP_55J27_124_3794_0
core16_3/core4_3/interp             3461.5980      0.4       0.7560    340.7040  0.0000  Interpolation_25
core16_3/core4_3/interp/interp      3120.1379      0.4       0.2520      0.0000  0.0000  InterpolationComb_25
core16_3/core4_3/interp/interp/DP_OP_106J20_122_8999   3119.8859     0.4   3119.8859     0.0000 0.0000 InterpolationComb_1_DP_OP_106J20_122_8999_J20_0_14
core16_3/core4_3/mult_x_1           1262.2680      0.1    1262.2680      0.0000  0.0000  core4_1_DW_mult_tc_J24_6_12
core16_3/core4_3/mult_x_2           1268.1900      0.1    1268.1900      0.0000  0.0000  core4_1_DW_mult_tc_J24_5_12
core16_3/core4_3/mult_x_3           1299.8160      0.1    1299.8160      0.0000  0.0000  core4_1_DW_mult_tc_J24_4_12
core16_3/core4_3/mult_x_4           1299.6900      0.1    1299.6900      0.0000  0.0000  core4_1_DW_mult_tc_J24_3_12
core16_3/core4_3/mult_x_5           1297.1700      0.1    1297.1700      0.0000  0.0000  core4_1_DW_mult_tc_J24_2_12
core16_3/core4_3/mult_x_6           1298.4300      0.1    1298.4300      0.0000  0.0000  core4_1_DW_mult_tc_J24_1_12
core16_3/core4_3/mult_x_7           1273.1040      0.1    1273.1040      0.0000  0.0000  core4_1_DW_mult_tc_J24_0_12
core16_3/core4_4                   14651.9098      1.7       0.7560    592.2000  0.0000  core4_23
core16_3/core4_4/evalA              1082.9700      0.1      34.3980      0.0000  0.0000  Eval_32_23
core16_3/core4_4/evalA/DP_OP_53J21_123_9578    274.0500     0.0    274.0500     0.0000 0.0000 Eval_32_1_DP_OP_53J21_123_9578_J21_0_17
core16_3/core4_4/evalA/DP_OP_54J21_124_907    394.8840     0.0    394.8840     0.0000 0.0000 Eval_32_1_DP_OP_54J21_124_907_J21_0_17
core16_3/core4_4/evalA/DP_OP_55J21_125_2024    379.6380     0.0    379.6380     0.0000 0.0000 Eval_32_1_DP_OP_55J21_125_2024_J21_0_17
core16_3/core4_4/evalB               533.2320      0.1      18.0180      0.0000  0.0000  Eval_33_23
core16_3/core4_4/evalB/DP_OP_53J27_122_4171    132.6780     0.0    132.6780     0.0000 0.0000 Eval_33_1_DP_OP_53J27_122_4171_J27_0_15
core16_3/core4_4/evalB/DP_OP_54J27_123_6227    198.1980     0.0    198.1980     0.0000 0.0000 Eval_33_1_DP_OP_54J27_123_6227_J27_0_15
core16_3/core4_4/evalB/DP_OP_55J27_124_3794    184.3380     0.0    184.3380     0.0000 0.0000 Eval_33_1_DP_OP_55J27_124_3794_J27_0_15
core16_3/core4_4/interp             3463.1100      0.4       0.7560    340.7040  0.0000  Interpolation_24
core16_3/core4_4/interp/interp      3121.6499      0.4       0.2520      0.0000  0.0000  InterpolationComb_24
core16_3/core4_4/interp/interp/DP_OP_106J20_122_8999   3121.3979     0.4   3121.3979     0.0000 0.0000 InterpolationComb_1_DP_OP_106J20_122_8999_J20_0_13
core16_3/core4_4/mult_x_1           1261.5120      0.1    1261.5120      0.0000  0.0000  core4_1_DW_mult_tc_J24_6_11
core16_3/core4_4/mult_x_2           1262.3940      0.1    1262.3940      0.0000  0.0000  core4_1_DW_mult_tc_J24_5_11
core16_3/core4_4/mult_x_3           1297.6740      0.1    1297.6740      0.0000  0.0000  core4_1_DW_mult_tc_J24_4_11
core16_3/core4_4/mult_x_4           1298.5560      0.1    1298.5560      0.0000  0.0000  core4_1_DW_mult_tc_J24_3_11
core16_3/core4_4/mult_x_5           1298.8080      0.1    1298.8080      0.0000  0.0000  core4_1_DW_mult_tc_J24_2_11
core16_3/core4_4/mult_x_6           1298.6820      0.1    1298.6820      0.0000  0.0000  core4_1_DW_mult_tc_J24_1_11
core16_3/core4_4/mult_x_7           1262.0160      0.1    1262.0160      0.0000  0.0000  core4_1_DW_mult_tc_J24_0_11
core16_3/core4_5                   14791.7698      1.7       1.2600    591.9480  0.0000  core4_22
core16_3/core4_5/evalA              1085.4900      0.1      34.3980      0.0000  0.0000  Eval_32_22
core16_3/core4_5/evalA/DP_OP_53J21_123_9578    280.3500     0.0    280.3500     0.0000 0.0000 Eval_32_1_DP_OP_53J21_123_9578_J21_0_16
core16_3/core4_5/evalA/DP_OP_54J21_124_907    392.3640     0.0    392.3640     0.0000 0.0000 Eval_32_1_DP_OP_54J21_124_907_J21_0_16
core16_3/core4_5/evalA/DP_OP_55J21_125_2024    378.3780     0.0    378.3780     0.0000 0.0000 Eval_32_1_DP_OP_55J21_125_2024_J21_0_16
core16_3/core4_5/evalB               630.2520      0.1      18.2700      0.0000  0.0000  Eval_33_22
core16_3/core4_5/evalB/DP_OP_53J27_122_4171    132.6780     0.0    132.6780     0.0000 0.0000 Eval_33_1_DP_OP_53J27_122_4171_J27_0_14
core16_3/core4_5/evalB/DP_OP_54J27_123_6227    199.0800     0.0    199.0800     0.0000 0.0000 Eval_33_1_DP_OP_54J27_123_6227_J27_0_14
core16_3/core4_5/evalB/DP_OP_55J27_124_3794    280.2240     0.0    280.2240     0.0000 0.0000 Eval_33_22_DP_OP_55J27_124_3794_0
core16_3/core4_5/interp             3462.6060      0.4       0.7560    340.7040  0.0000  Interpolation_23
core16_3/core4_5/interp/interp      3121.1459      0.4       0.2520      0.0000  0.0000  InterpolationComb_23
core16_3/core4_5/interp/interp/DP_OP_106J20_122_8999   3120.8939     0.4   3120.8939     0.0000 0.0000 InterpolationComb_1_DP_OP_106J20_122_8999_J20_0_12
core16_3/core4_5/mult_x_1           1264.0320      0.1    1264.0320      0.0000  0.0000  core4_1_DW_mult_tc_J24_6_10
core16_3/core4_5/mult_x_2           1263.0240      0.1    1263.0240      0.0000  0.0000  core4_1_DW_mult_tc_J24_5_10
core16_3/core4_5/mult_x_3           1298.5560      0.1    1298.5560      0.0000  0.0000  core4_1_DW_mult_tc_J24_4_10
core16_3/core4_5/mult_x_4           1297.2960      0.1    1297.2960      0.0000  0.0000  core4_1_DW_mult_tc_J24_3_10
core16_3/core4_5/mult_x_5           1298.4300      0.1    1298.4300      0.0000  0.0000  core4_1_DW_mult_tc_J24_2_10
core16_3/core4_5/mult_x_6           1336.6080      0.2    1336.6080      0.0000  0.0000  core4_22_DW_mult_tc_0
core16_3/core4_5/mult_x_7           1262.2680      0.1    1262.2680      0.0000  0.0000  core4_1_DW_mult_tc_J24_0_10
core16_3/core4_6                   13588.4698      1.5       0.7560    591.8220  0.0000  core4_21
core16_3/core4_6/evalA              1088.6400      0.1      33.7680      0.0000  0.0000  Eval_32_21
core16_3/core4_6/evalA/DP_OP_53J21_123_9578    274.0500     0.0    274.0500     0.0000 0.0000 Eval_32_1_DP_OP_53J21_123_9578_J21_0_15
core16_3/core4_6/evalA/DP_OP_54J21_124_907    402.4440     0.0    402.4440     0.0000 0.0000 Eval_32_1_DP_OP_54J21_124_907_J21_0_15
core16_3/core4_6/evalA/DP_OP_55J21_125_2024    378.3780     0.0    378.3780     0.0000 0.0000 Eval_32_1_DP_OP_55J21_125_2024_J21_0_15
core16_3/core4_6/evalB               544.1940      0.1      17.5140      0.0000  0.0000  Eval_33_21
core16_3/core4_6/evalB/DP_OP_53J27_122_4171    138.7260     0.0    138.7260     0.0000 0.0000 Eval_33_1_DP_OP_53J27_122_4171_J27_0_13
core16_3/core4_6/evalB/DP_OP_54J27_123_6227    198.0720     0.0    198.0720     0.0000 0.0000 Eval_33_1_DP_OP_54J27_123_6227_J27_0_13
core16_3/core4_6/evalB/DP_OP_55J27_124_3794    189.8820     0.0    189.8820     0.0000 0.0000 Eval_33_1_DP_OP_55J27_124_3794_J27_0_13
core16_3/core4_6/interp             3355.7580      0.4       0.7560    332.6400  0.0000  Interpolation_22
core16_3/core4_6/interp/interp      3022.3620      0.3       0.2520      0.0000  0.0000  InterpolationComb_22
core16_3/core4_6/interp/interp/DP_OP_106J21_122_6228   3022.1100     0.3   3022.1100     0.0000 0.0000 InterpolationComb_0_DP_OP_106J21_122_6228_J21_0_9
core16_3/core4_6/mult_x_1            768.3480      0.1     768.3480      0.0000  0.0000  core4_7_DW_mult_tc_J23_6_3
core16_3/core4_6/mult_x_2           1269.1980      0.1    1269.1980      0.0000  0.0000  core4_7_DW_mult_tc_J23_5_3
core16_3/core4_6/mult_x_3           1299.0600      0.1    1299.0600      0.0000  0.0000  core4_7_DW_mult_tc_J23_4_3
core16_3/core4_6/mult_x_4           1297.4220      0.1    1297.4220      0.0000  0.0000  core4_7_DW_mult_tc_J23_3_3
core16_3/core4_6/mult_x_5           1300.0680      0.1    1300.0680      0.0000  0.0000  core4_7_DW_mult_tc_J23_2_3
core16_3/core4_6/mult_x_6           1297.0440      0.1    1297.0440      0.0000  0.0000  core4_7_DW_mult_tc_J23_1_3
core16_3/core4_6/mult_x_7            776.1600      0.1     776.1600      0.0000  0.0000  core4_7_DW_mult_tc_J23_0_3
core16_3/evalA                      1075.9140      0.1      31.7520      0.0000  0.0000  Eval_32_64
core16_3/evalA/DP_OP_53J21_123_9578    274.0500     0.0    274.0500      0.0000  0.0000  Eval_32_1_DP_OP_53J21_123_9578_J21_0_40
core16_3/evalA/DP_OP_54J21_124_907    391.7340     0.0     391.7340      0.0000  0.0000  Eval_32_1_DP_OP_54J21_124_907_J21_0_40
core16_3/evalA/DP_OP_55J21_125_2024    378.3780     0.0    378.3780      0.0000  0.0000  Eval_32_1_DP_OP_55J21_125_2024_J21_0_40
core16_3/evalA_1                    1091.7900      0.1      33.7680      0.0000  0.0000  Eval_32_63
core16_3/evalA_1/DP_OP_53J21_123_9578    274.6800     0.0    274.6800     0.0000 0.0000  Eval_32_1_DP_OP_53J21_123_9578_J21_0_39
core16_3/evalA_1/DP_OP_54J21_124_907    398.6640     0.0    398.6640     0.0000  0.0000  Eval_32_1_DP_OP_54J21_124_907_J21_0_39
core16_3/evalA_1/DP_OP_55J21_125_2024    384.6780     0.0    384.6780     0.0000 0.0000  Eval_32_1_DP_OP_55J21_125_2024_J21_0_39
core16_3/evalA_2                    1083.7260      0.1      33.7680      0.0000  0.0000  Eval_32_62
core16_3/evalA_2/DP_OP_53J21_123_9578    275.3100     0.0    275.3100     0.0000 0.0000  Eval_32_1_DP_OP_53J21_123_9578_J21_0_38
core16_3/evalA_2/DP_OP_54J21_124_907    392.3640     0.0    392.3640     0.0000  0.0000  Eval_32_1_DP_OP_54J21_124_907_J21_0_38
core16_3/evalA_2/DP_OP_55J21_125_2024    382.2840     0.0    382.2840     0.0000 0.0000  Eval_32_1_DP_OP_55J21_125_2024_J21_0_38
core16_3/evalA_3                    1082.5920      0.1      31.7520      0.0000  0.0000  Eval_32_61
core16_3/evalA_3/DP_OP_53J21_123_9578    275.3100     0.0    275.3100     0.0000 0.0000  Eval_32_1_DP_OP_53J21_123_9578_J21_0_37
core16_3/evalA_3/DP_OP_54J21_124_907    394.8840     0.0    394.8840     0.0000  0.0000  Eval_32_1_DP_OP_54J21_124_907_J21_0_37
core16_3/evalA_3/DP_OP_55J21_125_2024    380.6460     0.0    380.6460     0.0000 0.0000  Eval_32_1_DP_OP_55J21_125_2024_J21_0_37
core16_3/evalB                       501.1020      0.1      15.6240      0.0000  0.0000  Eval_33_64
core16_3/evalB/DP_OP_53J27_122_4171     92.9880     0.0     92.9880      0.0000  0.0000  Eval_33_64_DP_OP_53J27_122_4171_0
core16_3/evalB/DP_OP_54J27_123_6227    204.6240     0.0    204.6240      0.0000  0.0000  Eval_33_1_DP_OP_54J27_123_6227_J27_0_36
core16_3/evalB/DP_OP_55J27_124_3794    187.8660     0.0    187.8660      0.0000  0.0000  Eval_33_1_DP_OP_55J27_124_3794_J27_0_36
core16_3/evalB_1                     541.0440      0.1      16.2540      0.0000  0.0000  Eval_33_63
core16_3/evalB_1/DP_OP_53J27_122_4171    139.3560     0.0    139.3560     0.0000 0.0000  Eval_33_1_DP_OP_53J27_122_4171_J27_0_35
core16_3/evalB_1/DP_OP_54J27_123_6227    200.9700     0.0    200.9700     0.0000 0.0000  Eval_33_1_DP_OP_54J27_123_6227_J27_0_35
core16_3/evalB_1/DP_OP_55J27_124_3794    184.4640     0.0    184.4640     0.0000 0.0000  Eval_33_1_DP_OP_55J27_124_3794_J27_0_35
core16_3/evalB_2                     539.1540      0.1      16.0020      0.0000  0.0000  Eval_33_62
core16_3/evalB_2/DP_OP_53J27_122_4171    135.8280     0.0    135.8280     0.0000 0.0000  Eval_33_1_DP_OP_53J27_122_4171_J27_0_34
core16_3/evalB_2/DP_OP_54J27_123_6227    203.3640     0.0    203.3640     0.0000 0.0000  Eval_33_1_DP_OP_54J27_123_6227_J27_0_34
core16_3/evalB_2/DP_OP_55J27_124_3794    183.9600     0.0    183.9600     0.0000 0.0000  Eval_33_62_DP_OP_55J27_124_3794_0
core16_3/evalB_3                     541.2960      0.1      16.1280      0.0000  0.0000  Eval_33_61
core16_3/evalB_3/DP_OP_53J27_122_4171    135.9540     0.0    135.9540     0.0000 0.0000  Eval_33_1_DP_OP_53J27_122_4171_J27_0_33
core16_3/evalB_3/DP_OP_54J27_123_6227    201.9780     0.0    201.9780     0.0000 0.0000  Eval_33_1_DP_OP_54J27_123_6227_J27_0_33
core16_3/evalB_3/DP_OP_55J27_124_3794    187.2360     0.0    187.2360     0.0000 0.0000  Eval_33_1_DP_OP_55J27_124_3794_J27_0_33
core16_3/interp                    13266.1618      1.5       0.7560   1260.0000  0.0000  Interpolation_7_3
core16_3/interp/interp             12005.4058      1.4       0.2520      0.0000  0.0000  InterpolationComb_7_3
core16_3/interp/interp/DP_OP_421J11_122_4043  12005.1538     1.4  12005.1538     0.0000 0.0000 InterpolationComb_7_1_DP_OP_421J11_122_4043_J11_0_2
core16_4                          118175.0204     13.3       2.0160   2348.6400  0.0000  core16_2
core16_4/core4_0                   12896.6038      1.5       1.0080    591.6960  0.0000  core4_20
core16_4/core4_0/evalA              1033.4520      0.1      31.5000      0.0000  0.0000  Eval_32_20
core16_4/core4_0/evalA/DP_OP_54J16_122_854    267.4980     0.0    267.4980     0.0000 0.0000 Eval_32_2_DP_OP_54J16_122_854_J16_0_2
core16_4/core4_0/evalA/DP_OP_55J16_123_7587    364.6440     0.0    364.6440     0.0000 0.0000 Eval_32_2_DP_OP_55J16_123_7587_J16_0_2
core16_4/core4_0/evalA/DP_OP_56J16_124_7642    369.8100     0.0    369.8100     0.0000 0.0000 Eval_32_2_DP_OP_56J16_124_7642_J16_0_2
core16_4/core4_0/evalB               395.7660      0.0      12.4740      0.0000  0.0000  Eval_33_20
core16_4/core4_0/evalB/DP_OP_54J25_125_5690    103.0680     0.0    103.0680     0.0000 0.0000 Eval_33_2_DP_OP_54J25_125_5690_J25_0_2
core16_4/core4_0/evalB/DP_OP_55J25_126_3915    136.8360     0.0    136.8360     0.0000 0.0000 Eval_33_2_DP_OP_55J25_126_3915_J25_0_2
core16_4/core4_0/evalB/DP_OP_56J25_127_920    143.3880     0.0    143.3880     0.0000 0.0000 Eval_33_2_DP_OP_56J25_127_920_J25_0_2
core16_4/core4_0/interp             3355.7580      0.4       0.7560    332.6400  0.0000  Interpolation_21
core16_4/core4_0/interp/interp      3022.3620      0.3       0.2520      0.0000  0.0000  InterpolationComb_21
core16_4/core4_0/interp/interp/DP_OP_106J21_122_6228   3022.1100     0.3   3022.1100     0.0000 0.0000 InterpolationComb_0_DP_OP_106J21_122_6228_J21_0_8
core16_4/core4_0/mult_x_1            957.8520      0.1     957.8520      0.0000  0.0000  core4_14_DW_mult_uns_J22_3_1
core16_4/core4_0/mult_x_2           1196.3700      0.1    1196.3700      0.0000  0.0000  core4_14_DW_mult_uns_J22_2_1
core16_4/core4_0/mult_x_3           1017.1980      0.1    1017.1980      0.0000  0.0000  core4_14_DW_mult_tc_J22_2_1
core16_4/core4_0/mult_x_4           1058.7780      0.1    1058.7780      0.0000  0.0000  core4_14_DW_mult_tc_J22_1_1
core16_4/core4_0/mult_x_5           1149.4980      0.1    1149.4980      0.0000  0.0000  core4_14_DW_mult_uns_J22_1_1
core16_4/core4_0/mult_x_6           1180.7460      0.1    1180.7460      0.0000  0.0000  core4_14_DW_mult_tc_J22_0_1
core16_4/core4_0/mult_x_7            958.4820      0.1     958.4820      0.0000  0.0000  core4_14_DW_mult_uns_J22_0_1
core16_4/core4_1                   14404.5718      1.6       1.0080    591.8220  0.0000  core4_19
core16_4/core4_1/evalA              1078.8120      0.1      34.6500      0.0000  0.0000  Eval_32_19
core16_4/core4_1/evalA/DP_OP_53J21_123_9578    274.0500     0.0    274.0500     0.0000 0.0000 Eval_32_1_DP_OP_53J21_123_9578_J21_0_14
core16_4/core4_1/evalA/DP_OP_54J21_124_907    391.7340     0.0    391.7340     0.0000 0.0000 Eval_32_1_DP_OP_54J21_124_907_J21_0_14
core16_4/core4_1/evalA/DP_OP_55J21_125_2024    378.3780     0.0    378.3780     0.0000 0.0000 Eval_32_1_DP_OP_55J21_125_2024_J21_0_14
core16_4/core4_1/evalB               507.6540      0.1      15.6240      0.0000  0.0000  Eval_33_19
core16_4/core4_1/evalB/DP_OP_54J25_122_2737    128.7720     0.0    128.7720     0.0000 0.0000 Eval_33_19_DP_OP_54J25_122_2737_J25_0_0
core16_4/core4_1/evalB/DP_OP_55J25_123_5219    183.5820     0.0    183.5820     0.0000 0.0000 Eval_33_19_DP_OP_55J25_123_5219_J25_0_0
core16_4/core4_1/evalB/DP_OP_56J25_124_977    179.6760     0.0    179.6760     0.0000 0.0000 Eval_33_19_DP_OP_56J25_124_977_J25_0_0
core16_4/core4_1/interp             3355.7580      0.4       0.7560    332.6400  0.0000  Interpolation_20
core16_4/core4_1/interp/interp      3022.3620      0.3       0.2520      0.0000  0.0000  InterpolationComb_20
core16_4/core4_1/interp/interp/DP_OP_106J21_122_6228   3022.1100     0.3   3022.1100     0.0000 0.0000 InterpolationComb_0_DP_OP_106J21_122_6228_J21_0_7
core16_4/core4_1/mult_x_1           1202.0400      0.1    1202.0400      0.0000  0.0000  core4_19_DW_mult_uns_J27_1
core16_4/core4_1/mult_x_2           1261.0080      0.1    1261.0080      0.0000  0.0000  core4_19_DW_mult_tc_J27_4
core16_4/core4_1/mult_x_3           1302.8400      0.1    1302.8400      0.0000  0.0000  core4_19_DW_mult_tc_J27_3
core16_4/core4_1/mult_x_4           1304.1000      0.1    1304.1000      0.0000  0.0000  core4_19_DW_mult_tc_J27_2
core16_4/core4_1/mult_x_5           1299.3120      0.1    1299.3120      0.0000  0.0000  core4_19_DW_mult_tc_J27_1
core16_4/core4_1/mult_x_6           1298.6820      0.1    1298.6820      0.0000  0.0000  core4_19_DW_mult_tc_J27_0
core16_4/core4_1/mult_x_7           1201.5360      0.1    1201.5360      0.0000  0.0000  core4_19_DW_mult_uns_J27_0
core16_4/core4_2                   13619.0878      1.5       1.0080    591.8220  0.0000  core4_18
core16_4/core4_2/evalA              1065.5820      0.1      33.0120      0.0000  0.0000  Eval_32_18
core16_4/core4_2/evalA/DP_OP_53J21_123_9578    275.3100     0.0    275.3100     0.0000 0.0000 Eval_32_1_DP_OP_53J21_123_9578_J21_0_13
core16_4/core4_2/evalA/DP_OP_54J21_124_907    381.5280     0.0    381.5280     0.0000 0.0000 Eval_32_1_DP_OP_54J21_124_907_J21_0_13
core16_4/core4_2/evalA/DP_OP_55J21_125_2024    375.7320     0.0    375.7320     0.0000 0.0000 Eval_32_1_DP_OP_55J21_125_2024_J21_0_13
core16_4/core4_2/evalB               442.1340      0.0      13.1040      0.0000  0.0000  Eval_33_18
core16_4/core4_2/evalB/DP_OP_53J27_122_4171    114.2820     0.0    114.2820     0.0000 0.0000 Eval_33_1_DP_OP_53J27_122_4171_J27_0_12
core16_4/core4_2/evalB/DP_OP_54J27_123_6227    153.2160     0.0    153.2160     0.0000 0.0000 Eval_33_1_DP_OP_54J27_123_6227_J27_0_12
core16_4/core4_2/evalB/DP_OP_55J27_124_3794    161.5320     0.0    161.5320     0.0000 0.0000 Eval_33_1_DP_OP_55J27_124_3794_J27_0_12
core16_4/core4_2/interp             3461.5980      0.4       0.7560    340.7040  0.0000  Interpolation_19
core16_4/core4_2/interp/interp      3120.1379      0.4       0.2520      0.0000  0.0000  InterpolationComb_19
core16_4/core4_2/interp/interp/DP_OP_106J20_122_8999   3119.8859     0.4   3119.8859     0.0000 0.0000 InterpolationComb_1_DP_OP_106J20_122_8999_J20_0_11
core16_4/core4_2/mult_x_1           1000.1880      0.1    1000.1880      0.0000  0.0000  core4_1_DW_mult_tc_J24_6_9
core16_4/core4_2/mult_x_2           1203.8040      0.1    1203.8040      0.0000  0.0000  core4_1_DW_mult_tc_J24_5_9
core16_4/core4_2/mult_x_3           1123.5420      0.1    1123.5420      0.0000  0.0000  core4_1_DW_mult_tc_J24_4_9
core16_4/core4_2/mult_x_4           1188.5580      0.1    1188.5580      0.0000  0.0000  core4_1_DW_mult_tc_J24_3_9
core16_4/core4_2/mult_x_5           1238.5800      0.1    1238.5800      0.0000  0.0000  core4_1_DW_mult_tc_J24_2_9
core16_4/core4_2/mult_x_6           1301.4540      0.1    1301.4540      0.0000  0.0000  core4_1_DW_mult_tc_J24_1_9
core16_4/core4_2/mult_x_7           1000.8180      0.1    1000.8180      0.0000  0.0000  core4_1_DW_mult_tc_J24_0_9
core16_4/core4_3                   14181.1738      1.6       0.7560    591.9480  0.0000  core4_17
core16_4/core4_3/evalA              1079.6940      0.1      34.2720      0.0000  0.0000  Eval_32_17
core16_4/core4_3/evalA/DP_OP_53J21_123_9578    274.0500     0.0    274.0500     0.0000 0.0000 Eval_32_1_DP_OP_53J21_123_9578_J21_0_12
core16_4/core4_3/evalA/DP_OP_54J21_124_907    392.3640     0.0    392.3640     0.0000 0.0000 Eval_32_1_DP_OP_54J21_124_907_J21_0_12
core16_4/core4_3/evalA/DP_OP_55J21_125_2024    379.0080     0.0    379.0080     0.0000 0.0000 Eval_32_1_DP_OP_55J21_125_2024_J21_0_12
core16_4/core4_3/evalB               521.8920      0.1      17.6400      0.0000  0.0000  Eval_33_17
core16_4/core4_3/evalB/DP_OP_53J27_122_4171    121.8420     0.0    121.8420     0.0000 0.0000 Eval_33_17_DP_OP_53J27_122_4171_0
core16_4/core4_3/evalB/DP_OP_54J27_123_6227    197.9460     0.0    197.9460     0.0000 0.0000 Eval_33_1_DP_OP_54J27_123_6227_J27_0_11
core16_4/core4_3/evalB/DP_OP_55J27_124_3794    184.4640     0.0    184.4640     0.0000 0.0000 Eval_33_1_DP_OP_55J27_124_3794_J27_0_11
core16_4/core4_3/interp             3463.1100      0.4       0.7560    340.7040  0.0000  Interpolation_18
core16_4/core4_3/interp/interp      3121.6499      0.4       0.2520      0.0000  0.0000  InterpolationComb_18
core16_4/core4_3/interp/interp/DP_OP_106J20_122_8999   3121.3979     0.4   3121.3979     0.0000 0.0000 InterpolationComb_1_DP_OP_106J20_122_8999_J20_0_10
core16_4/core4_3/mult_x_1           1027.5300      0.1    1027.5300      0.0000  0.0000  core4_1_DW_mult_tc_J24_6_8
core16_4/core4_3/mult_x_2           1262.1420      0.1    1262.1420      0.0000  0.0000  core4_1_DW_mult_tc_J24_5_8
core16_4/core4_3/mult_x_3           1299.0600      0.1    1299.0600      0.0000  0.0000  core4_1_DW_mult_tc_J24_4_8
core16_4/core4_3/mult_x_4           1300.6980      0.1    1300.6980      0.0000  0.0000  core4_1_DW_mult_tc_J24_3_8
core16_4/core4_3/mult_x_5           1300.9500      0.1    1300.9500      0.0000  0.0000  core4_1_DW_mult_tc_J24_2_8
core16_4/core4_3/mult_x_6           1299.6900      0.1    1299.6900      0.0000  0.0000  core4_1_DW_mult_tc_J24_1_8
core16_4/core4_3/mult_x_7           1033.7040      0.1    1033.7040      0.0000  0.0000  core4_1_DW_mult_tc_J24_0_8
core16_4/core4_4                   14309.5678      1.6       1.0080    591.8220  0.0000  core4_16
core16_4/core4_4/evalA              1078.6860      0.1      34.5240      0.0000  0.0000  Eval_32_16
core16_4/core4_4/evalA/DP_OP_53J21_123_9578    274.0500     0.0    274.0500     0.0000 0.0000 Eval_32_1_DP_OP_53J21_123_9578_J21_0_11
core16_4/core4_4/evalA/DP_OP_54J21_124_907    391.7340     0.0    391.7340     0.0000 0.0000 Eval_32_1_DP_OP_54J21_124_907_J21_0_11
core16_4/core4_4/evalA/DP_OP_55J21_125_2024    378.3780     0.0    378.3780     0.0000 0.0000 Eval_32_1_DP_OP_55J21_125_2024_J21_0_11
core16_4/core4_4/evalB               518.4900      0.1      15.6240      0.0000  0.0000  Eval_33_16
core16_4/core4_4/evalB/DP_OP_54J23_122_55    131.5440     0.0    131.5440     0.0000 0.0000 Eval_33_16_DP_OP_54J23_122_55_J23_0
core16_4/core4_4/evalB/DP_OP_55J23_123_9619    185.5980     0.0    185.5980     0.0000 0.0000 Eval_33_16_DP_OP_55J23_123_9619_J23_0
core16_4/core4_4/evalB/DP_OP_56J23_124_3387    185.7240     0.0    185.7240     0.0000 0.0000 Eval_33_16_DP_OP_56J23_124_3387_J23_0
core16_4/core4_4/interp             3461.5980      0.4       0.7560    340.7040  0.0000  Interpolation_17
core16_4/core4_4/interp/interp      3120.1379      0.4       0.2520      0.0000  0.0000  InterpolationComb_17
core16_4/core4_4/interp/interp/DP_OP_106J20_122_8999   3119.8859     0.4   3119.8859     0.0000 0.0000 InterpolationComb_1_DP_OP_106J20_122_8999_J20_0_9
core16_4/core4_4/mult_x_1           1121.1480      0.1    1121.1480      0.0000  0.0000  core4_16_DW_mult_uns_J19_1
core16_4/core4_4/mult_x_2           1261.7640      0.1    1261.7640      0.0000  0.0000  core4_16_DW_mult_tc_J19_4
core16_4/core4_4/mult_x_3           1244.5020      0.1    1244.5020      0.0000  0.0000  core4_16_DW_mult_tc_J19_3
core16_4/core4_4/mult_x_4           1302.0840      0.1    1302.0840      0.0000  0.0000  core4_16_DW_mult_tc_J19_2
core16_4/core4_4/mult_x_5           1300.1940      0.1    1300.1940      0.0000  0.0000  core4_16_DW_mult_tc_J19_1
core16_4/core4_4/mult_x_6           1309.0140      0.1    1309.0140      0.0000  0.0000  core4_16_DW_mult_tc_J19_0
core16_4/core4_4/mult_x_7           1119.2580      0.1    1119.2580      0.0000  0.0000  core4_16_DW_mult_uns_J19_0
core16_4/core4_5                   14437.0798      1.6       0.7560    591.9480  0.0000  core4_15
core16_4/core4_5/evalA              1081.2060      0.1      34.5240      0.0000  0.0000  Eval_32_15
core16_4/core4_5/evalA/DP_OP_53J21_123_9578    274.0500     0.0    274.0500     0.0000 0.0000 Eval_32_1_DP_OP_53J21_123_9578_J21_0_10
core16_4/core4_5/evalA/DP_OP_54J21_124_907    392.9940     0.0    392.9940     0.0000 0.0000 Eval_32_1_DP_OP_54J21_124_907_J21_0_10
core16_4/core4_5/evalA/DP_OP_55J21_125_2024    379.6380     0.0    379.6380     0.0000 0.0000 Eval_32_1_DP_OP_55J21_125_2024_J21_0_10
core16_4/core4_5/evalB               534.3660      0.1      18.6480      0.0000  0.0000  Eval_33_15
core16_4/core4_5/evalB/DP_OP_53J27_122_4171    133.4340     0.0    133.4340     0.0000 0.0000 Eval_33_1_DP_OP_53J27_122_4171_J27_0_10
core16_4/core4_5/evalB/DP_OP_54J27_123_6227    197.9460     0.0    197.9460     0.0000 0.0000 Eval_33_1_DP_OP_54J27_123_6227_J27_0_10
core16_4/core4_5/evalB/DP_OP_55J27_124_3794    184.3380     0.0    184.3380     0.0000 0.0000 Eval_33_1_DP_OP_55J27_124_3794_J27_0_10
core16_4/core4_5/interp             3461.5980      0.4       0.7560    340.7040  0.0000  Interpolation_16
core16_4/core4_5/interp/interp      3120.1379      0.4       0.2520      0.0000  0.0000  InterpolationComb_16
core16_4/core4_5/interp/interp/DP_OP_106J20_122_8999   3119.8859     0.4   3119.8859     0.0000 0.0000 InterpolationComb_1_DP_OP_106J20_122_8999_J20_0_8
core16_4/core4_5/mult_x_1           1152.5220      0.1    1152.5220      0.0000  0.0000  core4_1_DW_mult_tc_J24_6_7
core16_4/core4_5/mult_x_2           1264.7880      0.1    1264.7880      0.0000  0.0000  core4_1_DW_mult_tc_J24_5_7
core16_4/core4_5/mult_x_3           1300.5720      0.1    1300.5720      0.0000  0.0000  core4_1_DW_mult_tc_J24_4_7
core16_4/core4_5/mult_x_4           1299.6900      0.1    1299.6900      0.0000  0.0000  core4_1_DW_mult_tc_J24_3_7
core16_4/core4_5/mult_x_5           1299.8160      0.1    1299.8160      0.0000  0.0000  core4_1_DW_mult_tc_J24_2_7
core16_4/core4_5/mult_x_6           1299.4380      0.1    1299.4380      0.0000  0.0000  core4_1_DW_mult_tc_J24_1_7
core16_4/core4_5/mult_x_7           1150.3800      0.1    1150.3800      0.0000  0.0000  core4_1_DW_mult_tc_J24_0_7
core16_4/core4_6                   12906.9358      1.5       1.0080    591.6960  0.0000  core4_14
core16_4/core4_6/evalA              1033.4520      0.1      31.5000      0.0000  0.0000  Eval_32_14
core16_4/core4_6/evalA/DP_OP_54J16_122_854    267.4980     0.0    267.4980     0.0000 0.0000 Eval_32_2_DP_OP_54J16_122_854_J16_0_1
core16_4/core4_6/evalA/DP_OP_55J16_123_7587    364.6440     0.0    364.6440     0.0000 0.0000 Eval_32_2_DP_OP_55J16_123_7587_J16_0_1
core16_4/core4_6/evalA/DP_OP_56J16_124_7642    369.8100     0.0    369.8100     0.0000 0.0000 Eval_32_2_DP_OP_56J16_124_7642_J16_0_1
core16_4/core4_6/evalB               401.1840      0.0      12.6000      0.0000  0.0000  Eval_33_14
core16_4/core4_6/evalB/DP_OP_54J25_125_5690    103.6980     0.0    103.6980     0.0000 0.0000 Eval_33_2_DP_OP_54J25_125_5690_J25_0_1
core16_4/core4_6/evalB/DP_OP_55J25_126_3915    137.3400     0.0    137.3400     0.0000 0.0000 Eval_33_2_DP_OP_55J25_126_3915_J25_0_1
core16_4/core4_6/evalB/DP_OP_56J25_127_920    147.5460     0.0    147.5460     0.0000 0.0000 Eval_33_2_DP_OP_56J25_127_920_J25_0_1
core16_4/core4_6/interp             3356.1360      0.4       0.7560    332.6400  0.0000  Interpolation_15
core16_4/core4_6/interp/interp      3022.7400      0.3       0.2520      0.0000  0.0000  InterpolationComb_15
core16_4/core4_6/interp/interp/DP_OP_106J21_122_6228   3022.4880     0.3   3022.4880     0.0000 0.0000 InterpolationComb_0_DP_OP_106J21_122_6228_J21_0_6
core16_4/core4_6/mult_x_1            957.8520      0.1     957.8520      0.0000  0.0000  core4_14_DW_mult_uns_J22_3_0
core16_4/core4_6/mult_x_2           1194.6060      0.1    1194.6060      0.0000  0.0000  core4_14_DW_mult_uns_J22_2_0
core16_4/core4_6/mult_x_3           1017.1980      0.1    1017.1980      0.0000  0.0000  core4_14_DW_mult_tc_J22_2_0
core16_4/core4_6/mult_x_4           1056.0060      0.1    1056.0060      0.0000  0.0000  core4_14_DW_mult_tc_J22_1_0
core16_4/core4_6/mult_x_5           1149.4980      0.1    1149.4980      0.0000  0.0000  core4_14_DW_mult_uns_J22_1_0
core16_4/core4_6/mult_x_6           1190.5740      0.1    1190.5740      0.0000  0.0000  core4_14_DW_mult_tc_J22_0_0
core16_4/core4_6/mult_x_7            957.7260      0.1     957.7260      0.0000  0.0000  core4_14_DW_mult_uns_J22_0_0
core16_4/evalA                      1033.4520      0.1      31.5000      0.0000  0.0000  Eval_32_60
core16_4/evalA/DP_OP_54J17_122_4682    267.4980     0.0    267.4980      0.0000  0.0000  Eval_32_57_DP_OP_54J17_122_4682_J17_0_3
core16_4/evalA/DP_OP_55J17_123_3462    364.6440     0.0    364.6440      0.0000  0.0000  Eval_32_57_DP_OP_55J17_123_3462_J17_0_3
core16_4/evalA/DP_OP_56J17_124_6905    369.8100     0.0    369.8100      0.0000  0.0000  Eval_32_57_DP_OP_56J17_124_6905_J17_0_3
core16_4/evalA_1                    1041.6420      0.1      31.5000      0.0000  0.0000  Eval_32_59
core16_4/evalA_1/DP_OP_54J17_122_4682    267.4980     0.0    267.4980     0.0000 0.0000  Eval_32_57_DP_OP_54J17_122_4682_J17_0_2
core16_4/evalA_1/DP_OP_55J17_123_3462    369.6840     0.0    369.6840     0.0000 0.0000  Eval_32_57_DP_OP_55J17_123_3462_J17_0_2
core16_4/evalA_1/DP_OP_56J17_124_6905    372.9600     0.0    372.9600     0.0000 0.0000  Eval_32_57_DP_OP_56J17_124_6905_J17_0_2
core16_4/evalA_2                    1041.6420      0.1      31.5000      0.0000  0.0000  Eval_32_58
core16_4/evalA_2/DP_OP_54J17_122_4682    267.4980     0.0    267.4980     0.0000 0.0000  Eval_32_57_DP_OP_54J17_122_4682_J17_0_1
core16_4/evalA_2/DP_OP_55J17_123_3462    371.5740     0.0    371.5740     0.0000 0.0000  Eval_32_57_DP_OP_55J17_123_3462_J17_0_1
core16_4/evalA_2/DP_OP_56J17_124_6905    371.0700     0.0    371.0700     0.0000 0.0000  Eval_32_57_DP_OP_56J17_124_6905_J17_0_1
core16_4/evalA_3                    1036.6020      0.1      31.5000      0.0000  0.0000  Eval_32_57
core16_4/evalA_3/DP_OP_54J17_122_4682    268.7580     0.0    268.7580     0.0000 0.0000  Eval_32_57_DP_OP_54J17_122_4682_J17_0_0
core16_4/evalA_3/DP_OP_55J17_123_3462    364.6440     0.0    364.6440     0.0000 0.0000  Eval_32_57_DP_OP_55J17_123_3462_J17_0_0
core16_4/evalA_3/DP_OP_56J17_124_6905    371.7000     0.0    371.7000     0.0000 0.0000  Eval_32_57_DP_OP_56J17_124_6905_J17_0_0
core16_4/evalB                       397.2780      0.0      12.7260      0.0000  0.0000  Eval_33_60
core16_4/evalB/DP_OP_54J26_125_6398    103.6980     0.0    103.6980      0.0000  0.0000  Eval_33_57_DP_OP_54J26_125_6398_J26_0_3
core16_4/evalB/DP_OP_55J26_126_5066    136.8360     0.0    136.8360      0.0000  0.0000  Eval_33_57_DP_OP_55J26_126_5066_J26_0_3
core16_4/evalB/DP_OP_56J26_127_6930    144.0180     0.0    144.0180      0.0000  0.0000  Eval_33_57_DP_OP_56J26_127_6930_J26_0_3
core16_4/evalB_1                     393.8760      0.0      11.8440      0.0000  0.0000  Eval_33_59
core16_4/evalB_1/DP_OP_54J26_125_6398    102.4380     0.0    102.4380     0.0000 0.0000  Eval_33_57_DP_OP_54J26_125_6398_J26_0_2
core16_4/evalB_1/DP_OP_55J26_126_5066    136.8360     0.0    136.8360     0.0000 0.0000  Eval_33_57_DP_OP_55J26_126_5066_J26_0_2
core16_4/evalB_1/DP_OP_56J26_127_6930    142.7580     0.0    142.7580     0.0000 0.0000  Eval_33_57_DP_OP_56J26_127_6930_J26_0_2
core16_4/evalB_2                     459.0180      0.1      11.8440      0.0000  0.0000  Eval_33_58
core16_4/evalB_2/DP_OP_54J26_125_6398    101.6820     0.0    101.6820     0.0000 0.0000  Eval_33_57_DP_OP_54J26_125_6398_J26_0_1
core16_4/evalB_2/DP_OP_55J26_126_5066    206.1360     0.0    206.1360     0.0000 0.0000  Eval_33_58_DP_OP_55J26_126_5066_0
core16_4/evalB_2/DP_OP_56J26_127_6930    139.3560     0.0    139.3560     0.0000 0.0000  Eval_33_57_DP_OP_56J26_127_6930_J26_0_1
core16_4/evalB_3                     399.6720      0.0      12.6000      0.0000  0.0000  Eval_33_57
core16_4/evalB_3/DP_OP_54J26_125_6398    104.8320     0.0    104.8320     0.0000 0.0000  Eval_33_57_DP_OP_54J26_125_6398_J26_0_0
core16_4/evalB_3/DP_OP_55J26_126_5066    136.8360     0.0    136.8360     0.0000 0.0000  Eval_33_57_DP_OP_55J26_126_5066_J26_0_0
core16_4/evalB_3/DP_OP_56J26_127_6930    145.4040     0.0    145.4040     0.0000 0.0000  Eval_33_57_DP_OP_56J26_127_6930_J26_0_0
core16_4/interp                    13266.1618      1.5       0.7560   1260.0000  0.0000  Interpolation_7_2
core16_4/interp/interp             12005.4058      1.4       0.2520      0.0000  0.0000  InterpolationComb_7_2
core16_4/interp/interp/DP_OP_421J11_122_4043  12005.1538     1.4  12005.1538     0.0000 0.0000 InterpolationComb_7_1_DP_OP_421J11_122_4043_J11_0_1
core16_5                          123228.3764     13.9       2.0160   2348.6400  0.0000  core16_1
core16_5/core4_0                   13888.7278      1.6       0.7560    591.6960  0.0000  core4_13
core16_5/core4_0/evalA              1079.6940      0.1      34.9020      0.0000  0.0000  Eval_32_13
core16_5/core4_0/evalA/DP_OP_53J21_123_9578    274.0500     0.0    274.0500     0.0000 0.0000 Eval_32_1_DP_OP_53J21_123_9578_J21_0_9
core16_5/core4_0/evalA/DP_OP_54J21_124_907    392.3640     0.0    392.3640     0.0000 0.0000 Eval_32_1_DP_OP_54J21_124_907_J21_0_9
core16_5/core4_0/evalA/DP_OP_55J21_125_2024    378.3780     0.0    378.3780     0.0000 0.0000 Eval_32_1_DP_OP_55J21_125_2024_J21_0_9
core16_5/core4_0/evalB               539.1540      0.1      17.8920      0.0000  0.0000  Eval_33_13
core16_5/core4_0/evalB/DP_OP_53J27_122_4171    134.5680     0.0    134.5680     0.0000 0.0000 Eval_33_1_DP_OP_53J27_122_4171_J27_0_9
core16_5/core4_0/evalB/DP_OP_54J27_123_6227    199.0800     0.0    199.0800     0.0000 0.0000 Eval_33_1_DP_OP_54J27_123_6227_J27_0_9
core16_5/core4_0/evalB/DP_OP_55J27_124_3794    187.6140     0.0    187.6140     0.0000 0.0000 Eval_33_1_DP_OP_55J27_124_3794_J27_0_9
core16_5/core4_0/interp             3356.1360      0.4       0.7560    332.6400  0.0000  Interpolation_14
core16_5/core4_0/interp/interp      3022.7400      0.3       0.2520      0.0000  0.0000  InterpolationComb_14
core16_5/core4_0/interp/interp/DP_OP_106J21_122_6228   3022.4880     0.3   3022.4880     0.0000 0.0000 InterpolationComb_0_DP_OP_106J21_122_6228_J21_0_5
core16_5/core4_0/mult_x_1            925.2180      0.1     925.2180      0.0000  0.0000  core4_7_DW_mult_tc_J23_6_2
core16_5/core4_0/mult_x_2           1266.0480      0.1    1266.0480      0.0000  0.0000  core4_7_DW_mult_tc_J23_5_2
core16_5/core4_0/mult_x_3           1297.9260      0.1    1297.9260      0.0000  0.0000  core4_7_DW_mult_tc_J23_4_2
core16_5/core4_0/mult_x_4           1306.2420      0.1    1306.2420      0.0000  0.0000  core4_7_DW_mult_tc_J23_3_2
core16_5/core4_0/mult_x_5           1303.3440      0.1    1303.3440      0.0000  0.0000  core4_7_DW_mult_tc_J23_2_2
core16_5/core4_0/mult_x_6           1298.5560      0.1    1298.5560      0.0000  0.0000  core4_7_DW_mult_tc_J23_1_2
core16_5/core4_0/mult_x_7            923.9580      0.1     923.9580      0.0000  0.0000  core4_7_DW_mult_tc_J23_0_2
core16_5/core4_1                   14582.1058      1.6       0.7560    591.9480  0.0000  core4_12
core16_5/core4_1/evalA              1078.8120      0.1      34.6500      0.0000  0.0000  Eval_32_12
core16_5/core4_1/evalA/DP_OP_53J21_123_9578    274.0500     0.0    274.0500     0.0000 0.0000 Eval_32_1_DP_OP_53J21_123_9578_J21_0_8
core16_5/core4_1/evalA/DP_OP_54J21_124_907    391.7340     0.0    391.7340     0.0000 0.0000 Eval_32_1_DP_OP_54J21_124_907_J21_0_8
core16_5/core4_1/evalA/DP_OP_55J21_125_2024    378.3780     0.0    378.3780     0.0000 0.0000 Eval_32_1_DP_OP_55J21_125_2024_J21_0_8
core16_5/core4_1/evalB               537.5160      0.1      18.2700      0.0000  0.0000  Eval_33_12
core16_5/core4_1/evalB/DP_OP_53J27_122_4171    134.6940     0.0    134.6940     0.0000 0.0000 Eval_33_1_DP_OP_53J27_122_4171_J27_0_8
core16_5/core4_1/evalB/DP_OP_54J27_123_6227    200.2140     0.0    200.2140     0.0000 0.0000 Eval_33_1_DP_OP_54J27_123_6227_J27_0_8
core16_5/core4_1/evalB/DP_OP_55J27_124_3794    184.3380     0.0    184.3380     0.0000 0.0000 Eval_33_1_DP_OP_55J27_124_3794_J27_0_8
core16_5/core4_1/interp             3356.1360      0.4       0.7560    332.6400  0.0000  Interpolation_13
core16_5/core4_1/interp/interp      3022.7400      0.3       0.2520      0.0000  0.0000  InterpolationComb_13
core16_5/core4_1/interp/interp/DP_OP_106J21_122_6228   3022.4880     0.3   3022.4880     0.0000 0.0000 InterpolationComb_0_DP_OP_106J21_122_6228_J21_0_4
core16_5/core4_1/mult_x_1           1262.7720      0.1    1262.7720      0.0000  0.0000  core4_7_DW_mult_tc_J23_6_1
core16_5/core4_1/mult_x_2           1262.2680      0.1    1262.2680      0.0000  0.0000  core4_7_DW_mult_tc_J23_5_1
core16_5/core4_1/mult_x_3           1302.2100      0.1    1302.2100      0.0000  0.0000  core4_7_DW_mult_tc_J23_4_1
core16_5/core4_1/mult_x_4           1322.8740      0.1    1322.8740      0.0000  0.0000  core4_7_DW_mult_tc_J23_3_1
core16_5/core4_1/mult_x_5           1299.0600      0.1    1299.0600      0.0000  0.0000  core4_7_DW_mult_tc_J23_2_1
core16_5/core4_1/mult_x_6           1304.6040      0.1    1304.6040      0.0000  0.0000  core4_7_DW_mult_tc_J23_1_1
core16_5/core4_1/mult_x_7           1263.1500      0.1    1263.1500      0.0000  0.0000  core4_7_DW_mult_tc_J23_0_1
core16_5/core4_2                   14672.0698      1.7       0.7560    591.8220  0.0000  core4_11
core16_5/core4_2/evalA              1078.8120      0.1      34.6500      0.0000  0.0000  Eval_32_11
core16_5/core4_2/evalA/DP_OP_53J21_123_9578    274.0500     0.0    274.0500     0.0000 0.0000 Eval_32_1_DP_OP_53J21_123_9578_J21_0_7
core16_5/core4_2/evalA/DP_OP_54J21_124_907    391.7340     0.0    391.7340     0.0000 0.0000 Eval_32_1_DP_OP_54J21_124_907_J21_0_7
core16_5/core4_2/evalA/DP_OP_55J21_125_2024    378.3780     0.0    378.3780     0.0000 0.0000 Eval_32_1_DP_OP_55J21_125_2024_J21_0_7
core16_5/core4_2/evalB               535.2480      0.1      17.8920      0.0000  0.0000  Eval_33_11
core16_5/core4_2/evalB/DP_OP_53J27_122_4171    132.6780     0.0    132.6780     0.0000 0.0000 Eval_33_1_DP_OP_53J27_122_4171_J27_0_7
core16_5/core4_2/evalB/DP_OP_54J27_123_6227    200.0880     0.0    200.0880     0.0000 0.0000 Eval_33_1_DP_OP_54J27_123_6227_J27_0_7
core16_5/core4_2/evalB/DP_OP_55J27_124_3794    184.5900     0.0    184.5900     0.0000 0.0000 Eval_33_1_DP_OP_55J27_124_3794_J27_0_7
core16_5/core4_2/interp             3462.1020      0.4       0.7560    340.7040  0.0000  Interpolation_12
core16_5/core4_2/interp/interp      3120.6419      0.4       0.2520      0.0000  0.0000  InterpolationComb_12
core16_5/core4_2/interp/interp/DP_OP_106J20_122_8999   3120.3899     0.4   3120.3899     0.0000 0.0000 InterpolationComb_1_DP_OP_106J20_122_8999_J20_0_7
core16_5/core4_2/mult_x_1           1266.8040      0.1    1266.8040      0.0000  0.0000  core4_1_DW_mult_tc_J24_6_6
core16_5/core4_2/mult_x_2           1261.6380      0.1    1261.6380      0.0000  0.0000  core4_1_DW_mult_tc_J24_5_6
core16_5/core4_2/mult_x_3           1300.4460      0.1    1300.4460      0.0000  0.0000  core4_1_DW_mult_tc_J24_4_6
core16_5/core4_2/mult_x_4           1315.0620      0.1    1315.0620      0.0000  0.0000  core4_1_DW_mult_tc_J24_3_6
core16_5/core4_2/mult_x_5           1299.3120      0.1    1299.3120      0.0000  0.0000  core4_1_DW_mult_tc_J24_2_6
core16_5/core4_2/mult_x_6           1298.9340      0.1    1298.9340      0.0000  0.0000  core4_1_DW_mult_tc_J24_1_6
core16_5/core4_2/mult_x_7           1261.1340      0.1    1261.1340      0.0000  0.0000  core4_1_DW_mult_tc_J24_0_6
core16_5/core4_3                   14700.4198      1.7       0.7560    591.8220  0.0000  core4_10
core16_5/core4_3/evalA              1078.5600      0.1      34.3980      0.0000  0.0000  Eval_32_10
core16_5/core4_3/evalA/DP_OP_53J21_123_9578    274.0500     0.0    274.0500     0.0000 0.0000 Eval_32_1_DP_OP_53J21_123_9578_J21_0_6
core16_5/core4_3/evalA/DP_OP_54J21_124_907    391.7340     0.0    391.7340     0.0000 0.0000 Eval_32_1_DP_OP_54J21_124_907_J21_0_6
core16_5/core4_3/evalA/DP_OP_55J21_125_2024    378.3780     0.0    378.3780     0.0000 0.0000 Eval_32_1_DP_OP_55J21_125_2024_J21_0_6
core16_5/core4_3/evalB               539.0280      0.1      18.1440      0.0000  0.0000  Eval_33_10
core16_5/core4_3/evalB/DP_OP_53J27_122_4171    132.6780     0.0    132.6780     0.0000 0.0000 Eval_33_1_DP_OP_53J27_122_4171_J27_0_6
core16_5/core4_3/evalB/DP_OP_54J27_123_6227    201.7260     0.0    201.7260     0.0000 0.0000 Eval_33_1_DP_OP_54J27_123_6227_J27_0_6
core16_5/core4_3/evalB/DP_OP_55J27_124_3794    186.4800     0.0    186.4800     0.0000 0.0000 Eval_33_1_DP_OP_55J27_124_3794_J27_0_6
core16_5/core4_3/interp             3462.1020      0.4       0.7560    340.7040  0.0000  Interpolation_11
core16_5/core4_3/interp/interp      3120.6419      0.4       0.2520      0.0000  0.0000  InterpolationComb_11
core16_5/core4_3/interp/interp/DP_OP_106J20_122_8999   3120.3899     0.4   3120.3899     0.0000 0.0000 InterpolationComb_1_DP_OP_106J20_122_8999_J20_0_6
core16_5/core4_3/mult_x_1           1264.1580      0.1    1264.1580      0.0000  0.0000  core4_1_DW_mult_tc_J24_6_5
core16_5/core4_3/mult_x_2           1262.2680      0.1    1262.2680      0.0000  0.0000  core4_1_DW_mult_tc_J24_5_5
core16_5/core4_3/mult_x_3           1298.6820      0.1    1298.6820      0.0000  0.0000  core4_1_DW_mult_tc_J24_4_5
core16_5/core4_3/mult_x_4           1323.2520      0.1    1323.2520      0.0000  0.0000  core4_1_DW_mult_tc_J24_3_5
core16_5/core4_3/mult_x_5           1317.4560      0.1    1317.4560      0.0000  0.0000  core4_1_DW_mult_tc_J24_2_5
core16_5/core4_3/mult_x_6           1298.1780      0.1    1298.1780      0.0000  0.0000  core4_1_DW_mult_tc_J24_1_5
core16_5/core4_3/mult_x_7           1264.1580      0.1    1264.1580      0.0000  0.0000  core4_1_DW_mult_tc_J24_0_5
core16_5/core4_4                   14674.8418      1.7       0.5040    591.5700  0.0000  core4_9
core16_5/core4_4/evalA              1080.0720      0.1      34.6500      0.0000  0.0000  Eval_32_9
core16_5/core4_4/evalA/DP_OP_53J21_123_9578    274.0500     0.0    274.0500     0.0000 0.0000 Eval_32_1_DP_OP_53J21_123_9578_J21_0_5
core16_5/core4_4/evalA/DP_OP_54J21_124_907    391.7340     0.0    391.7340     0.0000 0.0000 Eval_32_1_DP_OP_54J21_124_907_J21_0_5
core16_5/core4_4/evalA/DP_OP_55J21_125_2024    379.6380     0.0    379.6380     0.0000 0.0000 Eval_32_1_DP_OP_55J21_125_2024_J21_0_5
core16_5/core4_4/evalB               536.3820      0.1      18.2700      0.0000  0.0000  Eval_33_9
core16_5/core4_4/evalB/DP_OP_53J27_122_4171    134.9460     0.0    134.9460     0.0000 0.0000 Eval_33_1_DP_OP_53J27_122_4171_J27_0_5
core16_5/core4_4/evalB/DP_OP_54J27_123_6227    198.8280     0.0    198.8280     0.0000 0.0000 Eval_33_1_DP_OP_54J27_123_6227_J27_0_5
core16_5/core4_4/evalB/DP_OP_55J27_124_3794    184.3380     0.0    184.3380     0.0000 0.0000 Eval_33_1_DP_OP_55J27_124_3794_J27_0_5
core16_5/core4_4/interp             3461.5980      0.4       0.7560    340.7040  0.0000  Interpolation_10
core16_5/core4_4/interp/interp      3120.1379      0.4       0.2520      0.0000  0.0000  InterpolationComb_10
core16_5/core4_4/interp/interp/DP_OP_106J20_122_8999   3119.8859     0.4   3119.8859     0.0000 0.0000 InterpolationComb_1_DP_OP_106J20_122_8999_J20_0_5
core16_5/core4_4/mult_x_1           1261.2600      0.1    1261.2600      0.0000  0.0000  core4_1_DW_mult_tc_J24_6_4
core16_5/core4_4/mult_x_2           1267.6860      0.1    1267.6860      0.0000  0.0000  core4_1_DW_mult_tc_J24_5_4
core16_5/core4_4/mult_x_3           1306.7460      0.1    1306.7460      0.0000  0.0000  core4_1_DW_mult_tc_J24_4_4
core16_5/core4_4/mult_x_4           1305.7380      0.1    1305.7380      0.0000  0.0000  core4_1_DW_mult_tc_J24_3_4
core16_5/core4_4/mult_x_5           1298.8080      0.1    1298.8080      0.0000  0.0000  core4_1_DW_mult_tc_J24_2_4
core16_5/core4_4/mult_x_6           1297.8000      0.1    1297.8000      0.0000  0.0000  core4_1_DW_mult_tc_J24_1_4
core16_5/core4_4/mult_x_7           1266.6780      0.1    1266.6780      0.0000  0.0000  core4_1_DW_mult_tc_J24_0_4
core16_5/core4_5                   14692.8598      1.7       0.7560    591.6960  0.0000  core4_8
core16_5/core4_5/evalA              1078.8120      0.1      34.6500      0.0000  0.0000  Eval_32_8
core16_5/core4_5/evalA/DP_OP_53J21_123_9578    274.0500     0.0    274.0500     0.0000 0.0000 Eval_32_1_DP_OP_53J21_123_9578_J21_0_4
core16_5/core4_5/evalA/DP_OP_54J21_124_907    391.7340     0.0    391.7340     0.0000 0.0000 Eval_32_1_DP_OP_54J21_124_907_J21_0_4
core16_5/core4_5/evalA/DP_OP_55J21_125_2024    378.3780     0.0    378.3780     0.0000 0.0000 Eval_32_1_DP_OP_55J21_125_2024_J21_0_4
core16_5/core4_5/evalB               542.1780      0.1      18.2700      0.0000  0.0000  Eval_33_8
core16_5/core4_5/evalB/DP_OP_53J27_122_4171    133.3080     0.0    133.3080     0.0000 0.0000 Eval_33_1_DP_OP_53J27_122_4171_J27_0_4
core16_5/core4_5/evalB/DP_OP_54J27_123_6227    201.4740     0.0    201.4740     0.0000 0.0000 Eval_33_1_DP_OP_54J27_123_6227_J27_0_4
core16_5/core4_5/evalB/DP_OP_55J27_124_3794    189.1260     0.0    189.1260     0.0000 0.0000 Eval_33_1_DP_OP_55J27_124_3794_J27_0_4
core16_5/core4_5/interp             3463.1100      0.4       0.7560    340.7040  0.0000  Interpolation_9
core16_5/core4_5/interp/interp      3121.6499      0.4       0.2520      0.0000  0.0000  InterpolationComb_9
core16_5/core4_5/interp/interp/DP_OP_106J20_122_8999   3121.3979     0.4   3121.3979     0.0000 0.0000 InterpolationComb_1_DP_OP_106J20_122_8999_J20_0_4
core16_5/core4_5/mult_x_1           1264.4100      0.1    1264.4100      0.0000  0.0000  core4_1_DW_mult_tc_J24_6_3
core16_5/core4_5/mult_x_2           1262.7720      0.1    1262.7720      0.0000  0.0000  core4_1_DW_mult_tc_J24_5_3
core16_5/core4_5/mult_x_3           1325.1420      0.1    1325.1420      0.0000  0.0000  core4_1_DW_mult_tc_J24_4_3
core16_5/core4_5/mult_x_4           1298.4300      0.1    1298.4300      0.0000  0.0000  core4_1_DW_mult_tc_J24_3_3
core16_5/core4_5/mult_x_5           1297.5480      0.1    1297.5480      0.0000  0.0000  core4_1_DW_mult_tc_J24_2_3
core16_5/core4_5/mult_x_6           1300.4460      0.1    1300.4460      0.0000  0.0000  core4_1_DW_mult_tc_J24_1_3
core16_5/core4_5/mult_x_7           1267.5600      0.1    1267.5600      0.0000  0.0000  core4_1_DW_mult_tc_J24_0_3
core16_5/core4_6                   13894.2718      1.6       0.7560    591.8220  0.0000  core4_7
core16_5/core4_6/evalA              1078.9380      0.1      34.7760      0.0000  0.0000  Eval_32_7
core16_5/core4_6/evalA/DP_OP_53J21_123_9578    274.0500     0.0    274.0500     0.0000 0.0000 Eval_32_1_DP_OP_53J21_123_9578_J21_0_3
core16_5/core4_6/evalA/DP_OP_54J21_124_907    391.7340     0.0    391.7340     0.0000 0.0000 Eval_32_1_DP_OP_54J21_124_907_J21_0_3
core16_5/core4_6/evalA/DP_OP_55J21_125_2024    378.3780     0.0    378.3780     0.0000 0.0000 Eval_32_1_DP_OP_55J21_125_2024_J21_0_3
core16_5/core4_6/evalB               543.9420      0.1      17.8920      0.0000  0.0000  Eval_33_7
core16_5/core4_6/evalB/DP_OP_53J27_122_4171    134.0640     0.0    134.0640     0.0000 0.0000 Eval_33_1_DP_OP_53J27_122_4171_J27_0_3
core16_5/core4_6/evalB/DP_OP_54J27_123_6227    204.8760     0.0    204.8760     0.0000 0.0000 Eval_33_1_DP_OP_54J27_123_6227_J27_0_3
core16_5/core4_6/evalB/DP_OP_55J27_124_3794    187.1100     0.0    187.1100     0.0000 0.0000 Eval_33_1_DP_OP_55J27_124_3794_J27_0_3
core16_5/core4_6/interp             3356.1360      0.4       0.7560    332.6400  0.0000  Interpolation_8
core16_5/core4_6/interp/interp      3022.7400      0.3       0.2520      0.0000  0.0000  InterpolationComb_8
core16_5/core4_6/interp/interp/DP_OP_106J21_122_6228   3022.4880     0.3   3022.4880     0.0000 0.0000 InterpolationComb_0_DP_OP_106J21_122_6228_J21_0_3
core16_5/core4_6/mult_x_1            922.8240      0.1     922.8240      0.0000  0.0000  core4_7_DW_mult_tc_J23_6_0
core16_5/core4_6/mult_x_2           1265.1660      0.1    1265.1660      0.0000  0.0000  core4_7_DW_mult_tc_J23_5_0
core16_5/core4_6/mult_x_3           1299.5640      0.1    1299.5640      0.0000  0.0000  core4_7_DW_mult_tc_J23_4_0
core16_5/core4_6/mult_x_4           1303.7220      0.1    1303.7220      0.0000  0.0000  core4_7_DW_mult_tc_J23_3_0
core16_5/core4_6/mult_x_5           1304.6040      0.1    1304.6040      0.0000  0.0000  core4_7_DW_mult_tc_J23_2_0
core16_5/core4_6/mult_x_6           1303.0920      0.1    1303.0920      0.0000  0.0000  core4_7_DW_mult_tc_J23_1_0
core16_5/core4_6/mult_x_7            923.7060      0.1     923.7060      0.0000  0.0000  core4_7_DW_mult_tc_J23_0_0
core16_5/evalA                      1079.6940      0.1      34.2720      0.0000  0.0000  Eval_32_56
core16_5/evalA/DP_OP_53J21_123_9578    274.0500     0.0    274.0500      0.0000  0.0000  Eval_32_1_DP_OP_53J21_123_9578_J21_0_36
core16_5/evalA/DP_OP_54J21_124_907    392.9940     0.0     392.9940      0.0000  0.0000  Eval_32_1_DP_OP_54J21_124_907_J21_0_36
core16_5/evalA/DP_OP_55J21_125_2024    378.3780     0.0    378.3780      0.0000  0.0000  Eval_32_1_DP_OP_55J21_125_2024_J21_0_36
core16_5/evalA_1                    1078.9380      0.1      34.7760      0.0000  0.0000  Eval_32_55
core16_5/evalA_1/DP_OP_53J21_123_9578    274.0500     0.0    274.0500     0.0000 0.0000  Eval_32_1_DP_OP_53J21_123_9578_J21_0_35
core16_5/evalA_1/DP_OP_54J21_124_907    391.7340     0.0    391.7340     0.0000  0.0000  Eval_32_1_DP_OP_54J21_124_907_J21_0_35
core16_5/evalA_1/DP_OP_55J21_125_2024    378.3780     0.0    378.3780     0.0000 0.0000  Eval_32_1_DP_OP_55J21_125_2024_J21_0_35
core16_5/evalA_2                    1079.5680      0.1      34.7760      0.0000  0.0000  Eval_32_54
core16_5/evalA_2/DP_OP_53J21_123_9578    274.0500     0.0    274.0500     0.0000 0.0000  Eval_32_1_DP_OP_53J21_123_9578_J21_0_34
core16_5/evalA_2/DP_OP_54J21_124_907    392.3640     0.0    392.3640     0.0000  0.0000  Eval_32_1_DP_OP_54J21_124_907_J21_0_34
core16_5/evalA_2/DP_OP_55J21_125_2024    378.3780     0.0    378.3780     0.0000 0.0000  Eval_32_1_DP_OP_55J21_125_2024_J21_0_34
core16_5/evalA_3                    1097.7120      0.1      34.3980      0.0000  0.0000  Eval_32_53
core16_5/evalA_3/DP_OP_53J21_123_9578    275.3100     0.0    275.3100     0.0000 0.0000  Eval_32_1_DP_OP_53J21_123_9578_J21_0_33
core16_5/evalA_3/DP_OP_54J21_124_907    398.6640     0.0    398.6640     0.0000  0.0000  Eval_32_1_DP_OP_54J21_124_907_J21_0_33
core16_5/evalA_3/DP_OP_55J21_125_2024    389.3400     0.0    389.3400     0.0000 0.0000  Eval_32_1_DP_OP_55J21_125_2024_J21_0_33
core16_5/evalB                       541.0440      0.1      16.8840      0.0000  0.0000  Eval_33_56
core16_5/evalB/DP_OP_53J27_122_4171    136.8360     0.0    136.8360      0.0000  0.0000  Eval_33_1_DP_OP_53J27_122_4171_J27_0_32
core16_5/evalB/DP_OP_54J27_123_6227    201.3480     0.0    201.3480      0.0000  0.0000  Eval_33_1_DP_OP_54J27_123_6227_J27_0_32
core16_5/evalB/DP_OP_55J27_124_3794    185.9760     0.0    185.9760      0.0000  0.0000  Eval_33_1_DP_OP_55J27_124_3794_J27_0_32
core16_5/evalB_1                     553.7700      0.1      16.8840      0.0000  0.0000  Eval_33_55
core16_5/evalB_1/DP_OP_53J27_122_4171    134.6940     0.0    134.6940     0.0000 0.0000  Eval_33_1_DP_OP_53J27_122_4171_J27_0_31
core16_5/evalB_1/DP_OP_54J27_123_6227    207.6480     0.0    207.6480     0.0000 0.0000  Eval_33_1_DP_OP_54J27_123_6227_J27_0_31
core16_5/evalB_1/DP_OP_55J27_124_3794    194.5440     0.0    194.5440     0.0000 0.0000  Eval_33_1_DP_OP_55J27_124_3794_J27_0_31
core16_5/evalB_2                     531.7200      0.1      17.0100      0.0000  0.0000  Eval_33_54
core16_5/evalB_2/DP_OP_53J27_122_4171    132.6780     0.0    132.6780     0.0000 0.0000  Eval_33_1_DP_OP_53J27_122_4171_J27_0_30
core16_5/evalB_2/DP_OP_54J27_123_6227    197.6940     0.0    197.6940     0.0000 0.0000  Eval_33_1_DP_OP_54J27_123_6227_J27_0_30
core16_5/evalB_2/DP_OP_55J27_124_3794    184.3380     0.0    184.3380     0.0000 0.0000  Eval_33_1_DP_OP_55J27_124_3794_J27_0_30
core16_5/evalB_3                     543.8160      0.1      16.6320      0.0000  0.0000  Eval_33_53
core16_5/evalB_3/DP_OP_53J27_122_4171    139.1040     0.0    139.1040     0.0000 0.0000  Eval_33_1_DP_OP_53J27_122_4171_J27_0_29
core16_5/evalB_3/DP_OP_54J27_123_6227    198.9540     0.0    198.9540     0.0000 0.0000  Eval_33_1_DP_OP_54J27_123_6227_J27_0_29
core16_5/evalB_3/DP_OP_55J27_124_3794    189.1260     0.0    189.1260     0.0000 0.0000  Eval_33_1_DP_OP_55J27_124_3794_J27_0_29
core16_5/interp                    13266.1618      1.5       0.7560   1260.0000  0.0000  Interpolation_7_1
core16_5/interp/interp             12005.4058      1.4       0.2520      0.0000  0.0000  InterpolationComb_7_1
core16_5/interp/interp/DP_OP_421J11_122_4043  12005.1538     1.4  12005.1538     0.0000 0.0000 InterpolationComb_7_1_DP_OP_421J11_122_4043_J11_0_0
core16_6                          106806.2925     12.1       2.0160   2348.6400  0.0000  core16_0
core16_6/core4_0                   10828.5658      1.2       0.7560    591.5700  0.0000  core4_6
core16_6/core4_0/evalA               915.8940      0.1      27.7200      0.0000  0.0000  Eval_32_6
core16_6/core4_0/evalA/DP_OP_54J22_122_5955    237.3840     0.0    237.3840     0.0000 0.0000 Eval_32_0_DP_OP_54J22_122_5955_J22_0_1
core16_6/core4_0/evalA/DP_OP_55J22_123_5437    322.4340     0.0    322.4340     0.0000 0.0000 Eval_32_0_DP_OP_55J22_123_5437_J22_0_1
core16_6/core4_0/evalA/DP_OP_56J22_124_5252    328.3560     0.0    328.3560     0.0000 0.0000 Eval_32_0_DP_OP_56J22_124_5252_J22_0_1
core16_6/core4_0/evalB               279.0900      0.0       8.3160      0.0000  0.0000  Eval_33_6
core16_6/core4_0/evalB/DP_OP_54J21_129_8018     71.5680     0.0     71.5680     0.0000 0.0000 Eval_33_0_DP_OP_54J21_129_8018_J21_0_1
core16_6/core4_0/evalB/DP_OP_55J21_130_2896     96.7680     0.0     96.7680     0.0000 0.0000 Eval_33_0_DP_OP_55J21_130_2896_J21_0_1
core16_6/core4_0/evalB/DP_OP_56J21_131_6631    102.4380     0.0    102.4380     0.0000 0.0000 Eval_33_0_DP_OP_56J21_131_6631_J21_0_1
core16_6/core4_0/interp             3356.1360      0.4       0.7560    332.6400  0.0000  Interpolation_6
core16_6/core4_0/interp/interp      3022.7400      0.3       0.2520      0.0000  0.0000  InterpolationComb_6
core16_6/core4_0/interp/interp/DP_OP_106J21_122_6228   3022.4880     0.3   3022.4880     0.0000 0.0000 InterpolationComb_0_DP_OP_106J21_122_6228_J21_0_2
core16_6/core4_0/mult_x_1            625.5900      0.1     625.5900      0.0000  0.0000  core4_0_DW_mult_uns_J16_3_1
core16_6/core4_0/mult_x_2            923.3280      0.1     923.3280      0.0000  0.0000  core4_0_DW_mult_uns_J16_2_1
core16_6/core4_0/mult_x_3            801.1080      0.1     801.1080      0.0000  0.0000  core4_0_DW_mult_tc_J16_2_1
core16_6/core4_0/mult_x_4            786.4920      0.1     786.4920      0.0000  0.0000  core4_0_DW_mult_tc_J16_1_1
core16_6/core4_0/mult_x_5            975.9960      0.1     975.9960      0.0000  0.0000  core4_0_DW_mult_uns_J16_1_1
core16_6/core4_0/mult_x_6            947.0160      0.1     947.0160      0.0000  0.0000  core4_0_DW_mult_tc_J16_0_1
core16_6/core4_0/mult_x_7            625.5900      0.1     625.5900      0.0000  0.0000  core4_0_DW_mult_uns_J16_0_1
core16_6/core4_1                   12953.4298      1.5       0.7560    591.5700  0.0000  core4_5
core16_6/core4_1/evalA              1031.9400      0.1      31.5000      0.0000  0.0000  Eval_32_5
core16_6/core4_1/evalA/DP_OP_54J20_126_8276    266.9940     0.0    266.9940     0.0000 0.0000 Eval_32_5_DP_OP_54J20_126_8276_J20_0_0
core16_6/core4_1/evalA/DP_OP_55J20_127_5033    367.1640     0.0    367.1640     0.0000 0.0000 Eval_32_5_DP_OP_55J20_127_5033_J20_0_0
core16_6/core4_1/evalA/DP_OP_56J20_128_5140    366.2820     0.0    366.2820     0.0000 0.0000 Eval_32_5_DP_OP_56J20_128_5140_J20_0_0
core16_6/core4_1/evalB               397.5300      0.0      11.8440      0.0000  0.0000  Eval_33_5
core16_6/core4_1/evalB/DP_OP_54J24_125_9656    106.5960     0.0    106.5960     0.0000 0.0000 Eval_33_5_DP_OP_54J24_125_9656_J24_0_0
core16_6/core4_1/evalB/DP_OP_55J24_126_3545    139.6080     0.0    139.6080     0.0000 0.0000 Eval_33_5_DP_OP_55J24_126_3545_J24_0_0
core16_6/core4_1/evalB/DP_OP_56J24_127_863    139.4820     0.0    139.4820     0.0000 0.0000 Eval_33_5_DP_OP_56J24_127_863_J24_0_0
core16_6/core4_1/interp             3356.1360      0.4       0.7560    332.6400  0.0000  Interpolation_5
core16_6/core4_1/interp/interp      3022.7400      0.3       0.2520      0.0000  0.0000  InterpolationComb_5
core16_6/core4_1/interp/interp/DP_OP_106J21_122_6228   3022.4880     0.3   3022.4880     0.0000 0.0000 InterpolationComb_0_DP_OP_106J21_122_6228_J21_0_1
core16_6/core4_1/mult_x_1            923.7060      0.1     923.7060      0.0000  0.0000  core4_5_DW_mult_uns_J31_3_0
core16_6/core4_1/mult_x_2           1174.5720      0.1    1174.5720      0.0000  0.0000  core4_5_DW_mult_uns_J31_2_0
core16_6/core4_1/mult_x_3           1111.8240      0.1    1111.8240      0.0000  0.0000  core4_5_DW_mult_tc_J31_2_0
core16_6/core4_1/mult_x_4           1083.3480      0.1    1083.3480      0.0000  0.0000  core4_5_DW_mult_tc_J31_1_0
core16_6/core4_1/mult_x_5           1150.6320      0.1    1150.6320      0.0000  0.0000  core4_5_DW_mult_uns_J31_1_0
core16_6/core4_1/mult_x_6           1210.8600      0.1    1210.8600      0.0000  0.0000  core4_5_DW_mult_tc_J31_0_0
core16_6/core4_1/mult_x_7            920.5560      0.1     920.5560      0.0000  0.0000  core4_5_DW_mult_uns_J31_0_0
core16_6/core4_2                   11688.1378      1.3       0.7560    591.5700  0.0000  core4_4
core16_6/core4_2/evalA               958.2300      0.1      29.2320      0.0000  0.0000  Eval_32_4
core16_6/core4_2/evalA/DP_OP_53J21_123_9578    246.4560     0.0    246.4560     0.0000 0.0000 Eval_32_1_DP_OP_53J21_123_9578_J21_0_2
core16_6/core4_2/evalA/DP_OP_54J21_124_907    338.6880     0.0    338.6880     0.0000 0.0000 Eval_32_1_DP_OP_54J21_124_907_J21_0_2
core16_6/core4_2/evalA/DP_OP_55J21_125_2024    343.8540     0.0    343.8540     0.0000 0.0000 Eval_32_1_DP_OP_55J21_125_2024_J21_0_2
core16_6/core4_2/evalB               317.6460      0.0       9.3240      0.0000  0.0000  Eval_33_4
core16_6/core4_2/evalB/DP_OP_53J27_122_4171     81.0180     0.0     81.0180     0.0000 0.0000 Eval_33_1_DP_OP_53J27_122_4171_J27_0_2
core16_6/core4_2/evalB/DP_OP_54J27_123_6227    111.1320     0.0    111.1320     0.0000 0.0000 Eval_33_1_DP_OP_54J27_123_6227_J27_0_2
core16_6/core4_2/evalB/DP_OP_55J27_124_3794    116.1720     0.0    116.1720     0.0000 0.0000 Eval_33_1_DP_OP_55J27_124_3794_J27_0_2
core16_6/core4_2/interp             3462.6060      0.4       0.7560    340.7040  0.0000  Interpolation_4
core16_6/core4_2/interp/interp      3121.1459      0.4       0.2520      0.0000  0.0000  InterpolationComb_4
core16_6/core4_2/interp/interp/DP_OP_106J20_122_8999   3120.8939     0.4   3120.8939     0.0000 0.0000 InterpolationComb_1_DP_OP_106J20_122_8999_J20_0_3
core16_6/core4_2/mult_x_1            786.1140      0.1     786.1140      0.0000  0.0000  core4_1_DW_mult_tc_J24_6_2
core16_6/core4_2/mult_x_2            961.6320      0.1     961.6320      0.0000  0.0000  core4_1_DW_mult_tc_J24_5_2
core16_6/core4_2/mult_x_3            860.9580      0.1     860.9580      0.0000  0.0000  core4_1_DW_mult_tc_J24_4_2
core16_6/core4_2/mult_x_4            917.5320      0.1     917.5320      0.0000  0.0000  core4_1_DW_mult_tc_J24_3_2
core16_6/core4_2/mult_x_5            982.4220      0.1     982.4220      0.0000  0.0000  core4_1_DW_mult_tc_J24_2_2
core16_6/core4_2/mult_x_6           1059.0300      0.1    1059.0300      0.0000  0.0000  core4_1_DW_mult_tc_J24_1_2
core16_6/core4_2/mult_x_7            789.6420      0.1     789.6420      0.0000  0.0000  core4_1_DW_mult_tc_J24_0_2
core16_6/core4_3                   13664.9518      1.5       0.7560    591.6960  0.0000  core4_3
core16_6/core4_3/evalA              1080.5760      0.1      34.5240      0.0000  0.0000  Eval_32_3
core16_6/core4_3/evalA/DP_OP_53J21_123_9578    274.0500     0.0    274.0500     0.0000 0.0000 Eval_32_1_DP_OP_53J21_123_9578_J21_0_1
core16_6/core4_3/evalA/DP_OP_54J21_124_907    392.3640     0.0    392.3640     0.0000 0.0000 Eval_32_1_DP_OP_54J21_124_907_J21_0_1
core16_6/core4_3/evalA/DP_OP_55J21_125_2024    379.6380     0.0    379.6380     0.0000 0.0000 Eval_32_1_DP_OP_55J21_125_2024_J21_0_1
core16_6/core4_3/evalB               539.2800      0.1      17.3880      0.0000  0.0000  Eval_33_3
core16_6/core4_3/evalB/DP_OP_53J27_122_4171    137.7180     0.0    137.7180     0.0000 0.0000 Eval_33_1_DP_OP_53J27_122_4171_J27_0_1
core16_6/core4_3/evalB/DP_OP_54J27_123_6227    198.4500     0.0    198.4500     0.0000 0.0000 Eval_33_1_DP_OP_54J27_123_6227_J27_0_1
core16_6/core4_3/evalB/DP_OP_55J27_124_3794    185.7240     0.0    185.7240     0.0000 0.0000 Eval_33_1_DP_OP_55J27_124_3794_J27_0_1
core16_6/core4_3/interp             3462.1020      0.4       0.7560    340.7040  0.0000  Interpolation_3
core16_6/core4_3/interp/interp      3120.6419      0.4       0.2520      0.0000  0.0000  InterpolationComb_3
core16_6/core4_3/interp/interp/DP_OP_106J20_122_8999   3120.3899     0.4   3120.3899     0.0000 0.0000 InterpolationComb_1_DP_OP_106J20_122_8999_J20_0_2
core16_6/core4_3/mult_x_1            768.8520      0.1     768.8520      0.0000  0.0000  core4_1_DW_mult_tc_J24_6_1
core16_6/core4_3/mult_x_2           1261.6380      0.1    1261.6380      0.0000  0.0000  core4_1_DW_mult_tc_J24_5_1
core16_6/core4_3/mult_x_3           1299.0600      0.1    1299.0600      0.0000  0.0000  core4_1_DW_mult_tc_J24_4_1
core16_6/core4_3/mult_x_4           1297.0440      0.1    1297.0440      0.0000  0.0000  core4_1_DW_mult_tc_J24_3_1
core16_6/core4_3/mult_x_5           1299.3120      0.1    1299.3120      0.0000  0.0000  core4_1_DW_mult_tc_J24_2_1
core16_6/core4_3/mult_x_6           1297.4220      0.1    1297.4220      0.0000  0.0000  core4_1_DW_mult_tc_J24_1_1
core16_6/core4_3/mult_x_7            767.2140      0.1     767.2140      0.0000  0.0000  core4_1_DW_mult_tc_J24_0_1
core16_6/core4_4                   13009.3738      1.5       1.0080    591.8220  0.0000  core4_2
core16_6/core4_4/evalA              1041.6420      0.1      31.5000      0.0000  0.0000  Eval_32_2
core16_6/core4_4/evalA/DP_OP_54J16_122_854    267.4980     0.0    267.4980     0.0000 0.0000 Eval_32_2_DP_OP_54J16_122_854_J16_0_0
core16_6/core4_4/evalA/DP_OP_55J16_123_7587    372.8340     0.0    372.8340     0.0000 0.0000 Eval_32_2_DP_OP_55J16_123_7587_J16_0_0
core16_6/core4_4/evalA/DP_OP_56J16_124_7642    369.8100     0.0    369.8100     0.0000 0.0000 Eval_32_2_DP_OP_56J16_124_7642_J16_0_0
core16_6/core4_4/evalB               396.7740      0.0      11.7180      0.0000  0.0000  Eval_33_2
core16_6/core4_4/evalB/DP_OP_54J25_125_5690    102.4380     0.0    102.4380     0.0000 0.0000 Eval_33_2_DP_OP_54J25_125_5690_J25_0_0
core16_6/core4_4/evalB/DP_OP_55J25_126_3915    138.4740     0.0    138.4740     0.0000 0.0000 Eval_33_2_DP_OP_55J25_126_3915_J25_0_0
core16_6/core4_4/evalB/DP_OP_56J25_127_920    144.1440     0.0    144.1440     0.0000 0.0000 Eval_33_2_DP_OP_56J25_127_920_J25_0_0
core16_6/core4_4/interp             3462.1020      0.4       0.7560    340.7040  0.0000  Interpolation_2
core16_6/core4_4/interp/interp      3120.6419      0.4       0.2520      0.0000  0.0000  InterpolationComb_2
core16_6/core4_4/interp/interp/DP_OP_106J20_122_8999   3120.3899     0.4   3120.3899     0.0000 0.0000 InterpolationComb_1_DP_OP_106J20_122_8999_J20_0_1
core16_6/core4_4/mult_x_1            958.4820      0.1     958.4820      0.0000  0.0000  core4_2_DW_mult_uns_J33_3_0
core16_6/core4_4/mult_x_2           1194.6060      0.1    1194.6060      0.0000  0.0000  core4_2_DW_mult_uns_J33_2_0
core16_6/core4_4/mult_x_3           1016.6940      0.1    1016.6940      0.0000  0.0000  core4_2_DW_mult_tc_J33_2_0
core16_6/core4_4/mult_x_4           1057.0140      0.1    1057.0140      0.0000  0.0000  core4_2_DW_mult_tc_J33_1_0
core16_6/core4_4/mult_x_5           1150.0020      0.1    1150.0020      0.0000  0.0000  core4_2_DW_mult_uns_J33_1_0
core16_6/core4_4/mult_x_6           1180.3680      0.1    1180.3680      0.0000  0.0000  core4_2_DW_mult_tc_J33_0_0
core16_6/core4_4/mult_x_7            958.8600      0.1     958.8600      0.0000  0.0000  core4_2_DW_mult_uns_J33_0_0
core16_6/core4_5                   13978.6918      1.6       0.5040    591.5700  0.0000  core4_1
core16_6/core4_5/evalA              1078.9380      0.1      34.7760      0.0000  0.0000  Eval_32_1
core16_6/core4_5/evalA/DP_OP_53J21_123_9578    274.0500     0.0    274.0500     0.0000 0.0000 Eval_32_1_DP_OP_53J21_123_9578_J21_0_0
core16_6/core4_5/evalA/DP_OP_54J21_124_907    391.7340     0.0    391.7340     0.0000 0.0000 Eval_32_1_DP_OP_54J21_124_907_J21_0_0
core16_6/core4_5/evalA/DP_OP_55J21_125_2024    378.3780     0.0    378.3780     0.0000 0.0000 Eval_32_1_DP_OP_55J21_125_2024_J21_0_0
core16_6/core4_5/evalB               535.2480      0.1      17.6400      0.0000  0.0000  Eval_33_1
core16_6/core4_5/evalB/DP_OP_53J27_122_4171    132.6780     0.0    132.6780     0.0000 0.0000 Eval_33_1_DP_OP_53J27_122_4171_J27_0_0
core16_6/core4_5/evalB/DP_OP_54J27_123_6227    197.8200     0.0    197.8200     0.0000 0.0000 Eval_33_1_DP_OP_54J27_123_6227_J27_0_0
core16_6/core4_5/evalB/DP_OP_55J27_124_3794    187.1100     0.0    187.1100     0.0000 0.0000 Eval_33_1_DP_OP_55J27_124_3794_J27_0_0
core16_6/core4_5/interp             3462.1020      0.4       0.7560    340.7040  0.0000  Interpolation_1
core16_6/core4_5/interp/interp      3120.6419      0.4       0.2520      0.0000  0.0000  InterpolationComb_1
core16_6/core4_5/interp/interp/DP_OP_106J20_122_8999   3120.3899     0.4   3120.3899     0.0000 0.0000 InterpolationComb_1_DP_OP_106J20_122_8999_J20_0_0
core16_6/core4_5/mult_x_1            922.1940      0.1     922.1940      0.0000  0.0000  core4_1_DW_mult_tc_J24_6_0
core16_6/core4_5/mult_x_2           1261.8900      0.1    1261.8900      0.0000  0.0000  core4_1_DW_mult_tc_J24_5_0
core16_6/core4_5/mult_x_3           1302.5880      0.1    1302.5880      0.0000  0.0000  core4_1_DW_mult_tc_J24_4_0
core16_6/core4_5/mult_x_4           1298.1780      0.1    1298.1780      0.0000  0.0000  core4_1_DW_mult_tc_J24_3_0
core16_6/core4_5/mult_x_5           1305.9900      0.1    1305.9900      0.0000  0.0000  core4_1_DW_mult_tc_J24_2_0
core16_6/core4_5/mult_x_6           1297.8000      0.1    1297.8000      0.0000  0.0000  core4_1_DW_mult_tc_J24_1_0
core16_6/core4_5/mult_x_7            921.6900      0.1     921.6900      0.0000  0.0000  core4_1_DW_mult_tc_J24_0_0
core16_6/core4_6                   10832.7238      1.2       0.7560    591.5700  0.0000  core4_0
core16_6/core4_6/evalA               915.8940      0.1      27.7200      0.0000  0.0000  Eval_32_0
core16_6/core4_6/evalA/DP_OP_54J22_122_5955    237.3840     0.0    237.3840     0.0000 0.0000 Eval_32_0_DP_OP_54J22_122_5955_J22_0_0
core16_6/core4_6/evalA/DP_OP_55J22_123_5437    322.4340     0.0    322.4340     0.0000 0.0000 Eval_32_0_DP_OP_55J22_123_5437_J22_0_0
core16_6/core4_6/evalA/DP_OP_56J22_124_5252    328.3560     0.0    328.3560     0.0000 0.0000 Eval_32_0_DP_OP_56J22_124_5252_J22_0_0
core16_6/core4_6/evalB               277.4520      0.0       8.3160      0.0000  0.0000  Eval_33_0
core16_6/core4_6/evalB/DP_OP_54J21_129_8018     71.8200     0.0     71.8200     0.0000 0.0000 Eval_33_0_DP_OP_54J21_129_8018_J21_0_0
core16_6/core4_6/evalB/DP_OP_55J21_130_2896     96.3900     0.0     96.3900     0.0000 0.0000 Eval_33_0_DP_OP_55J21_130_2896_J21_0_0
core16_6/core4_6/evalB/DP_OP_56J21_131_6631    100.9260     0.0    100.9260     0.0000 0.0000 Eval_33_0_DP_OP_56J21_131_6631_J21_0_0
core16_6/core4_6/interp             3356.1360      0.4       0.7560    332.6400  0.0000  Interpolation_0
core16_6/core4_6/interp/interp      3022.7400      0.3       0.2520      0.0000  0.0000  InterpolationComb_0
core16_6/core4_6/interp/interp/DP_OP_106J21_122_6228   3022.4880     0.3   3022.4880     0.0000 0.0000 InterpolationComb_0_DP_OP_106J21_122_6228_J21_0_0
core16_6/core4_6/mult_x_1            625.5900      0.1     625.5900      0.0000  0.0000  core4_0_DW_mult_uns_J16_3_0
core16_6/core4_6/mult_x_2            925.5960      0.1     925.5960      0.0000  0.0000  core4_0_DW_mult_uns_J16_2_0
core16_6/core4_6/mult_x_3            804.1320      0.1     804.1320      0.0000  0.0000  core4_0_DW_mult_tc_J16_2_0
core16_6/core4_6/mult_x_4            786.7440      0.1     786.7440      0.0000  0.0000  core4_0_DW_mult_tc_J16_1_0
core16_6/core4_6/mult_x_5            976.3740      0.1     976.3740      0.0000  0.0000  core4_0_DW_mult_uns_J16_1_0
core16_6/core4_6/mult_x_6            946.8900      0.1     946.8900      0.0000  0.0000  core4_0_DW_mult_tc_J16_0_0
core16_6/core4_6/mult_x_7            625.5900      0.1     625.5900      0.0000  0.0000  core4_0_DW_mult_uns_J16_0_0
core16_6/evalA                       923.4540      0.1      27.7200      0.0000  0.0000  Eval_32_52
core16_6/evalA/DP_OP_54J33_122_8665    237.3840     0.0    237.3840      0.0000  0.0000  Eval_32_49_DP_OP_54J33_122_8665_J33_0_3
core16_6/evalA/DP_OP_55J33_123_4570    329.9940     0.0    329.9940      0.0000  0.0000  Eval_32_49_DP_OP_55J33_123_4570_J33_0_3
core16_6/evalA/DP_OP_56J33_124_1518    328.3560     0.0    328.3560      0.0000  0.0000  Eval_32_49_DP_OP_56J33_124_1518_J33_0_3
core16_6/evalA_1                     916.3980      0.1      27.5940      0.0000  0.0000  Eval_32_51
core16_6/evalA_1/DP_OP_54J33_122_8665    237.3840     0.0    237.3840     0.0000 0.0000  Eval_32_49_DP_OP_54J33_122_8665_J33_0_2
core16_6/evalA_1/DP_OP_55J33_123_4570    323.0640     0.0    323.0640     0.0000 0.0000  Eval_32_49_DP_OP_55J33_123_4570_J33_0_2
core16_6/evalA_1/DP_OP_56J33_124_1518    328.3560     0.0    328.3560     0.0000 0.0000  Eval_32_49_DP_OP_56J33_124_1518_J33_0_2
core16_6/evalA_2                     916.3980      0.1      27.5940      0.0000  0.0000  Eval_32_50
core16_6/evalA_2/DP_OP_54J33_122_8665    237.3840     0.0    237.3840     0.0000 0.0000  Eval_32_49_DP_OP_54J33_122_8665_J33_0_1
core16_6/evalA_2/DP_OP_55J33_123_4570    323.0640     0.0    323.0640     0.0000 0.0000  Eval_32_49_DP_OP_55J33_123_4570_J33_0_1
core16_6/evalA_2/DP_OP_56J33_124_1518    328.3560     0.0    328.3560     0.0000 0.0000  Eval_32_49_DP_OP_56J33_124_1518_J33_0_1
core16_6/evalA_3                     921.0600      0.1      27.7200      0.0000  0.0000  Eval_32_49
core16_6/evalA_3/DP_OP_54J33_122_8665    240.5340     0.0    240.5340     0.0000 0.0000  Eval_32_49_DP_OP_54J33_122_8665_J33_0_0
core16_6/evalA_3/DP_OP_55J33_123_4570    324.4500     0.0    324.4500     0.0000 0.0000  Eval_32_49_DP_OP_55J33_123_4570_J33_0_0
core16_6/evalA_3/DP_OP_56J33_124_1518    328.3560     0.0    328.3560     0.0000 0.0000  Eval_32_49_DP_OP_56J33_124_1518_J33_0_0
core16_6/evalB                       275.1840      0.0       9.3240      0.0000  0.0000  Eval_33_52
core16_6/evalB/DP_OP_54J19_125_1419     70.3080     0.0     70.3080      0.0000  0.0000  Eval_33_49_DP_OP_54J19_125_1419_J19_0_3
core16_6/evalB/DP_OP_55J19_126_8970     94.5000     0.0     94.5000      0.0000  0.0000  Eval_33_49_DP_OP_55J19_126_8970_J19_0_3
core16_6/evalB/DP_OP_56J19_127_2738    101.0520     0.0    101.0520      0.0000  0.0000  Eval_33_49_DP_OP_56J19_127_2738_J19_0_3
core16_6/evalB_1                     276.3180      0.0       8.0640      0.0000  0.0000  Eval_33_51
core16_6/evalB_1/DP_OP_54J19_125_1419     70.3080     0.0     70.3080     0.0000 0.0000  Eval_33_49_DP_OP_54J19_125_1419_J19_0_2
core16_6/evalB_1/DP_OP_55J19_126_8970     97.3980     0.0     97.3980     0.0000 0.0000  Eval_33_49_DP_OP_55J19_126_8970_J19_0_2
core16_6/evalB_1/DP_OP_56J19_127_2738    100.5480     0.0    100.5480     0.0000 0.0000  Eval_33_49_DP_OP_56J19_127_2738_J19_0_2
core16_6/evalB_2                     275.3100      0.0       8.3160      0.0000  0.0000  Eval_33_50
core16_6/evalB_2/DP_OP_54J19_125_1419     70.3080     0.0     70.3080     0.0000 0.0000  Eval_33_49_DP_OP_54J19_125_1419_J19_0_1
core16_6/evalB_2/DP_OP_55J19_126_8970     96.3900     0.0     96.3900     0.0000 0.0000  Eval_33_49_DP_OP_55J19_126_8970_J19_0_1
core16_6/evalB_2/DP_OP_56J19_127_2738    100.2960     0.0    100.2960     0.0000 0.0000  Eval_33_49_DP_OP_56J19_127_2738_J19_0_1
core16_6/evalB_3                     281.2320      0.0       9.5760      0.0000  0.0000  Eval_33_49
core16_6/evalB_3/DP_OP_54J19_125_1419     70.9380     0.0     70.9380     0.0000 0.0000  Eval_33_49_DP_OP_54J19_125_1419_J19_0_0
core16_6/evalB_3/DP_OP_55J19_126_8970     97.6500     0.0     97.6500     0.0000 0.0000  Eval_33_49_DP_OP_55J19_126_8970_J19_0_0
core16_6/evalB_3/DP_OP_56J19_127_2738    103.0680     0.0    103.0680     0.0000 0.0000  Eval_33_49_DP_OP_56J19_127_2738_J19_0_0
core16_6/interp                    12714.4078      1.4       0.7560   1227.7440  0.0000  Interpolation_7_0
core16_6/interp/interp             11485.9078      1.3       0.2520      0.0000  0.0000  InterpolationComb_7_0
core16_6/interp/interp/DP_OP_421J12_122_3346  11485.6558     1.3  11485.6558     0.0000 0.0000 InterpolationComb_7_0_DP_OP_421J12_122_3346_J12_0_0
evalA                                914.1300      0.1      30.1140      0.0000  0.0000  Eval_16
evalA/DP_OP_52J19_122_3730           237.3840      0.0     237.3840      0.0000  0.0000  Eval_0_DP_OP_52J19_122_3730_J19_0_15
evalA/DP_OP_53J19_123_8845           319.7880      0.0     319.7880      0.0000  0.0000  Eval_0_DP_OP_53J19_123_8845_J19_0_15
evalA/DP_OP_54J19_124_1745           326.8440      0.0     326.8440      0.0000  0.0000  Eval_0_DP_OP_54J19_124_1745_J19_0_15
evalA_1                              926.2260      0.1      31.6260      0.0000  0.0000  Eval_15
evalA_1/DP_OP_52J19_122_3730         237.7620      0.0     237.7620      0.0000  0.0000  Eval_0_DP_OP_52J19_122_3730_J19_0_14
evalA_1/DP_OP_53J19_123_8845         329.4900      0.0     329.4900      0.0000  0.0000  Eval_0_DP_OP_53J19_123_8845_J19_0_14
evalA_1/DP_OP_54J19_124_1745         327.3480      0.0     327.3480      0.0000  0.0000  Eval_0_DP_OP_54J19_124_1745_J19_0_14
evalA_10                             919.5480      0.1      31.6260      0.0000  0.0000  Eval_6
evalA_10/DP_OP_52J19_122_3730        237.7620      0.0     237.7620      0.0000  0.0000  Eval_0_DP_OP_52J19_122_3730_J19_0_5
evalA_10/DP_OP_53J19_123_8845        323.1900      0.0     323.1900      0.0000  0.0000  Eval_0_DP_OP_53J19_123_8845_J19_0_5
evalA_10/DP_OP_54J19_124_1745        326.9700      0.0     326.9700      0.0000  0.0000  Eval_0_DP_OP_54J19_124_1745_J19_0_5
evalA_11                             930.2580      0.1      32.0040      0.0000  0.0000  Eval_5
evalA_11/DP_OP_52J19_122_3730        238.3920      0.0     238.3920      0.0000  0.0000  Eval_0_DP_OP_52J19_122_3730_J19_0_4
evalA_11/DP_OP_53J19_123_8845        327.3480      0.0     327.3480      0.0000  0.0000  Eval_0_DP_OP_53J19_123_8845_J19_0_4
evalA_11/DP_OP_54J19_124_1745        332.5140      0.0     332.5140      0.0000  0.0000  Eval_0_DP_OP_54J19_124_1745_J19_0_4
evalA_12                             920.1780      0.1      29.9880      0.0000  0.0000  Eval_4
evalA_12/DP_OP_52J19_122_3730        239.6520      0.0     239.6520      0.0000  0.0000  Eval_0_DP_OP_52J19_122_3730_J19_0_3
evalA_12/DP_OP_53J19_123_8845        322.1820      0.0     322.1820      0.0000  0.0000  Eval_0_DP_OP_53J19_123_8845_J19_0_3
evalA_12/DP_OP_54J19_124_1745        328.3560      0.0     328.3560      0.0000  0.0000  Eval_0_DP_OP_54J19_124_1745_J19_0_3
evalA_13                             925.7220      0.1      31.6260      0.0000  0.0000  Eval_3
evalA_13/DP_OP_52J19_122_3730        243.5580      0.0     243.5580      0.0000  0.0000  Eval_0_DP_OP_52J19_122_3730_J19_0_2
evalA_13/DP_OP_53J19_123_8845        323.1900      0.0     323.1900      0.0000  0.0000  Eval_0_DP_OP_53J19_123_8845_J19_0_2
evalA_13/DP_OP_54J19_124_1745        327.3480      0.0     327.3480      0.0000  0.0000  Eval_0_DP_OP_54J19_124_1745_J19_0_2
evalA_14                             933.4080      0.1      32.1300      0.0000  0.0000  Eval_2
evalA_14/DP_OP_52J19_122_3730        239.2740      0.0     239.2740      0.0000  0.0000  Eval_0_DP_OP_52J19_122_3730_J19_0_1
evalA_14/DP_OP_53J19_123_8845        333.1440      0.0     333.1440      0.0000  0.0000  Eval_0_DP_OP_53J19_123_8845_J19_0_1
evalA_14/DP_OP_54J19_124_1745        328.8600      0.0     328.8600      0.0000  0.0000  Eval_0_DP_OP_54J19_124_1745_J19_0_1
evalA_15                             930.6360      0.1      30.8700      0.0000  0.0000  Eval_0
evalA_15/DP_OP_52J19_122_3730        238.8960      0.0     238.8960      0.0000  0.0000  Eval_0_DP_OP_52J19_122_3730_J19_0_0
evalA_15/DP_OP_53J19_123_8845        328.4820      0.0     328.4820      0.0000  0.0000  Eval_0_DP_OP_53J19_123_8845_J19_0_0
evalA_15/DP_OP_54J19_124_1745        332.3880      0.0     332.3880      0.0000  0.0000  Eval_0_DP_OP_54J19_124_1745_J19_0_0
evalA_2                              917.9100      0.1      31.6260      0.0000  0.0000  Eval_14
evalA_2/DP_OP_52J19_122_3730         237.3840      0.0     237.3840      0.0000  0.0000  Eval_0_DP_OP_52J19_122_3730_J19_0_13
evalA_2/DP_OP_53J19_123_8845         321.9300      0.0     321.9300      0.0000  0.0000  Eval_0_DP_OP_53J19_123_8845_J19_0_13
evalA_2/DP_OP_54J19_124_1745         326.9700      0.0     326.9700      0.0000  0.0000  Eval_0_DP_OP_54J19_124_1745_J19_0_13
evalA_3                              917.9100      0.1      30.1140      0.0000  0.0000  Eval_13
evalA_3/DP_OP_52J19_122_3730         238.6440      0.0     238.6440      0.0000  0.0000  Eval_0_DP_OP_52J19_122_3730_J19_0_12
evalA_3/DP_OP_53J19_123_8845         321.6780      0.0     321.6780      0.0000  0.0000  Eval_0_DP_OP_53J19_123_8845_J19_0_12
evalA_3/DP_OP_54J19_124_1745         327.4740      0.0     327.4740      0.0000  0.0000  Eval_0_DP_OP_54J19_124_1745_J19_0_12
evalA_4                              922.9500      0.1      31.3740      0.0000  0.0000  Eval_12
evalA_4/DP_OP_52J19_122_3730         241.0380      0.0     241.0380      0.0000  0.0000  Eval_0_DP_OP_52J19_122_3730_J19_0_11
evalA_4/DP_OP_53J19_123_8845         323.6940      0.0     323.6940      0.0000  0.0000  Eval_0_DP_OP_53J19_123_8845_J19_0_11
evalA_4/DP_OP_54J19_124_1745         326.8440      0.0     326.8440      0.0000  0.0000  Eval_0_DP_OP_54J19_124_1745_J19_0_11
evalA_5                              938.3220      0.1      31.6260      0.0000  0.0000  Eval_11
evalA_5/DP_OP_52J19_122_3730         245.3220      0.0     245.3220      0.0000  0.0000  Eval_0_DP_OP_52J19_122_3730_J19_0_10
evalA_5/DP_OP_53J19_123_8845         334.4040      0.0     334.4040      0.0000  0.0000  Eval_0_DP_OP_53J19_123_8845_J19_0_10
evalA_5/DP_OP_54J19_124_1745         326.9700      0.0     326.9700      0.0000  0.0000  Eval_0_DP_OP_54J19_124_1745_J19_0_10
evalA_6                              917.9100      0.1      31.6260      0.0000  0.0000  Eval_10
evalA_6/DP_OP_52J19_122_3730         237.3840      0.0     237.3840      0.0000  0.0000  Eval_0_DP_OP_52J19_122_3730_J19_0_9
evalA_6/DP_OP_53J19_123_8845         321.9300      0.0     321.9300      0.0000  0.0000  Eval_0_DP_OP_53J19_123_8845_J19_0_9
evalA_6/DP_OP_54J19_124_1745         326.9700      0.0     326.9700      0.0000  0.0000  Eval_0_DP_OP_54J19_124_1745_J19_0_9
evalA_7                              923.0760      0.1      31.6260      0.0000  0.0000  Eval_9
evalA_7/DP_OP_52J19_122_3730         240.0300      0.0     240.0300      0.0000  0.0000  Eval_0_DP_OP_52J19_122_3730_J19_0_8
evalA_7/DP_OP_53J19_123_8845         323.4420      0.0     323.4420      0.0000  0.0000  Eval_0_DP_OP_53J19_123_8845_J19_0_8
evalA_7/DP_OP_54J19_124_1745         327.9780      0.0     327.9780      0.0000  0.0000  Eval_0_DP_OP_54J19_124_1745_J19_0_8
evalA_8                              922.4460      0.1      30.8700      0.0000  0.0000  Eval_8
evalA_8/DP_OP_52J19_122_3730         239.0220      0.0     239.0220      0.0000  0.0000  Eval_0_DP_OP_52J19_122_3730_J19_0_7
evalA_8/DP_OP_53J19_123_8845         324.4500      0.0     324.4500      0.0000  0.0000  Eval_0_DP_OP_53J19_123_8845_J19_0_7
evalA_8/DP_OP_54J19_124_1745         328.1040      0.0     328.1040      0.0000  0.0000  Eval_0_DP_OP_54J19_124_1745_J19_0_7
evalA_9                              921.6900      0.1      31.6260      0.0000  0.0000  Eval_7
evalA_9/DP_OP_52J19_122_3730         237.3840      0.0     237.3840      0.0000  0.0000  Eval_0_DP_OP_52J19_122_3730_J19_0_6
evalA_9/DP_OP_53J19_123_8845         325.0800      0.0     325.0800      0.0000  0.0000  Eval_0_DP_OP_53J19_123_8845_J19_0_6
evalA_9/DP_OP_54J19_124_1745         327.6000      0.0     327.6000      0.0000  0.0000  Eval_0_DP_OP_54J19_124_1745_J19_0_6
evalB                                316.3860      0.0      12.4740      0.0000  0.0000  Eval_1_15
evalB/DP_OP_52J22_125_4583            70.9380      0.0      70.9380      0.0000  0.0000  Eval_1_0_DP_OP_52J22_125_4583_J22_0_15
evalB/DP_OP_53J22_126_8511           135.4500      0.0     135.4500      0.0000  0.0000  Eval_1_15_DP_OP_53J22_126_8511_0
evalB/DP_OP_54J22_127_5286            97.5240      0.0      97.5240      0.0000  0.0000  Eval_1_0_DP_OP_54J22_127_5286_J22_0_15
evalB_1                              284.0040      0.0      14.9940      0.0000  0.0000  Eval_1_14
evalB_1/DP_OP_52J22_125_4583          71.8200      0.0      71.8200      0.0000  0.0000  Eval_1_0_DP_OP_52J22_125_4583_J22_0_14
evalB_1/DP_OP_53J22_126_8511          93.1140      0.0      93.1140      0.0000  0.0000  Eval_1_0_DP_OP_53J22_126_8511_J22_0_14
evalB_1/DP_OP_54J22_127_5286         104.0760      0.0     104.0760      0.0000  0.0000  Eval_1_0_DP_OP_54J22_127_5286_J22_0_14
evalB_10                             331.6320      0.0      15.2460      0.0000  0.0000  Eval_1_5
evalB_10/DP_OP_52J22_125_4583         70.6860      0.0      70.6860      0.0000  0.0000  Eval_1_0_DP_OP_52J22_125_4583_J22_0_5
evalB_10/DP_OP_53J22_126_8511        146.9160      0.0     146.9160      0.0000  0.0000  Eval_1_5_DP_OP_53J22_126_8511_0
evalB_10/DP_OP_54J22_127_5286         98.7840      0.0      98.7840      0.0000  0.0000  Eval_1_0_DP_OP_54J22_127_5286_J22_0_5
evalB_11                             335.9160      0.0      13.3560      0.0000  0.0000  Eval_1_4
evalB_11/DP_OP_52J22_125_4583         67.0320      0.0      67.0320      0.0000  0.0000  Eval_1_4_DP_OP_52J22_125_4583_0
evalB_11/DP_OP_53J22_126_8511        156.1140      0.0     156.1140      0.0000  0.0000  Eval_1_4_DP_OP_53J22_126_8511_0
evalB_11/DP_OP_54J22_127_5286         99.4140      0.0      99.4140      0.0000  0.0000  Eval_1_0_DP_OP_54J22_127_5286_J22_0_4
evalB_12                             283.3740      0.0      14.3640      0.0000  0.0000  Eval_1_3
evalB_12/DP_OP_52J22_125_4583         73.7100      0.0      73.7100      0.0000  0.0000  Eval_1_0_DP_OP_52J22_125_4583_J22_0_3
evalB_12/DP_OP_53J22_126_8511         91.9800      0.0      91.9800      0.0000  0.0000  Eval_1_0_DP_OP_53J22_126_8511_J22_0_3
evalB_12/DP_OP_54J22_127_5286        103.3200      0.0     103.3200      0.0000  0.0000  Eval_1_0_DP_OP_54J22_127_5286_J22_0_3
evalB_13                             280.6020      0.0      15.8760      0.0000  0.0000  Eval_1_2
evalB_13/DP_OP_52J22_125_4583         71.9460      0.0      71.9460      0.0000  0.0000  Eval_1_0_DP_OP_52J22_125_4583_J22_0_2
evalB_13/DP_OP_53J22_126_8511         91.8540      0.0      91.8540      0.0000  0.0000  Eval_1_0_DP_OP_53J22_126_8511_J22_0_2
evalB_13/DP_OP_54J22_127_5286        100.9260      0.0     100.9260      0.0000  0.0000  Eval_1_0_DP_OP_54J22_127_5286_J22_0_2
evalB_14                             329.2380      0.0      15.7500      0.0000  0.0000  Eval_1_1
evalB_14/DP_OP_52J22_125_4583         67.0320      0.0      67.0320      0.0000  0.0000  Eval_1_1_DP_OP_52J22_125_4583_0
evalB_14/DP_OP_53J22_126_8511        142.2540      0.0     142.2540      0.0000  0.0000  Eval_1_1_DP_OP_53J22_126_8511_0
evalB_14/DP_OP_54J22_127_5286        104.2020      0.0     104.2020      0.0000  0.0000  Eval_1_0_DP_OP_54J22_127_5286_J22_0_1
evalB_15                             335.5380      0.0      15.2460      0.0000  0.0000  Eval_1_0
evalB_15/DP_OP_52J22_125_4583         68.0400      0.0      68.0400      0.0000  0.0000  Eval_1_0_DP_OP_52J22_125_4583_0
evalB_15/DP_OP_53J22_126_8511        146.1600      0.0     146.1600      0.0000  0.0000  Eval_1_0_DP_OP_53J22_126_8511_0
evalB_15/DP_OP_54J22_127_5286        106.0920      0.0     106.0920      0.0000  0.0000  Eval_1_0_DP_OP_54J22_127_5286_J22_0_0
evalB_2                              326.0880      0.0      15.1200      0.0000  0.0000  Eval_1_13
evalB_2/DP_OP_52J22_125_4583          73.0800      0.0      73.0800      0.0000  0.0000  Eval_1_0_DP_OP_52J22_125_4583_J22_0_13
evalB_2/DP_OP_53J22_126_8511         138.6000      0.0     138.6000      0.0000  0.0000  Eval_1_13_DP_OP_53J22_126_8511_0
evalB_2/DP_OP_54J22_127_5286          99.2880      0.0      99.2880      0.0000  0.0000  Eval_1_0_DP_OP_54J22_127_5286_J22_0_13
evalB_3                              278.9640      0.0      13.1040      0.0000  0.0000  Eval_1_12
evalB_3/DP_OP_52J22_125_4583          71.3160      0.0      71.3160      0.0000  0.0000  Eval_1_0_DP_OP_52J22_125_4583_J22_0_12
evalB_3/DP_OP_53J22_126_8511          93.3660      0.0      93.3660      0.0000  0.0000  Eval_1_0_DP_OP_53J22_126_8511_J22_0_12
evalB_3/DP_OP_54J22_127_5286         101.1780      0.0     101.1780      0.0000  0.0000  Eval_1_0_DP_OP_54J22_127_5286_J22_0_12
evalB_4                              315.6300      0.0      11.0880      0.0000  0.0000  Eval_1_11
evalB_4/DP_OP_52J22_125_4583          70.3080      0.0      70.3080      0.0000  0.0000  Eval_1_0_DP_OP_52J22_125_4583_J22_0_11
evalB_4/DP_OP_53J22_126_8511         136.4580      0.0     136.4580      0.0000  0.0000  Eval_1_11_DP_OP_53J22_126_8511_0
evalB_4/DP_OP_54J22_127_5286          97.7760      0.0      97.7760      0.0000  0.0000  Eval_1_0_DP_OP_54J22_127_5286_J22_0_11
evalB_5                              285.5160      0.0      15.4980      0.0000  0.0000  Eval_1_10
evalB_5/DP_OP_52J22_125_4583          70.3080      0.0      70.3080      0.0000  0.0000  Eval_1_0_DP_OP_52J22_125_4583_J22_0_10
evalB_5/DP_OP_53J22_126_8511          97.7760      0.0      97.7760      0.0000  0.0000  Eval_1_0_DP_OP_53J22_126_8511_J22_0_10
evalB_5/DP_OP_54J22_127_5286         101.9340      0.0     101.9340      0.0000  0.0000  Eval_1_0_DP_OP_54J22_127_5286_J22_0_10
evalB_6                              332.0100      0.0      15.2460      0.0000  0.0000  Eval_1_9
evalB_6/DP_OP_52J22_125_4583          71.5680      0.0      71.5680      0.0000  0.0000  Eval_1_0_DP_OP_52J22_125_4583_J22_0_9
evalB_6/DP_OP_53J22_126_8511         140.1120      0.0     140.1120      0.0000  0.0000  Eval_1_9_DP_OP_53J22_126_8511_0
evalB_6/DP_OP_54J22_127_5286         105.0840      0.0     105.0840      0.0000  0.0000  Eval_1_0_DP_OP_54J22_127_5286_J22_0_9
evalB_7                              332.0100      0.0      12.7260      0.0000  0.0000  Eval_1_8
evalB_7/DP_OP_52J22_125_4583          70.3080      0.0      70.3080      0.0000  0.0000  Eval_1_0_DP_OP_52J22_125_4583_J22_0_8
evalB_7/DP_OP_53J22_126_8511         147.7980      0.0     147.7980      0.0000  0.0000  Eval_1_8_DP_OP_53J22_126_8511_0
evalB_7/DP_OP_54J22_127_5286         101.1780      0.0     101.1780      0.0000  0.0000  Eval_1_0_DP_OP_54J22_127_5286_J22_0_8
evalB_8                              315.0000      0.0      11.4660      0.0000  0.0000  Eval_1_7
evalB_8/DP_OP_52J22_125_4583          66.7800      0.0      66.7800      0.0000  0.0000  Eval_1_7_DP_OP_52J22_125_4583_0
evalB_8/DP_OP_53J22_126_8511         139.2300      0.0     139.2300      0.0000  0.0000  Eval_1_7_DP_OP_53J22_126_8511_0
evalB_8/DP_OP_54J22_127_5286          97.5240      0.0      97.5240      0.0000  0.0000  Eval_1_0_DP_OP_54J22_127_5286_J22_0_7
evalB_9                              364.0140      0.0      15.6240      0.0000  0.0000  Eval_1_6
evalB_9/DP_OP_52J22_125_4583          66.6540      0.0      66.6540      0.0000  0.0000  Eval_1_6_DP_OP_52J22_125_4583_0
evalB_9/DP_OP_53J22_126_8511         138.6000      0.0     138.6000      0.0000  0.0000  Eval_1_6_DP_OP_53J22_126_8511_0
evalB_9/DP_OP_54J22_127_5286         143.1360      0.0     143.1360      0.0000  0.0000  Eval_1_6_DP_OP_54J22_127_5286_0
interp                             48192.9834      5.4       0.7560   4646.8801  0.0000  Interpolation_56
interp/interp                      43545.3473      4.9       0.2520      0.0000  0.0000  InterpolationComb_56
interp/interp/DP_OP_1681J3_122_1523  43545.0953     4.9  43545.0953      0.0000  0.0000  InterpolationComb_56_DP_OP_1681J3_122_1523_J3_0
--------------------------------  -----------  -------  -----------  ----------  ------  ---------------------------------------------------
Total                                                   801262.4638  84042.8827  0.0000

1
