 
****************************************
Report : area
Design : core64_a32_b8_c32
Version: O-2018.06-SP5
Date   : Wed May 13 05:01:00 2026
****************************************

Library(s) Used:

    tcbn28hpcplusbwp40p140lvtssg0p81vm40c_ccs (File: /export1/Library/TN28HPC+/STD_CELL_ext/track9_200824/TSMCHOME/digital/Front_End/timing_power_noise/CCS/tcbn28hpcplusbwp40p140lvt_180a/tcbn28hpcplusbwp40p140lvtssg0p81vm40c_ccs.db)
    tcbn28hpcplusbwp40p140ssg0p81vm40c_ccs (File: /export1/Library/TN28HPC+/STD_CELL_ext/track9_200824/TSMCHOME/digital/Front_End/timing_power_noise/CCS/tcbn28hpcplusbwp40p140_180a/tcbn28hpcplusbwp40p140ssg0p81vm40c_ccs.db)
    tcbn28hpcplusbwp40p140hvtssg0p81vm40c_ccs (File: /export1/Library/TN28HPC+/STD_CELL_ext/track9_200824/TSMCHOME/digital/Front_End/timing_power_noise/CCS/tcbn28hpcplusbwp40p140hvt_180a/tcbn28hpcplusbwp40p140hvtssg0p81vm40c_ccs.db)

Number of ports:                       365514
Number of nets:                       1135041
Number of cells:                       576400
Number of combinational cells:         530462
Number of sequential cells:             38550
Number of macros/black boxes:               0
Number of buf/inv:                      67731
Number of references:                      45

Combinational area:             680311.663259
Buf/Inv area:                    18402.930140
Noncombinational area:           77707.225246
Macro/Black Box area:                0.000000
Net Interconnect area:      undefined  (Wire load has zero net area)

Total cell area:                758018.888506
Total area:                 undefined

Hierarchical area distribution
------------------------------

                                  Global cell area              Local cell area
                                  --------------------  ------------------------------- 
Hierarchical cell                 Absolute     Percent  Combi-       Noncombi-   Black-
                                  Total        Total    national     national    boxes   Design
--------------------------------  -----------  -------  -----------  ----------  ------  ---------------------------------------------------
core64_a32_b8_c32                 758018.8885    100.0       2.0160   7807.9681  0.0000  core64_a32_b8_c32
core16_0                           91556.8908     12.1       2.3940   2122.8480  0.0000  core16_6
core16_0/core4_0                    9057.6359      1.2       1.0080    574.5600  0.0000  core4_48
core16_0/core4_0/evalA               816.6060      0.1      24.6960      0.0000  0.0000  Eval_32_48
core16_0/core4_0/evalA/DP_OP_54J33_122_3084    211.6800     0.0    211.6800     0.0000 0.0000 Eval_32_0_DP_OP_54J33_122_3084_J33_0_3
core16_0/core4_0/evalA/DP_OP_55J33_123_6116    287.1540     0.0    287.1540     0.0000 0.0000 Eval_32_0_DP_OP_55J33_123_6116_J33_0_3
core16_0/core4_0/evalA/DP_OP_56J33_124_9559    293.0760     0.0    293.0760     0.0000 0.0000 Eval_32_0_DP_OP_56J33_124_9559_J33_0_3
core16_0/core4_0/evalB               226.5480      0.0       6.5520      0.0000  0.0000  Eval_33_48
core16_0/core4_0/evalB/DP_OP_54J21_129_7149     58.0860     0.0     58.0860     0.0000 0.0000 Eval_33_0_DP_OP_54J21_129_7149_J21_0_3
core16_0/core4_0/evalB/DP_OP_55J21_130_8220     78.2460     0.0     78.2460     0.0000 0.0000 Eval_33_0_DP_OP_55J21_130_8220_J21_0_3
core16_0/core4_0/evalB/DP_OP_56J21_131_9312     83.6640     0.0     83.6640     0.0000 0.0000 Eval_33_0_DP_OP_56J21_131_9312_J21_0_3
core16_0/core4_0/interp             2981.2860      0.4       0.7560    300.3840  0.0000  Interpolation_49
core16_0/core4_0/interp/interp      2680.1460      0.4       0.2520      0.0000  0.0000  InterpolationComb_49
core16_0/core4_0/interp/interp/DP_OP_106J21_122_4710   2679.8940     0.4   2679.8940     0.0000 0.0000 InterpolationComb_0_DP_OP_106J21_122_4710_J21_0_20
core16_0/core4_0/mult_x_1            438.9840      0.1     438.9840      0.0000  0.0000  core4_48_DW_mult_uns_J18_3
core16_0/core4_0/mult_x_2            749.8260      0.1     749.8260      0.0000  0.0000  core4_48_DW_mult_uns_J18_2
core16_0/core4_0/mult_x_3            592.7040      0.1     592.7040      0.0000  0.0000  core4_48_DW_mult_tc_J18_2
core16_0/core4_0/mult_x_4            671.8320      0.1     671.8320      0.0000  0.0000  core4_48_DW_mult_tc_J18_1
core16_0/core4_0/mult_x_5            753.3540      0.1     753.3540      0.0000  0.0000  core4_48_DW_mult_uns_J18_1
core16_0/core4_0/mult_x_6            811.9440      0.1     811.9440      0.0000  0.0000  core4_48_DW_mult_tc_J18_0
core16_0/core4_0/mult_x_7            438.9840      0.1     438.9840      0.0000  0.0000  core4_48_DW_mult_uns_J18_0
core16_0/core4_1                   11204.1718      1.5       1.0080    574.5600  0.0000  core4_47
core16_0/core4_1/evalA               932.6520      0.1      28.4760      0.0000  0.0000  Eval_32_47
core16_0/core4_1/evalA/DP_OP_54J20_126_5405    241.2900     0.0    241.2900     0.0000 0.0000 Eval_32_5_DP_OP_54J20_126_5405_J20_0_3
core16_0/core4_1/evalA/DP_OP_55J20_127_5712    331.8840     0.0    331.8840     0.0000 0.0000 Eval_32_5_DP_OP_55J20_127_5712_J20_0_3
core16_0/core4_1/evalA/DP_OP_56J20_128_4935    331.0020     0.0    331.0020     0.0000 0.0000 Eval_32_5_DP_OP_56J20_128_4935_J20_0_3
core16_0/core4_1/evalB               349.1460      0.0      10.3320      0.0000  0.0000  Eval_33_47
core16_0/core4_1/evalB/DP_OP_54J24_125_1053     92.8620     0.0     92.8620     0.0000 0.0000 Eval_33_5_DP_OP_54J24_125_1053_J24_0_3
core16_0/core4_1/evalB/DP_OP_55J24_126_2451    124.1100     0.0    124.1100     0.0000 0.0000 Eval_33_5_DP_OP_55J24_126_2451_J24_0_3
core16_0/core4_1/evalB/DP_OP_56J24_127_8683    121.8420     0.0    121.8420     0.0000 0.0000 Eval_33_5_DP_OP_56J24_127_8683_J24_0_3
core16_0/core4_1/interp             2981.2860      0.4       0.7560    300.3840  0.0000  Interpolation_48
core16_0/core4_1/interp/interp      2680.1460      0.4       0.2520      0.0000  0.0000  InterpolationComb_48
core16_0/core4_1/interp/interp/DP_OP_106J21_122_4710   2679.8940     0.4   2679.8940     0.0000 0.0000 InterpolationComb_0_DP_OP_106J21_122_4710_J21_0_19
core16_0/core4_1/mult_x_1            749.4480      0.1     749.4480      0.0000  0.0000  core4_5_DW_mult_uns_J30_3_1
core16_0/core4_1/mult_x_2            986.5800      0.1     986.5800      0.0000  0.0000  core4_5_DW_mult_uns_J30_2_1
core16_0/core4_1/mult_x_3            894.3480      0.1     894.3480      0.0000  0.0000  core4_5_DW_mult_tc_J30_2_1
core16_0/core4_1/mult_x_4            940.2120      0.1     940.2120      0.0000  0.0000  core4_5_DW_mult_tc_J30_1_1
core16_0/core4_1/mult_x_5            995.4000      0.1     995.4000      0.0000  0.0000  core4_5_DW_mult_uns_J30_1_1
core16_0/core4_1/mult_x_6           1050.0840      0.1    1050.0840      0.0000  0.0000  core4_5_DW_mult_tc_J30_0_1
core16_0/core4_1/mult_x_7            749.4480      0.1     749.4480      0.0000  0.0000  core4_5_DW_mult_uns_J30_0_1
core16_0/core4_2                    9773.0639      1.3       1.0080    574.4340  0.0000  core4_46
core16_0/core4_2/evalA               858.9420      0.1      26.2080      0.0000  0.0000  Eval_32_46
core16_0/core4_2/evalA/DP_OP_53J21_123_9060    220.7520     0.0    220.7520     0.0000 0.0000 Eval_32_1_DP_OP_53J21_123_9060_J21_0_32
core16_0/core4_2/evalA/DP_OP_54J21_124_1586    303.4080     0.0    303.4080     0.0000 0.0000 Eval_32_1_DP_OP_54J21_124_1586_J21_0_32
core16_0/core4_2/evalA/DP_OP_55J21_125_1337    308.5740     0.0    308.5740     0.0000 0.0000 Eval_32_1_DP_OP_55J21_125_1337_J21_0_32
core16_0/core4_2/evalB               265.7340      0.0       7.8120      0.0000  0.0000  Eval_33_46
core16_0/core4_2/evalB/DP_OP_53J27_122_4708     66.6540     0.0     66.6540     0.0000 0.0000 Eval_33_1_DP_OP_53J27_122_4708_J27_0_28
core16_0/core4_2/evalB/DP_OP_54J27_123_8292     92.9880     0.0     92.9880     0.0000 0.0000 Eval_33_1_DP_OP_54J27_123_8292_J27_0_28
core16_0/core4_2/evalB/DP_OP_55J27_124_8043     98.2800     0.0     98.2800     0.0000 0.0000 Eval_33_1_DP_OP_55J27_124_8043_J27_0_28
core16_0/core4_2/interp             3082.9680      0.4       0.7560    308.4480  0.0000  Interpolation_47
core16_0/core4_2/interp/interp      2773.7640      0.4       0.2520      0.0000  0.0000  InterpolationComb_47
core16_0/core4_2/interp/interp/DP_OP_106J20_122_5359   2773.5120     0.4   2773.5120     0.0000 0.0000 InterpolationComb_1_DP_OP_106J20_122_5359_J20_0_27
core16_0/core4_2/mult_x_1            573.8040      0.1     573.8040      0.0000  0.0000  core4_1_DW_mult_tc_J24_6_22
core16_0/core4_2/mult_x_2            768.6000      0.1     768.6000      0.0000  0.0000  core4_1_DW_mult_tc_J24_5_22
core16_0/core4_2/mult_x_3            730.8000      0.1     730.8000      0.0000  0.0000  core4_1_DW_mult_tc_J24_4_22
core16_0/core4_2/mult_x_4            711.2700      0.1     711.2700      0.0000  0.0000  core4_1_DW_mult_tc_J24_3_22
core16_0/core4_2/mult_x_5            783.3420      0.1     783.3420      0.0000  0.0000  core4_1_DW_mult_tc_J24_2_22
core16_0/core4_2/mult_x_6            848.3580      0.1     848.3580      0.0000  0.0000  core4_1_DW_mult_tc_J24_1_22
core16_0/core4_2/mult_x_7            573.8040      0.1     573.8040      0.0000  0.0000  core4_1_DW_mult_tc_J24_0_22
core16_0/core4_3                   11815.2718      1.6       0.7560    574.4340  0.0000  core4_45
core16_0/core4_3/evalA               978.6420      0.1      30.7440      0.0000  0.0000  Eval_32_45
core16_0/core4_3/evalA/DP_OP_53J21_123_9060    248.3460     0.0    248.3460     0.0000 0.0000 Eval_32_1_DP_OP_53J21_123_9060_J21_0_31
core16_0/core4_3/evalA/DP_OP_54J21_124_1586    356.4540     0.0    356.4540     0.0000 0.0000 Eval_32_1_DP_OP_54J21_124_1586_J21_0_31
core16_0/core4_3/evalA/DP_OP_55J21_125_1337    343.0980     0.0    343.0980     0.0000 0.0000 Eval_32_1_DP_OP_55J21_125_1337_J21_0_31
core16_0/core4_3/evalB               487.2420      0.1      15.8760      0.0000  0.0000  Eval_33_45
core16_0/core4_3/evalB/DP_OP_53J27_122_4708    120.4560     0.0    120.4560     0.0000 0.0000 Eval_33_1_DP_OP_53J27_122_4708_J27_0_27
core16_0/core4_3/evalB/DP_OP_54J27_123_8292    182.3220     0.0    182.3220     0.0000 0.0000 Eval_33_1_DP_OP_54J27_123_8292_J27_0_27
core16_0/core4_3/evalB/DP_OP_55J27_124_8043    168.5880     0.0    168.5880     0.0000 0.0000 Eval_33_1_DP_OP_55J27_124_8043_J27_0_27
core16_0/core4_3/interp             3082.9680      0.4       0.7560    308.4480  0.0000  Interpolation_46
core16_0/core4_3/interp/interp      2773.7640      0.4       0.2520      0.0000  0.0000  InterpolationComb_46
core16_0/core4_3/interp/interp/DP_OP_106J20_122_5359   2773.5120     0.4   2773.5120     0.0000 0.0000 InterpolationComb_1_DP_OP_106J20_122_5359_J20_0_26
core16_0/core4_3/mult_x_1            653.5620      0.1     653.5620      0.0000  0.0000  core4_1_DW_mult_tc_J24_6_21
core16_0/core4_3/mult_x_2           1045.6740      0.1    1045.6740      0.0000  0.0000  core4_1_DW_mult_tc_J24_5_21
core16_0/core4_3/mult_x_3           1084.7340      0.1    1084.7340      0.0000  0.0000  core4_1_DW_mult_tc_J24_4_21
core16_0/core4_3/mult_x_4           1084.3560      0.1    1084.3560      0.0000  0.0000  core4_1_DW_mult_tc_J24_3_21
core16_0/core4_3/mult_x_5           1081.4580      0.1    1081.4580      0.0000  0.0000  core4_1_DW_mult_tc_J24_2_21
core16_0/core4_3/mult_x_6           1087.8840      0.1    1087.8840      0.0000  0.0000  core4_1_DW_mult_tc_J24_1_21
core16_0/core4_3/mult_x_7            653.5620      0.1     653.5620      0.0000  0.0000  core4_1_DW_mult_tc_J24_0_21
core16_0/core4_4                   11059.3979      1.5       1.0080    574.5600  0.0000  core4_44
core16_0/core4_4/evalA               934.1640      0.1      28.4760      0.0000  0.0000  Eval_32_44
core16_0/core4_4/evalA/DP_OP_54J15_122_2586    241.7940     0.0    241.7940     0.0000 0.0000 Eval_32_2_DP_OP_54J15_122_2586_J15_0_3
core16_0/core4_4/evalA/DP_OP_55J15_123_4716    329.3640     0.0    329.3640     0.0000 0.0000 Eval_32_2_DP_OP_55J15_123_4716_J15_0_3
core16_0/core4_4/evalA/DP_OP_56J15_124_4901    334.5300     0.0    334.5300     0.0000 0.0000 Eval_32_2_DP_OP_56J15_124_4901_J15_0_3
core16_0/core4_4/evalB               348.2640      0.0      10.3320      0.0000  0.0000  Eval_33_44
core16_0/core4_4/evalB/DP_OP_54J25_125_8201     90.8460     0.0     90.8460     0.0000 0.0000 Eval_33_2_DP_OP_54J25_125_8201_J25_0_3
core16_0/core4_4/evalB/DP_OP_55J25_126_1455    120.7080     0.0    120.7080     0.0000 0.0000 Eval_33_2_DP_OP_55J25_126_1455_J25_0_3
core16_0/core4_4/evalB/DP_OP_56J25_127_8740    126.3780     0.0    126.3780     0.0000 0.0000 Eval_33_2_DP_OP_56J25_127_8740_J25_0_3
core16_0/core4_4/interp             3082.9680      0.4       0.7560    308.4480  0.0000  Interpolation_45
core16_0/core4_4/interp/interp      2773.7640      0.4       0.2520      0.0000  0.0000  InterpolationComb_45
core16_0/core4_4/interp/interp/DP_OP_106J20_122_5359   2773.5120     0.4   2773.5120     0.0000 0.0000 InterpolationComb_1_DP_OP_106J20_122_5359_J20_0_25
core16_0/core4_4/mult_x_1            729.6660      0.1     729.6660      0.0000  0.0000  core4_2_DW_mult_uns_J32_3_1
core16_0/core4_4/mult_x_2            953.0640      0.1     953.0640      0.0000  0.0000  core4_2_DW_mult_uns_J32_2_1
core16_0/core4_4/mult_x_3            881.4960      0.1     881.4960      0.0000  0.0000  core4_2_DW_mult_tc_J32_2_1
core16_0/core4_4/mult_x_4            853.9020      0.1     853.9020      0.0000  0.0000  core4_2_DW_mult_tc_J32_1_1
core16_0/core4_4/mult_x_5            996.2820      0.1     996.2820      0.0000  0.0000  core4_2_DW_mult_uns_J32_1_1
core16_0/core4_4/mult_x_6            974.3580      0.1     974.3580      0.0000  0.0000  core4_2_DW_mult_tc_J32_0_1
core16_0/core4_4/mult_x_7            729.6660      0.1     729.6660      0.0000  0.0000  core4_2_DW_mult_uns_J32_0_1
core16_0/core4_5                   12081.6358      1.6       0.7560    574.5600  0.0000  core4_43
core16_0/core4_5/evalA               979.6500      0.1      31.7520      0.0000  0.0000  Eval_32_43
core16_0/core4_5/evalA/DP_OP_53J21_123_9060    248.3460     0.0    248.3460     0.0000 0.0000 Eval_32_1_DP_OP_53J21_123_9060_J21_0_30
core16_0/core4_5/evalA/DP_OP_54J21_124_1586    356.4540     0.0    356.4540     0.0000 0.0000 Eval_32_1_DP_OP_54J21_124_1586_J21_0_30
core16_0/core4_5/evalA/DP_OP_55J21_125_1337    343.0980     0.0    343.0980     0.0000 0.0000 Eval_32_1_DP_OP_55J21_125_1337_J21_0_30
core16_0/core4_5/evalB               486.8640      0.1      16.3800      0.0000  0.0000  Eval_33_43
core16_0/core4_5/evalB/DP_OP_53J27_122_4708    120.7080     0.0    120.7080     0.0000 0.0000 Eval_33_1_DP_OP_53J27_122_4708_J27_0_26
core16_0/core4_5/evalB/DP_OP_54J27_123_8292    182.9520     0.0    182.9520     0.0000 0.0000 Eval_33_1_DP_OP_54J27_123_8292_J27_0_26
core16_0/core4_5/evalB/DP_OP_55J27_124_8043    166.8240     0.0    166.8240     0.0000 0.0000 Eval_33_1_DP_OP_55J27_124_8043_J27_0_26
core16_0/core4_5/interp             3082.9680      0.4       0.7560    308.4480  0.0000  Interpolation_44
core16_0/core4_5/interp/interp      2773.7640      0.4       0.2520      0.0000  0.0000  InterpolationComb_44
core16_0/core4_5/interp/interp/DP_OP_106J20_122_5359   2773.5120     0.4   2773.5120     0.0000 0.0000 InterpolationComb_1_DP_OP_106J20_122_5359_J20_0_24
core16_0/core4_5/mult_x_1            784.7280      0.1     784.7280      0.0000  0.0000  core4_1_DW_mult_tc_J24_6_20
core16_0/core4_5/mult_x_2           1053.8640      0.1    1053.8640      0.0000  0.0000  core4_1_DW_mult_tc_J24_5_20
core16_0/core4_5/mult_x_3           1088.3880      0.1    1088.3880      0.0000  0.0000  core4_1_DW_mult_tc_J24_4_20
core16_0/core4_5/mult_x_4           1078.4340      0.1    1078.4340      0.0000  0.0000  core4_1_DW_mult_tc_J24_3_20
core16_0/core4_5/mult_x_5           1081.2060      0.1    1081.2060      0.0000  0.0000  core4_1_DW_mult_tc_J24_2_20
core16_0/core4_5/mult_x_6           1085.4900      0.1    1085.4900      0.0000  0.0000  core4_1_DW_mult_tc_J24_1_20
core16_0/core4_5/mult_x_7            784.7280      0.1     784.7280      0.0000  0.0000  core4_1_DW_mult_tc_J24_0_20
core16_0/core4_6                    9053.3519      1.2       1.0080    574.5600  0.0000  core4_42
core16_0/core4_6/evalA               816.6060      0.1      24.6960      0.0000  0.0000  Eval_32_42
core16_0/core4_6/evalA/DP_OP_54J33_122_3084    211.6800     0.0    211.6800     0.0000 0.0000 Eval_32_0_DP_OP_54J33_122_3084_J33_0_2
core16_0/core4_6/evalA/DP_OP_55J33_123_6116    287.1540     0.0    287.1540     0.0000 0.0000 Eval_32_0_DP_OP_55J33_123_6116_J33_0_2
core16_0/core4_6/evalA/DP_OP_56J33_124_9559    293.0760     0.0    293.0760     0.0000 0.0000 Eval_32_0_DP_OP_56J33_124_9559_J33_0_2
core16_0/core4_6/evalB               229.8240      0.0       6.5520      0.0000  0.0000  Eval_33_42
core16_0/core4_6/evalB/DP_OP_54J21_129_7149     58.0860     0.0     58.0860     0.0000 0.0000 Eval_33_0_DP_OP_54J21_129_7149_J21_0_2
core16_0/core4_6/evalB/DP_OP_55J21_130_8220     79.7580     0.0     79.7580     0.0000 0.0000 Eval_33_0_DP_OP_55J21_130_8220_J21_0_2
core16_0/core4_6/evalB/DP_OP_56J21_131_9312     85.4280     0.0     85.4280     0.0000 0.0000 Eval_33_0_DP_OP_56J21_131_9312_J21_0_2
core16_0/core4_6/interp             2980.2780      0.4       0.7560    300.3840  0.0000  Interpolation_43
core16_0/core4_6/interp/interp      2679.1380      0.4       0.2520      0.0000  0.0000  InterpolationComb_43
core16_0/core4_6/interp/interp/DP_OP_106J21_122_4710   2678.8860     0.4   2678.8860     0.0000 0.0000 InterpolationComb_0_DP_OP_106J21_122_4710_J21_0_18
core16_0/core4_6/mult_x_1            438.9840      0.1     438.9840      0.0000  0.0000  core4_42_DW_mult_uns_J16_3
core16_0/core4_6/mult_x_2            749.4480      0.1     749.4480      0.0000  0.0000  core4_42_DW_mult_uns_J16_2
core16_0/core4_6/mult_x_3            592.7040      0.1     592.7040      0.0000  0.0000  core4_42_DW_mult_tc_J16_2
core16_0/core4_6/mult_x_4            672.0840      0.1     672.0840      0.0000  0.0000  core4_42_DW_mult_tc_J16_1
core16_0/core4_6/mult_x_5            753.7320      0.1     753.7320      0.0000  0.0000  core4_42_DW_mult_uns_J16_1
core16_0/core4_6/mult_x_6            805.1400      0.1     805.1400      0.0000  0.0000  core4_42_DW_mult_tc_J16_0
core16_0/core4_6/mult_x_7            438.9840      0.1     438.9840      0.0000  0.0000  core4_42_DW_mult_uns_J16_0
core16_0/evalA                       816.6060      0.1      24.6960      0.0000  0.0000  Eval_32_76
core16_0/evalA/DP_OP_54J28_122_5448    211.6800     0.0    211.6800      0.0000  0.0000  Eval_32_76_DP_OP_54J28_122_5448_J28_0
core16_0/evalA/DP_OP_55J28_123_9770    287.1540     0.0    287.1540      0.0000  0.0000  Eval_32_76_DP_OP_55J28_123_9770_J28_0
core16_0/evalA/DP_OP_56J28_124_9585    293.0760     0.0    293.0760      0.0000  0.0000  Eval_32_76_DP_OP_56J28_124_9585_J28_0
core16_0/evalA_1                     816.6060      0.1      24.6960      0.0000  0.0000  Eval_32_75
core16_0/evalA_1/DP_OP_54J29_122_9544    211.6800     0.0    211.6800     0.0000 0.0000  Eval_32_75_DP_OP_54J29_122_9544_J29_0
core16_0/evalA_1/DP_OP_55J29_123_7015    287.1540     0.0    287.1540     0.0000 0.0000  Eval_32_75_DP_OP_55J29_123_7015_J29_0
core16_0/evalA_1/DP_OP_56J29_124_6830    293.0760     0.0    293.0760     0.0000 0.0000  Eval_32_75_DP_OP_56J29_124_6830_J29_0
core16_0/evalA_2                     816.6060      0.1      24.6960      0.0000  0.0000  Eval_32_74
core16_0/evalA_2/DP_OP_54J31_122_7223    211.6800     0.0    211.6800     0.0000 0.0000  Eval_32_74_DP_OP_54J31_122_7223_J31_0
core16_0/evalA_2/DP_OP_55J31_123_5313    287.1540     0.0    287.1540     0.0000 0.0000  Eval_32_74_DP_OP_55J31_123_5313_J31_0
core16_0/evalA_2/DP_OP_56J31_124_4075    293.0760     0.0    293.0760     0.0000 0.0000  Eval_32_74_DP_OP_56J31_124_4075_J31_0
core16_0/evalA_3                     816.6060      0.1      24.6960      0.0000  0.0000  Eval_32_73
core16_0/evalA_3/DP_OP_54J30_122_1352    211.6800     0.0    211.6800     0.0000 0.0000  Eval_32_73_DP_OP_54J30_122_1352_J30_0
core16_0/evalA_3/DP_OP_55J30_123_2558    287.1540     0.0    287.1540     0.0000 0.0000  Eval_32_73_DP_OP_55J30_123_2558_J30_0
core16_0/evalA_3/DP_OP_56J30_124_1320    293.0760     0.0    293.0760     0.0000 0.0000  Eval_32_73_DP_OP_56J30_124_1320_J30_0
core16_0/evalB                       226.0440      0.0       7.1820      0.0000  0.0000  Eval_33_76
core16_0/evalB/DP_OP_54J16_125_1287     58.0860     0.0     58.0860      0.0000  0.0000  Eval_33_76_DP_OP_54J16_125_1287_J16_0
core16_0/evalB/DP_OP_55J16_126_1161     76.9860     0.0     76.9860      0.0000  0.0000  Eval_33_76_DP_OP_55J16_126_1161_J16_0
core16_0/evalB/DP_OP_56J16_127_9194     83.7900     0.0     83.7900      0.0000  0.0000  Eval_33_76_DP_OP_56J16_127_9194_J16_0
core16_0/evalB_1                     229.4460      0.0       6.8040      0.0000  0.0000  Eval_33_75
core16_0/evalB_1/DP_OP_54J15_125_5131     57.8340     0.0     57.8340     0.0000 0.0000  Eval_33_75_DP_OP_54J15_125_5131_J15_0
core16_0/evalB_1/DP_OP_55J15_126_393     80.3880     0.0     80.3880     0.0000  0.0000  Eval_33_75_DP_OP_55J15_126_393_J15_0
core16_0/evalB_1/DP_OP_56J15_127_4961     84.4200     0.0     84.4200     0.0000 0.0000  Eval_33_75_DP_OP_56J15_127_4961_J15_0
core16_0/evalB_2                     234.6120      0.0       6.8040      0.0000  0.0000  Eval_33_74
core16_0/evalB_2/DP_OP_54J17_128_8975     59.5980     0.0     59.5980     0.0000 0.0000  Eval_33_74_DP_OP_54J17_128_8975_J17_0
core16_0/evalB_2/DP_OP_55J17_129_8568     82.2780     0.0     82.2780     0.0000 0.0000  Eval_33_74_DP_OP_55J17_129_8568_J17_0
core16_0/evalB_2/DP_OP_56J17_130_7693     85.9320     0.0     85.9320     0.0000 0.0000  Eval_33_74_DP_OP_56J17_130_7693_J17_0
core16_0/evalB_3                     229.8240      0.0       7.1820      0.0000  0.0000  Eval_33_73
core16_0/evalB_3/DP_OP_54J18_125_9213     59.0940     0.0     59.0940     0.0000 0.0000  Eval_33_73_DP_OP_54J18_125_9213_J18_0
core16_0/evalB_3/DP_OP_55J18_126_9848     79.1280     0.0     79.1280     0.0000 0.0000  Eval_33_73_DP_OP_55J18_126_9848_J18_0
core16_0/evalB_3/DP_OP_56J18_127_3460     84.4200     0.0     84.4200     0.0000 0.0000  Eval_33_73_DP_OP_56J18_127_3460_J18_0
core16_0/interp                    11200.7699      1.5       0.7560   1098.7200  0.0000  Interpolation_7_6
core16_0/interp/interp             10101.2938      1.3       0.2520      0.0000  0.0000  InterpolationComb_7_6
core16_0/interp/interp/DP_OP_421J12_122_1083  10101.0418     1.3  10101.0418     0.0000 0.0000 InterpolationComb_7_0_DP_OP_421J12_122_1083_J12_0_2
core16_1                          102330.7727     13.5       2.0160   2122.8480  0.0000  core16_5
core16_1/core4_0                   11205.4318      1.5       1.0080    574.4340  0.0000  core4_41
core16_1/core4_0/evalA               932.6520      0.1      28.4760      0.0000  0.0000  Eval_32_41
core16_1/core4_0/evalA/DP_OP_54J20_126_5405    241.2900     0.0    241.2900     0.0000 0.0000 Eval_32_5_DP_OP_54J20_126_5405_J20_0_2
core16_1/core4_0/evalA/DP_OP_55J20_127_5712    331.8840     0.0    331.8840     0.0000 0.0000 Eval_32_5_DP_OP_55J20_127_5712_J20_0_2
core16_1/core4_0/evalA/DP_OP_56J20_128_4935    331.0020     0.0    331.0020     0.0000 0.0000 Eval_32_5_DP_OP_56J20_128_4935_J20_0_2
core16_1/core4_0/evalB               347.2560      0.0      10.8360      0.0000  0.0000  Eval_33_41
core16_1/core4_0/evalB/DP_OP_54J24_125_1053     93.4920     0.0     93.4920     0.0000 0.0000 Eval_33_5_DP_OP_54J24_125_1053_J24_0_2
core16_1/core4_0/evalB/DP_OP_55J24_126_2451    121.7160     0.0    121.7160     0.0000 0.0000 Eval_33_5_DP_OP_55J24_126_2451_J24_0_2
core16_1/core4_0/evalB/DP_OP_56J24_127_8683    121.2120     0.0    121.2120     0.0000 0.0000 Eval_33_5_DP_OP_56J24_127_8683_J24_0_2
core16_1/core4_0/interp             2981.2860      0.4       0.7560    300.3840  0.0000  Interpolation_42
core16_1/core4_0/interp/interp      2680.1460      0.4       0.2520      0.0000  0.0000  InterpolationComb_42
core16_1/core4_0/interp/interp/DP_OP_106J21_122_4710   2679.8940     0.4   2679.8940     0.0000 0.0000 InterpolationComb_0_DP_OP_106J21_122_4710_J21_0_17
core16_1/core4_0/mult_x_1            749.4480      0.1     749.4480      0.0000  0.0000  core4_35_DW_mult_uns_J31_3_1
core16_1/core4_0/mult_x_2            993.8880      0.1     993.8880      0.0000  0.0000  core4_35_DW_mult_uns_J31_2_1
core16_1/core4_0/mult_x_3            888.9300      0.1     888.9300      0.0000  0.0000  core4_35_DW_mult_tc_J31_2_1
core16_1/core4_0/mult_x_4            942.7320      0.1     942.7320      0.0000  0.0000  core4_35_DW_mult_tc_J31_1_1
core16_1/core4_0/mult_x_5            995.1480      0.1     995.1480      0.0000  0.0000  core4_35_DW_mult_uns_J31_1_1
core16_1/core4_0/mult_x_6           1049.2020      0.1    1049.2020      0.0000  0.0000  core4_35_DW_mult_tc_J31_0_1
core16_1/core4_0/mult_x_7            749.4480      0.1     749.4480      0.0000  0.0000  core4_35_DW_mult_uns_J31_0_1
core16_1/core4_1                   12368.5378      1.6       1.0080    574.3080  0.0000  core4_40
core16_1/core4_1/evalA               979.3980      0.1      31.5000      0.0000  0.0000  Eval_32_40
core16_1/core4_1/evalA/DP_OP_53J21_123_9060    248.3460     0.0    248.3460     0.0000 0.0000 Eval_32_1_DP_OP_53J21_123_9060_J21_0_29
core16_1/core4_1/evalA/DP_OP_54J21_124_1586    356.4540     0.0    356.4540     0.0000 0.0000 Eval_32_1_DP_OP_54J21_124_1586_J21_0_29
core16_1/core4_1/evalA/DP_OP_55J21_125_1337    343.0980     0.0    343.0980     0.0000 0.0000 Eval_32_1_DP_OP_55J21_125_1337_J21_0_29
core16_1/core4_1/evalB               471.6180      0.1      15.2460      0.0000  0.0000  Eval_33_40
core16_1/core4_1/evalB/DP_OP_55J26_122_736    118.6920     0.0    118.6920     0.0000 0.0000 Eval_33_40_DP_OP_55J26_122_736_J26_0
core16_1/core4_1/evalB/DP_OP_56J26_123_5121    171.8640     0.0    171.8640     0.0000 0.0000 Eval_33_40_DP_OP_56J26_123_5121_J26_0
core16_1/core4_1/evalB/DP_OP_57J26_124_6823    165.8160     0.0    165.8160     0.0000 0.0000 Eval_33_40_DP_OP_57J26_124_6823_J26_0
core16_1/core4_1/interp             2980.2780      0.4       0.7560    300.3840  0.0000  Interpolation_41
core16_1/core4_1/interp/interp      2679.1380      0.4       0.2520      0.0000  0.0000  InterpolationComb_41
core16_1/core4_1/interp/interp/DP_OP_106J21_122_4710   2678.8860     0.4   2678.8860     0.0000 0.0000 InterpolationComb_0_DP_OP_106J21_122_4710_J21_0_16
core16_1/core4_1/mult_x_1            985.8240      0.1     985.8240      0.0000  0.0000  core4_40_DW_mult_uns_J25_1
core16_1/core4_1/mult_x_2           1053.3600      0.1    1053.3600      0.0000  0.0000  core4_40_DW_mult_tc_J25_4
core16_1/core4_1/mult_x_3           1092.4200      0.1    1092.4200      0.0000  0.0000  core4_40_DW_mult_tc_J25_3
core16_1/core4_1/mult_x_4           1079.8200      0.1    1079.8200      0.0000  0.0000  core4_40_DW_mult_tc_J25_2
core16_1/core4_1/mult_x_5           1085.4900      0.1    1085.4900      0.0000  0.0000  core4_40_DW_mult_tc_J25_1
core16_1/core4_1/mult_x_6           1077.6780      0.1    1077.6780      0.0000  0.0000  core4_40_DW_mult_tc_J25_0
core16_1/core4_1/mult_x_7            987.3360      0.1     987.3360      0.0000  0.0000  core4_40_DW_mult_uns_J25_0
core16_1/core4_2                   11859.8758      1.6       1.0080    574.4340  0.0000  core4_39
core16_1/core4_2/evalA               975.3660      0.1      30.7440      0.0000  0.0000  Eval_32_39
core16_1/core4_2/evalA/DP_OP_53J21_123_9060    249.4800     0.0    249.4800     0.0000 0.0000 Eval_32_1_DP_OP_53J21_123_9060_J21_0_28
core16_1/core4_2/evalA/DP_OP_54J21_124_1586    352.9260     0.0    352.9260     0.0000 0.0000 Eval_32_1_DP_OP_54J21_124_1586_J21_0_28
core16_1/core4_2/evalA/DP_OP_55J21_125_1337    342.2160     0.0    342.2160     0.0000 0.0000 Eval_32_1_DP_OP_55J21_125_1337_J21_0_28
core16_1/core4_2/evalB               415.9260      0.1      12.6000      0.0000  0.0000  Eval_33_39
core16_1/core4_2/evalB/DP_OP_53J27_122_4708    107.9820     0.0    107.9820     0.0000 0.0000 Eval_33_1_DP_OP_53J27_122_4708_J27_0_25
core16_1/core4_2/evalB/DP_OP_54J27_123_8292    144.7740     0.0    144.7740     0.0000 0.0000 Eval_33_1_DP_OP_54J27_123_8292_J27_0_25
core16_1/core4_2/evalB/DP_OP_55J27_124_8043    150.5700     0.0    150.5700     0.0000 0.0000 Eval_33_1_DP_OP_55J27_124_8043_J27_0_25
core16_1/core4_2/interp             3082.9680      0.4       0.7560    308.4480  0.0000  Interpolation_40
core16_1/core4_2/interp/interp      2773.7640      0.4       0.2520      0.0000  0.0000  InterpolationComb_40
core16_1/core4_2/interp/interp/DP_OP_106J20_122_5359   2773.5120     0.4   2773.5120     0.0000 0.0000 InterpolationComb_1_DP_OP_106J20_122_5359_J20_0_23
core16_1/core4_2/mult_x_1            864.4860      0.1     864.4860      0.0000  0.0000  core4_1_DW_mult_tc_J24_6_19
core16_1/core4_2/mult_x_2           1002.2040      0.1    1002.2040      0.0000  0.0000  core4_1_DW_mult_tc_J24_5_19
core16_1/core4_2/mult_x_3            994.7700      0.1     994.7700      0.0000  0.0000  core4_1_DW_mult_tc_J24_4_19
core16_1/core4_2/mult_x_4            971.3340      0.1     971.3340      0.0000  0.0000  core4_1_DW_mult_tc_J24_3_19
core16_1/core4_2/mult_x_5           1028.5380      0.1    1028.5380      0.0000  0.0000  core4_1_DW_mult_tc_J24_2_19
core16_1/core4_2/mult_x_6           1077.9300      0.1    1077.9300      0.0000  0.0000  core4_1_DW_mult_tc_J24_1_19
core16_1/core4_2/mult_x_7            870.9120      0.1     870.9120      0.0000  0.0000  core4_1_DW_mult_tc_J24_0_19
core16_1/core4_3                   12318.2638      1.6       0.7560    574.1820  0.0000  core4_38
core16_1/core4_3/evalA               979.1460      0.1      31.2480      0.0000  0.0000  Eval_32_38
core16_1/core4_3/evalA/DP_OP_53J21_123_9060    248.3460     0.0    248.3460     0.0000 0.0000 Eval_32_1_DP_OP_53J21_123_9060_J21_0_27
core16_1/core4_3/evalA/DP_OP_54J21_124_1586    356.4540     0.0    356.4540     0.0000 0.0000 Eval_32_1_DP_OP_54J21_124_1586_J21_0_27
core16_1/core4_3/evalA/DP_OP_55J21_125_1337    343.0980     0.0    343.0980     0.0000 0.0000 Eval_32_1_DP_OP_55J21_125_1337_J21_0_27
core16_1/core4_3/evalB               489.5100      0.1      16.5060      0.0000  0.0000  Eval_33_38
core16_1/core4_3/evalB/DP_OP_53J27_122_4708    122.5980     0.0    122.5980     0.0000 0.0000 Eval_33_1_DP_OP_53J27_122_4708_J27_0_24
core16_1/core4_3/evalB/DP_OP_54J27_123_8292    181.6920     0.0    181.6920     0.0000 0.0000 Eval_33_1_DP_OP_54J27_123_8292_J27_0_24
core16_1/core4_3/evalB/DP_OP_55J27_124_8043    168.7140     0.0    168.7140     0.0000 0.0000 Eval_33_1_DP_OP_55J27_124_8043_J27_0_24
core16_1/core4_3/interp             3082.9680      0.4       0.7560    308.4480  0.0000  Interpolation_39
core16_1/core4_3/interp/interp      2773.7640      0.4       0.2520      0.0000  0.0000  InterpolationComb_39
core16_1/core4_3/interp/interp/DP_OP_106J20_122_5359   2773.5120     0.4   2773.5120     0.0000 0.0000 InterpolationComb_1_DP_OP_106J20_122_5359_J20_0_22
core16_1/core4_3/mult_x_1            910.7280      0.1     910.7280      0.0000  0.0000  core4_1_DW_mult_tc_J24_6_18
core16_1/core4_3/mult_x_2           1048.0680      0.1    1048.0680      0.0000  0.0000  core4_1_DW_mult_tc_J24_5_18
core16_1/core4_3/mult_x_3           1079.4420      0.1    1079.4420      0.0000  0.0000  core4_1_DW_mult_tc_J24_4_18
core16_1/core4_3/mult_x_4           1086.2460      0.1    1086.2460      0.0000  0.0000  core4_1_DW_mult_tc_J24_3_18
core16_1/core4_3/mult_x_5           1078.4340      0.1    1078.4340      0.0000  0.0000  core4_1_DW_mult_tc_J24_2_18
core16_1/core4_3/mult_x_6           1079.1900      0.1    1079.1900      0.0000  0.0000  core4_1_DW_mult_tc_J24_1_18
core16_1/core4_3/mult_x_7            909.5940      0.1     909.5940      0.0000  0.0000  core4_1_DW_mult_tc_J24_0_18
core16_1/core4_4                   12347.8738      1.6       1.0080    574.4340  0.0000  core4_37
core16_1/core4_4/evalA               979.3980      0.1      31.5000      0.0000  0.0000  Eval_32_37
core16_1/core4_4/evalA/DP_OP_53J21_123_9060    248.3460     0.0    248.3460     0.0000 0.0000 Eval_32_1_DP_OP_53J21_123_9060_J21_0_26
core16_1/core4_4/evalA/DP_OP_54J21_124_1586    356.4540     0.0    356.4540     0.0000 0.0000 Eval_32_1_DP_OP_54J21_124_1586_J21_0_26
core16_1/core4_4/evalA/DP_OP_55J21_125_1337    343.0980     0.0    343.0980     0.0000 0.0000 Eval_32_1_DP_OP_55J21_125_1337_J21_0_26
core16_1/core4_4/evalB               458.0100      0.1      14.7420      0.0000  0.0000  Eval_33_37
core16_1/core4_4/evalB/DP_OP_54J25_122_2735    115.9200     0.0    115.9200     0.0000 0.0000 Eval_33_19_DP_OP_54J25_122_2735_J25_0_1
core16_1/core4_4/evalB/DP_OP_55J25_123_575    162.5400     0.0    162.5400     0.0000 0.0000 Eval_33_19_DP_OP_55J25_123_575_J25_0_1
core16_1/core4_4/evalB/DP_OP_56J25_124_2549    164.8080     0.0    164.8080     0.0000 0.0000 Eval_33_19_DP_OP_56J25_124_2549_J25_0_1
core16_1/core4_4/interp             3082.9680      0.4       0.7560    308.4480  0.0000  Interpolation_38
core16_1/core4_4/interp/interp      2773.7640      0.4       0.2520      0.0000  0.0000  InterpolationComb_38
core16_1/core4_4/interp/interp/DP_OP_106J20_122_5359   2773.5120     0.4   2773.5120     0.0000 0.0000 InterpolationComb_1_DP_OP_106J20_122_5359_J20_0_21
core16_1/core4_4/mult_x_1            965.1600      0.1     965.1600      0.0000  0.0000  core4_37_DW_mult_uns_J26_1
core16_1/core4_4/mult_x_2           1045.5480      0.1    1045.5480      0.0000  0.0000  core4_37_DW_mult_tc_J26_4
core16_1/core4_4/mult_x_3           1030.5540      0.1    1030.5540      0.0000  0.0000  core4_37_DW_mult_tc_J26_3
core16_1/core4_4/mult_x_4           1082.4660      0.1    1082.4660      0.0000  0.0000  core4_37_DW_mult_tc_J26_2
core16_1/core4_4/mult_x_5           1085.3640      0.1    1085.3640      0.0000  0.0000  core4_37_DW_mult_tc_J26_1
core16_1/core4_4/mult_x_6           1077.8040      0.1    1077.8040      0.0000  0.0000  core4_37_DW_mult_tc_J26_0
core16_1/core4_4/mult_x_7            965.1600      0.1     965.1600      0.0000  0.0000  core4_37_DW_mult_uns_J26_0
core16_1/core4_5                   12544.0558      1.7       0.7560    573.9300  0.0000  core4_36
core16_1/core4_5/evalA               979.5240      0.1      31.6260      0.0000  0.0000  Eval_32_36
core16_1/core4_5/evalA/DP_OP_53J21_123_9060    248.3460     0.0    248.3460     0.0000 0.0000 Eval_32_1_DP_OP_53J21_123_9060_J21_0_25
core16_1/core4_5/evalA/DP_OP_54J21_124_1586    356.4540     0.0    356.4540     0.0000 0.0000 Eval_32_1_DP_OP_54J21_124_1586_J21_0_25
core16_1/core4_5/evalA/DP_OP_55J21_125_1337    343.0980     0.0    343.0980     0.0000 0.0000 Eval_32_1_DP_OP_55J21_125_1337_J21_0_25
core16_1/core4_5/evalB               494.1720      0.1      17.0100      0.0000  0.0000  Eval_33_36
core16_1/core4_5/evalB/DP_OP_53J27_122_4708    123.8580     0.0    123.8580     0.0000 0.0000 Eval_33_1_DP_OP_53J27_122_4708_J27_0_23
core16_1/core4_5/evalB/DP_OP_54J27_123_8292    184.3380     0.0    184.3380     0.0000 0.0000 Eval_33_1_DP_OP_54J27_123_8292_J27_0_23
core16_1/core4_5/evalB/DP_OP_55J27_124_8043    168.9660     0.0    168.9660     0.0000 0.0000 Eval_33_1_DP_OP_55J27_124_8043_J27_0_23
core16_1/core4_5/interp             3082.9680      0.4       0.7560    308.4480  0.0000  Interpolation_37
core16_1/core4_5/interp/interp      2773.7640      0.4       0.2520      0.0000  0.0000  InterpolationComb_37
core16_1/core4_5/interp/interp/DP_OP_106J20_122_5359   2773.5120     0.4   2773.5120     0.0000 0.0000 InterpolationComb_1_DP_OP_106J20_122_5359_J20_0_20
core16_1/core4_5/mult_x_1           1017.5760      0.1    1017.5760      0.0000  0.0000  core4_1_DW_mult_tc_J24_6_17
core16_1/core4_5/mult_x_2           1049.9580      0.1    1049.9580      0.0000  0.0000  core4_1_DW_mult_tc_J24_5_17
core16_1/core4_5/mult_x_3           1078.6860      0.1    1078.6860      0.0000  0.0000  core4_1_DW_mult_tc_J24_4_17
core16_1/core4_5/mult_x_4           1085.7420      0.1    1085.7420      0.0000  0.0000  core4_1_DW_mult_tc_J24_3_17
core16_1/core4_5/mult_x_5           1084.4820      0.1    1084.4820      0.0000  0.0000  core4_1_DW_mult_tc_J24_2_17
core16_1/core4_5/mult_x_6           1078.6860      0.1    1078.6860      0.0000  0.0000  core4_1_DW_mult_tc_J24_1_17
core16_1/core4_5/mult_x_7           1017.5760      0.1    1017.5760      0.0000  0.0000  core4_1_DW_mult_tc_J24_0_17
core16_1/core4_6                   11205.5578      1.5       1.0080    574.5600  0.0000  core4_35
core16_1/core4_6/evalA               932.6520      0.1      28.4760      0.0000  0.0000  Eval_32_35
core16_1/core4_6/evalA/DP_OP_54J20_126_5405    241.2900     0.0    241.2900     0.0000 0.0000 Eval_32_5_DP_OP_54J20_126_5405_J20_0_1
core16_1/core4_6/evalA/DP_OP_55J20_127_5712    331.8840     0.0    331.8840     0.0000 0.0000 Eval_32_5_DP_OP_55J20_127_5712_J20_0_1
core16_1/core4_6/evalA/DP_OP_56J20_128_4935    331.0020     0.0    331.0020     0.0000 0.0000 Eval_32_5_DP_OP_56J20_128_4935_J20_0_1
core16_1/core4_6/evalB               347.2560      0.0      10.8360      0.0000  0.0000  Eval_33_35
core16_1/core4_6/evalB/DP_OP_54J24_125_1053     93.4920     0.0     93.4920     0.0000 0.0000 Eval_33_5_DP_OP_54J24_125_1053_J24_0_1
core16_1/core4_6/evalB/DP_OP_55J24_126_2451    121.7160     0.0    121.7160     0.0000 0.0000 Eval_33_5_DP_OP_55J24_126_2451_J24_0_1
core16_1/core4_6/evalB/DP_OP_56J24_127_8683    121.2120     0.0    121.2120     0.0000 0.0000 Eval_33_5_DP_OP_56J24_127_8683_J24_0_1
core16_1/core4_6/interp             2981.2860      0.4       0.7560    300.3840  0.0000  Interpolation_36
core16_1/core4_6/interp/interp      2680.1460      0.4       0.2520      0.0000  0.0000  InterpolationComb_36
core16_1/core4_6/interp/interp/DP_OP_106J21_122_4710   2679.8940     0.4   2679.8940     0.0000 0.0000 InterpolationComb_0_DP_OP_106J21_122_4710_J21_0_15
core16_1/core4_6/mult_x_1            749.4480      0.1     749.4480      0.0000  0.0000  core4_35_DW_mult_uns_J31_3_0
core16_1/core4_6/mult_x_2            991.6200      0.1     991.6200      0.0000  0.0000  core4_35_DW_mult_uns_J31_2_0
core16_1/core4_6/mult_x_3            888.5520      0.1     888.5520      0.0000  0.0000  core4_35_DW_mult_tc_J31_2_0
core16_1/core4_6/mult_x_4            944.6220      0.1     944.6220      0.0000  0.0000  core4_35_DW_mult_tc_J31_1_0
core16_1/core4_6/mult_x_5            995.9040      0.1     995.9040      0.0000  0.0000  core4_35_DW_mult_uns_J31_1_0
core16_1/core4_6/mult_x_6           1049.2020      0.1    1049.2020      0.0000  0.0000  core4_35_DW_mult_tc_J31_0_0
core16_1/core4_6/mult_x_7            749.4480      0.1     749.4480      0.0000  0.0000  core4_35_DW_mult_uns_J31_0_0
core16_1/evalA                       932.6520      0.1      28.4760      0.0000  0.0000  Eval_32_72
core16_1/evalA/DP_OP_54J21_126_7052    241.2900     0.0    241.2900      0.0000  0.0000  Eval_32_69_DP_OP_54J21_126_7052_J21_0_3
core16_1/evalA/DP_OP_55J21_127_5900    331.8840     0.0    331.8840      0.0000  0.0000  Eval_32_69_DP_OP_55J21_127_5900_J21_0_3
core16_1/evalA/DP_OP_56J21_128_8178    331.0020     0.0    331.0020      0.0000  0.0000  Eval_32_69_DP_OP_56J21_128_8178_J21_0_3
core16_1/evalA_1                     932.5260      0.1      28.3500      0.0000  0.0000  Eval_32_71
core16_1/evalA_1/DP_OP_54J21_126_7052    241.2900     0.0    241.2900     0.0000 0.0000  Eval_32_69_DP_OP_54J21_126_7052_J21_0_2
core16_1/evalA_1/DP_OP_55J21_127_5900    331.8840     0.0    331.8840     0.0000 0.0000  Eval_32_69_DP_OP_55J21_127_5900_J21_0_2
core16_1/evalA_1/DP_OP_56J21_128_8178    331.0020     0.0    331.0020     0.0000 0.0000  Eval_32_69_DP_OP_56J21_128_8178_J21_0_2
core16_1/evalA_2                     932.5260      0.1      28.3500      0.0000  0.0000  Eval_32_70
core16_1/evalA_2/DP_OP_54J21_126_7052    241.2900     0.0    241.2900     0.0000 0.0000  Eval_32_69_DP_OP_54J21_126_7052_J21_0_1
core16_1/evalA_2/DP_OP_55J21_127_5900    331.8840     0.0    331.8840     0.0000 0.0000  Eval_32_69_DP_OP_55J21_127_5900_J21_0_1
core16_1/evalA_2/DP_OP_56J21_128_8178    331.0020     0.0    331.0020     0.0000 0.0000  Eval_32_69_DP_OP_56J21_128_8178_J21_0_1
core16_1/evalA_3                     932.6520      0.1      28.4760      0.0000  0.0000  Eval_32_69
core16_1/evalA_3/DP_OP_54J21_126_7052    241.2900     0.0    241.2900     0.0000 0.0000  Eval_32_69_DP_OP_54J21_126_7052_J21_0_0
core16_1/evalA_3/DP_OP_55J21_127_5900    331.8840     0.0    331.8840     0.0000 0.0000  Eval_32_69_DP_OP_55J21_127_5900_J21_0_0
core16_1/evalA_3/DP_OP_56J21_128_8178    331.0020     0.0    331.0020     0.0000 0.0000  Eval_32_69_DP_OP_56J21_128_8178_J21_0_0
core16_1/evalB                       351.0360      0.0      10.8360      0.0000  0.0000  Eval_33_72
core16_1/evalB/DP_OP_54J23_125_7977     95.3820     0.0     95.3820      0.0000  0.0000  Eval_33_69_DP_OP_54J23_125_7977_J23_0_3
core16_1/evalB/DP_OP_55J23_126_7780    121.7160     0.0    121.7160      0.0000  0.0000  Eval_33_69_DP_OP_55J23_126_7780_J23_0_3
core16_1/evalB/DP_OP_56J23_127_5098    123.1020     0.0    123.1020      0.0000  0.0000  Eval_33_69_DP_OP_56J23_127_5098_J23_0_3
core16_1/evalB_1                     356.3280      0.0      10.2060      0.0000  0.0000  Eval_33_71
core16_1/evalB_1/DP_OP_54J23_125_7977     93.4920     0.0     93.4920     0.0000 0.0000  Eval_33_69_DP_OP_54J23_125_7977_J23_0_2
core16_1/evalB_1/DP_OP_55J23_126_7780    128.7720     0.0    128.7720     0.0000 0.0000  Eval_33_69_DP_OP_55J23_126_7780_J23_0_2
core16_1/evalB_1/DP_OP_56J23_127_5098    123.8580     0.0    123.8580     0.0000 0.0000  Eval_33_69_DP_OP_56J23_127_5098_J23_0_2
core16_1/evalB_2                     359.2260      0.0      10.2060      0.0000  0.0000  Eval_33_70
core16_1/evalB_2/DP_OP_54J23_125_7977     93.4920     0.0     93.4920     0.0000 0.0000  Eval_33_69_DP_OP_54J23_125_7977_J23_0_1
core16_1/evalB_2/DP_OP_55J23_126_7780    128.5200     0.0    128.5200     0.0000 0.0000  Eval_33_69_DP_OP_55J23_126_7780_J23_0_1
core16_1/evalB_2/DP_OP_56J23_127_5098    127.0080     0.0    127.0080     0.0000 0.0000  Eval_33_69_DP_OP_56J23_127_5098_J23_0_1
core16_1/evalB_3                     358.0920      0.0      10.8360      0.0000  0.0000  Eval_33_69
core16_1/evalB_3/DP_OP_54J23_125_7977     94.5000     0.0     94.5000     0.0000 0.0000  Eval_33_69_DP_OP_54J23_125_7977_J23_0_0
core16_1/evalB_3/DP_OP_55J23_126_7780    125.1180     0.0    125.1180     0.0000 0.0000  Eval_33_69_DP_OP_55J23_126_7780_J23_0_0
core16_1/evalB_3/DP_OP_56J23_127_5098    127.6380     0.0    127.6380     0.0000 0.0000  Eval_33_69_DP_OP_56J23_127_5098_J23_0_0
core16_1/interp                    11201.2739      1.5       0.7560   1098.7200  0.0000  Interpolation_7_5
core16_1/interp/interp             10101.7978      1.3       0.2520      0.0000  0.0000  InterpolationComb_7_5
core16_1/interp/interp/DP_OP_421J12_122_1083  10101.5458     1.3  10101.5458     0.0000 0.0000 InterpolationComb_7_0_DP_OP_421J12_122_1083_J12_0_1
core16_2                           96282.1428     12.7       2.0160   2122.8480  0.0000  core16_4
core16_2/core4_0                    9860.1299      1.3       1.0080    574.4340  0.0000  core4_34
core16_2/core4_0/evalA               864.7380      0.1      26.2080      0.0000  0.0000  Eval_32_34
core16_2/core4_0/evalA/DP_OP_54J18_122_3087    224.5320     0.0    224.5320     0.0000 0.0000 Eval_32_28_DP_OP_54J18_122_3087_J18_0_1
core16_2/core4_0/evalA/DP_OP_55J18_123_1087    304.0380     0.0    304.0380     0.0000 0.0000 Eval_32_28_DP_OP_55J18_123_1087_J18_0_1
core16_2/core4_0/evalA/DP_OP_56J18_124_3086    309.9600     0.0    309.9600     0.0000 0.0000 Eval_32_28_DP_OP_56J18_124_3086_J18_0_1
core16_2/core4_0/evalB               274.0500      0.0       8.4420      0.0000  0.0000  Eval_33_34
core16_2/core4_0/evalB/DP_OP_54J27_125_6879     71.6940     0.0     71.6940     0.0000 0.0000 Eval_33_28_DP_OP_54J27_125_6879_J27_0_1
core16_2/core4_0/evalB/DP_OP_55J27_126_3031     93.8700     0.0     93.8700     0.0000 0.0000 Eval_33_28_DP_OP_55J27_126_3031_J27_0_1
core16_2/core4_0/evalB/DP_OP_56J27_127_9263    100.0440     0.0    100.0440     0.0000 0.0000 Eval_33_28_DP_OP_56J27_127_9263_J27_0_1
core16_2/core4_0/interp             2981.2860      0.4       0.7560    300.3840  0.0000  Interpolation_35
core16_2/core4_0/interp/interp      2680.1460      0.4       0.2520      0.0000  0.0000  InterpolationComb_35
core16_2/core4_0/interp/interp/DP_OP_106J21_122_4710   2679.8940     0.4   2679.8940     0.0000 0.0000 InterpolationComb_0_DP_OP_106J21_122_4710_J21_0_14
core16_2/core4_0/mult_x_1            578.8440      0.1     578.8440      0.0000  0.0000  core4_28_DW_mult_uns_J22_3_1
core16_2/core4_0/mult_x_2            829.4580      0.1     829.4580      0.0000  0.0000  core4_28_DW_mult_uns_J22_2_1
core16_2/core4_0/mult_x_3            733.6980      0.1     733.6980      0.0000  0.0000  core4_28_DW_mult_tc_J22_2_1
core16_2/core4_0/mult_x_4            710.5140      0.1     710.5140      0.0000  0.0000  core4_28_DW_mult_tc_J22_1_1
core16_2/core4_0/mult_x_5            884.8980      0.1     884.8980      0.0000  0.0000  core4_28_DW_mult_uns_J22_1_1
core16_2/core4_0/mult_x_6            848.3580      0.1     848.3580      0.0000  0.0000  core4_28_DW_mult_tc_J22_0_1
core16_2/core4_0/mult_x_7            578.8440      0.1     578.8440      0.0000  0.0000  core4_28_DW_mult_uns_J22_0_1
core16_2/core4_1                   11648.6998      1.5       1.0080    574.3080  0.0000  core4_33
core16_2/core4_1/evalA               963.7740      0.1      29.9880      0.0000  0.0000  Eval_32_33
core16_2/core4_1/evalA/DP_OP_55J20_123_2333    247.0860     0.0    247.0860     0.0000 0.0000 Eval_32_33_DP_OP_55J20_123_2333_J20_0
core16_2/core4_1/evalA/DP_OP_56J20_124_438    346.8780     0.0    346.8780     0.0000 0.0000 Eval_32_33_DP_OP_56J20_124_438_J20_0
core16_2/core4_1/evalA/DP_OP_57J20_125_7650    339.8220     0.0    339.8220     0.0000 0.0000 Eval_32_33_DP_OP_57J20_125_7650_J20_0
core16_2/core4_1/evalB               396.3960      0.1      11.8440      0.0000  0.0000  Eval_33_33
core16_2/core4_1/evalB/DP_OP_54J24_122_1008    105.7140     0.0    105.7140     0.0000 0.0000 Eval_33_33_DP_OP_54J24_122_1008_J24_0
core16_2/core4_1/evalB/DP_OP_55J24_123_2382    139.7340     0.0    139.7340     0.0000 0.0000 Eval_33_33_DP_OP_55J24_123_2382_J24_0
core16_2/core4_1/evalB/DP_OP_56J24_124_6117    139.1040     0.0    139.1040     0.0000 0.0000 Eval_33_33_DP_OP_56J24_124_6117_J24_0
core16_2/core4_1/interp             2980.2780      0.4       0.7560    300.3840  0.0000  Interpolation_34
core16_2/core4_1/interp/interp      2679.1380      0.4       0.2520      0.0000  0.0000  InterpolationComb_34
core16_2/core4_1/interp/interp/DP_OP_106J21_122_4710   2678.8860     0.4   2678.8860     0.0000 0.0000 InterpolationComb_0_DP_OP_106J21_122_4710_J21_0_13
core16_2/core4_1/mult_x_1            827.8200      0.1     827.8200      0.0000  0.0000  core4_33_DW_mult_uns_J28_1
core16_2/core4_1/mult_x_2            994.8960      0.1     994.8960      0.0000  0.0000  core4_33_DW_mult_tc_J28_4
core16_2/core4_1/mult_x_3            999.8100      0.1     999.8100      0.0000  0.0000  core4_33_DW_mult_tc_J28_3
core16_2/core4_1/mult_x_4            968.5620      0.1     968.5620      0.0000  0.0000  core4_33_DW_mult_tc_J28_2
core16_2/core4_1/mult_x_5           1025.3880      0.1    1025.3880      0.0000  0.0000  core4_33_DW_mult_tc_J28_1
core16_2/core4_1/mult_x_6           1087.0020      0.1    1087.0020      0.0000  0.0000  core4_33_DW_mult_tc_J28_0
core16_2/core4_1/mult_x_7            829.4580      0.1     829.4580      0.0000  0.0000  core4_33_DW_mult_uns_J28_0
core16_2/core4_2                   10643.3459      1.4       1.0080    574.4340  0.0000  core4_32
core16_2/core4_2/evalA               907.2000      0.1      27.7200      0.0000  0.0000  Eval_32_32
core16_2/core4_2/evalA/DP_OP_53J21_123_9060    233.6040     0.0    233.6040     0.0000 0.0000 Eval_32_1_DP_OP_53J21_123_9060_J21_0_24
core16_2/core4_2/evalA/DP_OP_54J21_124_1586    320.5440     0.0    320.5440     0.0000 0.0000 Eval_32_1_DP_OP_54J21_124_1586_J21_0_24
core16_2/core4_2/evalA/DP_OP_55J21_125_1337    325.3320     0.0    325.3320     0.0000 0.0000 Eval_32_1_DP_OP_55J21_125_1337_J21_0_24
core16_2/core4_2/evalB               316.1340      0.0       9.3240      0.0000  0.0000  Eval_33_32
core16_2/core4_2/evalB/DP_OP_53J27_122_4708     80.0100     0.0     80.0100     0.0000 0.0000 Eval_33_1_DP_OP_53J27_122_4708_J27_0_22
core16_2/core4_2/evalB/DP_OP_54J27_123_8292    111.6360     0.0    111.6360     0.0000 0.0000 Eval_33_1_DP_OP_54J27_123_8292_J27_0_22
core16_2/core4_2/evalB/DP_OP_55J27_124_8043    115.1640     0.0    115.1640     0.0000 0.0000 Eval_33_1_DP_OP_55J27_124_8043_J27_0_22
core16_2/core4_2/interp             3082.9680      0.4       0.7560    308.4480  0.0000  Interpolation_33
core16_2/core4_2/interp/interp      2773.7640      0.4       0.2520      0.0000  0.0000  InterpolationComb_33
core16_2/core4_2/interp/interp/DP_OP_106J20_122_5359   2773.5120     0.4   2773.5120     0.0000 0.0000 InterpolationComb_1_DP_OP_106J20_122_5359_J20_0_19
core16_2/core4_2/mult_x_1            715.0500      0.1     715.0500      0.0000  0.0000  core4_1_DW_mult_tc_J24_6_16
core16_2/core4_2/mult_x_2            873.0540      0.1     873.0540      0.0000  0.0000  core4_1_DW_mult_tc_J24_5_16
core16_2/core4_2/mult_x_3            787.2480      0.1     787.2480      0.0000  0.0000  core4_1_DW_mult_tc_J24_4_16
core16_2/core4_2/mult_x_4            824.2920      0.1     824.2920      0.0000  0.0000  core4_1_DW_mult_tc_J24_3_16
core16_2/core4_2/mult_x_5            895.2300      0.1     895.2300      0.0000  0.0000  core4_1_DW_mult_tc_J24_2_16
core16_2/core4_2/mult_x_6            944.4960      0.1     944.4960      0.0000  0.0000  core4_1_DW_mult_tc_J24_1_16
core16_2/core4_2/mult_x_7            722.2320      0.1     722.2320      0.0000  0.0000  core4_1_DW_mult_tc_J24_0_16
core16_2/core4_3                   11923.2538      1.6       0.7560    574.1820  0.0000  core4_31
core16_2/core4_3/evalA               979.1460      0.1      31.2480      0.0000  0.0000  Eval_32_31
core16_2/core4_3/evalA/DP_OP_53J21_123_9060    248.3460     0.0    248.3460     0.0000 0.0000 Eval_32_1_DP_OP_53J21_123_9060_J21_0_23
core16_2/core4_3/evalA/DP_OP_54J21_124_1586    356.4540     0.0    356.4540     0.0000 0.0000 Eval_32_1_DP_OP_54J21_124_1586_J21_0_23
core16_2/core4_3/evalA/DP_OP_55J21_125_1337    343.0980     0.0    343.0980     0.0000 0.0000 Eval_32_1_DP_OP_55J21_125_1337_J21_0_23
core16_2/core4_3/evalB               492.6600      0.1      15.8760      0.0000  0.0000  Eval_33_31
core16_2/core4_3/evalB/DP_OP_53J27_122_4708    123.9840     0.0    123.9840     0.0000 0.0000 Eval_33_1_DP_OP_53J27_122_4708_J27_0_21
core16_2/core4_3/evalB/DP_OP_54J27_123_8292    182.5740     0.0    182.5740     0.0000 0.0000 Eval_33_1_DP_OP_54J27_123_8292_J27_0_21
core16_2/core4_3/evalB/DP_OP_55J27_124_8043    170.2260     0.0    170.2260     0.0000 0.0000 Eval_33_1_DP_OP_55J27_124_8043_J27_0_21
core16_2/core4_3/interp             3082.9680      0.4       0.7560    308.4480  0.0000  Interpolation_32
core16_2/core4_3/interp/interp      2773.7640      0.4       0.2520      0.0000  0.0000  InterpolationComb_32
core16_2/core4_3/interp/interp/DP_OP_106J20_122_5359   2773.5120     0.4   2773.5120     0.0000 0.0000 InterpolationComb_1_DP_OP_106J20_122_5359_J20_0_18
core16_2/core4_3/mult_x_1            694.0080      0.1     694.0080      0.0000  0.0000  core4_1_DW_mult_tc_J24_6_15
core16_2/core4_3/mult_x_2           1053.1080      0.1    1053.1080      0.0000  0.0000  core4_1_DW_mult_tc_J24_5_15
core16_2/core4_3/mult_x_3           1096.9560      0.1    1096.9560      0.0000  0.0000  core4_1_DW_mult_tc_J24_4_15
core16_2/core4_3/mult_x_4           1089.0180      0.1    1089.0180      0.0000  0.0000  core4_1_DW_mult_tc_J24_3_15
core16_2/core4_3/mult_x_5           1086.8760      0.1    1086.8760      0.0000  0.0000  core4_1_DW_mult_tc_J24_2_15
core16_2/core4_3/mult_x_6           1079.5680      0.1    1079.5680      0.0000  0.0000  core4_1_DW_mult_tc_J24_1_15
core16_2/core4_3/mult_x_7            694.0080      0.1     694.0080      0.0000  0.0000  core4_1_DW_mult_tc_J24_0_15
core16_2/core4_4                   11747.9878      1.5       1.0080    574.1820  0.0000  core4_30
core16_2/core4_4/evalA               963.1440      0.1      29.9880      0.0000  0.0000  Eval_32_30
core16_2/core4_4/evalA/DP_OP_54J17_122_576    246.0780     0.0    246.0780     0.0000 0.0000 Eval_32_30_DP_OP_54J17_122_576_J17_0
core16_2/core4_4/evalA/DP_OP_55J17_123_1642    346.2480     0.0    346.2480     0.0000 0.0000 Eval_32_30_DP_OP_55J17_123_1642_J17_0
core16_2/core4_4/evalA/DP_OP_56J17_124_4708    340.8300     0.0    340.8300     0.0000 0.0000 Eval_32_30_DP_OP_56J17_124_4708_J17_0
core16_2/core4_4/evalB               398.0340      0.1      12.3480      0.0000  0.0000  Eval_33_30
core16_2/core4_4/evalB/DP_OP_54J17_125_2840    104.3280     0.0    104.3280     0.0000 0.0000 Eval_33_30_DP_OP_54J17_125_2840_J17_0
core16_2/core4_4/evalB/DP_OP_55J17_126_7954    137.5920     0.0    137.5920     0.0000 0.0000 Eval_33_30_DP_OP_55J17_126_7954_J17_0
core16_2/core4_4/evalB/DP_OP_56J17_127_8379    143.7660     0.0    143.7660     0.0000 0.0000 Eval_33_30_DP_OP_56J17_127_8379_J17_0
core16_2/core4_4/interp             3082.9680      0.4       0.7560    308.4480  0.0000  Interpolation_31
core16_2/core4_4/interp/interp      2773.7640      0.4       0.2520      0.0000  0.0000  InterpolationComb_31
core16_2/core4_4/interp/interp/DP_OP_106J20_122_5359   2773.5120     0.4   2773.5120     0.0000 0.0000 InterpolationComb_1_DP_OP_106J20_122_5359_J20_0_17
core16_2/core4_4/mult_x_1            859.3200      0.1     859.3200      0.0000  0.0000  core4_30_DW_mult_uns_J29_2
core16_2/core4_4/mult_x_2           1045.8000      0.1    1045.8000      0.0000  0.0000  core4_30_DW_mult_tc_J29_3
core16_2/core4_4/mult_x_3            918.9180      0.1     918.9180      0.0000  0.0000  core4_30_DW_mult_tc_J29_2
core16_2/core4_4/mult_x_4            953.3160      0.1     953.3160      0.0000  0.0000  core4_30_DW_mult_tc_J29_1
core16_2/core4_4/mult_x_5           1024.8840      0.1    1024.8840      0.0000  0.0000  core4_30_DW_mult_uns_J29_1
core16_2/core4_4/mult_x_6           1066.5900      0.1    1066.5900      0.0000  0.0000  core4_30_DW_mult_tc_J29_0
core16_2/core4_4/mult_x_7            859.8240      0.1     859.8240      0.0000  0.0000  core4_30_DW_mult_uns_J29_0
core16_2/core4_5                   12156.4798      1.6       0.7560    574.4340  0.0000  core4_29
core16_2/core4_5/evalA               979.3980      0.1      31.5000      0.0000  0.0000  Eval_32_29
core16_2/core4_5/evalA/DP_OP_53J21_123_9060    248.3460     0.0    248.3460     0.0000 0.0000 Eval_32_1_DP_OP_53J21_123_9060_J21_0_22
core16_2/core4_5/evalA/DP_OP_54J21_124_1586    356.4540     0.0    356.4540     0.0000 0.0000 Eval_32_1_DP_OP_54J21_124_1586_J21_0_22
core16_2/core4_5/evalA/DP_OP_55J21_125_1337    343.0980     0.0    343.0980     0.0000 0.0000 Eval_32_1_DP_OP_55J21_125_1337_J21_0_22
core16_2/core4_5/evalB               487.4940      0.1      16.3800      0.0000  0.0000  Eval_33_29
core16_2/core4_5/evalB/DP_OP_53J27_122_4708    121.7160     0.0    121.7160     0.0000 0.0000 Eval_33_1_DP_OP_53J27_122_4708_J27_0_20
core16_2/core4_5/evalB/DP_OP_54J27_123_8292    180.9360     0.0    180.9360     0.0000 0.0000 Eval_33_1_DP_OP_54J27_123_8292_J27_0_20
core16_2/core4_5/evalB/DP_OP_55J27_124_8043    168.4620     0.0    168.4620     0.0000 0.0000 Eval_33_1_DP_OP_55J27_124_8043_J27_0_20
core16_2/core4_5/interp             3082.9680      0.4       0.7560    308.4480  0.0000  Interpolation_30
core16_2/core4_5/interp/interp      2773.7640      0.4       0.2520      0.0000  0.0000  InterpolationComb_30
core16_2/core4_5/interp/interp/DP_OP_106J20_122_5359   2773.5120     0.4   2773.5120     0.0000 0.0000 InterpolationComb_1_DP_OP_106J20_122_5359_J20_0_16
core16_2/core4_5/mult_x_1            825.9300      0.1     825.9300      0.0000  0.0000  core4_1_DW_mult_tc_J24_6_14
core16_2/core4_5/mult_x_2           1051.0920      0.1    1051.0920      0.0000  0.0000  core4_1_DW_mult_tc_J24_5_14
core16_2/core4_5/mult_x_3           1079.3160      0.1    1079.3160      0.0000  0.0000  core4_1_DW_mult_tc_J24_4_14
core16_2/core4_5/mult_x_4           1077.6780      0.1    1077.6780      0.0000  0.0000  core4_1_DW_mult_tc_J24_3_14
core16_2/core4_5/mult_x_5           1081.2060      0.1    1081.2060      0.0000  0.0000  core4_1_DW_mult_tc_J24_2_14
core16_2/core4_5/mult_x_6           1081.3320      0.1    1081.3320      0.0000  0.0000  core4_1_DW_mult_tc_J24_1_14
core16_2/core4_5/mult_x_7            834.8760      0.1     834.8760      0.0000  0.0000  core4_1_DW_mult_tc_J24_0_14
core16_2/core4_6                    9867.6899      1.3       1.0080    574.1820  0.0000  core4_28
core16_2/core4_6/evalA               866.1240      0.1      26.2080      0.0000  0.0000  Eval_32_28
core16_2/core4_6/evalA/DP_OP_54J18_122_3087    224.5320     0.0    224.5320     0.0000 0.0000 Eval_32_28_DP_OP_54J18_122_3087_J18_0_0
core16_2/core4_6/evalA/DP_OP_55J18_123_1087    304.0380     0.0    304.0380     0.0000 0.0000 Eval_32_28_DP_OP_55J18_123_1087_J18_0_0
core16_2/core4_6/evalA/DP_OP_56J18_124_3086    311.3460     0.0    311.3460     0.0000 0.0000 Eval_32_28_DP_OP_56J18_124_3086_J18_0_0
core16_2/core4_6/evalB               273.6720      0.0       8.4420      0.0000  0.0000  Eval_33_28
core16_2/core4_6/evalB/DP_OP_54J27_125_6879     70.9380     0.0     70.9380     0.0000 0.0000 Eval_33_28_DP_OP_54J27_125_6879_J27_0_0
core16_2/core4_6/evalB/DP_OP_55J27_126_3031     94.5000     0.0     94.5000     0.0000 0.0000 Eval_33_28_DP_OP_55J27_126_3031_J27_0_0
core16_2/core4_6/evalB/DP_OP_56J27_127_9263     99.7920     0.0     99.7920     0.0000 0.0000 Eval_33_28_DP_OP_56J27_127_9263_J27_0_0
core16_2/core4_6/interp             2981.2860      0.4       0.7560    300.3840  0.0000  Interpolation_29
core16_2/core4_6/interp/interp      2680.1460      0.4       0.2520      0.0000  0.0000  InterpolationComb_29
core16_2/core4_6/interp/interp/DP_OP_106J21_122_4710   2679.8940     0.4   2679.8940     0.0000 0.0000 InterpolationComb_0_DP_OP_106J21_122_4710_J21_0_12
core16_2/core4_6/mult_x_1            578.8440      0.1     578.8440      0.0000  0.0000  core4_28_DW_mult_uns_J22_3_0
core16_2/core4_6/mult_x_2            837.2700      0.1     837.2700      0.0000  0.0000  core4_28_DW_mult_uns_J22_2_0
core16_2/core4_6/mult_x_3            730.8000      0.1     730.8000      0.0000  0.0000  core4_28_DW_mult_tc_J22_2_0
core16_2/core4_6/mult_x_4            710.7660      0.1     710.7660      0.0000  0.0000  core4_28_DW_mult_tc_J22_1_0
core16_2/core4_6/mult_x_5            886.2840      0.1     886.2840      0.0000  0.0000  core4_28_DW_mult_uns_J22_1_0
core16_2/core4_6/mult_x_6            848.6100      0.1     848.6100      0.0000  0.0000  core4_28_DW_mult_tc_J22_0_0
core16_2/core4_6/mult_x_7            578.8440      0.1     578.8440      0.0000  0.0000  core4_28_DW_mult_uns_J22_0_0
core16_2/evalA                       864.7380      0.1      26.2080      0.0000  0.0000  Eval_32_68
core16_2/evalA/DP_OP_54J22_122_3502    224.5320     0.0    224.5320      0.0000  0.0000  Eval_32_65_DP_OP_54J22_122_3502_J22_0_3
core16_2/evalA/DP_OP_55J22_123_4847    304.0380     0.0    304.0380      0.0000  0.0000  Eval_32_65_DP_OP_55J22_123_4847_J22_0_3
core16_2/evalA/DP_OP_56J22_124_7899    309.9600     0.0    309.9600      0.0000  0.0000  Eval_32_65_DP_OP_56J22_124_7899_J22_0_3
core16_2/evalA_1                     864.6120      0.1      25.9560      0.0000  0.0000  Eval_32_67
core16_2/evalA_1/DP_OP_54J22_122_3502    224.5320     0.0    224.5320     0.0000 0.0000  Eval_32_65_DP_OP_54J22_122_3502_J22_0_2
core16_2/evalA_1/DP_OP_55J22_123_4847    304.0380     0.0    304.0380     0.0000 0.0000  Eval_32_65_DP_OP_55J22_123_4847_J22_0_2
core16_2/evalA_1/DP_OP_56J22_124_7899    310.0860     0.0    310.0860     0.0000 0.0000  Eval_32_65_DP_OP_56J22_124_7899_J22_0_2
core16_2/evalA_2                     864.6120      0.1      25.9560      0.0000  0.0000  Eval_32_66
core16_2/evalA_2/DP_OP_54J22_122_3502    224.5320     0.0    224.5320     0.0000 0.0000  Eval_32_65_DP_OP_54J22_122_3502_J22_0_1
core16_2/evalA_2/DP_OP_55J22_123_4847    304.0380     0.0    304.0380     0.0000 0.0000  Eval_32_65_DP_OP_55J22_123_4847_J22_0_1
core16_2/evalA_2/DP_OP_56J22_124_7899    310.0860     0.0    310.0860     0.0000 0.0000  Eval_32_65_DP_OP_56J22_124_7899_J22_0_1
core16_2/evalA_3                     864.7380      0.1      26.2080      0.0000  0.0000  Eval_32_65
core16_2/evalA_3/DP_OP_54J22_122_3502    224.5320     0.0    224.5320     0.0000 0.0000  Eval_32_65_DP_OP_54J22_122_3502_J22_0_0
core16_2/evalA_3/DP_OP_55J22_123_4847    304.0380     0.0    304.0380     0.0000 0.0000  Eval_32_65_DP_OP_55J22_123_4847_J22_0_0
core16_2/evalA_3/DP_OP_56J22_124_7899    309.9600     0.0    309.9600     0.0000 0.0000  Eval_32_65_DP_OP_56J22_124_7899_J22_0_0
core16_2/evalB                       278.3340      0.0       8.3160      0.0000  0.0000  Eval_33_68
core16_2/evalB/DP_OP_54J20_129_194     70.9380     0.0      70.9380      0.0000  0.0000  Eval_33_65_DP_OP_54J20_129_194_J20_0_3
core16_2/evalB/DP_OP_55J20_130_6727     97.2720     0.0     97.2720      0.0000  0.0000  Eval_33_65_DP_OP_55J20_130_6727_J20_0_3
core16_2/evalB/DP_OP_56J20_131_4045    101.8080     0.0    101.8080      0.0000  0.0000  Eval_33_65_DP_OP_56J20_131_4045_J20_0_3
core16_2/evalB_1                     282.6180      0.0       7.8120      0.0000  0.0000  Eval_33_67
core16_2/evalB_1/DP_OP_54J20_129_194     72.9540     0.0     72.9540     0.0000  0.0000  Eval_33_65_DP_OP_54J20_129_194_J20_0_2
core16_2/evalB_1/DP_OP_55J20_130_6727     98.1540     0.0     98.1540     0.0000 0.0000  Eval_33_65_DP_OP_55J20_130_6727_J20_0_2
core16_2/evalB_1/DP_OP_56J20_131_4045    103.6980     0.0    103.6980     0.0000 0.0000  Eval_33_65_DP_OP_56J20_131_4045_J20_0_2
core16_2/evalB_2                     280.3500      0.0       7.8120      0.0000  0.0000  Eval_33_66
core16_2/evalB_2/DP_OP_54J20_129_194     72.7020     0.0     72.7020     0.0000  0.0000  Eval_33_65_DP_OP_54J20_129_194_J20_0_1
core16_2/evalB_2/DP_OP_55J20_130_6727     95.5080     0.0     95.5080     0.0000 0.0000  Eval_33_65_DP_OP_55J20_130_6727_J20_0_1
core16_2/evalB_2/DP_OP_56J20_131_4045    104.3280     0.0    104.3280     0.0000 0.0000  Eval_33_65_DP_OP_56J20_131_4045_J20_0_1
core16_2/evalB_3                     280.2240      0.0       8.3160      0.0000  0.0000  Eval_33_65
core16_2/evalB_3/DP_OP_54J20_129_194     73.7100     0.0     73.7100     0.0000  0.0000  Eval_33_65_DP_OP_54J20_129_194_J20_0_0
core16_2/evalB_3/DP_OP_55J20_130_6727     96.8940     0.0     96.8940     0.0000 0.0000  Eval_33_65_DP_OP_55J20_130_6727_J20_0_0
core16_2/evalB_3/DP_OP_56J20_131_4045    101.3040     0.0    101.3040     0.0000 0.0000  Eval_33_65_DP_OP_56J20_131_4045_J20_0_0
core16_2/interp                    11729.4658      1.5       0.7560   1130.9760  0.0000  Interpolation_7_4
core16_2/interp/interp             10597.7338      1.4       0.2520      0.0000  0.0000  InterpolationComb_7_4
core16_2/interp/interp/DP_OP_421J11_122_5960  10597.4818     1.4  10597.4818     0.0000 0.0000 InterpolationComb_7_1_DP_OP_421J11_122_5960_J11_0_3
core16_3                          104796.7187     13.8       2.0160   2122.8480  0.0000  core16_3
core16_3/core4_0                   11413.3318      1.5       0.7560    574.5600  0.0000  core4_27
core16_3/core4_0/evalA               979.1460      0.1      31.2480      0.0000  0.0000  Eval_32_27
core16_3/core4_0/evalA/DP_OP_53J21_123_9060    248.3460     0.0    248.3460     0.0000 0.0000 Eval_32_1_DP_OP_53J21_123_9060_J21_0_21
core16_3/core4_0/evalA/DP_OP_54J21_124_1586    356.4540     0.0    356.4540     0.0000 0.0000 Eval_32_1_DP_OP_54J21_124_1586_J21_0_21
core16_3/core4_0/evalA/DP_OP_55J21_125_1337    343.0980     0.0    343.0980     0.0000 0.0000 Eval_32_1_DP_OP_55J21_125_1337_J21_0_21
core16_3/core4_0/evalB               443.6460      0.1      16.1280      0.0000  0.0000  Eval_33_27
core16_3/core4_0/evalB/DP_OP_53J27_122_4708     77.7420     0.0     77.7420     0.0000 0.0000 Eval_33_1_DP_OP_53J27_122_4708_J27_0_19
core16_3/core4_0/evalB/DP_OP_54J27_123_8292    182.0700     0.0    182.0700     0.0000 0.0000 Eval_33_1_DP_OP_54J27_123_8292_J27_0_19
core16_3/core4_0/evalB/DP_OP_55J27_124_8043    167.7060     0.0    167.7060     0.0000 0.0000 Eval_33_1_DP_OP_55J27_124_8043_J27_0_19
core16_3/core4_0/interp             2981.2860      0.4       0.7560    300.3840  0.0000  Interpolation_28
core16_3/core4_0/interp/interp      2680.1460      0.4       0.2520      0.0000  0.0000  InterpolationComb_28
core16_3/core4_0/interp/interp/DP_OP_106J21_122_4710   2679.8940     0.4   2679.8940     0.0000 0.0000 InterpolationComb_0_DP_OP_106J21_122_4710_J21_0_11
core16_3/core4_0/mult_x_1            654.6960      0.1     654.6960      0.0000  0.0000  core4_7_DW_mult_tc_J23_6_5
core16_3/core4_0/mult_x_2            805.5180      0.1     805.5180      0.0000  0.0000  core4_7_DW_mult_tc_J23_5_5
core16_3/core4_0/mult_x_3           1079.0640      0.1    1079.0640      0.0000  0.0000  core4_7_DW_mult_tc_J23_4_5
core16_3/core4_0/mult_x_4           1082.8440      0.1    1082.8440      0.0000  0.0000  core4_7_DW_mult_tc_J23_3_5
core16_3/core4_0/mult_x_5           1080.4500      0.1    1080.4500      0.0000  0.0000  core4_7_DW_mult_tc_J23_2_5
core16_3/core4_0/mult_x_6           1077.8040      0.1    1077.8040      0.0000  0.0000  core4_7_DW_mult_tc_J23_1_5
core16_3/core4_0/mult_x_7            653.5620      0.1     653.5620      0.0000  0.0000  core4_7_DW_mult_tc_J23_0_5
core16_3/core4_1                   11999.1058      1.6       0.7560    574.1820  0.0000  core4_26
core16_3/core4_1/evalA               979.2720      0.1      31.3740      0.0000  0.0000  Eval_32_26
core16_3/core4_1/evalA/DP_OP_53J21_123_9060    248.3460     0.0    248.3460     0.0000 0.0000 Eval_32_1_DP_OP_53J21_123_9060_J21_0_20
core16_3/core4_1/evalA/DP_OP_54J21_124_1586    356.4540     0.0    356.4540     0.0000 0.0000 Eval_32_1_DP_OP_54J21_124_1586_J21_0_20
core16_3/core4_1/evalA/DP_OP_55J21_125_1337    343.0980     0.0    343.0980     0.0000 0.0000 Eval_32_1_DP_OP_55J21_125_1337_J21_0_20
core16_3/core4_1/evalB               483.9660      0.1      16.2540      0.0000  0.0000  Eval_33_26
core16_3/core4_1/evalB/DP_OP_53J27_122_4708    119.8260     0.0    119.8260     0.0000 0.0000 Eval_33_1_DP_OP_53J27_122_4708_J27_0_18
core16_3/core4_1/evalB/DP_OP_54J27_123_8292    180.9360     0.0    180.9360     0.0000 0.0000 Eval_33_1_DP_OP_54J27_123_8292_J27_0_18
core16_3/core4_1/evalB/DP_OP_55J27_124_8043    166.9500     0.0    166.9500     0.0000 0.0000 Eval_33_1_DP_OP_55J27_124_8043_J27_0_18
core16_3/core4_1/interp             2981.2860      0.4       0.7560    300.3840  0.0000  Interpolation_27
core16_3/core4_1/interp/interp      2680.1460      0.4       0.2520      0.0000  0.0000  InterpolationComb_27
core16_3/core4_1/interp/interp/DP_OP_106J21_122_4710   2679.8940     0.4   2679.8940     0.0000 0.0000 InterpolationComb_0_DP_OP_106J21_122_4710_J21_0_10
core16_3/core4_1/mult_x_1            802.9980      0.1     802.9980      0.0000  0.0000  core4_7_DW_mult_tc_J23_6_4
core16_3/core4_1/mult_x_2           1046.9340      0.1    1046.9340      0.0000  0.0000  core4_7_DW_mult_tc_J23_5_4
core16_3/core4_1/mult_x_3           1081.5840      0.1    1081.5840      0.0000  0.0000  core4_7_DW_mult_tc_J23_4_4
core16_3/core4_1/mult_x_4           1081.0800      0.1    1081.0800      0.0000  0.0000  core4_7_DW_mult_tc_J23_3_4
core16_3/core4_1/mult_x_5           1083.8520      0.1    1083.8520      0.0000  0.0000  core4_7_DW_mult_tc_J23_2_4
core16_3/core4_1/mult_x_6           1079.3160      0.1    1079.3160      0.0000  0.0000  core4_7_DW_mult_tc_J23_1_4
core16_3/core4_1/mult_x_7            803.8800      0.1     803.8800      0.0000  0.0000  core4_7_DW_mult_tc_J23_0_4
core16_3/core4_2                   12605.6698      1.7       0.7560    574.1820  0.0000  core4_25
core16_3/core4_2/evalA               980.1540      0.1      31.6260      0.0000  0.0000  Eval_32_25
core16_3/core4_2/evalA/DP_OP_53J21_123_9060    248.3460     0.0    248.3460     0.0000 0.0000 Eval_32_1_DP_OP_53J21_123_9060_J21_0_19
core16_3/core4_2/evalA/DP_OP_54J21_124_1586    357.0840     0.0    357.0840     0.0000 0.0000 Eval_32_1_DP_OP_54J21_124_1586_J21_0_19
core16_3/core4_2/evalA/DP_OP_55J21_125_1337    343.0980     0.0    343.0980     0.0000 0.0000 Eval_32_1_DP_OP_55J21_125_1337_J21_0_19
core16_3/core4_2/evalB               488.6280      0.1      17.2620      0.0000  0.0000  Eval_33_25
core16_3/core4_2/evalB/DP_OP_53J27_122_4708    120.5820     0.0    120.5820     0.0000 0.0000 Eval_33_1_DP_OP_53J27_122_4708_J27_0_17
core16_3/core4_2/evalB/DP_OP_54J27_123_8292    181.0620     0.0    181.0620     0.0000 0.0000 Eval_33_1_DP_OP_54J27_123_8292_J27_0_17
core16_3/core4_2/evalB/DP_OP_55J27_124_8043    169.7220     0.0    169.7220     0.0000 0.0000 Eval_33_1_DP_OP_55J27_124_8043_J27_0_17
core16_3/core4_2/interp             3082.9680      0.4       0.7560    308.4480  0.0000  Interpolation_26
core16_3/core4_2/interp/interp      2773.7640      0.4       0.2520      0.0000  0.0000  InterpolationComb_26
core16_3/core4_2/interp/interp/DP_OP_106J20_122_5359   2773.5120     0.4   2773.5120     0.0000 0.0000 InterpolationComb_1_DP_OP_106J20_122_5359_J20_0_15
core16_3/core4_2/mult_x_1           1044.9180      0.1    1044.9180      0.0000  0.0000  core4_1_DW_mult_tc_J24_6_13
core16_3/core4_2/mult_x_2           1044.9180      0.1    1044.9180      0.0000  0.0000  core4_1_DW_mult_tc_J24_5_13
core16_3/core4_2/mult_x_3           1084.9860      0.1    1084.9860      0.0000  0.0000  core4_1_DW_mult_tc_J24_4_13
core16_3/core4_2/mult_x_4           1080.3240      0.1    1080.3240      0.0000  0.0000  core4_1_DW_mult_tc_J24_3_13
core16_3/core4_2/mult_x_5           1086.3720      0.1    1086.3720      0.0000  0.0000  core4_1_DW_mult_tc_J24_2_13
core16_3/core4_2/mult_x_6           1088.7660      0.1    1088.7660      0.0000  0.0000  core4_1_DW_mult_tc_J24_1_13
core16_3/core4_2/mult_x_7           1048.6980      0.1    1048.6980      0.0000  0.0000  core4_1_DW_mult_tc_J24_0_13
core16_3/core4_3                   12585.6358      1.7       0.7560    574.1820  0.0000  core4_24
core16_3/core4_3/evalA               979.2720      0.1      31.3740      0.0000  0.0000  Eval_32_24
core16_3/core4_3/evalA/DP_OP_53J21_123_9060    248.3460     0.0    248.3460     0.0000 0.0000 Eval_32_1_DP_OP_53J21_123_9060_J21_0_18
core16_3/core4_3/evalA/DP_OP_54J21_124_1586    356.4540     0.0    356.4540     0.0000 0.0000 Eval_32_1_DP_OP_54J21_124_1586_J21_0_18
core16_3/core4_3/evalA/DP_OP_55J21_125_1337    343.0980     0.0    343.0980     0.0000 0.0000 Eval_32_1_DP_OP_55J21_125_1337_J21_0_18
core16_3/core4_3/evalB               485.3520      0.1      17.3880      0.0000  0.0000  Eval_33_24
core16_3/core4_3/evalB/DP_OP_53J27_122_4708    119.8260     0.0    119.8260     0.0000 0.0000 Eval_33_1_DP_OP_53J27_122_4708_J27_0_16
core16_3/core4_3/evalB/DP_OP_54J27_123_8292    181.0620     0.0    181.0620     0.0000 0.0000 Eval_33_1_DP_OP_54J27_123_8292_J27_0_16
core16_3/core4_3/evalB/DP_OP_55J27_124_8043    167.0760     0.0    167.0760     0.0000 0.0000 Eval_33_1_DP_OP_55J27_124_8043_J27_0_16
core16_3/core4_3/interp             3082.9680      0.4       0.7560    308.4480  0.0000  Interpolation_25
core16_3/core4_3/interp/interp      2773.7640      0.4       0.2520      0.0000  0.0000  InterpolationComb_25
core16_3/core4_3/interp/interp/DP_OP_106J20_122_5359   2773.5120     0.4   2773.5120     0.0000 0.0000 InterpolationComb_1_DP_OP_106J20_122_5359_J20_0_14
core16_3/core4_3/mult_x_1           1044.9180      0.1    1044.9180      0.0000  0.0000  core4_1_DW_mult_tc_J24_6_12
core16_3/core4_3/mult_x_2           1044.9180      0.1    1044.9180      0.0000  0.0000  core4_1_DW_mult_tc_J24_5_12
core16_3/core4_3/mult_x_3           1080.7020      0.1    1080.7020      0.0000  0.0000  core4_1_DW_mult_tc_J24_4_12
core16_3/core4_3/mult_x_4           1079.3160      0.1    1079.3160      0.0000  0.0000  core4_1_DW_mult_tc_J24_3_12
core16_3/core4_3/mult_x_5           1081.0800      0.1    1081.0800      0.0000  0.0000  core4_1_DW_mult_tc_J24_2_12
core16_3/core4_3/mult_x_6           1078.0560      0.1    1078.0560      0.0000  0.0000  core4_1_DW_mult_tc_J24_1_12
core16_3/core4_3/mult_x_7           1054.1160      0.1    1054.1160      0.0000  0.0000  core4_1_DW_mult_tc_J24_0_12
core16_3/core4_4                   12591.1798      1.7       0.7560    574.0560  0.0000  core4_23
core16_3/core4_4/evalA               979.2720      0.1      31.3740      0.0000  0.0000  Eval_32_23
core16_3/core4_4/evalA/DP_OP_53J21_123_9060    248.3460     0.0    248.3460     0.0000 0.0000 Eval_32_1_DP_OP_53J21_123_9060_J21_0_17
core16_3/core4_4/evalA/DP_OP_54J21_124_1586    356.4540     0.0    356.4540     0.0000 0.0000 Eval_32_1_DP_OP_54J21_124_1586_J21_0_17
core16_3/core4_4/evalA/DP_OP_55J21_125_1337    343.0980     0.0    343.0980     0.0000 0.0000 Eval_32_1_DP_OP_55J21_125_1337_J21_0_17
core16_3/core4_4/evalB               488.3760      0.1      17.1360      0.0000  0.0000  Eval_33_23
core16_3/core4_4/evalB/DP_OP_53J27_122_4708    121.0860     0.0    121.0860     0.0000 0.0000 Eval_33_1_DP_OP_53J27_122_4708_J27_0_15
core16_3/core4_4/evalB/DP_OP_54J27_123_8292    182.3220     0.0    182.3220     0.0000 0.0000 Eval_33_1_DP_OP_54J27_123_8292_J27_0_15
core16_3/core4_4/evalB/DP_OP_55J27_124_8043    167.8320     0.0    167.8320     0.0000 0.0000 Eval_33_1_DP_OP_55J27_124_8043_J27_0_15
core16_3/core4_4/interp             3082.9680      0.4       0.7560    308.4480  0.0000  Interpolation_24
core16_3/core4_4/interp/interp      2773.7640      0.4       0.2520      0.0000  0.0000  InterpolationComb_24
core16_3/core4_4/interp/interp/DP_OP_106J20_122_5359   2773.5120     0.4   2773.5120     0.0000 0.0000 InterpolationComb_1_DP_OP_106J20_122_5359_J20_0_13
core16_3/core4_4/mult_x_1           1051.0920      0.1    1051.0920      0.0000  0.0000  core4_1_DW_mult_tc_J24_6_11
core16_3/core4_4/mult_x_2           1050.7140      0.1    1050.7140      0.0000  0.0000  core4_1_DW_mult_tc_J24_5_11
core16_3/core4_4/mult_x_3           1079.8200      0.1    1079.8200      0.0000  0.0000  core4_1_DW_mult_tc_J24_4_11
core16_3/core4_4/mult_x_4           1080.4500      0.1    1080.4500      0.0000  0.0000  core4_1_DW_mult_tc_J24_3_11
core16_3/core4_4/mult_x_5           1081.0800      0.1    1081.0800      0.0000  0.0000  core4_1_DW_mult_tc_J24_2_11
core16_3/core4_4/mult_x_6           1077.6780      0.1    1077.6780      0.0000  0.0000  core4_1_DW_mult_tc_J24_1_11
core16_3/core4_4/mult_x_7           1044.9180      0.1    1044.9180      0.0000  0.0000  core4_1_DW_mult_tc_J24_0_11
core16_3/core4_5                   12594.5818      1.7       0.7560    574.1820  0.0000  core4_22
core16_3/core4_5/evalA               979.2720      0.1      31.3740      0.0000  0.0000  Eval_32_22
core16_3/core4_5/evalA/DP_OP_53J21_123_9060    248.3460     0.0    248.3460     0.0000 0.0000 Eval_32_1_DP_OP_53J21_123_9060_J21_0_16
core16_3/core4_5/evalA/DP_OP_54J21_124_1586    356.4540     0.0    356.4540     0.0000 0.0000 Eval_32_1_DP_OP_54J21_124_1586_J21_0_16
core16_3/core4_5/evalA/DP_OP_55J21_125_1337    343.0980     0.0    343.0980     0.0000 0.0000 Eval_32_1_DP_OP_55J21_125_1337_J21_0_16
core16_3/core4_5/evalB               486.6120      0.1      17.2620      0.0000  0.0000  Eval_33_22
core16_3/core4_5/evalB/DP_OP_53J27_122_4708    121.8420     0.0    121.8420     0.0000 0.0000 Eval_33_1_DP_OP_53J27_122_4708_J27_0_14
core16_3/core4_5/evalB/DP_OP_54J27_123_8292    180.5580     0.0    180.5580     0.0000 0.0000 Eval_33_1_DP_OP_54J27_123_8292_J27_0_14
core16_3/core4_5/evalB/DP_OP_55J27_124_8043    166.9500     0.0    166.9500     0.0000 0.0000 Eval_33_1_DP_OP_55J27_124_8043_J27_0_14
core16_3/core4_5/interp             3082.9680      0.4       0.7560    308.4480  0.0000  Interpolation_23
core16_3/core4_5/interp/interp      2773.7640      0.4       0.2520      0.0000  0.0000  InterpolationComb_23
core16_3/core4_5/interp/interp/DP_OP_106J20_122_5359   2773.5120     0.4   2773.5120     0.0000 0.0000 InterpolationComb_1_DP_OP_106J20_122_5359_J20_0_12
core16_3/core4_5/mult_x_1           1044.9180      0.1    1044.9180      0.0000  0.0000  core4_1_DW_mult_tc_J24_6_10
core16_3/core4_5/mult_x_2           1045.0440      0.1    1045.0440      0.0000  0.0000  core4_1_DW_mult_tc_J24_5_10
core16_3/core4_5/mult_x_3           1090.9080      0.1    1090.9080      0.0000  0.0000  core4_1_DW_mult_tc_J24_4_10
core16_3/core4_5/mult_x_4           1079.5680      0.1    1079.5680      0.0000  0.0000  core4_1_DW_mult_tc_J24_3_10
core16_3/core4_5/mult_x_5           1078.6860      0.1    1078.6860      0.0000  0.0000  core4_1_DW_mult_tc_J24_2_10
core16_3/core4_5/mult_x_6           1079.3160      0.1    1079.3160      0.0000  0.0000  core4_1_DW_mult_tc_J24_1_10
core16_3/core4_5/mult_x_7           1052.3520      0.1    1052.3520      0.0000  0.0000  core4_1_DW_mult_tc_J24_0_10
core16_3/core4_6                   11433.9959      1.5       0.7560    574.5600  0.0000  core4_21
core16_3/core4_6/evalA               978.6420      0.1      30.7440      0.0000  0.0000  Eval_32_21
core16_3/core4_6/evalA/DP_OP_53J21_123_9060    248.3460     0.0    248.3460     0.0000 0.0000 Eval_32_1_DP_OP_53J21_123_9060_J21_0_15
core16_3/core4_6/evalA/DP_OP_54J21_124_1586    356.4540     0.0    356.4540     0.0000 0.0000 Eval_32_1_DP_OP_54J21_124_1586_J21_0_15
core16_3/core4_6/evalA/DP_OP_55J21_125_1337    343.0980     0.0    343.0980     0.0000 0.0000 Eval_32_1_DP_OP_55J21_125_1337_J21_0_15
core16_3/core4_6/evalB               449.1900      0.1      16.2540      0.0000  0.0000  Eval_33_21
core16_3/core4_6/evalB/DP_OP_53J27_122_4708     80.1360     0.0     80.1360     0.0000 0.0000 Eval_33_1_DP_OP_53J27_122_4708_J27_0_13
core16_3/core4_6/evalB/DP_OP_54J27_123_8292    183.8340     0.0    183.8340     0.0000 0.0000 Eval_33_1_DP_OP_54J27_123_8292_J27_0_13
core16_3/core4_6/evalB/DP_OP_55J27_124_8043    168.9660     0.0    168.9660     0.0000 0.0000 Eval_33_1_DP_OP_55J27_124_8043_J27_0_13
core16_3/core4_6/interp             2980.2780      0.4       0.7560    300.3840  0.0000  Interpolation_22
core16_3/core4_6/interp/interp      2679.1380      0.4       0.2520      0.0000  0.0000  InterpolationComb_22
core16_3/core4_6/interp/interp/DP_OP_106J21_122_4710   2678.8860     0.4   2678.8860     0.0000 0.0000 InterpolationComb_0_DP_OP_106J21_122_4710_J21_0_9
core16_3/core4_6/mult_x_1            653.5620      0.1     653.5620      0.0000  0.0000  core4_7_DW_mult_tc_J23_6_3
core16_3/core4_6/mult_x_2            809.5500      0.1     809.5500      0.0000  0.0000  core4_7_DW_mult_tc_J23_5_3
core16_3/core4_6/mult_x_3           1083.2220      0.1    1083.2220      0.0000  0.0000  core4_7_DW_mult_tc_J23_4_3
core16_3/core4_6/mult_x_4           1083.0960      0.1    1083.0960      0.0000  0.0000  core4_7_DW_mult_tc_J23_3_3
core16_3/core4_6/mult_x_5           1080.4500      0.1    1080.4500      0.0000  0.0000  core4_7_DW_mult_tc_J23_2_3
core16_3/core4_6/mult_x_6           1087.1280      0.1    1087.1280      0.0000  0.0000  core4_7_DW_mult_tc_J23_1_3
core16_3/core4_6/mult_x_7            653.5620      0.1     653.5620      0.0000  0.0000  core4_7_DW_mult_tc_J23_0_3
core16_3/evalA                       977.3820      0.1      29.4840      0.0000  0.0000  Eval_32_64
core16_3/evalA/DP_OP_53J21_123_9060    248.3460     0.0    248.3460      0.0000  0.0000  Eval_32_1_DP_OP_53J21_123_9060_J21_0_40
core16_3/evalA/DP_OP_54J21_124_1586    356.4540     0.0    356.4540      0.0000  0.0000  Eval_32_1_DP_OP_54J21_124_1586_J21_0_40
core16_3/evalA/DP_OP_55J21_125_1337    343.0980     0.0    343.0980      0.0000  0.0000  Eval_32_1_DP_OP_55J21_125_1337_J21_0_40
core16_3/evalA_1                     978.7680      0.1      30.7440      0.0000  0.0000  Eval_32_63
core16_3/evalA_1/DP_OP_53J21_123_9060    248.3460     0.0    248.3460     0.0000 0.0000  Eval_32_1_DP_OP_53J21_123_9060_J21_0_39
core16_3/evalA_1/DP_OP_54J21_124_1586    356.4540     0.0    356.4540     0.0000 0.0000  Eval_32_1_DP_OP_54J21_124_1586_J21_0_39
core16_3/evalA_1/DP_OP_55J21_125_1337    343.2240     0.0    343.2240     0.0000 0.0000  Eval_32_1_DP_OP_55J21_125_1337_J21_0_39
core16_3/evalA_2                     978.7680      0.1      30.7440      0.0000  0.0000  Eval_32_62
core16_3/evalA_2/DP_OP_53J21_123_9060    248.3460     0.0    248.3460     0.0000 0.0000  Eval_32_1_DP_OP_53J21_123_9060_J21_0_38
core16_3/evalA_2/DP_OP_54J21_124_1586    356.4540     0.0    356.4540     0.0000 0.0000  Eval_32_1_DP_OP_54J21_124_1586_J21_0_38
core16_3/evalA_2/DP_OP_55J21_125_1337    343.2240     0.0    343.2240     0.0000 0.0000  Eval_32_1_DP_OP_55J21_125_1337_J21_0_38
core16_3/evalA_3                     976.8780      0.1      28.9800      0.0000  0.0000  Eval_32_61
core16_3/evalA_3/DP_OP_53J21_123_9060    248.3460     0.0    248.3460     0.0000 0.0000  Eval_32_1_DP_OP_53J21_123_9060_J21_0_37
core16_3/evalA_3/DP_OP_54J21_124_1586    356.4540     0.0    356.4540     0.0000 0.0000  Eval_32_1_DP_OP_54J21_124_1586_J21_0_37
core16_3/evalA_3/DP_OP_55J21_125_1337    343.0980     0.0    343.0980     0.0000 0.0000  Eval_32_1_DP_OP_55J21_125_1337_J21_0_37
core16_3/evalB                       450.5760      0.1      14.8680      0.0000  0.0000  Eval_33_64
core16_3/evalB/DP_OP_53J27_122_4708     81.0180     0.0     81.0180      0.0000  0.0000  Eval_33_1_DP_OP_53J27_122_4708_J27_0_36
core16_3/evalB/DP_OP_54J27_123_8292    182.8260     0.0    182.8260      0.0000  0.0000  Eval_33_1_DP_OP_54J27_123_8292_J27_0_36
core16_3/evalB/DP_OP_55J27_124_8043    171.8640     0.0    171.8640      0.0000  0.0000  Eval_33_1_DP_OP_55J27_124_8043_J27_0_36
core16_3/evalB_1                     453.0960      0.1      16.3800      0.0000  0.0000  Eval_33_63
core16_3/evalB_1/DP_OP_53J27_122_4708     79.3800     0.0     79.3800     0.0000 0.0000  Eval_33_1_DP_OP_53J27_122_4708_J27_0_35
core16_3/evalB_1/DP_OP_54J27_123_8292    185.9760     0.0    185.9760     0.0000 0.0000  Eval_33_1_DP_OP_54J27_123_8292_J27_0_35
core16_3/evalB_1/DP_OP_55J27_124_8043    171.3600     0.0    171.3600     0.0000 0.0000  Eval_33_1_DP_OP_55J27_124_8043_J27_0_35
core16_3/evalB_2                     456.7500      0.1      16.2540      0.0000  0.0000  Eval_33_62
core16_3/evalB_2/DP_OP_53J27_122_4708     79.5060     0.0     79.5060     0.0000 0.0000  Eval_33_1_DP_OP_53J27_122_4708_J27_0_34
core16_3/evalB_2/DP_OP_54J27_123_8292    188.4960     0.0    188.4960     0.0000 0.0000  Eval_33_1_DP_OP_54J27_123_8292_J27_0_34
core16_3/evalB_2/DP_OP_55J27_124_8043    172.4940     0.0    172.4940     0.0000 0.0000  Eval_33_1_DP_OP_55J27_124_8043_J27_0_34
core16_3/evalB_3                     446.1660      0.1      15.6240      0.0000  0.0000  Eval_33_61
core16_3/evalB_3/DP_OP_53J27_122_4708     78.7500     0.0     78.7500     0.0000 0.0000  Eval_33_1_DP_OP_53J27_122_4708_J27_0_33
core16_3/evalB_3/DP_OP_54J27_123_8292    182.9520     0.0    182.9520     0.0000 0.0000  Eval_33_1_DP_OP_54J27_123_8292_J27_0_33
core16_3/evalB_3/DP_OP_55J27_124_8043    168.8400     0.0    168.8400     0.0000 0.0000  Eval_33_1_DP_OP_55J27_124_8043_J27_0_33
core16_3/interp                    11729.9698      1.5       0.7560   1130.9760  0.0000  Interpolation_7_3
core16_3/interp/interp             10598.2378      1.4       0.2520      0.0000  0.0000  InterpolationComb_7_3
core16_3/interp/interp/DP_OP_421J11_122_5960  10597.9858     1.4  10597.9858     0.0000 0.0000 InterpolationComb_7_1_DP_OP_421J11_122_5960_J11_0_2
core16_4                          101674.0607     13.4       2.0160   2122.8480  0.0000  core16_2
core16_4/core4_0                   10934.0279      1.4       1.0080    574.4340  0.0000  core4_20
core16_4/core4_0/evalA               934.1640      0.1      28.4760      0.0000  0.0000  Eval_32_20
core16_4/core4_0/evalA/DP_OP_54J15_122_2586    241.7940     0.0    241.7940     0.0000 0.0000 Eval_32_2_DP_OP_54J15_122_2586_J15_0_2
core16_4/core4_0/evalA/DP_OP_55J15_123_4716    329.3640     0.0    329.3640     0.0000 0.0000 Eval_32_2_DP_OP_55J15_123_4716_J15_0_2
core16_4/core4_0/evalA/DP_OP_56J15_124_4901    334.5300     0.0    334.5300     0.0000 0.0000 Eval_32_2_DP_OP_56J15_124_4901_J15_0_2
core16_4/core4_0/evalB               345.9960      0.0      10.8360      0.0000  0.0000  Eval_33_20
core16_4/core4_0/evalB/DP_OP_54J25_125_8201     90.2160     0.0     90.2160     0.0000 0.0000 Eval_33_2_DP_OP_54J25_125_8201_J25_0_2
core16_4/core4_0/evalB/DP_OP_55J25_126_1455    119.8260     0.0    119.8260     0.0000 0.0000 Eval_33_2_DP_OP_55J25_126_1455_J25_0_2
core16_4/core4_0/evalB/DP_OP_56J25_127_8740    125.1180     0.0    125.1180     0.0000 0.0000 Eval_33_2_DP_OP_56J25_127_8740_J25_0_2
core16_4/core4_0/interp             2981.2860      0.4       0.7560    300.3840  0.0000  Interpolation_21
core16_4/core4_0/interp/interp      2680.1460      0.4       0.2520      0.0000  0.0000  InterpolationComb_21
core16_4/core4_0/interp/interp/DP_OP_106J21_122_4710   2679.8940     0.4   2679.8940     0.0000 0.0000 InterpolationComb_0_DP_OP_106J21_122_4710_J21_0_8
core16_4/core4_0/mult_x_1            729.6660      0.1     729.6660      0.0000  0.0000  core4_14_DW_mult_uns_J33_3_1
core16_4/core4_0/mult_x_2            943.7400      0.1     943.7400      0.0000  0.0000  core4_14_DW_mult_uns_J33_2_1
core16_4/core4_0/mult_x_3            878.4720      0.1     878.4720      0.0000  0.0000  core4_14_DW_mult_tc_J33_2_1
core16_4/core4_0/mult_x_4            851.2560      0.1     851.2560      0.0000  0.0000  core4_14_DW_mult_tc_J33_1_1
core16_4/core4_0/mult_x_5            991.7460      0.1     991.7460      0.0000  0.0000  core4_14_DW_mult_uns_J33_1_1
core16_4/core4_0/mult_x_6            972.5940      0.1     972.5940      0.0000  0.0000  core4_14_DW_mult_tc_J33_0_1
core16_4/core4_0/mult_x_7            729.6660      0.1     729.6660      0.0000  0.0000  core4_14_DW_mult_uns_J33_0_1
core16_4/core4_1                   12259.6738      1.6       1.0080    574.4340  0.0000  core4_19
core16_4/core4_1/evalA               979.3980      0.1      31.5000      0.0000  0.0000  Eval_32_19
core16_4/core4_1/evalA/DP_OP_53J21_123_9060    248.3460     0.0    248.3460     0.0000 0.0000 Eval_32_1_DP_OP_53J21_123_9060_J21_0_14
core16_4/core4_1/evalA/DP_OP_54J21_124_1586    356.4540     0.0    356.4540     0.0000 0.0000 Eval_32_1_DP_OP_54J21_124_1586_J21_0_14
core16_4/core4_1/evalA/DP_OP_55J21_125_1337    343.0980     0.0    343.0980     0.0000 0.0000 Eval_32_1_DP_OP_55J21_125_1337_J21_0_14
core16_4/core4_1/evalB               456.2460      0.1      14.3640      0.0000  0.0000  Eval_33_19
core16_4/core4_1/evalB/DP_OP_54J25_122_2735    114.7860     0.0    114.7860     0.0000 0.0000 Eval_33_19_DP_OP_54J25_122_2735_J25_0_0
core16_4/core4_1/evalB/DP_OP_55J25_123_575    166.5720     0.0    166.5720     0.0000 0.0000 Eval_33_19_DP_OP_55J25_123_575_J25_0_0
core16_4/core4_1/evalB/DP_OP_56J25_124_2549    160.5240     0.0    160.5240     0.0000 0.0000 Eval_33_19_DP_OP_56J25_124_2549_J25_0_0
core16_4/core4_1/interp             2981.2860      0.4       0.7560    300.3840  0.0000  Interpolation_20
core16_4/core4_1/interp/interp      2680.1460      0.4       0.2520      0.0000  0.0000  InterpolationComb_20
core16_4/core4_1/interp/interp/DP_OP_106J21_122_4710   2679.8940     0.4   2679.8940     0.0000 0.0000 InterpolationComb_0_DP_OP_106J21_122_4710_J21_0_7
core16_4/core4_1/mult_x_1            943.2360      0.1     943.2360      0.0000  0.0000  core4_19_DW_mult_uns_J27_1
core16_4/core4_1/mult_x_2           1048.3200      0.1    1048.3200      0.0000  0.0000  core4_19_DW_mult_tc_J27_4
core16_4/core4_1/mult_x_3           1082.0880      0.1    1082.0880      0.0000  0.0000  core4_19_DW_mult_tc_J27_3
core16_4/core4_1/mult_x_4           1080.8280      0.1    1080.8280      0.0000  0.0000  core4_19_DW_mult_tc_J27_2
core16_4/core4_1/mult_x_5           1081.7100      0.1    1081.7100      0.0000  0.0000  core4_19_DW_mult_tc_J27_1
core16_4/core4_1/mult_x_6           1087.8840      0.1    1087.8840      0.0000  0.0000  core4_19_DW_mult_tc_J27_0
core16_4/core4_1/mult_x_7            943.2360      0.1     943.2360      0.0000  0.0000  core4_19_DW_mult_uns_J27_0
core16_4/core4_2                   11656.0078      1.5       1.0080    574.3080  0.0000  core4_18
core16_4/core4_2/evalA               966.2940      0.1      29.9880      0.0000  0.0000  Eval_32_18
core16_4/core4_2/evalA/DP_OP_53J21_123_9060    249.6060     0.0    249.6060     0.0000 0.0000 Eval_32_1_DP_OP_53J21_123_9060_J21_0_13
core16_4/core4_2/evalA/DP_OP_54J21_124_1586    346.2480     0.0    346.2480     0.0000 0.0000 Eval_32_1_DP_OP_54J21_124_1586_J21_0_13
core16_4/core4_2/evalA/DP_OP_55J21_125_1337    340.4520     0.0    340.4520     0.0000 0.0000 Eval_32_1_DP_OP_55J21_125_1337_J21_0_13
core16_4/core4_2/evalB               391.3560      0.1      11.8440      0.0000  0.0000  Eval_33_18
core16_4/core4_2/evalB/DP_OP_53J27_122_4708    100.5480     0.0    100.5480     0.0000 0.0000 Eval_33_1_DP_OP_53J27_122_4708_J27_0_12
core16_4/core4_2/evalB/DP_OP_54J27_123_8292    136.2060     0.0    136.2060     0.0000 0.0000 Eval_33_1_DP_OP_54J27_123_8292_J27_0_12
core16_4/core4_2/evalB/DP_OP_55J27_124_8043    142.7580     0.0    142.7580     0.0000 0.0000 Eval_33_1_DP_OP_55J27_124_8043_J27_0_12
core16_4/core4_2/interp             3082.9680      0.4       0.7560    308.4480  0.0000  Interpolation_19
core16_4/core4_2/interp/interp      2773.7640      0.4       0.2520      0.0000  0.0000  InterpolationComb_19
core16_4/core4_2/interp/interp/DP_OP_106J20_122_5359   2773.5120     0.4   2773.5120     0.0000 0.0000 InterpolationComb_1_DP_OP_106J20_122_5359_J20_0_11
core16_4/core4_2/mult_x_1            856.0440      0.1     856.0440      0.0000  0.0000  core4_1_DW_mult_tc_J24_6_9
core16_4/core4_2/mult_x_2            973.7280      0.1     973.7280      0.0000  0.0000  core4_1_DW_mult_tc_J24_5_9
core16_4/core4_2/mult_x_3            926.1000      0.1     926.1000      0.0000  0.0000  core4_1_DW_mult_tc_J24_4_9
core16_4/core4_2/mult_x_4            951.4260      0.1     951.4260      0.0000  0.0000  core4_1_DW_mult_tc_J24_3_9
core16_4/core4_2/mult_x_5           1009.3860      0.1    1009.3860      0.0000  0.0000  core4_1_DW_mult_tc_J24_2_9
core16_4/core4_2/mult_x_6           1067.3460      0.1    1067.3460      0.0000  0.0000  core4_1_DW_mult_tc_J24_1_9
core16_4/core4_2/mult_x_7            856.0440      0.1     856.0440      0.0000  0.0000  core4_1_DW_mult_tc_J24_0_9
core16_4/core4_3                   12154.8418      1.6       0.7560    574.4340  0.0000  core4_17
core16_4/core4_3/evalA               979.1460      0.1      31.2480      0.0000  0.0000  Eval_32_17
core16_4/core4_3/evalA/DP_OP_53J21_123_9060    248.3460     0.0    248.3460     0.0000 0.0000 Eval_32_1_DP_OP_53J21_123_9060_J21_0_12
core16_4/core4_3/evalA/DP_OP_54J21_124_1586    356.4540     0.0    356.4540     0.0000 0.0000 Eval_32_1_DP_OP_54J21_124_1586_J21_0_12
core16_4/core4_3/evalA/DP_OP_55J21_125_1337    343.0980     0.0    343.0980     0.0000 0.0000 Eval_32_1_DP_OP_55J21_125_1337_J21_0_12
core16_4/core4_3/evalB               487.2420      0.1      16.1280      0.0000  0.0000  Eval_33_17
core16_4/core4_3/evalB/DP_OP_53J27_122_4708    121.2120     0.0    121.2120     0.0000 0.0000 Eval_33_1_DP_OP_53J27_122_4708_J27_0_11
core16_4/core4_3/evalB/DP_OP_54J27_123_8292    182.3220     0.0    182.3220     0.0000 0.0000 Eval_33_1_DP_OP_54J27_123_8292_J27_0_11
core16_4/core4_3/evalB/DP_OP_55J27_124_8043    167.5800     0.0    167.5800     0.0000 0.0000 Eval_33_1_DP_OP_55J27_124_8043_J27_0_11
core16_4/core4_3/interp             3082.9680      0.4       0.7560    308.4480  0.0000  Interpolation_18
core16_4/core4_3/interp/interp      2773.7640      0.4       0.2520      0.0000  0.0000  InterpolationComb_18
core16_4/core4_3/interp/interp/DP_OP_106J20_122_5359   2773.5120     0.4   2773.5120     0.0000 0.0000 InterpolationComb_1_DP_OP_106J20_122_5359_J20_0_10
core16_4/core4_3/mult_x_1            825.9300      0.1     825.9300      0.0000  0.0000  core4_1_DW_mult_tc_J24_6_8
core16_4/core4_3/mult_x_2           1051.0920      0.1    1051.0920      0.0000  0.0000  core4_1_DW_mult_tc_J24_5_8
core16_4/core4_3/mult_x_3           1082.7180      0.1    1082.7180      0.0000  0.0000  core4_1_DW_mult_tc_J24_4_8
core16_4/core4_3/mult_x_4           1077.6780      0.1    1077.6780      0.0000  0.0000  core4_1_DW_mult_tc_J24_3_8
core16_4/core4_3/mult_x_5           1082.2140      0.1    1082.2140      0.0000  0.0000  core4_1_DW_mult_tc_J24_2_8
core16_4/core4_3/mult_x_6           1079.5680      0.1    1079.5680      0.0000  0.0000  core4_1_DW_mult_tc_J24_1_8
core16_4/core4_3/mult_x_7            831.0960      0.1     831.0960      0.0000  0.0000  core4_1_DW_mult_tc_J24_0_8
core16_4/core4_4                   12336.5338      1.6       1.0080    574.4340  0.0000  core4_16
core16_4/core4_4/evalA               979.3980      0.1      31.5000      0.0000  0.0000  Eval_32_16
core16_4/core4_4/evalA/DP_OP_53J21_123_9060    248.3460     0.0    248.3460     0.0000 0.0000 Eval_32_1_DP_OP_53J21_123_9060_J21_0_11
core16_4/core4_4/evalA/DP_OP_54J21_124_1586    356.4540     0.0    356.4540     0.0000 0.0000 Eval_32_1_DP_OP_54J21_124_1586_J21_0_11
core16_4/core4_4/evalA/DP_OP_55J21_125_1337    343.0980     0.0    343.0980     0.0000 0.0000 Eval_32_1_DP_OP_55J21_125_1337_J21_0_11
core16_4/core4_4/evalB               460.2780      0.1      14.4900      0.0000  0.0000  Eval_33_16
core16_4/core4_4/evalB/DP_OP_54J23_122_53    116.2980     0.0    116.2980     0.0000 0.0000 Eval_33_16_DP_OP_54J23_122_53_J23_0
core16_4/core4_4/evalB/DP_OP_55J23_123_8509    163.4220     0.0    163.4220     0.0000 0.0000 Eval_33_16_DP_OP_55J23_123_8509_J23_0
core16_4/core4_4/evalB/DP_OP_56J23_124_9233    166.0680     0.0    166.0680     0.0000 0.0000 Eval_33_16_DP_OP_56J23_124_9233_J23_0
core16_4/core4_4/interp             3082.9680      0.4       0.7560    308.4480  0.0000  Interpolation_17
core16_4/core4_4/interp/interp      2773.7640      0.4       0.2520      0.0000  0.0000  InterpolationComb_17
core16_4/core4_4/interp/interp/DP_OP_106J20_122_5359   2773.5120     0.4   2773.5120     0.0000 0.0000 InterpolationComb_1_DP_OP_106J20_122_5359_J20_0_9
core16_4/core4_4/mult_x_1            962.5140      0.1     962.5140      0.0000  0.0000  core4_16_DW_mult_uns_J19_1
core16_4/core4_4/mult_x_2           1050.0840      0.1    1050.0840      0.0000  0.0000  core4_16_DW_mult_tc_J19_4
core16_4/core4_4/mult_x_3           1032.1920      0.1    1032.1920      0.0000  0.0000  core4_16_DW_mult_tc_J19_3
core16_4/core4_4/mult_x_4           1066.4640      0.1    1066.4640      0.0000  0.0000  core4_16_DW_mult_tc_J19_2
core16_4/core4_4/mult_x_5           1083.7260      0.1    1083.7260      0.0000  0.0000  core4_16_DW_mult_tc_J19_1
core16_4/core4_4/mult_x_6           1080.9540      0.1    1080.9540      0.0000  0.0000  core4_16_DW_mult_tc_J19_0
core16_4/core4_4/mult_x_7            962.5140      0.1     962.5140      0.0000  0.0000  core4_16_DW_mult_uns_J19_0
core16_4/core4_5                   12391.8478      1.6       0.7560    574.4340  0.0000  core4_15
core16_4/core4_5/evalA               979.3980      0.1      31.5000      0.0000  0.0000  Eval_32_15
core16_4/core4_5/evalA/DP_OP_53J21_123_9060    248.3460     0.0    248.3460     0.0000 0.0000 Eval_32_1_DP_OP_53J21_123_9060_J21_0_10
core16_4/core4_5/evalA/DP_OP_54J21_124_1586    356.4540     0.0    356.4540     0.0000 0.0000 Eval_32_1_DP_OP_54J21_124_1586_J21_0_10
core16_4/core4_5/evalA/DP_OP_55J21_125_1337    343.0980     0.0    343.0980     0.0000 0.0000 Eval_32_1_DP_OP_55J21_125_1337_J21_0_10
core16_4/core4_5/evalB               489.7620      0.1      16.7580      0.0000  0.0000  Eval_33_15
core16_4/core4_5/evalB/DP_OP_53J27_122_4708    123.2280     0.0    123.2280     0.0000 0.0000 Eval_33_1_DP_OP_53J27_122_4708_J27_0_10
core16_4/core4_5/evalB/DP_OP_54J27_123_8292    182.3220     0.0    182.3220     0.0000 0.0000 Eval_33_1_DP_OP_54J27_123_8292_J27_0_10
core16_4/core4_5/evalB/DP_OP_55J27_124_8043    167.4540     0.0    167.4540     0.0000 0.0000 Eval_33_1_DP_OP_55J27_124_8043_J27_0_10
core16_4/core4_5/interp             3082.9680      0.4       0.7560    308.4480  0.0000  Interpolation_16
core16_4/core4_5/interp/interp      2773.7640      0.4       0.2520      0.0000  0.0000  InterpolationComb_16
core16_4/core4_5/interp/interp/DP_OP_106J20_122_5359   2773.5120     0.4   2773.5120     0.0000 0.0000 InterpolationComb_1_DP_OP_106J20_122_5359_J20_0_8
core16_4/core4_5/mult_x_1            940.2120      0.1     940.2120      0.0000  0.0000  core4_1_DW_mult_tc_J24_6_7
core16_4/core4_5/mult_x_2           1051.0920      0.1    1051.0920      0.0000  0.0000  core4_1_DW_mult_tc_J24_5_7
core16_4/core4_5/mult_x_3           1080.9540      0.1    1080.9540      0.0000  0.0000  core4_1_DW_mult_tc_J24_4_7
core16_4/core4_5/mult_x_4           1084.1040      0.1    1084.1040      0.0000  0.0000  core4_1_DW_mult_tc_J24_3_7
core16_4/core4_5/mult_x_5           1082.9700      0.1    1082.9700      0.0000  0.0000  core4_1_DW_mult_tc_J24_2_7
core16_4/core4_5/mult_x_6           1084.9860      0.1    1084.9860      0.0000  0.0000  core4_1_DW_mult_tc_J24_1_7
core16_4/core4_5/mult_x_7            940.2120      0.1     940.2120      0.0000  0.0000  core4_1_DW_mult_tc_J24_0_7
core16_4/core4_6                   10938.4379      1.4       1.0080    574.4340  0.0000  core4_14
core16_4/core4_6/evalA               934.1640      0.1      28.4760      0.0000  0.0000  Eval_32_14
core16_4/core4_6/evalA/DP_OP_54J15_122_2586    241.7940     0.0    241.7940     0.0000 0.0000 Eval_32_2_DP_OP_54J15_122_2586_J15_0_1
core16_4/core4_6/evalA/DP_OP_55J15_123_4716    329.3640     0.0    329.3640     0.0000 0.0000 Eval_32_2_DP_OP_55J15_123_4716_J15_0_1
core16_4/core4_6/evalA/DP_OP_56J15_124_4901    334.5300     0.0    334.5300     0.0000 0.0000 Eval_32_2_DP_OP_56J15_124_4901_J15_0_1
core16_4/core4_6/evalB               346.2480      0.0      10.8360      0.0000  0.0000  Eval_33_14
core16_4/core4_6/evalB/DP_OP_54J25_125_8201     89.5860     0.0     89.5860     0.0000 0.0000 Eval_33_2_DP_OP_54J25_125_8201_J25_0_1
core16_4/core4_6/evalB/DP_OP_55J25_126_1455    120.7080     0.0    120.7080     0.0000 0.0000 Eval_33_2_DP_OP_55J25_126_1455_J25_0_1
core16_4/core4_6/evalB/DP_OP_56J25_127_8740    125.1180     0.0    125.1180     0.0000 0.0000 Eval_33_2_DP_OP_56J25_127_8740_J25_0_1
core16_4/core4_6/interp             2981.2860      0.4       0.7560    300.3840  0.0000  Interpolation_15
core16_4/core4_6/interp/interp      2680.1460      0.4       0.2520      0.0000  0.0000  InterpolationComb_15
core16_4/core4_6/interp/interp/DP_OP_106J21_122_4710   2679.8940     0.4   2679.8940     0.0000 0.0000 InterpolationComb_0_DP_OP_106J21_122_4710_J21_0_6
core16_4/core4_6/mult_x_1            729.6660      0.1     729.6660      0.0000  0.0000  core4_14_DW_mult_uns_J33_3_0
core16_4/core4_6/mult_x_2            943.2360      0.1     943.2360      0.0000  0.0000  core4_14_DW_mult_uns_J33_2_0
core16_4/core4_6/mult_x_3            882.0000      0.1     882.0000      0.0000  0.0000  core4_14_DW_mult_tc_J33_2_0
core16_4/core4_6/mult_x_4            851.5080      0.1     851.5080      0.0000  0.0000  core4_14_DW_mult_tc_J33_1_0
core16_4/core4_6/mult_x_5            996.6600      0.1     996.6600      0.0000  0.0000  core4_14_DW_mult_uns_J33_1_0
core16_4/core4_6/mult_x_6            968.5620      0.1     968.5620      0.0000  0.0000  core4_14_DW_mult_tc_J33_0_0
core16_4/core4_6/mult_x_7            729.6660      0.1     729.6660      0.0000  0.0000  core4_14_DW_mult_uns_J33_0_0
core16_4/evalA                       934.1640      0.1      28.4760      0.0000  0.0000  Eval_32_60
core16_4/evalA/DP_OP_54J16_122_4678    241.7940     0.0    241.7940      0.0000  0.0000  Eval_32_57_DP_OP_54J16_122_4678_J16_0_3
core16_4/evalA/DP_OP_55J16_123_8822    329.3640     0.0    329.3640      0.0000  0.0000  Eval_32_57_DP_OP_55J16_123_8822_J16_0_3
core16_4/evalA/DP_OP_56J16_124_406    334.5300     0.0     334.5300      0.0000  0.0000  Eval_32_57_DP_OP_56J16_124_406_J16_0_3
core16_4/evalA_1                     934.1640      0.1      28.4760      0.0000  0.0000  Eval_32_59
core16_4/evalA_1/DP_OP_54J16_122_4678    241.7940     0.0    241.7940     0.0000 0.0000  Eval_32_57_DP_OP_54J16_122_4678_J16_0_2
core16_4/evalA_1/DP_OP_55J16_123_8822    329.3640     0.0    329.3640     0.0000 0.0000  Eval_32_57_DP_OP_55J16_123_8822_J16_0_2
core16_4/evalA_1/DP_OP_56J16_124_406    334.5300     0.0    334.5300     0.0000  0.0000  Eval_32_57_DP_OP_56J16_124_406_J16_0_2
core16_4/evalA_2                     934.1640      0.1      28.4760      0.0000  0.0000  Eval_32_58
core16_4/evalA_2/DP_OP_54J16_122_4678    241.7940     0.0    241.7940     0.0000 0.0000  Eval_32_57_DP_OP_54J16_122_4678_J16_0_1
core16_4/evalA_2/DP_OP_55J16_123_8822    329.3640     0.0    329.3640     0.0000 0.0000  Eval_32_57_DP_OP_55J16_123_8822_J16_0_1
core16_4/evalA_2/DP_OP_56J16_124_406    334.5300     0.0    334.5300     0.0000  0.0000  Eval_32_57_DP_OP_56J16_124_406_J16_0_1
core16_4/evalA_3                     934.1640      0.1      28.4760      0.0000  0.0000  Eval_32_57
core16_4/evalA_3/DP_OP_54J16_122_4678    241.7940     0.0    241.7940     0.0000 0.0000  Eval_32_57_DP_OP_54J16_122_4678_J16_0_0
core16_4/evalA_3/DP_OP_55J16_123_8822    329.3640     0.0    329.3640     0.0000 0.0000  Eval_32_57_DP_OP_55J16_123_8822_J16_0_0
core16_4/evalA_3/DP_OP_56J16_124_406    334.5300     0.0    334.5300     0.0000  0.0000  Eval_32_57_DP_OP_56J16_124_406_J16_0_0
core16_4/evalB                       345.3660      0.0      11.0880      0.0000  0.0000  Eval_33_60
core16_4/evalB/DP_OP_54J26_125_5295     89.5860     0.0     89.5860      0.0000  0.0000  Eval_33_57_DP_OP_54J26_125_5295_J26_0_3
core16_4/evalB/DP_OP_55J26_126_6412    119.5740     0.0    119.5740      0.0000  0.0000  Eval_33_57_DP_OP_55J26_126_6412_J26_0_3
core16_4/evalB/DP_OP_56J26_127_6732    125.1180     0.0    125.1180      0.0000  0.0000  Eval_33_57_DP_OP_56J26_127_6732_J26_0_3
core16_4/evalB_1                     351.9180      0.0      10.3320      0.0000  0.0000  Eval_33_59
core16_4/evalB_1/DP_OP_54J26_125_5295     90.2160     0.0     90.2160     0.0000 0.0000  Eval_33_57_DP_OP_54J26_125_5295_J26_0_2
core16_4/evalB_1/DP_OP_55J26_126_6412    122.4720     0.0    122.4720     0.0000 0.0000  Eval_33_57_DP_OP_55J26_126_6412_J26_0_2
core16_4/evalB_1/DP_OP_56J26_127_6732    128.8980     0.0    128.8980     0.0000 0.0000  Eval_33_57_DP_OP_56J26_127_6732_J26_0_2
core16_4/evalB_2                     356.0760      0.0      10.7100      0.0000  0.0000  Eval_33_58
core16_4/evalB_2/DP_OP_54J26_125_5295     89.5860     0.0     89.5860     0.0000 0.0000  Eval_33_57_DP_OP_54J26_125_5295_J26_0_1
core16_4/evalB_2/DP_OP_55J26_126_6412    123.4800     0.0    123.4800     0.0000 0.0000  Eval_33_57_DP_OP_55J26_126_6412_J26_0_1
core16_4/evalB_2/DP_OP_56J26_127_6732    132.3000     0.0    132.3000     0.0000 0.0000  Eval_33_57_DP_OP_56J26_127_6732_J26_0_1
core16_4/evalB_3                     357.8400      0.0      10.9620      0.0000  0.0000  Eval_33_57
core16_4/evalB_3/DP_OP_54J26_125_5295     92.2320     0.0     92.2320     0.0000 0.0000  Eval_33_57_DP_OP_54J26_125_5295_J26_0_0
core16_4/evalB_3/DP_OP_55J26_126_6412    124.3620     0.0    124.3620     0.0000 0.0000  Eval_33_57_DP_OP_55J26_126_6412_J26_0_0
core16_4/evalB_3/DP_OP_56J26_127_6732    130.2840     0.0    130.2840     0.0000 0.0000  Eval_33_57_DP_OP_56J26_127_6732_J26_0_0
core16_4/interp                    11729.9698      1.5       0.7560   1130.9760  0.0000  Interpolation_7_2
core16_4/interp/interp             10598.2378      1.4       0.2520      0.0000  0.0000  InterpolationComb_7_2
core16_4/interp/interp/DP_OP_421J11_122_5960  10597.9858     1.4  10597.9858     0.0000 0.0000 InterpolationComb_7_1_DP_OP_421J11_122_5960_J11_0_1
core16_5                          106554.2926     14.1       2.0160   2122.8480  0.0000  core16_1
core16_5/core4_0                   11951.4778      1.6       0.7560    574.3080  0.0000  core4_13
core16_5/core4_0/evalA               979.6500      0.1      31.7520      0.0000  0.0000  Eval_32_13
core16_5/core4_0/evalA/DP_OP_53J21_123_9060    248.3460     0.0    248.3460     0.0000 0.0000 Eval_32_1_DP_OP_53J21_123_9060_J21_0_9
core16_5/core4_0/evalA/DP_OP_54J21_124_1586    356.4540     0.0    356.4540     0.0000 0.0000 Eval_32_1_DP_OP_54J21_124_1586_J21_0_9
core16_5/core4_0/evalA/DP_OP_55J21_125_1337    343.0980     0.0    343.0980     0.0000 0.0000 Eval_32_1_DP_OP_55J21_125_1337_J21_0_9
core16_5/core4_0/evalB               486.9900      0.1      16.6320      0.0000  0.0000  Eval_33_13
core16_5/core4_0/evalB/DP_OP_53J27_122_4708    122.4720     0.0    122.4720     0.0000 0.0000 Eval_33_1_DP_OP_53J27_122_4708_J27_0_9
core16_5/core4_0/evalB/DP_OP_54J27_123_8292    181.1880     0.0    181.1880     0.0000 0.0000 Eval_33_1_DP_OP_54J27_123_8292_J27_0_9
core16_5/core4_0/evalB/DP_OP_55J27_124_8043    166.6980     0.0    166.6980     0.0000 0.0000 Eval_33_1_DP_OP_55J27_124_8043_J27_0_9
core16_5/core4_0/interp             2980.2780      0.4       0.7560    300.3840  0.0000  Interpolation_14
core16_5/core4_0/interp/interp      2679.1380      0.4       0.2520      0.0000  0.0000  InterpolationComb_14
core16_5/core4_0/interp/interp/DP_OP_106J21_122_4710   2678.8860     0.4   2678.8860     0.0000 0.0000 InterpolationComb_0_DP_OP_106J21_122_4710_J21_0_5
core16_5/core4_0/mult_x_1            784.7280      0.1     784.7280      0.0000  0.0000  core4_7_DW_mult_tc_J23_6_2
core16_5/core4_0/mult_x_2           1048.8240      0.1    1048.8240      0.0000  0.0000  core4_7_DW_mult_tc_J23_5_2
core16_5/core4_0/mult_x_3           1078.1820      0.1    1078.1820      0.0000  0.0000  core4_7_DW_mult_tc_J23_4_2
core16_5/core4_0/mult_x_4           1077.6780      0.1    1077.6780      0.0000  0.0000  core4_7_DW_mult_tc_J23_3_2
core16_5/core4_0/mult_x_5           1077.6780      0.1    1077.6780      0.0000  0.0000  core4_7_DW_mult_tc_J23_2_2
core16_5/core4_0/mult_x_6           1077.6780      0.1    1077.6780      0.0000  0.0000  core4_7_DW_mult_tc_J23_1_2
core16_5/core4_0/mult_x_7            784.7280      0.1     784.7280      0.0000  0.0000  core4_7_DW_mult_tc_J23_0_2
core16_5/core4_1                   12495.1678      1.6       0.7560    574.1820  0.0000  core4_12
core16_5/core4_1/evalA               979.5240      0.1      31.6260      0.0000  0.0000  Eval_32_12
core16_5/core4_1/evalA/DP_OP_53J21_123_9060    248.3460     0.0    248.3460     0.0000 0.0000 Eval_32_1_DP_OP_53J21_123_9060_J21_0_8
core16_5/core4_1/evalA/DP_OP_54J21_124_1586    356.4540     0.0    356.4540     0.0000 0.0000 Eval_32_1_DP_OP_54J21_124_1586_J21_0_8
core16_5/core4_1/evalA/DP_OP_55J21_125_1337    343.0980     0.0    343.0980     0.0000 0.0000 Eval_32_1_DP_OP_55J21_125_1337_J21_0_8
core16_5/core4_1/evalB               484.9740      0.1      17.3880      0.0000  0.0000  Eval_33_12
core16_5/core4_1/evalB/DP_OP_53J27_122_4708    119.8260     0.0    119.8260     0.0000 0.0000 Eval_33_1_DP_OP_53J27_122_4708_J27_0_8
core16_5/core4_1/evalB/DP_OP_54J27_123_8292    180.3060     0.0    180.3060     0.0000 0.0000 Eval_33_1_DP_OP_54J27_123_8292_J27_0_8
core16_5/core4_1/evalB/DP_OP_55J27_124_8043    167.4540     0.0    167.4540     0.0000 0.0000 Eval_33_1_DP_OP_55J27_124_8043_J27_0_8
core16_5/core4_1/interp             2980.2780      0.4       0.7560    300.3840  0.0000  Interpolation_13
core16_5/core4_1/interp/interp      2679.1380      0.4       0.2520      0.0000  0.0000  InterpolationComb_13
core16_5/core4_1/interp/interp/DP_OP_106J21_122_4710   2678.8860     0.4   2678.8860     0.0000 0.0000 InterpolationComb_0_DP_OP_106J21_122_4710_J21_0_4
core16_5/core4_1/mult_x_1           1044.9180      0.1    1044.9180      0.0000  0.0000  core4_7_DW_mult_tc_J23_6_1
core16_5/core4_1/mult_x_2           1050.3360      0.1    1050.3360      0.0000  0.0000  core4_7_DW_mult_tc_J23_5_1
core16_5/core4_1/mult_x_3           1080.1980      0.1    1080.1980      0.0000  0.0000  core4_7_DW_mult_tc_J23_4_1
core16_5/core4_1/mult_x_4           1080.3240      0.1    1080.3240      0.0000  0.0000  core4_7_DW_mult_tc_J23_3_1
core16_5/core4_1/mult_x_5           1080.1980      0.1    1080.1980      0.0000  0.0000  core4_7_DW_mult_tc_J23_2_1
core16_5/core4_1/mult_x_6           1087.1280      0.1    1087.1280      0.0000  0.0000  core4_7_DW_mult_tc_J23_1_1
core16_5/core4_1/mult_x_7           1052.3520      0.1    1052.3520      0.0000  0.0000  core4_7_DW_mult_tc_J23_0_1
core16_5/core4_2                   12605.4178      1.7       0.7560    574.3080  0.0000  core4_11
core16_5/core4_2/evalA               979.5240      0.1      31.6260      0.0000  0.0000  Eval_32_11
core16_5/core4_2/evalA/DP_OP_53J21_123_9060    248.3460     0.0    248.3460     0.0000 0.0000 Eval_32_1_DP_OP_53J21_123_9060_J21_0_7
core16_5/core4_2/evalA/DP_OP_54J21_124_1586    356.4540     0.0    356.4540     0.0000 0.0000 Eval_32_1_DP_OP_54J21_124_1586_J21_0_7
core16_5/core4_2/evalA/DP_OP_55J21_125_1337    343.0980     0.0    343.0980     0.0000 0.0000 Eval_32_1_DP_OP_55J21_125_1337_J21_0_7
core16_5/core4_2/evalB               489.2580      0.1      16.7580      0.0000  0.0000  Eval_33_11
core16_5/core4_2/evalB/DP_OP_53J27_122_4708    123.4800     0.0    123.4800     0.0000 0.0000 Eval_33_1_DP_OP_53J27_122_4708_J27_0_7
core16_5/core4_2/evalB/DP_OP_54J27_123_8292    180.1800     0.0    180.1800     0.0000 0.0000 Eval_33_1_DP_OP_54J27_123_8292_J27_0_7
core16_5/core4_2/evalB/DP_OP_55J27_124_8043    168.8400     0.0    168.8400     0.0000 0.0000 Eval_33_1_DP_OP_55J27_124_8043_J27_0_7
core16_5/core4_2/interp             3082.9680      0.4       0.7560    308.4480  0.0000  Interpolation_12
core16_5/core4_2/interp/interp      2773.7640      0.4       0.2520      0.0000  0.0000  InterpolationComb_12
core16_5/core4_2/interp/interp/DP_OP_106J20_122_5359   2773.5120     0.4   2773.5120     0.0000 0.0000 InterpolationComb_1_DP_OP_106J20_122_5359_J20_0_7
core16_5/core4_2/mult_x_1           1044.9180      0.1    1044.9180      0.0000  0.0000  core4_1_DW_mult_tc_J24_6_6
core16_5/core4_2/mult_x_2           1051.7220      0.1    1051.7220      0.0000  0.0000  core4_1_DW_mult_tc_J24_5_6
core16_5/core4_2/mult_x_3           1087.8840      0.1    1087.8840      0.0000  0.0000  core4_1_DW_mult_tc_J24_4_6
core16_5/core4_2/mult_x_4           1078.4340      0.1    1078.4340      0.0000  0.0000  core4_1_DW_mult_tc_J24_3_6
core16_5/core4_2/mult_x_5           1085.8680      0.1    1085.8680      0.0000  0.0000  core4_1_DW_mult_tc_J24_2_6
core16_5/core4_2/mult_x_6           1077.9300      0.1    1077.9300      0.0000  0.0000  core4_1_DW_mult_tc_J24_1_6
core16_5/core4_2/mult_x_7           1051.8480      0.1    1051.8480      0.0000  0.0000  core4_1_DW_mult_tc_J24_0_6
core16_5/core4_3                   12610.4578      1.7       0.7560    573.9300  0.0000  core4_10
core16_5/core4_3/evalA               979.2720      0.1      31.3740      0.0000  0.0000  Eval_32_10
core16_5/core4_3/evalA/DP_OP_53J21_123_9060    248.3460     0.0    248.3460     0.0000 0.0000 Eval_32_1_DP_OP_53J21_123_9060_J21_0_6
core16_5/core4_3/evalA/DP_OP_54J21_124_1586    356.4540     0.0    356.4540     0.0000 0.0000 Eval_32_1_DP_OP_54J21_124_1586_J21_0_6
core16_5/core4_3/evalA/DP_OP_55J21_125_1337    343.0980     0.0    343.0980     0.0000 0.0000 Eval_32_1_DP_OP_55J21_125_1337_J21_0_6
core16_5/core4_3/evalB               485.1000      0.1      16.7580      0.0000  0.0000  Eval_33_10
core16_5/core4_3/evalB/DP_OP_53J27_122_4708    119.8260     0.0    119.8260     0.0000 0.0000 Eval_33_1_DP_OP_53J27_122_4708_J27_0_6
core16_5/core4_3/evalB/DP_OP_54J27_123_8292    180.3060     0.0    180.3060     0.0000 0.0000 Eval_33_1_DP_OP_54J27_123_8292_J27_0_6
core16_5/core4_3/evalB/DP_OP_55J27_124_8043    168.2100     0.0    168.2100     0.0000 0.0000 Eval_33_1_DP_OP_55J27_124_8043_J27_0_6
core16_5/core4_3/interp             3082.9680      0.4       0.7560    308.4480  0.0000  Interpolation_11
core16_5/core4_3/interp/interp      2773.7640      0.4       0.2520      0.0000  0.0000  InterpolationComb_11
core16_5/core4_3/interp/interp/DP_OP_106J20_122_5359   2773.5120     0.4   2773.5120     0.0000 0.0000 InterpolationComb_1_DP_OP_106J20_122_5359_J20_0_6
core16_5/core4_3/mult_x_1           1050.4620      0.1    1050.4620      0.0000  0.0000  core4_1_DW_mult_tc_J24_6_5
core16_5/core4_3/mult_x_2           1045.5480      0.1    1045.5480      0.0000  0.0000  core4_1_DW_mult_tc_J24_5_5
core16_5/core4_3/mult_x_3           1085.1120      0.1    1085.1120      0.0000  0.0000  core4_1_DW_mult_tc_J24_4_5
core16_5/core4_3/mult_x_4           1083.9780      0.1    1083.9780      0.0000  0.0000  core4_1_DW_mult_tc_J24_3_5
core16_5/core4_3/mult_x_5           1090.7820      0.1    1090.7820      0.0000  0.0000  core4_1_DW_mult_tc_J24_2_5
core16_5/core4_3/mult_x_6           1080.7020      0.1    1080.7020      0.0000  0.0000  core4_1_DW_mult_tc_J24_1_5
core16_5/core4_3/mult_x_7           1051.8480      0.1    1051.8480      0.0000  0.0000  core4_1_DW_mult_tc_J24_0_5
core16_5/core4_4                   12594.3298      1.7       0.7560    574.1820  0.0000  core4_9
core16_5/core4_4/evalA               979.5240      0.1      31.6260      0.0000  0.0000  Eval_32_9
core16_5/core4_4/evalA/DP_OP_53J21_123_9060    248.3460     0.0    248.3460     0.0000 0.0000 Eval_32_1_DP_OP_53J21_123_9060_J21_0_5
core16_5/core4_4/evalA/DP_OP_54J21_124_1586    356.4540     0.0    356.4540     0.0000 0.0000 Eval_32_1_DP_OP_54J21_124_1586_J21_0_5
core16_5/core4_4/evalA/DP_OP_55J21_125_1337    343.0980     0.0    343.0980     0.0000 0.0000 Eval_32_1_DP_OP_55J21_125_1337_J21_0_5
core16_5/core4_4/evalB               485.1000      0.1      17.2620      0.0000  0.0000  Eval_33_9
core16_5/core4_4/evalB/DP_OP_53J27_122_4708    119.9520     0.0    119.9520     0.0000 0.0000 Eval_33_1_DP_OP_53J27_122_4708_J27_0_5
core16_5/core4_4/evalB/DP_OP_54J27_123_8292    180.9360     0.0    180.9360     0.0000 0.0000 Eval_33_1_DP_OP_54J27_123_8292_J27_0_5
core16_5/core4_4/evalB/DP_OP_55J27_124_8043    166.9500     0.0    166.9500     0.0000 0.0000 Eval_33_1_DP_OP_55J27_124_8043_J27_0_5
core16_5/core4_4/interp             3082.9680      0.4       0.7560    308.4480  0.0000  Interpolation_10
core16_5/core4_4/interp/interp      2773.7640      0.4       0.2520      0.0000  0.0000  InterpolationComb_10
core16_5/core4_4/interp/interp/DP_OP_106J20_122_5359   2773.5120     0.4   2773.5120     0.0000 0.0000 InterpolationComb_1_DP_OP_106J20_122_5359_J20_0_5
core16_5/core4_4/mult_x_1           1044.9180      0.1    1044.9180      0.0000  0.0000  core4_1_DW_mult_tc_J24_6_4
core16_5/core4_4/mult_x_2           1048.9500      0.1    1048.9500      0.0000  0.0000  core4_1_DW_mult_tc_J24_5_4
core16_5/core4_4/mult_x_3           1085.9940      0.1    1085.9940      0.0000  0.0000  core4_1_DW_mult_tc_J24_4_4
core16_5/core4_4/mult_x_4           1081.9620      0.1    1081.9620      0.0000  0.0000  core4_1_DW_mult_tc_J24_3_4
core16_5/core4_4/mult_x_5           1077.6780      0.1    1077.6780      0.0000  0.0000  core4_1_DW_mult_tc_J24_2_4
core16_5/core4_4/mult_x_6           1085.1120      0.1    1085.1120      0.0000  0.0000  core4_1_DW_mult_tc_J24_1_4
core16_5/core4_4/mult_x_7           1047.1860      0.1    1047.1860      0.0000  0.0000  core4_1_DW_mult_tc_J24_0_4
core16_5/core4_5                   12588.9118      1.7       0.7560    574.3080  0.0000  core4_8
core16_5/core4_5/evalA               979.5240      0.1      31.6260      0.0000  0.0000  Eval_32_8
core16_5/core4_5/evalA/DP_OP_53J21_123_9060    248.3460     0.0    248.3460     0.0000 0.0000 Eval_32_1_DP_OP_53J21_123_9060_J21_0_4
core16_5/core4_5/evalA/DP_OP_54J21_124_1586    356.4540     0.0    356.4540     0.0000 0.0000 Eval_32_1_DP_OP_54J21_124_1586_J21_0_4
core16_5/core4_5/evalA/DP_OP_55J21_125_1337    343.0980     0.0    343.0980     0.0000 0.0000 Eval_32_1_DP_OP_55J21_125_1337_J21_0_4
core16_5/core4_5/evalB               484.9740      0.1      17.1360      0.0000  0.0000  Eval_33_8
core16_5/core4_5/evalB/DP_OP_53J27_122_4708    119.9520     0.0    119.9520     0.0000 0.0000 Eval_33_1_DP_OP_53J27_122_4708_J27_0_4
core16_5/core4_5/evalB/DP_OP_54J27_123_8292    180.3060     0.0    180.3060     0.0000 0.0000 Eval_33_1_DP_OP_54J27_123_8292_J27_0_4
core16_5/core4_5/evalB/DP_OP_55J27_124_8043    167.5800     0.0    167.5800     0.0000 0.0000 Eval_33_1_DP_OP_55J27_124_8043_J27_0_4
core16_5/core4_5/interp             3082.9680      0.4       0.7560    308.4480  0.0000  Interpolation_9
core16_5/core4_5/interp/interp      2773.7640      0.4       0.2520      0.0000  0.0000  InterpolationComb_9
core16_5/core4_5/interp/interp/DP_OP_106J20_122_5359   2773.5120     0.4   2773.5120     0.0000 0.0000 InterpolationComb_1_DP_OP_106J20_122_5359_J20_0_4
core16_5/core4_5/mult_x_1           1044.9180      0.1    1044.9180      0.0000  0.0000  core4_1_DW_mult_tc_J24_6_3
core16_5/core4_5/mult_x_2           1048.9500      0.1    1048.9500      0.0000  0.0000  core4_1_DW_mult_tc_J24_5_3
core16_5/core4_5/mult_x_3           1083.2220      0.1    1083.2220      0.0000  0.0000  core4_1_DW_mult_tc_J24_4_3
core16_5/core4_5/mult_x_4           1077.9300      0.1    1077.9300      0.0000  0.0000  core4_1_DW_mult_tc_J24_3_3
core16_5/core4_5/mult_x_5           1077.8040      0.1    1077.8040      0.0000  0.0000  core4_1_DW_mult_tc_J24_2_3
core16_5/core4_5/mult_x_6           1086.3720      0.1    1086.3720      0.0000  0.0000  core4_1_DW_mult_tc_J24_1_3
core16_5/core4_5/mult_x_7           1047.1860      0.1    1047.1860      0.0000  0.0000  core4_1_DW_mult_tc_J24_0_3
core16_5/core4_6                   11966.2198      1.6       0.7560    574.3080  0.0000  core4_7
core16_5/core4_6/evalA               979.6500      0.1      31.7520      0.0000  0.0000  Eval_32_7
core16_5/core4_6/evalA/DP_OP_53J21_123_9060    248.3460     0.0    248.3460     0.0000 0.0000 Eval_32_1_DP_OP_53J21_123_9060_J21_0_3
core16_5/core4_6/evalA/DP_OP_54J21_124_1586    356.4540     0.0    356.4540     0.0000 0.0000 Eval_32_1_DP_OP_54J21_124_1586_J21_0_3
core16_5/core4_6/evalA/DP_OP_55J21_125_1337    343.0980     0.0    343.0980     0.0000 0.0000 Eval_32_1_DP_OP_55J21_125_1337_J21_0_3
core16_5/core4_6/evalB               488.6280      0.1      16.7580      0.0000  0.0000  Eval_33_7
core16_5/core4_6/evalB/DP_OP_53J27_122_4708    122.4720     0.0    122.4720     0.0000 0.0000 Eval_33_1_DP_OP_53J27_122_4708_J27_0_3
core16_5/core4_6/evalB/DP_OP_54J27_123_8292    181.0620     0.0    181.0620     0.0000 0.0000 Eval_33_1_DP_OP_54J27_123_8292_J27_0_3
core16_5/core4_6/evalB/DP_OP_55J27_124_8043    168.3360     0.0    168.3360     0.0000 0.0000 Eval_33_1_DP_OP_55J27_124_8043_J27_0_3
core16_5/core4_6/interp             2981.2860      0.4       0.7560    300.3840  0.0000  Interpolation_8
core16_5/core4_6/interp/interp      2680.1460      0.4       0.2520      0.0000  0.0000  InterpolationComb_8
core16_5/core4_6/interp/interp/DP_OP_106J21_122_4710   2679.8940     0.4   2679.8940     0.0000 0.0000 InterpolationComb_0_DP_OP_106J21_122_4710_J21_0_3
core16_5/core4_6/mult_x_1            784.7280      0.1     784.7280      0.0000  0.0000  core4_7_DW_mult_tc_J23_6_0
core16_5/core4_6/mult_x_2           1048.9500      0.1    1048.9500      0.0000  0.0000  core4_7_DW_mult_tc_J23_5_0
core16_5/core4_6/mult_x_3           1077.6780      0.1    1077.6780      0.0000  0.0000  core4_7_DW_mult_tc_J23_4_0
core16_5/core4_6/mult_x_4           1084.1040      0.1    1084.1040      0.0000  0.0000  core4_7_DW_mult_tc_J23_3_0
core16_5/core4_6/mult_x_5           1083.4740      0.1    1083.4740      0.0000  0.0000  core4_7_DW_mult_tc_J23_2_0
core16_5/core4_6/mult_x_6           1077.9300      0.1    1077.9300      0.0000  0.0000  core4_7_DW_mult_tc_J23_1_0
core16_5/core4_6/mult_x_7            784.7280      0.1     784.7280      0.0000  0.0000  core4_7_DW_mult_tc_J23_0_0
core16_5/evalA                       979.1460      0.1      31.2480      0.0000  0.0000  Eval_32_56
core16_5/evalA/DP_OP_53J21_123_9060    248.3460     0.0    248.3460      0.0000  0.0000  Eval_32_1_DP_OP_53J21_123_9060_J21_0_36
core16_5/evalA/DP_OP_54J21_124_1586    356.4540     0.0    356.4540      0.0000  0.0000  Eval_32_1_DP_OP_54J21_124_1586_J21_0_36
core16_5/evalA/DP_OP_55J21_125_1337    343.0980     0.0    343.0980      0.0000  0.0000  Eval_32_1_DP_OP_55J21_125_1337_J21_0_36
core16_5/evalA_1                     979.6500      0.1      31.7520      0.0000  0.0000  Eval_32_55
core16_5/evalA_1/DP_OP_53J21_123_9060    248.3460     0.0    248.3460     0.0000 0.0000  Eval_32_1_DP_OP_53J21_123_9060_J21_0_35
core16_5/evalA_1/DP_OP_54J21_124_1586    356.4540     0.0    356.4540     0.0000 0.0000  Eval_32_1_DP_OP_54J21_124_1586_J21_0_35
core16_5/evalA_1/DP_OP_55J21_125_1337    343.0980     0.0    343.0980     0.0000 0.0000  Eval_32_1_DP_OP_55J21_125_1337_J21_0_35
core16_5/evalA_2                     979.6500      0.1      31.7520      0.0000  0.0000  Eval_32_54
core16_5/evalA_2/DP_OP_53J21_123_9060    248.3460     0.0    248.3460     0.0000 0.0000  Eval_32_1_DP_OP_53J21_123_9060_J21_0_34
core16_5/evalA_2/DP_OP_54J21_124_1586    356.4540     0.0    356.4540     0.0000 0.0000  Eval_32_1_DP_OP_54J21_124_1586_J21_0_34
core16_5/evalA_2/DP_OP_55J21_125_1337    343.0980     0.0    343.0980     0.0000 0.0000  Eval_32_1_DP_OP_55J21_125_1337_J21_0_34
core16_5/evalA_3                     979.1460      0.1      31.2480      0.0000  0.0000  Eval_32_53
core16_5/evalA_3/DP_OP_53J21_123_9060    248.3460     0.0    248.3460     0.0000 0.0000  Eval_32_1_DP_OP_53J21_123_9060_J21_0_33
core16_5/evalA_3/DP_OP_54J21_124_1586    356.4540     0.0    356.4540     0.0000 0.0000  Eval_32_1_DP_OP_54J21_124_1586_J21_0_33
core16_5/evalA_3/DP_OP_55J21_125_1337    343.0980     0.0    343.0980     0.0000 0.0000  Eval_32_1_DP_OP_55J21_125_1337_J21_0_33
core16_5/evalB                       487.4940      0.1      15.4980      0.0000  0.0000  Eval_33_56
core16_5/evalB/DP_OP_53J27_122_4708    121.7160     0.0    121.7160      0.0000  0.0000  Eval_33_1_DP_OP_53J27_122_4708_J27_0_32
core16_5/evalB/DP_OP_54J27_123_8292    181.1880     0.0    181.1880      0.0000  0.0000  Eval_33_1_DP_OP_54J27_123_8292_J27_0_32
core16_5/evalB/DP_OP_55J27_124_8043    169.0920     0.0    169.0920      0.0000  0.0000  Eval_33_1_DP_OP_55J27_124_8043_J27_0_32
core16_5/evalB_1                     498.5820      0.1      15.3720      0.0000  0.0000  Eval_33_55
core16_5/evalB_1/DP_OP_53J27_122_4708    121.7160     0.0    121.7160     0.0000 0.0000  Eval_33_1_DP_OP_53J27_122_4708_J27_0_31
core16_5/evalB_1/DP_OP_54J27_123_8292    189.1260     0.0    189.1260     0.0000 0.0000  Eval_33_1_DP_OP_54J27_123_8292_J27_0_31
core16_5/evalB_1/DP_OP_55J27_124_8043    172.3680     0.0    172.3680     0.0000 0.0000  Eval_33_1_DP_OP_55J27_124_8043_J27_0_31
core16_5/evalB_2                     495.8100      0.1      15.3720      0.0000  0.0000  Eval_33_54
core16_5/evalB_2/DP_OP_53J27_122_4708    123.2280     0.0    123.2280     0.0000 0.0000  Eval_33_1_DP_OP_53J27_122_4708_J27_0_30
core16_5/evalB_2/DP_OP_54J27_123_8292    187.1100     0.0    187.1100     0.0000 0.0000  Eval_33_1_DP_OP_54J27_123_8292_J27_0_30
core16_5/evalB_2/DP_OP_55J27_124_8043    170.1000     0.0    170.1000     0.0000 0.0000  Eval_33_1_DP_OP_55J27_124_8043_J27_0_30
core16_5/evalB_3                     486.4860      0.1      15.8760      0.0000  0.0000  Eval_33_53
core16_5/evalB_3/DP_OP_53J27_122_4708    121.2120     0.0    121.2120     0.0000 0.0000  Eval_33_1_DP_OP_53J27_122_4708_J27_0_29
core16_5/evalB_3/DP_OP_54J27_123_8292    180.6840     0.0    180.6840     0.0000 0.0000  Eval_33_1_DP_OP_54J27_123_8292_J27_0_29
core16_5/evalB_3/DP_OP_55J27_124_8043    168.7140     0.0    168.7140     0.0000 0.0000  Eval_33_1_DP_OP_55J27_124_8043_J27_0_29
core16_5/interp                    11731.4818      1.5       0.7560   1130.9760  0.0000  Interpolation_7_1
core16_5/interp/interp             10599.7498      1.4       0.2520      0.0000  0.0000  InterpolationComb_7_1
core16_5/interp/interp/DP_OP_421J11_122_5960  10599.4978     1.4  10599.4978     0.0000 0.0000 InterpolationComb_7_1_DP_OP_421J11_122_5960_J11_0_0
core16_6                           91542.5268     12.1       2.0160   2122.8480  0.0000  core16_0
core16_6/core4_0                    9052.2179      1.2       1.0080    574.4340  0.0000  core4_6
core16_6/core4_0/evalA               816.6060      0.1      24.6960      0.0000  0.0000  Eval_32_6
core16_6/core4_0/evalA/DP_OP_54J33_122_3084    211.6800     0.0    211.6800     0.0000 0.0000 Eval_32_0_DP_OP_54J33_122_3084_J33_0_1
core16_6/core4_0/evalA/DP_OP_55J33_123_6116    287.1540     0.0    287.1540     0.0000 0.0000 Eval_32_0_DP_OP_55J33_123_6116_J33_0_1
core16_6/core4_0/evalA/DP_OP_56J33_124_9559    293.0760     0.0    293.0760     0.0000 0.0000 Eval_32_0_DP_OP_56J33_124_9559_J33_0_1
core16_6/core4_0/evalB               226.6740      0.0       6.5520      0.0000  0.0000  Eval_33_6
core16_6/core4_0/evalB/DP_OP_54J21_129_7149     57.4560     0.0     57.4560     0.0000 0.0000 Eval_33_0_DP_OP_54J21_129_7149_J21_0_1
core16_6/core4_0/evalB/DP_OP_55J21_130_8220     78.4980     0.0     78.4980     0.0000 0.0000 Eval_33_0_DP_OP_55J21_130_8220_J21_0_1
core16_6/core4_0/evalB/DP_OP_56J21_131_9312     84.1680     0.0     84.1680     0.0000 0.0000 Eval_33_0_DP_OP_56J21_131_9312_J21_0_1
core16_6/core4_0/interp             2980.2780      0.4       0.7560    300.3840  0.0000  Interpolation_6
core16_6/core4_0/interp/interp      2679.1380      0.4       0.2520      0.0000  0.0000  InterpolationComb_6
core16_6/core4_0/interp/interp/DP_OP_106J21_122_4710   2678.8860     0.4   2678.8860     0.0000 0.0000 InterpolationComb_0_DP_OP_106J21_122_4710_J21_0_2
core16_6/core4_0/mult_x_1            438.9840      0.1     438.9840      0.0000  0.0000  core4_0_DW_mult_uns_J15_3_1
core16_6/core4_0/mult_x_2            749.4480      0.1     749.4480      0.0000  0.0000  core4_0_DW_mult_uns_J15_2_1
core16_6/core4_0/mult_x_3            593.0820      0.1     593.0820      0.0000  0.0000  core4_0_DW_mult_tc_J15_2_1
core16_6/core4_0/mult_x_4            671.9580      0.1     671.9580      0.0000  0.0000  core4_0_DW_mult_tc_J15_1_1
core16_6/core4_0/mult_x_5            748.8180      0.1     748.8180      0.0000  0.0000  core4_0_DW_mult_uns_J15_1_1
core16_6/core4_0/mult_x_6            811.9440      0.1     811.9440      0.0000  0.0000  core4_0_DW_mult_tc_J15_0_1
core16_6/core4_0/mult_x_7            438.9840      0.1     438.9840      0.0000  0.0000  core4_0_DW_mult_uns_J15_0_1
core16_6/core4_1                   11209.2118      1.5       1.0080    574.5600  0.0000  core4_5
core16_6/core4_1/evalA               932.6520      0.1      28.4760      0.0000  0.0000  Eval_32_5
core16_6/core4_1/evalA/DP_OP_54J20_126_5405    241.2900     0.0    241.2900     0.0000 0.0000 Eval_32_5_DP_OP_54J20_126_5405_J20_0_0
core16_6/core4_1/evalA/DP_OP_55J20_127_5712    331.8840     0.0    331.8840     0.0000 0.0000 Eval_32_5_DP_OP_55J20_127_5712_J20_0_0
core16_6/core4_1/evalA/DP_OP_56J20_128_4935    331.0020     0.0    331.0020     0.0000 0.0000 Eval_32_5_DP_OP_56J20_128_4935_J20_0_0
core16_6/core4_1/evalB               349.2720      0.0      10.3320      0.0000  0.0000  Eval_33_5
core16_6/core4_1/evalB/DP_OP_54J24_125_1053     93.4920     0.0     93.4920     0.0000 0.0000 Eval_33_5_DP_OP_54J24_125_1053_J24_0_0
core16_6/core4_1/evalB/DP_OP_55J24_126_2451    122.5980     0.0    122.5980     0.0000 0.0000 Eval_33_5_DP_OP_55J24_126_2451_J24_0_0
core16_6/core4_1/evalB/DP_OP_56J24_127_8683    122.8500     0.0    122.8500     0.0000 0.0000 Eval_33_5_DP_OP_56J24_127_8683_J24_0_0
core16_6/core4_1/interp             2981.2860      0.4       0.7560    300.3840  0.0000  Interpolation_5
core16_6/core4_1/interp/interp      2680.1460      0.4       0.2520      0.0000  0.0000  InterpolationComb_5
core16_6/core4_1/interp/interp/DP_OP_106J21_122_4710   2679.8940     0.4   2679.8940     0.0000 0.0000 InterpolationComb_0_DP_OP_106J21_122_4710_J21_0_1
core16_6/core4_1/mult_x_1            749.4480      0.1     749.4480      0.0000  0.0000  core4_5_DW_mult_uns_J30_3_0
core16_6/core4_1/mult_x_2            991.9980      0.1     991.9980      0.0000  0.0000  core4_5_DW_mult_uns_J30_2_0
core16_6/core4_1/mult_x_3            889.0560      0.1     889.0560      0.0000  0.0000  core4_5_DW_mult_tc_J30_2_0
core16_6/core4_1/mult_x_4            937.0620      0.1     937.0620      0.0000  0.0000  core4_5_DW_mult_tc_J30_1_0
core16_6/core4_1/mult_x_5            997.2900      0.1     997.2900      0.0000  0.0000  core4_5_DW_mult_uns_J30_1_0
core16_6/core4_1/mult_x_6           1056.1320      0.1    1056.1320      0.0000  0.0000  core4_5_DW_mult_tc_J30_0_0
core16_6/core4_1/mult_x_7            749.4480      0.1     749.4480      0.0000  0.0000  core4_5_DW_mult_uns_J30_0_0
core16_6/core4_2                    9793.4759      1.3       1.0080    574.4340  0.0000  core4_4
core16_6/core4_2/evalA               858.9420      0.1      26.2080      0.0000  0.0000  Eval_32_4
core16_6/core4_2/evalA/DP_OP_53J21_123_9060    220.7520     0.0    220.7520     0.0000 0.0000 Eval_32_1_DP_OP_53J21_123_9060_J21_0_2
core16_6/core4_2/evalA/DP_OP_54J21_124_1586    303.4080     0.0    303.4080     0.0000 0.0000 Eval_32_1_DP_OP_54J21_124_1586_J21_0_2
core16_6/core4_2/evalA/DP_OP_55J21_125_1337    308.5740     0.0    308.5740     0.0000 0.0000 Eval_32_1_DP_OP_55J21_125_1337_J21_0_2
core16_6/core4_2/evalB               268.1280      0.0       7.8120      0.0000  0.0000  Eval_33_4
core16_6/core4_2/evalB/DP_OP_53J27_122_4708     68.6700     0.0     68.6700     0.0000 0.0000 Eval_33_1_DP_OP_53J27_122_4708_J27_0_2
core16_6/core4_2/evalB/DP_OP_54J27_123_8292     92.7360     0.0     92.7360     0.0000 0.0000 Eval_33_1_DP_OP_54J27_123_8292_J27_0_2
core16_6/core4_2/evalB/DP_OP_55J27_124_8043     98.9100     0.0     98.9100     0.0000 0.0000 Eval_33_1_DP_OP_55J27_124_8043_J27_0_2
core16_6/core4_2/interp             3082.9680      0.4       0.7560    308.4480  0.0000  Interpolation_4
core16_6/core4_2/interp/interp      2773.7640      0.4       0.2520      0.0000  0.0000  InterpolationComb_4
core16_6/core4_2/interp/interp/DP_OP_106J20_122_5359   2773.5120     0.4   2773.5120     0.0000 0.0000 InterpolationComb_1_DP_OP_106J20_122_5359_J20_0_3
core16_6/core4_2/mult_x_1            573.8040      0.1     573.8040      0.0000  0.0000  core4_1_DW_mult_tc_J24_6_2
core16_6/core4_2/mult_x_2            769.2300      0.1     769.2300      0.0000  0.0000  core4_1_DW_mult_tc_J24_5_2
core16_6/core4_2/mult_x_3            739.2420      0.1     739.2420      0.0000  0.0000  core4_1_DW_mult_tc_J24_4_2
core16_6/core4_2/mult_x_4            710.3880      0.1     710.3880      0.0000  0.0000  core4_1_DW_mult_tc_J24_3_2
core16_6/core4_2/mult_x_5            793.4220      0.1     793.4220      0.0000  0.0000  core4_1_DW_mult_tc_J24_2_2
core16_6/core4_2/mult_x_6            848.1060      0.1     848.1060      0.0000  0.0000  core4_1_DW_mult_tc_J24_1_2
core16_6/core4_2/mult_x_7            573.8040      0.1     573.8040      0.0000  0.0000  core4_1_DW_mult_tc_J24_0_2
core16_6/core4_3                   11818.2958      1.6       0.7560    574.5600  0.0000  core4_3
core16_6/core4_3/evalA               979.3980      0.1      31.5000      0.0000  0.0000  Eval_32_3
core16_6/core4_3/evalA/DP_OP_53J21_123_9060    248.3460     0.0    248.3460     0.0000 0.0000 Eval_32_1_DP_OP_53J21_123_9060_J21_0_1
core16_6/core4_3/evalA/DP_OP_54J21_124_1586    356.4540     0.0    356.4540     0.0000 0.0000 Eval_32_1_DP_OP_54J21_124_1586_J21_0_1
core16_6/core4_3/evalA/DP_OP_55J21_125_1337    343.0980     0.0    343.0980     0.0000 0.0000 Eval_32_1_DP_OP_55J21_125_1337_J21_0_1
core16_6/core4_3/evalB               487.1160      0.1      15.8760      0.0000  0.0000  Eval_33_3
core16_6/core4_3/evalB/DP_OP_53J27_122_4708    121.9680     0.0    121.9680     0.0000 0.0000 Eval_33_1_DP_OP_53J27_122_4708_J27_0_1
core16_6/core4_3/evalB/DP_OP_54J27_123_8292    181.5660     0.0    181.5660     0.0000 0.0000 Eval_33_1_DP_OP_54J27_123_8292_J27_0_1
core16_6/core4_3/evalB/DP_OP_55J27_124_8043    167.7060     0.0    167.7060     0.0000 0.0000 Eval_33_1_DP_OP_55J27_124_8043_J27_0_1
core16_6/core4_3/interp             3082.9680      0.4       0.7560    308.4480  0.0000  Interpolation_3
core16_6/core4_3/interp/interp      2773.7640      0.4       0.2520      0.0000  0.0000  InterpolationComb_3
core16_6/core4_3/interp/interp/DP_OP_106J20_122_5359   2773.5120     0.4   2773.5120     0.0000 0.0000 InterpolationComb_1_DP_OP_106J20_122_5359_J20_0_2
core16_6/core4_3/mult_x_1            653.5620      0.1     653.5620      0.0000  0.0000  core4_1_DW_mult_tc_J24_6_1
core16_6/core4_3/mult_x_2           1050.9660      0.1    1050.9660      0.0000  0.0000  core4_1_DW_mult_tc_J24_5_1
core16_6/core4_3/mult_x_3           1084.4820      0.1    1084.4820      0.0000  0.0000  core4_1_DW_mult_tc_J24_4_1
core16_6/core4_3/mult_x_4           1083.3480      0.1    1083.3480      0.0000  0.0000  core4_1_DW_mult_tc_J24_3_1
core16_6/core4_3/mult_x_5           1081.8360      0.1    1081.8360      0.0000  0.0000  core4_1_DW_mult_tc_J24_2_1
core16_6/core4_3/mult_x_6           1085.7420      0.1    1085.7420      0.0000  0.0000  core4_1_DW_mult_tc_J24_1_1
core16_6/core4_3/mult_x_7            653.5620      0.1     653.5620      0.0000  0.0000  core4_1_DW_mult_tc_J24_0_1
core16_6/core4_4                   11046.0418      1.5       1.0080    574.4340  0.0000  core4_2
core16_6/core4_4/evalA               934.1640      0.1      28.4760      0.0000  0.0000  Eval_32_2
core16_6/core4_4/evalA/DP_OP_54J15_122_2586    241.7940     0.0    241.7940     0.0000 0.0000 Eval_32_2_DP_OP_54J15_122_2586_J15_0_0
core16_6/core4_4/evalA/DP_OP_55J15_123_4716    329.3640     0.0    329.3640     0.0000 0.0000 Eval_32_2_DP_OP_55J15_123_4716_J15_0_0
core16_6/core4_4/evalA/DP_OP_56J15_124_4901    334.5300     0.0    334.5300     0.0000 0.0000 Eval_32_2_DP_OP_56J15_124_4901_J15_0_0
core16_6/core4_4/evalB               345.7440      0.0      10.3320      0.0000  0.0000  Eval_33_2
core16_6/core4_4/evalB/DP_OP_54J25_125_8201     90.2160     0.0     90.2160     0.0000 0.0000 Eval_33_2_DP_OP_54J25_125_8201_J25_0_0
core16_6/core4_4/evalB/DP_OP_55J25_126_1455    120.0780     0.0    120.0780     0.0000 0.0000 Eval_33_2_DP_OP_55J25_126_1455_J25_0_0
core16_6/core4_4/evalB/DP_OP_56J25_127_8740    125.1180     0.0    125.1180     0.0000 0.0000 Eval_33_2_DP_OP_56J25_127_8740_J25_0_0
core16_6/core4_4/interp             3082.9680      0.4       0.7560    308.4480  0.0000  Interpolation_2
core16_6/core4_4/interp/interp      2773.7640      0.4       0.2520      0.0000  0.0000  InterpolationComb_2
core16_6/core4_4/interp/interp/DP_OP_106J20_122_5359   2773.5120     0.4   2773.5120     0.0000 0.0000 InterpolationComb_1_DP_OP_106J20_122_5359_J20_0_1
core16_6/core4_4/mult_x_1            729.6660      0.1     729.6660      0.0000  0.0000  core4_2_DW_mult_uns_J32_3_0
core16_6/core4_4/mult_x_2            954.5760      0.1     954.5760      0.0000  0.0000  core4_2_DW_mult_uns_J32_2_0
core16_6/core4_4/mult_x_3            878.4720      0.1     878.4720      0.0000  0.0000  core4_2_DW_mult_tc_J32_2_0
core16_6/core4_4/mult_x_4            854.1540      0.1     854.1540      0.0000  0.0000  core4_2_DW_mult_tc_J32_1_0
core16_6/core4_4/mult_x_5            992.5020      0.1     992.5020      0.0000  0.0000  core4_2_DW_mult_uns_J32_1_0
core16_6/core4_4/mult_x_6            968.6880      0.1     968.6880      0.0000  0.0000  core4_2_DW_mult_tc_J32_0_0
core16_6/core4_4/mult_x_7            729.6660      0.1     729.6660      0.0000  0.0000  core4_2_DW_mult_uns_J32_0_0
core16_6/core4_5                   12053.0338      1.6       0.7560    574.5600  0.0000  core4_1
core16_6/core4_5/evalA               979.6500      0.1      31.7520      0.0000  0.0000  Eval_32_1
core16_6/core4_5/evalA/DP_OP_53J21_123_9060    248.3460     0.0    248.3460     0.0000 0.0000 Eval_32_1_DP_OP_53J21_123_9060_J21_0_0
core16_6/core4_5/evalA/DP_OP_54J21_124_1586    356.4540     0.0    356.4540     0.0000 0.0000 Eval_32_1_DP_OP_54J21_124_1586_J21_0_0
core16_6/core4_5/evalA/DP_OP_55J21_125_1337    343.0980     0.0    343.0980     0.0000 0.0000 Eval_32_1_DP_OP_55J21_125_1337_J21_0_0
core16_6/core4_5/evalB               483.9660      0.1      16.3800      0.0000  0.0000  Eval_33_1
core16_6/core4_5/evalB/DP_OP_53J27_122_4708    119.8260     0.0    119.8260     0.0000 0.0000 Eval_33_1_DP_OP_53J27_122_4708_J27_0_0
core16_6/core4_5/evalB/DP_OP_54J27_123_8292    180.3060     0.0    180.3060     0.0000 0.0000 Eval_33_1_DP_OP_54J27_123_8292_J27_0_0
core16_6/core4_5/evalB/DP_OP_55J27_124_8043    167.4540     0.0    167.4540     0.0000 0.0000 Eval_33_1_DP_OP_55J27_124_8043_J27_0_0
core16_6/core4_5/interp             3082.9680      0.4       0.7560    308.4480  0.0000  Interpolation_1
core16_6/core4_5/interp/interp      2773.7640      0.4       0.2520      0.0000  0.0000  InterpolationComb_1
core16_6/core4_5/interp/interp/DP_OP_106J20_122_5359   2773.5120     0.4   2773.5120     0.0000 0.0000 InterpolationComb_1_DP_OP_106J20_122_5359_J20_0_0
core16_6/core4_5/mult_x_1            784.7280      0.1     784.7280      0.0000  0.0000  core4_1_DW_mult_tc_J24_6_0
core16_6/core4_5/mult_x_2           1048.4460      0.1    1048.4460      0.0000  0.0000  core4_1_DW_mult_tc_J24_5_0
core16_6/core4_5/mult_x_3           1078.0560      0.1    1078.0560      0.0000  0.0000  core4_1_DW_mult_tc_J24_4_0
core16_6/core4_5/mult_x_4           1077.6780      0.1    1077.6780      0.0000  0.0000  core4_1_DW_mult_tc_J24_3_0
core16_6/core4_5/mult_x_5           1079.8200      0.1    1079.8200      0.0000  0.0000  core4_1_DW_mult_tc_J24_2_0
core16_6/core4_5/mult_x_6           1077.6780      0.1    1077.6780      0.0000  0.0000  core4_1_DW_mult_tc_J24_1_0
core16_6/core4_5/mult_x_7            784.7280      0.1     784.7280      0.0000  0.0000  core4_1_DW_mult_tc_J24_0_0
core16_6/core4_6                    9060.6599      1.2       1.0080    574.4340  0.0000  core4_0
core16_6/core4_6/evalA               816.6060      0.1      24.6960      0.0000  0.0000  Eval_32_0
core16_6/core4_6/evalA/DP_OP_54J33_122_3084    211.6800     0.0    211.6800     0.0000 0.0000 Eval_32_0_DP_OP_54J33_122_3084_J33_0_0
core16_6/core4_6/evalA/DP_OP_55J33_123_6116    287.1540     0.0    287.1540     0.0000 0.0000 Eval_32_0_DP_OP_55J33_123_6116_J33_0_0
core16_6/core4_6/evalA/DP_OP_56J33_124_9559    293.0760     0.0    293.0760     0.0000 0.0000 Eval_32_0_DP_OP_56J33_124_9559_J33_0_0
core16_6/core4_6/evalB               229.4460      0.0       6.5520      0.0000  0.0000  Eval_33_0
core16_6/core4_6/evalB/DP_OP_54J21_129_7149     58.0860     0.0     58.0860     0.0000 0.0000 Eval_33_0_DP_OP_54J21_129_7149_J21_0_0
core16_6/core4_6/evalB/DP_OP_55J21_130_8220     81.1440     0.0     81.1440     0.0000 0.0000 Eval_33_0_DP_OP_55J21_130_8220_J21_0_0
core16_6/core4_6/evalB/DP_OP_56J21_131_9312     83.6640     0.0     83.6640     0.0000 0.0000 Eval_33_0_DP_OP_56J21_131_9312_J21_0_0
core16_6/core4_6/interp             2981.2860      0.4       0.7560    300.3840  0.0000  Interpolation_0
core16_6/core4_6/interp/interp      2680.1460      0.4       0.2520      0.0000  0.0000  InterpolationComb_0
core16_6/core4_6/interp/interp/DP_OP_106J21_122_4710   2679.8940     0.4   2679.8940     0.0000 0.0000 InterpolationComb_0_DP_OP_106J21_122_4710_J21_0_0
core16_6/core4_6/mult_x_1            438.9840      0.1     438.9840      0.0000  0.0000  core4_0_DW_mult_uns_J15_3_0
core16_6/core4_6/mult_x_2            749.4480      0.1     749.4480      0.0000  0.0000  core4_0_DW_mult_uns_J15_2_0
core16_6/core4_6/mult_x_3            593.8380      0.1     593.8380      0.0000  0.0000  core4_0_DW_mult_tc_J15_2_0
core16_6/core4_6/mult_x_4            683.2980      0.1     683.2980      0.0000  0.0000  core4_0_DW_mult_tc_J15_1_0
core16_6/core4_6/mult_x_5            748.1880      0.1     748.1880      0.0000  0.0000  core4_0_DW_mult_uns_J15_1_0
core16_6/core4_6/mult_x_6            805.1400      0.1     805.1400      0.0000  0.0000  core4_0_DW_mult_tc_J15_0_0
core16_6/core4_6/mult_x_7            438.9840      0.1     438.9840      0.0000  0.0000  core4_0_DW_mult_uns_J15_0_0
core16_6/evalA                       816.6060      0.1      24.6960      0.0000  0.0000  Eval_32_52
core16_6/evalA/DP_OP_54J32_122_7900    211.6800     0.0    211.6800      0.0000  0.0000  Eval_32_49_DP_OP_54J32_122_7900_J32_0_3
core16_6/evalA/DP_OP_55J32_123_8116    287.1540     0.0    287.1540      0.0000  0.0000  Eval_32_49_DP_OP_55J32_123_8116_J32_0_3
core16_6/evalA/DP_OP_56J32_124_5825    293.0760     0.0    293.0760      0.0000  0.0000  Eval_32_49_DP_OP_56J32_124_5825_J32_0_3
core16_6/evalA_1                     816.4800      0.1      24.5700      0.0000  0.0000  Eval_32_51
core16_6/evalA_1/DP_OP_54J32_122_7900    211.6800     0.0    211.6800     0.0000 0.0000  Eval_32_49_DP_OP_54J32_122_7900_J32_0_2
core16_6/evalA_1/DP_OP_55J32_123_8116    287.1540     0.0    287.1540     0.0000 0.0000  Eval_32_49_DP_OP_55J32_123_8116_J32_0_2
core16_6/evalA_1/DP_OP_56J32_124_5825    293.0760     0.0    293.0760     0.0000 0.0000  Eval_32_49_DP_OP_56J32_124_5825_J32_0_2
core16_6/evalA_2                     816.4800      0.1      24.5700      0.0000  0.0000  Eval_32_50
core16_6/evalA_2/DP_OP_54J32_122_7900    211.6800     0.0    211.6800     0.0000 0.0000  Eval_32_49_DP_OP_54J32_122_7900_J32_0_1
core16_6/evalA_2/DP_OP_55J32_123_8116    287.1540     0.0    287.1540     0.0000 0.0000  Eval_32_49_DP_OP_55J32_123_8116_J32_0_1
core16_6/evalA_2/DP_OP_56J32_124_5825    293.0760     0.0    293.0760     0.0000 0.0000  Eval_32_49_DP_OP_56J32_124_5825_J32_0_1
core16_6/evalA_3                     816.6060      0.1      24.6960      0.0000  0.0000  Eval_32_49
core16_6/evalA_3/DP_OP_54J32_122_7900    211.6800     0.0    211.6800     0.0000 0.0000  Eval_32_49_DP_OP_54J32_122_7900_J32_0_0
core16_6/evalA_3/DP_OP_55J32_123_8116    287.1540     0.0    287.1540     0.0000 0.0000  Eval_32_49_DP_OP_55J32_123_8116_J32_0_0
core16_6/evalA_3/DP_OP_56J32_124_5825    293.0760     0.0    293.0760     0.0000 0.0000  Eval_32_49_DP_OP_56J32_124_5825_J32_0_0
core16_6/evalB                       225.7920      0.0       7.5600      0.0000  0.0000  Eval_33_52
core16_6/evalB/DP_OP_54J19_125_2881     57.4560     0.0     57.4560      0.0000  0.0000  Eval_33_49_DP_OP_54J19_125_2881_J19_0_3
core16_6/evalB/DP_OP_55J19_126_9882     77.8680     0.0     77.8680      0.0000  0.0000  Eval_33_49_DP_OP_55J19_126_9882_J19_0_3
core16_6/evalB/DP_OP_56J19_127_2673     82.9080     0.0     82.9080      0.0000  0.0000  Eval_33_49_DP_OP_56J19_127_2673_J19_0_3
core16_6/evalB_1                     230.9580      0.0       6.5520      0.0000  0.0000  Eval_33_51
core16_6/evalB_1/DP_OP_54J19_125_2881     57.4560     0.0     57.4560     0.0000 0.0000  Eval_33_49_DP_OP_54J19_125_2881_J19_0_2
core16_6/evalB_1/DP_OP_55J19_126_9882     81.0180     0.0     81.0180     0.0000 0.0000  Eval_33_49_DP_OP_55J19_126_9882_J19_0_2
core16_6/evalB_1/DP_OP_56J19_127_2673     85.9320     0.0     85.9320     0.0000 0.0000  Eval_33_49_DP_OP_56J19_127_2673_J19_0_2
core16_6/evalB_2                     230.5800      0.0       6.5520      0.0000  0.0000  Eval_33_50
core16_6/evalB_2/DP_OP_54J19_125_2881     59.3460     0.0     59.3460     0.0000 0.0000  Eval_33_49_DP_OP_54J19_125_2881_J19_0_1
core16_6/evalB_2/DP_OP_55J19_126_9882     80.8920     0.0     80.8920     0.0000 0.0000  Eval_33_49_DP_OP_55J19_126_9882_J19_0_1
core16_6/evalB_2/DP_OP_56J19_127_2673     83.7900     0.0     83.7900     0.0000 0.0000  Eval_33_49_DP_OP_56J19_127_2673_J19_0_1
core16_6/evalB_3                     228.9420      0.0       7.3080      0.0000  0.0000  Eval_33_49
core16_6/evalB_3/DP_OP_54J19_125_2881     59.9760     0.0     59.9760     0.0000 0.0000  Eval_33_49_DP_OP_54J19_125_2881_J19_0_0
core16_6/evalB_3/DP_OP_55J19_126_9882     77.8680     0.0     77.8680     0.0000 0.0000  Eval_33_49_DP_OP_55J19_126_9882_J19_0_0
core16_6/evalB_3/DP_OP_56J19_127_2673     83.7900     0.0     83.7900     0.0000 0.0000  Eval_33_49_DP_OP_56J19_127_2673_J19_0_0
core16_6/interp                    11202.2819      1.5       0.7560   1098.7200  0.0000  Interpolation_7_0
core16_6/interp/interp             10102.8058      1.3       0.2520      0.0000  0.0000  InterpolationComb_7_0
core16_6/interp/interp/DP_OP_421J12_122_1083  10102.5538     1.3  10102.5538     0.0000 0.0000 InterpolationComb_7_0_DP_OP_421J12_122_1083_J12_0_0
evalA                                814.3380      0.1      26.5860      0.0000  0.0000  Eval_16
evalA/DP_OP_52J19_122_1625           211.6800      0.0     211.6800      0.0000  0.0000  Eval_0_DP_OP_52J19_122_1625_J19_0_15
evalA/DP_OP_53J19_123_9524           284.5080      0.0     284.5080      0.0000  0.0000  Eval_0_DP_OP_53J19_123_9524_J19_0_15
evalA/DP_OP_54J19_124_6299           291.5640      0.0     291.5640      0.0000  0.0000  Eval_0_DP_OP_54J19_124_6299_J19_0_15
evalA_1                              816.4800      0.1      28.6020      0.0000  0.0000  Eval_15
evalA_1/DP_OP_52J19_122_1625         211.6800      0.0     211.6800      0.0000  0.0000  Eval_0_DP_OP_52J19_122_1625_J19_0_14
evalA_1/DP_OP_53J19_123_9524         284.5080      0.0     284.5080      0.0000  0.0000  Eval_0_DP_OP_53J19_123_9524_J19_0_14
evalA_1/DP_OP_54J19_124_6299         291.6900      0.0     291.6900      0.0000  0.0000  Eval_0_DP_OP_54J19_124_6299_J19_0_14
evalA_10                             816.4800      0.1      28.6020      0.0000  0.0000  Eval_6
evalA_10/DP_OP_52J19_122_1625        211.6800      0.0     211.6800      0.0000  0.0000  Eval_0_DP_OP_52J19_122_1625_J19_0_5
evalA_10/DP_OP_53J19_123_9524        284.5080      0.0     284.5080      0.0000  0.0000  Eval_0_DP_OP_53J19_123_9524_J19_0_5
evalA_10/DP_OP_54J19_124_6299        291.6900      0.0     291.6900      0.0000  0.0000  Eval_0_DP_OP_54J19_124_6299_J19_0_5
evalA_11                             815.8500      0.1      28.0980      0.0000  0.0000  Eval_5
evalA_11/DP_OP_52J19_122_1625        211.6800      0.0     211.6800      0.0000  0.0000  Eval_0_DP_OP_52J19_122_1625_J19_0_4
evalA_11/DP_OP_53J19_123_9524        284.5080      0.0     284.5080      0.0000  0.0000  Eval_0_DP_OP_53J19_123_9524_J19_0_4
evalA_11/DP_OP_54J19_124_6299        291.5640      0.0     291.5640      0.0000  0.0000  Eval_0_DP_OP_54J19_124_6299_J19_0_4
evalA_12                             818.4960      0.1      26.9640      0.0000  0.0000  Eval_4
evalA_12/DP_OP_52J19_122_1625        211.6800      0.0     211.6800      0.0000  0.0000  Eval_0_DP_OP_52J19_122_1625_J19_0_3
evalA_12/DP_OP_53J19_123_9524        288.2880      0.0     288.2880      0.0000  0.0000  Eval_0_DP_OP_53J19_123_9524_J19_0_3
evalA_12/DP_OP_54J19_124_6299        291.5640      0.0     291.5640      0.0000  0.0000  Eval_0_DP_OP_54J19_124_6299_J19_0_3
evalA_13                             816.4800      0.1      28.6020      0.0000  0.0000  Eval_3
evalA_13/DP_OP_52J19_122_1625        211.6800      0.0     211.6800      0.0000  0.0000  Eval_0_DP_OP_52J19_122_1625_J19_0_2
evalA_13/DP_OP_53J19_123_9524        284.5080      0.0     284.5080      0.0000  0.0000  Eval_0_DP_OP_53J19_123_9524_J19_0_2
evalA_13/DP_OP_54J19_124_6299        291.6900      0.0     291.6900      0.0000  0.0000  Eval_0_DP_OP_54J19_124_6299_J19_0_2
evalA_14                             816.4800      0.1      28.6020      0.0000  0.0000  Eval_2
evalA_14/DP_OP_52J19_122_1625        211.6800      0.0     211.6800      0.0000  0.0000  Eval_0_DP_OP_52J19_122_1625_J19_0_1
evalA_14/DP_OP_53J19_123_9524        284.5080      0.0     284.5080      0.0000  0.0000  Eval_0_DP_OP_53J19_123_9524_J19_0_1
evalA_14/DP_OP_54J19_124_6299        291.6900      0.0     291.6900      0.0000  0.0000  Eval_0_DP_OP_54J19_124_6299_J19_0_1
evalA_15                             815.4720      0.1      27.7200      0.0000  0.0000  Eval_0
evalA_15/DP_OP_52J19_122_1625        211.6800      0.0     211.6800      0.0000  0.0000  Eval_0_DP_OP_52J19_122_1625_J19_0_0
evalA_15/DP_OP_53J19_123_9524        284.5080      0.0     284.5080      0.0000  0.0000  Eval_0_DP_OP_53J19_123_9524_J19_0_0
evalA_15/DP_OP_54J19_124_6299        291.5640      0.0     291.5640      0.0000  0.0000  Eval_0_DP_OP_54J19_124_6299_J19_0_0
evalA_2                              816.4800      0.1      28.6020      0.0000  0.0000  Eval_14
evalA_2/DP_OP_52J19_122_1625         211.6800      0.0     211.6800      0.0000  0.0000  Eval_0_DP_OP_52J19_122_1625_J19_0_13
evalA_2/DP_OP_53J19_123_9524         284.5080      0.0     284.5080      0.0000  0.0000  Eval_0_DP_OP_53J19_123_9524_J19_0_13
evalA_2/DP_OP_54J19_124_6299         291.6900      0.0     291.6900      0.0000  0.0000  Eval_0_DP_OP_54J19_124_6299_J19_0_13
evalA_3                              815.0940      0.1      27.3420      0.0000  0.0000  Eval_13
evalA_3/DP_OP_52J19_122_1625         211.6800      0.0     211.6800      0.0000  0.0000  Eval_0_DP_OP_52J19_122_1625_J19_0_12
evalA_3/DP_OP_53J19_123_9524         284.5080      0.0     284.5080      0.0000  0.0000  Eval_0_DP_OP_53J19_123_9524_J19_0_12
evalA_3/DP_OP_54J19_124_6299         291.5640      0.0     291.5640      0.0000  0.0000  Eval_0_DP_OP_54J19_124_6299_J19_0_12
evalA_4                              815.7240      0.1      27.9720      0.0000  0.0000  Eval_12
evalA_4/DP_OP_52J19_122_1625         211.6800      0.0     211.6800      0.0000  0.0000  Eval_0_DP_OP_52J19_122_1625_J19_0_11
evalA_4/DP_OP_53J19_123_9524         284.5080      0.0     284.5080      0.0000  0.0000  Eval_0_DP_OP_53J19_123_9524_J19_0_11
evalA_4/DP_OP_54J19_124_6299         291.5640      0.0     291.5640      0.0000  0.0000  Eval_0_DP_OP_54J19_124_6299_J19_0_11
evalA_5                              816.4800      0.1      28.6020      0.0000  0.0000  Eval_11
evalA_5/DP_OP_52J19_122_1625         211.6800      0.0     211.6800      0.0000  0.0000  Eval_0_DP_OP_52J19_122_1625_J19_0_10
evalA_5/DP_OP_53J19_123_9524         284.5080      0.0     284.5080      0.0000  0.0000  Eval_0_DP_OP_53J19_123_9524_J19_0_10
evalA_5/DP_OP_54J19_124_6299         291.6900      0.0     291.6900      0.0000  0.0000  Eval_0_DP_OP_54J19_124_6299_J19_0_10
evalA_6                              816.4800      0.1      28.6020      0.0000  0.0000  Eval_10
evalA_6/DP_OP_52J19_122_1625         211.6800      0.0     211.6800      0.0000  0.0000  Eval_0_DP_OP_52J19_122_1625_J19_0_9
evalA_6/DP_OP_53J19_123_9524         284.5080      0.0     284.5080      0.0000  0.0000  Eval_0_DP_OP_53J19_123_9524_J19_0_9
evalA_6/DP_OP_54J19_124_6299         291.6900      0.0     291.6900      0.0000  0.0000  Eval_0_DP_OP_54J19_124_6299_J19_0_9
evalA_7                              815.8500      0.1      28.0980      0.0000  0.0000  Eval_9
evalA_7/DP_OP_52J19_122_1625         211.6800      0.0     211.6800      0.0000  0.0000  Eval_0_DP_OP_52J19_122_1625_J19_0_8
evalA_7/DP_OP_53J19_123_9524         284.5080      0.0     284.5080      0.0000  0.0000  Eval_0_DP_OP_53J19_123_9524_J19_0_8
evalA_7/DP_OP_54J19_124_6299         291.5640      0.0     291.5640      0.0000  0.0000  Eval_0_DP_OP_54J19_124_6299_J19_0_8
evalA_8                              815.7240      0.1      27.9720      0.0000  0.0000  Eval_8
evalA_8/DP_OP_52J19_122_1625         211.6800      0.0     211.6800      0.0000  0.0000  Eval_0_DP_OP_52J19_122_1625_J19_0_7
evalA_8/DP_OP_53J19_123_9524         284.5080      0.0     284.5080      0.0000  0.0000  Eval_0_DP_OP_53J19_123_9524_J19_0_7
evalA_8/DP_OP_54J19_124_6299         291.5640      0.0     291.5640      0.0000  0.0000  Eval_0_DP_OP_54J19_124_6299_J19_0_7
evalA_9                              816.4800      0.1      28.6020      0.0000  0.0000  Eval_7
evalA_9/DP_OP_52J19_122_1625         211.6800      0.0     211.6800      0.0000  0.0000  Eval_0_DP_OP_52J19_122_1625_J19_0_6
evalA_9/DP_OP_53J19_123_9524         284.5080      0.0     284.5080      0.0000  0.0000  Eval_0_DP_OP_53J19_123_9524_J19_0_6
evalA_9/DP_OP_54J19_124_6299         291.6900      0.0     291.6900      0.0000  0.0000  Eval_0_DP_OP_54J19_124_6299_J19_0_6
evalB                                225.4140      0.0      12.2220      0.0000  0.0000  Eval_1_15
evalB/DP_OP_52J22_125_102             57.2040      0.0      57.2040      0.0000  0.0000  Eval_1_0_DP_OP_52J22_125_102_J22_0_15
evalB/DP_OP_53J22_126_6763            74.5920      0.0      74.5920      0.0000  0.0000  Eval_1_0_DP_OP_53J22_126_6763_J22_0_15
evalB/DP_OP_54J22_127_2528            81.3960      0.0      81.3960      0.0000  0.0000  Eval_1_0_DP_OP_54J22_127_2528_J22_0_15
evalB_1                              234.1080      0.0      13.4820      0.0000  0.0000  Eval_1_14
evalB_1/DP_OP_52J22_125_102           59.5980      0.0      59.5980      0.0000  0.0000  Eval_1_0_DP_OP_52J22_125_102_J22_0_14
evalB_1/DP_OP_53J22_126_6763          79.3800      0.0      79.3800      0.0000  0.0000  Eval_1_0_DP_OP_53J22_126_6763_J22_0_14
evalB_1/DP_OP_54J22_127_2528          81.6480      0.0      81.6480      0.0000  0.0000  Eval_1_0_DP_OP_54J22_127_2528_J22_0_14
evalB_10                             241.6680      0.0      13.9860      0.0000  0.0000  Eval_1_5
evalB_10/DP_OP_52J22_125_102          60.2280      0.0      60.2280      0.0000  0.0000  Eval_1_0_DP_OP_52J22_125_102_J22_0_5
evalB_10/DP_OP_53J22_126_6763         83.0340      0.0      83.0340      0.0000  0.0000  Eval_1_0_DP_OP_53J22_126_6763_J22_0_5
evalB_10/DP_OP_54J22_127_2528         84.4200      0.0      84.4200      0.0000  0.0000  Eval_1_0_DP_OP_54J22_127_2528_J22_0_5
evalB_11                             238.1400      0.0      13.7340      0.0000  0.0000  Eval_1_4
evalB_11/DP_OP_52J22_125_102          58.0860      0.0      58.0860      0.0000  0.0000  Eval_1_0_DP_OP_52J22_125_102_J22_0_4
evalB_11/DP_OP_53J22_126_6763         78.3720      0.0      78.3720      0.0000  0.0000  Eval_1_0_DP_OP_53J22_126_6763_J22_0_4
evalB_11/DP_OP_54J22_127_2528         87.9480      0.0      87.9480      0.0000  0.0000  Eval_1_0_DP_OP_54J22_127_2528_J22_0_4
evalB_12                             228.6900      0.0      12.9780      0.0000  0.0000  Eval_1_3
evalB_12/DP_OP_52J22_125_102          59.4720      0.0      59.4720      0.0000  0.0000  Eval_1_0_DP_OP_52J22_125_102_J22_0_3
evalB_12/DP_OP_53J22_126_6763         75.6000      0.0      75.6000      0.0000  0.0000  Eval_1_0_DP_OP_53J22_126_6763_J22_0_3
evalB_12/DP_OP_54J22_127_2528         80.6400      0.0      80.6400      0.0000  0.0000  Eval_1_0_DP_OP_54J22_127_2528_J22_0_3
evalB_13                             235.4940      0.0      13.9860      0.0000  0.0000  Eval_1_2
evalB_13/DP_OP_52J22_125_102          59.4720      0.0      59.4720      0.0000  0.0000  Eval_1_0_DP_OP_52J22_125_102_J22_0_2
evalB_13/DP_OP_53J22_126_6763         75.2220      0.0      75.2220      0.0000  0.0000  Eval_1_0_DP_OP_53J22_126_6763_J22_0_2
evalB_13/DP_OP_54J22_127_2528         86.8140      0.0      86.8140      0.0000  0.0000  Eval_1_0_DP_OP_54J22_127_2528_J22_0_2
evalB_14                             238.0140      0.0      13.4820      0.0000  0.0000  Eval_1_1
evalB_14/DP_OP_52J22_125_102          59.2200      0.0      59.2200      0.0000  0.0000  Eval_1_0_DP_OP_52J22_125_102_J22_0_1
evalB_14/DP_OP_53J22_126_6763         76.6080      0.0      76.6080      0.0000  0.0000  Eval_1_0_DP_OP_53J22_126_6763_J22_0_1
evalB_14/DP_OP_54J22_127_2528         88.7040      0.0      88.7040      0.0000  0.0000  Eval_1_0_DP_OP_54J22_127_2528_J22_0_1
evalB_15                             239.5260      0.0      15.2460      0.0000  0.0000  Eval_1_0
evalB_15/DP_OP_52J22_125_102          59.2200      0.0      59.2200      0.0000  0.0000  Eval_1_0_DP_OP_52J22_125_102_J22_0_0
evalB_15/DP_OP_53J22_126_6763         81.7740      0.0      81.7740      0.0000  0.0000  Eval_1_0_DP_OP_53J22_126_6763_J22_0_0
evalB_15/DP_OP_54J22_127_2528         83.2860      0.0      83.2860      0.0000  0.0000  Eval_1_0_DP_OP_54J22_127_2528_J22_0_0
evalB_2                              234.8640      0.0      13.4820      0.0000  0.0000  Eval_1_13
evalB_2/DP_OP_52J22_125_102           57.8340      0.0      57.8340      0.0000  0.0000  Eval_1_0_DP_OP_52J22_125_102_J22_0_13
evalB_2/DP_OP_53J22_126_6763          82.6560      0.0      82.6560      0.0000  0.0000  Eval_1_0_DP_OP_53J22_126_6763_J22_0_13
evalB_2/DP_OP_54J22_127_2528          80.8920      0.0      80.8920      0.0000  0.0000  Eval_1_0_DP_OP_54J22_127_2528_J22_0_13
evalB_3                              230.0760      0.0      12.9780      0.0000  0.0000  Eval_1_12
evalB_3/DP_OP_52J22_125_102           57.8340      0.0      57.8340      0.0000  0.0000  Eval_1_0_DP_OP_52J22_125_102_J22_0_12
evalB_3/DP_OP_53J22_126_6763          76.9860      0.0      76.9860      0.0000  0.0000  Eval_1_0_DP_OP_53J22_126_6763_J22_0_12
evalB_3/DP_OP_54J22_127_2528          82.2780      0.0      82.2780      0.0000  0.0000  Eval_1_0_DP_OP_54J22_127_2528_J22_0_12
evalB_4                              233.6040      0.0      12.8520      0.0000  0.0000  Eval_1_11
evalB_4/DP_OP_52J22_125_102           59.2200      0.0      59.2200      0.0000  0.0000  Eval_1_0_DP_OP_52J22_125_102_J22_0_11
evalB_4/DP_OP_53J22_126_6763          78.1200      0.0      78.1200      0.0000  0.0000  Eval_1_0_DP_OP_53J22_126_6763_J22_0_11
evalB_4/DP_OP_54J22_127_2528          83.4120      0.0      83.4120      0.0000  0.0000  Eval_1_0_DP_OP_54J22_127_2528_J22_0_11
evalB_5                              230.8320      0.0      13.4820      0.0000  0.0000  Eval_1_10
evalB_5/DP_OP_52J22_125_102           58.9680      0.0      58.9680      0.0000  0.0000  Eval_1_0_DP_OP_52J22_125_102_J22_0_10
evalB_5/DP_OP_53J22_126_6763          76.3560      0.0      76.3560      0.0000  0.0000  Eval_1_0_DP_OP_53J22_126_6763_J22_0_10
evalB_5/DP_OP_54J22_127_2528          82.0260      0.0      82.0260      0.0000  0.0000  Eval_1_0_DP_OP_54J22_127_2528_J22_0_10
evalB_6                              242.2980      0.0      14.1120      0.0000  0.0000  Eval_1_9
evalB_6/DP_OP_52J22_125_102           59.0940      0.0      59.0940      0.0000  0.0000  Eval_1_0_DP_OP_52J22_125_102_J22_0_9
evalB_6/DP_OP_53J22_126_6763          81.0180      0.0      81.0180      0.0000  0.0000  Eval_1_0_DP_OP_53J22_126_6763_J22_0_9
evalB_6/DP_OP_54J22_127_2528          88.0740      0.0      88.0740      0.0000  0.0000  Eval_1_0_DP_OP_54J22_127_2528_J22_0_9
evalB_7                              232.0920      0.0      13.7340      0.0000  0.0000  Eval_1_8
evalB_7/DP_OP_52J22_125_102           57.2040      0.0      57.2040      0.0000  0.0000  Eval_1_0_DP_OP_52J22_125_102_J22_0_8
evalB_7/DP_OP_53J22_126_6763          75.9780      0.0      75.9780      0.0000  0.0000  Eval_1_0_DP_OP_53J22_126_6763_J22_0_8
evalB_7/DP_OP_54J22_127_2528          85.1760      0.0      85.1760      0.0000  0.0000  Eval_1_0_DP_OP_54J22_127_2528_J22_0_8
evalB_8                              231.4620      0.0      12.2220      0.0000  0.0000  Eval_1_7
evalB_8/DP_OP_52J22_125_102           60.7320      0.0      60.7320      0.0000  0.0000  Eval_1_0_DP_OP_52J22_125_102_J22_0_7
evalB_8/DP_OP_53J22_126_6763          77.2380      0.0      77.2380      0.0000  0.0000  Eval_1_0_DP_OP_53J22_126_6763_J22_0_7
evalB_8/DP_OP_54J22_127_2528          81.2700      0.0      81.2700      0.0000  0.0000  Eval_1_0_DP_OP_54J22_127_2528_J22_0_7
evalB_9                              233.9820      0.0      13.4820      0.0000  0.0000  Eval_1_6
evalB_9/DP_OP_52J22_125_102           58.9680      0.0      58.9680      0.0000  0.0000  Eval_1_0_DP_OP_52J22_125_102_J22_0_6
evalB_9/DP_OP_53J22_126_6763          77.9940      0.0      77.9940      0.0000  0.0000  Eval_1_0_DP_OP_53J22_126_6763_J22_0_6
evalB_9/DP_OP_54J22_127_2528          83.5380      0.0      83.5380      0.0000  0.0000  Eval_1_0_DP_OP_54J22_127_2528_J22_0_6
interp                             38662.8475      5.1       0.7560   4130.7841  0.0000  Interpolation_56
interp/interp                      34531.3074      4.6       0.2520      0.0000  0.0000  InterpolationComb_56
interp/interp/DP_OP_1681J3_122_8765  34531.0554     4.6  34531.0554      0.0000  0.0000  InterpolationComb_56_DP_OP_1681J3_122_8765_J3_0
--------------------------------  -----------  -------  -----------  ----------  ------  ---------------------------------------------------
Total                                                   680311.6633  77707.2252  0.0000

1
